model_key,representation,L,seed,method,comparator,score_difference,answer_rate_difference
deepseekv32maas,processed,0.0,20260913,isotonic_direct,original,0.0,0.0
deepseekv32maas,processed,0.0,20260913,isotonic_direct,penalty_prompt,0.020915395284327315,-0.005316689782709272
deepseekv32maas,processed,0.0,20260913,isotonic_direct,always_abstain,0.183541377716135,0.9824318076745261
deepseekv32maas,processed,0.0,20260913,beta,original,0.0,0.0
deepseekv32maas,processed,0.0,20260913,beta,penalty_prompt,0.020915395284327315,-0.005316689782709272
deepseekv32maas,processed,0.0,20260913,beta,always_abstain,0.183541377716135,0.9824318076745261
deepseekv32maas,processed,0.0,20260914,isotonic_direct,original,0.0,0.0
deepseekv32maas,processed,0.0,20260914,isotonic_direct,penalty_prompt,0.020379103097549672,-0.002357836338418795
deepseekv32maas,processed,0.0,20260914,isotonic_direct,always_abstain,0.1821544151641239,0.9833564493758669
deepseekv32maas,processed,0.0,20260914,beta,original,0.0,0.0
deepseekv32maas,processed,0.0,20260914,beta,penalty_prompt,0.020379103097549672,-0.002357836338418795
deepseekv32maas,processed,0.0,20260914,beta,always_abstain,0.1821544151641239,0.9833564493758669
deepseekv32maas,processed,0.0,20260915,isotonic_direct,original,0.0,0.0
deepseekv32maas,processed,0.0,20260915,isotonic_direct,penalty_prompt,0.027489597780859937,-0.0054553860379104036
deepseekv32maas,processed,0.0,20260915,isotonic_direct,always_abstain,0.1927877947295423,0.9805825242718447
deepseekv32maas,processed,0.0,20260915,beta,original,0.0,0.0
deepseekv32maas,processed,0.0,20260915,beta,penalty_prompt,0.027489597780859937,-0.0054553860379104036
deepseekv32maas,processed,0.0,20260915,beta,always_abstain,0.1927877947295423,0.9805825242718447
deepseekv32maas,processed,0.0,20260916,isotonic_direct,original,0.0,0.0
deepseekv32maas,processed,0.0,20260916,isotonic_direct,penalty_prompt,0.03153028201571892,-0.0010448451225151256
deepseekv32maas,processed,0.0,20260916,isotonic_direct,always_abstain,0.20434581599630144,0.986130374479889
deepseekv32maas,processed,0.0,20260916,beta,original,0.0,0.0
deepseekv32maas,processed,0.0,20260916,beta,penalty_prompt,0.03153028201571892,-0.0010448451225151256
deepseekv32maas,processed,0.0,20260916,beta,always_abstain,0.20434581599630144,0.986130374479889
deepseekv32maas,processed,0.0,20260917,isotonic_direct,original,0.0,0.0
deepseekv32maas,processed,0.0,20260917,isotonic_direct,penalty_prompt,0.02391123439667131,-9.246417013419883e-05
deepseekv32maas,processed,0.0,20260917,isotonic_direct,always_abstain,0.19232547387887194,0.9842810910772076
deepseekv32maas,processed,0.0,20260917,beta,original,0.0,0.0
deepseekv32maas,processed,0.0,20260917,beta,penalty_prompt,0.02391123439667131,-9.246417013419883e-05
deepseekv32maas,processed,0.0,20260917,beta,always_abstain,0.19232547387887194,0.9842810910772076
deepseekv32maas,processed,0.0,20260918,isotonic_direct,original,0.0,0.0
deepseekv32maas,processed,0.0,20260918,isotonic_direct,penalty_prompt,0.025372168284789637,-0.004299583911234306
deepseekv32maas,processed,0.0,20260918,isotonic_direct,always_abstain,0.18723994452149792,0.9819694868238558
deepseekv32maas,processed,0.0,20260918,beta,original,0.0,0.0
deepseekv32maas,processed,0.0,20260918,beta,penalty_prompt,0.025372168284789637,-0.004299583911234306
deepseekv32maas,processed,0.0,20260918,beta,always_abstain,0.18723994452149792,0.9819694868238558
deepseekv32maas,processed,0.0,20260919,isotonic_direct,original,0.0,0.0
deepseekv32maas,processed,0.0,20260919,isotonic_direct,penalty_prompt,0.028395746648173847,-0.004086916319926082
deepseekv32maas,processed,0.0,20260919,isotonic_direct,always_abstain,0.18816458622283866,0.9815071659731854
deepseekv32maas,processed,0.0,20260919,beta,original,0.0,0.0
deepseekv32maas,processed,0.0,20260919,beta,penalty_prompt,0.028395746648173847,-0.004086916319926082
deepseekv32maas,processed,0.0,20260919,beta,always_abstain,0.18816458622283866,0.9815071659731854
deepseekv32maas,processed,0.0,20260920,isotonic_direct,original,0.0,0.0
deepseekv32maas,processed,0.0,20260920,isotonic_direct,penalty_prompt,0.018446601941747576,-0.002866389274156167
deepseekv32maas,processed,0.0,20260920,isotonic_direct,always_abstain,0.18307905686546463,0.9828941285251965
deepseekv32maas,processed,0.0,20260920,beta,original,0.0,0.0
deepseekv32maas,processed,0.0,20260920,beta,penalty_prompt,0.018446601941747576,-0.002866389274156167
deepseekv32maas,processed,0.0,20260920,beta,always_abstain,0.18307905686546463,0.9828941285251965
deepseekv32maas,processed,0.0,20260921,isotonic_direct,original,0.0,0.0
deepseekv32maas,processed,0.0,20260921,isotonic_direct,penalty_prompt,0.019972260748959803,-0.004123901987979739
deepseekv32maas,processed,0.0,20260921,isotonic_direct,always_abstain,0.18723994452149792,0.9838187702265372
deepseekv32maas,processed,0.0,20260921,beta,original,0.0,0.0
deepseekv32maas,processed,0.0,20260921,beta,penalty_prompt,0.019972260748959803,-0.004123901987979739
deepseekv32maas,processed,0.0,20260921,beta,always_abstain,0.18723994452149792,0.9838187702265372
deepseekv32maas,processed,0.0,20260922,isotonic_direct,original,0.0,0.0
deepseekv32maas,processed,0.0,20260922,isotonic_direct,penalty_prompt,0.027489597780859937,-0.0002404068423486061
deepseekv32maas,processed,0.0,20260922,isotonic_direct,always_abstain,0.18862690707350901,0.9852057327785483
deepseekv32maas,processed,0.0,20260922,beta,original,0.0,0.0
deepseekv32maas,processed,0.0,20260922,beta,penalty_prompt,0.027489597780859937,-0.0002404068423486061
deepseekv32maas,processed,0.0,20260922,beta,always_abstain,0.18862690707350901,0.9852057327785483
deepseekv32maas,processed,0.0,20260923,isotonic_direct,original,0.0,0.0
deepseekv32maas,processed,0.0,20260923,isotonic_direct,penalty_prompt,0.025751271382339347,-0.0020989366620434158
deepseekv32maas,processed,0.0,20260923,isotonic_direct,always_abstain,0.18631530282015718,0.984743411927878
deepseekv32maas,processed,0.0,20260923,beta,original,0.0,0.0
deepseekv32maas,processed,0.0,20260923,beta,penalty_prompt,0.025751271382339347,-0.0020989366620434158
deepseekv32maas,processed,0.0,20260923,beta,always_abstain,0.18631530282015718,0.984743411927878
deepseekv32maas,processed,0.0,20260924,isotonic_direct,original,0.0,0.0
deepseekv32maas,processed,0.0,20260924,isotonic_direct,penalty_prompt,0.02692556634304205,0.0022376329172446585
deepseekv32maas,processed,0.0,20260924,isotonic_direct,always_abstain,0.19047619047619047,0.986130374479889
deepseekv32maas,processed,0.0,20260924,beta,original,0.0,0.0
deepseekv32maas,processed,0.0,20260924,beta,penalty_prompt,0.02692556634304205,0.0022376329172446585
deepseekv32maas,processed,0.0,20260924,beta,always_abstain,0.19047619047619047,0.986130374479889
deepseekv32maas,processed,0.0,20260925,isotonic_direct,original,0.0,0.0
deepseekv32maas,processed,0.0,20260925,isotonic_direct,penalty_prompt,0.022542764678687016,-0.001386962552011095
deepseekv32maas,processed,0.0,20260925,isotonic_direct,always_abstain,0.1900138696255201,0.9828941285251965
deepseekv32maas,processed,0.0,20260925,beta,original,0.0,0.0
deepseekv32maas,processed,0.0,20260925,beta,penalty_prompt,0.022542764678687016,-0.001386962552011095
deepseekv32maas,processed,0.0,20260925,beta,always_abstain,0.1900138696255201,0.9828941285251965
deepseekv32maas,processed,0.0,20260926,isotonic_direct,original,0.0,0.0
deepseekv32maas,processed,0.0,20260926,isotonic_direct,penalty_prompt,0.02466019417475726,-0.00669440591770698
deepseekv32maas,processed,0.0,20260926,isotonic_direct,always_abstain,0.18307905686546463,0.9796578825705039
deepseekv32maas,processed,0.0,20260926,beta,original,0.0,0.0
deepseekv32maas,processed,0.0,20260926,beta,penalty_prompt,0.02466019417475726,-0.00669440591770698
deepseekv32maas,processed,0.0,20260926,beta,always_abstain,0.18307905686546463,0.9796578825705039
deepseekv32maas,processed,0.0,20260927,isotonic_direct,original,0.0,0.0
deepseekv32maas,processed,0.0,20260927,isotonic_direct,penalty_prompt,0.023744798890429963,-0.0031900138696255853
deepseekv32maas,processed,0.0,20260927,isotonic_direct,always_abstain,0.18631530282015718,0.9833564493758669
deepseekv32maas,processed,0.0,20260927,beta,original,0.0,0.0
deepseekv32maas,processed,0.0,20260927,beta,penalty_prompt,0.023744798890429963,-0.0031900138696255853
deepseekv32maas,processed,0.0,20260927,beta,always_abstain,0.18631530282015718,0.9833564493758669
deepseekv32maas,processed,0.0,20260928,isotonic_direct,original,0.0,0.0
deepseekv32maas,processed,0.0,20260928,isotonic_direct,penalty_prompt,0.02554785020804437,-0.0026722145168746048
deepseekv32maas,processed,0.0,20260928,isotonic_direct,always_abstain,0.18862690707350901,0.9824318076745261
deepseekv32maas,processed,0.0,20260928,beta,original,0.0,0.0
deepseekv32maas,processed,0.0,20260928,beta,penalty_prompt,0.02554785020804437,-0.0026722145168746048
deepseekv32maas,processed,0.0,20260928,beta,always_abstain,0.18862690707350901,0.9824318076745261
deepseekv32maas,processed,0.0,20260929,isotonic_direct,original,0.0,0.0
deepseekv32maas,processed,0.0,20260929,isotonic_direct,penalty_prompt,0.024761904761904735,-0.0005547850208043048
deepseekv32maas,processed,0.0,20260929,isotonic_direct,always_abstain,0.18908922792417937,0.9856680536292187
deepseekv32maas,processed,0.0,20260929,beta,original,0.0,0.0
deepseekv32maas,processed,0.0,20260929,beta,penalty_prompt,0.024761904761904735,-0.0005547850208043048
deepseekv32maas,processed,0.0,20260929,beta,always_abstain,0.18908922792417937,0.9856680536292187
deepseekv32maas,processed,0.0,20260930,isotonic_direct,original,0.0,0.0
deepseekv32maas,processed,0.0,20260930,isotonic_direct,penalty_prompt,0.019611650485436866,-0.0024965325936198157
deepseekv32maas,processed,0.0,20260930,isotonic_direct,always_abstain,0.18307905686546463,0.9819694868238558
deepseekv32maas,processed,0.0,20260930,beta,original,0.0,0.0
deepseekv32maas,processed,0.0,20260930,beta,penalty_prompt,0.019611650485436866,-0.0024965325936198157
deepseekv32maas,processed,0.0,20260930,beta,always_abstain,0.18307905686546463,0.9819694868238558
deepseekv32maas,processed,0.0,20260931,isotonic_direct,original,0.0,0.0
deepseekv32maas,processed,0.0,20260931,isotonic_direct,penalty_prompt,0.016597318539066097,-0.001322237632917278
deepseekv32maas,processed,0.0,20260931,isotonic_direct,always_abstain,0.18723994452149792,0.984743411927878
deepseekv32maas,processed,0.0,20260931,beta,original,0.0,0.0
deepseekv32maas,processed,0.0,20260931,beta,penalty_prompt,0.016597318539066097,-0.001322237632917278
deepseekv32maas,processed,0.0,20260931,beta,always_abstain,0.18723994452149792,0.984743411927878
deepseekv32maas,processed,0.0,20260932,isotonic_direct,original,0.0,0.0
deepseekv32maas,processed,0.0,20260932,isotonic_direct,penalty_prompt,0.024234858992140534,-0.003153028201571706
deepseekv32maas,processed,0.0,20260932,isotonic_direct,always_abstain,0.18492834026814609,0.9828941285251965
deepseekv32maas,processed,0.0,20260932,beta,original,0.0,0.0
deepseekv32maas,processed,0.0,20260932,beta,penalty_prompt,0.024234858992140534,-0.003153028201571706
deepseekv32maas,processed,0.0,20260932,beta,always_abstain,0.18492834026814609,0.9828941285251965
deepseekv32maas,processed,0.0,20260933,isotonic_direct,original,0.0,0.0
deepseekv32maas,processed,0.0,20260933,isotonic_direct,penalty_prompt,0.016504854368932037,-0.0031252889505317683
deepseekv32maas,processed,0.0,20260933,isotonic_direct,always_abstain,0.1798428109107721,0.9833564493758669
deepseekv32maas,processed,0.0,20260933,beta,original,0.0,0.0
deepseekv32maas,processed,0.0,20260933,beta,penalty_prompt,0.016504854368932037,-0.0031252889505317683
deepseekv32maas,processed,0.0,20260933,beta,always_abstain,0.1798428109107721,0.9833564493758669
deepseekv32maas,processed,0.0,20260934,isotonic_direct,original,0.0,0.0
deepseekv32maas,processed,0.0,20260934,isotonic_direct,penalty_prompt,0.0208691631992603,-0.0029033749422100463
deepseekv32maas,processed,0.0,20260934,isotonic_direct,always_abstain,0.18677762367082756,0.9838187702265372
deepseekv32maas,processed,0.0,20260934,beta,original,0.0,0.0
deepseekv32maas,processed,0.0,20260934,beta,penalty_prompt,0.0208691631992603,-0.0029033749422100463
deepseekv32maas,processed,0.0,20260934,beta,always_abstain,0.18677762367082756,0.9838187702265372
deepseekv32maas,processed,0.0,20260935,isotonic_direct,original,0.0,0.0
deepseekv32maas,processed,0.0,20260935,isotonic_direct,penalty_prompt,0.029440591770688862,-0.0011742949607026487
deepseekv32maas,processed,0.0,20260935,isotonic_direct,always_abstain,0.20711974110032363,0.9842810910772076
deepseekv32maas,processed,0.0,20260935,beta,original,0.0,0.0
deepseekv32maas,processed,0.0,20260935,beta,penalty_prompt,0.029440591770688862,-0.0011742949607026487
deepseekv32maas,processed,0.0,20260935,beta,always_abstain,0.20711974110032363,0.9842810910772076
deepseekv32maas,processed,0.0,20260936,isotonic_direct,original,0.0,0.0
deepseekv32maas,processed,0.0,20260936,isotonic_direct,penalty_prompt,0.023966712898751713,-0.007332408691631875
deepseekv32maas,processed,0.0,20260936,isotonic_direct,always_abstain,0.18492834026814609,0.9782709200184928
deepseekv32maas,processed,0.0,20260936,beta,original,0.0,0.0
deepseekv32maas,processed,0.0,20260936,beta,penalty_prompt,0.023966712898751713,-0.007332408691631875
deepseekv32maas,processed,0.0,20260936,beta,always_abstain,0.18492834026814609,0.9782709200184928
deepseekv32maas,processed,0.0,20260937,isotonic_direct,original,0.0,0.0
deepseekv32maas,processed,0.0,20260937,isotonic_direct,penalty_prompt,0.021803051317614397,-0.004003698566805269
deepseekv32maas,processed,0.0,20260937,isotonic_direct,always_abstain,0.19325011558021266,0.9828941285251965
deepseekv32maas,processed,0.0,20260937,beta,original,0.0,0.0
deepseekv32maas,processed,0.0,20260937,beta,penalty_prompt,0.021803051317614397,-0.004003698566805269
deepseekv32maas,processed,0.0,20260937,beta,always_abstain,0.19325011558021266,0.9828941285251965
deepseekv32maas,processed,0.0,20260938,isotonic_direct,original,0.0,0.0
deepseekv32maas,processed,0.0,20260938,isotonic_direct,penalty_prompt,0.019879796578825715,-0.0004160887656032841
deepseekv32maas,processed,0.0,20260938,isotonic_direct,always_abstain,0.18400369856680537,0.9856680536292187
deepseekv32maas,processed,0.0,20260938,beta,original,0.0,0.0
deepseekv32maas,processed,0.0,20260938,beta,penalty_prompt,0.019879796578825715,-0.0004160887656032841
deepseekv32maas,processed,0.0,20260938,beta,always_abstain,0.18400369856680537,0.9856680536292187
deepseekv32maas,processed,0.0,20260939,isotonic_direct,original,0.0,0.0
deepseekv32maas,processed,0.0,20260939,isotonic_direct,penalty_prompt,0.015931576514100793,-0.0010171058714747439
deepseekv32maas,processed,0.0,20260939,isotonic_direct,always_abstain,0.18169209431345354,0.9833564493758669
deepseekv32maas,processed,0.0,20260939,beta,original,0.0,0.0
deepseekv32maas,processed,0.0,20260939,beta,penalty_prompt,0.015931576514100793,-0.0010171058714747439
deepseekv32maas,processed,0.0,20260939,beta,always_abstain,0.18169209431345354,0.9833564493758669
deepseekv32maas,processed,0.0,20260940,isotonic_direct,original,0.0,0.0
deepseekv32maas,processed,0.0,20260940,isotonic_direct,penalty_prompt,0.0245677300046232,-0.0032917244567729487
deepseekv32maas,processed,0.0,20260940,isotonic_direct,always_abstain,0.19463707813222375,0.9819694868238558
deepseekv32maas,processed,0.0,20260940,beta,original,0.0,0.0
deepseekv32maas,processed,0.0,20260940,beta,penalty_prompt,0.0245677300046232,-0.0032917244567729487
deepseekv32maas,processed,0.0,20260940,beta,always_abstain,0.19463707813222375,0.9819694868238558
deepseekv32maas,processed,0.0,20260941,isotonic_direct,original,0.0,0.0
deepseekv32maas,processed,0.0,20260941,isotonic_direct,penalty_prompt,0.029542302357836336,-0.0031807674526121987
deepseekv32maas,processed,0.0,20260941,isotonic_direct,always_abstain,0.2020342117429496,0.9833564493758669
deepseekv32maas,processed,0.0,20260941,beta,original,0.0,0.0
deepseekv32maas,processed,0.0,20260941,beta,penalty_prompt,0.029542302357836336,-0.0031807674526121987
deepseekv32maas,processed,0.0,20260941,beta,always_abstain,0.2020342117429496,0.9833564493758669
deepseekv32maas,processed,0.0,20260942,isotonic_direct,original,0.0,0.0
deepseekv32maas,processed,0.0,20260942,isotonic_direct,penalty_prompt,0.019648636153490523,-0.001368469717984211
deepseekv32maas,processed,0.0,20260942,isotonic_direct,always_abstain,0.18677762367082756,0.9842810910772076
deepseekv32maas,processed,0.0,20260942,beta,original,0.0,0.0
deepseekv32maas,processed,0.0,20260942,beta,penalty_prompt,0.019648636153490523,-0.001368469717984211
deepseekv32maas,processed,0.0,20260942,beta,always_abstain,0.18677762367082756,0.9842810910772076
deepseekv32maas,processed,0.0,20260943,isotonic_direct,original,0.0,0.0
deepseekv32maas,processed,0.0,20260943,isotonic_direct,penalty_prompt,0.022588996763754032,0.0005455386037911403
deepseekv32maas,processed,0.0,20260943,isotonic_direct,always_abstain,0.18770226537216828,0.9852057327785483
deepseekv32maas,processed,0.0,20260943,beta,original,0.0,0.0
deepseekv32maas,processed,0.0,20260943,beta,penalty_prompt,0.022588996763754032,0.0005455386037911403
deepseekv32maas,processed,0.0,20260943,beta,always_abstain,0.18770226537216828,0.9852057327785483
deepseekv32maas,processed,0.0,20260944,isotonic_direct,original,0.0,0.0
deepseekv32maas,processed,0.0,20260944,isotonic_direct,penalty_prompt,0.01793804900601015,-0.00026814609338898787
deepseekv32maas,processed,0.0,20260944,isotonic_direct,always_abstain,0.18307905686546463,0.9879796578825705
deepseekv32maas,processed,0.0,20260944,beta,original,0.0,0.0
deepseekv32maas,processed,0.0,20260944,beta,penalty_prompt,0.01793804900601015,-0.00026814609338898787
deepseekv32maas,processed,0.0,20260944,beta,always_abstain,0.18307905686546463,0.9879796578825705
deepseekv32maas,processed,0.0,20260945,isotonic_direct,original,0.0,0.0
deepseekv32maas,processed,0.0,20260945,isotonic_direct,penalty_prompt,0.024392048081368467,-0.0057420249653259425
deepseekv32maas,processed,0.0,20260945,isotonic_direct,always_abstain,0.18539066111881647,0.9796578825705039
deepseekv32maas,processed,0.0,20260945,beta,original,0.0,0.0
deepseekv32maas,processed,0.0,20260945,beta,penalty_prompt,0.024392048081368467,-0.0057420249653259425
deepseekv32maas,processed,0.0,20260945,beta,always_abstain,0.18539066111881647,0.9796578825705039
deepseekv32maas,processed,0.0,20260946,isotonic_direct,original,0.0,0.0
deepseekv32maas,processed,0.0,20260946,isotonic_direct,penalty_prompt,0.021590383726306034,0.0011280628756354938
deepseekv32maas,processed,0.0,20260946,isotonic_direct,always_abstain,0.19047619047619047,0.9870550161812298
deepseekv32maas,processed,0.0,20260946,beta,original,0.0,0.0
deepseekv32maas,processed,0.0,20260946,beta,penalty_prompt,0.021590383726306034,0.0011280628756354938
deepseekv32maas,processed,0.0,20260946,beta,always_abstain,0.19047619047619047,0.9870550161812298
deepseekv32maas,processed,0.0,20260947,isotonic_direct,original,0.0,0.0
deepseekv32maas,processed,0.0,20260947,isotonic_direct,penalty_prompt,0.019084604715672665,-0.0005177993527507585
deepseekv32maas,processed,0.0,20260947,isotonic_direct,always_abstain,0.18030513176144244,0.9842810910772076
deepseekv32maas,processed,0.0,20260947,beta,original,0.0,0.0
deepseekv32maas,processed,0.0,20260947,beta,penalty_prompt,0.019084604715672665,-0.0005177993527507585
deepseekv32maas,processed,0.0,20260947,beta,always_abstain,0.18030513176144244,0.9842810910772076
deepseekv32maas,processed,0.0,20260948,isotonic_direct,original,0.0,0.0
deepseekv32maas,processed,0.0,20260948,isotonic_direct,penalty_prompt,0.025973185390661097,-0.002311604253351862
deepseekv32maas,processed,0.0,20260948,isotonic_direct,always_abstain,0.19509939898289413,0.9838187702265372
deepseekv32maas,processed,0.0,20260948,beta,original,0.0,0.0
deepseekv32maas,processed,0.0,20260948,beta,penalty_prompt,0.025973185390661097,-0.002311604253351862
deepseekv32maas,processed,0.0,20260948,beta,always_abstain,0.19509939898289413,0.9838187702265372
deepseekv32maas,processed,0.0,20260949,isotonic_direct,original,0.0,0.0
deepseekv32maas,processed,0.0,20260949,isotonic_direct,penalty_prompt,0.013481276005547826,-0.005372168284789591
deepseekv32maas,processed,0.0,20260949,isotonic_direct,always_abstain,0.16967175219602404,0.9796578825705039
deepseekv32maas,processed,0.0,20260949,beta,original,0.0,0.0
deepseekv32maas,processed,0.0,20260949,beta,penalty_prompt,0.013481276005547826,-0.005372168284789591
deepseekv32maas,processed,0.0,20260949,beta,always_abstain,0.16967175219602404,0.9796578825705039
deepseekv32maas,processed,0.0,20260950,isotonic_direct,original,0.0,0.0
deepseekv32maas,processed,0.0,20260950,isotonic_direct,penalty_prompt,0.028423485899214035,-0.006518723994452302
deepseekv32maas,processed,0.0,20260950,isotonic_direct,always_abstain,0.19509939898289413,0.9796578825705039
deepseekv32maas,processed,0.0,20260950,beta,original,0.0,0.0
deepseekv32maas,processed,0.0,20260950,beta,penalty_prompt,0.028423485899214035,-0.006518723994452302
deepseekv32maas,processed,0.0,20260950,beta,always_abstain,0.19509939898289413,0.9796578825705039
deepseekv32maas,processed,0.0,20260951,isotonic_direct,original,0.0,0.0
deepseekv32maas,processed,0.0,20260951,isotonic_direct,penalty_prompt,0.02358760980120203,-0.0012205270457699147
deepseekv32maas,processed,0.0,20260951,isotonic_direct,always_abstain,0.19879796578825706,0.9833564493758669
deepseekv32maas,processed,0.0,20260951,beta,original,0.0,0.0
deepseekv32maas,processed,0.0,20260951,beta,penalty_prompt,0.02358760980120203,-0.0012205270457699147
deepseekv32maas,processed,0.0,20260951,beta,always_abstain,0.19879796578825706,0.9833564493758669
deepseekv32maas,processed,0.0,20260952,isotonic_direct,original,0.0,0.0
deepseekv32maas,processed,0.0,20260952,isotonic_direct,penalty_prompt,0.01860379103097551,0.0008784096162737232
deepseekv32maas,processed,0.0,20260952,isotonic_direct,always_abstain,0.18723994452149792,0.986130374479889
deepseekv32maas,processed,0.0,20260952,beta,original,0.0,0.0
deepseekv32maas,processed,0.0,20260952,beta,penalty_prompt,0.01860379103097551,0.0008784096162737232
deepseekv32maas,processed,0.0,20260952,beta,always_abstain,0.18723994452149792,0.986130374479889
deepseekv32maas,processed,0.0,20260953,isotonic_direct,original,0.0,0.0
deepseekv32maas,processed,0.0,20260953,isotonic_direct,penalty_prompt,0.016652797041146555,-0.0017383263985206732
deepseekv32maas,processed,0.0,20260953,isotonic_direct,always_abstain,0.18261673601479428,0.9838187702265372
deepseekv32maas,processed,0.0,20260953,beta,original,0.0,0.0
deepseekv32maas,processed,0.0,20260953,beta,penalty_prompt,0.016652797041146555,-0.0017383263985206732
deepseekv32maas,processed,0.0,20260953,beta,always_abstain,0.18261673601479428,0.9838187702265372
deepseekv32maas,processed,0.0,20260954,isotonic_direct,original,0.0,0.0
deepseekv32maas,processed,0.0,20260954,isotonic_direct,penalty_prompt,0.020896902450300514,-0.0011742949607027597
deepseekv32maas,processed,0.0,20260954,isotonic_direct,always_abstain,0.18446601941747573,0.9838187702265372
deepseekv32maas,processed,0.0,20260954,beta,original,0.0,0.0
deepseekv32maas,processed,0.0,20260954,beta,penalty_prompt,0.020896902450300514,-0.0011742949607027597
deepseekv32maas,processed,0.0,20260954,beta,always_abstain,0.18446601941747573,0.9838187702265372
deepseekv32maas,processed,0.0,20260955,isotonic_direct,original,0.0,0.0
deepseekv32maas,processed,0.0,20260955,isotonic_direct,penalty_prompt,0.02250577901063336,-0.0017938049006009926
deepseekv32maas,processed,0.0,20260955,isotonic_direct,always_abstain,0.18585298196948682,0.9828941285251965
deepseekv32maas,processed,0.0,20260955,beta,original,0.0,0.0
deepseekv32maas,processed,0.0,20260955,beta,penalty_prompt,0.02250577901063336,-0.0017938049006009926
deepseekv32maas,processed,0.0,20260955,beta,always_abstain,0.18585298196948682,0.9828941285251965
deepseekv32maas,processed,0.0,20260956,isotonic_direct,original,0.0,0.0
deepseekv32maas,processed,0.0,20260956,isotonic_direct,penalty_prompt,0.028210818307905672,-0.003680073971336184
deepseekv32maas,processed,0.0,20260956,isotonic_direct,always_abstain,0.19509939898289413,0.981044845122515
deepseekv32maas,processed,0.0,20260956,beta,original,0.0,0.0
deepseekv32maas,processed,0.0,20260956,beta,penalty_prompt,0.028210818307905672,-0.003680073971336184
deepseekv32maas,processed,0.0,20260956,beta,always_abstain,0.19509939898289413,0.981044845122515
deepseekv32maas,processed,0.0,20260957,isotonic_direct,original,0.0,0.0
deepseekv32maas,processed,0.0,20260957,isotonic_direct,penalty_prompt,0.02741562644475265,0.0009616273693944244
deepseekv32maas,processed,0.0,20260957,isotonic_direct,always_abstain,0.20157189089227925,0.9856680536292187
deepseekv32maas,processed,0.0,20260957,beta,original,0.0,0.0
deepseekv32maas,processed,0.0,20260957,beta,penalty_prompt,0.02741562644475265,0.0009616273693944244
deepseekv32maas,processed,0.0,20260957,beta,always_abstain,0.20157189089227925,0.9856680536292187
deepseekv32maas,processed,0.0,20260958,isotonic_direct,original,0.0,0.0
deepseekv32maas,processed,0.0,20260958,isotonic_direct,penalty_prompt,0.01628294036061026,-0.0023855755894589548
deepseekv32maas,processed,0.0,20260958,isotonic_direct,always_abstain,0.18539066111881647,0.9833564493758669
deepseekv32maas,processed,0.0,20260958,beta,original,0.0,0.0
deepseekv32maas,processed,0.0,20260958,beta,penalty_prompt,0.01628294036061026,-0.0023855755894589548
deepseekv32maas,processed,0.0,20260958,beta,always_abstain,0.18539066111881647,0.9833564493758669
deepseekv32maas,processed,0.0,20260959,isotonic_direct,original,0.0,0.0
deepseekv32maas,processed,0.0,20260959,isotonic_direct,penalty_prompt,0.024355062413314837,0.002468793342579656
deepseekv32maas,processed,0.0,20260959,isotonic_direct,always_abstain,0.19232547387887194,0.9875173370319001
deepseekv32maas,processed,0.0,20260959,beta,original,0.0,0.0
deepseekv32maas,processed,0.0,20260959,beta,penalty_prompt,0.024355062413314837,0.002468793342579656
deepseekv32maas,processed,0.0,20260959,beta,always_abstain,0.19232547387887194,0.9875173370319001
deepseekv32maas,processed,0.0,20260960,isotonic_direct,original,0.0,0.0
deepseekv32maas,processed,0.0,20260960,isotonic_direct,penalty_prompt,0.025705039297272303,0.0012944983818771183
deepseekv32maas,processed,0.0,20260960,isotonic_direct,always_abstain,0.19047619047619047,0.9852057327785483
deepseekv32maas,processed,0.0,20260960,beta,original,0.0,0.0
deepseekv32maas,processed,0.0,20260960,beta,penalty_prompt,0.025705039297272303,0.0012944983818771183
deepseekv32maas,processed,0.0,20260960,beta,always_abstain,0.19047619047619047,0.9852057327785483
deepseekv32maas,processed,0.0,20260961,isotonic_direct,original,0.0,0.0
deepseekv32maas,processed,0.0,20260961,isotonic_direct,penalty_prompt,0.02073971336107261,-0.005067036523347168
deepseekv32maas,processed,0.0,20260961,isotonic_direct,always_abstain,0.18816458622283866,0.9815071659731854
deepseekv32maas,processed,0.0,20260961,beta,original,0.0,0.0
deepseekv32maas,processed,0.0,20260961,beta,penalty_prompt,0.02073971336107261,-0.005067036523347168
deepseekv32maas,processed,0.0,20260961,beta,always_abstain,0.18816458622283866,0.9815071659731854
deepseekv32maas,processed,0.0,20260962,isotonic_direct,original,0.0,0.0
deepseekv32maas,processed,0.0,20260962,isotonic_direct,penalty_prompt,0.02701803051317614,-0.00337494220989365
deepseekv32maas,processed,0.0,20260962,isotonic_direct,always_abstain,0.18723994452149792,0.9815071659731854
deepseekv32maas,processed,0.0,20260962,beta,original,0.0,0.0
deepseekv32maas,processed,0.0,20260962,beta,penalty_prompt,0.02701803051317614,-0.00337494220989365
deepseekv32maas,processed,0.0,20260962,beta,always_abstain,0.18723994452149792,0.9815071659731854
deepseekv32maas,processed,0.0,20260963,isotonic_direct,original,0.0,0.0
deepseekv32maas,processed,0.0,20260963,isotonic_direct,penalty_prompt,0.024133148404993088,-0.0008784096162737232
deepseekv32maas,processed,0.0,20260963,isotonic_direct,always_abstain,0.18908922792417937,0.9842810910772076
deepseekv32maas,processed,0.0,20260963,beta,original,0.0,0.0
deepseekv32maas,processed,0.0,20260963,beta,penalty_prompt,0.024133148404993088,-0.0008784096162737232
deepseekv32maas,processed,0.0,20260963,beta,always_abstain,0.18908922792417937,0.9842810910772076
deepseekv32maas,processed,0.0,20260964,isotonic_direct,original,0.0,0.0
deepseekv32maas,processed,0.0,20260964,isotonic_direct,penalty_prompt,0.018631530282015696,-0.001849283402681423
deepseekv32maas,processed,0.0,20260964,isotonic_direct,always_abstain,0.18585298196948682,0.984743411927878
deepseekv32maas,processed,0.0,20260964,beta,original,0.0,0.0
deepseekv32maas,processed,0.0,20260964,beta,penalty_prompt,0.018631530282015696,-0.001849283402681423
deepseekv32maas,processed,0.0,20260964,beta,always_abstain,0.18585298196948682,0.984743411927878
deepseekv32maas,processed,0.0,20260965,isotonic_direct,original,0.0,0.0
deepseekv32maas,processed,0.0,20260965,isotonic_direct,penalty_prompt,0.01754969949144708,-0.0019972260748960524
deepseekv32maas,processed,0.0,20260965,isotonic_direct,always_abstain,0.18400369856680537,0.9838187702265372
deepseekv32maas,processed,0.0,20260965,beta,original,0.0,0.0
deepseekv32maas,processed,0.0,20260965,beta,penalty_prompt,0.01754969949144708,-0.0019972260748960524
deepseekv32maas,processed,0.0,20260965,beta,always_abstain,0.18400369856680537,0.9838187702265372
deepseekv32maas,processed,0.0,20260966,isotonic_direct,original,0.0,0.0
deepseekv32maas,processed,0.0,20260966,isotonic_direct,penalty_prompt,0.019611650485436866,0.0002496532593619927
deepseekv32maas,processed,0.0,20260966,isotonic_direct,always_abstain,0.1900138696255201,0.984743411927878
deepseekv32maas,processed,0.0,20260966,beta,original,0.0,0.0
deepseekv32maas,processed,0.0,20260966,beta,penalty_prompt,0.019611650485436866,0.0002496532593619927
deepseekv32maas,processed,0.0,20260966,beta,always_abstain,0.1900138696255201,0.984743411927878
deepseekv32maas,processed,0.0,20260967,isotonic_direct,original,0.0,0.0
deepseekv32maas,processed,0.0,20260967,isotonic_direct,penalty_prompt,0.016430883032824778,-0.0015996301433194304
deepseekv32maas,processed,0.0,20260967,isotonic_direct,always_abstain,0.18446601941747573,0.9842810910772076
deepseekv32maas,processed,0.0,20260967,beta,original,0.0,0.0
deepseekv32maas,processed,0.0,20260967,beta,penalty_prompt,0.016430883032824778,-0.0015996301433194304
deepseekv32maas,processed,0.0,20260967,beta,always_abstain,0.18446601941747573,0.9842810910772076
deepseekv32maas,processed,0.0,20260968,isotonic_direct,original,0.0,0.0
deepseekv32maas,processed,0.0,20260968,isotonic_direct,penalty_prompt,0.01631992602866386,-0.005067036523347168
deepseekv32maas,processed,0.0,20260968,isotonic_direct,always_abstain,0.18446601941747573,0.9805825242718447
deepseekv32maas,processed,0.0,20260968,beta,original,0.0,0.0
deepseekv32maas,processed,0.0,20260968,beta,penalty_prompt,0.01631992602866386,-0.005067036523347168
deepseekv32maas,processed,0.0,20260968,beta,always_abstain,0.18446601941747573,0.9805825242718447
deepseekv32maas,processed,0.0,20260969,isotonic_direct,original,0.0,0.0
deepseekv32maas,processed,0.0,20260969,isotonic_direct,penalty_prompt,0.021960240406842357,-9.246417013397679e-05
deepseekv32maas,processed,0.0,20260969,isotonic_direct,always_abstain,0.18169209431345354,0.984743411927878
deepseekv32maas,processed,0.0,20260969,beta,original,0.0,0.0
deepseekv32maas,processed,0.0,20260969,beta,penalty_prompt,0.021960240406842357,-9.246417013397679e-05
deepseekv32maas,processed,0.0,20260969,beta,always_abstain,0.18169209431345354,0.984743411927878
deepseekv32maas,processed,0.0,20260970,isotonic_direct,original,0.0,0.0
deepseekv32maas,processed,0.0,20260970,isotonic_direct,penalty_prompt,0.019694868238557567,-0.004780397595931629
deepseekv32maas,processed,0.0,20260970,isotonic_direct,always_abstain,0.17891816920943135,0.9824318076745261
deepseekv32maas,processed,0.0,20260970,beta,original,0.0,0.0
deepseekv32maas,processed,0.0,20260970,beta,penalty_prompt,0.019694868238557567,-0.004780397595931629
deepseekv32maas,processed,0.0,20260970,beta,always_abstain,0.17891816920943135,0.9824318076745261
deepseekv32maas,processed,0.0,20260971,isotonic_direct,original,0.0,0.0
deepseekv32maas,processed,0.0,20260971,isotonic_direct,penalty_prompt,0.019935275080906145,-0.004678687008784044
deepseekv32maas,processed,0.0,20260971,isotonic_direct,always_abstain,0.18169209431345354,0.9815071659731854
deepseekv32maas,processed,0.0,20260971,beta,original,0.0,0.0
deepseekv32maas,processed,0.0,20260971,beta,penalty_prompt,0.019935275080906145,-0.004678687008784044
deepseekv32maas,processed,0.0,20260971,beta,always_abstain,0.18169209431345354,0.9815071659731854
deepseekv32maas,processed,0.0,20260972,isotonic_direct,original,0.0,0.0
deepseekv32maas,processed,0.0,20260972,isotonic_direct,penalty_prompt,0.02681460933888119,-0.0028109107720758475
deepseekv32maas,processed,0.0,20260972,isotonic_direct,always_abstain,0.1914008321775312,0.9824318076745261
deepseekv32maas,processed,0.0,20260972,beta,original,0.0,0.0
deepseekv32maas,processed,0.0,20260972,beta,penalty_prompt,0.02681460933888119,-0.0028109107720758475
deepseekv32maas,processed,0.0,20260972,beta,always_abstain,0.1914008321775312,0.9824318076745261
deepseekv32maas,processed,0.0,20260973,isotonic_direct,original,0.0,0.0
deepseekv32maas,processed,0.0,20260973,isotonic_direct,penalty_prompt,0.021331484049930655,-0.0030513176144245646
deepseekv32maas,processed,0.0,20260973,isotonic_direct,always_abstain,0.18723994452149792,0.9838187702265372
deepseekv32maas,processed,0.0,20260973,beta,original,0.0,0.0
deepseekv32maas,processed,0.0,20260973,beta,penalty_prompt,0.021331484049930655,-0.0030513176144245646
deepseekv32maas,processed,0.0,20260973,beta,always_abstain,0.18723994452149792,0.9838187702265372
deepseekv32maas,processed,0.0,20260974,isotonic_direct,original,0.0,0.0
deepseekv32maas,processed,0.0,20260974,isotonic_direct,penalty_prompt,0.0229218677762367,-0.0014239482200646414
deepseekv32maas,processed,0.0,20260974,isotonic_direct,always_abstain,0.1955617198335645,0.9842810910772076
deepseekv32maas,processed,0.0,20260974,beta,original,0.0,0.0
deepseekv32maas,processed,0.0,20260974,beta,penalty_prompt,0.0229218677762367,-0.0014239482200646414
deepseekv32maas,processed,0.0,20260974,beta,always_abstain,0.1955617198335645,0.9842810910772076
deepseekv32maas,processed,0.0,20260975,isotonic_direct,original,0.0,0.0
deepseekv32maas,processed,0.0,20260975,isotonic_direct,penalty_prompt,0.019140083217753123,-0.0034951456310681195
deepseekv32maas,processed,0.0,20260975,isotonic_direct,always_abstain,0.18122977346278318,0.9833564493758669
deepseekv32maas,processed,0.0,20260975,beta,original,0.0,0.0
deepseekv32maas,processed,0.0,20260975,beta,penalty_prompt,0.019140083217753123,-0.0034951456310681195
deepseekv32maas,processed,0.0,20260975,beta,always_abstain,0.18122977346278318,0.9833564493758669
deepseekv32maas,processed,0.0,20260976,isotonic_direct,original,0.0,0.0
deepseekv32maas,processed,0.0,20260976,isotonic_direct,penalty_prompt,0.02424410540915395,-0.0015533980582524975
deepseekv32maas,processed,0.0,20260976,isotonic_direct,always_abstain,0.19093851132686085,0.984743411927878
deepseekv32maas,processed,0.0,20260976,beta,original,0.0,0.0
deepseekv32maas,processed,0.0,20260976,beta,penalty_prompt,0.02424410540915395,-0.0015533980582524975
deepseekv32maas,processed,0.0,20260976,beta,always_abstain,0.19093851132686085,0.984743411927878
deepseekv32maas,processed,0.0,20260977,isotonic_direct,original,0.0,0.0
deepseekv32maas,processed,0.0,20260977,isotonic_direct,penalty_prompt,0.031003236245954663,-0.005529357374017607
deepseekv32maas,processed,0.0,20260977,isotonic_direct,always_abstain,0.19325011558021266,0.9819694868238558
deepseekv32maas,processed,0.0,20260977,beta,original,0.0,0.0
deepseekv32maas,processed,0.0,20260977,beta,penalty_prompt,0.031003236245954663,-0.005529357374017607
deepseekv32maas,processed,0.0,20260977,beta,always_abstain,0.19325011558021266,0.9819694868238558
deepseekv32maas,processed,0.0,20260978,isotonic_direct,original,0.0,0.0
deepseekv32maas,processed,0.0,20260978,isotonic_direct,penalty_prompt,0.02562182154415163,-0.005501618122977336
deepseekv32maas,processed,0.0,20260978,isotonic_direct,always_abstain,0.18862690707350901,0.9805825242718447
deepseekv32maas,processed,0.0,20260978,beta,original,0.0,0.0
deepseekv32maas,processed,0.0,20260978,beta,penalty_prompt,0.02562182154415163,-0.005501618122977336
deepseekv32maas,processed,0.0,20260978,beta,always_abstain,0.18862690707350901,0.9805825242718447
deepseekv32maas,processed,0.0,20260979,isotonic_direct,original,0.0,0.0
deepseekv32maas,processed,0.0,20260979,isotonic_direct,penalty_prompt,0.020841423948220056,-0.002071197411003256
deepseekv32maas,processed,0.0,20260979,isotonic_direct,always_abstain,0.18492834026814609,0.984743411927878
deepseekv32maas,processed,0.0,20260979,beta,original,0.0,0.0
deepseekv32maas,processed,0.0,20260979,beta,penalty_prompt,0.020841423948220056,-0.002071197411003256
deepseekv32maas,processed,0.0,20260979,beta,always_abstain,0.18492834026814609,0.984743411927878
deepseekv32maas,processed,0.0,20260980,isotonic_direct,original,0.0,0.0
deepseekv32maas,processed,0.0,20260980,isotonic_direct,penalty_prompt,0.017956541840036977,-0.0012852519648635097
deepseekv32maas,processed,0.0,20260980,isotonic_direct,always_abstain,0.19047619047619047,0.9852057327785483
deepseekv32maas,processed,0.0,20260980,beta,original,0.0,0.0
deepseekv32maas,processed,0.0,20260980,beta,penalty_prompt,0.017956541840036977,-0.0012852519648635097
deepseekv32maas,processed,0.0,20260980,beta,always_abstain,0.19047619047619047,0.9852057327785483
deepseekv32maas,processed,0.0,20260981,isotonic_direct,original,0.0,0.0
deepseekv32maas,processed,0.0,20260981,isotonic_direct,penalty_prompt,0.024835876098011994,-0.003596856218215261
deepseekv32maas,processed,0.0,20260981,isotonic_direct,always_abstain,0.1941747572815534,0.9828941285251965
deepseekv32maas,processed,0.0,20260981,beta,original,0.0,0.0
deepseekv32maas,processed,0.0,20260981,beta,penalty_prompt,0.024835876098011994,-0.003596856218215261
deepseekv32maas,processed,0.0,20260981,beta,always_abstain,0.1941747572815534,0.9828941285251965
deepseekv32maas,processed,0.0,20260982,isotonic_direct,original,0.0,0.0
deepseekv32maas,processed,0.0,20260982,isotonic_direct,penalty_prompt,0.027267683772538104,-0.0011373092926491024
deepseekv32maas,processed,0.0,20260982,isotonic_direct,always_abstain,0.19741100323624594,0.9838187702265372
deepseekv32maas,processed,0.0,20260982,beta,original,0.0,0.0
deepseekv32maas,processed,0.0,20260982,beta,penalty_prompt,0.027267683772538104,-0.0011373092926491024
deepseekv32maas,processed,0.0,20260982,beta,always_abstain,0.19741100323624594,0.9838187702265372
deepseekv32maas,processed,0.0,20260983,isotonic_direct,original,0.0,0.0
deepseekv32maas,processed,0.0,20260983,isotonic_direct,penalty_prompt,0.021007859454461347,-0.005131761442441207
deepseekv32maas,processed,0.0,20260983,isotonic_direct,always_abstain,0.18492834026814609,0.981044845122515
deepseekv32maas,processed,0.0,20260983,beta,original,0.0,0.0
deepseekv32maas,processed,0.0,20260983,beta,penalty_prompt,0.021007859454461347,-0.005131761442441207
deepseekv32maas,processed,0.0,20260983,beta,always_abstain,0.18492834026814609,0.981044845122515
deepseekv32maas,processed,0.0,20260984,isotonic_direct,original,0.0,0.0
deepseekv32maas,processed,0.0,20260984,isotonic_direct,penalty_prompt,0.019463707813222375,-0.00030513176144231213
deepseekv32maas,processed,0.0,20260984,isotonic_direct,always_abstain,0.18908922792417937,0.984743411927878
deepseekv32maas,processed,0.0,20260984,beta,original,0.0,0.0
deepseekv32maas,processed,0.0,20260984,beta,penalty_prompt,0.019463707813222375,-0.00030513176144231213
deepseekv32maas,processed,0.0,20260984,beta,always_abstain,0.18908922792417937,0.984743411927878
deepseekv32maas,processed,0.0,20260985,isotonic_direct,original,0.0,0.0
deepseekv32maas,processed,0.0,20260985,isotonic_direct,penalty_prompt,0.016819232547387875,-0.0034951456310680085
deepseekv32maas,processed,0.0,20260985,isotonic_direct,always_abstain,0.18585298196948682,0.9824318076745261
deepseekv32maas,processed,0.0,20260985,beta,original,0.0,0.0
deepseekv32maas,processed,0.0,20260985,beta,penalty_prompt,0.016819232547387875,-0.0034951456310680085
deepseekv32maas,processed,0.0,20260985,beta,always_abstain,0.18585298196948682,0.9824318076745261
deepseekv32maas,processed,0.0,20260986,isotonic_direct,original,0.0,0.0
deepseekv32maas,processed,0.0,20260986,isotonic_direct,penalty_prompt,0.02266296809986132,-0.0017568192325474463
deepseekv32maas,processed,0.0,20260986,isotonic_direct,always_abstain,0.18400369856680537,0.9838187702265372
deepseekv32maas,processed,0.0,20260986,beta,original,0.0,0.0
deepseekv32maas,processed,0.0,20260986,beta,penalty_prompt,0.02266296809986132,-0.0017568192325474463
deepseekv32maas,processed,0.0,20260986,beta,always_abstain,0.18400369856680537,0.9838187702265372
deepseekv32maas,processed,0.0,20260987,isotonic_direct,original,0.0,0.0
deepseekv32maas,processed,0.0,20260987,isotonic_direct,penalty_prompt,0.0208691631992603,-8.321775312081225e-05
deepseekv32maas,processed,0.0,20260987,isotonic_direct,always_abstain,0.18400369856680537,0.984743411927878
deepseekv32maas,processed,0.0,20260987,beta,original,0.0,0.0
deepseekv32maas,processed,0.0,20260987,beta,penalty_prompt,0.0208691631992603,-8.321775312081225e-05
deepseekv32maas,processed,0.0,20260987,beta,always_abstain,0.18400369856680537,0.984743411927878
deepseekv32maas,processed,0.0,20260988,isotonic_direct,original,0.0,0.0
deepseekv32maas,processed,0.0,20260988,isotonic_direct,penalty_prompt,0.016236708275543243,-0.0006657420249653878
deepseekv32maas,processed,0.0,20260988,isotonic_direct,always_abstain,0.18261673601479428,0.9838187702265372
deepseekv32maas,processed,0.0,20260988,beta,original,0.0,0.0
deepseekv32maas,processed,0.0,20260988,beta,penalty_prompt,0.016236708275543243,-0.0006657420249653878
deepseekv32maas,processed,0.0,20260988,beta,always_abstain,0.18261673601479428,0.9838187702265372
deepseekv32maas,processed,0.0,20260989,isotonic_direct,original,0.0,0.0
deepseekv32maas,processed,0.0,20260989,isotonic_direct,penalty_prompt,0.02413314840499306,-0.0018862690707350804
deepseekv32maas,processed,0.0,20260989,isotonic_direct,always_abstain,0.19741100323624594,0.9838187702265372
deepseekv32maas,processed,0.0,20260989,beta,original,0.0,0.0
deepseekv32maas,processed,0.0,20260989,beta,penalty_prompt,0.02413314840499306,-0.0018862690707350804
deepseekv32maas,processed,0.0,20260989,beta,always_abstain,0.19741100323624594,0.9838187702265372
deepseekv32maas,processed,0.0,20260990,isotonic_direct,original,0.0,0.0
deepseekv32maas,processed,0.0,20260990,isotonic_direct,penalty_prompt,0.02382801664355061,-0.003282478039759451
deepseekv32maas,processed,0.0,20260990,isotonic_direct,always_abstain,0.18770226537216828,0.9815071659731854
deepseekv32maas,processed,0.0,20260990,beta,original,0.0,0.0
deepseekv32maas,processed,0.0,20260990,beta,penalty_prompt,0.02382801664355061,-0.003282478039759451
deepseekv32maas,processed,0.0,20260990,beta,always_abstain,0.18770226537216828,0.9815071659731854
deepseekv32maas,processed,0.0,20260991,isotonic_direct,original,0.0,0.0
deepseekv32maas,processed,0.0,20260991,isotonic_direct,penalty_prompt,0.021553398058252432,0.00031437817845580973
deepseekv32maas,processed,0.0,20260991,isotonic_direct,always_abstain,0.18723994452149792,0.984743411927878
deepseekv32maas,processed,0.0,20260991,beta,original,0.0,0.0
deepseekv32maas,processed,0.0,20260991,beta,penalty_prompt,0.021553398058252432,0.00031437817845580973
deepseekv32maas,processed,0.0,20260991,beta,always_abstain,0.18723994452149792,0.984743411927878
deepseekv32maas,processed,0.0,20260992,isotonic_direct,original,0.0,0.0
deepseekv32maas,processed,0.0,20260992,isotonic_direct,penalty_prompt,0.02513176144244106,-0.0006934812760055475
deepseekv32maas,processed,0.0,20260992,isotonic_direct,always_abstain,0.18908922792417937,0.9852057327785483
deepseekv32maas,processed,0.0,20260992,beta,original,0.0,0.0
deepseekv32maas,processed,0.0,20260992,beta,penalty_prompt,0.02513176144244106,-0.0006934812760055475
deepseekv32maas,processed,0.0,20260992,beta,always_abstain,0.18908922792417937,0.9852057327785483
deepseekv32maas,processed,0.0,20260993,isotonic_direct,original,0.0,0.0
deepseekv32maas,processed,0.0,20260993,isotonic_direct,penalty_prompt,0.021803051317614397,-0.002912621359223322
deepseekv32maas,processed,0.0,20260993,isotonic_direct,always_abstain,0.18585298196948682,0.9828941285251965
deepseekv32maas,processed,0.0,20260993,beta,original,0.0,0.0
deepseekv32maas,processed,0.0,20260993,beta,penalty_prompt,0.021803051317614397,-0.002912621359223322
deepseekv32maas,processed,0.0,20260993,beta,always_abstain,0.18585298196948682,0.9828941285251965
deepseekv32maas,processed,0.0,20260994,isotonic_direct,original,0.0,0.0
deepseekv32maas,processed,0.0,20260994,isotonic_direct,penalty_prompt,0.020009246417013404,-0.0031252889505317683
deepseekv32maas,processed,0.0,20260994,isotonic_direct,always_abstain,0.18955154877484975,0.9828941285251965
deepseekv32maas,processed,0.0,20260994,beta,original,0.0,0.0
deepseekv32maas,processed,0.0,20260994,beta,penalty_prompt,0.020009246417013404,-0.0031252889505317683
deepseekv32maas,processed,0.0,20260994,beta,always_abstain,0.18955154877484975,0.9828941285251965
deepseekv32maas,processed,0.0,20260995,isotonic_direct,original,0.0,0.0
deepseekv32maas,processed,0.0,20260995,isotonic_direct,penalty_prompt,0.021063337956541806,-0.000573277854831189
deepseekv32maas,processed,0.0,20260995,isotonic_direct,always_abstain,0.1779935275080906,0.9838187702265372
deepseekv32maas,processed,0.0,20260995,beta,original,0.0,0.0
deepseekv32maas,processed,0.0,20260995,beta,penalty_prompt,0.021063337956541806,-0.000573277854831189
deepseekv32maas,processed,0.0,20260995,beta,always_abstain,0.1779935275080906,0.9838187702265372
deepseekv32maas,processed,0.0,20260996,isotonic_direct,original,0.0,0.0
deepseekv32maas,processed,0.0,20260996,isotonic_direct,penalty_prompt,0.019907535829865902,-0.004003698566805269
deepseekv32maas,processed,0.0,20260996,isotonic_direct,always_abstain,0.17660656495607951,0.9805825242718447
deepseekv32maas,processed,0.0,20260996,beta,original,0.0,0.0
deepseekv32maas,processed,0.0,20260996,beta,penalty_prompt,0.019907535829865902,-0.004003698566805269
deepseekv32maas,processed,0.0,20260996,beta,always_abstain,0.17660656495607951,0.9805825242718447
deepseekv32maas,processed,0.0,20260997,isotonic_direct,original,0.0,0.0
deepseekv32maas,processed,0.0,20260997,isotonic_direct,penalty_prompt,0.01796578825705039,-0.00022191400832172192
deepseekv32maas,processed,0.0,20260997,isotonic_direct,always_abstain,0.17706888580674987,0.984743411927878
deepseekv32maas,processed,0.0,20260997,beta,original,0.0,0.0
deepseekv32maas,processed,0.0,20260997,beta,penalty_prompt,0.01796578825705039,-0.00022191400832172192
deepseekv32maas,processed,0.0,20260997,beta,always_abstain,0.17706888580674987,0.984743411927878
deepseekv32maas,processed,0.0,20260998,isotonic_direct,original,0.0,0.0
deepseekv32maas,processed,0.0,20260998,isotonic_direct,penalty_prompt,0.02418862690707349,-0.0025427646786869706
deepseekv32maas,processed,0.0,20260998,isotonic_direct,always_abstain,0.18631530282015718,0.9819694868238558
deepseekv32maas,processed,0.0,20260998,beta,original,0.0,0.0
deepseekv32maas,processed,0.0,20260998,beta,penalty_prompt,0.02418862690707349,-0.0025427646786869706
deepseekv32maas,processed,0.0,20260998,beta,always_abstain,0.18631530282015718,0.9819694868238558
deepseekv32maas,processed,0.0,20260999,isotonic_direct,original,0.0,0.0
deepseekv32maas,processed,0.0,20260999,isotonic_direct,penalty_prompt,0.02111881645862229,-0.0037540453074433877
deepseekv32maas,processed,0.0,20260999,isotonic_direct,always_abstain,0.1927877947295423,0.981044845122515
deepseekv32maas,processed,0.0,20260999,beta,original,0.0,0.0
deepseekv32maas,processed,0.0,20260999,beta,penalty_prompt,0.02111881645862229,-0.0037540453074433877
deepseekv32maas,processed,0.0,20260999,beta,always_abstain,0.1927877947295423,0.981044845122515
deepseekv32maas,processed,0.0,20261000,isotonic_direct,original,0.0,0.0
deepseekv32maas,processed,0.0,20261000,isotonic_direct,penalty_prompt,0.022015718908922816,-0.002644475265834667
deepseekv32maas,processed,0.0,20261000,isotonic_direct,always_abstain,0.18539066111881647,0.9838187702265372
deepseekv32maas,processed,0.0,20261000,beta,original,0.0,0.0
deepseekv32maas,processed,0.0,20261000,beta,penalty_prompt,0.022015718908922816,-0.002644475265834667
deepseekv32maas,processed,0.0,20261000,beta,always_abstain,0.18539066111881647,0.9838187702265372
deepseekv32maas,processed,0.0,20261001,isotonic_direct,original,0.0,0.0
deepseekv32maas,processed,0.0,20261001,isotonic_direct,penalty_prompt,0.024512251502542742,-0.00183079056865465
deepseekv32maas,processed,0.0,20261001,isotonic_direct,always_abstain,0.19694868238557559,0.9838187702265372
deepseekv32maas,processed,0.0,20261001,beta,original,0.0,0.0
deepseekv32maas,processed,0.0,20261001,beta,penalty_prompt,0.024512251502542742,-0.00183079056865465
deepseekv32maas,processed,0.0,20261001,beta,always_abstain,0.19694868238557559,0.9838187702265372
deepseekv32maas,processed,0.0,20261002,isotonic_direct,original,0.0,0.0
deepseekv32maas,processed,0.0,20261002,isotonic_direct,penalty_prompt,0.017669902912621382,-0.0009893666204346951
deepseekv32maas,processed,0.0,20261002,isotonic_direct,always_abstain,0.18400369856680537,0.986130374479889
deepseekv32maas,processed,0.0,20261002,beta,original,0.0,0.0
deepseekv32maas,processed,0.0,20261002,beta,penalty_prompt,0.017669902912621382,-0.0009893666204346951
deepseekv32maas,processed,0.0,20261002,beta,always_abstain,0.18400369856680537,0.986130374479889
deepseekv32maas,processed,0.0,20261003,isotonic_direct,original,0.0,0.0
deepseekv32maas,processed,0.0,20261003,isotonic_direct,penalty_prompt,0.021072584373555275,-0.0031437817845586524
deepseekv32maas,processed,0.0,20261003,isotonic_direct,always_abstain,0.18307905686546463,0.9838187702265372
deepseekv32maas,processed,0.0,20261003,beta,original,0.0,0.0
deepseekv32maas,processed,0.0,20261003,beta,penalty_prompt,0.021072584373555275,-0.0031437817845586524
deepseekv32maas,processed,0.0,20261003,beta,always_abstain,0.18307905686546463,0.9838187702265372
deepseekv32maas,processed,0.0,20261004,isotonic_direct,original,0.0,0.0
deepseekv32maas,processed,0.0,20261004,isotonic_direct,penalty_prompt,0.025631067961165044,-0.003485899214054511
deepseekv32maas,processed,0.0,20261004,isotonic_direct,always_abstain,0.20110957004160887,0.9833564493758669
deepseekv32maas,processed,0.0,20261004,beta,original,0.0,0.0
deepseekv32maas,processed,0.0,20261004,beta,penalty_prompt,0.025631067961165044,-0.003485899214054511
deepseekv32maas,processed,0.0,20261004,beta,always_abstain,0.20110957004160887,0.9833564493758669
deepseekv32maas,processed,0.0,20261005,isotonic_direct,original,0.0,0.0
deepseekv32maas,processed,0.0,20261005,isotonic_direct,penalty_prompt,0.025177993527508075,-0.0024780397595931536
deepseekv32maas,processed,0.0,20261005,isotonic_direct,always_abstain,0.19371243643088304,0.9842810910772076
deepseekv32maas,processed,0.0,20261005,beta,original,0.0,0.0
deepseekv32maas,processed,0.0,20261005,beta,penalty_prompt,0.025177993527508075,-0.0024780397595931536
deepseekv32maas,processed,0.0,20261005,beta,always_abstain,0.19371243643088304,0.9842810910772076
deepseekv32maas,processed,0.0,20261006,isotonic_direct,original,0.0,0.0
deepseekv32maas,processed,0.0,20261006,isotonic_direct,penalty_prompt,0.021128062875635678,-0.004271844660194257
deepseekv32maas,processed,0.0,20261006,isotonic_direct,always_abstain,0.1955617198335645,0.9815071659731854
deepseekv32maas,processed,0.0,20261006,beta,original,0.0,0.0
deepseekv32maas,processed,0.0,20261006,beta,penalty_prompt,0.021128062875635678,-0.004271844660194257
deepseekv32maas,processed,0.0,20261006,beta,always_abstain,0.1955617198335645,0.9815071659731854
deepseekv32maas,processed,0.0,20261007,isotonic_direct,original,0.0,0.0
deepseekv32maas,processed,0.0,20261007,isotonic_direct,penalty_prompt,0.014637078132223758,-0.0023670827554321816
deepseekv32maas,processed,0.0,20261007,isotonic_direct,always_abstain,0.18122977346278318,0.9833564493758669
deepseekv32maas,processed,0.0,20261007,beta,original,0.0,0.0
deepseekv32maas,processed,0.0,20261007,beta,penalty_prompt,0.014637078132223758,-0.0023670827554321816
deepseekv32maas,processed,0.0,20261007,beta,always_abstain,0.18122977346278318,0.9833564493758669
deepseekv32maas,processed,0.0,20261008,isotonic_direct,original,0.0,0.0
deepseekv32maas,processed,0.0,20261008,isotonic_direct,penalty_prompt,0.022995839112343985,0.0015256588072123378
deepseekv32maas,processed,0.0,20261008,isotonic_direct,always_abstain,0.18400369856680537,0.9870550161812298
deepseekv32maas,processed,0.0,20261008,beta,original,0.0,0.0
deepseekv32maas,processed,0.0,20261008,beta,penalty_prompt,0.022995839112343985,0.0015256588072123378
deepseekv32maas,processed,0.0,20261008,beta,always_abstain,0.18400369856680537,0.9870550161812298
deepseekv32maas,processed,0.0,20261009,isotonic_direct,original,0.0,0.0
deepseekv32maas,processed,0.0,20261009,isotonic_direct,penalty_prompt,0.02147018030513173,0.0006934812760055475
deepseekv32maas,processed,0.0,20261009,isotonic_direct,always_abstain,0.183541377716135,0.9842810910772076
deepseekv32maas,processed,0.0,20261009,beta,original,0.0,0.0
deepseekv32maas,processed,0.0,20261009,beta,penalty_prompt,0.02147018030513173,0.0006934812760055475
deepseekv32maas,processed,0.0,20261009,beta,always_abstain,0.183541377716135,0.9842810910772076
deepseekv32maas,processed,0.0,20261010,isotonic_direct,original,0.0,0.0
deepseekv32maas,processed,0.0,20261010,isotonic_direct,penalty_prompt,0.025011558021266728,-0.0012020342117430305
deepseekv32maas,processed,0.0,20261010,isotonic_direct,always_abstain,0.18492834026814609,0.9842810910772076
deepseekv32maas,processed,0.0,20261010,beta,original,0.0,0.0
deepseekv32maas,processed,0.0,20261010,beta,penalty_prompt,0.025011558021266728,-0.0012020342117430305
deepseekv32maas,processed,0.0,20261010,beta,always_abstain,0.18492834026814609,0.9842810910772076
deepseekv32maas,processed,0.0,20261011,isotonic_direct,original,0.0,0.0
deepseekv32maas,processed,0.0,20261011,isotonic_direct,penalty_prompt,0.018104484512251523,-0.0020804438280166426
deepseekv32maas,processed,0.0,20261011,isotonic_direct,always_abstain,0.18169209431345354,0.9833564493758669
deepseekv32maas,processed,0.0,20261011,beta,original,0.0,0.0
deepseekv32maas,processed,0.0,20261011,beta,penalty_prompt,0.018104484512251523,-0.0020804438280166426
deepseekv32maas,processed,0.0,20261011,beta,always_abstain,0.18169209431345354,0.9833564493758669
deepseekv32maas,processed,0.0,20261012,isotonic_direct,original,0.0,0.0
deepseekv32maas,processed,0.0,20261012,isotonic_direct,penalty_prompt,0.021960240406842357,-0.0025242718446601975
deepseekv32maas,processed,0.0,20261012,isotonic_direct,always_abstain,0.1798428109107721,0.9833564493758669
deepseekv32maas,processed,0.0,20261012,beta,original,0.0,0.0
deepseekv32maas,processed,0.0,20261012,beta,penalty_prompt,0.021960240406842357,-0.0025242718446601975
deepseekv32maas,processed,0.0,20261012,beta,always_abstain,0.1798428109107721,0.9833564493758669
deepseekv32maas,processed,3.0,20260913,isotonic_direct,original,0.3897364771151179,-0.2501155802126676
deepseekv32maas,processed,3.0,20260913,isotonic_direct,penalty_prompt,0.6119278779472955,-0.33039297272306983
deepseekv32maas,processed,3.0,20260913,isotonic_direct,always_abstain,0.0009246417013407304,0.0009246417013407304
deepseekv32maas,processed,3.0,20260913,beta,original,0.3888118354137772,-0.2510402219140083
deepseekv32maas,processed,3.0,20260913,beta,penalty_prompt,0.6110032362459548,-0.33131761442441054
deepseekv32maas,processed,3.0,20260913,beta,always_abstain,0.0,0.0
deepseekv32maas,processed,3.0,20260914,isotonic_direct,original,0.4077669902912622,-0.22838650023116042
deepseekv32maas,processed,3.0,20260914,isotonic_direct,penalty_prompt,0.599454461396209,-0.3143874248728618
deepseekv32maas,processed,3.0,20260914,isotonic_direct,always_abstain,-0.012020342117429497,0.010171058714748035
deepseekv32maas,processed,3.0,20260914,beta,original,0.41978733240869165,-0.23855755894590847
deepseekv32maas,processed,3.0,20260914,beta,penalty_prompt,0.6114748035136385,-0.32455848358760986
deepseekv32maas,processed,3.0,20260914,beta,always_abstain,0.0,0.0
deepseekv32maas,processed,3.0,20260915,isotonic_direct,original,0.36893203883495146,-0.24687933425797504
deepseekv32maas,processed,3.0,20260915,isotonic_direct,penalty_prompt,0.585538603791031,-0.31702265372168287
deepseekv32maas,processed,3.0,20260915,isotonic_direct,always_abstain,0.0,0.0
deepseekv32maas,processed,3.0,20260915,beta,original,0.36893203883495146,-0.24687933425797504
deepseekv32maas,processed,3.0,20260915,beta,penalty_prompt,0.585538603791031,-0.31702265372168287
deepseekv32maas,processed,3.0,20260915,beta,always_abstain,0.0,0.0
deepseekv32maas,processed,3.0,20260916,isotonic_direct,original,0.42487286176606565,-0.2630605640314378
deepseekv32maas,processed,3.0,20260916,isotonic_direct,penalty_prompt,0.6024965325936199,-0.33272306981044847
deepseekv32maas,processed,3.0,20260916,isotonic_direct,always_abstain,0.0004623208506703652,0.0004623208506703652
deepseekv32maas,processed,3.0,20260916,beta,original,0.42441054091539526,-0.2635228848821082
deepseekv32maas,processed,3.0,20260916,beta,penalty_prompt,0.6020342117429496,-0.33318539066111885
deepseekv32maas,processed,3.0,20260916,beta,always_abstain,0.0,0.0
deepseekv32maas,processed,3.0,20260917,isotonic_direct,original,0.3994452149791956,-0.24780397595931578
deepseekv32maas,processed,3.0,20260917,isotonic_direct,penalty_prompt,0.5724826629680999,-0.32046232085067033
deepseekv32maas,processed,3.0,20260917,isotonic_direct,always_abstain,0.0004623208506703652,0.0004623208506703652
deepseekv32maas,processed,3.0,20260917,beta,original,0.3989828941285252,-0.24826629680998613
deepseekv32maas,processed,3.0,20260917,beta,penalty_prompt,0.5720203421174296,-0.3209246417013407
deepseekv32maas,processed,3.0,20260917,beta,always_abstain,0.0,0.0
deepseekv32maas,processed,3.0,20260918,isotonic_direct,original,0.3906611188164586,-0.2473416551086454
deepseekv32maas,processed,3.0,20260918,isotonic_direct,penalty_prompt,0.6105501618122977,-0.3260009246417014
deepseekv32maas,processed,3.0,20260918,isotonic_direct,always_abstain,0.0,0.0
deepseekv32maas,processed,3.0,20260918,beta,original,0.3906611188164586,-0.2473416551086454
deepseekv32maas,processed,3.0,20260918,beta,penalty_prompt,0.6105501618122977,-0.3260009246417014
deepseekv32maas,processed,3.0,20260918,beta,always_abstain,0.0,0.0
deepseekv32maas,processed,3.0,20260919,isotonic_direct,original,0.3656957928802589,-0.23717059639389734
deepseekv32maas,processed,3.0,20260919,isotonic_direct,penalty_prompt,0.5943042071197412,-0.31720758206195104
deepseekv32maas,processed,3.0,20260919,isotonic_direct,always_abstain,0.0009246417013407304,0.0009246417013407304
deepseekv32maas,processed,3.0,20260919,beta,original,0.3647711511789182,-0.23809523809523808
deepseekv32maas,processed,3.0,20260919,beta,penalty_prompt,0.5933795654184004,-0.31813222376329175
deepseekv32maas,processed,3.0,20260919,beta,always_abstain,0.0,0.0
deepseekv32maas,processed,3.0,20260920,isotonic_direct,original,0.3874248728617661,-0.24133148404993066
deepseekv32maas,processed,3.0,20260920,isotonic_direct,penalty_prompt,0.5882108183079057,-0.3234858992140546
deepseekv32maas,processed,3.0,20260920,isotonic_direct,always_abstain,0.0,0.0
deepseekv32maas,processed,3.0,20260920,beta,original,0.3874248728617661,-0.24133148404993066
deepseekv32maas,processed,3.0,20260920,beta,penalty_prompt,0.5882108183079057,-0.3234858992140546
deepseekv32maas,processed,3.0,20260920,beta,always_abstain,0.0,0.0
deepseekv32maas,processed,3.0,20260921,isotonic_direct,original,0.4267221451687471,-0.24641701340730468
deepseekv32maas,processed,3.0,20260921,isotonic_direct,penalty_prompt,0.6030883032824781,-0.3245492371705964
deepseekv32maas,processed,3.0,20260921,isotonic_direct,always_abstain,0.0,0.0
deepseekv32maas,processed,3.0,20260921,beta,original,0.4267221451687471,-0.24641701340730468
deepseekv32maas,processed,3.0,20260921,beta,penalty_prompt,0.6030883032824781,-0.3245492371705964
deepseekv32maas,processed,3.0,20260921,beta,always_abstain,0.0,0.0
deepseekv32maas,processed,3.0,20260922,isotonic_direct,original,0.3934350439204808,-0.24641701340730468
deepseekv32maas,processed,3.0,20260922,isotonic_direct,penalty_prompt,0.6043643088303282,-0.32375404530744334
deepseekv32maas,processed,3.0,20260922,isotonic_direct,always_abstain,0.0,0.0
deepseekv32maas,processed,3.0,20260922,beta,original,0.3934350439204808,-0.24641701340730468
deepseekv32maas,processed,3.0,20260922,beta,penalty_prompt,0.6043643088303282,-0.32375404530744334
deepseekv32maas,processed,3.0,20260922,beta,always_abstain,0.0,0.0
deepseekv32maas,processed,3.0,20260923,isotonic_direct,original,0.40360610263522884,-0.241793804900601
deepseekv32maas,processed,3.0,20260923,isotonic_direct,penalty_prompt,0.6073231622746186,-0.32493758668515954
deepseekv32maas,processed,3.0,20260923,isotonic_direct,always_abstain,0.0009246417013407304,0.0009246417013407304
deepseekv32maas,processed,3.0,20260923,beta,original,0.4026814609338881,-0.24271844660194175
deepseekv32maas,processed,3.0,20260923,beta,penalty_prompt,0.6063985205732778,-0.32586222838650025
deepseekv32maas,processed,3.0,20260923,beta,always_abstain,0.0,0.0
deepseekv32maas,processed,3.0,20260924,isotonic_direct,original,0.3559870550161813,-0.23578363384188628
deepseekv32maas,processed,3.0,20260924,isotonic_direct,penalty_prompt,0.569218677762367,-0.31044845122515025
deepseekv32maas,processed,3.0,20260924,isotonic_direct,always_abstain,0.0004623208506703652,0.0004623208506703652
deepseekv32maas,processed,3.0,20260924,beta,original,0.3555247341655109,-0.23624595469255663
deepseekv32maas,processed,3.0,20260924,beta,penalty_prompt,0.5687563569116967,-0.31091077207582063
deepseekv32maas,processed,3.0,20260924,beta,always_abstain,0.0,0.0
deepseekv32maas,processed,3.0,20260925,isotonic_direct,original,0.3828016643550624,-0.2515025427646787
deepseekv32maas,processed,3.0,20260925,isotonic_direct,penalty_prompt,0.5915302820157189,-0.3248266296809986
deepseekv32maas,processed,3.0,20260925,isotonic_direct,always_abstain,0.0,0.0
deepseekv32maas,processed,3.0,20260925,beta,original,0.3828016643550624,-0.2515025427646787
deepseekv32maas,processed,3.0,20260925,beta,penalty_prompt,0.5915302820157189,-0.3248266296809986
deepseekv32maas,processed,3.0,20260925,beta,always_abstain,0.0,0.0
deepseekv32maas,processed,3.0,20260926,isotonic_direct,original,0.38095238095238093,-0.24410540915395285
deepseekv32maas,processed,3.0,20260926,isotonic_direct,penalty_prompt,0.6130836800739713,-0.3220249653259362
deepseekv32maas,processed,3.0,20260926,isotonic_direct,always_abstain,0.0009246417013407304,0.0009246417013407304
deepseekv32maas,processed,3.0,20260926,beta,original,0.3800277392510402,-0.24503005085529359
deepseekv32maas,processed,3.0,20260926,beta,penalty_prompt,0.6121590383726305,-0.32294960702727693
deepseekv32maas,processed,3.0,20260926,beta,always_abstain,0.0,0.0
deepseekv32maas,processed,3.0,20260927,isotonic_direct,original,0.3814147018030513,-0.23994452149791956
deepseekv32maas,processed,3.0,20260927,isotonic_direct,penalty_prompt,0.6041608876560333,-0.3257327785483125
deepseekv32maas,processed,3.0,20260927,isotonic_direct,always_abstain,0.0,0.0
deepseekv32maas,processed,3.0,20260927,beta,original,0.3814147018030513,-0.23994452149791956
deepseekv32maas,processed,3.0,20260927,beta,penalty_prompt,0.6041608876560333,-0.3257327785483125
deepseekv32maas,processed,3.0,20260927,beta,always_abstain,0.0,0.0
deepseekv32maas,processed,3.0,20260928,isotonic_direct,original,0.39990753582986593,-0.24549237170596394
deepseekv32maas,processed,3.0,20260928,isotonic_direct,penalty_prompt,0.5814609338881183,-0.3154415164123902
deepseekv32maas,processed,3.0,20260928,isotonic_direct,always_abstain,0.0009246417013407304,0.0009246417013407304
deepseekv32maas,processed,3.0,20260928,beta,original,0.3989828941285252,-0.24641701340730468
deepseekv32maas,processed,3.0,20260928,beta,penalty_prompt,0.5805362921867775,-0.3163661581137309
deepseekv32maas,processed,3.0,20260928,beta,always_abstain,0.0,0.0
deepseekv32maas,processed,3.0,20260929,isotonic_direct,original,0.3869625520110957,-0.24549237170596394
deepseekv32maas,processed,3.0,20260929,isotonic_direct,penalty_prompt,0.5974202496532593,-0.32208044382801665
deepseekv32maas,processed,3.0,20260929,isotonic_direct,always_abstain,0.0004623208506703652,0.0004623208506703652
deepseekv32maas,processed,3.0,20260929,beta,original,0.3865002311604253,-0.2459546925566343
deepseekv32maas,processed,3.0,20260929,beta,penalty_prompt,0.596957928802589,-0.32254276467868703
deepseekv32maas,processed,3.0,20260929,beta,always_abstain,0.0,0.0
deepseekv32maas,processed,3.0,20260930,isotonic_direct,original,0.411465557096625,-0.2598243180767453
deepseekv32maas,processed,3.0,20260930,isotonic_direct,penalty_prompt,0.5914008321775311,-0.32033287101248276
deepseekv32maas,processed,3.0,20260930,isotonic_direct,always_abstain,0.0009246417013407304,0.0009246417013407304
deepseekv32maas,processed,3.0,20260930,beta,original,0.4105409153952843,-0.260748959778086
deepseekv32maas,processed,3.0,20260930,beta,penalty_prompt,0.5904761904761904,-0.32125751271382347
deepseekv32maas,processed,3.0,20260930,beta,always_abstain,0.0,0.0
deepseekv32maas,processed,3.0,20260931,isotonic_direct,original,0.39805825242718446,-0.2528895053166898
deepseekv32maas,processed,3.0,20260931,isotonic_direct,penalty_prompt,0.5780582524271846,-0.3253906611188165
deepseekv32maas,processed,3.0,20260931,isotonic_direct,always_abstain,0.0009246417013407304,0.0009246417013407304
deepseekv32maas,processed,3.0,20260931,beta,original,0.39713361072584374,-0.2538141470180305
deepseekv32maas,processed,3.0,20260931,beta,penalty_prompt,0.5771336107258438,-0.3263153028201572
deepseekv32maas,processed,3.0,20260931,beta,always_abstain,0.0,0.0
deepseekv32maas,processed,3.0,20260932,isotonic_direct,original,0.37540453074433655,-0.24040684234858992
deepseekv32maas,processed,3.0,20260932,isotonic_direct,penalty_prompt,0.6049283402681461,-0.32319001386962554
deepseekv32maas,processed,3.0,20260932,isotonic_direct,always_abstain,0.0,0.0
deepseekv32maas,processed,3.0,20260932,beta,original,0.37540453074433655,-0.24040684234858992
deepseekv32maas,processed,3.0,20260932,beta,penalty_prompt,0.6049283402681461,-0.32319001386962554
deepseekv32maas,processed,3.0,20260932,beta,always_abstain,0.0,0.0
deepseekv32maas,processed,3.0,20260933,isotonic_direct,original,0.42625982431807674,-0.25057790106333794
deepseekv32maas,processed,3.0,20260933,isotonic_direct,penalty_prompt,0.602884882108183,-0.3231622746185853
deepseekv32maas,processed,3.0,20260933,isotonic_direct,always_abstain,0.0,0.0
deepseekv32maas,processed,3.0,20260933,beta,original,0.42625982431807674,-0.25057790106333794
deepseekv32maas,processed,3.0,20260933,beta,penalty_prompt,0.602884882108183,-0.3231622746185853
deepseekv32maas,processed,3.0,20260933,beta,always_abstain,0.0,0.0
deepseekv32maas,processed,3.0,20260934,isotonic_direct,original,0.38187702265372164,-0.23763291724456773
deepseekv32maas,processed,3.0,20260934,isotonic_direct,penalty_prompt,0.5780674988441978,-0.3193527508090615
deepseekv32maas,processed,3.0,20260934,isotonic_direct,always_abstain,0.0009246417013407304,0.0009246417013407304
deepseekv32maas,processed,3.0,20260934,beta,original,0.38095238095238093,-0.23855755894590847
deepseekv32maas,processed,3.0,20260934,beta,penalty_prompt,0.5771428571428571,-0.3202773925104022
deepseekv32maas,processed,3.0,20260934,beta,always_abstain,0.0,0.0
deepseekv32maas,processed,3.0,20260935,isotonic_direct,original,0.3559870550161813,-0.24503005085529359
deepseekv32maas,processed,3.0,20260935,isotonic_direct,penalty_prompt,0.565973185390661,-0.32382801664355065
deepseekv32maas,processed,3.0,20260935,isotonic_direct,always_abstain,0.0004623208506703652,0.0004623208506703652
deepseekv32maas,processed,3.0,20260935,beta,original,0.3555247341655109,-0.24549237170596394
deepseekv32maas,processed,3.0,20260935,beta,penalty_prompt,0.5655108645399907,-0.32429033749422104
deepseekv32maas,processed,3.0,20260935,beta,always_abstain,0.0,0.0
deepseekv32maas,processed,3.0,20260936,isotonic_direct,original,0.3975959315765141,-0.23485899214054554
deepseekv32maas,processed,3.0,20260936,isotonic_direct,penalty_prompt,0.5870550161812299,-0.3177993527508091
deepseekv32maas,processed,3.0,20260936,isotonic_direct,always_abstain,0.0009246417013407304,0.0009246417013407304
deepseekv32maas,processed,3.0,20260936,beta,original,0.39667128987517336,-0.23578363384188628
deepseekv32maas,processed,3.0,20260936,beta,penalty_prompt,0.5861303744798891,-0.31872399445214983
deepseekv32maas,processed,3.0,20260936,beta,always_abstain,0.0,0.0
deepseekv32maas,processed,3.0,20260937,isotonic_direct,original,0.387424872861766,-0.250577901063338
deepseekv32maas,processed,3.0,20260937,isotonic_direct,penalty_prompt,0.5880721220527046,-0.325991678224688
deepseekv32maas,processed,3.0,20260937,isotonic_direct,always_abstain,0.0009246417013407304,0.0009246417013407304
deepseekv32maas,processed,3.0,20260937,beta,original,0.3865002311604253,-0.2515025427646787
deepseekv32maas,processed,3.0,20260937,beta,penalty_prompt,0.5871474803513639,-0.3269163199260287
deepseekv32maas,processed,3.0,20260937,beta,always_abstain,0.0,0.0
deepseekv32maas,processed,3.0,20260938,isotonic_direct,original,0.4299583911234397,-0.2616736014794267
deepseekv32maas,processed,3.0,20260938,isotonic_direct,penalty_prompt,0.5805362921867776,-0.3198797965788257
deepseekv32maas,processed,3.0,20260938,isotonic_direct,always_abstain,0.0004623208506703652,0.0004623208506703652
deepseekv32maas,processed,3.0,20260938,beta,original,0.4294960702727693,-0.2621359223300971
deepseekv32maas,processed,3.0,20260938,beta,penalty_prompt,0.5800739713361073,-0.3203421174294961
deepseekv32maas,processed,3.0,20260938,beta,always_abstain,0.0,0.0
deepseekv32maas,processed,3.0,20260939,isotonic_direct,original,0.3781784558483588,-0.2339343504392048
deepseekv32maas,processed,3.0,20260939,isotonic_direct,penalty_prompt,0.5679519186315303,-0.30723994452149794
deepseekv32maas,processed,3.0,20260939,isotonic_direct,always_abstain,-0.0106333795654184,0.01155802126675913
deepseekv32maas,processed,3.0,20260939,beta,original,0.3888118354137772,-0.24549237170596394
deepseekv32maas,processed,3.0,20260939,beta,penalty_prompt,0.5785852981969487,-0.3187979657882571
deepseekv32maas,processed,3.0,20260939,beta,always_abstain,0.0,0.0
deepseekv32maas,processed,3.0,20260940,isotonic_direct,original,0.36708275543227,-0.24687933425797504
deepseekv32maas,processed,3.0,20260940,isotonic_direct,penalty_prompt,0.5847064262598244,-0.32144244105409153
deepseekv32maas,processed,3.0,20260940,isotonic_direct,always_abstain,0.0009246417013407304,0.0009246417013407304
deepseekv32maas,processed,3.0,20260940,beta,original,0.36615811373092927,-0.24780397595931578
deepseekv32maas,processed,3.0,20260940,beta,penalty_prompt,0.5837817845584836,-0.32236708275543224
deepseekv32maas,processed,3.0,20260940,beta,always_abstain,0.0,0.0
deepseekv32maas,processed,3.0,20260941,isotonic_direct,original,0.37725381414701803,-0.25150254276467865
deepseekv32maas,processed,3.0,20260941,isotonic_direct,penalty_prompt,0.6073324086916319,-0.33147480351363845
deepseekv32maas,processed,3.0,20260941,isotonic_direct,always_abstain,0.0004623208506703652,0.0004623208506703652
deepseekv32maas,processed,3.0,20260941,beta,original,0.37679149329634765,-0.25196486361534903
deepseekv32maas,processed,3.0,20260941,beta,penalty_prompt,0.6068700878409615,-0.33193712436430883
deepseekv32maas,processed,3.0,20260941,beta,always_abstain,0.0,0.0
deepseekv32maas,processed,3.0,20260942,isotonic_direct,original,0.4054553860379103,-0.2510402219140083
deepseekv32maas,processed,3.0,20260942,isotonic_direct,penalty_prompt,0.5818585298196949,-0.3207766990291262
deepseekv32maas,processed,3.0,20260942,isotonic_direct,always_abstain,0.0009246417013407304,0.0009246417013407304
deepseekv32maas,processed,3.0,20260942,beta,original,0.4045307443365696,-0.25196486361534903
deepseekv32maas,processed,3.0,20260942,beta,penalty_prompt,0.5809338881183541,-0.3217013407304669
deepseekv32maas,processed,3.0,20260942,beta,always_abstain,0.0,0.0
deepseekv32maas,processed,3.0,20260943,isotonic_direct,original,0.39944521497919555,-0.2552011095700416
deepseekv32maas,processed,3.0,20260943,isotonic_direct,penalty_prompt,0.6055848358760981,-0.3276005547850208
deepseekv32maas,processed,3.0,20260943,isotonic_direct,always_abstain,0.0009246417013407304,0.0009246417013407304
deepseekv32maas,processed,3.0,20260943,beta,original,0.39852057327785484,-0.2561257512713823
deepseekv32maas,processed,3.0,20260943,beta,penalty_prompt,0.6046601941747574,-0.3285251964863615
deepseekv32maas,processed,3.0,20260943,beta,always_abstain,0.0,0.0
deepseekv32maas,processed,3.0,20260944,isotonic_direct,original,0.4119278779472954,-0.24826629680998613
deepseekv32maas,processed,3.0,20260944,isotonic_direct,penalty_prompt,0.5988996763754046,-0.3223393435043921
deepseekv32maas,processed,3.0,20260944,isotonic_direct,always_abstain,0.0009246417013407304,0.0009246417013407304
deepseekv32maas,processed,3.0,20260944,beta,original,0.4110032362459547,-0.24919093851132687
deepseekv32maas,processed,3.0,20260944,beta,penalty_prompt,0.5979750346740639,-0.3232639852057328
deepseekv32maas,processed,3.0,20260944,beta,always_abstain,0.0,0.0
deepseekv32maas,processed,3.0,20260945,isotonic_direct,original,0.3865002311604253,-0.24040684234858992
deepseekv32maas,processed,3.0,20260945,isotonic_direct,penalty_prompt,0.5993527508090616,-0.32066574202496534
deepseekv32maas,processed,3.0,20260945,isotonic_direct,always_abstain,0.0009246417013407304,0.0009246417013407304
deepseekv32maas,processed,3.0,20260945,beta,original,0.3855755894590846,-0.24133148404993066
deepseekv32maas,processed,3.0,20260945,beta,penalty_prompt,0.5984281091077208,-0.32159038372630605
deepseekv32maas,processed,3.0,20260945,beta,always_abstain,0.0,0.0
deepseekv32maas,processed,3.0,20260946,isotonic_direct,original,0.39528432732316227,-0.24641701340730465
deepseekv32maas,processed,3.0,20260946,isotonic_direct,penalty_prompt,0.5985852981969487,-0.3261303744798891
deepseekv32maas,processed,3.0,20260946,isotonic_direct,always_abstain,0.0009246417013407304,0.0009246417013407304
deepseekv32maas,processed,3.0,20260946,beta,original,0.39435968562182155,-0.2473416551086454
deepseekv32maas,processed,3.0,20260946,beta,penalty_prompt,0.597660656495608,-0.3270550161812298
deepseekv32maas,processed,3.0,20260946,beta,always_abstain,0.0,0.0
deepseekv32maas,processed,3.0,20260947,isotonic_direct,original,0.37216828478964403,-0.2380952380952381
deepseekv32maas,processed,3.0,20260947,isotonic_direct,penalty_prompt,0.5724271844660194,-0.3137494220989367
deepseekv32maas,processed,3.0,20260947,isotonic_direct,always_abstain,0.0004623208506703652,0.0004623208506703652
deepseekv32maas,processed,3.0,20260947,beta,original,0.37170596393897365,-0.23855755894590847
deepseekv32maas,processed,3.0,20260947,beta,penalty_prompt,0.571964863615349,-0.3142117429496071
deepseekv32maas,processed,3.0,20260947,beta,always_abstain,0.0,0.0
deepseekv32maas,processed,3.0,20260948,isotonic_direct,original,0.3869625520110957,-0.2547387887193712
deepseekv32maas,processed,3.0,20260948,isotonic_direct,penalty_prompt,0.5806010171058715,-0.3218862690707351
deepseekv32maas,processed,3.0,20260948,isotonic_direct,always_abstain,0.0,0.0
deepseekv32maas,processed,3.0,20260948,beta,original,0.3869625520110957,-0.2547387887193712
deepseekv32maas,processed,3.0,20260948,beta,penalty_prompt,0.5806010171058715,-0.3218862690707351
deepseekv32maas,processed,3.0,20260948,beta,always_abstain,0.0,0.0
deepseekv32maas,processed,3.0,20260949,isotonic_direct,original,0.4068423485899214,-0.24780397595931578
deepseekv32maas,processed,3.0,20260949,isotonic_direct,penalty_prompt,0.6044475265834489,-0.31997226074895974
deepseekv32maas,processed,3.0,20260949,isotonic_direct,always_abstain,0.0,0.0
deepseekv32maas,processed,3.0,20260949,beta,original,0.4068423485899214,-0.24780397595931578
deepseekv32maas,processed,3.0,20260949,beta,penalty_prompt,0.6044475265834489,-0.31997226074895974
deepseekv32maas,processed,3.0,20260949,beta,always_abstain,0.0,0.0
deepseekv32maas,processed,3.0,20260950,isotonic_direct,original,0.38788719371243646,-0.24456773000462323
deepseekv32maas,processed,3.0,20260950,isotonic_direct,penalty_prompt,0.5987147480351364,-0.32226537216828477
deepseekv32maas,processed,3.0,20260950,isotonic_direct,always_abstain,0.0004623208506703652,0.0004623208506703652
deepseekv32maas,processed,3.0,20260950,beta,original,0.3874248728617661,-0.24503005085529359
deepseekv32maas,processed,3.0,20260950,beta,penalty_prompt,0.598252427184466,-0.32272769301895515
deepseekv32maas,processed,3.0,20260950,beta,always_abstain,0.0,0.0
deepseekv32maas,processed,3.0,20260951,isotonic_direct,original,0.39066111881645865,-0.2565880721220527
deepseekv32maas,processed,3.0,20260951,isotonic_direct,penalty_prompt,0.5657882570503929,-0.3254553860379103
deepseekv32maas,processed,3.0,20260951,isotonic_direct,always_abstain,0.0004623208506703652,0.0004623208506703652
deepseekv32maas,processed,3.0,20260951,beta,original,0.39019879796578827,-0.2570503929727231
deepseekv32maas,processed,3.0,20260951,beta,penalty_prompt,0.5653259361997226,-0.3259177068885807
deepseekv32maas,processed,3.0,20260951,beta,always_abstain,0.0,0.0
deepseekv32maas,processed,3.0,20260952,isotonic_direct,original,0.39620896902450303,-0.2528895053166898
deepseekv32maas,processed,3.0,20260952,isotonic_direct,penalty_prompt,0.5780490060101712,-0.32181229773462783
deepseekv32maas,processed,3.0,20260952,isotonic_direct,always_abstain,0.0,0.0
deepseekv32maas,processed,3.0,20260952,beta,original,0.39620896902450303,-0.2528895053166898
deepseekv32maas,processed,3.0,20260952,beta,penalty_prompt,0.5780490060101712,-0.32181229773462783
deepseekv32maas,processed,3.0,20260952,beta,always_abstain,0.0,0.0
deepseekv32maas,processed,3.0,20260953,isotonic_direct,original,0.38603791030975493,-0.24641701340730465
deepseekv32maas,processed,3.0,20260953,isotonic_direct,penalty_prompt,0.578816458622284,-0.31915857605178
deepseekv32maas,processed,3.0,20260953,isotonic_direct,always_abstain,0.0009246417013407304,0.0009246417013407304
deepseekv32maas,processed,3.0,20260953,beta,original,0.3851132686084142,-0.2473416551086454
deepseekv32maas,processed,3.0,20260953,beta,penalty_prompt,0.5778918169209433,-0.3200832177531207
deepseekv32maas,processed,3.0,20260953,beta,always_abstain,0.0,0.0
deepseekv32maas,processed,3.0,20260954,isotonic_direct,original,0.41932501155802127,-0.25011558021266755
deepseekv32maas,processed,3.0,20260954,isotonic_direct,penalty_prompt,0.5967545076282941,-0.32333795654184
deepseekv32maas,processed,3.0,20260954,isotonic_direct,always_abstain,0.0004623208506703652,0.0004623208506703652
deepseekv32maas,processed,3.0,20260954,beta,original,0.4188626907073509,-0.25057790106333794
deepseekv32maas,processed,3.0,20260954,beta,penalty_prompt,0.5962921867776237,-0.3238002773925104
deepseekv32maas,processed,3.0,20260954,beta,always_abstain,0.0,0.0
deepseekv32maas,processed,3.0,20260955,isotonic_direct,original,0.3767914932963477,-0.24271844660194175
deepseekv32maas,processed,3.0,20260955,isotonic_direct,penalty_prompt,0.592417938049006,-0.321091077207582
deepseekv32maas,processed,3.0,20260955,isotonic_direct,always_abstain,0.0004623208506703652,0.0004623208506703652
deepseekv32maas,processed,3.0,20260955,beta,original,0.3763291724456773,-0.2431807674526121
deepseekv32maas,processed,3.0,20260955,beta,penalty_prompt,0.5919556171983357,-0.3215533980582524
deepseekv32maas,processed,3.0,20260955,beta,always_abstain,0.0,0.0
deepseekv32maas,processed,3.0,20260956,isotonic_direct,original,0.3647711511789182,-0.2473416551086454
deepseekv32maas,processed,3.0,20260956,isotonic_direct,penalty_prompt,0.5821544151641238,-0.3170411465557097
deepseekv32maas,processed,3.0,20260956,isotonic_direct,always_abstain,0.0009246417013407304,0.0009246417013407304
deepseekv32maas,processed,3.0,20260956,beta,original,0.36384650947757746,-0.24826629680998613
deepseekv32maas,processed,3.0,20260956,beta,penalty_prompt,0.581229773462783,-0.3179657882570504
deepseekv32maas,processed,3.0,20260956,beta,always_abstain,0.0,0.0
deepseekv32maas,processed,3.0,20260957,isotonic_direct,original,0.39990753582986593,-0.24919093851132687
deepseekv32maas,processed,3.0,20260957,isotonic_direct,penalty_prompt,0.5838557558945908,-0.3257327785483125
deepseekv32maas,processed,3.0,20260957,isotonic_direct,always_abstain,0.0004623208506703652,0.0004623208506703652
deepseekv32maas,processed,3.0,20260957,beta,original,0.39944521497919555,-0.24965325936199723
deepseekv32maas,processed,3.0,20260957,beta,penalty_prompt,0.5833934350439205,-0.3261950993989829
deepseekv32maas,processed,3.0,20260957,beta,always_abstain,0.0,0.0
deepseekv32maas,processed,3.0,20260958,isotonic_direct,original,0.4216366158113731,-0.2588996763754045
deepseekv32maas,processed,3.0,20260958,isotonic_direct,penalty_prompt,0.5877669902912621,-0.3245214979195562
deepseekv32maas,processed,3.0,20260958,isotonic_direct,always_abstain,0.0004623208506703652,0.0004623208506703652
deepseekv32maas,processed,3.0,20260958,beta,original,0.42117429496070274,-0.2593619972260749
deepseekv32maas,processed,3.0,20260958,beta,penalty_prompt,0.5873046694405918,-0.3249838187702266
deepseekv32maas,processed,3.0,20260958,beta,always_abstain,0.0,0.0
deepseekv32maas,processed,3.0,20260959,isotonic_direct,original,0.3684697179842811,-0.23994452149791956
deepseekv32maas,processed,3.0,20260959,isotonic_direct,penalty_prompt,0.5886916319926029,-0.32818307905686545
deepseekv32maas,processed,3.0,20260959,isotonic_direct,always_abstain,0.0,0.0
deepseekv32maas,processed,3.0,20260959,beta,original,0.3684697179842811,-0.23994452149791956
deepseekv32maas,processed,3.0,20260959,beta,penalty_prompt,0.5886916319926029,-0.32818307905686545
deepseekv32maas,processed,3.0,20260959,beta,always_abstain,0.0,0.0
deepseekv32maas,processed,3.0,20260960,isotonic_direct,original,0.3624595469255663,-0.23855755894590844
deepseekv32maas,processed,3.0,20260960,isotonic_direct,penalty_prompt,0.5873231622746187,-0.3177161349976884
deepseekv32maas,processed,3.0,20260960,isotonic_direct,always_abstain,0.0009246417013407304,0.0009246417013407304
deepseekv32maas,processed,3.0,20260960,beta,original,0.3615349052242256,-0.23948220064724918
deepseekv32maas,processed,3.0,20260960,beta,penalty_prompt,0.5863985205732779,-0.3186407766990291
deepseekv32maas,processed,3.0,20260960,beta,always_abstain,0.0,0.0
deepseekv32maas,processed,3.0,20260961,isotonic_direct,original,0.4003698566805363,-0.24318076745261213
deepseekv32maas,processed,3.0,20260961,isotonic_direct,penalty_prompt,0.5847526583448914,-0.3134442903374942
deepseekv32maas,processed,3.0,20260961,isotonic_direct,always_abstain,-0.0106333795654184,0.009708737864077669
deepseekv32maas,processed,3.0,20260961,beta,original,0.4110032362459547,-0.2528895053166898
deepseekv32maas,processed,3.0,20260961,beta,penalty_prompt,0.5953860379103099,-0.3231530282015719
deepseekv32maas,processed,3.0,20260961,beta,always_abstain,0.0,0.0
deepseekv32maas,processed,3.0,20260962,isotonic_direct,original,0.4128525196486362,-0.2436430883032825
deepseekv32maas,processed,3.0,20260962,isotonic_direct,penalty_prompt,0.5909385113268608,-0.3175404530744337
deepseekv32maas,processed,3.0,20260962,isotonic_direct,always_abstain,0.0,0.0
deepseekv32maas,processed,3.0,20260962,beta,original,0.4128525196486362,-0.2436430883032825
deepseekv32maas,processed,3.0,20260962,beta,penalty_prompt,0.5909385113268608,-0.3175404530744337
deepseekv32maas,processed,3.0,20260962,beta,always_abstain,0.0,0.0
deepseekv32maas,processed,3.0,20260963,isotonic_direct,original,0.39990753582986593,-0.24919093851132687
deepseekv32maas,processed,3.0,20260963,isotonic_direct,penalty_prompt,0.5846417013407303,-0.31895515487748494
deepseekv32maas,processed,3.0,20260963,isotonic_direct,always_abstain,0.0004623208506703652,0.0004623208506703652
deepseekv32maas,processed,3.0,20260963,beta,original,0.39944521497919555,-0.24965325936199723
deepseekv32maas,processed,3.0,20260963,beta,penalty_prompt,0.58417938049006,-0.3194174757281553
deepseekv32maas,processed,3.0,20260963,beta,always_abstain,0.0,0.0
deepseekv32maas,processed,3.0,20260964,isotonic_direct,original,0.4045307443365696,-0.25566343042071193
deepseekv32maas,processed,3.0,20260964,isotonic_direct,penalty_prompt,0.5733055940822931,-0.3184928340268146
deepseekv32maas,processed,3.0,20260964,isotonic_direct,always_abstain,0.0004623208506703652,0.0004623208506703652
deepseekv32maas,processed,3.0,20260964,beta,original,0.4040684234858992,-0.2561257512713823
deepseekv32maas,processed,3.0,20260964,beta,penalty_prompt,0.5728432732316228,-0.318955154877485
deepseekv32maas,processed,3.0,20260964,beta,always_abstain,0.0,0.0
deepseekv32maas,processed,3.0,20260965,isotonic_direct,original,0.39019879796578827,-0.22931114193250113
deepseekv32maas,processed,3.0,20260965,isotonic_direct,penalty_prompt,0.5984835876098012,-0.317207582061951
deepseekv32maas,processed,3.0,20260965,isotonic_direct,always_abstain,-0.010171058714748035,0.010171058714748035
deepseekv32maas,processed,3.0,20260965,beta,original,0.4003698566805363,-0.23948220064724918
deepseekv32maas,processed,3.0,20260965,beta,penalty_prompt,0.6086546463245492,-0.32737864077669904
deepseekv32maas,processed,3.0,20260965,beta,always_abstain,0.0,0.0
deepseekv32maas,processed,3.0,20260966,isotonic_direct,original,0.3957466481738326,-0.2533518261673602
deepseekv32maas,processed,3.0,20260966,isotonic_direct,penalty_prompt,0.5606287563569117,-0.3188164586222839
deepseekv32maas,processed,3.0,20260966,isotonic_direct,always_abstain,0.0009246417013407304,0.0009246417013407304
deepseekv32maas,processed,3.0,20260966,beta,original,0.3948220064724919,-0.2542764678687009
deepseekv32maas,processed,3.0,20260966,beta,penalty_prompt,0.5597041146555709,-0.3197411003236246
deepseekv32maas,processed,3.0,20260966,beta,always_abstain,0.0,0.0
deepseekv32maas,processed,3.0,20260967,isotonic_direct,original,0.3878871937124364,-0.2501155802126676
deepseekv32maas,processed,3.0,20260967,isotonic_direct,penalty_prompt,0.5950624133148404,-0.3279519186315303
deepseekv32maas,processed,3.0,20260967,isotonic_direct,always_abstain,0.0,0.0
deepseekv32maas,processed,3.0,20260967,beta,original,0.3878871937124364,-0.2501155802126676
deepseekv32maas,processed,3.0,20260967,beta,penalty_prompt,0.5950624133148404,-0.3279519186315303
deepseekv32maas,processed,3.0,20260967,beta,always_abstain,0.0,0.0
deepseekv32maas,processed,3.0,20260968,isotonic_direct,original,0.42117429496070274,-0.2538141470180305
deepseekv32maas,processed,3.0,20260968,isotonic_direct,penalty_prompt,0.5846417013407303,-0.3254276467868701
deepseekv32maas,processed,3.0,20260968,isotonic_direct,always_abstain,0.0004623208506703652,0.0004623208506703652
deepseekv32maas,processed,3.0,20260968,beta,original,0.42071197411003236,-0.2542764678687009
deepseekv32maas,processed,3.0,20260968,beta,penalty_prompt,0.58417938049006,-0.32588996763754047
deepseekv32maas,processed,3.0,20260968,beta,always_abstain,0.0,0.0
deepseekv32maas,processed,3.0,20260969,isotonic_direct,original,0.39066111881645865,-0.24179380490060104
deepseekv32maas,processed,3.0,20260969,isotonic_direct,penalty_prompt,0.599796578825705,-0.319001386962552
deepseekv32maas,processed,3.0,20260969,isotonic_direct,always_abstain,0.0004623208506703652,0.0004623208506703652
deepseekv32maas,processed,3.0,20260969,beta,original,0.39019879796578827,-0.2422561257512714
deepseekv32maas,processed,3.0,20260969,beta,penalty_prompt,0.5993342579750347,-0.31946370781322236
deepseekv32maas,processed,3.0,20260969,beta,always_abstain,0.0,0.0
deepseekv32maas,processed,3.0,20260970,isotonic_direct,original,0.3869625520110957,-0.241793804900601
deepseekv32maas,processed,3.0,20260970,isotonic_direct,penalty_prompt,0.6026814609338881,-0.3178548312528895
deepseekv32maas,processed,3.0,20260970,isotonic_direct,always_abstain,0.0009246417013407304,0.0009246417013407304
deepseekv32maas,processed,3.0,20260970,beta,original,0.386037910309755,-0.24271844660194175
deepseekv32maas,processed,3.0,20260970,beta,penalty_prompt,0.6017568192325473,-0.3187794729542302
deepseekv32maas,processed,3.0,20260970,beta,always_abstain,0.0,0.0
deepseekv32maas,processed,3.0,20260971,isotonic_direct,original,0.4165510864539991,-0.2528895053166898
deepseekv32maas,processed,3.0,20260971,isotonic_direct,penalty_prompt,0.6018585298196949,-0.3219325011558022
deepseekv32maas,processed,3.0,20260971,isotonic_direct,always_abstain,0.0009246417013407304,0.0009246417013407304
deepseekv32maas,processed,3.0,20260971,beta,original,0.41562644475265836,-0.2538141470180305
deepseekv32maas,processed,3.0,20260971,beta,penalty_prompt,0.6009338881183541,-0.3228571428571429
deepseekv32maas,processed,3.0,20260971,beta,always_abstain,0.0,0.0
deepseekv32maas,processed,3.0,20260972,isotonic_direct,original,0.3559870550161813,-0.24503005085529359
deepseekv32maas,processed,3.0,20260972,isotonic_direct,penalty_prompt,0.597411003236246,-0.32778548312528893
deepseekv32maas,processed,3.0,20260972,isotonic_direct,always_abstain,0.0004623208506703652,0.0004623208506703652
deepseekv32maas,processed,3.0,20260972,beta,original,0.3555247341655109,-0.24549237170596394
deepseekv32maas,processed,3.0,20260972,beta,penalty_prompt,0.5969486823855756,-0.3282478039759593
deepseekv32maas,processed,3.0,20260972,beta,always_abstain,0.0,0.0
deepseekv32maas,processed,3.0,20260973,isotonic_direct,original,0.3846509477577439,-0.24595469255663432
deepseekv32maas,processed,3.0,20260973,isotonic_direct,penalty_prompt,0.5849560795191863,-0.31693943596856217
deepseekv32maas,processed,3.0,20260973,isotonic_direct,always_abstain,0.0004623208506703652,0.0004623208506703652
deepseekv32maas,processed,3.0,20260973,beta,original,0.3841886269070735,-0.24641701340730468
deepseekv32maas,processed,3.0,20260973,beta,penalty_prompt,0.5844937586685159,-0.31740175681923255
deepseekv32maas,processed,3.0,20260973,beta,always_abstain,0.0,0.0
deepseekv32maas,processed,3.0,20260974,isotonic_direct,original,0.38095238095238093,-0.2533518261673602
deepseekv32maas,processed,3.0,20260974,isotonic_direct,penalty_prompt,0.5895145631067961,-0.32802588996763754
deepseekv32maas,processed,3.0,20260974,isotonic_direct,always_abstain,0.0009246417013407304,0.0009246417013407304
deepseekv32maas,processed,3.0,20260974,beta,original,0.3800277392510402,-0.2542764678687009
deepseekv32maas,processed,3.0,20260974,beta,penalty_prompt,0.5885899214054553,-0.32895053166897825
deepseekv32maas,processed,3.0,20260974,beta,always_abstain,0.0,0.0
deepseekv32maas,processed,3.0,20260975,isotonic_direct,original,0.3920480813684697,-0.2459546925566343
deepseekv32maas,processed,3.0,20260975,isotonic_direct,penalty_prompt,0.6128525196486362,-0.32710124826629683
deepseekv32maas,processed,3.0,20260975,isotonic_direct,always_abstain,0.0009246417013407304,0.0009246417013407304
deepseekv32maas,processed,3.0,20260975,beta,original,0.391123439667129,-0.24687933425797504
deepseekv32maas,processed,3.0,20260975,beta,penalty_prompt,0.6119278779472954,-0.32802588996763754
deepseekv32maas,processed,3.0,20260975,beta,always_abstain,0.0,0.0
deepseekv32maas,processed,3.0,20260976,isotonic_direct,original,0.39528432732316227,-0.24641701340730468
deepseekv32maas,processed,3.0,20260976,isotonic_direct,penalty_prompt,0.5909570041608876,-0.32262598243180773
deepseekv32maas,processed,3.0,20260976,isotonic_direct,always_abstain,0.0004623208506703652,0.0004623208506703652
deepseekv32maas,processed,3.0,20260976,beta,original,0.3948220064724919,-0.24687933425797504
deepseekv32maas,processed,3.0,20260976,beta,penalty_prompt,0.5904946833102173,-0.3230883032824781
deepseekv32maas,processed,3.0,20260976,beta,always_abstain,0.0,0.0
deepseekv32maas,processed,3.0,20260977,isotonic_direct,original,0.39990753582986593,-0.23809523809523808
deepseekv32maas,processed,3.0,20260977,isotonic_direct,penalty_prompt,0.5843088303282478,-0.3141470180305132
deepseekv32maas,processed,3.0,20260977,isotonic_direct,always_abstain,0.0009246417013407304,0.0009246417013407304
deepseekv32maas,processed,3.0,20260977,beta,original,0.3989828941285252,-0.23901987979657882
deepseekv32maas,processed,3.0,20260977,beta,penalty_prompt,0.583384188626907,-0.3150716597318539
deepseekv32maas,processed,3.0,20260977,beta,always_abstain,0.0,0.0
deepseekv32maas,processed,3.0,20260978,isotonic_direct,original,0.3883495145631068,-0.23855755894590844
deepseekv32maas,processed,3.0,20260978,isotonic_direct,penalty_prompt,0.594822006472492,-0.31853906611188165
deepseekv32maas,processed,3.0,20260978,isotonic_direct,always_abstain,0.0009246417013407304,0.0009246417013407304
deepseekv32maas,processed,3.0,20260978,beta,original,0.3874248728617661,-0.23948220064724918
deepseekv32maas,processed,3.0,20260978,beta,penalty_prompt,0.5938973647711512,-0.31946370781322236
deepseekv32maas,processed,3.0,20260978,beta,always_abstain,0.0,0.0
deepseekv32maas,processed,3.0,20260979,isotonic_direct,original,0.3869625520110957,-0.24919093851132687
deepseekv32maas,processed,3.0,20260979,isotonic_direct,penalty_prompt,0.5870920018492835,-0.3180952380952381
deepseekv32maas,processed,3.0,20260979,isotonic_direct,always_abstain,0.0004623208506703652,0.0004623208506703652
deepseekv32maas,processed,3.0,20260979,beta,original,0.3865002311604253,-0.24965325936199723
deepseekv32maas,processed,3.0,20260979,beta,penalty_prompt,0.5866296809986131,-0.3185575589459085
deepseekv32maas,processed,3.0,20260979,beta,always_abstain,0.0,0.0
deepseekv32maas,processed,3.0,20260980,isotonic_direct,original,0.37401756819232546,-0.24919093851132687
deepseekv32maas,processed,3.0,20260980,isotonic_direct,penalty_prompt,0.5744429033749422,-0.32638002773925107
deepseekv32maas,processed,3.0,20260980,isotonic_direct,always_abstain,0.0,0.0
deepseekv32maas,processed,3.0,20260980,beta,original,0.37401756819232546,-0.24919093851132687
deepseekv32maas,processed,3.0,20260980,beta,penalty_prompt,0.5744429033749422,-0.32638002773925107
deepseekv32maas,processed,3.0,20260980,beta,always_abstain,0.0,0.0
deepseekv32maas,processed,3.0,20260981,isotonic_direct,original,0.40221914008321774,-0.2561257512713823
deepseekv32maas,processed,3.0,20260981,isotonic_direct,penalty_prompt,0.5656957928802588,-0.31822468793342584
deepseekv32maas,processed,3.0,20260981,isotonic_direct,always_abstain,0.0,0.0
deepseekv32maas,processed,3.0,20260981,beta,original,0.40221914008321774,-0.2561257512713823
deepseekv32maas,processed,3.0,20260981,beta,penalty_prompt,0.5656957928802588,-0.31822468793342584
deepseekv32maas,processed,3.0,20260981,beta,always_abstain,0.0,0.0
deepseekv32maas,processed,3.0,20260982,isotonic_direct,original,0.38465094775774383,-0.2552011095700416
deepseekv32maas,processed,3.0,20260982,isotonic_direct,penalty_prompt,0.5819140083217754,-0.3236061026352289
deepseekv32maas,processed,3.0,20260982,isotonic_direct,always_abstain,0.0009246417013407304,0.0009246417013407304
deepseekv32maas,processed,3.0,20260982,beta,original,0.3837263060564031,-0.2561257512713823
deepseekv32maas,processed,3.0,20260982,beta,penalty_prompt,0.5809893666204347,-0.3245307443365696
deepseekv32maas,processed,3.0,20260982,beta,always_abstain,0.0,0.0
deepseekv32maas,processed,3.0,20260983,isotonic_direct,original,0.3791030975496995,-0.24040684234858992
deepseekv32maas,processed,3.0,20260983,isotonic_direct,penalty_prompt,0.5940268146093389,-0.3198520573277855
deepseekv32maas,processed,3.0,20260983,isotonic_direct,always_abstain,0.0,0.0
deepseekv32maas,processed,3.0,20260983,beta,original,0.3791030975496995,-0.24040684234858992
deepseekv32maas,processed,3.0,20260983,beta,penalty_prompt,0.5940268146093389,-0.3198520573277855
deepseekv32maas,processed,3.0,20260983,beta,always_abstain,0.0,0.0
deepseekv32maas,processed,3.0,20260984,isotonic_direct,original,0.39805825242718446,-0.2473416551086454
deepseekv32maas,processed,3.0,20260984,isotonic_direct,penalty_prompt,0.5808969024503006,-0.32262598243180773
deepseekv32maas,processed,3.0,20260984,isotonic_direct,always_abstain,0.0009246417013407304,0.0009246417013407304
deepseekv32maas,processed,3.0,20260984,beta,original,0.39713361072584374,-0.24826629680998613
deepseekv32maas,processed,3.0,20260984,beta,penalty_prompt,0.5799722607489598,-0.32355062413314845
deepseekv32maas,processed,3.0,20260984,beta,always_abstain,0.0,0.0
deepseekv32maas,processed,3.0,20260985,isotonic_direct,original,0.4114655570966251,-0.2542764678687009
deepseekv32maas,processed,3.0,20260985,isotonic_direct,penalty_prompt,0.5946278317152104,-0.3237263060564032
deepseekv32maas,processed,3.0,20260985,isotonic_direct,always_abstain,0.0,0.0
deepseekv32maas,processed,3.0,20260985,beta,original,0.4114655570966251,-0.2542764678687009
deepseekv32maas,processed,3.0,20260985,beta,penalty_prompt,0.5946278317152104,-0.3237263060564032
deepseekv32maas,processed,3.0,20260985,beta,always_abstain,0.0,0.0
deepseekv32maas,processed,3.0,20260986,isotonic_direct,original,0.4026814609338881,-0.24641701340730468
deepseekv32maas,processed,3.0,20260986,isotonic_direct,penalty_prompt,0.6097827092001848,-0.32769301895515485
deepseekv32maas,processed,3.0,20260986,isotonic_direct,always_abstain,0.0,0.0
deepseekv32maas,processed,3.0,20260986,beta,original,0.4026814609338881,-0.24641701340730468
deepseekv32maas,processed,3.0,20260986,beta,penalty_prompt,0.6097827092001848,-0.32769301895515485
deepseekv32maas,processed,3.0,20260986,beta,always_abstain,0.0,0.0
deepseekv32maas,processed,3.0,20260987,isotonic_direct,original,0.3855755894590846,-0.24318076745261213
deepseekv32maas,processed,3.0,20260987,isotonic_direct,penalty_prompt,0.5886453999075358,-0.3186500231160425
deepseekv32maas,processed,3.0,20260987,isotonic_direct,always_abstain,0.0004623208506703652,0.0004623208506703652
deepseekv32maas,processed,3.0,20260987,beta,original,0.3851132686084142,-0.2436430883032825
deepseekv32maas,processed,3.0,20260987,beta,penalty_prompt,0.5881830790568655,-0.3191123439667129
deepseekv32maas,processed,3.0,20260987,beta,always_abstain,0.0,0.0
deepseekv32maas,processed,3.0,20260988,isotonic_direct,original,0.42071197411003236,-0.2524271844660194
deepseekv32maas,processed,3.0,20260988,isotonic_direct,penalty_prompt,0.5853444290337495,-0.3227276930189552
deepseekv32maas,processed,3.0,20260988,isotonic_direct,always_abstain,0.0009246417013407304,0.0009246417013407304
deepseekv32maas,processed,3.0,20260988,beta,original,0.41978733240869165,-0.25335182616736013
deepseekv32maas,processed,3.0,20260988,beta,penalty_prompt,0.5844197873324087,-0.3236523347202959
deepseekv32maas,processed,3.0,20260988,beta,always_abstain,0.0,0.0
deepseekv32maas,processed,3.0,20260989,isotonic_direct,original,0.4096162736939436,-0.2598243180767452
deepseekv32maas,processed,3.0,20260989,isotonic_direct,penalty_prompt,0.5985760517799352,-0.33538603791030974
deepseekv32maas,processed,3.0,20260989,isotonic_direct,always_abstain,0.0004623208506703652,0.0004623208506703652
deepseekv32maas,processed,3.0,20260989,beta,original,0.4091539528432732,-0.2602866389274156
deepseekv32maas,processed,3.0,20260989,beta,penalty_prompt,0.5981137309292649,-0.3358483587609801
deepseekv32maas,processed,3.0,20260989,beta,always_abstain,0.0,0.0
deepseekv32maas,processed,3.0,20260990,isotonic_direct,original,0.37170596393897365,-0.24040684234858992
deepseekv32maas,processed,3.0,20260990,isotonic_direct,penalty_prompt,0.5654553860379102,-0.3137679149329635
deepseekv32maas,processed,3.0,20260990,isotonic_direct,always_abstain,0.0,0.0
deepseekv32maas,processed,3.0,20260990,beta,original,0.37170596393897365,-0.24040684234858992
deepseekv32maas,processed,3.0,20260990,beta,penalty_prompt,0.5654553860379102,-0.3137679149329635
deepseekv32maas,processed,3.0,20260990,beta,always_abstain,0.0,0.0
deepseekv32maas,processed,3.0,20260991,isotonic_direct,original,0.38650023116042537,-0.24410540915395285
deepseekv32maas,processed,3.0,20260991,isotonic_direct,penalty_prompt,0.5900970873786408,-0.3203421174294961
deepseekv32maas,processed,3.0,20260991,isotonic_direct,always_abstain,0.0004623208506703652,0.0004623208506703652
deepseekv32maas,processed,3.0,20260991,beta,original,0.386037910309755,-0.2445677300046232
deepseekv32maas,processed,3.0,20260991,beta,penalty_prompt,0.5896347665279704,-0.32080443828016647
deepseekv32maas,processed,3.0,20260991,beta,always_abstain,0.0,0.0
deepseekv32maas,processed,3.0,20260992,isotonic_direct,original,0.3948220064724919,-0.250577901063338
deepseekv32maas,processed,3.0,20260992,isotonic_direct,penalty_prompt,0.616116504854369,-0.3297919556171984
deepseekv32maas,processed,3.0,20260992,isotonic_direct,always_abstain,0.0009246417013407304,0.0009246417013407304
deepseekv32maas,processed,3.0,20260992,beta,original,0.39389736477115117,-0.2515025427646787
deepseekv32maas,processed,3.0,20260992,beta,penalty_prompt,0.6151918631530282,-0.3307165973185391
deepseekv32maas,processed,3.0,20260992,beta,always_abstain,0.0,0.0
deepseekv32maas,processed,3.0,20260993,isotonic_direct,original,0.386037910309755,-0.2408691631992603
deepseekv32maas,processed,3.0,20260993,isotonic_direct,penalty_prompt,0.598862690707351,-0.321340730466944
deepseekv32maas,processed,3.0,20260993,isotonic_direct,always_abstain,0.0004623208506703652,0.0004623208506703652
deepseekv32maas,processed,3.0,20260993,beta,original,0.3855755894590846,-0.24133148404993066
deepseekv32maas,processed,3.0,20260993,beta,penalty_prompt,0.5984003698566807,-0.3218030513176144
deepseekv32maas,processed,3.0,20260993,beta,always_abstain,0.0,0.0
deepseekv32maas,processed,3.0,20260994,isotonic_direct,original,0.39158576051779936,-0.25011558021266755
deepseekv32maas,processed,3.0,20260994,isotonic_direct,penalty_prompt,0.6066851595006935,-0.32786870087840964
deepseekv32maas,processed,3.0,20260994,isotonic_direct,always_abstain,0.0004623208506703652,0.0004623208506703652
deepseekv32maas,processed,3.0,20260994,beta,original,0.391123439667129,-0.25057790106333794
deepseekv32maas,processed,3.0,20260994,beta,penalty_prompt,0.6062228386500231,-0.32833102172908
deepseekv32maas,processed,3.0,20260994,beta,always_abstain,0.0,0.0
deepseekv32maas,processed,3.0,20260995,isotonic_direct,original,0.40083217753120665,-0.24826629680998613
deepseekv32maas,processed,3.0,20260995,isotonic_direct,penalty_prompt,0.6082478039759592,-0.32190476190476197
deepseekv32maas,processed,3.0,20260995,isotonic_direct,always_abstain,0.0,0.0
deepseekv32maas,processed,3.0,20260995,beta,original,0.40083217753120665,-0.24826629680998613
deepseekv32maas,processed,3.0,20260995,beta,penalty_prompt,0.6082478039759592,-0.32190476190476197
deepseekv32maas,processed,3.0,20260995,beta,always_abstain,0.0,0.0
deepseekv32maas,processed,3.0,20260996,isotonic_direct,original,0.4026814609338881,-0.24641701340730468
deepseekv32maas,processed,3.0,20260996,isotonic_direct,penalty_prompt,0.5981692094313453,-0.31204808136846973
deepseekv32maas,processed,3.0,20260996,isotonic_direct,always_abstain,0.0004623208506703652,0.0004623208506703652
deepseekv32maas,processed,3.0,20260996,beta,original,0.40221914008321774,-0.24687933425797504
deepseekv32maas,processed,3.0,20260996,beta,penalty_prompt,0.597706888580675,-0.3125104022191401
deepseekv32maas,processed,3.0,20260996,beta,always_abstain,0.0,0.0
deepseekv32maas,processed,3.0,20260997,isotonic_direct,original,0.40036985668053626,-0.23578363384188628
deepseekv32maas,processed,3.0,20260997,isotonic_direct,penalty_prompt,0.5782431807674527,-0.3091169671752196
deepseekv32maas,processed,3.0,20260997,isotonic_direct,always_abstain,-0.01155802126675913,0.00878409616273694
deepseekv32maas,processed,3.0,20260997,beta,original,0.4119278779472954,-0.2445677300046232
deepseekv32maas,processed,3.0,20260997,beta,penalty_prompt,0.5898012020342118,-0.31790106333795654
deepseekv32maas,processed,3.0,20260997,beta,always_abstain,0.0,0.0
deepseekv32maas,processed,3.0,20260998,isotonic_direct,original,0.39990753582986593,-0.2510402219140083
deepseekv32maas,processed,3.0,20260998,isotonic_direct,penalty_prompt,0.5876652797041145,-0.31574664817383263
deepseekv32maas,processed,3.0,20260998,isotonic_direct,always_abstain,0.0004623208506703652,0.0004623208506703652
deepseekv32maas,processed,3.0,20260998,beta,original,0.39944521497919555,-0.2515025427646787
deepseekv32maas,processed,3.0,20260998,beta,penalty_prompt,0.5872029588534442,-0.316208969024503
deepseekv32maas,processed,3.0,20260998,beta,always_abstain,0.0,0.0
deepseekv32maas,processed,3.0,20260999,isotonic_direct,original,0.3800277392510402,-0.24687933425797504
deepseekv32maas,processed,3.0,20260999,isotonic_direct,penalty_prompt,0.5751363846509477,-0.32143319463707815
deepseekv32maas,processed,3.0,20260999,isotonic_direct,always_abstain,0.0,0.0
deepseekv32maas,processed,3.0,20260999,beta,original,0.3800277392510402,-0.24687933425797504
deepseekv32maas,processed,3.0,20260999,beta,penalty_prompt,0.5751363846509477,-0.32143319463707815
deepseekv32maas,processed,3.0,20260999,beta,always_abstain,0.0,0.0
deepseekv32maas,processed,3.0,20261000,isotonic_direct,original,0.39389736477115117,-0.24410540915395285
deepseekv32maas,processed,3.0,20261000,isotonic_direct,penalty_prompt,0.5861303744798891,-0.3198335644937586
deepseekv32maas,processed,3.0,20261000,isotonic_direct,always_abstain,0.0004623208506703652,0.0004623208506703652
deepseekv32maas,processed,3.0,20261000,beta,original,0.3934350439204808,-0.2445677300046232
deepseekv32maas,processed,3.0,20261000,beta,penalty_prompt,0.5856680536292188,-0.320295885344429
deepseekv32maas,processed,3.0,20261000,beta,always_abstain,0.0,0.0
deepseekv32maas,processed,3.0,20261001,isotonic_direct,original,0.3841886269070735,-0.24826629680998613
deepseekv32maas,processed,3.0,20261001,isotonic_direct,penalty_prompt,0.6036615811373094,-0.3312251502542765
deepseekv32maas,processed,3.0,20261001,isotonic_direct,always_abstain,0.0009246417013407304,0.0009246417013407304
deepseekv32maas,processed,3.0,20261001,beta,original,0.3832639852057328,-0.24919093851132687
deepseekv32maas,processed,3.0,20261001,beta,penalty_prompt,0.6027369394359686,-0.3321497919556172
deepseekv32maas,processed,3.0,20261001,beta,always_abstain,0.0,0.0
deepseekv32maas,processed,3.0,20261002,isotonic_direct,original,0.40129449838187703,-0.24965325936199723
deepseekv32maas,processed,3.0,20261002,isotonic_direct,penalty_prompt,0.5852704576976422,-0.3208414239482201
deepseekv32maas,processed,3.0,20261002,isotonic_direct,always_abstain,0.0,0.0
deepseekv32maas,processed,3.0,20261002,beta,original,0.40129449838187703,-0.24965325936199723
deepseekv32maas,processed,3.0,20261002,beta,penalty_prompt,0.5852704576976422,-0.3208414239482201
deepseekv32maas,processed,3.0,20261002,beta,always_abstain,0.0,0.0
deepseekv32maas,processed,3.0,20261003,isotonic_direct,original,0.41007859454461393,-0.2538141470180305
deepseekv32maas,processed,3.0,20261003,isotonic_direct,penalty_prompt,0.6030143319463709,-0.32395746648173834
deepseekv32maas,processed,3.0,20261003,isotonic_direct,always_abstain,0.0009246417013407304,0.0009246417013407304
deepseekv32maas,processed,3.0,20261003,beta,original,0.4091539528432732,-0.2547387887193712
deepseekv32maas,processed,3.0,20261003,beta,penalty_prompt,0.6020896902450301,-0.32488210818307905
deepseekv32maas,processed,3.0,20261003,beta,always_abstain,0.0,0.0
deepseekv32maas,processed,3.0,20261004,isotonic_direct,original,0.3767914932963477,-0.24826629680998613
deepseekv32maas,processed,3.0,20261004,isotonic_direct,penalty_prompt,0.5767730004623208,-0.3248636153490522
deepseekv32maas,processed,3.0,20261004,isotonic_direct,always_abstain,0.0004623208506703652,0.0004623208506703652
deepseekv32maas,processed,3.0,20261004,beta,original,0.3763291724456773,-0.2487286176606565
deepseekv32maas,processed,3.0,20261004,beta,penalty_prompt,0.5763106796116505,-0.3253259361997226
deepseekv32maas,processed,3.0,20261004,beta,always_abstain,0.0,0.0
deepseekv32maas,processed,3.0,20261005,isotonic_direct,original,0.3781784558483588,-0.25057790106333794
deepseekv32maas,processed,3.0,20261005,isotonic_direct,penalty_prompt,0.5890429958391122,-0.32324549237170597
deepseekv32maas,processed,3.0,20261005,isotonic_direct,always_abstain,0.0004623208506703652,0.0004623208506703652
deepseekv32maas,processed,3.0,20261005,beta,original,0.3777161349976884,-0.2510402219140083
deepseekv32maas,processed,3.0,20261005,beta,penalty_prompt,0.5885806749884419,-0.32370781322237635
deepseekv32maas,processed,3.0,20261005,beta,always_abstain,0.0,0.0
deepseekv32maas,processed,3.0,20261006,isotonic_direct,original,0.3948220064724919,-0.2542764678687009
deepseekv32maas,processed,3.0,20261006,isotonic_direct,penalty_prompt,0.5814054553860379,-0.32285714285714284
deepseekv32maas,processed,3.0,20261006,isotonic_direct,always_abstain,0.0009246417013407304,0.0009246417013407304
deepseekv32maas,processed,3.0,20261006,beta,original,0.39389736477115117,-0.2552011095700416
deepseekv32maas,processed,3.0,20261006,beta,penalty_prompt,0.5804808136846972,-0.32378178455848355
deepseekv32maas,processed,3.0,20261006,beta,always_abstain,0.0,0.0
deepseekv32maas,processed,3.0,20261007,isotonic_direct,original,0.4054553860379103,-0.2510402219140083
deepseekv32maas,processed,3.0,20261007,isotonic_direct,penalty_prompt,0.5975959315765141,-0.32508552935737406
deepseekv32maas,processed,3.0,20261007,isotonic_direct,always_abstain,0.0009246417013407304,0.0009246417013407304
deepseekv32maas,processed,3.0,20261007,beta,original,0.4045307443365696,-0.25196486361534903
deepseekv32maas,processed,3.0,20261007,beta,penalty_prompt,0.5966712898751734,-0.32601017105871477
deepseekv32maas,processed,3.0,20261007,beta,always_abstain,0.0,0.0
deepseekv32maas,processed,3.0,20261008,isotonic_direct,original,0.42071197411003236,-0.2561257512713824
deepseekv32maas,processed,3.0,20261008,isotonic_direct,penalty_prompt,0.6116874711049468,-0.32146093388811836
deepseekv32maas,processed,3.0,20261008,isotonic_direct,always_abstain,0.0009246417013407304,0.0009246417013407304
deepseekv32maas,processed,3.0,20261008,beta,original,0.41978733240869165,-0.2570503929727231
deepseekv32maas,processed,3.0,20261008,beta,penalty_prompt,0.610762829403606,-0.3223855755894591
deepseekv32maas,processed,3.0,20261008,beta,always_abstain,0.0,0.0
deepseekv32maas,processed,3.0,20261009,isotonic_direct,original,0.4156264447526583,-0.2501155802126676
deepseekv32maas,processed,3.0,20261009,isotonic_direct,penalty_prompt,0.5991955617198336,-0.32404068423485904
deepseekv32maas,processed,3.0,20261009,isotonic_direct,always_abstain,0.0009246417013407304,0.0009246417013407304
deepseekv32maas,processed,3.0,20261009,beta,original,0.4147018030513176,-0.2510402219140083
deepseekv32maas,processed,3.0,20261009,beta,penalty_prompt,0.5982709200184928,-0.32496532593619976
deepseekv32maas,processed,3.0,20261009,beta,always_abstain,0.0,0.0
deepseekv32maas,processed,3.0,20261010,isotonic_direct,original,0.4257975034674064,-0.2436430883032825
deepseekv32maas,processed,3.0,20261010,isotonic_direct,penalty_prompt,0.6015811373092927,-0.3219140083217753
deepseekv32maas,processed,3.0,20261010,isotonic_direct,always_abstain,0.0004623208506703652,0.0004623208506703652
deepseekv32maas,processed,3.0,20261010,beta,original,0.42533518261673603,-0.24410540915395285
deepseekv32maas,processed,3.0,20261010,beta,penalty_prompt,0.6011188164586224,-0.3223763291724457
deepseekv32maas,processed,3.0,20261010,beta,always_abstain,0.0,0.0
deepseekv32maas,processed,3.0,20261011,isotonic_direct,original,0.3925104022191401,-0.2473416551086454
deepseekv32maas,processed,3.0,20261011,isotonic_direct,penalty_prompt,0.6030143319463709,-0.32839574664817384
deepseekv32maas,processed,3.0,20261011,isotonic_direct,always_abstain,0.0,0.0
deepseekv32maas,processed,3.0,20261011,beta,original,0.3925104022191401,-0.2473416551086454
deepseekv32maas,processed,3.0,20261011,beta,penalty_prompt,0.6030143319463709,-0.32839574664817384
deepseekv32maas,processed,3.0,20261011,beta,always_abstain,0.0,0.0
deepseekv32maas,processed,3.0,20261012,isotonic_direct,original,0.4123901987979658,-0.24780397595931575
deepseekv32maas,processed,3.0,20261012,isotonic_direct,penalty_prompt,0.6122515025427647,-0.32381877022653727
deepseekv32maas,processed,3.0,20261012,isotonic_direct,always_abstain,0.0009246417013407304,0.0009246417013407304
deepseekv32maas,processed,3.0,20261012,beta,original,0.4114655570966251,-0.2487286176606565
deepseekv32maas,processed,3.0,20261012,beta,penalty_prompt,0.611326860841424,-0.324743411927878
deepseekv32maas,processed,3.0,20261012,beta,always_abstain,0.0,0.0
deepseekv32maas,processed,6.0,20260913,isotonic_direct,original,0.051317614424410546,-0.023116042533518264
deepseekv32maas,processed,6.0,20260913,isotonic_direct,penalty_prompt,1.2438742487286176,-0.3144429033749423
deepseekv32maas,processed,6.0,20260913,isotonic_direct,always_abstain,0.0009246417013407304,0.0009246417013407304
deepseekv32maas,processed,6.0,20260913,beta,original,0.050392972723069814,-0.024040684234858993
deepseekv32maas,processed,6.0,20260913,beta,penalty_prompt,1.242949607027277,-0.315367545076283
deepseekv32maas,processed,6.0,20260913,beta,always_abstain,0.0,0.0
deepseekv32maas,processed,6.0,20260914,isotonic_direct,original,0.049468331021729074,-0.021729079981507166
deepseekv32maas,processed,6.0,20260914,isotonic_direct,penalty_prompt,1.2533610725843738,-0.3099398982894128
deepseekv32maas,processed,6.0,20260914,isotonic_direct,always_abstain,0.0004623208506703652,0.0004623208506703652
deepseekv32maas,processed,6.0,20260914,beta,original,0.04900601017105871,-0.022191400832177532
deepseekv32maas,processed,6.0,20260914,beta,penalty_prompt,1.2528987517337034,-0.3104022191400832
deepseekv32maas,processed,6.0,20260914,beta,always_abstain,0.0,0.0
deepseekv32maas,processed,6.0,20260915,isotonic_direct,original,0.024965325936199722,-0.017105871474803514
deepseekv32maas,processed,6.0,20260915,isotonic_direct,penalty_prompt,1.1966250577901065,-0.30499306518723995
deepseekv32maas,processed,6.0,20260915,isotonic_direct,always_abstain,0.0,0.0
deepseekv32maas,processed,6.0,20260915,beta,original,0.024965325936199722,-0.017105871474803514
deepseekv32maas,processed,6.0,20260915,beta,penalty_prompt,1.1966250577901065,-0.30499306518723995
deepseekv32maas,processed,6.0,20260915,beta,always_abstain,0.0,0.0
deepseekv32maas,processed,6.0,20260916,isotonic_direct,original,0.03559870550161812,-0.019417475728155338
deepseekv32maas,processed,6.0,20260916,isotonic_direct,penalty_prompt,1.2419232547387888,-0.3184003698566805
deepseekv32maas,processed,6.0,20260916,isotonic_direct,always_abstain,0.0004623208506703652,0.0004623208506703652
deepseekv32maas,processed,6.0,20260916,beta,original,0.03513638465094776,-0.019879796578825704
deepseekv32maas,processed,6.0,20260916,beta,penalty_prompt,1.2414609338881184,-0.3188626907073509
deepseekv32maas,processed,6.0,20260916,beta,always_abstain,0.0,0.0
deepseekv32maas,processed,6.0,20260917,isotonic_direct,original,0.053166897827092,-0.0212667591308368
deepseekv32maas,processed,6.0,20260917,isotonic_direct,penalty_prompt,1.1991215903837265,-0.30922792417938055
deepseekv32maas,processed,6.0,20260917,isotonic_direct,always_abstain,0.0004623208506703652,0.0004623208506703652
deepseekv32maas,processed,6.0,20260917,beta,original,0.052704576976421634,-0.021729079981507166
deepseekv32maas,processed,6.0,20260917,beta,penalty_prompt,1.198659269533056,-0.30969024503005094
deepseekv32maas,processed,6.0,20260917,beta,always_abstain,0.0,0.0
deepseekv32maas,processed,6.0,20260918,isotonic_direct,original,0.04299583911234397,-0.021729079981507166
deepseekv32maas,processed,6.0,20260918,isotonic_direct,penalty_prompt,1.2494498381877022,-0.31216828478964403
deepseekv32maas,processed,6.0,20260918,isotonic_direct,always_abstain,0.0,0.0
deepseekv32maas,processed,6.0,20260918,beta,original,0.04299583911234397,-0.021729079981507166
deepseekv32maas,processed,6.0,20260918,beta,penalty_prompt,1.2494498381877022,-0.31216828478964403
deepseekv32maas,processed,6.0,20260918,beta,always_abstain,0.0,0.0
deepseekv32maas,processed,6.0,20260919,isotonic_direct,original,0.03097549699491447,-0.01756819232547388
deepseekv32maas,processed,6.0,20260919,isotonic_direct,penalty_prompt,1.214211742949607,-0.30391123439667134
deepseekv32maas,processed,6.0,20260919,isotonic_direct,always_abstain,0.0009246417013407304,0.0009246417013407304
deepseekv32maas,processed,6.0,20260919,beta,original,0.03005085529357374,-0.01849283402681461
deepseekv32maas,processed,6.0,20260919,beta,penalty_prompt,1.2132871012482664,-0.30483587609801205
deepseekv32maas,processed,6.0,20260919,beta,always_abstain,0.0,0.0
deepseekv32maas,processed,6.0,20260920,isotonic_direct,original,0.03791030975496995,-0.017105871474803514
deepseekv32maas,processed,6.0,20260920,isotonic_direct,penalty_prompt,1.211077207582062,-0.30918169209431345
deepseekv32maas,processed,6.0,20260920,isotonic_direct,always_abstain,0.0,0.0
deepseekv32maas,processed,6.0,20260920,beta,original,0.03791030975496995,-0.017105871474803514
deepseekv32maas,processed,6.0,20260920,beta,penalty_prompt,1.211077207582062,-0.30918169209431345
deepseekv32maas,processed,6.0,20260920,beta,always_abstain,0.0,0.0
deepseekv32maas,processed,6.0,20260921,isotonic_direct,original,0.04068423485899214,-0.020804438280166437
deepseekv32maas,processed,6.0,20260921,isotonic_direct,penalty_prompt,1.2176421636615813,-0.308377253814147
deepseekv32maas,processed,6.0,20260921,isotonic_direct,always_abstain,0.0,0.0
deepseekv32maas,processed,6.0,20260921,beta,original,0.04068423485899214,-0.020804438280166437
deepseekv32maas,processed,6.0,20260921,beta,penalty_prompt,1.2176421636615813,-0.308377253814147
deepseekv32maas,processed,6.0,20260921,beta,always_abstain,0.0,0.0
deepseekv32maas,processed,6.0,20260922,isotonic_direct,original,0.03975959315765141,-0.021729079981507166
deepseekv32maas,processed,6.0,20260922,isotonic_direct,penalty_prompt,1.2286176606564956,-0.3086638927415627
deepseekv32maas,processed,6.0,20260922,isotonic_direct,always_abstain,0.0,0.0
deepseekv32maas,processed,6.0,20260922,beta,original,0.03975959315765141,-0.021729079981507166
deepseekv32maas,processed,6.0,20260922,beta,penalty_prompt,1.2286176606564956,-0.3086638927415627
deepseekv32maas,processed,6.0,20260922,beta,always_abstain,0.0,0.0
deepseekv32maas,processed,6.0,20260923,isotonic_direct,original,0.03744798890429959,-0.020804438280166437
deepseekv32maas,processed,6.0,20260923,isotonic_direct,penalty_prompt,1.2371983356449376,-0.3110864539990754
deepseekv32maas,processed,6.0,20260923,isotonic_direct,always_abstain,0.0009246417013407304,0.0009246417013407304
deepseekv32maas,processed,6.0,20260923,beta,original,0.036523347202958856,-0.021729079981507166
deepseekv32maas,processed,6.0,20260923,beta,penalty_prompt,1.236273693943597,-0.31201109570041613
deepseekv32maas,processed,6.0,20260923,beta,always_abstain,0.0,0.0
deepseekv32maas,processed,6.0,20260924,isotonic_direct,original,0.028663892741562644,-0.019879796578825704
deepseekv32maas,processed,6.0,20260924,isotonic_direct,penalty_prompt,1.1711604253351828,-0.2979657882570504
deepseekv32maas,processed,6.0,20260924,isotonic_direct,always_abstain,0.0004623208506703652,0.0004623208506703652
deepseekv32maas,processed,6.0,20260924,beta,original,0.02820157189089228,-0.02034211742949607
deepseekv32maas,processed,6.0,20260924,beta,penalty_prompt,1.1706981044845124,-0.2984281091077208
deepseekv32maas,processed,6.0,20260924,beta,always_abstain,0.0,0.0
deepseekv32maas,processed,6.0,20260925,isotonic_direct,original,0.044845122515025426,-0.02311604253351826
deepseekv32maas,processed,6.0,20260925,isotonic_direct,penalty_prompt,1.2266389274156264,-0.3125196486361535
deepseekv32maas,processed,6.0,20260925,isotonic_direct,always_abstain,0.0,0.0
deepseekv32maas,processed,6.0,20260925,beta,original,0.044845122515025426,-0.02311604253351826
deepseekv32maas,processed,6.0,20260925,beta,penalty_prompt,1.2266389274156264,-0.3125196486361535
deepseekv32maas,processed,6.0,20260925,beta,always_abstain,0.0,0.0
deepseekv32maas,processed,6.0,20260926,isotonic_direct,original,0.02588996763754045,-0.016181229773462785
deepseekv32maas,processed,6.0,20260926,isotonic_direct,penalty_prompt,1.252649098474341,-0.3099398982894129
deepseekv32maas,processed,6.0,20260926,isotonic_direct,always_abstain,0.0009246417013407304,0.0009246417013407304
deepseekv32maas,processed,6.0,20260926,beta,original,0.024965325936199722,-0.017105871474803514
deepseekv32maas,processed,6.0,20260926,beta,penalty_prompt,1.2517244567730004,-0.3108645399907536
deepseekv32maas,processed,6.0,20260926,beta,always_abstain,0.0,0.0
deepseekv32maas,processed,6.0,20260927,isotonic_direct,original,0.028663892741562644,-0.019879796578825704
deepseekv32maas,processed,6.0,20260927,isotonic_direct,penalty_prompt,1.2411003236245954,-0.3119741100323624
deepseekv32maas,processed,6.0,20260927,isotonic_direct,always_abstain,0.0,0.0
deepseekv32maas,processed,6.0,20260927,beta,original,0.028663892741562644,-0.019879796578825704
deepseekv32maas,processed,6.0,20260927,beta,penalty_prompt,1.2411003236245954,-0.3119741100323624
deepseekv32maas,processed,6.0,20260927,beta,always_abstain,0.0,0.0
deepseekv32maas,processed,6.0,20260928,isotonic_direct,original,0.03097549699491447,-0.01756819232547388
deepseekv32maas,processed,6.0,20260928,isotonic_direct,penalty_prompt,1.1781322237632916,-0.2999260286638928
deepseekv32maas,processed,6.0,20260928,isotonic_direct,always_abstain,0.0009246417013407304,0.0009246417013407304
deepseekv32maas,processed,6.0,20260928,beta,original,0.03005085529357374,-0.01849283402681461
deepseekv32maas,processed,6.0,20260928,beta,penalty_prompt,1.177207582061951,-0.3008506703652335
deepseekv32maas,processed,6.0,20260928,beta,always_abstain,0.0,0.0
deepseekv32maas,processed,6.0,20260929,isotonic_direct,original,0.033287101248266296,-0.01849283402681461
deepseekv32maas,processed,6.0,20260929,isotonic_direct,penalty_prompt,1.2301063337956544,-0.3098936662043458
deepseekv32maas,processed,6.0,20260929,isotonic_direct,always_abstain,0.0004623208506703652,0.0004623208506703652
deepseekv32maas,processed,6.0,20260929,beta,original,0.03282478039759593,-0.018955154877484975
deepseekv32maas,processed,6.0,20260929,beta,penalty_prompt,1.229644012944984,-0.31035598705501616
deepseekv32maas,processed,6.0,20260929,beta,always_abstain,0.0,0.0
deepseekv32maas,processed,6.0,20260930,isotonic_direct,original,0.055940822931114194,-0.02172907998150717
deepseekv32maas,processed,6.0,20260930,isotonic_direct,penalty_prompt,1.225991678224688,-0.30701803051317617
deepseekv32maas,processed,6.0,20260930,isotonic_direct,always_abstain,0.0009246417013407304,0.0009246417013407304
deepseekv32maas,processed,6.0,20260930,beta,original,0.05501618122977346,-0.022653721682847898
deepseekv32maas,processed,6.0,20260930,beta,penalty_prompt,1.2250670365233474,-0.3079426722145169
deepseekv32maas,processed,6.0,20260930,beta,always_abstain,0.0,0.0
deepseekv32maas,processed,6.0,20260931,isotonic_direct,original,0.027276930189551546,-0.021266759130836803
deepseekv32maas,processed,6.0,20260931,isotonic_direct,penalty_prompt,1.1915580212667591,-0.3125843735552474
deepseekv32maas,processed,6.0,20260931,isotonic_direct,always_abstain,0.0009246417013407304,0.0009246417013407304
deepseekv32maas,processed,6.0,20260931,beta,original,0.026352288488210817,-0.022191400832177532
deepseekv32maas,processed,6.0,20260931,beta,penalty_prompt,1.1906333795654185,-0.3135090152565881
deepseekv32maas,processed,6.0,20260931,beta,always_abstain,0.0,0.0
deepseekv32maas,processed,6.0,20260932,isotonic_direct,original,0.042071197411003236,-0.019417475728155338
deepseekv32maas,processed,6.0,20260932,isotonic_direct,penalty_prompt,1.2423393435043921,-0.3100878409616274
deepseekv32maas,processed,6.0,20260932,isotonic_direct,always_abstain,0.0,0.0
deepseekv32maas,processed,6.0,20260932,beta,original,0.042071197411003236,-0.019417475728155338
deepseekv32maas,processed,6.0,20260932,beta,penalty_prompt,1.2423393435043921,-0.3100878409616274
deepseekv32maas,processed,6.0,20260932,beta,always_abstain,0.0,0.0
deepseekv32maas,processed,6.0,20260933,isotonic_direct,original,0.0319001386962552,-0.016643550624133148
deepseekv32maas,processed,6.0,20260933,isotonic_direct,penalty_prompt,1.2342209893666205,-0.3085621821544152
deepseekv32maas,processed,6.0,20260933,isotonic_direct,always_abstain,0.0,0.0
deepseekv32maas,processed,6.0,20260933,beta,original,0.0319001386962552,-0.016643550624133148
deepseekv32maas,processed,6.0,20260933,beta,penalty_prompt,1.2342209893666205,-0.3085621821544152
deepseekv32maas,processed,6.0,20260933,beta,always_abstain,0.0,0.0
deepseekv32maas,processed,6.0,20260934,isotonic_direct,original,0.03513638465094776,-0.01664355062413315
deepseekv32maas,processed,6.0,20260934,isotonic_direct,penalty_prompt,1.178936662043458,-0.30358760980120203
deepseekv32maas,processed,6.0,20260934,isotonic_direct,always_abstain,0.0009246417013407304,0.0009246417013407304
deepseekv32maas,processed,6.0,20260934,beta,original,0.03421174294960703,-0.01756819232547388
deepseekv32maas,processed,6.0,20260934,beta,penalty_prompt,1.1780120203421174,-0.30451225150254274
deepseekv32maas,processed,6.0,20260934,beta,always_abstain,0.0,0.0
deepseekv32maas,processed,6.0,20260935,isotonic_direct,original,0.030975496994914472,-0.017568192325473877
deepseekv32maas,processed,6.0,20260935,isotonic_direct,penalty_prompt,1.1768099861303745,-0.3107628294036061
deepseekv32maas,processed,6.0,20260935,isotonic_direct,always_abstain,0.0004623208506703652,0.0004623208506703652
deepseekv32maas,processed,6.0,20260935,beta,original,0.030513176144244106,-0.018030513176144243
deepseekv32maas,processed,6.0,20260935,beta,penalty_prompt,1.176347665279704,-0.3112251502542765
deepseekv32maas,processed,6.0,20260935,beta,always_abstain,0.0,0.0
deepseekv32maas,processed,6.0,20260936,isotonic_direct,original,0.023578363384188627,-0.015256588072122051
deepseekv32maas,processed,6.0,20260936,isotonic_direct,penalty_prompt,1.2019417475728156,-0.3048543689320389
deepseekv32maas,processed,6.0,20260936,isotonic_direct,always_abstain,0.0009246417013407304,0.0009246417013407304
deepseekv32maas,processed,6.0,20260936,beta,original,0.022653721682847898,-0.016181229773462782
deepseekv32maas,processed,6.0,20260936,beta,penalty_prompt,1.201017105871475,-0.3057790106333796
deepseekv32maas,processed,6.0,20260936,beta,always_abstain,0.0,0.0
deepseekv32maas,processed,6.0,20260937,isotonic_direct,original,0.0545538603791031,-0.019879796578825708
deepseekv32maas,processed,6.0,20260937,isotonic_direct,penalty_prompt,1.2037540453074433,-0.311326860841424
deepseekv32maas,processed,6.0,20260937,isotonic_direct,always_abstain,0.0009246417013407304,0.0009246417013407304
deepseekv32maas,processed,6.0,20260937,beta,original,0.053629218677762366,-0.020804438280166437
deepseekv32maas,processed,6.0,20260937,beta,penalty_prompt,1.2028294036061027,-0.31225150254276474
deepseekv32maas,processed,6.0,20260937,beta,always_abstain,0.0,0.0
deepseekv32maas,processed,6.0,20260938,isotonic_direct,original,0.035136384650947754,-0.02311604253351826
deepseekv32maas,processed,6.0,20260938,isotonic_direct,penalty_prompt,1.2069902912621362,-0.307378640776699
deepseekv32maas,processed,6.0,20260938,isotonic_direct,always_abstain,0.0004623208506703652,0.0004623208506703652
deepseekv32maas,processed,6.0,20260938,beta,original,0.03467406380027739,-0.023578363384188627
deepseekv32maas,processed,6.0,20260938,beta,penalty_prompt,1.2065279704114658,-0.3078409616273694
deepseekv32maas,processed,6.0,20260938,beta,always_abstain,0.0,0.0
deepseekv32maas,processed,6.0,20260939,isotonic_direct,original,0.053629218677762366,-0.024040684234858993
deepseekv32maas,processed,6.0,20260939,isotonic_direct,penalty_prompt,1.1948127600554785,-0.30687008784096165
deepseekv32maas,processed,6.0,20260939,isotonic_direct,always_abstain,0.0,0.0
deepseekv32maas,processed,6.0,20260939,beta,original,0.053629218677762366,-0.024040684234858993
deepseekv32maas,processed,6.0,20260939,beta,penalty_prompt,1.1948127600554785,-0.30687008784096165
deepseekv32maas,processed,6.0,20260939,beta,always_abstain,0.0,0.0
deepseekv32maas,processed,6.0,20260940,isotonic_direct,original,0.042071197411003236,-0.01941747572815534
deepseekv32maas,processed,6.0,20260940,isotonic_direct,penalty_prompt,1.2098844197873326,-0.30920943134535367
deepseekv32maas,processed,6.0,20260940,isotonic_direct,always_abstain,0.0009246417013407304,0.0009246417013407304
deepseekv32maas,processed,6.0,20260940,beta,original,0.041146555709662504,-0.02034211742949607
deepseekv32maas,processed,6.0,20260940,beta,penalty_prompt,1.208959778085992,-0.3101340730466944
deepseekv32maas,processed,6.0,20260940,beta,always_abstain,0.0,0.0
deepseekv32maas,processed,6.0,20260941,isotonic_direct,original,0.042071197411003236,-0.022653721682847894
deepseekv32maas,processed,6.0,20260941,isotonic_direct,penalty_prompt,1.2525566343042074,-0.3194174757281554
deepseekv32maas,processed,6.0,20260941,isotonic_direct,always_abstain,0.0004623208506703652,0.0004623208506703652
deepseekv32maas,processed,6.0,20260941,beta,original,0.04160887656033287,-0.02311604253351826
deepseekv32maas,processed,6.0,20260941,beta,penalty_prompt,1.252094313453537,-0.31987979657882576
deepseekv32maas,processed,6.0,20260941,beta,always_abstain,0.0,0.0
deepseekv32maas,processed,6.0,20260942,isotonic_direct,original,0.03236245954692557,-0.01941747572815534
deepseekv32maas,processed,6.0,20260942,isotonic_direct,penalty_prompt,1.1873046694405918,-0.30538141470180313
deepseekv32maas,processed,6.0,20260942,isotonic_direct,always_abstain,0.0009246417013407304,0.0009246417013407304
deepseekv32maas,processed,6.0,20260942,beta,original,0.03143781784558484,-0.02034211742949607
deepseekv32maas,processed,6.0,20260942,beta,penalty_prompt,1.186380027739251,-0.30630605640314384
deepseekv32maas,processed,6.0,20260942,beta,always_abstain,0.0,0.0
deepseekv32maas,processed,6.0,20260943,isotonic_direct,original,0.03467406380027739,-0.023578363384188627
deepseekv32maas,processed,6.0,20260943,isotonic_direct,penalty_prompt,1.2328895053166895,-0.3120943134535368
deepseekv32maas,processed,6.0,20260943,isotonic_direct,always_abstain,0.0009246417013407304,0.0009246417013407304
deepseekv32maas,processed,6.0,20260943,beta,original,0.03374942209893666,-0.024503005085529356
deepseekv32maas,processed,6.0,20260943,beta,penalty_prompt,1.2319648636153488,-0.3130189551548775
deepseekv32maas,processed,6.0,20260943,beta,always_abstain,0.0,0.0
deepseekv32maas,processed,6.0,20260944,isotonic_direct,original,0.04900601017105872,-0.022191400832177532
deepseekv32maas,processed,6.0,20260944,isotonic_direct,penalty_prompt,1.2270180305131762,-0.309033749422099
deepseekv32maas,processed,6.0,20260944,isotonic_direct,always_abstain,0.0009246417013407304,0.0009246417013407304
deepseekv32maas,processed,6.0,20260944,beta,original,0.048081368469717986,-0.02311604253351826
deepseekv32maas,processed,6.0,20260944,beta,penalty_prompt,1.2260933888118355,-0.3099583911234397
deepseekv32maas,processed,6.0,20260944,beta,always_abstain,0.0,0.0
deepseekv32maas,processed,6.0,20260945,isotonic_direct,original,0.047156726768377254,-0.01756819232547388
deepseekv32maas,processed,6.0,20260945,isotonic_direct,penalty_prompt,1.2279334257975034,-0.30760055478502085
deepseekv32maas,processed,6.0,20260945,isotonic_direct,always_abstain,0.0009246417013407304,0.0009246417013407304
deepseekv32maas,processed,6.0,20260945,beta,original,0.04623208506703652,-0.01849283402681461
deepseekv32maas,processed,6.0,20260945,beta,penalty_prompt,1.2270087840961628,-0.30852519648636156
deepseekv32maas,processed,6.0,20260945,beta,always_abstain,0.0,0.0
deepseekv32maas,processed,6.0,20260946,isotonic_direct,original,0.04114655570966251,-0.02034211742949607
deepseekv32maas,processed,6.0,20260946,isotonic_direct,penalty_prompt,1.2219787332408691,-0.31031900138696256
deepseekv32maas,processed,6.0,20260946,isotonic_direct,always_abstain,0.0009246417013407304,0.0009246417013407304
deepseekv32maas,processed,6.0,20260946,beta,original,0.04022191400832178,-0.0212667591308368
deepseekv32maas,processed,6.0,20260946,beta,penalty_prompt,1.2210540915395285,-0.31124364308830327
deepseekv32maas,processed,6.0,20260946,beta,always_abstain,0.0,0.0
deepseekv32maas,processed,6.0,20260947,isotonic_direct,original,0.01849283402681461,-0.017105871474803514
deepseekv32maas,processed,6.0,20260947,isotonic_direct,penalty_prompt,1.1782061950993992,-0.30043458159963016
deepseekv32maas,processed,6.0,20260947,isotonic_direct,always_abstain,0.0004623208506703652,0.0004623208506703652
deepseekv32maas,processed,6.0,20260947,beta,original,0.018030513176144243,-0.01756819232547388
deepseekv32maas,processed,6.0,20260947,beta,penalty_prompt,1.1777438742487287,-0.30089690245030054
deepseekv32maas,processed,6.0,20260947,beta,always_abstain,0.0,0.0
deepseekv32maas,processed,6.0,20260948,isotonic_direct,original,0.029588534442903373,-0.018955154877484975
deepseekv32maas,processed,6.0,20260948,isotonic_direct,penalty_prompt,1.1842625982431807,-0.30674063800277396
deepseekv32maas,processed,6.0,20260948,isotonic_direct,always_abstain,0.0,0.0
deepseekv32maas,processed,6.0,20260948,beta,original,0.029588534442903373,-0.018955154877484975
deepseekv32maas,processed,6.0,20260948,beta,penalty_prompt,1.1842625982431807,-0.30674063800277396
deepseekv32maas,processed,6.0,20260948,beta,always_abstain,0.0,0.0
deepseekv32maas,processed,6.0,20260949,isotonic_direct,original,0.03744798890429958,-0.020804438280166437
deepseekv32maas,processed,6.0,20260949,isotonic_direct,penalty_prompt,1.2311604253351827,-0.3053444290337494
deepseekv32maas,processed,6.0,20260949,isotonic_direct,always_abstain,0.0,0.0
deepseekv32maas,processed,6.0,20260949,beta,original,0.03744798890429958,-0.020804438280166437
deepseekv32maas,processed,6.0,20260949,beta,penalty_prompt,1.2311604253351827,-0.3053444290337494
deepseekv32maas,processed,6.0,20260949,beta,always_abstain,0.0,0.0
deepseekv32maas,processed,6.0,20260950,isotonic_direct,original,0.038834951456310676,-0.019417475728155338
deepseekv32maas,processed,6.0,20260950,isotonic_direct,penalty_prompt,1.2129357374017569,-0.3067406380027739
deepseekv32maas,processed,6.0,20260950,isotonic_direct,always_abstain,0.0004623208506703652,0.0004623208506703652
deepseekv32maas,processed,6.0,20260950,beta,original,0.038372630605640314,-0.019879796578825704
deepseekv32maas,processed,6.0,20260950,beta,penalty_prompt,1.2124734165510864,-0.3072029588534443
deepseekv32maas,processed,6.0,20260950,beta,always_abstain,0.0,0.0
deepseekv32maas,processed,6.0,20260951,isotonic_direct,original,0.041608876560332866,-0.02311604253351826
deepseekv32maas,processed,6.0,20260951,isotonic_direct,penalty_prompt,1.1818492834026817,-0.31329634766527975
deepseekv32maas,processed,6.0,20260951,isotonic_direct,always_abstain,0.0004623208506703652,0.0004623208506703652
deepseekv32maas,processed,6.0,20260951,beta,original,0.041146555709662504,-0.023578363384188627
deepseekv32maas,processed,6.0,20260951,beta,penalty_prompt,1.1813869625520113,-0.31375866851595013
deepseekv32maas,processed,6.0,20260951,beta,always_abstain,0.0,0.0
deepseekv32maas,processed,6.0,20260952,isotonic_direct,original,0.055940822931114194,-0.021729079981507166
deepseekv32maas,processed,6.0,20260952,isotonic_direct,penalty_prompt,1.182542764678687,-0.30710124826629687
deepseekv32maas,processed,6.0,20260952,isotonic_direct,always_abstain,0.0,0.0
deepseekv32maas,processed,6.0,20260952,beta,original,0.055940822931114194,-0.021729079981507166
deepseekv32maas,processed,6.0,20260952,beta,penalty_prompt,1.182542764678687,-0.30710124826629687
deepseekv32maas,processed,6.0,20260952,beta,always_abstain,0.0,0.0
deepseekv32maas,processed,6.0,20260953,isotonic_direct,original,0.03421174294960703,-0.020804438280166437
deepseekv32maas,processed,6.0,20260953,isotonic_direct,penalty_prompt,1.1936569579288026,-0.30556634304207125
deepseekv32maas,processed,6.0,20260953,isotonic_direct,always_abstain,0.0009246417013407304,0.0009246417013407304
deepseekv32maas,processed,6.0,20260953,beta,original,0.033287101248266296,-0.021729079981507166
deepseekv32maas,processed,6.0,20260953,beta,penalty_prompt,1.192732316227462,-0.30649098474341196
deepseekv32maas,processed,6.0,20260953,beta,always_abstain,0.0,0.0
deepseekv32maas,processed,6.0,20260954,isotonic_direct,original,0.053166897827092,-0.0212667591308368
deepseekv32maas,processed,6.0,20260954,isotonic_direct,penalty_prompt,1.2292926490984744,-0.3110309754969949
deepseekv32maas,processed,6.0,20260954,isotonic_direct,always_abstain,0.0004623208506703652,0.0004623208506703652
deepseekv32maas,processed,6.0,20260954,beta,original,0.052704576976421634,-0.021729079981507166
deepseekv32maas,processed,6.0,20260954,beta,penalty_prompt,1.228830328247804,-0.31149329634766526
deepseekv32maas,processed,6.0,20260954,beta,always_abstain,0.0,0.0
deepseekv32maas,processed,6.0,20260955,isotonic_direct,original,0.0425335182616736,-0.018955154877484972
deepseekv32maas,processed,6.0,20260955,isotonic_direct,penalty_prompt,1.218049006010171,-0.3085529357374018
deepseekv32maas,processed,6.0,20260955,isotonic_direct,always_abstain,0.0004623208506703652,0.0004623208506703652
deepseekv32maas,processed,6.0,20260955,beta,original,0.042071197411003236,-0.019417475728155338
deepseekv32maas,processed,6.0,20260955,beta,penalty_prompt,1.2175866851595005,-0.30901525658807216
deepseekv32maas,processed,6.0,20260955,beta,always_abstain,0.0,0.0
deepseekv32maas,processed,6.0,20260956,isotonic_direct,original,0.03883495145631068,-0.01941747572815534
deepseekv32maas,processed,6.0,20260956,isotonic_direct,penalty_prompt,1.1972353213129912,-0.3037355524734166
deepseekv32maas,processed,6.0,20260956,isotonic_direct,always_abstain,0.0009246417013407304,0.0009246417013407304
deepseekv32maas,processed,6.0,20260956,beta,original,0.03791030975496995,-0.02034211742949607
deepseekv32maas,processed,6.0,20260956,beta,penalty_prompt,1.1963106796116505,-0.3046601941747573
deepseekv32maas,processed,6.0,20260956,beta,always_abstain,0.0,0.0
deepseekv32maas,processed,6.0,20260957,isotonic_direct,original,0.038372630605640314,-0.02311604253351826
deepseekv32maas,processed,6.0,20260957,isotonic_direct,penalty_prompt,1.2069533055940824,-0.3136939435968562
deepseekv32maas,processed,6.0,20260957,isotonic_direct,always_abstain,0.0004623208506703652,0.0004623208506703652
deepseekv32maas,processed,6.0,20260957,beta,original,0.03791030975496995,-0.023578363384188627
deepseekv32maas,processed,6.0,20260957,beta,penalty_prompt,1.206490984743412,-0.3141562644475266
deepseekv32maas,processed,6.0,20260957,beta,always_abstain,0.0,0.0
deepseekv32maas,processed,6.0,20260958,isotonic_direct,original,0.03005085529357374,-0.021729079981507166
deepseekv32maas,processed,6.0,20260958,isotonic_direct,penalty_prompt,1.2109754969949147,-0.3109015256588072
deepseekv32maas,processed,6.0,20260958,isotonic_direct,always_abstain,0.0004623208506703652,0.0004623208506703652
deepseekv32maas,processed,6.0,20260958,beta,original,0.029588534442903373,-0.022191400832177532
deepseekv32maas,processed,6.0,20260958,beta,penalty_prompt,1.2105131761442443,-0.31136384650947757
deepseekv32maas,processed,6.0,20260958,beta,always_abstain,0.0,0.0
deepseekv32maas,processed,6.0,20260959,isotonic_direct,original,0.029588534442903373,-0.018955154877484975
deepseekv32maas,processed,6.0,20260959,isotonic_direct,penalty_prompt,1.22290337494221,-0.3150254276467869
deepseekv32maas,processed,6.0,20260959,isotonic_direct,always_abstain,0.0,0.0
deepseekv32maas,processed,6.0,20260959,beta,original,0.029588534442903373,-0.018955154877484975
deepseekv32maas,processed,6.0,20260959,beta,penalty_prompt,1.22290337494221,-0.3150254276467869
deepseekv32maas,processed,6.0,20260959,beta,always_abstain,0.0,0.0
deepseekv32maas,processed,6.0,20260960,isotonic_direct,original,0.03097549699491447,-0.01756819232547388
deepseekv32maas,processed,6.0,20260960,isotonic_direct,penalty_prompt,1.2008506703652335,-0.30510402219140087
deepseekv32maas,processed,6.0,20260960,isotonic_direct,always_abstain,0.0009246417013407304,0.0009246417013407304
deepseekv32maas,processed,6.0,20260960,beta,original,0.03005085529357374,-0.01849283402681461
deepseekv32maas,processed,6.0,20260960,beta,penalty_prompt,1.1999260286638929,-0.3060286638927416
deepseekv32maas,processed,6.0,20260960,beta,always_abstain,0.0,0.0
deepseekv32maas,processed,6.0,20260961,isotonic_direct,original,0.0517799352750809,-0.019417475728155338
deepseekv32maas,processed,6.0,20260961,isotonic_direct,penalty_prompt,1.2116504854368935,-0.3082200647249191
deepseekv32maas,processed,6.0,20260961,isotonic_direct,always_abstain,0.0004623208506703652,0.0004623208506703652
deepseekv32maas,processed,6.0,20260961,beta,original,0.05131761442441054,-0.019879796578825704
deepseekv32maas,processed,6.0,20260961,beta,penalty_prompt,1.211188164586223,-0.30868238557558947
deepseekv32maas,processed,6.0,20260961,beta,always_abstain,0.0,0.0
deepseekv32maas,processed,6.0,20260962,isotonic_direct,original,0.058714748035136384,-0.018955154877484975
deepseekv32maas,processed,6.0,20260962,isotonic_direct,penalty_prompt,1.2184466019417475,-0.3050485436893204
deepseekv32maas,processed,6.0,20260962,isotonic_direct,always_abstain,0.0,0.0
deepseekv32maas,processed,6.0,20260962,beta,original,0.058714748035136384,-0.018955154877484975
deepseekv32maas,processed,6.0,20260962,beta,penalty_prompt,1.2184466019417475,-0.3050485436893204
deepseekv32maas,processed,6.0,20260962,beta,always_abstain,0.0,0.0
deepseekv32maas,processed,6.0,20260963,isotonic_direct,original,0.041608876560332866,-0.019879796578825704
deepseekv32maas,processed,6.0,20260963,isotonic_direct,penalty_prompt,1.2087193712436433,-0.30493758668515947
deepseekv32maas,processed,6.0,20260963,isotonic_direct,always_abstain,0.0004623208506703652,0.0004623208506703652
deepseekv32maas,processed,6.0,20260963,beta,original,0.041146555709662504,-0.02034211742949607
deepseekv32maas,processed,6.0,20260963,beta,penalty_prompt,1.2082570503929728,-0.30539990753582985
deepseekv32maas,processed,6.0,20260963,beta,always_abstain,0.0,0.0
deepseekv32maas,processed,6.0,20260964,isotonic_direct,original,0.03975959315765141,-0.021729079981507166
deepseekv32maas,processed,6.0,20260964,isotonic_direct,penalty_prompt,1.1975774387424873,-0.30883032824780393
deepseekv32maas,processed,6.0,20260964,isotonic_direct,always_abstain,0.0004623208506703652,0.0004623208506703652
deepseekv32maas,processed,6.0,20260964,beta,original,0.039297272306981046,-0.022191400832177532
deepseekv32maas,processed,6.0,20260964,beta,penalty_prompt,1.197115117891817,-0.3092926490984743
deepseekv32maas,processed,6.0,20260964,beta,always_abstain,0.0,0.0
deepseekv32maas,processed,6.0,20260965,isotonic_direct,original,0.045307443365695796,-0.01941747572815534
deepseekv32maas,processed,6.0,20260965,isotonic_direct,penalty_prompt,1.2523624595469256,-0.3137216828478964
deepseekv32maas,processed,6.0,20260965,isotonic_direct,always_abstain,0.0009246417013407304,0.0009246417013407304
deepseekv32maas,processed,6.0,20260965,beta,original,0.044382801664355064,-0.02034211742949607
deepseekv32maas,processed,6.0,20260965,beta,penalty_prompt,1.251437817845585,-0.31464632454923713
deepseekv32maas,processed,6.0,20260965,beta,always_abstain,0.0,0.0
deepseekv32maas,processed,6.0,20260966,isotonic_direct,original,0.03005085529357374,-0.01849283402681461
deepseekv32maas,processed,6.0,20260966,isotonic_direct,penalty_prompt,1.165695792880259,-0.3058899676375405
deepseekv32maas,processed,6.0,20260966,isotonic_direct,always_abstain,0.0009246417013407304,0.0009246417013407304
deepseekv32maas,processed,6.0,20260966,beta,original,0.02912621359223301,-0.019417475728155338
deepseekv32maas,processed,6.0,20260966,beta,penalty_prompt,1.1647711511789183,-0.3068146093388812
deepseekv32maas,processed,6.0,20260966,beta,always_abstain,0.0,0.0
deepseekv32maas,processed,6.0,20260967,isotonic_direct,original,0.03744798890429958,-0.020804438280166437
deepseekv32maas,processed,6.0,20260967,isotonic_direct,penalty_prompt,1.2272399445214976,-0.31457235321312993
deepseekv32maas,processed,6.0,20260967,isotonic_direct,always_abstain,0.0,0.0
deepseekv32maas,processed,6.0,20260967,beta,original,0.03744798890429958,-0.020804438280166437
deepseekv32maas,processed,6.0,20260967,beta,penalty_prompt,1.2272399445214976,-0.31457235321312993
deepseekv32maas,processed,6.0,20260967,beta,always_abstain,0.0,0.0
deepseekv32maas,processed,6.0,20260968,isotonic_direct,original,0.037910309754969944,-0.017105871474803514
deepseekv32maas,processed,6.0,20260968,isotonic_direct,penalty_prompt,1.2064077669902913,-0.31294498381877023
deepseekv32maas,processed,6.0,20260968,isotonic_direct,always_abstain,0.0004623208506703652,0.0004623208506703652
deepseekv32maas,processed,6.0,20260968,beta,original,0.03744798890429958,-0.01756819232547388
deepseekv32maas,processed,6.0,20260968,beta,penalty_prompt,1.2059454461396208,-0.3134073046694406
deepseekv32maas,processed,6.0,20260968,beta,always_abstain,0.0,0.0
deepseekv32maas,processed,6.0,20260969,isotonic_direct,original,0.037910309754969944,-0.02034211742949607
deepseekv32maas,processed,6.0,20260969,isotonic_direct,penalty_prompt,1.2180767452612113,-0.3045769764216366
deepseekv32maas,processed,6.0,20260969,isotonic_direct,always_abstain,0.0004623208506703652,0.0004623208506703652
deepseekv32maas,processed,6.0,20260969,beta,original,0.03744798890429958,-0.020804438280166437
deepseekv32maas,processed,6.0,20260969,beta,penalty_prompt,1.217614424410541,-0.305039297272307
deepseekv32maas,processed,6.0,20260969,beta,always_abstain,0.0,0.0
deepseekv32maas,processed,6.0,20260970,isotonic_direct,original,0.03559870550161812,-0.01941747572815534
deepseekv32maas,processed,6.0,20260970,isotonic_direct,penalty_prompt,1.2131484049930652,-0.3018030513176145
deepseekv32maas,processed,6.0,20260970,isotonic_direct,always_abstain,0.0009246417013407304,0.0009246417013407304
deepseekv32maas,processed,6.0,20260970,beta,original,0.03467406380027739,-0.02034211742949607
deepseekv32maas,processed,6.0,20260970,beta,penalty_prompt,1.2122237632917245,-0.3027276930189552
deepseekv32maas,processed,6.0,20260970,beta,always_abstain,0.0,0.0
deepseekv32maas,processed,6.0,20260971,isotonic_direct,original,0.0439204808136847,-0.020804438280166437
deepseekv32maas,processed,6.0,20260971,isotonic_direct,penalty_prompt,1.2375312066574202,-0.3103005085529358
deepseekv32maas,processed,6.0,20260971,isotonic_direct,always_abstain,0.0009246417013407304,0.0009246417013407304
deepseekv32maas,processed,6.0,20260971,beta,original,0.04299583911234397,-0.021729079981507166
deepseekv32maas,processed,6.0,20260971,beta,penalty_prompt,1.2366065649560796,-0.3112251502542765
deepseekv32maas,processed,6.0,20260971,beta,always_abstain,0.0,0.0
deepseekv32maas,processed,6.0,20260972,isotonic_direct,original,0.041608876560332866,-0.02311604253351826
deepseekv32maas,processed,6.0,20260972,isotonic_direct,penalty_prompt,1.227286176606565,-0.3138141470180305
deepseekv32maas,processed,6.0,20260972,isotonic_direct,always_abstain,0.0004623208506703652,0.0004623208506703652
deepseekv32maas,processed,6.0,20260972,beta,original,0.041146555709662504,-0.023578363384188627
deepseekv32maas,processed,6.0,20260972,beta,penalty_prompt,1.2268238557558946,-0.3142764678687009
deepseekv32maas,processed,6.0,20260972,beta,always_abstain,0.0,0.0
deepseekv32maas,processed,6.0,20260973,isotonic_direct,original,0.032362459546925564,-0.019417475728155338
deepseekv32maas,processed,6.0,20260973,isotonic_direct,penalty_prompt,1.193684697179843,-0.30411465557096623
deepseekv32maas,processed,6.0,20260973,isotonic_direct,always_abstain,0.0004623208506703652,0.0004623208506703652
deepseekv32maas,processed,6.0,20260973,beta,original,0.0319001386962552,-0.019879796578825704
deepseekv32maas,processed,6.0,20260973,beta,penalty_prompt,1.1932223763291725,-0.3045769764216366
deepseekv32maas,processed,6.0,20260973,beta,always_abstain,0.0,0.0
deepseekv32maas,processed,6.0,20260974,isotonic_direct,original,0.04900601017105872,-0.022191400832177532
deepseekv32maas,processed,6.0,20260974,isotonic_direct,penalty_prompt,1.2222838650023116,-0.3147387887193713
deepseekv32maas,processed,6.0,20260974,isotonic_direct,always_abstain,0.0009246417013407304,0.0009246417013407304
deepseekv32maas,processed,6.0,20260974,beta,original,0.048081368469717986,-0.02311604253351826
deepseekv32maas,processed,6.0,20260974,beta,penalty_prompt,1.221359223300971,-0.315663430420712
deepseekv32maas,processed,6.0,20260974,beta,always_abstain,0.0,0.0
deepseekv32maas,processed,6.0,20260975,isotonic_direct,original,0.03559870550161812,-0.01941747572815534
deepseekv32maas,processed,6.0,20260975,isotonic_direct,penalty_prompt,1.2533240869163198,-0.3117891816920943
deepseekv32maas,processed,6.0,20260975,isotonic_direct,always_abstain,0.0009246417013407304,0.0009246417013407304
deepseekv32maas,processed,6.0,20260975,beta,original,0.03467406380027739,-0.02034211742949607
deepseekv32maas,processed,6.0,20260975,beta,penalty_prompt,1.2523994452149791,-0.312713823393435
deepseekv32maas,processed,6.0,20260975,beta,always_abstain,0.0,0.0
deepseekv32maas,processed,6.0,20260976,isotonic_direct,original,0.047156726768377254,-0.020804438280166433
deepseekv32maas,processed,6.0,20260976,isotonic_direct,penalty_prompt,1.2147387887193712,-0.30940360610263523
deepseekv32maas,processed,6.0,20260976,isotonic_direct,always_abstain,0.0004623208506703652,0.0004623208506703652
deepseekv32maas,processed,6.0,20260976,beta,original,0.04669440591770689,-0.0212667591308368
deepseekv32maas,processed,6.0,20260976,beta,penalty_prompt,1.2142764678687008,-0.3098659269533056
deepseekv32maas,processed,6.0,20260976,beta,always_abstain,0.0,0.0
deepseekv32maas,processed,6.0,20260977,isotonic_direct,original,0.04299583911234397,-0.01849283402681461
deepseekv32maas,processed,6.0,20260977,isotonic_direct,penalty_prompt,1.2166897827092003,-0.30408691631992607
deepseekv32maas,processed,6.0,20260977,isotonic_direct,always_abstain,0.0009246417013407304,0.0009246417013407304
deepseekv32maas,processed,6.0,20260977,beta,original,0.042071197411003236,-0.019417475728155338
deepseekv32maas,processed,6.0,20260977,beta,penalty_prompt,1.2157651410078596,-0.3050115580212668
deepseekv32maas,processed,6.0,20260977,beta,always_abstain,0.0,0.0
deepseekv32maas,processed,6.0,20260978,isotonic_direct,original,0.036523347202958856,-0.01849283402681461
deepseekv32maas,processed,6.0,20260978,isotonic_direct,penalty_prompt,1.213666204345816,-0.3049745723532132
deepseekv32maas,processed,6.0,20260978,isotonic_direct,always_abstain,0.0009246417013407304,0.0009246417013407304
deepseekv32maas,processed,6.0,20260978,beta,original,0.03559870550161812,-0.019417475728155338
deepseekv32maas,processed,6.0,20260978,beta,penalty_prompt,1.2127415626444753,-0.3058992140545539
deepseekv32maas,processed,6.0,20260978,beta,always_abstain,0.0,0.0
deepseekv32maas,processed,6.0,20260979,isotonic_direct,original,0.03005085529357374,-0.01849283402681461
deepseekv32maas,processed,6.0,20260979,isotonic_direct,penalty_prompt,1.2107720758206195,-0.3053444290337494
deepseekv32maas,processed,6.0,20260979,isotonic_direct,always_abstain,0.0004623208506703652,0.0004623208506703652
deepseekv32maas,processed,6.0,20260979,beta,original,0.029588534442903373,-0.018955154877484975
deepseekv32maas,processed,6.0,20260979,beta,penalty_prompt,1.210309754969949,-0.3058067498844198
deepseekv32maas,processed,6.0,20260979,beta,always_abstain,0.0,0.0
deepseekv32maas,processed,6.0,20260980,isotonic_direct,original,0.038372630605640314,-0.02311604253351826
deepseekv32maas,processed,6.0,20260980,isotonic_direct,penalty_prompt,1.1873971336107256,-0.3128617660656496
deepseekv32maas,processed,6.0,20260980,isotonic_direct,always_abstain,0.0,0.0
deepseekv32maas,processed,6.0,20260980,beta,original,0.038372630605640314,-0.02311604253351826
deepseekv32maas,processed,6.0,20260980,beta,penalty_prompt,1.1873971336107256,-0.3128617660656496
deepseekv32maas,processed,6.0,20260980,beta,always_abstain,0.0,0.0
deepseekv32maas,processed,6.0,20260981,isotonic_direct,original,0.041146555709662504,-0.023578363384188627
deepseekv32maas,processed,6.0,20260981,isotonic_direct,penalty_prompt,1.172168284789644,-0.30647249190938514
deepseekv32maas,processed,6.0,20260981,isotonic_direct,always_abstain,0.0,0.0
deepseekv32maas,processed,6.0,20260981,beta,original,0.041146555709662504,-0.023578363384188627
deepseekv32maas,processed,6.0,20260981,beta,penalty_prompt,1.172168284789644,-0.30647249190938514
deepseekv32maas,processed,6.0,20260981,beta,always_abstain,0.0,0.0
deepseekv32maas,processed,6.0,20260982,isotonic_direct,original,0.029588534442903373,-0.022191400832177532
deepseekv32maas,processed,6.0,20260982,isotonic_direct,penalty_prompt,1.2082847896440128,-0.3107443365695793
deepseekv32maas,processed,6.0,20260982,isotonic_direct,always_abstain,0.0009246417013407304,0.0009246417013407304
deepseekv32maas,processed,6.0,20260982,beta,original,0.028663892741562644,-0.02311604253351826
deepseekv32maas,processed,6.0,20260982,beta,penalty_prompt,1.207360147942672,-0.31166897827092
deepseekv32maas,processed,6.0,20260982,beta,always_abstain,0.0,0.0
deepseekv32maas,processed,6.0,20260983,isotonic_direct,original,0.03374942209893666,-0.018030513176144243
deepseekv32maas,processed,6.0,20260983,isotonic_direct,penalty_prompt,1.2215718908922792,-0.30813684697179844
deepseekv32maas,processed,6.0,20260983,isotonic_direct,always_abstain,0.0,0.0
deepseekv32maas,processed,6.0,20260983,beta,original,0.03374942209893666,-0.018030513176144243
deepseekv32maas,processed,6.0,20260983,beta,penalty_prompt,1.2215718908922792,-0.30813684697179844
deepseekv32maas,processed,6.0,20260983,beta,always_abstain,0.0,0.0
deepseekv32maas,processed,6.0,20260984,isotonic_direct,original,0.04345815996301433,-0.021266759130836803
deepseekv32maas,processed,6.0,20260984,isotonic_direct,penalty_prompt,1.2024595469255663,-0.3092556634304207
deepseekv32maas,processed,6.0,20260984,isotonic_direct,always_abstain,0.0009246417013407304,0.0009246417013407304
deepseekv32maas,processed,6.0,20260984,beta,original,0.0425335182616736,-0.022191400832177532
deepseekv32maas,processed,6.0,20260984,beta,penalty_prompt,1.2015349052242257,-0.3101803051317614
deepseekv32maas,processed,6.0,20260984,beta,always_abstain,0.0,0.0
deepseekv32maas,processed,6.0,20260985,isotonic_direct,original,0.042071197411003236,-0.022653721682847898
deepseekv32maas,processed,6.0,20260985,isotonic_direct,penalty_prompt,1.2288673139158577,-0.3110679611650485
deepseekv32maas,processed,6.0,20260985,isotonic_direct,always_abstain,0.0,0.0
deepseekv32maas,processed,6.0,20260985,beta,original,0.042071197411003236,-0.022653721682847898
deepseekv32maas,processed,6.0,20260985,beta,penalty_prompt,1.2288673139158577,-0.3110679611650485
deepseekv32maas,processed,6.0,20260985,beta,always_abstain,0.0,0.0
deepseekv32maas,processed,6.0,20260986,isotonic_direct,original,0.029588534442903373,-0.018955154877484975
deepseekv32maas,processed,6.0,20260986,isotonic_direct,penalty_prompt,1.248488210818308,-0.31332408691631997
deepseekv32maas,processed,6.0,20260986,isotonic_direct,always_abstain,0.0,0.0
deepseekv32maas,processed,6.0,20260986,beta,original,0.029588534442903373,-0.018955154877484975
deepseekv32maas,processed,6.0,20260986,beta,penalty_prompt,1.248488210818308,-0.31332408691631997
deepseekv32maas,processed,6.0,20260986,beta,always_abstain,0.0,0.0
deepseekv32maas,processed,6.0,20260987,isotonic_direct,original,0.04022191400832177,-0.0212667591308368
deepseekv32maas,processed,6.0,20260987,isotonic_direct,penalty_prompt,1.1961534905224225,-0.30268146093388815
deepseekv32maas,processed,6.0,20260987,isotonic_direct,always_abstain,0.0004623208506703652,0.0004623208506703652
deepseekv32maas,processed,6.0,20260987,beta,original,0.03975959315765141,-0.021729079981507166
deepseekv32maas,processed,6.0,20260987,beta,penalty_prompt,1.195691169671752,-0.30314378178455853
deepseekv32maas,processed,6.0,20260987,beta,always_abstain,0.0,0.0
deepseekv32maas,processed,6.0,20260988,isotonic_direct,original,0.058714748035136384,-0.022191400832177532
deepseekv32maas,processed,6.0,20260988,isotonic_direct,penalty_prompt,1.2084697179842812,-0.30939435968562184
deepseekv32maas,processed,6.0,20260988,isotonic_direct,always_abstain,0.0009246417013407304,0.0009246417013407304
deepseekv32maas,processed,6.0,20260988,beta,original,0.05779010633379565,-0.02311604253351826
deepseekv32maas,processed,6.0,20260988,beta,penalty_prompt,1.2075450762829405,-0.31031900138696256
deepseekv32maas,processed,6.0,20260988,beta,always_abstain,0.0,0.0
deepseekv32maas,processed,6.0,20260989,isotonic_direct,original,0.046694405917706884,-0.024503005085529356
deepseekv32maas,processed,6.0,20260989,isotonic_direct,penalty_prompt,1.2457790106333795,-0.323088303282478
deepseekv32maas,processed,6.0,20260989,isotonic_direct,always_abstain,0.0004623208506703652,0.0004623208506703652
deepseekv32maas,processed,6.0,20260989,beta,original,0.04623208506703652,-0.024965325936199722
deepseekv32maas,processed,6.0,20260989,beta,penalty_prompt,1.245316689782709,-0.3235506241331484
deepseekv32maas,processed,6.0,20260989,beta,always_abstain,0.0,0.0
deepseekv32maas,processed,6.0,20260990,isotonic_direct,original,0.047619047619047616,-0.023578363384188627
deepseekv32maas,processed,6.0,20260990,isotonic_direct,penalty_prompt,1.1630235783633842,-0.30183079056865464
deepseekv32maas,processed,6.0,20260990,isotonic_direct,always_abstain,0.0,0.0
deepseekv32maas,processed,6.0,20260990,beta,original,0.047619047619047616,-0.023578363384188627
deepseekv32maas,processed,6.0,20260990,beta,penalty_prompt,1.1630235783633842,-0.30183079056865464
deepseekv32maas,processed,6.0,20260990,beta,always_abstain,0.0,0.0
deepseekv32maas,processed,6.0,20260991,isotonic_direct,original,0.03005085529357374,-0.01849283402681461
deepseekv32maas,processed,6.0,20260991,isotonic_direct,penalty_prompt,1.1990291262135924,-0.30427184466019414
deepseekv32maas,processed,6.0,20260991,isotonic_direct,always_abstain,0.0004623208506703652,0.0004623208506703652
deepseekv32maas,processed,6.0,20260991,beta,original,0.029588534442903373,-0.018955154877484975
deepseekv32maas,processed,6.0,20260991,beta,penalty_prompt,1.198566805362922,-0.3047341655108645
deepseekv32maas,processed,6.0,20260991,beta,always_abstain,0.0,0.0
deepseekv32maas,processed,6.0,20260992,isotonic_direct,original,0.044382801664355064,-0.02034211742949607
deepseekv32maas,processed,6.0,20260992,isotonic_direct,penalty_prompt,1.2668700878409616,-0.3170134073046695
deepseekv32maas,processed,6.0,20260992,isotonic_direct,always_abstain,0.0009246417013407304,0.0009246417013407304
deepseekv32maas,processed,6.0,20260992,beta,original,0.04345815996301433,-0.0212667591308368
deepseekv32maas,processed,6.0,20260992,beta,penalty_prompt,1.265945446139621,-0.3179380490060102
deepseekv32maas,processed,6.0,20260992,beta,always_abstain,0.0,0.0
deepseekv32maas,processed,6.0,20260993,isotonic_direct,original,0.04623208506703652,-0.015256588072122055
deepseekv32maas,processed,6.0,20260993,isotonic_direct,penalty_prompt,1.2366897827092003,-0.30809986130374484
deepseekv32maas,processed,6.0,20260993,isotonic_direct,always_abstain,0.0004623208506703652,0.0004623208506703652
deepseekv32maas,processed,6.0,20260993,beta,original,0.04576976421636616,-0.01571890892279242
deepseekv32maas,processed,6.0,20260993,beta,penalty_prompt,1.2362274618585298,-0.3085621821544152
deepseekv32maas,processed,6.0,20260993,beta,always_abstain,0.0,0.0
deepseekv32maas,processed,6.0,20260994,isotonic_direct,original,0.049468331021729074,-0.021729079981507166
deepseekv32maas,processed,6.0,20260994,isotonic_direct,penalty_prompt,1.2390568654646326,-0.31414701803051315
deepseekv32maas,processed,6.0,20260994,isotonic_direct,always_abstain,0.0004623208506703652,0.0004623208506703652
deepseekv32maas,processed,6.0,20260994,beta,original,0.04900601017105871,-0.022191400832177532
deepseekv32maas,processed,6.0,20260994,beta,penalty_prompt,1.2385945446139621,-0.31460933888118353
deepseekv32maas,processed,6.0,20260994,beta,always_abstain,0.0,0.0
deepseekv32maas,processed,6.0,20260995,isotonic_direct,original,0.0425335182616736,-0.01571890892279242
deepseekv32maas,processed,6.0,20260995,isotonic_direct,penalty_prompt,1.2510124826629683,-0.309375866851595
deepseekv32maas,processed,6.0,20260995,isotonic_direct,always_abstain,0.0,0.0
deepseekv32maas,processed,6.0,20260995,beta,original,0.0425335182616736,-0.01571890892279242
deepseekv32maas,processed,6.0,20260995,beta,penalty_prompt,1.2510124826629683,-0.309375866851595
deepseekv32maas,processed,6.0,20260995,beta,always_abstain,0.0,0.0
deepseekv32maas,processed,6.0,20260996,isotonic_direct,original,0.038834951456310676,-0.019417475728155338
deepseekv32maas,processed,6.0,20260996,isotonic_direct,penalty_prompt,1.2152935737401758,-0.2988811835413777
deepseekv32maas,processed,6.0,20260996,isotonic_direct,always_abstain,0.0004623208506703652,0.0004623208506703652
deepseekv32maas,processed,6.0,20260996,beta,original,0.038372630605640314,-0.019879796578825704
deepseekv32maas,processed,6.0,20260996,beta,penalty_prompt,1.2148312528895053,-0.2993435043920481
deepseekv32maas,processed,6.0,20260996,beta,always_abstain,0.0,0.0
deepseekv32maas,processed,6.0,20260997,isotonic_direct,original,0.05779010633379565,-0.019879796578825704
deepseekv32maas,processed,6.0,20260997,isotonic_direct,penalty_prompt,1.2071567267683772,-0.3037170596393898
deepseekv32maas,processed,6.0,20260997,isotonic_direct,always_abstain,0.0,0.0
deepseekv32maas,processed,6.0,20260997,beta,original,0.05779010633379565,-0.019879796578825704
deepseekv32maas,processed,6.0,20260997,beta,penalty_prompt,1.2071567267683772,-0.3037170596393898
deepseekv32maas,processed,6.0,20260997,beta,always_abstain,0.0,0.0
deepseekv32maas,processed,6.0,20260998,isotonic_direct,original,0.043920480813684694,-0.017568192325473877
deepseekv32maas,processed,6.0,20260998,isotonic_direct,penalty_prompt,1.2070272769301897,-0.3030050855293574
deepseekv32maas,processed,6.0,20260998,isotonic_direct,always_abstain,0.0004623208506703652,0.0004623208506703652
deepseekv32maas,processed,6.0,20260998,beta,original,0.04345815996301433,-0.018030513176144243
deepseekv32maas,processed,6.0,20260998,beta,penalty_prompt,1.2065649560795193,-0.3034674063800278
deepseekv32maas,processed,6.0,20260998,beta,always_abstain,0.0,0.0
deepseekv32maas,processed,6.0,20260999,isotonic_direct,original,0.03559870550161812,-0.022653721682847898
deepseekv32maas,processed,6.0,20260999,isotonic_direct,penalty_prompt,1.191742949607027,-0.307286176606565
deepseekv32maas,processed,6.0,20260999,isotonic_direct,always_abstain,0.0,0.0
deepseekv32maas,processed,6.0,20260999,beta,original,0.03559870550161812,-0.022653721682847898
deepseekv32maas,processed,6.0,20260999,beta,penalty_prompt,1.191742949607027,-0.307286176606565
deepseekv32maas,processed,6.0,20260999,beta,always_abstain,0.0,0.0
deepseekv32maas,processed,6.0,20261000,isotonic_direct,original,0.052704576976421634,-0.021729079981507166
deepseekv32maas,processed,6.0,20261000,isotonic_direct,penalty_prompt,1.219417475728155,-0.30828478964401296
deepseekv32maas,processed,6.0,20261000,isotonic_direct,always_abstain,0.0004623208506703652,0.0004623208506703652
deepseekv32maas,processed,6.0,20261000,beta,original,0.05224225612575127,-0.022191400832177532
deepseekv32maas,processed,6.0,20261000,beta,penalty_prompt,1.2189551548774846,-0.30874711049468334
deepseekv32maas,processed,6.0,20261000,beta,always_abstain,0.0,0.0
deepseekv32maas,processed,6.0,20261001,isotonic_direct,original,0.044382801664355064,-0.02034211742949607
deepseekv32maas,processed,6.0,20261001,isotonic_direct,penalty_prompt,1.2277854831252888,-0.31499768839574666
deepseekv32maas,processed,6.0,20261001,isotonic_direct,always_abstain,0.0009246417013407304,0.0009246417013407304
deepseekv32maas,processed,6.0,20261001,beta,original,0.04345815996301433,-0.0212667591308368
deepseekv32maas,processed,6.0,20261001,beta,penalty_prompt,1.2268608414239481,-0.31592233009708737
deepseekv32maas,processed,6.0,20261001,beta,always_abstain,0.0,0.0
deepseekv32maas,processed,6.0,20261002,isotonic_direct,original,0.03282478039759593,-0.018955154877484975
deepseekv32maas,processed,6.0,20261002,isotonic_direct,penalty_prompt,1.1915672676837725,-0.3057790106333795
deepseekv32maas,processed,6.0,20261002,isotonic_direct,always_abstain,0.0,0.0
deepseekv32maas,processed,6.0,20261002,beta,original,0.03282478039759593,-0.018955154877484975
deepseekv32maas,processed,6.0,20261002,beta,penalty_prompt,1.1915672676837725,-0.3057790106333795
deepseekv32maas,processed,6.0,20261002,beta,always_abstain,0.0,0.0
deepseekv32maas,processed,6.0,20261003,isotonic_direct,original,0.04669440591770689,-0.021266759130836803
deepseekv32maas,processed,6.0,20261003,isotonic_direct,penalty_prompt,1.237549699491447,-0.3118354137771614
deepseekv32maas,processed,6.0,20261003,isotonic_direct,always_abstain,0.0009246417013407304,0.0009246417013407304
deepseekv32maas,processed,6.0,20261003,beta,original,0.04576976421636616,-0.022191400832177532
deepseekv32maas,processed,6.0,20261003,beta,penalty_prompt,1.2366250577901063,-0.3127600554785021
deepseekv32maas,processed,6.0,20261003,beta,always_abstain,0.0,0.0
deepseekv32maas,processed,6.0,20261004,isotonic_direct,original,0.032824780397595926,-0.018955154877484972
deepseekv32maas,processed,6.0,20261004,isotonic_direct,penalty_prompt,1.1970503929727232,-0.3110402219140083
deepseekv32maas,processed,6.0,20261004,isotonic_direct,always_abstain,0.0004623208506703652,0.0004623208506703652
deepseekv32maas,processed,6.0,20261004,beta,original,0.032362459546925564,-0.019417475728155338
deepseekv32maas,processed,6.0,20261004,beta,penalty_prompt,1.1965880721220528,-0.3115025427646787
deepseekv32maas,processed,6.0,20261004,beta,always_abstain,0.0,0.0
deepseekv32maas,processed,6.0,20261005,isotonic_direct,original,0.04576976421636616,-0.018955154877484972
deepseekv32maas,processed,6.0,20261005,isotonic_direct,penalty_prompt,1.2162182154415166,-0.30980120203421174
deepseekv32maas,processed,6.0,20261005,isotonic_direct,always_abstain,0.0004623208506703652,0.0004623208506703652
deepseekv32maas,processed,6.0,20261005,beta,original,0.045307443365695796,-0.019417475728155338
deepseekv32maas,processed,6.0,20261005,beta,penalty_prompt,1.2157558945908462,-0.3102635228848821
deepseekv32maas,processed,6.0,20261005,beta,always_abstain,0.0,0.0
deepseekv32maas,processed,6.0,20261006,isotonic_direct,original,0.038372630605640314,-0.019879796578825708
deepseekv32maas,processed,6.0,20261006,isotonic_direct,penalty_prompt,1.1970966250577901,-0.3107350901525659
deepseekv32maas,processed,6.0,20261006,isotonic_direct,always_abstain,0.0009246417013407304,0.0009246417013407304
deepseekv32maas,processed,6.0,20261006,beta,original,0.03744798890429958,-0.020804438280166437
deepseekv32maas,processed,6.0,20261006,beta,penalty_prompt,1.1961719833564495,-0.3116597318539066
deepseekv32maas,processed,6.0,20261006,beta,always_abstain,0.0,0.0
deepseekv32maas,processed,6.0,20261007,isotonic_direct,original,0.02820157189089228,-0.017105871474803514
deepseekv32maas,processed,6.0,20261007,isotonic_direct,penalty_prompt,1.2352843273231622,-0.3128062875635691
deepseekv32maas,processed,6.0,20261007,isotonic_direct,always_abstain,0.0009246417013407304,0.0009246417013407304
deepseekv32maas,processed,6.0,20261007,beta,original,0.02727693018955155,-0.018030513176144243
deepseekv32maas,processed,6.0,20261007,beta,penalty_prompt,1.2343596856218215,-0.3137309292649098
deepseekv32maas,processed,6.0,20261007,beta,always_abstain,0.0,0.0
deepseekv32maas,processed,6.0,20261008,isotonic_direct,original,0.04854368932038835,-0.01941747572815534
deepseekv32maas,processed,6.0,20261008,isotonic_direct,penalty_prompt,1.2379472954230237,-0.30716597318539074
deepseekv32maas,processed,6.0,20261008,isotonic_direct,always_abstain,0.0009246417013407304,0.0009246417013407304
deepseekv32maas,processed,6.0,20261008,beta,original,0.047619047619047616,-0.02034211742949607
deepseekv32maas,processed,6.0,20261008,beta,penalty_prompt,1.237022653721683,-0.30809061488673145
deepseekv32maas,processed,6.0,20261008,beta,always_abstain,0.0,0.0
deepseekv32maas,processed,6.0,20261009,isotonic_direct,original,0.04623208506703653,-0.02172907998150717
deepseekv32maas,processed,6.0,20261009,isotonic_direct,penalty_prompt,1.2300785945446138,-0.312122052704577
deepseekv32maas,processed,6.0,20261009,isotonic_direct,always_abstain,0.0009246417013407304,0.0009246417013407304
deepseekv32maas,processed,6.0,20261009,beta,original,0.045307443365695796,-0.022653721682847898
deepseekv32maas,processed,6.0,20261009,beta,penalty_prompt,1.2291539528432731,-0.3130466944059177
deepseekv32maas,processed,6.0,20261009,beta,always_abstain,0.0,0.0
deepseekv32maas,processed,6.0,20261010,isotonic_direct,original,0.037910309754969944,-0.017105871474803514
deepseekv32maas,processed,6.0,20261010,isotonic_direct,penalty_prompt,1.2156726768377255,-0.30626907073509013
deepseekv32maas,processed,6.0,20261010,isotonic_direct,always_abstain,0.0004623208506703652,0.0004623208506703652
deepseekv32maas,processed,6.0,20261010,beta,original,0.03744798890429958,-0.01756819232547388
deepseekv32maas,processed,6.0,20261010,beta,penalty_prompt,1.215210355987055,-0.3067313915857605
deepseekv32maas,processed,6.0,20261010,beta,always_abstain,0.0,0.0
deepseekv32maas,processed,6.0,20261011,isotonic_direct,original,0.056865464632454926,-0.024040684234858993
deepseekv32maas,processed,6.0,20261011,isotonic_direct,penalty_prompt,1.231373092926491,-0.3137401756819233
deepseekv32maas,processed,6.0,20261011,isotonic_direct,always_abstain,0.0,0.0
deepseekv32maas,processed,6.0,20261011,beta,original,0.056865464632454926,-0.024040684234858993
deepseekv32maas,processed,6.0,20261011,beta,penalty_prompt,1.231373092926491,-0.3137401756819233
deepseekv32maas,processed,6.0,20261011,beta,always_abstain,0.0,0.0
deepseekv32maas,processed,6.0,20261012,isotonic_direct,original,0.0439204808136847,-0.020804438280166437
deepseekv32maas,processed,6.0,20261012,isotonic_direct,penalty_prompt,1.246768377253814,-0.3088950531668979
deepseekv32maas,processed,6.0,20261012,isotonic_direct,always_abstain,0.0009246417013407304,0.0009246417013407304
deepseekv32maas,processed,6.0,20261012,beta,original,0.04299583911234397,-0.021729079981507166
deepseekv32maas,processed,6.0,20261012,beta,penalty_prompt,1.2458437355524734,-0.3098196948682386
deepseekv32maas,processed,6.0,20261012,beta,always_abstain,0.0,0.0
deepseekv32maas,raw,0.0,20260913,isotonic_direct,original,0.0,0.0
deepseekv32maas,raw,0.0,20260913,isotonic_direct,penalty_prompt,0.019990753582986603,-0.005316689782709272
deepseekv32maas,raw,0.0,20260913,isotonic_direct,always_abstain,0.18261673601479428,0.9824318076745261
deepseekv32maas,raw,0.0,20260913,beta,original,0.0,0.0
deepseekv32maas,raw,0.0,20260913,beta,penalty_prompt,0.019990753582986603,-0.005316689782709272
deepseekv32maas,raw,0.0,20260913,beta,always_abstain,0.18261673601479428,0.9824318076745261
deepseekv32maas,raw,0.0,20260914,isotonic_direct,original,0.0,0.0
deepseekv32maas,raw,0.0,20260914,isotonic_direct,penalty_prompt,0.019916782246879317,-0.002357836338418795
deepseekv32maas,raw,0.0,20260914,isotonic_direct,always_abstain,0.18169209431345354,0.9833564493758669
deepseekv32maas,raw,0.0,20260914,beta,original,0.0,0.0
deepseekv32maas,raw,0.0,20260914,beta,penalty_prompt,0.019916782246879317,-0.002357836338418795
deepseekv32maas,raw,0.0,20260914,beta,always_abstain,0.18169209431345354,0.9833564493758669
deepseekv32maas,raw,0.0,20260915,isotonic_direct,original,0.0,0.0
deepseekv32maas,raw,0.0,20260915,isotonic_direct,penalty_prompt,0.026564956079519197,-0.0054553860379104036
deepseekv32maas,raw,0.0,20260915,isotonic_direct,always_abstain,0.19186315302820156,0.9805825242718447
deepseekv32maas,raw,0.0,20260915,beta,original,0.0,0.0
deepseekv32maas,raw,0.0,20260915,beta,penalty_prompt,0.026564956079519197,-0.0054553860379104036
deepseekv32maas,raw,0.0,20260915,beta,always_abstain,0.19186315302820156,0.9805825242718447
deepseekv32maas,raw,0.0,20260916,isotonic_direct,original,0.0,0.0
deepseekv32maas,raw,0.0,20260916,isotonic_direct,penalty_prompt,0.031067961165048535,-0.0010448451225151256
deepseekv32maas,raw,0.0,20260916,isotonic_direct,always_abstain,0.20388349514563106,0.986130374479889
deepseekv32maas,raw,0.0,20260916,beta,original,0.0,0.0
deepseekv32maas,raw,0.0,20260916,beta,penalty_prompt,0.031067961165048535,-0.0010448451225151256
deepseekv32maas,raw,0.0,20260916,beta,always_abstain,0.20388349514563106,0.986130374479889
deepseekv32maas,raw,0.0,20260917,isotonic_direct,original,0.0,0.0
deepseekv32maas,raw,0.0,20260917,isotonic_direct,penalty_prompt,0.023448913546000927,-9.246417013419883e-05
deepseekv32maas,raw,0.0,20260917,isotonic_direct,always_abstain,0.19186315302820156,0.9842810910772076
deepseekv32maas,raw,0.0,20260917,beta,original,0.0,0.0
deepseekv32maas,raw,0.0,20260917,beta,penalty_prompt,0.023448913546000927,-9.246417013419883e-05
deepseekv32maas,raw,0.0,20260917,beta,always_abstain,0.19186315302820156,0.9842810910772076
deepseekv32maas,raw,0.0,20260918,isotonic_direct,original,0.0,0.0
deepseekv32maas,raw,0.0,20260918,isotonic_direct,penalty_prompt,0.024447526583448898,-0.004299583911234306
deepseekv32maas,raw,0.0,20260918,isotonic_direct,always_abstain,0.18631530282015718,0.9819694868238558
deepseekv32maas,raw,0.0,20260918,beta,original,0.0,0.0
deepseekv32maas,raw,0.0,20260918,beta,penalty_prompt,0.024447526583448898,-0.004299583911234306
deepseekv32maas,raw,0.0,20260918,beta,always_abstain,0.18631530282015718,0.9819694868238558
deepseekv32maas,raw,0.0,20260919,isotonic_direct,original,0.0,0.0
deepseekv32maas,raw,0.0,20260919,isotonic_direct,penalty_prompt,0.027933425797503464,-0.004086916319926082
deepseekv32maas,raw,0.0,20260919,isotonic_direct,always_abstain,0.18770226537216828,0.9815071659731854
deepseekv32maas,raw,0.0,20260919,beta,original,0.0,0.0
deepseekv32maas,raw,0.0,20260919,beta,penalty_prompt,0.027933425797503464,-0.004086916319926082
deepseekv32maas,raw,0.0,20260919,beta,always_abstain,0.18770226537216828,0.9815071659731854
deepseekv32maas,raw,0.0,20260920,isotonic_direct,original,0.0,0.0
deepseekv32maas,raw,0.0,20260920,isotonic_direct,penalty_prompt,0.01798428109107722,-0.002866389274156167
deepseekv32maas,raw,0.0,20260920,isotonic_direct,always_abstain,0.18261673601479428,0.9828941285251965
deepseekv32maas,raw,0.0,20260920,beta,original,0.0,0.0
deepseekv32maas,raw,0.0,20260920,beta,penalty_prompt,0.01798428109107722,-0.002866389274156167
deepseekv32maas,raw,0.0,20260920,beta,always_abstain,0.18261673601479428,0.9828941285251965
deepseekv32maas,raw,0.0,20260921,isotonic_direct,original,0.0,0.0
deepseekv32maas,raw,0.0,20260921,isotonic_direct,penalty_prompt,0.019509939898289447,-0.004123901987979739
deepseekv32maas,raw,0.0,20260921,isotonic_direct,always_abstain,0.18677762367082756,0.9838187702265372
deepseekv32maas,raw,0.0,20260921,beta,original,0.0,0.0
deepseekv32maas,raw,0.0,20260921,beta,penalty_prompt,0.019509939898289447,-0.004123901987979739
deepseekv32maas,raw,0.0,20260921,beta,always_abstain,0.18677762367082756,0.9838187702265372
deepseekv32maas,raw,0.0,20260922,isotonic_direct,original,0.0,0.0
deepseekv32maas,raw,0.0,20260922,isotonic_direct,penalty_prompt,0.026564956079519197,-0.0002404068423486061
deepseekv32maas,raw,0.0,20260922,isotonic_direct,always_abstain,0.18770226537216828,0.9852057327785483
deepseekv32maas,raw,0.0,20260922,beta,original,0.0,0.0
deepseekv32maas,raw,0.0,20260922,beta,penalty_prompt,0.026564956079519197,-0.0002404068423486061
deepseekv32maas,raw,0.0,20260922,beta,always_abstain,0.18770226537216828,0.9852057327785483
deepseekv32maas,raw,0.0,20260923,isotonic_direct,original,0.0,0.0
deepseekv32maas,raw,0.0,20260923,isotonic_direct,penalty_prompt,0.024826629680998635,-0.0020989366620434158
deepseekv32maas,raw,0.0,20260923,isotonic_direct,always_abstain,0.18539066111881647,0.984743411927878
deepseekv32maas,raw,0.0,20260923,beta,original,0.0,0.0
deepseekv32maas,raw,0.0,20260923,beta,penalty_prompt,0.024826629680998635,-0.0020989366620434158
deepseekv32maas,raw,0.0,20260923,beta,always_abstain,0.18539066111881647,0.984743411927878
deepseekv32maas,raw,0.0,20260924,isotonic_direct,original,0.0,0.0
deepseekv32maas,raw,0.0,20260924,isotonic_direct,penalty_prompt,0.026463245492371695,0.0022376329172446585
deepseekv32maas,raw,0.0,20260924,isotonic_direct,always_abstain,0.1900138696255201,0.986130374479889
deepseekv32maas,raw,0.0,20260924,beta,original,0.0,0.0
deepseekv32maas,raw,0.0,20260924,beta,penalty_prompt,0.026463245492371695,0.0022376329172446585
deepseekv32maas,raw,0.0,20260924,beta,always_abstain,0.1900138696255201,0.986130374479889
deepseekv32maas,raw,0.0,20260925,isotonic_direct,original,0.0,0.0
deepseekv32maas,raw,0.0,20260925,isotonic_direct,penalty_prompt,0.02208044382801666,-0.001386962552011095
deepseekv32maas,raw,0.0,20260925,isotonic_direct,always_abstain,0.18955154877484975,0.9828941285251965
deepseekv32maas,raw,0.0,20260925,beta,original,0.0,0.0
deepseekv32maas,raw,0.0,20260925,beta,penalty_prompt,0.02208044382801666,-0.001386962552011095
deepseekv32maas,raw,0.0,20260925,beta,always_abstain,0.18955154877484975,0.9828941285251965
deepseekv32maas,raw,0.0,20260926,isotonic_direct,original,0.0,0.0
deepseekv32maas,raw,0.0,20260926,isotonic_direct,penalty_prompt,0.02373555247341652,-0.00669440591770698
deepseekv32maas,raw,0.0,20260926,isotonic_direct,always_abstain,0.1821544151641239,0.9796578825705039
deepseekv32maas,raw,0.0,20260926,beta,original,0.0,0.0
deepseekv32maas,raw,0.0,20260926,beta,penalty_prompt,0.02373555247341652,-0.00669440591770698
deepseekv32maas,raw,0.0,20260926,beta,always_abstain,0.1821544151641239,0.9796578825705039
deepseekv32maas,raw,0.0,20260927,isotonic_direct,original,0.0,0.0
deepseekv32maas,raw,0.0,20260927,isotonic_direct,penalty_prompt,0.023744798890429963,-0.0031900138696255853
deepseekv32maas,raw,0.0,20260927,isotonic_direct,always_abstain,0.18631530282015718,0.9833564493758669
deepseekv32maas,raw,0.0,20260927,beta,original,0.0,0.0
deepseekv32maas,raw,0.0,20260927,beta,penalty_prompt,0.023744798890429963,-0.0031900138696255853
deepseekv32maas,raw,0.0,20260927,beta,always_abstain,0.18631530282015718,0.9833564493758669
deepseekv32maas,raw,0.0,20260928,isotonic_direct,original,0.0,0.0
deepseekv32maas,raw,0.0,20260928,isotonic_direct,penalty_prompt,0.02554785020804437,-0.0026722145168746048
deepseekv32maas,raw,0.0,20260928,isotonic_direct,always_abstain,0.18862690707350901,0.9824318076745261
deepseekv32maas,raw,0.0,20260928,beta,original,0.0,0.0
deepseekv32maas,raw,0.0,20260928,beta,penalty_prompt,0.02554785020804437,-0.0026722145168746048
deepseekv32maas,raw,0.0,20260928,beta,always_abstain,0.18862690707350901,0.9824318076745261
deepseekv32maas,raw,0.0,20260929,isotonic_direct,original,0.0,0.0
deepseekv32maas,raw,0.0,20260929,isotonic_direct,penalty_prompt,0.02429958391123438,-0.0005547850208043048
deepseekv32maas,raw,0.0,20260929,isotonic_direct,always_abstain,0.18862690707350901,0.9856680536292187
deepseekv32maas,raw,0.0,20260929,beta,original,0.0,0.0
deepseekv32maas,raw,0.0,20260929,beta,penalty_prompt,0.02429958391123438,-0.0005547850208043048
deepseekv32maas,raw,0.0,20260929,beta,always_abstain,0.18862690707350901,0.9856680536292187
deepseekv32maas,raw,0.0,20260930,isotonic_direct,original,0.0,0.0
deepseekv32maas,raw,0.0,20260930,isotonic_direct,penalty_prompt,0.01914932963476651,-0.0024965325936198157
deepseekv32maas,raw,0.0,20260930,isotonic_direct,always_abstain,0.18261673601479428,0.9819694868238558
deepseekv32maas,raw,0.0,20260930,beta,original,0.0,0.0
deepseekv32maas,raw,0.0,20260930,beta,penalty_prompt,0.01914932963476651,-0.0024965325936198157
deepseekv32maas,raw,0.0,20260930,beta,always_abstain,0.18261673601479428,0.9819694868238558
deepseekv32maas,raw,0.0,20260931,isotonic_direct,original,0.0,0.0
deepseekv32maas,raw,0.0,20260931,isotonic_direct,penalty_prompt,0.015672676837725358,-0.001322237632917278
deepseekv32maas,raw,0.0,20260931,isotonic_direct,always_abstain,0.18631530282015718,0.984743411927878
deepseekv32maas,raw,0.0,20260931,beta,original,0.0,0.0
deepseekv32maas,raw,0.0,20260931,beta,penalty_prompt,0.015672676837725358,-0.001322237632917278
deepseekv32maas,raw,0.0,20260931,beta,always_abstain,0.18631530282015718,0.984743411927878
deepseekv32maas,raw,0.0,20260932,isotonic_direct,original,0.0,0.0
deepseekv32maas,raw,0.0,20260932,isotonic_direct,penalty_prompt,0.023310217290799823,-0.003153028201571706
deepseekv32maas,raw,0.0,20260932,isotonic_direct,always_abstain,0.18400369856680537,0.9828941285251965
deepseekv32maas,raw,0.0,20260932,beta,original,0.0,0.0
deepseekv32maas,raw,0.0,20260932,beta,penalty_prompt,0.023310217290799823,-0.003153028201571706
deepseekv32maas,raw,0.0,20260932,beta,always_abstain,0.18400369856680537,0.9828941285251965
deepseekv32maas,raw,0.0,20260933,isotonic_direct,original,0.0,0.0
deepseekv32maas,raw,0.0,20260933,isotonic_direct,penalty_prompt,0.016042533518261654,-0.0031252889505317683
deepseekv32maas,raw,0.0,20260933,isotonic_direct,always_abstain,0.1793804900601017,0.9833564493758669
deepseekv32maas,raw,0.0,20260933,beta,original,0.0,0.0
deepseekv32maas,raw,0.0,20260933,beta,penalty_prompt,0.016042533518261654,-0.0031252889505317683
deepseekv32maas,raw,0.0,20260933,beta,always_abstain,0.1793804900601017,0.9833564493758669
deepseekv32maas,raw,0.0,20260934,isotonic_direct,original,0.0,0.0
deepseekv32maas,raw,0.0,20260934,isotonic_direct,penalty_prompt,0.020406842348589915,-0.0029033749422100463
deepseekv32maas,raw,0.0,20260934,isotonic_direct,always_abstain,0.18631530282015718,0.9838187702265372
deepseekv32maas,raw,0.0,20260934,beta,original,0.0,0.0
deepseekv32maas,raw,0.0,20260934,beta,penalty_prompt,0.020406842348589915,-0.0029033749422100463
deepseekv32maas,raw,0.0,20260934,beta,always_abstain,0.18631530282015718,0.9838187702265372
deepseekv32maas,raw,0.0,20260935,isotonic_direct,original,0.0,0.0
deepseekv32maas,raw,0.0,20260935,isotonic_direct,penalty_prompt,0.028515950069348123,-0.0011742949607026487
deepseekv32maas,raw,0.0,20260935,isotonic_direct,always_abstain,0.2061950993989829,0.9842810910772076
deepseekv32maas,raw,0.0,20260935,beta,original,0.0,0.0
deepseekv32maas,raw,0.0,20260935,beta,penalty_prompt,0.028515950069348123,-0.0011742949607026487
deepseekv32maas,raw,0.0,20260935,beta,always_abstain,0.2061950993989829,0.9842810910772076
deepseekv32maas,raw,0.0,20260936,isotonic_direct,original,0.0,0.0
deepseekv32maas,raw,0.0,20260936,isotonic_direct,penalty_prompt,0.023504392048081357,-0.007332408691631875
deepseekv32maas,raw,0.0,20260936,isotonic_direct,always_abstain,0.18446601941747573,0.9782709200184928
deepseekv32maas,raw,0.0,20260936,beta,original,0.0,0.0
deepseekv32maas,raw,0.0,20260936,beta,penalty_prompt,0.023504392048081357,-0.007332408691631875
deepseekv32maas,raw,0.0,20260936,beta,always_abstain,0.18446601941747573,0.9782709200184928
deepseekv32maas,raw,0.0,20260937,isotonic_direct,original,0.0,0.0
deepseekv32maas,raw,0.0,20260937,isotonic_direct,penalty_prompt,0.021803051317614397,-0.004003698566805269
deepseekv32maas,raw,0.0,20260937,isotonic_direct,always_abstain,0.19325011558021266,0.9828941285251965
deepseekv32maas,raw,0.0,20260937,beta,original,0.0,0.0
deepseekv32maas,raw,0.0,20260937,beta,penalty_prompt,0.021803051317614397,-0.004003698566805269
deepseekv32maas,raw,0.0,20260937,beta,always_abstain,0.19325011558021266,0.9828941285251965
deepseekv32maas,raw,0.0,20260938,isotonic_direct,original,0.0,0.0
deepseekv32maas,raw,0.0,20260938,isotonic_direct,penalty_prompt,0.019879796578825715,-0.0004160887656032841
deepseekv32maas,raw,0.0,20260938,isotonic_direct,always_abstain,0.18400369856680537,0.9856680536292187
deepseekv32maas,raw,0.0,20260938,beta,original,0.0,0.0
deepseekv32maas,raw,0.0,20260938,beta,penalty_prompt,0.019879796578825715,-0.0004160887656032841
deepseekv32maas,raw,0.0,20260938,beta,always_abstain,0.18400369856680537,0.9856680536292187
deepseekv32maas,raw,0.0,20260939,isotonic_direct,original,0.0,0.0
deepseekv32maas,raw,0.0,20260939,isotonic_direct,penalty_prompt,0.015469255663430437,-0.0010171058714747439
deepseekv32maas,raw,0.0,20260939,isotonic_direct,always_abstain,0.18122977346278318,0.9833564493758669
deepseekv32maas,raw,0.0,20260939,beta,original,0.0,0.0
deepseekv32maas,raw,0.0,20260939,beta,penalty_prompt,0.015469255663430437,-0.0010171058714747439
deepseekv32maas,raw,0.0,20260939,beta,always_abstain,0.18122977346278318,0.9833564493758669
deepseekv32maas,raw,0.0,20260940,isotonic_direct,original,0.0,0.0
deepseekv32maas,raw,0.0,20260940,isotonic_direct,penalty_prompt,0.024105409153952845,-0.0032917244567729487
deepseekv32maas,raw,0.0,20260940,isotonic_direct,always_abstain,0.1941747572815534,0.9819694868238558
deepseekv32maas,raw,0.0,20260940,beta,original,0.0,0.0
deepseekv32maas,raw,0.0,20260940,beta,penalty_prompt,0.024105409153952845,-0.0032917244567729487
deepseekv32maas,raw,0.0,20260940,beta,always_abstain,0.1941747572815534,0.9819694868238558
deepseekv32maas,raw,0.0,20260941,isotonic_direct,original,0.0,0.0
deepseekv32maas,raw,0.0,20260941,isotonic_direct,penalty_prompt,0.028617660656495597,-0.0031807674526121987
deepseekv32maas,raw,0.0,20260941,isotonic_direct,always_abstain,0.20110957004160887,0.9833564493758669
deepseekv32maas,raw,0.0,20260941,beta,original,0.0,0.0
deepseekv32maas,raw,0.0,20260941,beta,penalty_prompt,0.028617660656495597,-0.0031807674526121987
deepseekv32maas,raw,0.0,20260941,beta,always_abstain,0.20110957004160887,0.9833564493758669
deepseekv32maas,raw,0.0,20260942,isotonic_direct,original,0.0,0.0
deepseekv32maas,raw,0.0,20260942,isotonic_direct,penalty_prompt,0.01918631530282014,-0.001368469717984211
deepseekv32maas,raw,0.0,20260942,isotonic_direct,always_abstain,0.18631530282015718,0.9842810910772076
deepseekv32maas,raw,0.0,20260942,beta,original,0.0,0.0
deepseekv32maas,raw,0.0,20260942,beta,penalty_prompt,0.01918631530282014,-0.001368469717984211
deepseekv32maas,raw,0.0,20260942,beta,always_abstain,0.18631530282015718,0.9842810910772076
deepseekv32maas,raw,0.0,20260943,isotonic_direct,original,0.0,0.0
deepseekv32maas,raw,0.0,20260943,isotonic_direct,penalty_prompt,0.02166435506241332,0.0005455386037911403
deepseekv32maas,raw,0.0,20260943,isotonic_direct,always_abstain,0.18677762367082756,0.9852057327785483
deepseekv32maas,raw,0.0,20260943,beta,original,0.0,0.0
deepseekv32maas,raw,0.0,20260943,beta,penalty_prompt,0.02166435506241332,0.0005455386037911403
deepseekv32maas,raw,0.0,20260943,beta,always_abstain,0.18677762367082756,0.9852057327785483
deepseekv32maas,raw,0.0,20260944,isotonic_direct,original,0.0,0.0
deepseekv32maas,raw,0.0,20260944,isotonic_direct,penalty_prompt,0.01793804900601015,-0.00026814609338898787
deepseekv32maas,raw,0.0,20260944,isotonic_direct,always_abstain,0.18307905686546463,0.9879796578825705
deepseekv32maas,raw,0.0,20260944,beta,original,0.0,0.0
deepseekv32maas,raw,0.0,20260944,beta,penalty_prompt,0.01793804900601015,-0.00026814609338898787
deepseekv32maas,raw,0.0,20260944,beta,always_abstain,0.18307905686546463,0.9879796578825705
deepseekv32maas,raw,0.0,20260945,isotonic_direct,original,0.0,0.0
deepseekv32maas,raw,0.0,20260945,isotonic_direct,penalty_prompt,0.023929727230698083,-0.0057420249653259425
deepseekv32maas,raw,0.0,20260945,isotonic_direct,always_abstain,0.18492834026814609,0.9796578825705039
deepseekv32maas,raw,0.0,20260945,beta,original,0.0,0.0
deepseekv32maas,raw,0.0,20260945,beta,penalty_prompt,0.023929727230698083,-0.0057420249653259425
deepseekv32maas,raw,0.0,20260945,beta,always_abstain,0.18492834026814609,0.9796578825705039
deepseekv32maas,raw,0.0,20260946,isotonic_direct,original,0.0,0.0
deepseekv32maas,raw,0.0,20260946,isotonic_direct,penalty_prompt,0.021128062875635678,0.0011280628756354938
deepseekv32maas,raw,0.0,20260946,isotonic_direct,always_abstain,0.1900138696255201,0.9870550161812298
deepseekv32maas,raw,0.0,20260946,beta,original,0.0,0.0
deepseekv32maas,raw,0.0,20260946,beta,penalty_prompt,0.021128062875635678,0.0011280628756354938
deepseekv32maas,raw,0.0,20260946,beta,always_abstain,0.1900138696255201,0.9870550161812298
deepseekv32maas,raw,0.0,20260947,isotonic_direct,original,0.0,0.0
deepseekv32maas,raw,0.0,20260947,isotonic_direct,penalty_prompt,0.01862228386500231,-0.0005177993527507585
deepseekv32maas,raw,0.0,20260947,isotonic_direct,always_abstain,0.1798428109107721,0.9842810910772076
deepseekv32maas,raw,0.0,20260947,beta,original,0.0,0.0
deepseekv32maas,raw,0.0,20260947,beta,penalty_prompt,0.01862228386500231,-0.0005177993527507585
deepseekv32maas,raw,0.0,20260947,beta,always_abstain,0.1798428109107721,0.9842810910772076
deepseekv32maas,raw,0.0,20260948,isotonic_direct,original,0.0,0.0
deepseekv32maas,raw,0.0,20260948,isotonic_direct,penalty_prompt,0.025973185390661097,-0.002311604253351862
deepseekv32maas,raw,0.0,20260948,isotonic_direct,always_abstain,0.19509939898289413,0.9838187702265372
deepseekv32maas,raw,0.0,20260948,beta,original,0.0,0.0
deepseekv32maas,raw,0.0,20260948,beta,penalty_prompt,0.025973185390661097,-0.002311604253351862
deepseekv32maas,raw,0.0,20260948,beta,always_abstain,0.19509939898289413,0.9838187702265372
deepseekv32maas,raw,0.0,20260949,isotonic_direct,original,0.0,0.0
deepseekv32maas,raw,0.0,20260949,isotonic_direct,penalty_prompt,0.012556634304207087,-0.005372168284789591
deepseekv32maas,raw,0.0,20260949,isotonic_direct,always_abstain,0.1687471104946833,0.9796578825705039
deepseekv32maas,raw,0.0,20260949,beta,original,0.0,0.0
deepseekv32maas,raw,0.0,20260949,beta,penalty_prompt,0.012556634304207087,-0.005372168284789591
deepseekv32maas,raw,0.0,20260949,beta,always_abstain,0.1687471104946833,0.9796578825705039
deepseekv32maas,raw,0.0,20260950,isotonic_direct,original,0.0,0.0
deepseekv32maas,raw,0.0,20260950,isotonic_direct,penalty_prompt,0.028423485899214035,-0.006518723994452302
deepseekv32maas,raw,0.0,20260950,isotonic_direct,always_abstain,0.19509939898289413,0.9796578825705039
deepseekv32maas,raw,0.0,20260950,beta,original,0.0,0.0
deepseekv32maas,raw,0.0,20260950,beta,penalty_prompt,0.028423485899214035,-0.006518723994452302
deepseekv32maas,raw,0.0,20260950,beta,always_abstain,0.19509939898289413,0.9796578825705039
deepseekv32maas,raw,0.0,20260951,isotonic_direct,original,0.0,0.0
deepseekv32maas,raw,0.0,20260951,isotonic_direct,penalty_prompt,0.023125288950531647,-0.0012205270457699147
deepseekv32maas,raw,0.0,20260951,isotonic_direct,always_abstain,0.19833564493758668,0.9833564493758669
deepseekv32maas,raw,0.0,20260951,beta,original,0.0,0.0
deepseekv32maas,raw,0.0,20260951,beta,penalty_prompt,0.023125288950531647,-0.0012205270457699147
deepseekv32maas,raw,0.0,20260951,beta,always_abstain,0.19833564493758668,0.9833564493758669
deepseekv32maas,raw,0.0,20260952,isotonic_direct,original,0.0,0.0
deepseekv32maas,raw,0.0,20260952,isotonic_direct,penalty_prompt,0.018141470180305153,0.0008784096162737232
deepseekv32maas,raw,0.0,20260952,isotonic_direct,always_abstain,0.18677762367082756,0.986130374479889
deepseekv32maas,raw,0.0,20260952,beta,original,0.0,0.0
deepseekv32maas,raw,0.0,20260952,beta,penalty_prompt,0.018141470180305153,0.0008784096162737232
deepseekv32maas,raw,0.0,20260952,beta,always_abstain,0.18677762367082756,0.986130374479889
deepseekv32maas,raw,0.0,20260953,isotonic_direct,original,0.0,0.0
deepseekv32maas,raw,0.0,20260953,isotonic_direct,penalty_prompt,0.016190476190476172,-0.0017383263985206732
deepseekv32maas,raw,0.0,20260953,isotonic_direct,always_abstain,0.1821544151641239,0.9838187702265372
deepseekv32maas,raw,0.0,20260953,beta,original,0.0,0.0
deepseekv32maas,raw,0.0,20260953,beta,penalty_prompt,0.016190476190476172,-0.0017383263985206732
deepseekv32maas,raw,0.0,20260953,beta,always_abstain,0.1821544151641239,0.9838187702265372
deepseekv32maas,raw,0.0,20260954,isotonic_direct,original,0.0,0.0
deepseekv32maas,raw,0.0,20260954,isotonic_direct,penalty_prompt,0.02043458159963016,-0.0011742949607027597
deepseekv32maas,raw,0.0,20260954,isotonic_direct,always_abstain,0.18400369856680537,0.9838187702265372
deepseekv32maas,raw,0.0,20260954,beta,original,0.0,0.0
deepseekv32maas,raw,0.0,20260954,beta,penalty_prompt,0.02043458159963016,-0.0011742949607027597
deepseekv32maas,raw,0.0,20260954,beta,always_abstain,0.18400369856680537,0.9838187702265372
deepseekv32maas,raw,0.0,20260955,isotonic_direct,original,0.0,0.0
deepseekv32maas,raw,0.0,20260955,isotonic_direct,penalty_prompt,0.02158113730929262,-0.0017938049006009926
deepseekv32maas,raw,0.0,20260955,isotonic_direct,always_abstain,0.18492834026814609,0.9828941285251965
deepseekv32maas,raw,0.0,20260955,beta,original,0.0,0.0
deepseekv32maas,raw,0.0,20260955,beta,penalty_prompt,0.02158113730929262,-0.0017938049006009926
deepseekv32maas,raw,0.0,20260955,beta,always_abstain,0.18492834026814609,0.9828941285251965
deepseekv32maas,raw,0.0,20260956,isotonic_direct,original,0.0,0.0
deepseekv32maas,raw,0.0,20260956,isotonic_direct,penalty_prompt,0.027286176606564932,-0.003680073971336184
deepseekv32maas,raw,0.0,20260956,isotonic_direct,always_abstain,0.1941747572815534,0.981044845122515
deepseekv32maas,raw,0.0,20260956,beta,original,0.0,0.0
deepseekv32maas,raw,0.0,20260956,beta,penalty_prompt,0.027286176606564932,-0.003680073971336184
deepseekv32maas,raw,0.0,20260956,beta,always_abstain,0.1941747572815534,0.981044845122515
deepseekv32maas,raw,0.0,20260957,isotonic_direct,original,0.0,0.0
deepseekv32maas,raw,0.0,20260957,isotonic_direct,penalty_prompt,0.02649098474341191,0.0009616273693944244
deepseekv32maas,raw,0.0,20260957,isotonic_direct,always_abstain,0.20064724919093851,0.9856680536292187
deepseekv32maas,raw,0.0,20260957,beta,original,0.0,0.0
deepseekv32maas,raw,0.0,20260957,beta,penalty_prompt,0.02649098474341191,0.0009616273693944244
deepseekv32maas,raw,0.0,20260957,beta,always_abstain,0.20064724919093851,0.9856680536292187
deepseekv32maas,raw,0.0,20260958,isotonic_direct,original,0.0,0.0
deepseekv32maas,raw,0.0,20260958,isotonic_direct,penalty_prompt,0.01628294036061026,-0.0023855755894589548
deepseekv32maas,raw,0.0,20260958,isotonic_direct,always_abstain,0.18539066111881647,0.9833564493758669
deepseekv32maas,raw,0.0,20260958,beta,original,0.0,0.0
deepseekv32maas,raw,0.0,20260958,beta,penalty_prompt,0.01628294036061026,-0.0023855755894589548
deepseekv32maas,raw,0.0,20260958,beta,always_abstain,0.18539066111881647,0.9833564493758669
deepseekv32maas,raw,0.0,20260959,isotonic_direct,original,0.0,0.0
deepseekv32maas,raw,0.0,20260959,isotonic_direct,penalty_prompt,0.024355062413314837,0.002468793342579656
deepseekv32maas,raw,0.0,20260959,isotonic_direct,always_abstain,0.19232547387887194,0.9875173370319001
deepseekv32maas,raw,0.0,20260959,beta,original,0.0,0.0
deepseekv32maas,raw,0.0,20260959,beta,penalty_prompt,0.024355062413314837,0.002468793342579656
deepseekv32maas,raw,0.0,20260959,beta,always_abstain,0.19232547387887194,0.9875173370319001
deepseekv32maas,raw,0.0,20260960,isotonic_direct,original,0.0,0.0
deepseekv32maas,raw,0.0,20260960,isotonic_direct,penalty_prompt,0.02478039759593159,0.0012944983818771183
deepseekv32maas,raw,0.0,20260960,isotonic_direct,always_abstain,0.18955154877484975,0.9852057327785483
deepseekv32maas,raw,0.0,20260960,beta,original,0.0,0.0
deepseekv32maas,raw,0.0,20260960,beta,penalty_prompt,0.02478039759593159,0.0012944983818771183
deepseekv32maas,raw,0.0,20260960,beta,always_abstain,0.18955154877484975,0.9852057327785483
deepseekv32maas,raw,0.0,20260961,isotonic_direct,original,0.0,0.0
deepseekv32maas,raw,0.0,20260961,isotonic_direct,penalty_prompt,0.020277392510402226,-0.005067036523347168
deepseekv32maas,raw,0.0,20260961,isotonic_direct,always_abstain,0.18770226537216828,0.9815071659731854
deepseekv32maas,raw,0.0,20260961,beta,original,0.0,0.0
deepseekv32maas,raw,0.0,20260961,beta,penalty_prompt,0.020277392510402226,-0.005067036523347168
deepseekv32maas,raw,0.0,20260961,beta,always_abstain,0.18770226537216828,0.9815071659731854
deepseekv32maas,raw,0.0,20260962,isotonic_direct,original,0.0,0.0
deepseekv32maas,raw,0.0,20260962,isotonic_direct,penalty_prompt,0.0260933888118354,-0.00337494220989365
deepseekv32maas,raw,0.0,20260962,isotonic_direct,always_abstain,0.18631530282015718,0.9815071659731854
deepseekv32maas,raw,0.0,20260962,beta,original,0.0,0.0
deepseekv32maas,raw,0.0,20260962,beta,penalty_prompt,0.0260933888118354,-0.00337494220989365
deepseekv32maas,raw,0.0,20260962,beta,always_abstain,0.18631530282015718,0.9815071659731854
deepseekv32maas,raw,0.0,20260963,isotonic_direct,original,0.0,0.0
deepseekv32maas,raw,0.0,20260963,isotonic_direct,penalty_prompt,0.023670827554322732,-0.0008784096162737232
deepseekv32maas,raw,0.0,20260963,isotonic_direct,always_abstain,0.18862690707350901,0.9842810910772076
deepseekv32maas,raw,0.0,20260963,beta,original,0.0,0.0
deepseekv32maas,raw,0.0,20260963,beta,penalty_prompt,0.023670827554322732,-0.0008784096162737232
deepseekv32maas,raw,0.0,20260963,beta,always_abstain,0.18862690707350901,0.9842810910772076
deepseekv32maas,raw,0.0,20260964,isotonic_direct,original,0.0,0.0
deepseekv32maas,raw,0.0,20260964,isotonic_direct,penalty_prompt,0.01816920943134534,-0.001849283402681423
deepseekv32maas,raw,0.0,20260964,isotonic_direct,always_abstain,0.18539066111881647,0.984743411927878
deepseekv32maas,raw,0.0,20260964,beta,original,0.0,0.0
deepseekv32maas,raw,0.0,20260964,beta,penalty_prompt,0.01816920943134534,-0.001849283402681423
deepseekv32maas,raw,0.0,20260964,beta,always_abstain,0.18539066111881647,0.984743411927878
deepseekv32maas,raw,0.0,20260965,isotonic_direct,original,0.0,0.0
deepseekv32maas,raw,0.0,20260965,isotonic_direct,penalty_prompt,0.01662505779010634,-0.0019972260748960524
deepseekv32maas,raw,0.0,20260965,isotonic_direct,always_abstain,0.18307905686546463,0.9838187702265372
deepseekv32maas,raw,0.0,20260965,beta,original,0.0,0.0
deepseekv32maas,raw,0.0,20260965,beta,penalty_prompt,0.01662505779010634,-0.0019972260748960524
deepseekv32maas,raw,0.0,20260965,beta,always_abstain,0.18307905686546463,0.9838187702265372
deepseekv32maas,raw,0.0,20260966,isotonic_direct,original,0.0,0.0
deepseekv32maas,raw,0.0,20260966,isotonic_direct,penalty_prompt,0.01914932963476651,0.0002496532593619927
deepseekv32maas,raw,0.0,20260966,isotonic_direct,always_abstain,0.18955154877484975,0.984743411927878
deepseekv32maas,raw,0.0,20260966,beta,original,0.0,0.0
deepseekv32maas,raw,0.0,20260966,beta,penalty_prompt,0.01914932963476651,0.0002496532593619927
deepseekv32maas,raw,0.0,20260966,beta,always_abstain,0.18955154877484975,0.984743411927878
deepseekv32maas,raw,0.0,20260967,isotonic_direct,original,0.0,0.0
deepseekv32maas,raw,0.0,20260967,isotonic_direct,penalty_prompt,0.015968562182154422,-0.0015996301433194304
deepseekv32maas,raw,0.0,20260967,isotonic_direct,always_abstain,0.18400369856680537,0.9842810910772076
deepseekv32maas,raw,0.0,20260967,beta,original,0.0,0.0
deepseekv32maas,raw,0.0,20260967,beta,penalty_prompt,0.015968562182154422,-0.0015996301433194304
deepseekv32maas,raw,0.0,20260967,beta,always_abstain,0.18400369856680537,0.9842810910772076
deepseekv32maas,raw,0.0,20260968,isotonic_direct,original,0.0,0.0
deepseekv32maas,raw,0.0,20260968,isotonic_direct,penalty_prompt,0.015857605177993506,-0.005067036523347168
deepseekv32maas,raw,0.0,20260968,isotonic_direct,always_abstain,0.18400369856680537,0.9805825242718447
deepseekv32maas,raw,0.0,20260968,beta,original,0.0,0.0
deepseekv32maas,raw,0.0,20260968,beta,penalty_prompt,0.015857605177993506,-0.005067036523347168
deepseekv32maas,raw,0.0,20260968,beta,always_abstain,0.18400369856680537,0.9805825242718447
deepseekv32maas,raw,0.0,20260969,isotonic_direct,original,0.0,0.0
deepseekv32maas,raw,0.0,20260969,isotonic_direct,penalty_prompt,0.021960240406842357,-9.246417013397679e-05
deepseekv32maas,raw,0.0,20260969,isotonic_direct,always_abstain,0.18169209431345354,0.984743411927878
deepseekv32maas,raw,0.0,20260969,beta,original,0.0,0.0
deepseekv32maas,raw,0.0,20260969,beta,penalty_prompt,0.021960240406842357,-9.246417013397679e-05
deepseekv32maas,raw,0.0,20260969,beta,always_abstain,0.18169209431345354,0.984743411927878
deepseekv32maas,raw,0.0,20260970,isotonic_direct,original,0.0,0.0
deepseekv32maas,raw,0.0,20260970,isotonic_direct,penalty_prompt,0.019694868238557567,-0.004780397595931629
deepseekv32maas,raw,0.0,20260970,isotonic_direct,always_abstain,0.17891816920943135,0.9824318076745261
deepseekv32maas,raw,0.0,20260970,beta,original,0.0,0.0
deepseekv32maas,raw,0.0,20260970,beta,penalty_prompt,0.019694868238557567,-0.004780397595931629
deepseekv32maas,raw,0.0,20260970,beta,always_abstain,0.17891816920943135,0.9824318076745261
deepseekv32maas,raw,0.0,20260971,isotonic_direct,original,0.0,0.0
deepseekv32maas,raw,0.0,20260971,isotonic_direct,penalty_prompt,0.01947295423023579,-0.004678687008784044
deepseekv32maas,raw,0.0,20260971,isotonic_direct,always_abstain,0.18122977346278318,0.9815071659731854
deepseekv32maas,raw,0.0,20260971,beta,original,0.0,0.0
deepseekv32maas,raw,0.0,20260971,beta,penalty_prompt,0.01947295423023579,-0.004678687008784044
deepseekv32maas,raw,0.0,20260971,beta,always_abstain,0.18122977346278318,0.9815071659731854
deepseekv32maas,raw,0.0,20260972,isotonic_direct,original,0.0,0.0
deepseekv32maas,raw,0.0,20260972,isotonic_direct,penalty_prompt,0.026352288488210834,-0.0028109107720758475
deepseekv32maas,raw,0.0,20260972,isotonic_direct,always_abstain,0.19093851132686085,0.9824318076745261
deepseekv32maas,raw,0.0,20260972,beta,original,0.0,0.0
deepseekv32maas,raw,0.0,20260972,beta,penalty_prompt,0.026352288488210834,-0.0028109107720758475
deepseekv32maas,raw,0.0,20260972,beta,always_abstain,0.19093851132686085,0.9824318076745261
deepseekv32maas,raw,0.0,20260973,isotonic_direct,original,0.0,0.0
deepseekv32maas,raw,0.0,20260973,isotonic_direct,penalty_prompt,0.0208691631992603,-0.0030513176144245646
deepseekv32maas,raw,0.0,20260973,isotonic_direct,always_abstain,0.18677762367082756,0.9838187702265372
deepseekv32maas,raw,0.0,20260973,beta,original,0.0,0.0
deepseekv32maas,raw,0.0,20260973,beta,penalty_prompt,0.0208691631992603,-0.0030513176144245646
deepseekv32maas,raw,0.0,20260973,beta,always_abstain,0.18677762367082756,0.9838187702265372
deepseekv32maas,raw,0.0,20260974,isotonic_direct,original,0.0,0.0
deepseekv32maas,raw,0.0,20260974,isotonic_direct,penalty_prompt,0.022459546925566343,-0.0014239482200646414
deepseekv32maas,raw,0.0,20260974,isotonic_direct,always_abstain,0.19509939898289413,0.9842810910772076
deepseekv32maas,raw,0.0,20260974,beta,original,0.0,0.0
deepseekv32maas,raw,0.0,20260974,beta,penalty_prompt,0.022459546925566343,-0.0014239482200646414
deepseekv32maas,raw,0.0,20260974,beta,always_abstain,0.19509939898289413,0.9842810910772076
deepseekv32maas,raw,0.0,20260975,isotonic_direct,original,0.0,0.0
deepseekv32maas,raw,0.0,20260975,isotonic_direct,penalty_prompt,0.018215441516412384,-0.0034951456310681195
deepseekv32maas,raw,0.0,20260975,isotonic_direct,always_abstain,0.18030513176144244,0.9833564493758669
deepseekv32maas,raw,0.0,20260975,beta,original,0.0,0.0
deepseekv32maas,raw,0.0,20260975,beta,penalty_prompt,0.018215441516412384,-0.0034951456310681195
deepseekv32maas,raw,0.0,20260975,beta,always_abstain,0.18030513176144244,0.9833564493758669
deepseekv32maas,raw,0.0,20260976,isotonic_direct,original,0.0,0.0
deepseekv32maas,raw,0.0,20260976,isotonic_direct,penalty_prompt,0.023781784558483565,-0.0015533980582524975
deepseekv32maas,raw,0.0,20260976,isotonic_direct,always_abstain,0.19047619047619047,0.984743411927878
deepseekv32maas,raw,0.0,20260976,beta,original,0.0,0.0
deepseekv32maas,raw,0.0,20260976,beta,penalty_prompt,0.023781784558483565,-0.0015533980582524975
deepseekv32maas,raw,0.0,20260976,beta,always_abstain,0.19047619047619047,0.984743411927878
deepseekv32maas,raw,0.0,20260977,isotonic_direct,original,0.0,0.0
deepseekv32maas,raw,0.0,20260977,isotonic_direct,penalty_prompt,0.030540915395284307,-0.005529357374017607
deepseekv32maas,raw,0.0,20260977,isotonic_direct,always_abstain,0.1927877947295423,0.9819694868238558
deepseekv32maas,raw,0.0,20260977,beta,original,0.0,0.0
deepseekv32maas,raw,0.0,20260977,beta,penalty_prompt,0.030540915395284307,-0.005529357374017607
deepseekv32maas,raw,0.0,20260977,beta,always_abstain,0.1927877947295423,0.9819694868238558
deepseekv32maas,raw,0.0,20260978,isotonic_direct,original,0.0,0.0
deepseekv32maas,raw,0.0,20260978,isotonic_direct,penalty_prompt,0.02469717984281089,-0.005501618122977336
deepseekv32maas,raw,0.0,20260978,isotonic_direct,always_abstain,0.18770226537216828,0.9805825242718447
deepseekv32maas,raw,0.0,20260978,beta,original,0.0,0.0
deepseekv32maas,raw,0.0,20260978,beta,penalty_prompt,0.02469717984281089,-0.005501618122977336
deepseekv32maas,raw,0.0,20260978,beta,always_abstain,0.18770226537216828,0.9805825242718447
deepseekv32maas,raw,0.0,20260979,isotonic_direct,original,0.0,0.0
deepseekv32maas,raw,0.0,20260979,isotonic_direct,penalty_prompt,0.019916782246879344,-0.002071197411003256
deepseekv32maas,raw,0.0,20260979,isotonic_direct,always_abstain,0.18400369856680537,0.984743411927878
deepseekv32maas,raw,0.0,20260979,beta,original,0.0,0.0
deepseekv32maas,raw,0.0,20260979,beta,penalty_prompt,0.019916782246879344,-0.002071197411003256
deepseekv32maas,raw,0.0,20260979,beta,always_abstain,0.18400369856680537,0.984743411927878
deepseekv32maas,raw,0.0,20260980,isotonic_direct,original,0.0,0.0
deepseekv32maas,raw,0.0,20260980,isotonic_direct,penalty_prompt,0.017031900138696265,-0.0012852519648635097
deepseekv32maas,raw,0.0,20260980,isotonic_direct,always_abstain,0.18955154877484975,0.9852057327785483
deepseekv32maas,raw,0.0,20260980,beta,original,0.0,0.0
deepseekv32maas,raw,0.0,20260980,beta,penalty_prompt,0.017031900138696265,-0.0012852519648635097
deepseekv32maas,raw,0.0,20260980,beta,always_abstain,0.18955154877484975,0.9852057327785483
deepseekv32maas,raw,0.0,20260981,isotonic_direct,original,0.0,0.0
deepseekv32maas,raw,0.0,20260981,isotonic_direct,penalty_prompt,0.02437355524734164,-0.003596856218215261
deepseekv32maas,raw,0.0,20260981,isotonic_direct,always_abstain,0.19371243643088304,0.9828941285251965
deepseekv32maas,raw,0.0,20260981,beta,original,0.0,0.0
deepseekv32maas,raw,0.0,20260981,beta,penalty_prompt,0.02437355524734164,-0.003596856218215261
deepseekv32maas,raw,0.0,20260981,beta,always_abstain,0.19371243643088304,0.9828941285251965
deepseekv32maas,raw,0.0,20260982,isotonic_direct,original,0.0,0.0
deepseekv32maas,raw,0.0,20260982,isotonic_direct,penalty_prompt,0.027267683772538104,-0.0011373092926491024
deepseekv32maas,raw,0.0,20260982,isotonic_direct,always_abstain,0.19741100323624594,0.9838187702265372
deepseekv32maas,raw,0.0,20260982,beta,original,0.0,0.0
deepseekv32maas,raw,0.0,20260982,beta,penalty_prompt,0.027267683772538104,-0.0011373092926491024
deepseekv32maas,raw,0.0,20260982,beta,always_abstain,0.19741100323624594,0.9838187702265372
deepseekv32maas,raw,0.0,20260983,isotonic_direct,original,0.0,0.0
deepseekv32maas,raw,0.0,20260983,isotonic_direct,penalty_prompt,0.021007859454461347,-0.005131761442441207
deepseekv32maas,raw,0.0,20260983,isotonic_direct,always_abstain,0.18492834026814609,0.981044845122515
deepseekv32maas,raw,0.0,20260983,beta,original,0.0,0.0
deepseekv32maas,raw,0.0,20260983,beta,penalty_prompt,0.021007859454461347,-0.005131761442441207
deepseekv32maas,raw,0.0,20260983,beta,always_abstain,0.18492834026814609,0.981044845122515
deepseekv32maas,raw,0.0,20260984,isotonic_direct,original,0.0,0.0
deepseekv32maas,raw,0.0,20260984,isotonic_direct,penalty_prompt,0.01900138696255202,-0.00030513176144231213
deepseekv32maas,raw,0.0,20260984,isotonic_direct,always_abstain,0.18862690707350901,0.984743411927878
deepseekv32maas,raw,0.0,20260984,beta,original,0.0,0.0
deepseekv32maas,raw,0.0,20260984,beta,penalty_prompt,0.01900138696255202,-0.00030513176144231213
deepseekv32maas,raw,0.0,20260984,beta,always_abstain,0.18862690707350901,0.984743411927878
deepseekv32maas,raw,0.0,20260985,isotonic_direct,original,0.0,0.0
deepseekv32maas,raw,0.0,20260985,isotonic_direct,penalty_prompt,0.01635691169671752,-0.0034951456310680085
deepseekv32maas,raw,0.0,20260985,isotonic_direct,always_abstain,0.18539066111881647,0.9824318076745261
deepseekv32maas,raw,0.0,20260985,beta,original,0.0,0.0
deepseekv32maas,raw,0.0,20260985,beta,penalty_prompt,0.01635691169671752,-0.0034951456310680085
deepseekv32maas,raw,0.0,20260985,beta,always_abstain,0.18539066111881647,0.9824318076745261
deepseekv32maas,raw,0.0,20260986,isotonic_direct,original,0.0,0.0
deepseekv32maas,raw,0.0,20260986,isotonic_direct,penalty_prompt,0.02266296809986132,-0.0017568192325474463
deepseekv32maas,raw,0.0,20260986,isotonic_direct,always_abstain,0.18400369856680537,0.9838187702265372
deepseekv32maas,raw,0.0,20260986,beta,original,0.0,0.0
deepseekv32maas,raw,0.0,20260986,beta,penalty_prompt,0.02266296809986132,-0.0017568192325474463
deepseekv32maas,raw,0.0,20260986,beta,always_abstain,0.18400369856680537,0.9838187702265372
deepseekv32maas,raw,0.0,20260987,isotonic_direct,original,0.0,0.0
deepseekv32maas,raw,0.0,20260987,isotonic_direct,penalty_prompt,0.0208691631992603,-8.321775312081225e-05
deepseekv32maas,raw,0.0,20260987,isotonic_direct,always_abstain,0.18400369856680537,0.984743411927878
deepseekv32maas,raw,0.0,20260987,beta,original,0.0,0.0
deepseekv32maas,raw,0.0,20260987,beta,penalty_prompt,0.0208691631992603,-8.321775312081225e-05
deepseekv32maas,raw,0.0,20260987,beta,always_abstain,0.18400369856680537,0.984743411927878
deepseekv32maas,raw,0.0,20260988,isotonic_direct,original,0.0,0.0
deepseekv32maas,raw,0.0,20260988,isotonic_direct,penalty_prompt,0.01577438742487286,-0.0006657420249653878
deepseekv32maas,raw,0.0,20260988,isotonic_direct,always_abstain,0.1821544151641239,0.9838187702265372
deepseekv32maas,raw,0.0,20260988,beta,original,0.0,0.0
deepseekv32maas,raw,0.0,20260988,beta,penalty_prompt,0.01577438742487286,-0.0006657420249653878
deepseekv32maas,raw,0.0,20260988,beta,always_abstain,0.1821544151641239,0.9838187702265372
deepseekv32maas,raw,0.0,20260989,isotonic_direct,original,0.0,0.0
deepseekv32maas,raw,0.0,20260989,isotonic_direct,penalty_prompt,0.02413314840499306,-0.0018862690707350804
deepseekv32maas,raw,0.0,20260989,isotonic_direct,always_abstain,0.19741100323624594,0.9838187702265372
deepseekv32maas,raw,0.0,20260989,beta,original,0.0,0.0
deepseekv32maas,raw,0.0,20260989,beta,penalty_prompt,0.02413314840499306,-0.0018862690707350804
deepseekv32maas,raw,0.0,20260989,beta,always_abstain,0.19741100323624594,0.9838187702265372
deepseekv32maas,raw,0.0,20260990,isotonic_direct,original,0.0,0.0
deepseekv32maas,raw,0.0,20260990,isotonic_direct,penalty_prompt,0.023365695792880253,-0.003282478039759451
deepseekv32maas,raw,0.0,20260990,isotonic_direct,always_abstain,0.18723994452149792,0.9815071659731854
deepseekv32maas,raw,0.0,20260990,beta,original,0.0,0.0
deepseekv32maas,raw,0.0,20260990,beta,penalty_prompt,0.023365695792880253,-0.003282478039759451
deepseekv32maas,raw,0.0,20260990,beta,always_abstain,0.18723994452149792,0.9815071659731854
deepseekv32maas,raw,0.0,20260991,isotonic_direct,original,0.0,0.0
deepseekv32maas,raw,0.0,20260991,isotonic_direct,penalty_prompt,0.021091077207582076,0.00031437817845580973
deepseekv32maas,raw,0.0,20260991,isotonic_direct,always_abstain,0.18677762367082756,0.984743411927878
deepseekv32maas,raw,0.0,20260991,beta,original,0.0,0.0
deepseekv32maas,raw,0.0,20260991,beta,penalty_prompt,0.021091077207582076,0.00031437817845580973
deepseekv32maas,raw,0.0,20260991,beta,always_abstain,0.18677762367082756,0.984743411927878
deepseekv32maas,raw,0.0,20260992,isotonic_direct,original,0.0,0.0
deepseekv32maas,raw,0.0,20260992,isotonic_direct,penalty_prompt,0.024669440591770703,-0.0006934812760055475
deepseekv32maas,raw,0.0,20260992,isotonic_direct,always_abstain,0.18862690707350901,0.9852057327785483
deepseekv32maas,raw,0.0,20260992,beta,original,0.0,0.0
deepseekv32maas,raw,0.0,20260992,beta,penalty_prompt,0.024669440591770703,-0.0006934812760055475
deepseekv32maas,raw,0.0,20260992,beta,always_abstain,0.18862690707350901,0.9852057327785483
deepseekv32maas,raw,0.0,20260993,isotonic_direct,original,0.0,0.0
deepseekv32maas,raw,0.0,20260993,isotonic_direct,penalty_prompt,0.020878409616273658,-0.002912621359223322
deepseekv32maas,raw,0.0,20260993,isotonic_direct,always_abstain,0.18492834026814609,0.9828941285251965
deepseekv32maas,raw,0.0,20260993,beta,original,0.0,0.0
deepseekv32maas,raw,0.0,20260993,beta,penalty_prompt,0.020878409616273658,-0.002912621359223322
deepseekv32maas,raw,0.0,20260993,beta,always_abstain,0.18492834026814609,0.9828941285251965
deepseekv32maas,raw,0.0,20260994,isotonic_direct,original,0.0,0.0
deepseekv32maas,raw,0.0,20260994,isotonic_direct,penalty_prompt,0.01954692556634302,-0.0031252889505317683
deepseekv32maas,raw,0.0,20260994,isotonic_direct,always_abstain,0.18908922792417937,0.9828941285251965
deepseekv32maas,raw,0.0,20260994,beta,original,0.0,0.0
deepseekv32maas,raw,0.0,20260994,beta,penalty_prompt,0.01954692556634302,-0.0031252889505317683
deepseekv32maas,raw,0.0,20260994,beta,always_abstain,0.18908922792417937,0.9828941285251965
deepseekv32maas,raw,0.0,20260995,isotonic_direct,original,0.0,0.0
deepseekv32maas,raw,0.0,20260995,isotonic_direct,penalty_prompt,0.02060101710587145,-0.000573277854831189
deepseekv32maas,raw,0.0,20260995,isotonic_direct,always_abstain,0.17753120665742025,0.9838187702265372
deepseekv32maas,raw,0.0,20260995,beta,original,0.0,0.0
deepseekv32maas,raw,0.0,20260995,beta,penalty_prompt,0.02060101710587145,-0.000573277854831189
deepseekv32maas,raw,0.0,20260995,beta,always_abstain,0.17753120665742025,0.9838187702265372
deepseekv32maas,raw,0.0,20260996,isotonic_direct,original,0.0,0.0
deepseekv32maas,raw,0.0,20260996,isotonic_direct,penalty_prompt,0.019907535829865902,-0.004003698566805269
deepseekv32maas,raw,0.0,20260996,isotonic_direct,always_abstain,0.17660656495607951,0.9805825242718447
deepseekv32maas,raw,0.0,20260996,beta,original,0.0,0.0
deepseekv32maas,raw,0.0,20260996,beta,penalty_prompt,0.019907535829865902,-0.004003698566805269
deepseekv32maas,raw,0.0,20260996,beta,always_abstain,0.17660656495607951,0.9805825242718447
deepseekv32maas,raw,0.0,20260997,isotonic_direct,original,0.0,0.0
deepseekv32maas,raw,0.0,20260997,isotonic_direct,penalty_prompt,0.01796578825705039,-0.00022191400832172192
deepseekv32maas,raw,0.0,20260997,isotonic_direct,always_abstain,0.17706888580674987,0.984743411927878
deepseekv32maas,raw,0.0,20260997,beta,original,0.0,0.0
deepseekv32maas,raw,0.0,20260997,beta,penalty_prompt,0.01796578825705039,-0.00022191400832172192
deepseekv32maas,raw,0.0,20260997,beta,always_abstain,0.17706888580674987,0.984743411927878
deepseekv32maas,raw,0.0,20260998,isotonic_direct,original,0.0,0.0
deepseekv32maas,raw,0.0,20260998,isotonic_direct,penalty_prompt,0.023726306056403135,-0.0025427646786869706
deepseekv32maas,raw,0.0,20260998,isotonic_direct,always_abstain,0.18585298196948682,0.9819694868238558
deepseekv32maas,raw,0.0,20260998,beta,original,0.0,0.0
deepseekv32maas,raw,0.0,20260998,beta,penalty_prompt,0.023726306056403135,-0.0025427646786869706
deepseekv32maas,raw,0.0,20260998,beta,always_abstain,0.18585298196948682,0.9819694868238558
deepseekv32maas,raw,0.0,20260999,isotonic_direct,original,0.0,0.0
deepseekv32maas,raw,0.0,20260999,isotonic_direct,penalty_prompt,0.02111881645862229,-0.0037540453074433877
deepseekv32maas,raw,0.0,20260999,isotonic_direct,always_abstain,0.1927877947295423,0.981044845122515
deepseekv32maas,raw,0.0,20260999,beta,original,0.0,0.0
deepseekv32maas,raw,0.0,20260999,beta,penalty_prompt,0.02111881645862229,-0.0037540453074433877
deepseekv32maas,raw,0.0,20260999,beta,always_abstain,0.1927877947295423,0.981044845122515
deepseekv32maas,raw,0.0,20261000,isotonic_direct,original,0.0,0.0
deepseekv32maas,raw,0.0,20261000,isotonic_direct,penalty_prompt,0.021553398058252432,-0.002644475265834667
deepseekv32maas,raw,0.0,20261000,isotonic_direct,always_abstain,0.18492834026814609,0.9838187702265372
deepseekv32maas,raw,0.0,20261000,beta,original,0.0,0.0
deepseekv32maas,raw,0.0,20261000,beta,penalty_prompt,0.021553398058252432,-0.002644475265834667
deepseekv32maas,raw,0.0,20261000,beta,always_abstain,0.18492834026814609,0.9838187702265372
deepseekv32maas,raw,0.0,20261001,isotonic_direct,original,0.0,0.0
deepseekv32maas,raw,0.0,20261001,isotonic_direct,penalty_prompt,0.024049930651872387,-0.00183079056865465
deepseekv32maas,raw,0.0,20261001,isotonic_direct,always_abstain,0.19648636153490523,0.9838187702265372
deepseekv32maas,raw,0.0,20261001,beta,original,0.0,0.0
deepseekv32maas,raw,0.0,20261001,beta,penalty_prompt,0.024049930651872387,-0.00183079056865465
deepseekv32maas,raw,0.0,20261001,beta,always_abstain,0.19648636153490523,0.9838187702265372
deepseekv32maas,raw,0.0,20261002,isotonic_direct,original,0.0,0.0
deepseekv32maas,raw,0.0,20261002,isotonic_direct,penalty_prompt,0.017669902912621382,-0.0009893666204346951
deepseekv32maas,raw,0.0,20261002,isotonic_direct,always_abstain,0.18400369856680537,0.986130374479889
deepseekv32maas,raw,0.0,20261002,beta,original,0.0,0.0
deepseekv32maas,raw,0.0,20261002,beta,penalty_prompt,0.017669902912621382,-0.0009893666204346951
deepseekv32maas,raw,0.0,20261002,beta,always_abstain,0.18400369856680537,0.986130374479889
deepseekv32maas,raw,0.0,20261003,isotonic_direct,original,0.0,0.0
deepseekv32maas,raw,0.0,20261003,isotonic_direct,penalty_prompt,0.020147942672214536,-0.0031437817845586524
deepseekv32maas,raw,0.0,20261003,isotonic_direct,always_abstain,0.1821544151641239,0.9838187702265372
deepseekv32maas,raw,0.0,20261003,beta,original,0.0,0.0
deepseekv32maas,raw,0.0,20261003,beta,penalty_prompt,0.020147942672214536,-0.0031437817845586524
deepseekv32maas,raw,0.0,20261003,beta,always_abstain,0.1821544151641239,0.9838187702265372
deepseekv32maas,raw,0.0,20261004,isotonic_direct,original,0.0,0.0
deepseekv32maas,raw,0.0,20261004,isotonic_direct,penalty_prompt,0.024706426259824332,-0.003485899214054511
deepseekv32maas,raw,0.0,20261004,isotonic_direct,always_abstain,0.20018492834026816,0.9833564493758669
deepseekv32maas,raw,0.0,20261004,beta,original,0.0,0.0
deepseekv32maas,raw,0.0,20261004,beta,penalty_prompt,0.024706426259824332,-0.003485899214054511
deepseekv32maas,raw,0.0,20261004,beta,always_abstain,0.20018492834026816,0.9833564493758669
deepseekv32maas,raw,0.0,20261005,isotonic_direct,original,0.0,0.0
deepseekv32maas,raw,0.0,20261005,isotonic_direct,penalty_prompt,0.025177993527508075,-0.0024780397595931536
deepseekv32maas,raw,0.0,20261005,isotonic_direct,always_abstain,0.19371243643088304,0.9842810910772076
deepseekv32maas,raw,0.0,20261005,beta,original,0.0,0.0
deepseekv32maas,raw,0.0,20261005,beta,penalty_prompt,0.025177993527508075,-0.0024780397595931536
deepseekv32maas,raw,0.0,20261005,beta,always_abstain,0.19371243643088304,0.9842810910772076
deepseekv32maas,raw,0.0,20261006,isotonic_direct,original,0.0,0.0
deepseekv32maas,raw,0.0,20261006,isotonic_direct,penalty_prompt,0.020665742024965322,-0.004271844660194257
deepseekv32maas,raw,0.0,20261006,isotonic_direct,always_abstain,0.19509939898289413,0.9815071659731854
deepseekv32maas,raw,0.0,20261006,beta,original,0.0,0.0
deepseekv32maas,raw,0.0,20261006,beta,penalty_prompt,0.020665742024965322,-0.004271844660194257
deepseekv32maas,raw,0.0,20261006,beta,always_abstain,0.19509939898289413,0.9815071659731854
deepseekv32maas,raw,0.0,20261007,isotonic_direct,original,0.0,0.0
deepseekv32maas,raw,0.0,20261007,isotonic_direct,penalty_prompt,0.013712436430883018,-0.0023670827554321816
deepseekv32maas,raw,0.0,20261007,isotonic_direct,always_abstain,0.18030513176144244,0.9833564493758669
deepseekv32maas,raw,0.0,20261007,beta,original,0.0,0.0
deepseekv32maas,raw,0.0,20261007,beta,penalty_prompt,0.013712436430883018,-0.0023670827554321816
deepseekv32maas,raw,0.0,20261007,beta,always_abstain,0.18030513176144244,0.9833564493758669
deepseekv32maas,raw,0.0,20261008,isotonic_direct,original,0.0,0.0
deepseekv32maas,raw,0.0,20261008,isotonic_direct,penalty_prompt,0.022071197411003246,0.0015256588072123378
deepseekv32maas,raw,0.0,20261008,isotonic_direct,always_abstain,0.18307905686546463,0.9870550161812298
deepseekv32maas,raw,0.0,20261008,beta,original,0.0,0.0
deepseekv32maas,raw,0.0,20261008,beta,penalty_prompt,0.022071197411003246,0.0015256588072123378
deepseekv32maas,raw,0.0,20261008,beta,always_abstain,0.18307905686546463,0.9870550161812298
deepseekv32maas,raw,0.0,20261009,isotonic_direct,original,0.0,0.0
deepseekv32maas,raw,0.0,20261009,isotonic_direct,penalty_prompt,0.021007859454461375,0.0006934812760055475
deepseekv32maas,raw,0.0,20261009,isotonic_direct,always_abstain,0.18307905686546463,0.9842810910772076
deepseekv32maas,raw,0.0,20261009,beta,original,0.0,0.0
deepseekv32maas,raw,0.0,20261009,beta,penalty_prompt,0.021007859454461375,0.0006934812760055475
deepseekv32maas,raw,0.0,20261009,beta,always_abstain,0.18307905686546463,0.9842810910772076
deepseekv32maas,raw,0.0,20261010,isotonic_direct,original,0.0,0.0
deepseekv32maas,raw,0.0,20261010,isotonic_direct,penalty_prompt,0.024549237170596372,-0.0012020342117430305
deepseekv32maas,raw,0.0,20261010,isotonic_direct,always_abstain,0.18446601941747573,0.9842810910772076
deepseekv32maas,raw,0.0,20261010,beta,original,0.0,0.0
deepseekv32maas,raw,0.0,20261010,beta,penalty_prompt,0.024549237170596372,-0.0012020342117430305
deepseekv32maas,raw,0.0,20261010,beta,always_abstain,0.18446601941747573,0.9842810910772076
deepseekv32maas,raw,0.0,20261011,isotonic_direct,original,0.0,0.0
deepseekv32maas,raw,0.0,20261011,isotonic_direct,penalty_prompt,0.017642163661581167,-0.0020804438280166426
deepseekv32maas,raw,0.0,20261011,isotonic_direct,always_abstain,0.18122977346278318,0.9833564493758669
deepseekv32maas,raw,0.0,20261011,beta,original,0.0,0.0
deepseekv32maas,raw,0.0,20261011,beta,penalty_prompt,0.017642163661581167,-0.0020804438280166426
deepseekv32maas,raw,0.0,20261011,beta,always_abstain,0.18122977346278318,0.9833564493758669
deepseekv32maas,raw,0.0,20261012,isotonic_direct,original,0.0,0.0
deepseekv32maas,raw,0.0,20261012,isotonic_direct,penalty_prompt,0.021035598705501618,-0.0025242718446601975
deepseekv32maas,raw,0.0,20261012,isotonic_direct,always_abstain,0.17891816920943135,0.9833564493758669
deepseekv32maas,raw,0.0,20261012,beta,original,0.0,0.0
deepseekv32maas,raw,0.0,20261012,beta,penalty_prompt,0.021035598705501618,-0.0025242718446601975
deepseekv32maas,raw,0.0,20261012,beta,always_abstain,0.17891816920943135,0.9833564493758669
deepseekv32maas,raw,3.0,20260913,isotonic_direct,original,0.39435968562182155,-0.24549237170596394
deepseekv32maas,raw,3.0,20260913,isotonic_direct,penalty_prompt,0.6110032362459548,-0.33131761442441054
deepseekv32maas,raw,3.0,20260913,isotonic_direct,always_abstain,0.0,0.0
deepseekv32maas,raw,3.0,20260913,beta,original,0.39435968562182155,-0.24549237170596394
deepseekv32maas,raw,3.0,20260913,beta,penalty_prompt,0.6110032362459548,-0.33131761442441054
deepseekv32maas,raw,3.0,20260913,beta,always_abstain,0.0,0.0
deepseekv32maas,raw,3.0,20260914,isotonic_direct,original,0.42533518261673603,-0.23300970873786409
deepseekv32maas,raw,3.0,20260914,isotonic_direct,penalty_prompt,0.6114748035136385,-0.32455848358760986
deepseekv32maas,raw,3.0,20260914,isotonic_direct,always_abstain,0.0,0.0
deepseekv32maas,raw,3.0,20260914,beta,original,0.42533518261673603,-0.23300970873786409
deepseekv32maas,raw,3.0,20260914,beta,penalty_prompt,0.6114748035136385,-0.32455848358760986
deepseekv32maas,raw,3.0,20260914,beta,always_abstain,0.0,0.0
deepseekv32maas,raw,3.0,20260915,isotonic_direct,original,0.37263060564031436,-0.2431807674526121
deepseekv32maas,raw,3.0,20260915,isotonic_direct,penalty_prompt,0.585538603791031,-0.31702265372168287
deepseekv32maas,raw,3.0,20260915,isotonic_direct,always_abstain,0.0,0.0
deepseekv32maas,raw,3.0,20260915,beta,original,0.37263060564031436,-0.2431807674526121
deepseekv32maas,raw,3.0,20260915,beta,penalty_prompt,0.585538603791031,-0.31702265372168287
deepseekv32maas,raw,3.0,20260915,beta,always_abstain,0.0,0.0
deepseekv32maas,raw,3.0,20260916,isotonic_direct,original,0.42718446601941745,-0.2588996763754045
deepseekv32maas,raw,3.0,20260916,isotonic_direct,penalty_prompt,0.6020342117429496,-0.33318539066111885
deepseekv32maas,raw,3.0,20260916,isotonic_direct,always_abstain,0.0,0.0
deepseekv32maas,raw,3.0,20260916,beta,original,0.42718446601941745,-0.2588996763754045
deepseekv32maas,raw,3.0,20260916,beta,penalty_prompt,0.6020342117429496,-0.33318539066111885
deepseekv32maas,raw,3.0,20260916,beta,always_abstain,0.0,0.0
deepseekv32maas,raw,3.0,20260917,isotonic_direct,original,0.40221914008321774,-0.24503005085529359
deepseekv32maas,raw,3.0,20260917,isotonic_direct,penalty_prompt,0.5720203421174296,-0.3209246417013407
deepseekv32maas,raw,3.0,20260917,isotonic_direct,always_abstain,0.0,0.0
deepseekv32maas,raw,3.0,20260917,beta,original,0.40221914008321774,-0.24503005085529359
deepseekv32maas,raw,3.0,20260917,beta,penalty_prompt,0.5720203421174296,-0.3209246417013407
deepseekv32maas,raw,3.0,20260917,beta,always_abstain,0.0,0.0
deepseekv32maas,raw,3.0,20260918,isotonic_direct,original,0.39528432732316227,-0.2408691631992603
deepseekv32maas,raw,3.0,20260918,isotonic_direct,penalty_prompt,0.6105501618122977,-0.3260009246417014
deepseekv32maas,raw,3.0,20260918,isotonic_direct,always_abstain,0.0,0.0
deepseekv32maas,raw,3.0,20260918,beta,original,0.39528432732316227,-0.2408691631992603
deepseekv32maas,raw,3.0,20260918,beta,penalty_prompt,0.6105501618122977,-0.3260009246417014
deepseekv32maas,raw,3.0,20260918,beta,always_abstain,0.0,0.0
deepseekv32maas,raw,3.0,20260919,isotonic_direct,original,0.36708275543227,-0.2339343504392048
deepseekv32maas,raw,3.0,20260919,isotonic_direct,penalty_prompt,0.5933795654184004,-0.31813222376329175
deepseekv32maas,raw,3.0,20260919,isotonic_direct,always_abstain,0.0,0.0
deepseekv32maas,raw,3.0,20260919,beta,original,0.36708275543227,-0.2339343504392048
deepseekv32maas,raw,3.0,20260919,beta,penalty_prompt,0.5933795654184004,-0.31813222376329175
deepseekv32maas,raw,3.0,20260919,beta,always_abstain,0.0,0.0
deepseekv32maas,raw,3.0,20260920,isotonic_direct,original,0.391123439667129,-0.23763291724456773
deepseekv32maas,raw,3.0,20260920,isotonic_direct,penalty_prompt,0.5882108183079057,-0.3234858992140546
deepseekv32maas,raw,3.0,20260920,isotonic_direct,always_abstain,0.0,0.0
deepseekv32maas,raw,3.0,20260920,beta,original,0.391123439667129,-0.23763291724456773
deepseekv32maas,raw,3.0,20260920,beta,penalty_prompt,0.5882108183079057,-0.3234858992140546
deepseekv32maas,raw,3.0,20260920,beta,always_abstain,0.0,0.0
deepseekv32maas,raw,3.0,20260921,isotonic_direct,original,0.42995839112343964,-0.2431807674526121
deepseekv32maas,raw,3.0,20260921,isotonic_direct,penalty_prompt,0.6030883032824781,-0.3245492371705964
deepseekv32maas,raw,3.0,20260921,isotonic_direct,always_abstain,0.0,0.0
deepseekv32maas,raw,3.0,20260921,beta,original,0.42995839112343964,-0.2431807674526121
deepseekv32maas,raw,3.0,20260921,beta,penalty_prompt,0.6030883032824781,-0.3245492371705964
deepseekv32maas,raw,3.0,20260921,beta,always_abstain,0.0,0.0
deepseekv32maas,raw,3.0,20260922,isotonic_direct,original,0.39574664817383265,-0.2422561257512714
deepseekv32maas,raw,3.0,20260922,isotonic_direct,penalty_prompt,0.6043643088303282,-0.32375404530744334
deepseekv32maas,raw,3.0,20260922,isotonic_direct,always_abstain,0.0,0.0
deepseekv32maas,raw,3.0,20260922,beta,original,0.39574664817383265,-0.2422561257512714
deepseekv32maas,raw,3.0,20260922,beta,penalty_prompt,0.6043643088303282,-0.32375404530744334
deepseekv32maas,raw,3.0,20260922,beta,always_abstain,0.0,0.0
deepseekv32maas,raw,3.0,20260923,isotonic_direct,original,0.4073046694405918,-0.23624595469255663
deepseekv32maas,raw,3.0,20260923,isotonic_direct,penalty_prompt,0.6063985205732778,-0.32586222838650025
deepseekv32maas,raw,3.0,20260923,isotonic_direct,always_abstain,0.0,0.0
deepseekv32maas,raw,3.0,20260923,beta,original,0.4073046694405918,-0.23624595469255663
deepseekv32maas,raw,3.0,20260923,beta,penalty_prompt,0.6063985205732778,-0.32586222838650025
deepseekv32maas,raw,3.0,20260923,beta,always_abstain,0.0,0.0
deepseekv32maas,raw,3.0,20260924,isotonic_direct,original,0.3582986592695331,-0.231622746185853
deepseekv32maas,raw,3.0,20260924,isotonic_direct,penalty_prompt,0.5687563569116967,-0.31091077207582063
deepseekv32maas,raw,3.0,20260924,isotonic_direct,always_abstain,0.0,0.0
deepseekv32maas,raw,3.0,20260924,beta,original,0.3582986592695331,-0.231622746185853
deepseekv32maas,raw,3.0,20260924,beta,penalty_prompt,0.5687563569116967,-0.31091077207582063
deepseekv32maas,raw,3.0,20260924,beta,always_abstain,0.0,0.0
deepseekv32maas,raw,3.0,20260925,isotonic_direct,original,0.3865002311604253,-0.24780397595931578
deepseekv32maas,raw,3.0,20260925,isotonic_direct,penalty_prompt,0.5915302820157189,-0.3248266296809986
deepseekv32maas,raw,3.0,20260925,isotonic_direct,always_abstain,0.0,0.0
deepseekv32maas,raw,3.0,20260925,beta,original,0.3865002311604253,-0.24780397595931578
deepseekv32maas,raw,3.0,20260925,beta,penalty_prompt,0.5915302820157189,-0.3248266296809986
deepseekv32maas,raw,3.0,20260925,beta,always_abstain,0.0,0.0
deepseekv32maas,raw,3.0,20260926,isotonic_direct,original,0.3846509477577439,-0.23855755894590847
deepseekv32maas,raw,3.0,20260926,isotonic_direct,penalty_prompt,0.6121590383726305,-0.32294960702727693
deepseekv32maas,raw,3.0,20260926,isotonic_direct,always_abstain,0.0,0.0
deepseekv32maas,raw,3.0,20260926,beta,original,0.3846509477577439,-0.23855755894590847
deepseekv32maas,raw,3.0,20260926,beta,penalty_prompt,0.6121590383726305,-0.32294960702727693
deepseekv32maas,raw,3.0,20260926,beta,always_abstain,0.0,0.0
deepseekv32maas,raw,3.0,20260927,isotonic_direct,original,0.3869625520110957,-0.23439667128987518
deepseekv32maas,raw,3.0,20260927,isotonic_direct,penalty_prompt,0.6041608876560333,-0.3257327785483125
deepseekv32maas,raw,3.0,20260927,isotonic_direct,always_abstain,0.0,0.0
deepseekv32maas,raw,3.0,20260927,beta,original,0.3869625520110957,-0.23439667128987518
deepseekv32maas,raw,3.0,20260927,beta,penalty_prompt,0.6041608876560333,-0.3257327785483125
deepseekv32maas,raw,3.0,20260927,beta,always_abstain,0.0,0.0
deepseekv32maas,raw,3.0,20260928,isotonic_direct,original,0.4026814609338881,-0.2408691631992603
deepseekv32maas,raw,3.0,20260928,isotonic_direct,penalty_prompt,0.5805362921867775,-0.3163661581137309
deepseekv32maas,raw,3.0,20260928,isotonic_direct,always_abstain,0.0,0.0
deepseekv32maas,raw,3.0,20260928,beta,original,0.4026814609338881,-0.2408691631992603
deepseekv32maas,raw,3.0,20260928,beta,penalty_prompt,0.5805362921867775,-0.3163661581137309
deepseekv32maas,raw,3.0,20260928,beta,always_abstain,0.0,0.0
deepseekv32maas,raw,3.0,20260929,isotonic_direct,original,0.39019879796578827,-0.24040684234858992
deepseekv32maas,raw,3.0,20260929,isotonic_direct,penalty_prompt,0.596957928802589,-0.32254276467868703
deepseekv32maas,raw,3.0,20260929,isotonic_direct,always_abstain,0.0,0.0
deepseekv32maas,raw,3.0,20260929,beta,original,0.39019879796578827,-0.24040684234858992
deepseekv32maas,raw,3.0,20260929,beta,penalty_prompt,0.596957928802589,-0.32254276467868703
deepseekv32maas,raw,3.0,20260929,beta,always_abstain,0.0,0.0
deepseekv32maas,raw,3.0,20260930,isotonic_direct,original,0.4128525196486362,-0.2565880721220527
deepseekv32maas,raw,3.0,20260930,isotonic_direct,penalty_prompt,0.5904761904761904,-0.32125751271382347
deepseekv32maas,raw,3.0,20260930,isotonic_direct,always_abstain,0.0,0.0
deepseekv32maas,raw,3.0,20260930,beta,original,0.4128525196486362,-0.2565880721220527
deepseekv32maas,raw,3.0,20260930,beta,penalty_prompt,0.5904761904761904,-0.32125751271382347
deepseekv32maas,raw,3.0,20260930,beta,always_abstain,0.0,0.0
deepseekv32maas,raw,3.0,20260931,isotonic_direct,original,0.39990753582986593,-0.24919093851132687
deepseekv32maas,raw,3.0,20260931,isotonic_direct,penalty_prompt,0.5771336107258438,-0.3263153028201572
deepseekv32maas,raw,3.0,20260931,isotonic_direct,always_abstain,0.0,0.0
deepseekv32maas,raw,3.0,20260931,beta,original,0.39990753582986593,-0.24919093851132687
deepseekv32maas,raw,3.0,20260931,beta,penalty_prompt,0.5771336107258438,-0.3263153028201572
deepseekv32maas,raw,3.0,20260931,beta,always_abstain,0.0,0.0
deepseekv32maas,raw,3.0,20260932,isotonic_direct,original,0.382339343504392,-0.23347202958853444
deepseekv32maas,raw,3.0,20260932,isotonic_direct,penalty_prompt,0.6049283402681461,-0.32319001386962554
deepseekv32maas,raw,3.0,20260932,isotonic_direct,always_abstain,0.0,0.0
deepseekv32maas,raw,3.0,20260932,beta,original,0.382339343504392,-0.23347202958853444
deepseekv32maas,raw,3.0,20260932,beta,penalty_prompt,0.6049283402681461,-0.32319001386962554
deepseekv32maas,raw,3.0,20260932,beta,always_abstain,0.0,0.0
deepseekv32maas,raw,3.0,20260933,isotonic_direct,original,0.43134535367545074,-0.2436430883032825
deepseekv32maas,raw,3.0,20260933,isotonic_direct,penalty_prompt,0.602884882108183,-0.3231622746185853
deepseekv32maas,raw,3.0,20260933,isotonic_direct,always_abstain,0.0,0.0
deepseekv32maas,raw,3.0,20260933,beta,original,0.43134535367545074,-0.2436430883032825
deepseekv32maas,raw,3.0,20260933,beta,penalty_prompt,0.602884882108183,-0.3231622746185853
deepseekv32maas,raw,3.0,20260933,beta,always_abstain,0.0,0.0
deepseekv32maas,raw,3.0,20260934,isotonic_direct,original,0.386037910309755,-0.23347202958853444
deepseekv32maas,raw,3.0,20260934,isotonic_direct,penalty_prompt,0.5771428571428571,-0.3202773925104022
deepseekv32maas,raw,3.0,20260934,isotonic_direct,always_abstain,0.0,0.0
deepseekv32maas,raw,3.0,20260934,beta,original,0.386037910309755,-0.23347202958853444
deepseekv32maas,raw,3.0,20260934,beta,penalty_prompt,0.5771428571428571,-0.3202773925104022
deepseekv32maas,raw,3.0,20260934,beta,always_abstain,0.0,0.0
deepseekv32maas,raw,3.0,20260935,isotonic_direct,original,0.36245954692556637,-0.23855755894590847
deepseekv32maas,raw,3.0,20260935,isotonic_direct,penalty_prompt,0.5655108645399907,-0.32429033749422104
deepseekv32maas,raw,3.0,20260935,isotonic_direct,always_abstain,0.0,0.0
deepseekv32maas,raw,3.0,20260935,beta,original,0.36245954692556637,-0.23855755894590847
deepseekv32maas,raw,3.0,20260935,beta,penalty_prompt,0.5655108645399907,-0.32429033749422104
deepseekv32maas,raw,3.0,20260935,beta,always_abstain,0.0,0.0
deepseekv32maas,raw,3.0,20260936,isotonic_direct,original,0.39990753582986593,-0.23069810448451225
deepseekv32maas,raw,3.0,20260936,isotonic_direct,penalty_prompt,0.5861303744798891,-0.31872399445214983
deepseekv32maas,raw,3.0,20260936,isotonic_direct,always_abstain,0.0,0.0
deepseekv32maas,raw,3.0,20260936,beta,original,0.39990753582986593,-0.23069810448451225
deepseekv32maas,raw,3.0,20260936,beta,penalty_prompt,0.5861303744798891,-0.31872399445214983
deepseekv32maas,raw,3.0,20260936,beta,always_abstain,0.0,0.0
deepseekv32maas,raw,3.0,20260937,isotonic_direct,original,0.3906611188164586,-0.24549237170596394
deepseekv32maas,raw,3.0,20260937,isotonic_direct,penalty_prompt,0.5871474803513639,-0.3269163199260287
deepseekv32maas,raw,3.0,20260937,isotonic_direct,always_abstain,0.0,0.0
deepseekv32maas,raw,3.0,20260937,beta,original,0.3906611188164586,-0.24549237170596394
deepseekv32maas,raw,3.0,20260937,beta,penalty_prompt,0.5871474803513639,-0.3269163199260287
deepseekv32maas,raw,3.0,20260937,beta,always_abstain,0.0,0.0
deepseekv32maas,raw,3.0,20260938,isotonic_direct,original,0.43273231622746183,-0.2570503929727231
deepseekv32maas,raw,3.0,20260938,isotonic_direct,penalty_prompt,0.5800739713361073,-0.3203421174294961
deepseekv32maas,raw,3.0,20260938,isotonic_direct,always_abstain,0.0,0.0
deepseekv32maas,raw,3.0,20260938,beta,original,0.43273231622746183,-0.2570503929727231
deepseekv32maas,raw,3.0,20260938,beta,penalty_prompt,0.5800739713361073,-0.3203421174294961
deepseekv32maas,raw,3.0,20260938,beta,always_abstain,0.0,0.0
deepseekv32maas,raw,3.0,20260939,isotonic_direct,original,0.39158576051779936,-0.2408691631992603
deepseekv32maas,raw,3.0,20260939,isotonic_direct,penalty_prompt,0.5785852981969487,-0.3187979657882571
deepseekv32maas,raw,3.0,20260939,isotonic_direct,always_abstain,0.0,0.0
deepseekv32maas,raw,3.0,20260939,beta,original,0.39158576051779936,-0.2408691631992603
deepseekv32maas,raw,3.0,20260939,beta,penalty_prompt,0.5785852981969487,-0.3187979657882571
deepseekv32maas,raw,3.0,20260939,beta,always_abstain,0.0,0.0
deepseekv32maas,raw,3.0,20260940,isotonic_direct,original,0.37170596393897365,-0.24040684234858992
deepseekv32maas,raw,3.0,20260940,isotonic_direct,penalty_prompt,0.5837817845584836,-0.32236708275543224
deepseekv32maas,raw,3.0,20260940,isotonic_direct,always_abstain,0.0,0.0
deepseekv32maas,raw,3.0,20260940,beta,original,0.37170596393897365,-0.24040684234858992
deepseekv32maas,raw,3.0,20260940,beta,penalty_prompt,0.5837817845584836,-0.32236708275543224
deepseekv32maas,raw,3.0,20260940,beta,always_abstain,0.0,0.0
deepseekv32maas,raw,3.0,20260941,isotonic_direct,original,0.3828016643550624,-0.2459546925566343
deepseekv32maas,raw,3.0,20260941,isotonic_direct,penalty_prompt,0.6068700878409615,-0.33193712436430883
deepseekv32maas,raw,3.0,20260941,isotonic_direct,always_abstain,0.0,0.0
deepseekv32maas,raw,3.0,20260941,beta,original,0.3828016643550624,-0.2459546925566343
deepseekv32maas,raw,3.0,20260941,beta,penalty_prompt,0.6068700878409615,-0.33193712436430883
deepseekv32maas,raw,3.0,20260941,beta,always_abstain,0.0,0.0
deepseekv32maas,raw,3.0,20260942,isotonic_direct,original,0.4082293111419325,-0.24641701340730468
deepseekv32maas,raw,3.0,20260942,isotonic_direct,penalty_prompt,0.5809338881183541,-0.3217013407304669
deepseekv32maas,raw,3.0,20260942,isotonic_direct,always_abstain,0.0,0.0
deepseekv32maas,raw,3.0,20260942,beta,original,0.4082293111419325,-0.24641701340730468
deepseekv32maas,raw,3.0,20260942,beta,penalty_prompt,0.5809338881183541,-0.3217013407304669
deepseekv32maas,raw,3.0,20260942,beta,always_abstain,0.0,0.0
deepseekv32maas,raw,3.0,20260943,isotonic_direct,original,0.4031437817845585,-0.2515025427646787
deepseekv32maas,raw,3.0,20260943,isotonic_direct,penalty_prompt,0.6046601941747574,-0.3285251964863615
deepseekv32maas,raw,3.0,20260943,isotonic_direct,always_abstain,0.0,0.0
deepseekv32maas,raw,3.0,20260943,beta,original,0.4031437817845585,-0.2515025427646787
deepseekv32maas,raw,3.0,20260943,beta,penalty_prompt,0.6046601941747574,-0.3285251964863615
deepseekv32maas,raw,3.0,20260943,beta,always_abstain,0.0,0.0
deepseekv32maas,raw,3.0,20260944,isotonic_direct,original,0.4137771613499769,-0.2445677300046232
deepseekv32maas,raw,3.0,20260944,isotonic_direct,penalty_prompt,0.5979750346740639,-0.3232639852057328
deepseekv32maas,raw,3.0,20260944,isotonic_direct,always_abstain,0.0,0.0
deepseekv32maas,raw,3.0,20260944,beta,original,0.4137771613499769,-0.2445677300046232
deepseekv32maas,raw,3.0,20260944,beta,penalty_prompt,0.5979750346740639,-0.3232639852057328
deepseekv32maas,raw,3.0,20260944,beta,always_abstain,0.0,0.0
deepseekv32maas,raw,3.0,20260945,isotonic_direct,original,0.3892741562644475,-0.23763291724456773
deepseekv32maas,raw,3.0,20260945,isotonic_direct,penalty_prompt,0.5984281091077208,-0.32159038372630605
deepseekv32maas,raw,3.0,20260945,isotonic_direct,always_abstain,0.0,0.0
deepseekv32maas,raw,3.0,20260945,beta,original,0.3892741562644475,-0.23763291724456773
deepseekv32maas,raw,3.0,20260945,beta,penalty_prompt,0.5984281091077208,-0.32159038372630605
deepseekv32maas,raw,3.0,20260945,beta,always_abstain,0.0,0.0
deepseekv32maas,raw,3.0,20260946,isotonic_direct,original,0.39944521497919555,-0.2422561257512714
deepseekv32maas,raw,3.0,20260946,isotonic_direct,penalty_prompt,0.597660656495608,-0.3270550161812298
deepseekv32maas,raw,3.0,20260946,isotonic_direct,always_abstain,0.0,0.0
deepseekv32maas,raw,3.0,20260946,beta,original,0.39944521497919555,-0.2422561257512714
deepseekv32maas,raw,3.0,20260946,beta,penalty_prompt,0.597660656495608,-0.3270550161812298
deepseekv32maas,raw,3.0,20260946,beta,always_abstain,0.0,0.0
deepseekv32maas,raw,3.0,20260947,isotonic_direct,original,0.37586685159500693,-0.23439667128987518
deepseekv32maas,raw,3.0,20260947,isotonic_direct,penalty_prompt,0.571964863615349,-0.3142117429496071
deepseekv32maas,raw,3.0,20260947,isotonic_direct,always_abstain,0.0,0.0
deepseekv32maas,raw,3.0,20260947,beta,original,0.37586685159500693,-0.23439667128987518
deepseekv32maas,raw,3.0,20260947,beta,penalty_prompt,0.571964863615349,-0.3142117429496071
deepseekv32maas,raw,3.0,20260947,beta,always_abstain,0.0,0.0
deepseekv32maas,raw,3.0,20260948,isotonic_direct,original,0.39158576051779936,-0.2501155802126676
deepseekv32maas,raw,3.0,20260948,isotonic_direct,penalty_prompt,0.5806010171058715,-0.3218862690707351
deepseekv32maas,raw,3.0,20260948,isotonic_direct,always_abstain,0.0,0.0
deepseekv32maas,raw,3.0,20260948,beta,original,0.39158576051779936,-0.2501155802126676
deepseekv32maas,raw,3.0,20260948,beta,penalty_prompt,0.5806010171058715,-0.3218862690707351
deepseekv32maas,raw,3.0,20260948,beta,always_abstain,0.0,0.0
deepseekv32maas,raw,3.0,20260949,isotonic_direct,original,0.4105409153952843,-0.2422561257512714
deepseekv32maas,raw,3.0,20260949,isotonic_direct,penalty_prompt,0.6044475265834489,-0.31997226074895974
deepseekv32maas,raw,3.0,20260949,isotonic_direct,always_abstain,0.0,0.0
deepseekv32maas,raw,3.0,20260949,beta,original,0.4105409153952843,-0.2422561257512714
deepseekv32maas,raw,3.0,20260949,beta,penalty_prompt,0.6044475265834489,-0.31997226074895974
deepseekv32maas,raw,3.0,20260949,beta,always_abstain,0.0,0.0
deepseekv32maas,raw,3.0,20260950,isotonic_direct,original,0.391123439667129,-0.23948220064724918
deepseekv32maas,raw,3.0,20260950,isotonic_direct,penalty_prompt,0.598252427184466,-0.32272769301895515
deepseekv32maas,raw,3.0,20260950,isotonic_direct,always_abstain,0.0,0.0
deepseekv32maas,raw,3.0,20260950,beta,original,0.391123439667129,-0.23948220064724918
deepseekv32maas,raw,3.0,20260950,beta,penalty_prompt,0.598252427184466,-0.32272769301895515
deepseekv32maas,raw,3.0,20260950,beta,always_abstain,0.0,0.0
deepseekv32maas,raw,3.0,20260951,isotonic_direct,original,0.39620896902450303,-0.24919093851132687
deepseekv32maas,raw,3.0,20260951,isotonic_direct,penalty_prompt,0.5653259361997226,-0.3259177068885807
deepseekv32maas,raw,3.0,20260951,isotonic_direct,always_abstain,0.0,0.0
deepseekv32maas,raw,3.0,20260951,beta,original,0.39620896902450303,-0.24919093851132687
deepseekv32maas,raw,3.0,20260951,beta,penalty_prompt,0.5653259361997226,-0.3259177068885807
deepseekv32maas,raw,3.0,20260951,beta,always_abstain,0.0,0.0
deepseekv32maas,raw,3.0,20260952,isotonic_direct,original,0.40221914008321774,-0.24687933425797504
deepseekv32maas,raw,3.0,20260952,isotonic_direct,penalty_prompt,0.5780490060101712,-0.32181229773462783
deepseekv32maas,raw,3.0,20260952,isotonic_direct,always_abstain,0.0,0.0
deepseekv32maas,raw,3.0,20260952,beta,original,0.40221914008321774,-0.24687933425797504
deepseekv32maas,raw,3.0,20260952,beta,penalty_prompt,0.5780490060101712,-0.32181229773462783
deepseekv32maas,raw,3.0,20260952,beta,always_abstain,0.0,0.0
deepseekv32maas,raw,3.0,20260953,isotonic_direct,original,0.3892741562644475,-0.2431807674526121
deepseekv32maas,raw,3.0,20260953,isotonic_direct,penalty_prompt,0.5778918169209433,-0.3200832177531207
deepseekv32maas,raw,3.0,20260953,isotonic_direct,always_abstain,0.0,0.0
deepseekv32maas,raw,3.0,20260953,beta,original,0.3892741562644475,-0.2431807674526121
deepseekv32maas,raw,3.0,20260953,beta,penalty_prompt,0.5778918169209433,-0.3200832177531207
deepseekv32maas,raw,3.0,20260953,beta,always_abstain,0.0,0.0
deepseekv32maas,raw,3.0,20260954,isotonic_direct,original,0.42348589921405455,-0.2459546925566343
deepseekv32maas,raw,3.0,20260954,isotonic_direct,penalty_prompt,0.5962921867776237,-0.3238002773925104
deepseekv32maas,raw,3.0,20260954,isotonic_direct,always_abstain,0.0,0.0
deepseekv32maas,raw,3.0,20260954,beta,original,0.42348589921405455,-0.2459546925566343
deepseekv32maas,raw,3.0,20260954,beta,penalty_prompt,0.5962921867776237,-0.3238002773925104
deepseekv32maas,raw,3.0,20260954,beta,always_abstain,0.0,0.0
deepseekv32maas,raw,3.0,20260955,isotonic_direct,original,0.382339343504392,-0.23717059639389737
deepseekv32maas,raw,3.0,20260955,isotonic_direct,penalty_prompt,0.5919556171983357,-0.3215533980582524
deepseekv32maas,raw,3.0,20260955,isotonic_direct,always_abstain,0.0,0.0
deepseekv32maas,raw,3.0,20260955,beta,original,0.382339343504392,-0.23717059639389737
deepseekv32maas,raw,3.0,20260955,beta,penalty_prompt,0.5919556171983357,-0.3215533980582524
deepseekv32maas,raw,3.0,20260955,beta,always_abstain,0.0,0.0
deepseekv32maas,raw,3.0,20260956,isotonic_direct,original,0.36800739713361075,-0.24410540915395285
deepseekv32maas,raw,3.0,20260956,isotonic_direct,penalty_prompt,0.581229773462783,-0.3179657882570504
deepseekv32maas,raw,3.0,20260956,isotonic_direct,always_abstain,0.0,0.0
deepseekv32maas,raw,3.0,20260956,beta,original,0.36800739713361075,-0.24410540915395285
deepseekv32maas,raw,3.0,20260956,beta,penalty_prompt,0.581229773462783,-0.3179657882570504
deepseekv32maas,raw,3.0,20260956,beta,always_abstain,0.0,0.0
deepseekv32maas,raw,3.0,20260957,isotonic_direct,original,0.4031437817845585,-0.2459546925566343
deepseekv32maas,raw,3.0,20260957,isotonic_direct,penalty_prompt,0.5833934350439205,-0.3261950993989829
deepseekv32maas,raw,3.0,20260957,isotonic_direct,always_abstain,0.0,0.0
deepseekv32maas,raw,3.0,20260957,beta,original,0.4031437817845585,-0.2459546925566343
deepseekv32maas,raw,3.0,20260957,beta,penalty_prompt,0.5833934350439205,-0.3261950993989829
deepseekv32maas,raw,3.0,20260957,beta,always_abstain,0.0,0.0
deepseekv32maas,raw,3.0,20260958,isotonic_direct,original,0.42625982431807674,-0.2542764678687009
deepseekv32maas,raw,3.0,20260958,isotonic_direct,penalty_prompt,0.5873046694405918,-0.3249838187702266
deepseekv32maas,raw,3.0,20260958,isotonic_direct,always_abstain,0.0,0.0
deepseekv32maas,raw,3.0,20260958,beta,original,0.42625982431807674,-0.2542764678687009
deepseekv32maas,raw,3.0,20260958,beta,penalty_prompt,0.5873046694405918,-0.3249838187702266
deepseekv32maas,raw,3.0,20260958,beta,always_abstain,0.0,0.0
deepseekv32maas,raw,3.0,20260959,isotonic_direct,original,0.37216828478964403,-0.23624595469255663
deepseekv32maas,raw,3.0,20260959,isotonic_direct,penalty_prompt,0.5886916319926029,-0.32818307905686545
deepseekv32maas,raw,3.0,20260959,isotonic_direct,always_abstain,0.0,0.0
deepseekv32maas,raw,3.0,20260959,beta,original,0.37216828478964403,-0.23624595469255663
deepseekv32maas,raw,3.0,20260959,beta,penalty_prompt,0.5886916319926029,-0.32818307905686545
deepseekv32maas,raw,3.0,20260959,beta,always_abstain,0.0,0.0
deepseekv32maas,raw,3.0,20260960,isotonic_direct,original,0.36754507628294036,-0.23347202958853444
deepseekv32maas,raw,3.0,20260960,isotonic_direct,penalty_prompt,0.5863985205732779,-0.3186407766990291
deepseekv32maas,raw,3.0,20260960,isotonic_direct,always_abstain,0.0,0.0
deepseekv32maas,raw,3.0,20260960,beta,original,0.36754507628294036,-0.23347202958853444
deepseekv32maas,raw,3.0,20260960,beta,penalty_prompt,0.5863985205732779,-0.3186407766990291
deepseekv32maas,raw,3.0,20260960,beta,always_abstain,0.0,0.0
deepseekv32maas,raw,3.0,20260961,isotonic_direct,original,0.4137771613499769,-0.24826629680998613
deepseekv32maas,raw,3.0,20260961,isotonic_direct,penalty_prompt,0.5953860379103099,-0.3231530282015719
deepseekv32maas,raw,3.0,20260961,isotonic_direct,always_abstain,0.0,0.0
deepseekv32maas,raw,3.0,20260961,beta,original,0.4137771613499769,-0.24826629680998613
deepseekv32maas,raw,3.0,20260961,beta,penalty_prompt,0.5953860379103099,-0.3231530282015719
deepseekv32maas,raw,3.0,20260961,beta,always_abstain,0.0,0.0
deepseekv32maas,raw,3.0,20260962,isotonic_direct,original,0.4147018030513176,-0.23994452149791956
deepseekv32maas,raw,3.0,20260962,isotonic_direct,penalty_prompt,0.5909385113268608,-0.3175404530744337
deepseekv32maas,raw,3.0,20260962,isotonic_direct,always_abstain,0.0,0.0
deepseekv32maas,raw,3.0,20260962,beta,original,0.4147018030513176,-0.23994452149791956
deepseekv32maas,raw,3.0,20260962,beta,penalty_prompt,0.5909385113268608,-0.3175404530744337
deepseekv32maas,raw,3.0,20260962,beta,always_abstain,0.0,0.0
deepseekv32maas,raw,3.0,20260963,isotonic_direct,original,0.4026814609338881,-0.24641701340730468
deepseekv32maas,raw,3.0,20260963,isotonic_direct,penalty_prompt,0.58417938049006,-0.3194174757281553
deepseekv32maas,raw,3.0,20260963,isotonic_direct,always_abstain,0.0,0.0
deepseekv32maas,raw,3.0,20260963,beta,original,0.4026814609338881,-0.24641701340730468
deepseekv32maas,raw,3.0,20260963,beta,penalty_prompt,0.58417938049006,-0.3194174757281553
deepseekv32maas,raw,3.0,20260963,beta,always_abstain,0.0,0.0
deepseekv32maas,raw,3.0,20260964,isotonic_direct,original,0.4096162736939436,-0.25057790106333794
deepseekv32maas,raw,3.0,20260964,isotonic_direct,penalty_prompt,0.5728432732316228,-0.318955154877485
deepseekv32maas,raw,3.0,20260964,isotonic_direct,always_abstain,0.0,0.0
deepseekv32maas,raw,3.0,20260964,beta,original,0.4096162736939436,-0.25057790106333794
deepseekv32maas,raw,3.0,20260964,beta,penalty_prompt,0.5728432732316228,-0.318955154877485
deepseekv32maas,raw,3.0,20260964,beta,always_abstain,0.0,0.0
deepseekv32maas,raw,3.0,20260965,isotonic_direct,original,0.4059177068885807,-0.2339343504392048
deepseekv32maas,raw,3.0,20260965,isotonic_direct,penalty_prompt,0.6086546463245492,-0.32737864077669904
deepseekv32maas,raw,3.0,20260965,isotonic_direct,always_abstain,0.0,0.0
deepseekv32maas,raw,3.0,20260965,beta,original,0.4059177068885807,-0.2339343504392048
deepseekv32maas,raw,3.0,20260965,beta,penalty_prompt,0.6086546463245492,-0.32737864077669904
deepseekv32maas,raw,3.0,20260965,beta,always_abstain,0.0,0.0
deepseekv32maas,raw,3.0,20260966,isotonic_direct,original,0.3989828941285252,-0.2501155802126676
deepseekv32maas,raw,3.0,20260966,isotonic_direct,penalty_prompt,0.5597041146555709,-0.3197411003236246
deepseekv32maas,raw,3.0,20260966,isotonic_direct,always_abstain,0.0,0.0
deepseekv32maas,raw,3.0,20260966,beta,original,0.3989828941285252,-0.2501155802126676
deepseekv32maas,raw,3.0,20260966,beta,penalty_prompt,0.5597041146555709,-0.3197411003236246
deepseekv32maas,raw,3.0,20260966,beta,always_abstain,0.0,0.0
deepseekv32maas,raw,3.0,20260967,isotonic_direct,original,0.3925104022191401,-0.2436430883032825
deepseekv32maas,raw,3.0,20260967,isotonic_direct,penalty_prompt,0.5950624133148404,-0.3279519186315303
deepseekv32maas,raw,3.0,20260967,isotonic_direct,always_abstain,0.0,0.0
deepseekv32maas,raw,3.0,20260967,beta,original,0.3925104022191401,-0.2436430883032825
deepseekv32maas,raw,3.0,20260967,beta,penalty_prompt,0.5950624133148404,-0.3279519186315303
deepseekv32maas,raw,3.0,20260967,beta,always_abstain,0.0,0.0
deepseekv32maas,raw,3.0,20260968,isotonic_direct,original,0.42487286176606565,-0.24826629680998613
deepseekv32maas,raw,3.0,20260968,isotonic_direct,penalty_prompt,0.58417938049006,-0.32588996763754047
deepseekv32maas,raw,3.0,20260968,isotonic_direct,always_abstain,0.0,0.0
deepseekv32maas,raw,3.0,20260968,beta,original,0.42487286176606565,-0.24826629680998613
deepseekv32maas,raw,3.0,20260968,beta,penalty_prompt,0.58417938049006,-0.32588996763754047
deepseekv32maas,raw,3.0,20260968,beta,always_abstain,0.0,0.0
deepseekv32maas,raw,3.0,20260969,isotonic_direct,original,0.3948220064724919,-0.23763291724456773
deepseekv32maas,raw,3.0,20260969,isotonic_direct,penalty_prompt,0.5993342579750347,-0.31946370781322236
deepseekv32maas,raw,3.0,20260969,isotonic_direct,always_abstain,0.0,0.0
deepseekv32maas,raw,3.0,20260969,beta,original,0.3948220064724919,-0.23763291724456773
deepseekv32maas,raw,3.0,20260969,beta,penalty_prompt,0.5993342579750347,-0.31946370781322236
deepseekv32maas,raw,3.0,20260969,beta,always_abstain,0.0,0.0
deepseekv32maas,raw,3.0,20260970,isotonic_direct,original,0.3897364771151179,-0.23717059639389737
deepseekv32maas,raw,3.0,20260970,isotonic_direct,penalty_prompt,0.6017568192325473,-0.3187794729542302
deepseekv32maas,raw,3.0,20260970,isotonic_direct,always_abstain,0.0,0.0
deepseekv32maas,raw,3.0,20260970,beta,original,0.3897364771151179,-0.23717059639389737
deepseekv32maas,raw,3.0,20260970,beta,penalty_prompt,0.6017568192325473,-0.3187794729542302
deepseekv32maas,raw,3.0,20260970,beta,always_abstain,0.0,0.0
deepseekv32maas,raw,3.0,20260971,isotonic_direct,original,0.4174757281553398,-0.2501155802126676
deepseekv32maas,raw,3.0,20260971,isotonic_direct,penalty_prompt,0.6009338881183541,-0.3228571428571429
deepseekv32maas,raw,3.0,20260971,isotonic_direct,always_abstain,0.0,0.0
deepseekv32maas,raw,3.0,20260971,beta,original,0.4174757281553398,-0.2501155802126676
deepseekv32maas,raw,3.0,20260971,beta,penalty_prompt,0.6009338881183541,-0.3228571428571429
deepseekv32maas,raw,3.0,20260971,beta,always_abstain,0.0,0.0
deepseekv32maas,raw,3.0,20260972,isotonic_direct,original,0.3592233009708738,-0.241793804900601
deepseekv32maas,raw,3.0,20260972,isotonic_direct,penalty_prompt,0.5969486823855756,-0.3282478039759593
deepseekv32maas,raw,3.0,20260972,isotonic_direct,always_abstain,0.0,0.0
deepseekv32maas,raw,3.0,20260972,beta,original,0.3592233009708738,-0.241793804900601
deepseekv32maas,raw,3.0,20260972,beta,penalty_prompt,0.5969486823855756,-0.3282478039759593
deepseekv32maas,raw,3.0,20260972,beta,always_abstain,0.0,0.0
deepseekv32maas,raw,3.0,20260973,isotonic_direct,original,0.3888118354137772,-0.23994452149791956
deepseekv32maas,raw,3.0,20260973,isotonic_direct,penalty_prompt,0.5844937586685159,-0.31740175681923255
deepseekv32maas,raw,3.0,20260973,isotonic_direct,always_abstain,0.0,0.0
deepseekv32maas,raw,3.0,20260973,beta,original,0.3888118354137772,-0.23994452149791956
deepseekv32maas,raw,3.0,20260973,beta,penalty_prompt,0.5844937586685159,-0.31740175681923255
deepseekv32maas,raw,3.0,20260973,beta,always_abstain,0.0,0.0
deepseekv32maas,raw,3.0,20260974,isotonic_direct,original,0.3865002311604253,-0.24780397595931578
deepseekv32maas,raw,3.0,20260974,isotonic_direct,penalty_prompt,0.5885899214054553,-0.32895053166897825
deepseekv32maas,raw,3.0,20260974,isotonic_direct,always_abstain,0.0,0.0
deepseekv32maas,raw,3.0,20260974,beta,original,0.3865002311604253,-0.24780397595931578
deepseekv32maas,raw,3.0,20260974,beta,penalty_prompt,0.5885899214054553,-0.32895053166897825
deepseekv32maas,raw,3.0,20260974,beta,always_abstain,0.0,0.0
deepseekv32maas,raw,3.0,20260975,isotonic_direct,original,0.39574664817383265,-0.24040684234858992
deepseekv32maas,raw,3.0,20260975,isotonic_direct,penalty_prompt,0.6119278779472954,-0.32802588996763754
deepseekv32maas,raw,3.0,20260975,isotonic_direct,always_abstain,0.0,0.0
deepseekv32maas,raw,3.0,20260975,beta,original,0.39574664817383265,-0.24040684234858992
deepseekv32maas,raw,3.0,20260975,beta,penalty_prompt,0.6119278779472954,-0.32802588996763754
deepseekv32maas,raw,3.0,20260975,beta,always_abstain,0.0,0.0
deepseekv32maas,raw,3.0,20260976,isotonic_direct,original,0.39944521497919555,-0.2422561257512714
deepseekv32maas,raw,3.0,20260976,isotonic_direct,penalty_prompt,0.5904946833102173,-0.3230883032824781
deepseekv32maas,raw,3.0,20260976,isotonic_direct,always_abstain,0.0,0.0
deepseekv32maas,raw,3.0,20260976,beta,original,0.39944521497919555,-0.2422561257512714
deepseekv32maas,raw,3.0,20260976,beta,penalty_prompt,0.5904946833102173,-0.3230883032824781
deepseekv32maas,raw,3.0,20260976,beta,always_abstain,0.0,0.0
deepseekv32maas,raw,3.0,20260977,isotonic_direct,original,0.4040684234858992,-0.2339343504392048
deepseekv32maas,raw,3.0,20260977,isotonic_direct,penalty_prompt,0.583384188626907,-0.3150716597318539
deepseekv32maas,raw,3.0,20260977,isotonic_direct,always_abstain,0.0,0.0
deepseekv32maas,raw,3.0,20260977,beta,original,0.4040684234858992,-0.2339343504392048
deepseekv32maas,raw,3.0,20260977,beta,penalty_prompt,0.583384188626907,-0.3150716597318539
deepseekv32maas,raw,3.0,20260977,beta,always_abstain,0.0,0.0
deepseekv32maas,raw,3.0,20260978,isotonic_direct,original,0.391123439667129,-0.23578363384188628
deepseekv32maas,raw,3.0,20260978,isotonic_direct,penalty_prompt,0.5938973647711512,-0.31946370781322236
deepseekv32maas,raw,3.0,20260978,isotonic_direct,always_abstain,0.0,0.0
deepseekv32maas,raw,3.0,20260978,beta,original,0.391123439667129,-0.23578363384188628
deepseekv32maas,raw,3.0,20260978,beta,penalty_prompt,0.5938973647711512,-0.31946370781322236
deepseekv32maas,raw,3.0,20260978,beta,always_abstain,0.0,0.0
deepseekv32maas,raw,3.0,20260979,isotonic_direct,original,0.3920480813684697,-0.24410540915395285
deepseekv32maas,raw,3.0,20260979,isotonic_direct,penalty_prompt,0.5866296809986131,-0.3185575589459085
deepseekv32maas,raw,3.0,20260979,isotonic_direct,always_abstain,0.0,0.0
deepseekv32maas,raw,3.0,20260979,beta,original,0.3920480813684697,-0.24410540915395285
deepseekv32maas,raw,3.0,20260979,beta,penalty_prompt,0.5866296809986131,-0.3185575589459085
deepseekv32maas,raw,3.0,20260979,beta,always_abstain,0.0,0.0
deepseekv32maas,raw,3.0,20260980,isotonic_direct,original,0.37817845584835874,-0.2431807674526121
deepseekv32maas,raw,3.0,20260980,isotonic_direct,penalty_prompt,0.5744429033749422,-0.32638002773925107
deepseekv32maas,raw,3.0,20260980,isotonic_direct,always_abstain,0.0,0.0
deepseekv32maas,raw,3.0,20260980,beta,original,0.37817845584835874,-0.2431807674526121
deepseekv32maas,raw,3.0,20260980,beta,penalty_prompt,0.5744429033749422,-0.32638002773925107
deepseekv32maas,raw,3.0,20260980,beta,always_abstain,0.0,0.0
deepseekv32maas,raw,3.0,20260981,isotonic_direct,original,0.406380027739251,-0.2501155802126676
deepseekv32maas,raw,3.0,20260981,isotonic_direct,penalty_prompt,0.5656957928802588,-0.31822468793342584
deepseekv32maas,raw,3.0,20260981,isotonic_direct,always_abstain,0.0,0.0
deepseekv32maas,raw,3.0,20260981,beta,original,0.406380027739251,-0.2501155802126676
deepseekv32maas,raw,3.0,20260981,beta,penalty_prompt,0.5656957928802588,-0.31822468793342584
deepseekv32maas,raw,3.0,20260981,beta,always_abstain,0.0,0.0
deepseekv32maas,raw,3.0,20260982,isotonic_direct,original,0.386037910309755,-0.2538141470180305
deepseekv32maas,raw,3.0,20260982,isotonic_direct,penalty_prompt,0.5809893666204347,-0.3245307443365696
deepseekv32maas,raw,3.0,20260982,isotonic_direct,always_abstain,0.0,0.0
deepseekv32maas,raw,3.0,20260982,beta,original,0.386037910309755,-0.2538141470180305
deepseekv32maas,raw,3.0,20260982,beta,penalty_prompt,0.5809893666204347,-0.3245307443365696
deepseekv32maas,raw,3.0,20260982,beta,always_abstain,0.0,0.0
deepseekv32maas,raw,3.0,20260983,isotonic_direct,original,0.3818770226537217,-0.23578363384188628
deepseekv32maas,raw,3.0,20260983,isotonic_direct,penalty_prompt,0.5940268146093389,-0.3198520573277855
deepseekv32maas,raw,3.0,20260983,isotonic_direct,always_abstain,0.0,0.0
deepseekv32maas,raw,3.0,20260983,beta,original,0.3818770226537217,-0.23578363384188628
deepseekv32maas,raw,3.0,20260983,beta,penalty_prompt,0.5940268146093389,-0.3198520573277855
deepseekv32maas,raw,3.0,20260983,beta,always_abstain,0.0,0.0
deepseekv32maas,raw,3.0,20260984,isotonic_direct,original,0.40083217753120665,-0.2445677300046232
deepseekv32maas,raw,3.0,20260984,isotonic_direct,penalty_prompt,0.5799722607489598,-0.32355062413314845
deepseekv32maas,raw,3.0,20260984,isotonic_direct,always_abstain,0.0,0.0
deepseekv32maas,raw,3.0,20260984,beta,original,0.40083217753120665,-0.2445677300046232
deepseekv32maas,raw,3.0,20260984,beta,penalty_prompt,0.5799722607489598,-0.32355062413314845
deepseekv32maas,raw,3.0,20260984,beta,always_abstain,0.0,0.0
deepseekv32maas,raw,3.0,20260985,isotonic_direct,original,0.4174757281553398,-0.24826629680998613
deepseekv32maas,raw,3.0,20260985,isotonic_direct,penalty_prompt,0.5946278317152104,-0.3237263060564032
deepseekv32maas,raw,3.0,20260985,isotonic_direct,always_abstain,0.0,0.0
deepseekv32maas,raw,3.0,20260985,beta,original,0.4174757281553398,-0.24826629680998613
deepseekv32maas,raw,3.0,20260985,beta,penalty_prompt,0.5946278317152104,-0.3237263060564032
deepseekv32maas,raw,3.0,20260985,beta,always_abstain,0.0,0.0
deepseekv32maas,raw,3.0,20260986,isotonic_direct,original,0.4091539528432732,-0.23994452149791956
deepseekv32maas,raw,3.0,20260986,isotonic_direct,penalty_prompt,0.6097827092001848,-0.32769301895515485
deepseekv32maas,raw,3.0,20260986,isotonic_direct,always_abstain,0.0,0.0
deepseekv32maas,raw,3.0,20260986,beta,original,0.4091539528432732,-0.23994452149791956
deepseekv32maas,raw,3.0,20260986,beta,penalty_prompt,0.6097827092001848,-0.32769301895515485
deepseekv32maas,raw,3.0,20260986,beta,always_abstain,0.0,0.0
deepseekv32maas,raw,3.0,20260987,isotonic_direct,original,0.3883495145631068,-0.23855755894590847
deepseekv32maas,raw,3.0,20260987,isotonic_direct,penalty_prompt,0.5881830790568655,-0.3191123439667129
deepseekv32maas,raw,3.0,20260987,isotonic_direct,always_abstain,0.0,0.0
deepseekv32maas,raw,3.0,20260987,beta,original,0.3883495145631068,-0.23855755894590847
deepseekv32maas,raw,3.0,20260987,beta,penalty_prompt,0.5881830790568655,-0.3191123439667129
deepseekv32maas,raw,3.0,20260987,beta,always_abstain,0.0,0.0
deepseekv32maas,raw,3.0,20260988,isotonic_direct,original,0.42117429496070274,-0.2501155802126676
deepseekv32maas,raw,3.0,20260988,isotonic_direct,penalty_prompt,0.5844197873324087,-0.3236523347202959
deepseekv32maas,raw,3.0,20260988,isotonic_direct,always_abstain,0.0,0.0
deepseekv32maas,raw,3.0,20260988,beta,original,0.42117429496070274,-0.2501155802126676
deepseekv32maas,raw,3.0,20260988,beta,penalty_prompt,0.5844197873324087,-0.3236523347202959
deepseekv32maas,raw,3.0,20260988,beta,always_abstain,0.0,0.0
deepseekv32maas,raw,3.0,20260989,isotonic_direct,original,0.4110032362459547,-0.2565880721220527
deepseekv32maas,raw,3.0,20260989,isotonic_direct,penalty_prompt,0.5981137309292649,-0.3358483587609801
deepseekv32maas,raw,3.0,20260989,isotonic_direct,always_abstain,0.0,0.0
deepseekv32maas,raw,3.0,20260989,beta,original,0.4110032362459547,-0.2565880721220527
deepseekv32maas,raw,3.0,20260989,beta,penalty_prompt,0.5981137309292649,-0.3358483587609801
deepseekv32maas,raw,3.0,20260989,beta,always_abstain,0.0,0.0
deepseekv32maas,raw,3.0,20260990,isotonic_direct,original,0.37355524734165513,-0.236708275543227
deepseekv32maas,raw,3.0,20260990,isotonic_direct,penalty_prompt,0.5654553860379102,-0.3137679149329635
deepseekv32maas,raw,3.0,20260990,isotonic_direct,always_abstain,0.0,0.0
deepseekv32maas,raw,3.0,20260990,beta,original,0.37355524734165513,-0.236708275543227
deepseekv32maas,raw,3.0,20260990,beta,penalty_prompt,0.5654553860379102,-0.3137679149329635
deepseekv32maas,raw,3.0,20260990,beta,always_abstain,0.0,0.0
deepseekv32maas,raw,3.0,20260991,isotonic_direct,original,0.3897364771151179,-0.23901987979657882
deepseekv32maas,raw,3.0,20260991,isotonic_direct,penalty_prompt,0.5896347665279704,-0.32080443828016647
deepseekv32maas,raw,3.0,20260991,isotonic_direct,always_abstain,0.0,0.0
deepseekv32maas,raw,3.0,20260991,beta,original,0.3897364771151179,-0.23901987979657882
deepseekv32maas,raw,3.0,20260991,beta,penalty_prompt,0.5896347665279704,-0.32080443828016647
deepseekv32maas,raw,3.0,20260991,beta,always_abstain,0.0,0.0
deepseekv32maas,raw,3.0,20260992,isotonic_direct,original,0.39620896902450303,-0.2473416551086454
deepseekv32maas,raw,3.0,20260992,isotonic_direct,penalty_prompt,0.6151918631530282,-0.3307165973185391
deepseekv32maas,raw,3.0,20260992,isotonic_direct,always_abstain,0.0,0.0
deepseekv32maas,raw,3.0,20260992,beta,original,0.39620896902450303,-0.2473416551086454
deepseekv32maas,raw,3.0,20260992,beta,penalty_prompt,0.6151918631530282,-0.3307165973185391
deepseekv32maas,raw,3.0,20260992,beta,always_abstain,0.0,0.0
deepseekv32maas,raw,3.0,20260993,isotonic_direct,original,0.3883495145631068,-0.236708275543227
deepseekv32maas,raw,3.0,20260993,isotonic_direct,penalty_prompt,0.5984003698566807,-0.3218030513176144
deepseekv32maas,raw,3.0,20260993,isotonic_direct,always_abstain,0.0,0.0
deepseekv32maas,raw,3.0,20260993,beta,original,0.3883495145631068,-0.236708275543227
deepseekv32maas,raw,3.0,20260993,beta,penalty_prompt,0.5984003698566807,-0.3218030513176144
deepseekv32maas,raw,3.0,20260993,beta,always_abstain,0.0,0.0
deepseekv32maas,raw,3.0,20260994,isotonic_direct,original,0.39435968562182155,-0.24549237170596394
deepseekv32maas,raw,3.0,20260994,isotonic_direct,penalty_prompt,0.6062228386500231,-0.32833102172908
deepseekv32maas,raw,3.0,20260994,isotonic_direct,always_abstain,0.0,0.0
deepseekv32maas,raw,3.0,20260994,beta,original,0.39435968562182155,-0.24549237170596394
deepseekv32maas,raw,3.0,20260994,beta,penalty_prompt,0.6062228386500231,-0.32833102172908
deepseekv32maas,raw,3.0,20260994,beta,always_abstain,0.0,0.0
deepseekv32maas,raw,3.0,20260995,isotonic_direct,original,0.40129449838187703,-0.2459546925566343
deepseekv32maas,raw,3.0,20260995,isotonic_direct,penalty_prompt,0.6082478039759592,-0.32190476190476197
deepseekv32maas,raw,3.0,20260995,isotonic_direct,always_abstain,0.0,0.0
deepseekv32maas,raw,3.0,20260995,beta,original,0.40129449838187703,-0.2459546925566343
deepseekv32maas,raw,3.0,20260995,beta,penalty_prompt,0.6082478039759592,-0.32190476190476197
deepseekv32maas,raw,3.0,20260995,beta,always_abstain,0.0,0.0
deepseekv32maas,raw,3.0,20260996,isotonic_direct,original,0.4054553860379103,-0.241793804900601
deepseekv32maas,raw,3.0,20260996,isotonic_direct,penalty_prompt,0.597706888580675,-0.3125104022191401
deepseekv32maas,raw,3.0,20260996,isotonic_direct,always_abstain,0.0,0.0
deepseekv32maas,raw,3.0,20260996,beta,original,0.4054553860379103,-0.241793804900601
deepseekv32maas,raw,3.0,20260996,beta,penalty_prompt,0.597706888580675,-0.3125104022191401
deepseekv32maas,raw,3.0,20260996,beta,always_abstain,0.0,0.0
deepseekv32maas,raw,3.0,20260997,isotonic_direct,original,0.4160887656033287,-0.24040684234858992
deepseekv32maas,raw,3.0,20260997,isotonic_direct,penalty_prompt,0.5898012020342118,-0.31790106333795654
deepseekv32maas,raw,3.0,20260997,isotonic_direct,always_abstain,0.0,0.0
deepseekv32maas,raw,3.0,20260997,beta,original,0.4160887656033287,-0.24040684234858992
deepseekv32maas,raw,3.0,20260997,beta,penalty_prompt,0.5898012020342118,-0.31790106333795654
deepseekv32maas,raw,3.0,20260997,beta,always_abstain,0.0,0.0
deepseekv32maas,raw,3.0,20260998,isotonic_direct,original,0.4026814609338881,-0.24641701340730468
deepseekv32maas,raw,3.0,20260998,isotonic_direct,penalty_prompt,0.5872029588534442,-0.316208969024503
deepseekv32maas,raw,3.0,20260998,isotonic_direct,always_abstain,0.0,0.0
deepseekv32maas,raw,3.0,20260998,beta,original,0.4026814609338881,-0.24641701340730468
deepseekv32maas,raw,3.0,20260998,beta,penalty_prompt,0.5872029588534442,-0.316208969024503
deepseekv32maas,raw,3.0,20260998,beta,always_abstain,0.0,0.0
deepseekv32maas,raw,3.0,20260999,isotonic_direct,original,0.3832639852057328,-0.241793804900601
deepseekv32maas,raw,3.0,20260999,isotonic_direct,penalty_prompt,0.5751363846509477,-0.32143319463707815
deepseekv32maas,raw,3.0,20260999,isotonic_direct,always_abstain,0.0,0.0
deepseekv32maas,raw,3.0,20260999,beta,original,0.3832639852057328,-0.241793804900601
deepseekv32maas,raw,3.0,20260999,beta,penalty_prompt,0.5751363846509477,-0.32143319463707815
deepseekv32maas,raw,3.0,20260999,beta,always_abstain,0.0,0.0
deepseekv32maas,raw,3.0,20261000,isotonic_direct,original,0.39620896902450303,-0.241793804900601
deepseekv32maas,raw,3.0,20261000,isotonic_direct,penalty_prompt,0.5856680536292188,-0.320295885344429
deepseekv32maas,raw,3.0,20261000,isotonic_direct,always_abstain,0.0,0.0
deepseekv32maas,raw,3.0,20261000,beta,original,0.39620896902450303,-0.241793804900601
deepseekv32maas,raw,3.0,20261000,beta,penalty_prompt,0.5856680536292188,-0.320295885344429
deepseekv32maas,raw,3.0,20261000,beta,always_abstain,0.0,0.0
deepseekv32maas,raw,3.0,20261001,isotonic_direct,original,0.3883495145631068,-0.24410540915395285
deepseekv32maas,raw,3.0,20261001,isotonic_direct,penalty_prompt,0.6027369394359686,-0.3321497919556172
deepseekv32maas,raw,3.0,20261001,isotonic_direct,always_abstain,0.0,0.0
deepseekv32maas,raw,3.0,20261001,beta,original,0.3883495145631068,-0.24410540915395285
deepseekv32maas,raw,3.0,20261001,beta,penalty_prompt,0.6027369394359686,-0.3321497919556172
deepseekv32maas,raw,3.0,20261001,beta,always_abstain,0.0,0.0
deepseekv32maas,raw,3.0,20261002,isotonic_direct,original,0.4068423485899214,-0.24410540915395285
deepseekv32maas,raw,3.0,20261002,isotonic_direct,penalty_prompt,0.5852704576976422,-0.3208414239482201
deepseekv32maas,raw,3.0,20261002,isotonic_direct,always_abstain,0.0,0.0
deepseekv32maas,raw,3.0,20261002,beta,original,0.4068423485899214,-0.24410540915395285
deepseekv32maas,raw,3.0,20261002,beta,penalty_prompt,0.5852704576976422,-0.3208414239482201
deepseekv32maas,raw,3.0,20261002,beta,always_abstain,0.0,0.0
deepseekv32maas,raw,3.0,20261003,isotonic_direct,original,0.4133148404993065,-0.25057790106333794
deepseekv32maas,raw,3.0,20261003,isotonic_direct,penalty_prompt,0.6020896902450301,-0.32488210818307905
deepseekv32maas,raw,3.0,20261003,isotonic_direct,always_abstain,0.0,0.0
deepseekv32maas,raw,3.0,20261003,beta,original,0.4133148404993065,-0.25057790106333794
deepseekv32maas,raw,3.0,20261003,beta,penalty_prompt,0.6020896902450301,-0.32488210818307905
deepseekv32maas,raw,3.0,20261003,beta,always_abstain,0.0,0.0
deepseekv32maas,raw,3.0,20261004,isotonic_direct,original,0.3818770226537217,-0.2431807674526121
deepseekv32maas,raw,3.0,20261004,isotonic_direct,penalty_prompt,0.5763106796116505,-0.3253259361997226
deepseekv32maas,raw,3.0,20261004,isotonic_direct,always_abstain,0.0,0.0
deepseekv32maas,raw,3.0,20261004,beta,original,0.3818770226537217,-0.2431807674526121
deepseekv32maas,raw,3.0,20261004,beta,penalty_prompt,0.5763106796116505,-0.3253259361997226
deepseekv32maas,raw,3.0,20261004,beta,always_abstain,0.0,0.0
deepseekv32maas,raw,3.0,20261005,isotonic_direct,original,0.3804900601017106,-0.24641701340730468
deepseekv32maas,raw,3.0,20261005,isotonic_direct,penalty_prompt,0.5885806749884419,-0.32370781322237635
deepseekv32maas,raw,3.0,20261005,isotonic_direct,always_abstain,0.0,0.0
deepseekv32maas,raw,3.0,20261005,beta,original,0.3804900601017106,-0.24641701340730468
deepseekv32maas,raw,3.0,20261005,beta,penalty_prompt,0.5885806749884419,-0.32370781322237635
deepseekv32maas,raw,3.0,20261005,beta,always_abstain,0.0,0.0
deepseekv32maas,raw,3.0,20261006,isotonic_direct,original,0.39852057327785484,-0.25057790106333794
deepseekv32maas,raw,3.0,20261006,isotonic_direct,penalty_prompt,0.5804808136846972,-0.32378178455848355
deepseekv32maas,raw,3.0,20261006,isotonic_direct,always_abstain,0.0,0.0
deepseekv32maas,raw,3.0,20261006,beta,original,0.39852057327785484,-0.25057790106333794
deepseekv32maas,raw,3.0,20261006,beta,penalty_prompt,0.5804808136846972,-0.32378178455848355
deepseekv32maas,raw,3.0,20261006,beta,always_abstain,0.0,0.0
deepseekv32maas,raw,3.0,20261007,isotonic_direct,original,0.4114655570966251,-0.24503005085529359
deepseekv32maas,raw,3.0,20261007,isotonic_direct,penalty_prompt,0.5966712898751734,-0.32601017105871477
deepseekv32maas,raw,3.0,20261007,isotonic_direct,always_abstain,0.0,0.0
deepseekv32maas,raw,3.0,20261007,beta,original,0.4114655570966251,-0.24503005085529359
deepseekv32maas,raw,3.0,20261007,beta,penalty_prompt,0.5966712898751734,-0.32601017105871477
deepseekv32maas,raw,3.0,20261007,beta,always_abstain,0.0,0.0
deepseekv32maas,raw,3.0,20261008,isotonic_direct,original,0.42348589921405455,-0.2515025427646787
deepseekv32maas,raw,3.0,20261008,isotonic_direct,penalty_prompt,0.610762829403606,-0.3223855755894591
deepseekv32maas,raw,3.0,20261008,isotonic_direct,always_abstain,0.0,0.0
deepseekv32maas,raw,3.0,20261008,beta,original,0.42348589921405455,-0.2515025427646787
deepseekv32maas,raw,3.0,20261008,beta,penalty_prompt,0.610762829403606,-0.3223855755894591
deepseekv32maas,raw,3.0,20261008,beta,always_abstain,0.0,0.0
deepseekv32maas,raw,3.0,20261009,isotonic_direct,original,0.420249653259362,-0.24549237170596394
deepseekv32maas,raw,3.0,20261009,isotonic_direct,penalty_prompt,0.5982709200184928,-0.32496532593619976
deepseekv32maas,raw,3.0,20261009,isotonic_direct,always_abstain,0.0,0.0
deepseekv32maas,raw,3.0,20261009,beta,original,0.420249653259362,-0.24549237170596394
deepseekv32maas,raw,3.0,20261009,beta,penalty_prompt,0.5982709200184928,-0.32496532593619976
deepseekv32maas,raw,3.0,20261009,beta,always_abstain,0.0,0.0
deepseekv32maas,raw,3.0,20261010,isotonic_direct,original,0.42718446601941745,-0.24040684234858992
deepseekv32maas,raw,3.0,20261010,isotonic_direct,penalty_prompt,0.6011188164586224,-0.3223763291724457
deepseekv32maas,raw,3.0,20261010,isotonic_direct,always_abstain,0.0,0.0
deepseekv32maas,raw,3.0,20261010,beta,original,0.42718446601941745,-0.24040684234858992
deepseekv32maas,raw,3.0,20261010,beta,penalty_prompt,0.6011188164586224,-0.3223763291724457
deepseekv32maas,raw,3.0,20261010,beta,always_abstain,0.0,0.0
deepseekv32maas,raw,3.0,20261011,isotonic_direct,original,0.39528432732316227,-0.24271844660194175
deepseekv32maas,raw,3.0,20261011,isotonic_direct,penalty_prompt,0.6030143319463709,-0.32839574664817384
deepseekv32maas,raw,3.0,20261011,isotonic_direct,always_abstain,0.0,0.0
deepseekv32maas,raw,3.0,20261011,beta,original,0.39528432732316227,-0.24271844660194175
deepseekv32maas,raw,3.0,20261011,beta,penalty_prompt,0.6030143319463709,-0.32839574664817384
deepseekv32maas,raw,3.0,20261011,beta,always_abstain,0.0,0.0
deepseekv32maas,raw,3.0,20261012,isotonic_direct,original,0.415164123901988,-0.2431807674526121
deepseekv32maas,raw,3.0,20261012,isotonic_direct,penalty_prompt,0.611326860841424,-0.324743411927878
deepseekv32maas,raw,3.0,20261012,isotonic_direct,always_abstain,0.0,0.0
deepseekv32maas,raw,3.0,20261012,beta,original,0.415164123901988,-0.2431807674526121
deepseekv32maas,raw,3.0,20261012,beta,penalty_prompt,0.611326860841424,-0.324743411927878
deepseekv32maas,raw,3.0,20261012,beta,always_abstain,0.0,0.0
deepseekv32maas,raw,6.0,20260913,isotonic_direct,original,0.055940822931114194,-0.01849283402681461
deepseekv32maas,raw,6.0,20260913,isotonic_direct,penalty_prompt,1.242949607027277,-0.315367545076283
deepseekv32maas,raw,6.0,20260913,isotonic_direct,always_abstain,0.0,0.0
deepseekv32maas,raw,6.0,20260913,beta,original,0.055940822931114194,-0.01849283402681461
deepseekv32maas,raw,6.0,20260913,beta,penalty_prompt,1.242949607027277,-0.315367545076283
deepseekv32maas,raw,6.0,20260913,beta,always_abstain,0.0,0.0
deepseekv32maas,raw,6.0,20260914,isotonic_direct,original,0.053629218677762366,-0.01756819232547388
deepseekv32maas,raw,6.0,20260914,isotonic_direct,penalty_prompt,1.2528987517337034,-0.3104022191400832
deepseekv32maas,raw,6.0,20260914,isotonic_direct,always_abstain,0.0,0.0
deepseekv32maas,raw,6.0,20260914,beta,original,0.053629218677762366,-0.01756819232547388
deepseekv32maas,raw,6.0,20260914,beta,penalty_prompt,1.2528987517337034,-0.3104022191400832
deepseekv32maas,raw,6.0,20260914,beta,always_abstain,0.0,0.0
deepseekv32maas,raw,6.0,20260915,isotonic_direct,original,0.03143781784558484,-0.0106333795654184
deepseekv32maas,raw,6.0,20260915,isotonic_direct,penalty_prompt,1.1966250577901065,-0.30499306518723995
deepseekv32maas,raw,6.0,20260915,isotonic_direct,always_abstain,0.0,0.0
deepseekv32maas,raw,6.0,20260915,beta,original,0.03143781784558484,-0.0106333795654184
deepseekv32maas,raw,6.0,20260915,beta,penalty_prompt,1.1966250577901065,-0.30499306518723995
deepseekv32maas,raw,6.0,20260915,beta,always_abstain,0.0,0.0
deepseekv32maas,raw,6.0,20260916,isotonic_direct,original,0.04022191400832178,-0.014794267221451687
deepseekv32maas,raw,6.0,20260916,isotonic_direct,penalty_prompt,1.2414609338881184,-0.3188626907073509
deepseekv32maas,raw,6.0,20260916,isotonic_direct,always_abstain,0.0,0.0
deepseekv32maas,raw,6.0,20260916,beta,original,0.04022191400832178,-0.014794267221451687
deepseekv32maas,raw,6.0,20260916,beta,penalty_prompt,1.2414609338881184,-0.3188626907073509
deepseekv32maas,raw,6.0,20260916,beta,always_abstain,0.0,0.0
deepseekv32maas,raw,6.0,20260917,isotonic_direct,original,0.056865464632454926,-0.01756819232547388
deepseekv32maas,raw,6.0,20260917,isotonic_direct,penalty_prompt,1.198659269533056,-0.30969024503005094
deepseekv32maas,raw,6.0,20260917,isotonic_direct,always_abstain,0.0,0.0
deepseekv32maas,raw,6.0,20260917,beta,original,0.056865464632454926,-0.01756819232547388
deepseekv32maas,raw,6.0,20260917,beta,penalty_prompt,1.198659269533056,-0.30969024503005094
deepseekv32maas,raw,6.0,20260917,beta,always_abstain,0.0,0.0
deepseekv32maas,raw,6.0,20260918,isotonic_direct,original,0.04854368932038835,-0.016181229773462782
deepseekv32maas,raw,6.0,20260918,isotonic_direct,penalty_prompt,1.2494498381877022,-0.31216828478964403
deepseekv32maas,raw,6.0,20260918,isotonic_direct,always_abstain,0.0,0.0
deepseekv32maas,raw,6.0,20260918,beta,original,0.04854368932038835,-0.016181229773462782
deepseekv32maas,raw,6.0,20260918,beta,penalty_prompt,1.2494498381877022,-0.31216828478964403
deepseekv32maas,raw,6.0,20260918,beta,always_abstain,0.0,0.0
deepseekv32maas,raw,6.0,20260919,isotonic_direct,original,0.03559870550161812,-0.012944983818770227
deepseekv32maas,raw,6.0,20260919,isotonic_direct,penalty_prompt,1.2132871012482664,-0.30483587609801205
deepseekv32maas,raw,6.0,20260919,isotonic_direct,always_abstain,0.0,0.0
deepseekv32maas,raw,6.0,20260919,beta,original,0.03559870550161812,-0.012944983818770227
deepseekv32maas,raw,6.0,20260919,beta,penalty_prompt,1.2132871012482664,-0.30483587609801205
deepseekv32maas,raw,6.0,20260919,beta,always_abstain,0.0,0.0
deepseekv32maas,raw,6.0,20260920,isotonic_direct,original,0.04160887656033287,-0.013407304669440592
deepseekv32maas,raw,6.0,20260920,isotonic_direct,penalty_prompt,1.211077207582062,-0.30918169209431345
deepseekv32maas,raw,6.0,20260920,isotonic_direct,always_abstain,0.0,0.0
deepseekv32maas,raw,6.0,20260920,beta,original,0.04160887656033287,-0.013407304669440592
deepseekv32maas,raw,6.0,20260920,beta,penalty_prompt,1.211077207582062,-0.30918169209431345
deepseekv32maas,raw,6.0,20260920,beta,always_abstain,0.0,0.0
deepseekv32maas,raw,6.0,20260921,isotonic_direct,original,0.045307443365695796,-0.016181229773462782
deepseekv32maas,raw,6.0,20260921,isotonic_direct,penalty_prompt,1.2176421636615813,-0.308377253814147
deepseekv32maas,raw,6.0,20260921,isotonic_direct,always_abstain,0.0,0.0
deepseekv32maas,raw,6.0,20260921,beta,original,0.045307443365695796,-0.016181229773462782
deepseekv32maas,raw,6.0,20260921,beta,penalty_prompt,1.2176421636615813,-0.308377253814147
deepseekv32maas,raw,6.0,20260921,beta,always_abstain,0.0,0.0
deepseekv32maas,raw,6.0,20260922,isotonic_direct,original,0.04576976421636616,-0.01571890892279242
deepseekv32maas,raw,6.0,20260922,isotonic_direct,penalty_prompt,1.2286176606564956,-0.3086638927415627
deepseekv32maas,raw,6.0,20260922,isotonic_direct,always_abstain,0.0,0.0
deepseekv32maas,raw,6.0,20260922,beta,original,0.04576976421636616,-0.01571890892279242
deepseekv32maas,raw,6.0,20260922,beta,penalty_prompt,1.2286176606564956,-0.3086638927415627
deepseekv32maas,raw,6.0,20260922,beta,always_abstain,0.0,0.0
deepseekv32maas,raw,6.0,20260923,isotonic_direct,original,0.0425335182616736,-0.01571890892279242
deepseekv32maas,raw,6.0,20260923,isotonic_direct,penalty_prompt,1.236273693943597,-0.31201109570041613
deepseekv32maas,raw,6.0,20260923,isotonic_direct,always_abstain,0.0,0.0
deepseekv32maas,raw,6.0,20260923,beta,original,0.0425335182616736,-0.01571890892279242
deepseekv32maas,raw,6.0,20260923,beta,penalty_prompt,1.236273693943597,-0.31201109570041613
deepseekv32maas,raw,6.0,20260923,beta,always_abstain,0.0,0.0
deepseekv32maas,raw,6.0,20260924,isotonic_direct,original,0.033287101248266296,-0.015256588072122053
deepseekv32maas,raw,6.0,20260924,isotonic_direct,penalty_prompt,1.1706981044845124,-0.2984281091077208
deepseekv32maas,raw,6.0,20260924,isotonic_direct,always_abstain,0.0,0.0
deepseekv32maas,raw,6.0,20260924,beta,original,0.033287101248266296,-0.015256588072122053
deepseekv32maas,raw,6.0,20260924,beta,penalty_prompt,1.1706981044845124,-0.2984281091077208
deepseekv32maas,raw,6.0,20260924,beta,always_abstain,0.0,0.0
deepseekv32maas,raw,6.0,20260925,isotonic_direct,original,0.050392972723069814,-0.01756819232547388
deepseekv32maas,raw,6.0,20260925,isotonic_direct,penalty_prompt,1.2266389274156264,-0.3125196486361535
deepseekv32maas,raw,6.0,20260925,isotonic_direct,always_abstain,0.0,0.0
deepseekv32maas,raw,6.0,20260925,beta,original,0.050392972723069814,-0.01756819232547388
deepseekv32maas,raw,6.0,20260925,beta,penalty_prompt,1.2266389274156264,-0.3125196486361535
deepseekv32maas,raw,6.0,20260925,beta,always_abstain,0.0,0.0
deepseekv32maas,raw,6.0,20260926,isotonic_direct,original,0.03005085529357374,-0.012020342117429497
deepseekv32maas,raw,6.0,20260926,isotonic_direct,penalty_prompt,1.2517244567730004,-0.3108645399907536
deepseekv32maas,raw,6.0,20260926,isotonic_direct,always_abstain,0.0,0.0
deepseekv32maas,raw,6.0,20260926,beta,original,0.03005085529357374,-0.012020342117429497
deepseekv32maas,raw,6.0,20260926,beta,penalty_prompt,1.2517244567730004,-0.3108645399907536
deepseekv32maas,raw,6.0,20260926,beta,always_abstain,0.0,0.0
deepseekv32maas,raw,6.0,20260927,isotonic_direct,original,0.03374942209893666,-0.014794267221451687
deepseekv32maas,raw,6.0,20260927,isotonic_direct,penalty_prompt,1.2411003236245954,-0.3119741100323624
deepseekv32maas,raw,6.0,20260927,isotonic_direct,always_abstain,0.0,0.0
deepseekv32maas,raw,6.0,20260927,beta,original,0.03374942209893666,-0.014794267221451687
deepseekv32maas,raw,6.0,20260927,beta,penalty_prompt,1.2411003236245954,-0.3119741100323624
deepseekv32maas,raw,6.0,20260927,beta,always_abstain,0.0,0.0
deepseekv32maas,raw,6.0,20260928,isotonic_direct,original,0.036061026352288486,-0.012482662968099861
deepseekv32maas,raw,6.0,20260928,isotonic_direct,penalty_prompt,1.177207582061951,-0.3008506703652335
deepseekv32maas,raw,6.0,20260928,isotonic_direct,always_abstain,0.0,0.0
deepseekv32maas,raw,6.0,20260928,beta,original,0.036061026352288486,-0.012482662968099861
deepseekv32maas,raw,6.0,20260928,beta,penalty_prompt,1.177207582061951,-0.3008506703652335
deepseekv32maas,raw,6.0,20260928,beta,always_abstain,0.0,0.0
deepseekv32maas,raw,6.0,20260929,isotonic_direct,original,0.03791030975496995,-0.013869625520110958
deepseekv32maas,raw,6.0,20260929,isotonic_direct,penalty_prompt,1.229644012944984,-0.31035598705501616
deepseekv32maas,raw,6.0,20260929,isotonic_direct,always_abstain,0.0,0.0
deepseekv32maas,raw,6.0,20260929,beta,original,0.03791030975496995,-0.013869625520110958
deepseekv32maas,raw,6.0,20260929,beta,penalty_prompt,1.229644012944984,-0.31035598705501616
deepseekv32maas,raw,6.0,20260929,beta,always_abstain,0.0,0.0
deepseekv32maas,raw,6.0,20260930,isotonic_direct,original,0.06056403143781785,-0.017105871474803514
deepseekv32maas,raw,6.0,20260930,isotonic_direct,penalty_prompt,1.2250670365233474,-0.3079426722145169
deepseekv32maas,raw,6.0,20260930,isotonic_direct,always_abstain,0.0,0.0
deepseekv32maas,raw,6.0,20260930,beta,original,0.06056403143781785,-0.017105871474803514
deepseekv32maas,raw,6.0,20260930,beta,penalty_prompt,1.2250670365233474,-0.3079426722145169
deepseekv32maas,raw,6.0,20260930,beta,always_abstain,0.0,0.0
deepseekv32maas,raw,6.0,20260931,isotonic_direct,original,0.0319001386962552,-0.016643550624133148
deepseekv32maas,raw,6.0,20260931,isotonic_direct,penalty_prompt,1.1906333795654185,-0.3135090152565881
deepseekv32maas,raw,6.0,20260931,isotonic_direct,always_abstain,0.0,0.0
deepseekv32maas,raw,6.0,20260931,beta,original,0.0319001386962552,-0.016643550624133148
deepseekv32maas,raw,6.0,20260931,beta,penalty_prompt,1.1906333795654185,-0.3135090152565881
deepseekv32maas,raw,6.0,20260931,beta,always_abstain,0.0,0.0
deepseekv32maas,raw,6.0,20260932,isotonic_direct,original,0.048081368469717986,-0.013407304669440592
deepseekv32maas,raw,6.0,20260932,isotonic_direct,penalty_prompt,1.2423393435043921,-0.3100878409616274
deepseekv32maas,raw,6.0,20260932,isotonic_direct,always_abstain,0.0,0.0
deepseekv32maas,raw,6.0,20260932,beta,original,0.048081368469717986,-0.013407304669440592
deepseekv32maas,raw,6.0,20260932,beta,penalty_prompt,1.2423393435043921,-0.3100878409616274
deepseekv32maas,raw,6.0,20260932,beta,always_abstain,0.0,0.0
deepseekv32maas,raw,6.0,20260933,isotonic_direct,original,0.03791030975496995,-0.0106333795654184
deepseekv32maas,raw,6.0,20260933,isotonic_direct,penalty_prompt,1.2342209893666205,-0.3085621821544152
deepseekv32maas,raw,6.0,20260933,isotonic_direct,always_abstain,0.0,0.0
deepseekv32maas,raw,6.0,20260933,beta,original,0.03791030975496995,-0.0106333795654184
deepseekv32maas,raw,6.0,20260933,beta,penalty_prompt,1.2342209893666205,-0.3085621821544152
deepseekv32maas,raw,6.0,20260933,beta,always_abstain,0.0,0.0
deepseekv32maas,raw,6.0,20260934,isotonic_direct,original,0.038834951456310676,-0.012944983818770227
deepseekv32maas,raw,6.0,20260934,isotonic_direct,penalty_prompt,1.1780120203421174,-0.30451225150254274
deepseekv32maas,raw,6.0,20260934,isotonic_direct,always_abstain,0.0,0.0
deepseekv32maas,raw,6.0,20260934,beta,original,0.038834951456310676,-0.012944983818770227
deepseekv32maas,raw,6.0,20260934,beta,penalty_prompt,1.1780120203421174,-0.30451225150254274
deepseekv32maas,raw,6.0,20260934,beta,always_abstain,0.0,0.0
deepseekv32maas,raw,6.0,20260935,isotonic_direct,original,0.03467406380027739,-0.013869625520110958
deepseekv32maas,raw,6.0,20260935,isotonic_direct,penalty_prompt,1.176347665279704,-0.3112251502542765
deepseekv32maas,raw,6.0,20260935,isotonic_direct,always_abstain,0.0,0.0
deepseekv32maas,raw,6.0,20260935,beta,original,0.03467406380027739,-0.013869625520110958
deepseekv32maas,raw,6.0,20260935,beta,penalty_prompt,1.176347665279704,-0.3112251502542765
deepseekv32maas,raw,6.0,20260935,beta,always_abstain,0.0,0.0
deepseekv32maas,raw,6.0,20260936,isotonic_direct,original,0.026352288488210817,-0.012482662968099861
deepseekv32maas,raw,6.0,20260936,isotonic_direct,penalty_prompt,1.201017105871475,-0.3057790106333796
deepseekv32maas,raw,6.0,20260936,isotonic_direct,always_abstain,0.0,0.0
deepseekv32maas,raw,6.0,20260936,beta,original,0.026352288488210817,-0.012482662968099861
deepseekv32maas,raw,6.0,20260936,beta,penalty_prompt,1.201017105871475,-0.3057790106333796
deepseekv32maas,raw,6.0,20260936,beta,always_abstain,0.0,0.0
deepseekv32maas,raw,6.0,20260937,isotonic_direct,original,0.05917706888580675,-0.015256588072122053
deepseekv32maas,raw,6.0,20260937,isotonic_direct,penalty_prompt,1.2028294036061027,-0.31225150254276474
deepseekv32maas,raw,6.0,20260937,isotonic_direct,always_abstain,0.0,0.0
deepseekv32maas,raw,6.0,20260937,beta,original,0.05917706888580675,-0.015256588072122053
deepseekv32maas,raw,6.0,20260937,beta,penalty_prompt,1.2028294036061027,-0.31225150254276474
deepseekv32maas,raw,6.0,20260937,beta,always_abstain,0.0,0.0
deepseekv32maas,raw,6.0,20260938,isotonic_direct,original,0.04022191400832178,-0.018030513176144243
deepseekv32maas,raw,6.0,20260938,isotonic_direct,penalty_prompt,1.2065279704114658,-0.3078409616273694
deepseekv32maas,raw,6.0,20260938,isotonic_direct,always_abstain,0.0,0.0
deepseekv32maas,raw,6.0,20260938,beta,original,0.04022191400832178,-0.018030513176144243
deepseekv32maas,raw,6.0,20260938,beta,penalty_prompt,1.2065279704114658,-0.3078409616273694
deepseekv32maas,raw,6.0,20260938,beta,always_abstain,0.0,0.0
deepseekv32maas,raw,6.0,20260939,isotonic_direct,original,0.059639389736477116,-0.018030513176144243
deepseekv32maas,raw,6.0,20260939,isotonic_direct,penalty_prompt,1.1948127600554785,-0.30687008784096165
deepseekv32maas,raw,6.0,20260939,isotonic_direct,always_abstain,0.0,0.0
deepseekv32maas,raw,6.0,20260939,beta,original,0.059639389736477116,-0.018030513176144243
deepseekv32maas,raw,6.0,20260939,beta,penalty_prompt,1.1948127600554785,-0.30687008784096165
deepseekv32maas,raw,6.0,20260939,beta,always_abstain,0.0,0.0
deepseekv32maas,raw,6.0,20260940,isotonic_direct,original,0.04669440591770689,-0.014794267221451687
deepseekv32maas,raw,6.0,20260940,isotonic_direct,penalty_prompt,1.208959778085992,-0.3101340730466944
deepseekv32maas,raw,6.0,20260940,isotonic_direct,always_abstain,0.0,0.0
deepseekv32maas,raw,6.0,20260940,beta,original,0.04669440591770689,-0.014794267221451687
deepseekv32maas,raw,6.0,20260940,beta,penalty_prompt,1.208959778085992,-0.3101340730466944
deepseekv32maas,raw,6.0,20260940,beta,always_abstain,0.0,0.0
deepseekv32maas,raw,6.0,20260941,isotonic_direct,original,0.047619047619047616,-0.017105871474803514
deepseekv32maas,raw,6.0,20260941,isotonic_direct,penalty_prompt,1.252094313453537,-0.31987979657882576
deepseekv32maas,raw,6.0,20260941,isotonic_direct,always_abstain,0.0,0.0
deepseekv32maas,raw,6.0,20260941,beta,original,0.047619047619047616,-0.017105871474803514
deepseekv32maas,raw,6.0,20260941,beta,penalty_prompt,1.252094313453537,-0.31987979657882576
deepseekv32maas,raw,6.0,20260941,beta,always_abstain,0.0,0.0
deepseekv32maas,raw,6.0,20260942,isotonic_direct,original,0.03513638465094776,-0.016643550624133148
deepseekv32maas,raw,6.0,20260942,isotonic_direct,penalty_prompt,1.186380027739251,-0.30630605640314384
deepseekv32maas,raw,6.0,20260942,isotonic_direct,always_abstain,0.0,0.0
deepseekv32maas,raw,6.0,20260942,beta,original,0.03513638465094776,-0.016643550624133148
deepseekv32maas,raw,6.0,20260942,beta,penalty_prompt,1.186380027739251,-0.30630605640314384
deepseekv32maas,raw,6.0,20260942,beta,always_abstain,0.0,0.0
deepseekv32maas,raw,6.0,20260943,isotonic_direct,original,0.039297272306981046,-0.018955154877484975
deepseekv32maas,raw,6.0,20260943,isotonic_direct,penalty_prompt,1.2319648636153488,-0.3130189551548775
deepseekv32maas,raw,6.0,20260943,isotonic_direct,always_abstain,0.0,0.0
deepseekv32maas,raw,6.0,20260943,beta,original,0.039297272306981046,-0.018955154877484975
deepseekv32maas,raw,6.0,20260943,beta,penalty_prompt,1.2319648636153488,-0.3130189551548775
deepseekv32maas,raw,6.0,20260943,beta,always_abstain,0.0,0.0
deepseekv32maas,raw,6.0,20260944,isotonic_direct,original,0.053166897827092004,-0.018030513176144243
deepseekv32maas,raw,6.0,20260944,isotonic_direct,penalty_prompt,1.2260933888118355,-0.3099583911234397
deepseekv32maas,raw,6.0,20260944,isotonic_direct,always_abstain,0.0,0.0
deepseekv32maas,raw,6.0,20260944,beta,original,0.053166897827092004,-0.018030513176144243
deepseekv32maas,raw,6.0,20260944,beta,penalty_prompt,1.2260933888118355,-0.3099583911234397
deepseekv32maas,raw,6.0,20260944,beta,always_abstain,0.0,0.0
deepseekv32maas,raw,6.0,20260945,isotonic_direct,original,0.04946833102172908,-0.015256588072122053
deepseekv32maas,raw,6.0,20260945,isotonic_direct,penalty_prompt,1.2270087840961628,-0.30852519648636156
deepseekv32maas,raw,6.0,20260945,isotonic_direct,always_abstain,0.0,0.0
deepseekv32maas,raw,6.0,20260945,beta,original,0.04946833102172908,-0.015256588072122053
deepseekv32maas,raw,6.0,20260945,beta,penalty_prompt,1.2270087840961628,-0.30852519648636156
deepseekv32maas,raw,6.0,20260945,beta,always_abstain,0.0,0.0
deepseekv32maas,raw,6.0,20260946,isotonic_direct,original,0.044845122515025426,-0.016643550624133148
deepseekv32maas,raw,6.0,20260946,isotonic_direct,penalty_prompt,1.2210540915395285,-0.31124364308830327
deepseekv32maas,raw,6.0,20260946,isotonic_direct,always_abstain,0.0,0.0
deepseekv32maas,raw,6.0,20260946,beta,original,0.044845122515025426,-0.016643550624133148
deepseekv32maas,raw,6.0,20260946,beta,penalty_prompt,1.2210540915395285,-0.31124364308830327
deepseekv32maas,raw,6.0,20260946,beta,always_abstain,0.0,0.0
deepseekv32maas,raw,6.0,20260947,isotonic_direct,original,0.022191400832177532,-0.013407304669440592
deepseekv32maas,raw,6.0,20260947,isotonic_direct,penalty_prompt,1.1777438742487287,-0.30089690245030054
deepseekv32maas,raw,6.0,20260947,isotonic_direct,always_abstain,0.0,0.0
deepseekv32maas,raw,6.0,20260947,beta,original,0.022191400832177532,-0.013407304669440592
deepseekv32maas,raw,6.0,20260947,beta,penalty_prompt,1.1777438742487287,-0.30089690245030054
deepseekv32maas,raw,6.0,20260947,beta,always_abstain,0.0,0.0
deepseekv32maas,raw,6.0,20260948,isotonic_direct,original,0.033287101248266296,-0.015256588072122053
deepseekv32maas,raw,6.0,20260948,isotonic_direct,penalty_prompt,1.1842625982431807,-0.30674063800277396
deepseekv32maas,raw,6.0,20260948,isotonic_direct,always_abstain,0.0,0.0
deepseekv32maas,raw,6.0,20260948,beta,original,0.033287101248266296,-0.015256588072122053
deepseekv32maas,raw,6.0,20260948,beta,penalty_prompt,1.1842625982431807,-0.30674063800277396
deepseekv32maas,raw,6.0,20260948,beta,always_abstain,0.0,0.0
deepseekv32maas,raw,6.0,20260949,isotonic_direct,original,0.042071197411003236,-0.016181229773462782
deepseekv32maas,raw,6.0,20260949,isotonic_direct,penalty_prompt,1.2311604253351827,-0.3053444290337494
deepseekv32maas,raw,6.0,20260949,isotonic_direct,always_abstain,0.0,0.0
deepseekv32maas,raw,6.0,20260949,beta,original,0.042071197411003236,-0.016181229773462782
deepseekv32maas,raw,6.0,20260949,beta,penalty_prompt,1.2311604253351827,-0.3053444290337494
deepseekv32maas,raw,6.0,20260949,beta,always_abstain,0.0,0.0
deepseekv32maas,raw,6.0,20260950,isotonic_direct,original,0.0425335182616736,-0.01571890892279242
deepseekv32maas,raw,6.0,20260950,isotonic_direct,penalty_prompt,1.2124734165510864,-0.3072029588534443
deepseekv32maas,raw,6.0,20260950,isotonic_direct,always_abstain,0.0,0.0
deepseekv32maas,raw,6.0,20260950,beta,original,0.0425335182616736,-0.01571890892279242
deepseekv32maas,raw,6.0,20260950,beta,penalty_prompt,1.2124734165510864,-0.3072029588534443
deepseekv32maas,raw,6.0,20260950,beta,always_abstain,0.0,0.0
deepseekv32maas,raw,6.0,20260951,isotonic_direct,original,0.04669440591770689,-0.018030513176144243
deepseekv32maas,raw,6.0,20260951,isotonic_direct,penalty_prompt,1.1813869625520113,-0.31375866851595013
deepseekv32maas,raw,6.0,20260951,isotonic_direct,always_abstain,0.0,0.0
deepseekv32maas,raw,6.0,20260951,beta,original,0.04669440591770689,-0.018030513176144243
deepseekv32maas,raw,6.0,20260951,beta,penalty_prompt,1.1813869625520113,-0.31375866851595013
deepseekv32maas,raw,6.0,20260951,beta,always_abstain,0.0,0.0
deepseekv32maas,raw,6.0,20260952,isotonic_direct,original,0.06010171058714748,-0.01756819232547388
deepseekv32maas,raw,6.0,20260952,isotonic_direct,penalty_prompt,1.182542764678687,-0.30710124826629687
deepseekv32maas,raw,6.0,20260952,isotonic_direct,always_abstain,0.0,0.0
deepseekv32maas,raw,6.0,20260952,beta,original,0.06010171058714748,-0.01756819232547388
deepseekv32maas,raw,6.0,20260952,beta,penalty_prompt,1.182542764678687,-0.30710124826629687
deepseekv32maas,raw,6.0,20260952,beta,always_abstain,0.0,0.0
deepseekv32maas,raw,6.0,20260953,isotonic_direct,original,0.038372630605640314,-0.016643550624133148
deepseekv32maas,raw,6.0,20260953,isotonic_direct,penalty_prompt,1.192732316227462,-0.30649098474341196
deepseekv32maas,raw,6.0,20260953,isotonic_direct,always_abstain,0.0,0.0
deepseekv32maas,raw,6.0,20260953,beta,original,0.038372630605640314,-0.016643550624133148
deepseekv32maas,raw,6.0,20260953,beta,penalty_prompt,1.192732316227462,-0.30649098474341196
deepseekv32maas,raw,6.0,20260953,beta,always_abstain,0.0,0.0
deepseekv32maas,raw,6.0,20260954,isotonic_direct,original,0.05779010633379565,-0.016643550624133148
deepseekv32maas,raw,6.0,20260954,isotonic_direct,penalty_prompt,1.228830328247804,-0.31149329634766526
deepseekv32maas,raw,6.0,20260954,isotonic_direct,always_abstain,0.0,0.0
deepseekv32maas,raw,6.0,20260954,beta,original,0.05779010633379565,-0.016643550624133148
deepseekv32maas,raw,6.0,20260954,beta,penalty_prompt,1.228830328247804,-0.31149329634766526
deepseekv32maas,raw,6.0,20260954,beta,always_abstain,0.0,0.0
deepseekv32maas,raw,6.0,20260955,isotonic_direct,original,0.047619047619047616,-0.013869625520110958
deepseekv32maas,raw,6.0,20260955,isotonic_direct,penalty_prompt,1.2175866851595005,-0.30901525658807216
deepseekv32maas,raw,6.0,20260955,isotonic_direct,always_abstain,0.0,0.0
deepseekv32maas,raw,6.0,20260955,beta,original,0.047619047619047616,-0.013869625520110958
deepseekv32maas,raw,6.0,20260955,beta,penalty_prompt,1.2175866851595005,-0.30901525658807216
deepseekv32maas,raw,6.0,20260955,beta,always_abstain,0.0,0.0
deepseekv32maas,raw,6.0,20260956,isotonic_direct,original,0.042071197411003236,-0.016181229773462782
deepseekv32maas,raw,6.0,20260956,isotonic_direct,penalty_prompt,1.1963106796116505,-0.3046601941747573
deepseekv32maas,raw,6.0,20260956,isotonic_direct,always_abstain,0.0,0.0
deepseekv32maas,raw,6.0,20260956,beta,original,0.042071197411003236,-0.016181229773462782
deepseekv32maas,raw,6.0,20260956,beta,penalty_prompt,1.1963106796116505,-0.3046601941747573
deepseekv32maas,raw,6.0,20260956,beta,always_abstain,0.0,0.0
deepseekv32maas,raw,6.0,20260957,isotonic_direct,original,0.04345815996301433,-0.018030513176144243
deepseekv32maas,raw,6.0,20260957,isotonic_direct,penalty_prompt,1.206490984743412,-0.3141562644475266
deepseekv32maas,raw,6.0,20260957,isotonic_direct,always_abstain,0.0,0.0
deepseekv32maas,raw,6.0,20260957,beta,original,0.04345815996301433,-0.018030513176144243
deepseekv32maas,raw,6.0,20260957,beta,penalty_prompt,1.206490984743412,-0.3141562644475266
deepseekv32maas,raw,6.0,20260957,beta,always_abstain,0.0,0.0
deepseekv32maas,raw,6.0,20260958,isotonic_direct,original,0.036523347202958856,-0.015256588072122053
deepseekv32maas,raw,6.0,20260958,isotonic_direct,penalty_prompt,1.2105131761442443,-0.31136384650947757
deepseekv32maas,raw,6.0,20260958,isotonic_direct,always_abstain,0.0,0.0
deepseekv32maas,raw,6.0,20260958,beta,original,0.036523347202958856,-0.015256588072122053
deepseekv32maas,raw,6.0,20260958,beta,penalty_prompt,1.2105131761442443,-0.31136384650947757
deepseekv32maas,raw,6.0,20260958,beta,always_abstain,0.0,0.0
deepseekv32maas,raw,6.0,20260959,isotonic_direct,original,0.03421174294960703,-0.014331946370781322
deepseekv32maas,raw,6.0,20260959,isotonic_direct,penalty_prompt,1.22290337494221,-0.3150254276467869
deepseekv32maas,raw,6.0,20260959,isotonic_direct,always_abstain,0.0,0.0
deepseekv32maas,raw,6.0,20260959,beta,original,0.03421174294960703,-0.014331946370781322
deepseekv32maas,raw,6.0,20260959,beta,penalty_prompt,1.22290337494221,-0.3150254276467869
deepseekv32maas,raw,6.0,20260959,beta,always_abstain,0.0,0.0
deepseekv32maas,raw,6.0,20260960,isotonic_direct,original,0.03559870550161812,-0.012944983818770227
deepseekv32maas,raw,6.0,20260960,isotonic_direct,penalty_prompt,1.1999260286638929,-0.3060286638927416
deepseekv32maas,raw,6.0,20260960,isotonic_direct,always_abstain,0.0,0.0
deepseekv32maas,raw,6.0,20260960,beta,original,0.03559870550161812,-0.012944983818770227
deepseekv32maas,raw,6.0,20260960,beta,penalty_prompt,1.1999260286638929,-0.3060286638927416
deepseekv32maas,raw,6.0,20260960,beta,always_abstain,0.0,0.0
deepseekv32maas,raw,6.0,20260961,isotonic_direct,original,0.0545538603791031,-0.016643550624133148
deepseekv32maas,raw,6.0,20260961,isotonic_direct,penalty_prompt,1.211188164586223,-0.30868238557558947
deepseekv32maas,raw,6.0,20260961,isotonic_direct,always_abstain,0.0,0.0
deepseekv32maas,raw,6.0,20260961,beta,original,0.0545538603791031,-0.016643550624133148
deepseekv32maas,raw,6.0,20260961,beta,penalty_prompt,1.211188164586223,-0.30868238557558947
deepseekv32maas,raw,6.0,20260961,beta,always_abstain,0.0,0.0
deepseekv32maas,raw,6.0,20260962,isotonic_direct,original,0.061488673139158574,-0.016181229773462782
deepseekv32maas,raw,6.0,20260962,isotonic_direct,penalty_prompt,1.2184466019417475,-0.3050485436893204
deepseekv32maas,raw,6.0,20260962,isotonic_direct,always_abstain,0.0,0.0
deepseekv32maas,raw,6.0,20260962,beta,original,0.061488673139158574,-0.016181229773462782
deepseekv32maas,raw,6.0,20260962,beta,penalty_prompt,1.2184466019417475,-0.3050485436893204
deepseekv32maas,raw,6.0,20260962,beta,always_abstain,0.0,0.0
deepseekv32maas,raw,6.0,20260963,isotonic_direct,original,0.04299583911234397,-0.01849283402681461
deepseekv32maas,raw,6.0,20260963,isotonic_direct,penalty_prompt,1.2082570503929728,-0.30539990753582985
deepseekv32maas,raw,6.0,20260963,isotonic_direct,always_abstain,0.0,0.0
deepseekv32maas,raw,6.0,20260963,beta,original,0.04299583911234397,-0.01849283402681461
deepseekv32maas,raw,6.0,20260963,beta,penalty_prompt,1.2082570503929728,-0.30539990753582985
deepseekv32maas,raw,6.0,20260963,beta,always_abstain,0.0,0.0
deepseekv32maas,raw,6.0,20260964,isotonic_direct,original,0.045307443365695796,-0.016181229773462782
deepseekv32maas,raw,6.0,20260964,isotonic_direct,penalty_prompt,1.197115117891817,-0.3092926490984743
deepseekv32maas,raw,6.0,20260964,isotonic_direct,always_abstain,0.0,0.0
deepseekv32maas,raw,6.0,20260964,beta,original,0.045307443365695796,-0.016181229773462782
deepseekv32maas,raw,6.0,20260964,beta,penalty_prompt,1.197115117891817,-0.3092926490984743
deepseekv32maas,raw,6.0,20260964,beta,always_abstain,0.0,0.0
deepseekv32maas,raw,6.0,20260965,isotonic_direct,original,0.04946833102172908,-0.015256588072122053
deepseekv32maas,raw,6.0,20260965,isotonic_direct,penalty_prompt,1.251437817845585,-0.31464632454923713
deepseekv32maas,raw,6.0,20260965,isotonic_direct,always_abstain,0.0,0.0
deepseekv32maas,raw,6.0,20260965,beta,original,0.04946833102172908,-0.015256588072122053
deepseekv32maas,raw,6.0,20260965,beta,penalty_prompt,1.251437817845585,-0.31464632454923713
deepseekv32maas,raw,6.0,20260965,beta,always_abstain,0.0,0.0
deepseekv32maas,raw,6.0,20260966,isotonic_direct,original,0.033287101248266296,-0.015256588072122053
deepseekv32maas,raw,6.0,20260966,isotonic_direct,penalty_prompt,1.1647711511789183,-0.3068146093388812
deepseekv32maas,raw,6.0,20260966,isotonic_direct,always_abstain,0.0,0.0
deepseekv32maas,raw,6.0,20260966,beta,original,0.033287101248266296,-0.015256588072122053
deepseekv32maas,raw,6.0,20260966,beta,penalty_prompt,1.1647711511789183,-0.3068146093388812
deepseekv32maas,raw,6.0,20260966,beta,always_abstain,0.0,0.0
deepseekv32maas,raw,6.0,20260967,isotonic_direct,original,0.04345815996301433,-0.014794267221451687
deepseekv32maas,raw,6.0,20260967,isotonic_direct,penalty_prompt,1.2272399445214976,-0.31457235321312993
deepseekv32maas,raw,6.0,20260967,isotonic_direct,always_abstain,0.0,0.0
deepseekv32maas,raw,6.0,20260967,beta,original,0.04345815996301433,-0.014794267221451687
deepseekv32maas,raw,6.0,20260967,beta,penalty_prompt,1.2272399445214976,-0.31457235321312993
deepseekv32maas,raw,6.0,20260967,beta,always_abstain,0.0,0.0
deepseekv32maas,raw,6.0,20260968,isotonic_direct,original,0.04160887656033287,-0.013407304669440592
deepseekv32maas,raw,6.0,20260968,isotonic_direct,penalty_prompt,1.2059454461396208,-0.3134073046694406
deepseekv32maas,raw,6.0,20260968,isotonic_direct,always_abstain,0.0,0.0
deepseekv32maas,raw,6.0,20260968,beta,original,0.04160887656033287,-0.013407304669440592
deepseekv32maas,raw,6.0,20260968,beta,penalty_prompt,1.2059454461396208,-0.3134073046694406
deepseekv32maas,raw,6.0,20260968,beta,always_abstain,0.0,0.0
deepseekv32maas,raw,6.0,20260969,isotonic_direct,original,0.04345815996301433,-0.014794267221451687
deepseekv32maas,raw,6.0,20260969,isotonic_direct,penalty_prompt,1.217614424410541,-0.305039297272307
deepseekv32maas,raw,6.0,20260969,isotonic_direct,always_abstain,0.0,0.0
deepseekv32maas,raw,6.0,20260969,beta,original,0.04345815996301433,-0.014794267221451687
deepseekv32maas,raw,6.0,20260969,beta,penalty_prompt,1.217614424410541,-0.305039297272307
deepseekv32maas,raw,6.0,20260969,beta,always_abstain,0.0,0.0
deepseekv32maas,raw,6.0,20260970,isotonic_direct,original,0.03975959315765141,-0.015256588072122053
deepseekv32maas,raw,6.0,20260970,isotonic_direct,penalty_prompt,1.2122237632917245,-0.3027276930189552
deepseekv32maas,raw,6.0,20260970,isotonic_direct,always_abstain,0.0,0.0
deepseekv32maas,raw,6.0,20260970,beta,original,0.03975959315765141,-0.015256588072122053
deepseekv32maas,raw,6.0,20260970,beta,penalty_prompt,1.2122237632917245,-0.3027276930189552
deepseekv32maas,raw,6.0,20260970,beta,always_abstain,0.0,0.0
deepseekv32maas,raw,6.0,20260971,isotonic_direct,original,0.04669440591770689,-0.018030513176144243
deepseekv32maas,raw,6.0,20260971,isotonic_direct,penalty_prompt,1.2366065649560796,-0.3112251502542765
deepseekv32maas,raw,6.0,20260971,isotonic_direct,always_abstain,0.0,0.0
deepseekv32maas,raw,6.0,20260971,beta,original,0.04669440591770689,-0.018030513176144243
deepseekv32maas,raw,6.0,20260971,beta,penalty_prompt,1.2366065649560796,-0.3112251502542765
deepseekv32maas,raw,6.0,20260971,beta,always_abstain,0.0,0.0
deepseekv32maas,raw,6.0,20260972,isotonic_direct,original,0.04623208506703652,-0.01849283402681461
deepseekv32maas,raw,6.0,20260972,isotonic_direct,penalty_prompt,1.2268238557558946,-0.3142764678687009
deepseekv32maas,raw,6.0,20260972,isotonic_direct,always_abstain,0.0,0.0
deepseekv32maas,raw,6.0,20260972,beta,original,0.04623208506703652,-0.01849283402681461
deepseekv32maas,raw,6.0,20260972,beta,penalty_prompt,1.2268238557558946,-0.3142764678687009
deepseekv32maas,raw,6.0,20260972,beta,always_abstain,0.0,0.0
deepseekv32maas,raw,6.0,20260973,isotonic_direct,original,0.03744798890429958,-0.014331946370781322
deepseekv32maas,raw,6.0,20260973,isotonic_direct,penalty_prompt,1.1932223763291725,-0.3045769764216366
deepseekv32maas,raw,6.0,20260973,isotonic_direct,always_abstain,0.0,0.0
deepseekv32maas,raw,6.0,20260973,beta,original,0.03744798890429958,-0.014331946370781322
deepseekv32maas,raw,6.0,20260973,beta,penalty_prompt,1.1932223763291725,-0.3045769764216366
deepseekv32maas,raw,6.0,20260973,beta,always_abstain,0.0,0.0
deepseekv32maas,raw,6.0,20260974,isotonic_direct,original,0.05409153952843273,-0.017105871474803514
deepseekv32maas,raw,6.0,20260974,isotonic_direct,penalty_prompt,1.221359223300971,-0.315663430420712
deepseekv32maas,raw,6.0,20260974,isotonic_direct,always_abstain,0.0,0.0
deepseekv32maas,raw,6.0,20260974,beta,original,0.05409153952843273,-0.017105871474803514
deepseekv32maas,raw,6.0,20260974,beta,penalty_prompt,1.221359223300971,-0.315663430420712
deepseekv32maas,raw,6.0,20260974,beta,always_abstain,0.0,0.0
deepseekv32maas,raw,6.0,20260975,isotonic_direct,original,0.04022191400832178,-0.014794267221451687
deepseekv32maas,raw,6.0,20260975,isotonic_direct,penalty_prompt,1.2523994452149791,-0.312713823393435
deepseekv32maas,raw,6.0,20260975,isotonic_direct,always_abstain,0.0,0.0
deepseekv32maas,raw,6.0,20260975,beta,original,0.04022191400832178,-0.014794267221451687
deepseekv32maas,raw,6.0,20260975,beta,penalty_prompt,1.2523994452149791,-0.312713823393435
deepseekv32maas,raw,6.0,20260975,beta,always_abstain,0.0,0.0
deepseekv32maas,raw,6.0,20260976,isotonic_direct,original,0.050855293573740176,-0.017105871474803514
deepseekv32maas,raw,6.0,20260976,isotonic_direct,penalty_prompt,1.2142764678687008,-0.3098659269533056
deepseekv32maas,raw,6.0,20260976,isotonic_direct,always_abstain,0.0,0.0
deepseekv32maas,raw,6.0,20260976,beta,original,0.050855293573740176,-0.017105871474803514
deepseekv32maas,raw,6.0,20260976,beta,penalty_prompt,1.2142764678687008,-0.3098659269533056
deepseekv32maas,raw,6.0,20260976,beta,always_abstain,0.0,0.0
deepseekv32maas,raw,6.0,20260977,isotonic_direct,original,0.045307443365695796,-0.016181229773462782
deepseekv32maas,raw,6.0,20260977,isotonic_direct,penalty_prompt,1.2157651410078596,-0.3050115580212668
deepseekv32maas,raw,6.0,20260977,isotonic_direct,always_abstain,0.0,0.0
deepseekv32maas,raw,6.0,20260977,beta,original,0.045307443365695796,-0.016181229773462782
deepseekv32maas,raw,6.0,20260977,beta,penalty_prompt,1.2157651410078596,-0.3050115580212668
deepseekv32maas,raw,6.0,20260977,beta,always_abstain,0.0,0.0
deepseekv32maas,raw,6.0,20260978,isotonic_direct,original,0.039297272306981046,-0.01571890892279242
deepseekv32maas,raw,6.0,20260978,isotonic_direct,penalty_prompt,1.2127415626444753,-0.3058992140545539
deepseekv32maas,raw,6.0,20260978,isotonic_direct,always_abstain,0.0,0.0
deepseekv32maas,raw,6.0,20260978,beta,original,0.039297272306981046,-0.01571890892279242
deepseekv32maas,raw,6.0,20260978,beta,penalty_prompt,1.2127415626444753,-0.3058992140545539
deepseekv32maas,raw,6.0,20260978,beta,always_abstain,0.0,0.0
deepseekv32maas,raw,6.0,20260979,isotonic_direct,original,0.03467406380027739,-0.013869625520110958
deepseekv32maas,raw,6.0,20260979,isotonic_direct,penalty_prompt,1.210309754969949,-0.3058067498844198
deepseekv32maas,raw,6.0,20260979,isotonic_direct,always_abstain,0.0,0.0
deepseekv32maas,raw,6.0,20260979,beta,original,0.03467406380027739,-0.013869625520110958
deepseekv32maas,raw,6.0,20260979,beta,penalty_prompt,1.210309754969949,-0.3058067498844198
deepseekv32maas,raw,6.0,20260979,beta,always_abstain,0.0,0.0
deepseekv32maas,raw,6.0,20260980,isotonic_direct,original,0.044382801664355064,-0.017105871474803514
deepseekv32maas,raw,6.0,20260980,isotonic_direct,penalty_prompt,1.1873971336107256,-0.3128617660656496
deepseekv32maas,raw,6.0,20260980,isotonic_direct,always_abstain,0.0,0.0
deepseekv32maas,raw,6.0,20260980,beta,original,0.044382801664355064,-0.017105871474803514
deepseekv32maas,raw,6.0,20260980,beta,penalty_prompt,1.1873971336107256,-0.3128617660656496
deepseekv32maas,raw,6.0,20260980,beta,always_abstain,0.0,0.0
deepseekv32maas,raw,6.0,20260981,isotonic_direct,original,0.04669440591770689,-0.018030513176144243
deepseekv32maas,raw,6.0,20260981,isotonic_direct,penalty_prompt,1.172168284789644,-0.30647249190938514
deepseekv32maas,raw,6.0,20260981,isotonic_direct,always_abstain,0.0,0.0
deepseekv32maas,raw,6.0,20260981,beta,original,0.04669440591770689,-0.018030513176144243
deepseekv32maas,raw,6.0,20260981,beta,penalty_prompt,1.172168284789644,-0.30647249190938514
deepseekv32maas,raw,6.0,20260981,beta,always_abstain,0.0,0.0
deepseekv32maas,raw,6.0,20260982,isotonic_direct,original,0.03467406380027739,-0.017105871474803514
deepseekv32maas,raw,6.0,20260982,isotonic_direct,penalty_prompt,1.207360147942672,-0.31166897827092
deepseekv32maas,raw,6.0,20260982,isotonic_direct,always_abstain,0.0,0.0
deepseekv32maas,raw,6.0,20260982,beta,original,0.03467406380027739,-0.017105871474803514
deepseekv32maas,raw,6.0,20260982,beta,penalty_prompt,1.207360147942672,-0.31166897827092
deepseekv32maas,raw,6.0,20260982,beta,always_abstain,0.0,0.0
deepseekv32maas,raw,6.0,20260983,isotonic_direct,original,0.03791030975496995,-0.013869625520110958
deepseekv32maas,raw,6.0,20260983,isotonic_direct,penalty_prompt,1.2215718908922792,-0.30813684697179844
deepseekv32maas,raw,6.0,20260983,isotonic_direct,always_abstain,0.0,0.0
deepseekv32maas,raw,6.0,20260983,beta,original,0.03791030975496995,-0.013869625520110958
deepseekv32maas,raw,6.0,20260983,beta,penalty_prompt,1.2215718908922792,-0.30813684697179844
deepseekv32maas,raw,6.0,20260983,beta,always_abstain,0.0,0.0
deepseekv32maas,raw,6.0,20260984,isotonic_direct,original,0.04854368932038835,-0.016181229773462782
deepseekv32maas,raw,6.0,20260984,isotonic_direct,penalty_prompt,1.2015349052242257,-0.3101803051317614
deepseekv32maas,raw,6.0,20260984,isotonic_direct,always_abstain,0.0,0.0
deepseekv32maas,raw,6.0,20260984,beta,original,0.04854368932038835,-0.016181229773462782
deepseekv32maas,raw,6.0,20260984,beta,penalty_prompt,1.2015349052242257,-0.3101803051317614
deepseekv32maas,raw,6.0,20260984,beta,always_abstain,0.0,0.0
deepseekv32maas,raw,6.0,20260985,isotonic_direct,original,0.047619047619047616,-0.017105871474803514
deepseekv32maas,raw,6.0,20260985,isotonic_direct,penalty_prompt,1.2288673139158577,-0.3110679611650485
deepseekv32maas,raw,6.0,20260985,isotonic_direct,always_abstain,0.0,0.0
deepseekv32maas,raw,6.0,20260985,beta,original,0.047619047619047616,-0.017105871474803514
deepseekv32maas,raw,6.0,20260985,beta,penalty_prompt,1.2288673139158577,-0.3110679611650485
deepseekv32maas,raw,6.0,20260985,beta,always_abstain,0.0,0.0
deepseekv32maas,raw,6.0,20260986,isotonic_direct,original,0.03421174294960703,-0.014331946370781322
deepseekv32maas,raw,6.0,20260986,isotonic_direct,penalty_prompt,1.248488210818308,-0.31332408691631997
deepseekv32maas,raw,6.0,20260986,isotonic_direct,always_abstain,0.0,0.0
deepseekv32maas,raw,6.0,20260986,beta,original,0.03421174294960703,-0.014331946370781322
deepseekv32maas,raw,6.0,20260986,beta,penalty_prompt,1.248488210818308,-0.31332408691631997
deepseekv32maas,raw,6.0,20260986,beta,always_abstain,0.0,0.0
deepseekv32maas,raw,6.0,20260987,isotonic_direct,original,0.044382801664355064,-0.017105871474803514
deepseekv32maas,raw,6.0,20260987,isotonic_direct,penalty_prompt,1.195691169671752,-0.30314378178455853
deepseekv32maas,raw,6.0,20260987,isotonic_direct,always_abstain,0.0,0.0
deepseekv32maas,raw,6.0,20260987,beta,original,0.044382801664355064,-0.017105871474803514
deepseekv32maas,raw,6.0,20260987,beta,penalty_prompt,1.195691169671752,-0.30314378178455853
deepseekv32maas,raw,6.0,20260987,beta,always_abstain,0.0,0.0
deepseekv32maas,raw,6.0,20260988,isotonic_direct,original,0.061950993989828944,-0.018955154877484975
deepseekv32maas,raw,6.0,20260988,isotonic_direct,penalty_prompt,1.2075450762829405,-0.31031900138696256
deepseekv32maas,raw,6.0,20260988,isotonic_direct,always_abstain,0.0,0.0
deepseekv32maas,raw,6.0,20260988,beta,original,0.061950993989828944,-0.018955154877484975
deepseekv32maas,raw,6.0,20260988,beta,penalty_prompt,1.2075450762829405,-0.31031900138696256
deepseekv32maas,raw,6.0,20260988,beta,always_abstain,0.0,0.0
deepseekv32maas,raw,6.0,20260989,isotonic_direct,original,0.050392972723069814,-0.020804438280166437
deepseekv32maas,raw,6.0,20260989,isotonic_direct,penalty_prompt,1.245316689782709,-0.3235506241331484
deepseekv32maas,raw,6.0,20260989,isotonic_direct,always_abstain,0.0,0.0
deepseekv32maas,raw,6.0,20260989,beta,original,0.050392972723069814,-0.020804438280166437
deepseekv32maas,raw,6.0,20260989,beta,penalty_prompt,1.245316689782709,-0.3235506241331484
deepseekv32maas,raw,6.0,20260989,beta,always_abstain,0.0,0.0
deepseekv32maas,raw,6.0,20260990,isotonic_direct,original,0.05224225612575127,-0.018955154877484975
deepseekv32maas,raw,6.0,20260990,isotonic_direct,penalty_prompt,1.1630235783633842,-0.30183079056865464
deepseekv32maas,raw,6.0,20260990,isotonic_direct,always_abstain,0.0,0.0
deepseekv32maas,raw,6.0,20260990,beta,original,0.05224225612575127,-0.018955154877484975
deepseekv32maas,raw,6.0,20260990,beta,penalty_prompt,1.1630235783633842,-0.30183079056865464
deepseekv32maas,raw,6.0,20260990,beta,always_abstain,0.0,0.0
deepseekv32maas,raw,6.0,20260991,isotonic_direct,original,0.033287101248266296,-0.015256588072122053
deepseekv32maas,raw,6.0,20260991,isotonic_direct,penalty_prompt,1.198566805362922,-0.3047341655108645
deepseekv32maas,raw,6.0,20260991,isotonic_direct,always_abstain,0.0,0.0
deepseekv32maas,raw,6.0,20260991,beta,original,0.033287101248266296,-0.015256588072122053
deepseekv32maas,raw,6.0,20260991,beta,penalty_prompt,1.198566805362922,-0.3047341655108645
deepseekv32maas,raw,6.0,20260991,beta,always_abstain,0.0,0.0
deepseekv32maas,raw,6.0,20260992,isotonic_direct,original,0.04946833102172908,-0.015256588072122053
deepseekv32maas,raw,6.0,20260992,isotonic_direct,penalty_prompt,1.265945446139621,-0.3179380490060102
deepseekv32maas,raw,6.0,20260992,isotonic_direct,always_abstain,0.0,0.0
deepseekv32maas,raw,6.0,20260992,beta,original,0.04946833102172908,-0.015256588072122053
deepseekv32maas,raw,6.0,20260992,beta,penalty_prompt,1.265945446139621,-0.3179380490060102
deepseekv32maas,raw,6.0,20260992,beta,always_abstain,0.0,0.0
deepseekv32maas,raw,6.0,20260993,isotonic_direct,original,0.047619047619047616,-0.013869625520110958
deepseekv32maas,raw,6.0,20260993,isotonic_direct,penalty_prompt,1.2362274618585298,-0.3085621821544152
deepseekv32maas,raw,6.0,20260993,isotonic_direct,always_abstain,0.0,0.0
deepseekv32maas,raw,6.0,20260993,beta,original,0.047619047619047616,-0.013869625520110958
deepseekv32maas,raw,6.0,20260993,beta,penalty_prompt,1.2362274618585298,-0.3085621821544152
deepseekv32maas,raw,6.0,20260993,beta,always_abstain,0.0,0.0
deepseekv32maas,raw,6.0,20260994,isotonic_direct,original,0.053629218677762366,-0.01756819232547388
deepseekv32maas,raw,6.0,20260994,isotonic_direct,penalty_prompt,1.2385945446139621,-0.31460933888118353
deepseekv32maas,raw,6.0,20260994,isotonic_direct,always_abstain,0.0,0.0
deepseekv32maas,raw,6.0,20260994,beta,original,0.053629218677762366,-0.01756819232547388
deepseekv32maas,raw,6.0,20260994,beta,penalty_prompt,1.2385945446139621,-0.31460933888118353
deepseekv32maas,raw,6.0,20260994,beta,always_abstain,0.0,0.0
deepseekv32maas,raw,6.0,20260995,isotonic_direct,original,0.044382801664355064,-0.013869625520110958
deepseekv32maas,raw,6.0,20260995,isotonic_direct,penalty_prompt,1.2510124826629683,-0.309375866851595
deepseekv32maas,raw,6.0,20260995,isotonic_direct,always_abstain,0.0,0.0
deepseekv32maas,raw,6.0,20260995,beta,original,0.044382801664355064,-0.013869625520110958
deepseekv32maas,raw,6.0,20260995,beta,penalty_prompt,1.2510124826629683,-0.309375866851595
deepseekv32maas,raw,6.0,20260995,beta,always_abstain,0.0,0.0
deepseekv32maas,raw,6.0,20260996,isotonic_direct,original,0.04160887656033287,-0.016643550624133148
deepseekv32maas,raw,6.0,20260996,isotonic_direct,penalty_prompt,1.2148312528895053,-0.2993435043920481
deepseekv32maas,raw,6.0,20260996,isotonic_direct,always_abstain,0.0,0.0
deepseekv32maas,raw,6.0,20260996,beta,original,0.04160887656033287,-0.016643550624133148
deepseekv32maas,raw,6.0,20260996,beta,penalty_prompt,1.2148312528895053,-0.2993435043920481
deepseekv32maas,raw,6.0,20260996,beta,always_abstain,0.0,0.0
deepseekv32maas,raw,6.0,20260997,isotonic_direct,original,0.06010171058714748,-0.01756819232547388
deepseekv32maas,raw,6.0,20260997,isotonic_direct,penalty_prompt,1.2071567267683772,-0.3037170596393898
deepseekv32maas,raw,6.0,20260997,isotonic_direct,always_abstain,0.0,0.0
deepseekv32maas,raw,6.0,20260997,beta,original,0.06010171058714748,-0.01756819232547388
deepseekv32maas,raw,6.0,20260997,beta,penalty_prompt,1.2071567267683772,-0.3037170596393898
deepseekv32maas,raw,6.0,20260997,beta,always_abstain,0.0,0.0
deepseekv32maas,raw,6.0,20260998,isotonic_direct,original,0.047619047619047616,-0.013869625520110958
deepseekv32maas,raw,6.0,20260998,isotonic_direct,penalty_prompt,1.2065649560795193,-0.3034674063800278
deepseekv32maas,raw,6.0,20260998,isotonic_direct,always_abstain,0.0,0.0
deepseekv32maas,raw,6.0,20260998,beta,original,0.047619047619047616,-0.013869625520110958
deepseekv32maas,raw,6.0,20260998,beta,penalty_prompt,1.2065649560795193,-0.3034674063800278
deepseekv32maas,raw,6.0,20260998,beta,always_abstain,0.0,0.0
deepseekv32maas,raw,6.0,20260999,isotonic_direct,original,0.041146555709662504,-0.017105871474803514
deepseekv32maas,raw,6.0,20260999,isotonic_direct,penalty_prompt,1.191742949607027,-0.307286176606565
deepseekv32maas,raw,6.0,20260999,isotonic_direct,always_abstain,0.0,0.0
deepseekv32maas,raw,6.0,20260999,beta,original,0.041146555709662504,-0.017105871474803514
deepseekv32maas,raw,6.0,20260999,beta,penalty_prompt,1.191742949607027,-0.307286176606565
deepseekv32maas,raw,6.0,20260999,beta,always_abstain,0.0,0.0
deepseekv32maas,raw,6.0,20261000,isotonic_direct,original,0.05640314378178456,-0.018030513176144243
deepseekv32maas,raw,6.0,20261000,isotonic_direct,penalty_prompt,1.2189551548774846,-0.30874711049468334
deepseekv32maas,raw,6.0,20261000,isotonic_direct,always_abstain,0.0,0.0
deepseekv32maas,raw,6.0,20261000,beta,original,0.05640314378178456,-0.018030513176144243
deepseekv32maas,raw,6.0,20261000,beta,penalty_prompt,1.2189551548774846,-0.30874711049468334
deepseekv32maas,raw,6.0,20261000,beta,always_abstain,0.0,0.0
deepseekv32maas,raw,6.0,20261001,isotonic_direct,original,0.04900601017105871,-0.01571890892279242
deepseekv32maas,raw,6.0,20261001,isotonic_direct,penalty_prompt,1.2268608414239481,-0.31592233009708737
deepseekv32maas,raw,6.0,20261001,isotonic_direct,always_abstain,0.0,0.0
deepseekv32maas,raw,6.0,20261001,beta,original,0.04900601017105871,-0.01571890892279242
deepseekv32maas,raw,6.0,20261001,beta,penalty_prompt,1.2268608414239481,-0.31592233009708737
deepseekv32maas,raw,6.0,20261001,beta,always_abstain,0.0,0.0
deepseekv32maas,raw,6.0,20261002,isotonic_direct,original,0.038834951456310676,-0.012944983818770227
deepseekv32maas,raw,6.0,20261002,isotonic_direct,penalty_prompt,1.1915672676837725,-0.3057790106333795
deepseekv32maas,raw,6.0,20261002,isotonic_direct,always_abstain,0.0,0.0
deepseekv32maas,raw,6.0,20261002,beta,original,0.038834951456310676,-0.012944983818770227
deepseekv32maas,raw,6.0,20261002,beta,penalty_prompt,1.1915672676837725,-0.3057790106333795
deepseekv32maas,raw,6.0,20261002,beta,always_abstain,0.0,0.0
deepseekv32maas,raw,6.0,20261003,isotonic_direct,original,0.050855293573740176,-0.017105871474803514
deepseekv32maas,raw,6.0,20261003,isotonic_direct,penalty_prompt,1.2366250577901063,-0.3127600554785021
deepseekv32maas,raw,6.0,20261003,isotonic_direct,always_abstain,0.0,0.0
deepseekv32maas,raw,6.0,20261003,beta,original,0.050855293573740176,-0.017105871474803514
deepseekv32maas,raw,6.0,20261003,beta,penalty_prompt,1.2366250577901063,-0.3127600554785021
deepseekv32maas,raw,6.0,20261003,beta,always_abstain,0.0,0.0
deepseekv32maas,raw,6.0,20261004,isotonic_direct,original,0.036061026352288486,-0.01571890892279242
deepseekv32maas,raw,6.0,20261004,isotonic_direct,penalty_prompt,1.1965880721220528,-0.3115025427646787
deepseekv32maas,raw,6.0,20261004,isotonic_direct,always_abstain,0.0,0.0
deepseekv32maas,raw,6.0,20261004,beta,original,0.036061026352288486,-0.01571890892279242
deepseekv32maas,raw,6.0,20261004,beta,penalty_prompt,1.1965880721220528,-0.3115025427646787
deepseekv32maas,raw,6.0,20261004,beta,always_abstain,0.0,0.0
deepseekv32maas,raw,6.0,20261005,isotonic_direct,original,0.04900601017105871,-0.01571890892279242
deepseekv32maas,raw,6.0,20261005,isotonic_direct,penalty_prompt,1.2157558945908462,-0.3102635228848821
deepseekv32maas,raw,6.0,20261005,isotonic_direct,always_abstain,0.0,0.0
deepseekv32maas,raw,6.0,20261005,beta,original,0.04900601017105871,-0.01571890892279242
deepseekv32maas,raw,6.0,20261005,beta,penalty_prompt,1.2157558945908462,-0.3102635228848821
deepseekv32maas,raw,6.0,20261005,beta,always_abstain,0.0,0.0
deepseekv32maas,raw,6.0,20261006,isotonic_direct,original,0.041146555709662504,-0.017105871474803514
deepseekv32maas,raw,6.0,20261006,isotonic_direct,penalty_prompt,1.1961719833564495,-0.3116597318539066
deepseekv32maas,raw,6.0,20261006,isotonic_direct,always_abstain,0.0,0.0
deepseekv32maas,raw,6.0,20261006,beta,original,0.041146555709662504,-0.017105871474803514
deepseekv32maas,raw,6.0,20261006,beta,penalty_prompt,1.1961719833564495,-0.3116597318539066
deepseekv32maas,raw,6.0,20261006,beta,always_abstain,0.0,0.0
deepseekv32maas,raw,6.0,20261007,isotonic_direct,original,0.03282478039759593,-0.012482662968099861
deepseekv32maas,raw,6.0,20261007,isotonic_direct,penalty_prompt,1.2343596856218215,-0.3137309292649098
deepseekv32maas,raw,6.0,20261007,isotonic_direct,always_abstain,0.0,0.0
deepseekv32maas,raw,6.0,20261007,beta,original,0.03282478039759593,-0.012482662968099861
deepseekv32maas,raw,6.0,20261007,beta,penalty_prompt,1.2343596856218215,-0.3137309292649098
deepseekv32maas,raw,6.0,20261007,beta,always_abstain,0.0,0.0
deepseekv32maas,raw,6.0,20261008,isotonic_direct,original,0.05177993527508091,-0.016181229773462782
deepseekv32maas,raw,6.0,20261008,isotonic_direct,penalty_prompt,1.237022653721683,-0.30809061488673145
deepseekv32maas,raw,6.0,20261008,isotonic_direct,always_abstain,0.0,0.0
deepseekv32maas,raw,6.0,20261008,beta,original,0.05177993527508091,-0.016181229773462782
deepseekv32maas,raw,6.0,20261008,beta,penalty_prompt,1.237022653721683,-0.30809061488673145
deepseekv32maas,raw,6.0,20261008,beta,always_abstain,0.0,0.0
deepseekv32maas,raw,6.0,20261009,isotonic_direct,original,0.04900601017105871,-0.018955154877484975
deepseekv32maas,raw,6.0,20261009,isotonic_direct,penalty_prompt,1.2291539528432731,-0.3130466944059177
deepseekv32maas,raw,6.0,20261009,isotonic_direct,always_abstain,0.0,0.0
deepseekv32maas,raw,6.0,20261009,beta,original,0.04900601017105871,-0.018955154877484975
deepseekv32maas,raw,6.0,20261009,beta,penalty_prompt,1.2291539528432731,-0.3130466944059177
deepseekv32maas,raw,6.0,20261009,beta,always_abstain,0.0,0.0
deepseekv32maas,raw,6.0,20261010,isotonic_direct,original,0.04068423485899214,-0.014331946370781322
deepseekv32maas,raw,6.0,20261010,isotonic_direct,penalty_prompt,1.215210355987055,-0.3067313915857605
deepseekv32maas,raw,6.0,20261010,isotonic_direct,always_abstain,0.0,0.0
deepseekv32maas,raw,6.0,20261010,beta,original,0.04068423485899214,-0.014331946370781322
deepseekv32maas,raw,6.0,20261010,beta,penalty_prompt,1.215210355987055,-0.3067313915857605
deepseekv32maas,raw,6.0,20261010,beta,always_abstain,0.0,0.0
deepseekv32maas,raw,6.0,20261011,isotonic_direct,original,0.06287563569116968,-0.018030513176144243
deepseekv32maas,raw,6.0,20261011,isotonic_direct,penalty_prompt,1.231373092926491,-0.3137401756819233
deepseekv32maas,raw,6.0,20261011,isotonic_direct,always_abstain,0.0,0.0
deepseekv32maas,raw,6.0,20261011,beta,original,0.06287563569116968,-0.018030513176144243
deepseekv32maas,raw,6.0,20261011,beta,penalty_prompt,1.231373092926491,-0.3137401756819233
deepseekv32maas,raw,6.0,20261011,beta,always_abstain,0.0,0.0
deepseekv32maas,raw,6.0,20261012,isotonic_direct,original,0.048081368469717986,-0.016643550624133148
deepseekv32maas,raw,6.0,20261012,isotonic_direct,penalty_prompt,1.2458437355524734,-0.3098196948682386
deepseekv32maas,raw,6.0,20261012,isotonic_direct,always_abstain,0.0,0.0
deepseekv32maas,raw,6.0,20261012,beta,original,0.048081368469717986,-0.016643550624133148
deepseekv32maas,raw,6.0,20261012,beta,penalty_prompt,1.2458437355524734,-0.3098196948682386
deepseekv32maas,raw,6.0,20261012,beta,always_abstain,0.0,0.0
gemini35flash,processed,0.0,20260913,isotonic_direct,original,0.0,0.0
gemini35flash,processed,0.0,20260913,isotonic_direct,penalty_prompt,0.010762829403606067,-0.02075820619509916
gemini35flash,processed,0.0,20260913,isotonic_direct,always_abstain,0.5409153952843273,0.9787332408691632
gemini35flash,processed,0.0,20260913,beta,original,0.0,0.0
gemini35flash,processed,0.0,20260913,beta,penalty_prompt,0.010762829403606067,-0.02075820619509916
gemini35flash,processed,0.0,20260913,beta,always_abstain,0.5409153952843273,0.9787332408691632
gemini35flash,processed,0.0,20260914,isotonic_direct,original,0.0,0.0
gemini35flash,processed,0.0,20260914,isotonic_direct,penalty_prompt,0.006897827092001818,-0.018603791030975314
gemini35flash,processed,0.0,20260914,isotonic_direct,always_abstain,0.5469255663430421,0.9801202034211743
gemini35flash,processed,0.0,20260914,beta,original,0.0,0.0
gemini35flash,processed,0.0,20260914,beta,penalty_prompt,0.006897827092001818,-0.018603791030975314
gemini35flash,processed,0.0,20260914,beta,always_abstain,0.5469255663430421,0.9801202034211743
gemini35flash,processed,0.0,20260915,isotonic_direct,original,0.0,0.0
gemini35flash,processed,0.0,20260915,isotonic_direct,penalty_prompt,0.015681923254738828,-0.022588996763754143
gemini35flash,processed,0.0,20260915,isotonic_direct,always_abstain,0.5496994914470643,0.9768839574664817
gemini35flash,processed,0.0,20260915,beta,original,0.0,0.0
gemini35flash,processed,0.0,20260915,beta,penalty_prompt,0.015681923254738828,-0.022588996763754143
gemini35flash,processed,0.0,20260915,beta,always_abstain,0.5496994914470643,0.9768839574664817
gemini35flash,processed,0.0,20260916,isotonic_direct,original,0.0,0.0
gemini35flash,processed,0.0,20260916,isotonic_direct,penalty_prompt,0.01276005547850212,-0.019741100323624527
gemini35flash,processed,0.0,20260916,isotonic_direct,always_abstain,0.5469255663430421,0.9791955617198336
gemini35flash,processed,0.0,20260916,beta,original,0.0,0.0
gemini35flash,processed,0.0,20260916,beta,penalty_prompt,0.01276005547850212,-0.019741100323624527
gemini35flash,processed,0.0,20260916,beta,always_abstain,0.5469255663430421,0.9791955617198336
gemini35flash,processed,0.0,20260917,isotonic_direct,original,0.0,0.0
gemini35flash,processed,0.0,20260917,isotonic_direct,penalty_prompt,0.016708275543226958,-0.021257512713823368
gemini35flash,processed,0.0,20260917,isotonic_direct,always_abstain,0.5487748497457235,0.9773462783171522
gemini35flash,processed,0.0,20260917,beta,original,0.0,0.0
gemini35flash,processed,0.0,20260917,beta,penalty_prompt,0.016708275543226958,-0.021257512713823368
gemini35flash,processed,0.0,20260917,beta,always_abstain,0.5487748497457235,0.9773462783171522
gemini35flash,processed,0.0,20260918,isotonic_direct,original,0.0,0.0
gemini35flash,processed,0.0,20260918,isotonic_direct,penalty_prompt,0.010799815071659724,-0.02127600554785014
gemini35flash,processed,0.0,20260918,isotonic_direct,always_abstain,0.5423023578363384,0.9778085991678225
gemini35flash,processed,0.0,20260918,beta,original,0.0,0.0
gemini35flash,processed,0.0,20260918,beta,penalty_prompt,0.010799815071659724,-0.02127600554785014
gemini35flash,processed,0.0,20260918,beta,always_abstain,0.5423023578363384,0.9778085991678225
gemini35flash,processed,0.0,20260919,isotonic_direct,original,0.0,0.0
gemini35flash,processed,0.0,20260919,isotonic_direct,penalty_prompt,0.015080906148867368,-0.020730466944059223
gemini35flash,processed,0.0,20260919,isotonic_direct,always_abstain,0.5469255663430421,0.9787332408691632
gemini35flash,processed,0.0,20260919,beta,original,0.0,0.0
gemini35flash,processed,0.0,20260919,beta,penalty_prompt,0.015080906148867368,-0.020730466944059223
gemini35flash,processed,0.0,20260919,beta,always_abstain,0.5469255663430421,0.9787332408691632
gemini35flash,processed,0.0,20260920,isotonic_direct,original,0.0,0.0
gemini35flash,processed,0.0,20260920,isotonic_direct,penalty_prompt,0.01598705501618125,-0.0197595931576513
gemini35flash,processed,0.0,20260920,isotonic_direct,always_abstain,0.5390661118816459,0.9791955617198336
gemini35flash,processed,0.0,20260920,beta,original,0.0,0.0
gemini35flash,processed,0.0,20260920,beta,penalty_prompt,0.01598705501618125,-0.0197595931576513
gemini35flash,processed,0.0,20260920,beta,always_abstain,0.5390661118816459,0.9791955617198336
gemini35flash,processed,0.0,20260921,isotonic_direct,original,0.0,0.0
gemini35flash,processed,0.0,20260921,isotonic_direct,penalty_prompt,0.011863153028201512,-0.022126675913083704
gemini35flash,processed,0.0,20260921,isotonic_direct,always_abstain,0.545538603791031,0.9773462783171522
gemini35flash,processed,0.0,20260921,beta,original,0.0,0.0
gemini35flash,processed,0.0,20260921,beta,penalty_prompt,0.011863153028201512,-0.022126675913083704
gemini35flash,processed,0.0,20260921,beta,always_abstain,0.545538603791031,0.9773462783171522
gemini35flash,processed,0.0,20260922,isotonic_direct,original,0.0,0.0
gemini35flash,processed,0.0,20260922,isotonic_direct,penalty_prompt,0.012223763291724477,-0.022921867776236615
gemini35flash,processed,0.0,20260922,isotonic_direct,always_abstain,0.5436893203883495,0.9759593157651411
gemini35flash,processed,0.0,20260922,beta,original,0.0,0.0
gemini35flash,processed,0.0,20260922,beta,penalty_prompt,0.012223763291724477,-0.022921867776236615
gemini35flash,processed,0.0,20260922,beta,always_abstain,0.5436893203883495,0.9759593157651411
gemini35flash,processed,0.0,20260923,isotonic_direct,original,0.0,0.0
gemini35flash,processed,0.0,20260923,isotonic_direct,penalty_prompt,0.02119278779472966,-0.02370781322237625
gemini35flash,processed,0.0,20260923,isotonic_direct,always_abstain,0.5552473416551087,0.9754969949144706
gemini35flash,processed,0.0,20260923,beta,original,0.0,0.0
gemini35flash,processed,0.0,20260923,beta,penalty_prompt,0.02119278779472966,-0.02370781322237625
gemini35flash,processed,0.0,20260923,beta,always_abstain,0.5552473416551087,0.9754969949144706
gemini35flash,processed,0.0,20260924,isotonic_direct,original,0.0,0.0
gemini35flash,processed,0.0,20260924,isotonic_direct,penalty_prompt,0.015441516412390333,-0.018955154877485003
gemini35flash,processed,0.0,20260924,isotonic_direct,always_abstain,0.5510864539990754,0.9805825242718447
gemini35flash,processed,0.0,20260924,beta,original,0.0,0.0
gemini35flash,processed,0.0,20260924,beta,penalty_prompt,0.015441516412390333,-0.018955154877485003
gemini35flash,processed,0.0,20260924,beta,always_abstain,0.5510864539990754,0.9805825242718447
gemini35flash,processed,0.0,20260925,isotonic_direct,original,0.0,0.0
gemini35flash,processed,0.0,20260925,isotonic_direct,penalty_prompt,0.017605177993527454,-0.021664355062413376
gemini35flash,processed,0.0,20260925,isotonic_direct,always_abstain,0.5589459084604715,0.9773462783171522
gemini35flash,processed,0.0,20260925,beta,original,0.0,0.0
gemini35flash,processed,0.0,20260925,beta,penalty_prompt,0.017605177993527454,-0.021664355062413376
gemini35flash,processed,0.0,20260925,beta,always_abstain,0.5589459084604715,0.9773462783171522
gemini35flash,processed,0.0,20260926,isotonic_direct,original,0.0,0.0
gemini35flash,processed,0.0,20260926,isotonic_direct,penalty_prompt,0.016403143781784646,-0.023818770226537445
gemini35flash,processed,0.0,20260926,isotonic_direct,always_abstain,0.5538603791030976,0.9754969949144706
gemini35flash,processed,0.0,20260926,beta,original,0.0,0.0
gemini35flash,processed,0.0,20260926,beta,penalty_prompt,0.016403143781784646,-0.023818770226537445
gemini35flash,processed,0.0,20260926,beta,always_abstain,0.5538603791030976,0.9754969949144706
gemini35flash,processed,0.0,20260927,isotonic_direct,original,0.0,0.0
gemini35flash,processed,0.0,20260927,isotonic_direct,penalty_prompt,0.019491447064262535,-0.01744798890429944
gemini35flash,processed,0.0,20260927,isotonic_direct,always_abstain,0.545538603791031,0.9819694868238558
gemini35flash,processed,0.0,20260927,beta,original,0.0,0.0
gemini35flash,processed,0.0,20260927,beta,penalty_prompt,0.019491447064262535,-0.01744798890429944
gemini35flash,processed,0.0,20260927,beta,always_abstain,0.545538603791031,0.9819694868238558
gemini35flash,processed,0.0,20260928,isotonic_direct,original,0.0,0.0
gemini35flash,processed,0.0,20260928,isotonic_direct,penalty_prompt,0.012676837725381418,-0.020896902450300403
gemini35flash,processed,0.0,20260928,isotonic_direct,always_abstain,0.5561719833564494,0.9782709200184928
gemini35flash,processed,0.0,20260928,beta,original,0.0,0.0
gemini35flash,processed,0.0,20260928,beta,penalty_prompt,0.012676837725381418,-0.020896902450300403
gemini35flash,processed,0.0,20260928,beta,always_abstain,0.5561719833564494,0.9782709200184928
gemini35flash,processed,0.0,20260929,isotonic_direct,original,0.0,0.0
gemini35flash,processed,0.0,20260929,isotonic_direct,penalty_prompt,0.018899676375404684,-0.020989366620434602
gemini35flash,processed,0.0,20260929,isotonic_direct,always_abstain,0.5566343042071198,0.9778085991678225
gemini35flash,processed,0.0,20260929,beta,original,0.0,0.0
gemini35flash,processed,0.0,20260929,beta,penalty_prompt,0.018899676375404684,-0.020989366620434602
gemini35flash,processed,0.0,20260929,beta,always_abstain,0.5566343042071198,0.9778085991678225
gemini35flash,processed,0.0,20260930,isotonic_direct,original,0.0,0.0
gemini35flash,processed,0.0,20260930,isotonic_direct,penalty_prompt,0.01584835876098012,-0.016467868700878352
gemini35flash,processed,0.0,20260930,isotonic_direct,always_abstain,0.5566343042071198,0.9824318076745261
gemini35flash,processed,0.0,20260930,beta,original,0.0,0.0
gemini35flash,processed,0.0,20260930,beta,penalty_prompt,0.01584835876098012,-0.016467868700878352
gemini35flash,processed,0.0,20260930,beta,always_abstain,0.5566343042071198,0.9824318076745261
gemini35flash,processed,0.0,20260931,isotonic_direct,original,0.0,0.0
gemini35flash,processed,0.0,20260931,isotonic_direct,penalty_prompt,0.013851132686084178,-0.023495145631067804
gemini35flash,processed,0.0,20260931,isotonic_direct,always_abstain,0.5612575127138234,0.9754969949144706
gemini35flash,processed,0.0,20260931,beta,original,0.0,0.0
gemini35flash,processed,0.0,20260931,beta,penalty_prompt,0.013851132686084178,-0.023495145631067804
gemini35flash,processed,0.0,20260931,beta,always_abstain,0.5612575127138234,0.9754969949144706
gemini35flash,processed,0.0,20260932,isotonic_direct,original,0.0,0.0
gemini35flash,processed,0.0,20260932,isotonic_direct,penalty_prompt,0.016745261211280504,-0.02096162736939433
gemini35flash,processed,0.0,20260932,isotonic_direct,always_abstain,0.5492371705963939,0.9787332408691632
gemini35flash,processed,0.0,20260932,beta,original,0.0,0.0
gemini35flash,processed,0.0,20260932,beta,penalty_prompt,0.016745261211280504,-0.02096162736939433
gemini35flash,processed,0.0,20260932,beta,always_abstain,0.5492371705963939,0.9787332408691632
gemini35flash,processed,0.0,20260933,isotonic_direct,original,0.0,0.0
gemini35flash,processed,0.0,20260933,isotonic_direct,penalty_prompt,0.012676837725381418,-0.02147942672214509
gemini35flash,processed,0.0,20260933,isotonic_direct,always_abstain,0.5584835876098012,0.9773462783171522
gemini35flash,processed,0.0,20260933,beta,original,0.0,0.0
gemini35flash,processed,0.0,20260933,beta,penalty_prompt,0.012676837725381418,-0.02147942672214509
gemini35flash,processed,0.0,20260933,beta,always_abstain,0.5584835876098012,0.9773462783171522
gemini35flash,processed,0.0,20260934,isotonic_direct,original,0.0,0.0
gemini35flash,processed,0.0,20260934,isotonic_direct,penalty_prompt,0.021026352288488148,-0.024503005085529383
gemini35flash,processed,0.0,20260934,isotonic_direct,always_abstain,0.5436893203883495,0.9750346740638003
gemini35flash,processed,0.0,20260934,beta,original,0.0,0.0
gemini35flash,processed,0.0,20260934,beta,penalty_prompt,0.021026352288488148,-0.024503005085529383
gemini35flash,processed,0.0,20260934,beta,always_abstain,0.5436893203883495,0.9750346740638003
gemini35flash,processed,0.0,20260935,isotonic_direct,original,0.0,0.0
gemini35flash,processed,0.0,20260935,isotonic_direct,penalty_prompt,0.007776236708275541,-0.020157189089228034
gemini35flash,processed,0.0,20260935,isotonic_direct,always_abstain,0.5543226999537679,0.9791955617198336
gemini35flash,processed,0.0,20260935,beta,original,0.0,0.0
gemini35flash,processed,0.0,20260935,beta,penalty_prompt,0.007776236708275541,-0.020157189089228034
gemini35flash,processed,0.0,20260935,beta,always_abstain,0.5543226999537679,0.9791955617198336
gemini35flash,processed,0.0,20260936,isotonic_direct,original,0.0,0.0
gemini35flash,processed,0.0,20260936,isotonic_direct,penalty_prompt,0.014775774387424834,-0.019953767914932863
gemini35flash,processed,0.0,20260936,isotonic_direct,always_abstain,0.550624133148405,0.9791955617198336
gemini35flash,processed,0.0,20260936,beta,original,0.0,0.0
gemini35flash,processed,0.0,20260936,beta,penalty_prompt,0.014775774387424834,-0.019953767914932863
gemini35flash,processed,0.0,20260936,beta,always_abstain,0.550624133148405,0.9791955617198336
gemini35flash,processed,0.0,20260937,isotonic_direct,original,0.0,0.0
gemini35flash,processed,0.0,20260937,isotonic_direct,penalty_prompt,0.01533055940822925,-0.023948220064724968
gemini35flash,processed,0.0,20260937,isotonic_direct,always_abstain,0.5566343042071198,0.9750346740638003
gemini35flash,processed,0.0,20260937,beta,original,0.0,0.0
gemini35flash,processed,0.0,20260937,beta,penalty_prompt,0.01533055940822925,-0.023948220064724968
gemini35flash,processed,0.0,20260937,beta,always_abstain,0.5566343042071198,0.9750346740638003
gemini35flash,processed,0.0,20260938,isotonic_direct,original,0.0,0.0
gemini35flash,processed,0.0,20260938,isotonic_direct,penalty_prompt,0.017484974572353207,-0.024983818770226596
gemini35flash,processed,0.0,20260938,isotonic_direct,always_abstain,0.5533980582524272,0.9741100323624595
gemini35flash,processed,0.0,20260938,beta,original,0.0,0.0
gemini35flash,processed,0.0,20260938,beta,penalty_prompt,0.017484974572353207,-0.024983818770226596
gemini35flash,processed,0.0,20260938,beta,always_abstain,0.5533980582524272,0.9741100323624595
gemini35flash,processed,0.0,20260939,isotonic_direct,original,0.0,0.0
gemini35flash,processed,0.0,20260939,isotonic_direct,penalty_prompt,0.010032362459546973,-0.021146555709662396
gemini35flash,processed,0.0,20260939,isotonic_direct,always_abstain,0.5478502080443828,0.9782709200184928
gemini35flash,processed,0.0,20260939,beta,original,0.0,0.0
gemini35flash,processed,0.0,20260939,beta,penalty_prompt,0.010032362459546973,-0.021146555709662396
gemini35flash,processed,0.0,20260939,beta,always_abstain,0.5478502080443828,0.9782709200184928
gemini35flash,processed,0.0,20260940,isotonic_direct,original,0.0,0.0
gemini35flash,processed,0.0,20260940,isotonic_direct,penalty_prompt,0.01595931576514098,-0.022515025427646718
gemini35flash,processed,0.0,20260940,isotonic_direct,always_abstain,0.5547850208044383,0.9764216366158114
gemini35flash,processed,0.0,20260940,beta,original,0.0,0.0
gemini35flash,processed,0.0,20260940,beta,penalty_prompt,0.01595931576514098,-0.022515025427646718
gemini35flash,processed,0.0,20260940,beta,always_abstain,0.5547850208044383,0.9764216366158114
gemini35flash,processed,0.0,20260941,isotonic_direct,original,0.0,0.0
gemini35flash,processed,0.0,20260941,isotonic_direct,penalty_prompt,0.016430883032824695,-0.025159500693481385
gemini35flash,processed,0.0,20260941,isotonic_direct,always_abstain,0.5561719833564494,0.9741100323624595
gemini35flash,processed,0.0,20260941,beta,original,0.0,0.0
gemini35flash,processed,0.0,20260941,beta,penalty_prompt,0.016430883032824695,-0.025159500693481385
gemini35flash,processed,0.0,20260941,beta,always_abstain,0.5561719833564494,0.9741100323624595
gemini35flash,processed,0.0,20260942,isotonic_direct,original,0.0,0.0
gemini35flash,processed,0.0,20260942,isotonic_direct,penalty_prompt,0.01658807212205271,-0.024974572353213098
gemini35flash,processed,0.0,20260942,isotonic_direct,always_abstain,0.5510864539990754,0.97457235321313
gemini35flash,processed,0.0,20260942,beta,original,0.0,0.0
gemini35flash,processed,0.0,20260942,beta,penalty_prompt,0.01658807212205271,-0.024974572353213098
gemini35flash,processed,0.0,20260942,beta,always_abstain,0.5510864539990754,0.97457235321313
gemini35flash,processed,0.0,20260943,isotonic_direct,original,0.0,0.0
gemini35flash,processed,0.0,20260943,isotonic_direct,penalty_prompt,0.007055016181229723,-0.024780397595931758
gemini35flash,processed,0.0,20260943,isotonic_direct,always_abstain,0.5524734165510865,0.9741100323624595
gemini35flash,processed,0.0,20260943,beta,original,0.0,0.0
gemini35flash,processed,0.0,20260943,beta,penalty_prompt,0.007055016181229723,-0.024780397595931758
gemini35flash,processed,0.0,20260943,beta,always_abstain,0.5524734165510865,0.9741100323624595
gemini35flash,processed,0.0,20260944,isotonic_direct,original,0.0,0.0
gemini35flash,processed,0.0,20260944,isotonic_direct,penalty_prompt,0.016689782709200074,-0.019177068885806836
gemini35flash,processed,0.0,20260944,isotonic_direct,always_abstain,0.5533980582524272,0.9796578825705039
gemini35flash,processed,0.0,20260944,beta,original,0.0,0.0
gemini35flash,processed,0.0,20260944,beta,penalty_prompt,0.016689782709200074,-0.019177068885806836
gemini35flash,processed,0.0,20260944,beta,always_abstain,0.5533980582524272,0.9796578825705039
gemini35flash,processed,0.0,20260945,isotonic_direct,original,0.0,0.0
gemini35flash,processed,0.0,20260945,isotonic_direct,penalty_prompt,0.013564493758668417,-0.01796578825705053
gemini35flash,processed,0.0,20260945,isotonic_direct,always_abstain,0.5561719833564494,0.981044845122515
gemini35flash,processed,0.0,20260945,beta,original,0.0,0.0
gemini35flash,processed,0.0,20260945,beta,penalty_prompt,0.013564493758668417,-0.01796578825705053
gemini35flash,processed,0.0,20260945,beta,always_abstain,0.5561719833564494,0.981044845122515
gemini35flash,processed,0.0,20260946,isotonic_direct,original,0.0,0.0
gemini35flash,processed,0.0,20260946,isotonic_direct,penalty_prompt,0.01564493758668517,-0.022699953767915115
gemini35flash,processed,0.0,20260946,isotonic_direct,always_abstain,0.5631067961165048,0.9764216366158114
gemini35flash,processed,0.0,20260946,beta,original,0.0,0.0
gemini35flash,processed,0.0,20260946,beta,penalty_prompt,0.01564493758668517,-0.022699953767915115
gemini35flash,processed,0.0,20260946,beta,always_abstain,0.5631067961165048,0.9764216366158114
gemini35flash,processed,0.0,20260947,isotonic_direct,original,0.0,0.0
gemini35flash,processed,0.0,20260947,isotonic_direct,penalty_prompt,0.015709662505778987,-0.017068885806749923
gemini35flash,processed,0.0,20260947,isotonic_direct,always_abstain,0.5478502080443828,0.9819694868238558
gemini35flash,processed,0.0,20260947,beta,original,0.0,0.0
gemini35flash,processed,0.0,20260947,beta,penalty_prompt,0.015709662505778987,-0.017068885806749923
gemini35flash,processed,0.0,20260947,beta,always_abstain,0.5478502080443828,0.9819694868238558
gemini35flash,processed,0.0,20260948,isotonic_direct,original,0.0,0.0
gemini35flash,processed,0.0,20260948,isotonic_direct,penalty_prompt,0.02067498844197868,-0.01735552473416546
gemini35flash,processed,0.0,20260948,isotonic_direct,always_abstain,0.5598705501618123,0.9819694868238558
gemini35flash,processed,0.0,20260948,beta,original,0.0,0.0
gemini35flash,processed,0.0,20260948,beta,penalty_prompt,0.02067498844197868,-0.01735552473416546
gemini35flash,processed,0.0,20260948,beta,always_abstain,0.5598705501618123,0.9819694868238558
gemini35flash,processed,0.0,20260949,isotonic_direct,original,0.0,0.0
gemini35flash,processed,0.0,20260949,isotonic_direct,penalty_prompt,0.015173370319001345,-0.023920480813684586
gemini35flash,processed,0.0,20260949,isotonic_direct,always_abstain,0.5238095238095238,0.9750346740638003
gemini35flash,processed,0.0,20260949,beta,original,0.0,0.0
gemini35flash,processed,0.0,20260949,beta,penalty_prompt,0.015173370319001345,-0.023920480813684586
gemini35flash,processed,0.0,20260949,beta,always_abstain,0.5238095238095238,0.9750346740638003
gemini35flash,processed,0.0,20260950,isotonic_direct,original,0.0,0.0
gemini35flash,processed,0.0,20260950,isotonic_direct,penalty_prompt,0.014452149791955637,-0.020342117429496098
gemini35flash,processed,0.0,20260950,isotonic_direct,always_abstain,0.5575589459084604,0.9791955617198336
gemini35flash,processed,0.0,20260950,beta,original,0.0,0.0
gemini35flash,processed,0.0,20260950,beta,penalty_prompt,0.014452149791955637,-0.020342117429496098
gemini35flash,processed,0.0,20260950,beta,always_abstain,0.5575589459084604,0.9791955617198336
gemini35flash,processed,0.0,20260951,isotonic_direct,original,0.0,0.0
gemini35flash,processed,0.0,20260951,isotonic_direct,penalty_prompt,0.013675450762829389,-0.01791030975496999
gemini35flash,processed,0.0,20260951,isotonic_direct,always_abstain,0.5626444752658345,0.9815071659731854
gemini35flash,processed,0.0,20260951,beta,original,0.0,0.0
gemini35flash,processed,0.0,20260951,beta,penalty_prompt,0.013675450762829389,-0.01791030975496999
gemini35flash,processed,0.0,20260951,beta,always_abstain,0.5626444752658345,0.9815071659731854
gemini35flash,processed,0.0,20260952,isotonic_direct,original,0.0,0.0
gemini35flash,processed,0.0,20260952,isotonic_direct,penalty_prompt,0.012057327785483074,-0.022958853444290273
gemini35flash,processed,0.0,20260952,isotonic_direct,always_abstain,0.5501618122977346,0.9764216366158114
gemini35flash,processed,0.0,20260952,beta,original,0.0,0.0
gemini35flash,processed,0.0,20260952,beta,penalty_prompt,0.012057327785483074,-0.022958853444290273
gemini35flash,processed,0.0,20260952,beta,always_abstain,0.5501618122977346,0.9764216366158114
gemini35flash,processed,0.0,20260953,isotonic_direct,original,0.0,0.0
gemini35flash,processed,0.0,20260953,isotonic_direct,penalty_prompt,0.014785020804438331,-0.01787332408691622
gemini35flash,processed,0.0,20260953,isotonic_direct,always_abstain,0.555709662505779,0.9815071659731854
gemini35flash,processed,0.0,20260953,beta,original,0.0,0.0
gemini35flash,processed,0.0,20260953,beta,penalty_prompt,0.014785020804438331,-0.01787332408691622
gemini35flash,processed,0.0,20260953,beta,always_abstain,0.555709662505779,0.9815071659731854
gemini35flash,processed,0.0,20260954,isotonic_direct,original,0.0,0.0
gemini35flash,processed,0.0,20260954,isotonic_direct,penalty_prompt,0.013028201571890885,-0.02313453536754506
gemini35flash,processed,0.0,20260954,isotonic_direct,always_abstain,0.5460009246417014,0.9759593157651411
gemini35flash,processed,0.0,20260954,beta,original,0.0,0.0
gemini35flash,processed,0.0,20260954,beta,penalty_prompt,0.013028201571890885,-0.02313453536754506
gemini35flash,processed,0.0,20260954,beta,always_abstain,0.5460009246417014,0.9759593157651411
gemini35flash,processed,0.0,20260955,isotonic_direct,original,0.0,0.0
gemini35flash,processed,0.0,20260955,isotonic_direct,penalty_prompt,0.018631530282015807,-0.021433194637077935
gemini35flash,processed,0.0,20260955,isotonic_direct,always_abstain,0.5584835876098012,0.9773462783171522
gemini35flash,processed,0.0,20260955,beta,original,0.0,0.0
gemini35flash,processed,0.0,20260955,beta,penalty_prompt,0.018631530282015807,-0.021433194637077935
gemini35flash,processed,0.0,20260955,beta,always_abstain,0.5584835876098012,0.9773462783171522
gemini35flash,processed,0.0,20260956,isotonic_direct,original,0.0,0.0
gemini35flash,processed,0.0,20260956,isotonic_direct,penalty_prompt,0.012075820619509958,-0.020730466944059223
gemini35flash,processed,0.0,20260956,isotonic_direct,always_abstain,0.5566343042071198,0.9787332408691632
gemini35flash,processed,0.0,20260956,beta,original,0.0,0.0
gemini35flash,processed,0.0,20260956,beta,penalty_prompt,0.012075820619509958,-0.020730466944059223
gemini35flash,processed,0.0,20260956,beta,always_abstain,0.5566343042071198,0.9787332408691632
gemini35flash,processed,0.0,20260957,isotonic_direct,original,0.0,0.0
gemini35flash,processed,0.0,20260957,isotonic_direct,penalty_prompt,0.010282015718908966,-0.01876098012020333
gemini35flash,processed,0.0,20260957,isotonic_direct,always_abstain,0.5524734165510865,0.9801202034211743
gemini35flash,processed,0.0,20260957,beta,original,0.0,0.0
gemini35flash,processed,0.0,20260957,beta,penalty_prompt,0.010282015718908966,-0.01876098012020333
gemini35flash,processed,0.0,20260957,beta,always_abstain,0.5524734165510865,0.9801202034211743
gemini35flash,processed,0.0,20260958,isotonic_direct,original,0.0,0.0
gemini35flash,processed,0.0,20260958,isotonic_direct,penalty_prompt,0.015654184003698557,-0.019195561719833498
gemini35flash,processed,0.0,20260958,isotonic_direct,always_abstain,0.5603328710124826,0.9801202034211743
gemini35flash,processed,0.0,20260958,beta,original,0.0,0.0
gemini35flash,processed,0.0,20260958,beta,penalty_prompt,0.015654184003698557,-0.019195561719833498
gemini35flash,processed,0.0,20260958,beta,always_abstain,0.5603328710124826,0.9801202034211743
gemini35flash,processed,0.0,20260959,isotonic_direct,original,0.0,0.0
gemini35flash,processed,0.0,20260959,isotonic_direct,penalty_prompt,0.010762829403606067,-0.02210818307905693
gemini35flash,processed,0.0,20260959,isotonic_direct,always_abstain,0.5339805825242718,0.9773462783171522
gemini35flash,processed,0.0,20260959,beta,original,0.0,0.0
gemini35flash,processed,0.0,20260959,beta,penalty_prompt,0.010762829403606067,-0.02210818307905693
gemini35flash,processed,0.0,20260959,beta,always_abstain,0.5339805825242718,0.9773462783171522
gemini35flash,processed,0.0,20260960,isotonic_direct,original,0.0,0.0
gemini35flash,processed,0.0,20260960,isotonic_direct,penalty_prompt,0.014895977808599192,-0.02265372168284785
gemini35flash,processed,0.0,20260960,isotonic_direct,always_abstain,0.5561719833564494,0.9764216366158114
gemini35flash,processed,0.0,20260960,beta,original,0.0,0.0
gemini35flash,processed,0.0,20260960,beta,penalty_prompt,0.014895977808599192,-0.02265372168284785
gemini35flash,processed,0.0,20260960,beta,always_abstain,0.5561719833564494,0.9764216366158114
gemini35flash,processed,0.0,20260961,isotonic_direct,original,0.0,0.0
gemini35flash,processed,0.0,20260961,isotonic_direct,penalty_prompt,0.021950993989828915,-0.021276005547850252
gemini35flash,processed,0.0,20260961,isotonic_direct,always_abstain,0.555709662505779,0.9782709200184928
gemini35flash,processed,0.0,20260961,beta,original,0.0,0.0
gemini35flash,processed,0.0,20260961,beta,penalty_prompt,0.021950993989828915,-0.021276005547850252
gemini35flash,processed,0.0,20260961,beta,always_abstain,0.555709662505779,0.9782709200184928
gemini35flash,processed,0.0,20260962,isotonic_direct,original,0.0,0.0
gemini35flash,processed,0.0,20260962,isotonic_direct,penalty_prompt,0.018760980120203552,-0.01784558483587606
gemini35flash,processed,0.0,20260962,isotonic_direct,always_abstain,0.5524734165510865,0.9819694868238558
gemini35flash,processed,0.0,20260962,beta,original,0.0,0.0
gemini35flash,processed,0.0,20260962,beta,penalty_prompt,0.018760980120203552,-0.01784558483587606
gemini35flash,processed,0.0,20260962,beta,always_abstain,0.5524734165510865,0.9819694868238558
gemini35flash,processed,0.0,20260963,isotonic_direct,original,0.0,0.0
gemini35flash,processed,0.0,20260963,isotonic_direct,penalty_prompt,0.008700878409616308,-0.020665742024965406
gemini35flash,processed,0.0,20260963,isotonic_direct,always_abstain,0.5483125288950532,0.9787332408691632
gemini35flash,processed,0.0,20260963,beta,original,0.0,0.0
gemini35flash,processed,0.0,20260963,beta,penalty_prompt,0.008700878409616308,-0.020665742024965406
gemini35flash,processed,0.0,20260963,beta,always_abstain,0.5483125288950532,0.9787332408691632
gemini35flash,processed,0.0,20260964,isotonic_direct,original,0.0,0.0
gemini35flash,processed,0.0,20260964,isotonic_direct,penalty_prompt,0.018085991678224667,-0.022015718908922732
gemini35flash,processed,0.0,20260964,isotonic_direct,always_abstain,0.550624133148405,0.9773462783171522
gemini35flash,processed,0.0,20260964,beta,original,0.0,0.0
gemini35flash,processed,0.0,20260964,beta,penalty_prompt,0.018085991678224667,-0.022015718908922732
gemini35flash,processed,0.0,20260964,beta,always_abstain,0.550624133148405,0.9773462783171522
gemini35flash,processed,0.0,20260965,isotonic_direct,original,0.0,0.0
gemini35flash,processed,0.0,20260965,isotonic_direct,penalty_prompt,0.020573277854831318,-0.02070272769301884
gemini35flash,processed,0.0,20260965,isotonic_direct,always_abstain,0.559408229311142,0.9787332408691632
gemini35flash,processed,0.0,20260965,beta,original,0.0,0.0
gemini35flash,processed,0.0,20260965,beta,penalty_prompt,0.020573277854831318,-0.02070272769301884
gemini35flash,processed,0.0,20260965,beta,always_abstain,0.559408229311142,0.9787332408691632
gemini35flash,processed,0.0,20260966,isotonic_direct,original,0.0,0.0
gemini35flash,processed,0.0,20260966,isotonic_direct,penalty_prompt,0.011132686084142418,-0.023153028201571835
gemini35flash,processed,0.0,20260966,isotonic_direct,always_abstain,0.5575589459084604,0.9764216366158114
gemini35flash,processed,0.0,20260966,beta,original,0.0,0.0
gemini35flash,processed,0.0,20260966,beta,penalty_prompt,0.011132686084142418,-0.023153028201571835
gemini35flash,processed,0.0,20260966,beta,always_abstain,0.5575589459084604,0.9764216366158114
gemini35flash,processed,0.0,20260967,isotonic_direct,original,0.0,0.0
gemini35flash,processed,0.0,20260967,isotonic_direct,penalty_prompt,0.015395284327323289,-0.020231160425335015
gemini35flash,processed,0.0,20260967,isotonic_direct,always_abstain,0.5515487748497457,0.9787332408691632
gemini35flash,processed,0.0,20260967,beta,original,0.0,0.0
gemini35flash,processed,0.0,20260967,beta,penalty_prompt,0.015395284327323289,-0.020231160425335015
gemini35flash,processed,0.0,20260967,beta,always_abstain,0.5515487748497457,0.9787332408691632
gemini35flash,processed,0.0,20260968,isotonic_direct,original,0.0,0.0
gemini35flash,processed,0.0,20260968,isotonic_direct,penalty_prompt,0.01301895515487761,-0.021211280628756435
gemini35flash,processed,0.0,20260968,isotonic_direct,always_abstain,0.550624133148405,0.9778085991678225
gemini35flash,processed,0.0,20260968,beta,original,0.0,0.0
gemini35flash,processed,0.0,20260968,beta,penalty_prompt,0.01301895515487761,-0.021211280628756435
gemini35flash,processed,0.0,20260968,beta,always_abstain,0.550624133148405,0.9778085991678225
gemini35flash,processed,0.0,20260969,isotonic_direct,original,0.0,0.0
gemini35flash,processed,0.0,20260969,isotonic_direct,penalty_prompt,0.019038372630605593,-0.021950993989829026
gemini35flash,processed,0.0,20260969,isotonic_direct,always_abstain,0.5492371705963939,0.9768839574664817
gemini35flash,processed,0.0,20260969,beta,original,0.0,0.0
gemini35flash,processed,0.0,20260969,beta,penalty_prompt,0.019038372630605593,-0.021950993989829026
gemini35flash,processed,0.0,20260969,beta,always_abstain,0.5492371705963939,0.9768839574664817
gemini35flash,processed,0.0,20260970,isotonic_direct,original,0.0,0.0
gemini35flash,processed,0.0,20260970,isotonic_direct,penalty_prompt,0.0220527045769765,-0.018548312528894995
gemini35flash,processed,0.0,20260970,isotonic_direct,always_abstain,0.5538603791030976,0.9805825242718447
gemini35flash,processed,0.0,20260970,beta,original,0.0,0.0
gemini35flash,processed,0.0,20260970,beta,penalty_prompt,0.0220527045769765,-0.018548312528894995
gemini35flash,processed,0.0,20260970,beta,always_abstain,0.5538603791030976,0.9805825242718447
gemini35flash,processed,0.0,20260971,isotonic_direct,original,0.0,0.0
gemini35flash,processed,0.0,20260971,isotonic_direct,penalty_prompt,0.018770226537216828,-0.02071197411003245
gemini35flash,processed,0.0,20260971,isotonic_direct,always_abstain,0.5496994914470643,0.9787332408691632
gemini35flash,processed,0.0,20260971,beta,original,0.0,0.0
gemini35flash,processed,0.0,20260971,beta,penalty_prompt,0.018770226537216828,-0.02071197411003245
gemini35flash,processed,0.0,20260971,beta,always_abstain,0.5496994914470643,0.9787332408691632
gemini35flash,processed,0.0,20260972,isotonic_direct,original,0.0,0.0
gemini35flash,processed,0.0,20260972,isotonic_direct,penalty_prompt,0.013684697179842775,-0.019537679149329468
gemini35flash,processed,0.0,20260972,isotonic_direct,always_abstain,0.5446139620896903,0.9791955617198336
gemini35flash,processed,0.0,20260972,beta,original,0.0,0.0
gemini35flash,processed,0.0,20260972,beta,penalty_prompt,0.013684697179842775,-0.019537679149329468
gemini35flash,processed,0.0,20260972,beta,always_abstain,0.5446139620896903,0.9791955617198336
gemini35flash,processed,0.0,20260973,isotonic_direct,original,0.0,0.0
gemini35flash,processed,0.0,20260973,isotonic_direct,penalty_prompt,0.012972723069810344,-0.019454461396208877
gemini35flash,processed,0.0,20260973,isotonic_direct,always_abstain,0.5589459084604715,0.9801202034211743
gemini35flash,processed,0.0,20260973,beta,original,0.0,0.0
gemini35flash,processed,0.0,20260973,beta,penalty_prompt,0.012972723069810344,-0.019454461396208877
gemini35flash,processed,0.0,20260973,beta,always_abstain,0.5589459084604715,0.9801202034211743
gemini35flash,processed,0.0,20260974,isotonic_direct,original,0.0,0.0
gemini35flash,processed,0.0,20260974,isotonic_direct,penalty_prompt,0.00586222838650019,-0.02088765603328724
gemini35flash,processed,0.0,20260974,isotonic_direct,always_abstain,0.5483125288950532,0.9782709200184928
gemini35flash,processed,0.0,20260974,beta,original,0.0,0.0
gemini35flash,processed,0.0,20260974,beta,penalty_prompt,0.00586222838650019,-0.02088765603328724
gemini35flash,processed,0.0,20260974,beta,always_abstain,0.5483125288950532,0.9782709200184928
gemini35flash,processed,0.0,20260975,isotonic_direct,original,0.0,0.0
gemini35flash,processed,0.0,20260975,isotonic_direct,penalty_prompt,0.01825242718446607,-0.021063337956541806
gemini35flash,processed,0.0,20260975,isotonic_direct,always_abstain,0.5570966250577901,0.9782709200184928
gemini35flash,processed,0.0,20260975,beta,original,0.0,0.0
gemini35flash,processed,0.0,20260975,beta,penalty_prompt,0.01825242718446607,-0.021063337956541806
gemini35flash,processed,0.0,20260975,beta,always_abstain,0.5570966250577901,0.9782709200184928
gemini35flash,processed,0.0,20260976,isotonic_direct,original,0.0,0.0
gemini35flash,processed,0.0,20260976,isotonic_direct,penalty_prompt,0.010688858067498974,-0.02013869625520115
gemini35flash,processed,0.0,20260976,isotonic_direct,always_abstain,0.5496994914470643,0.9796578825705039
gemini35flash,processed,0.0,20260976,beta,original,0.0,0.0
gemini35flash,processed,0.0,20260976,beta,penalty_prompt,0.010688858067498974,-0.02013869625520115
gemini35flash,processed,0.0,20260976,beta,always_abstain,0.5496994914470643,0.9796578825705039
gemini35flash,processed,0.0,20260977,isotonic_direct,original,0.0,0.0
gemini35flash,processed,0.0,20260977,isotonic_direct,penalty_prompt,0.018465094775774404,-0.0217013407304667
gemini35flash,processed,0.0,20260977,isotonic_direct,always_abstain,0.5460009246417014,0.9778085991678225
gemini35flash,processed,0.0,20260977,beta,original,0.0,0.0
gemini35flash,processed,0.0,20260977,beta,penalty_prompt,0.018465094775774404,-0.0217013407304667
gemini35flash,processed,0.0,20260977,beta,always_abstain,0.5460009246417014,0.9778085991678225
gemini35flash,processed,0.0,20260978,isotonic_direct,original,0.0,0.0
gemini35flash,processed,0.0,20260978,isotonic_direct,penalty_prompt,0.012057327785483074,-0.02011095700416088
gemini35flash,processed,0.0,20260978,isotonic_direct,always_abstain,0.56957928802589,0.9791955617198336
gemini35flash,processed,0.0,20260978,beta,original,0.0,0.0
gemini35flash,processed,0.0,20260978,beta,penalty_prompt,0.012057327785483074,-0.02011095700416088
gemini35flash,processed,0.0,20260978,beta,always_abstain,0.56957928802589,0.9791955617198336
gemini35flash,processed,0.0,20260979,isotonic_direct,original,0.0,0.0
gemini35flash,processed,0.0,20260979,isotonic_direct,penalty_prompt,0.01418400369856676,-0.021072584373555192
gemini35flash,processed,0.0,20260979,isotonic_direct,always_abstain,0.5547850208044383,0.9778085991678225
gemini35flash,processed,0.0,20260979,beta,original,0.0,0.0
gemini35flash,processed,0.0,20260979,beta,penalty_prompt,0.01418400369856676,-0.021072584373555192
gemini35flash,processed,0.0,20260979,beta,always_abstain,0.5547850208044383,0.9778085991678225
gemini35flash,processed,0.0,20260980,isotonic_direct,original,0.0,0.0
gemini35flash,processed,0.0,20260980,isotonic_direct,penalty_prompt,0.015663430420712054,-0.018492834026814564
gemini35flash,processed,0.0,20260980,isotonic_direct,always_abstain,0.5460009246417014,0.9805825242718447
gemini35flash,processed,0.0,20260980,beta,original,0.0,0.0
gemini35flash,processed,0.0,20260980,beta,penalty_prompt,0.015663430420712054,-0.018492834026814564
gemini35flash,processed,0.0,20260980,beta,always_abstain,0.5460009246417014,0.9805825242718447
gemini35flash,processed,0.0,20260981,isotonic_direct,original,0.0,0.0
gemini35flash,processed,0.0,20260981,isotonic_direct,penalty_prompt,0.017716134997688426,-0.023069810448451245
gemini35flash,processed,0.0,20260981,isotonic_direct,always_abstain,0.5436893203883495,0.9759593157651411
gemini35flash,processed,0.0,20260981,beta,original,0.0,0.0
gemini35flash,processed,0.0,20260981,beta,penalty_prompt,0.017716134997688426,-0.023069810448451245
gemini35flash,processed,0.0,20260981,beta,always_abstain,0.5436893203883495,0.9759593157651411
gemini35flash,processed,0.0,20260982,isotonic_direct,original,0.0,0.0
gemini35flash,processed,0.0,20260982,isotonic_direct,penalty_prompt,0.016726768377253842,-0.02180305131761462
gemini35flash,processed,0.0,20260982,isotonic_direct,always_abstain,0.5617198335644937,0.9768839574664817
gemini35flash,processed,0.0,20260982,beta,original,0.0,0.0
gemini35flash,processed,0.0,20260982,beta,penalty_prompt,0.016726768377253842,-0.02180305131761462
gemini35flash,processed,0.0,20260982,beta,always_abstain,0.5617198335644937,0.9768839574664817
gemini35flash,processed,0.0,20260983,isotonic_direct,original,0.0,0.0
gemini35flash,processed,0.0,20260983,isotonic_direct,penalty_prompt,0.014202496532593645,-0.02191400832177537
gemini35flash,processed,0.0,20260983,isotonic_direct,always_abstain,0.5501618122977346,0.9778085991678225
gemini35flash,processed,0.0,20260983,beta,original,0.0,0.0
gemini35flash,processed,0.0,20260983,beta,penalty_prompt,0.014202496532593645,-0.02191400832177537
gemini35flash,processed,0.0,20260983,beta,always_abstain,0.5501618122977346,0.9778085991678225
gemini35flash,processed,0.0,20260984,isotonic_direct,original,0.0,0.0
gemini35flash,processed,0.0,20260984,isotonic_direct,penalty_prompt,0.02004623208506706,-0.021516412390198858
gemini35flash,processed,0.0,20260984,isotonic_direct,always_abstain,0.5372168284789643,0.9782709200184928
gemini35flash,processed,0.0,20260984,beta,original,0.0,0.0
gemini35flash,processed,0.0,20260984,beta,penalty_prompt,0.02004623208506706,-0.021516412390198858
gemini35flash,processed,0.0,20260984,beta,always_abstain,0.5372168284789643,0.9782709200184928
gemini35flash,processed,0.0,20260985,isotonic_direct,original,0.0,0.0
gemini35flash,processed,0.0,20260985,isotonic_direct,penalty_prompt,0.013638465094775731,-0.024613962089690133
gemini35flash,processed,0.0,20260985,isotonic_direct,always_abstain,0.5413777161349976,0.97457235321313
gemini35flash,processed,0.0,20260985,beta,original,0.0,0.0
gemini35flash,processed,0.0,20260985,beta,penalty_prompt,0.013638465094775731,-0.024613962089690133
gemini35flash,processed,0.0,20260985,beta,always_abstain,0.5413777161349976,0.97457235321313
gemini35flash,processed,0.0,20260986,isotonic_direct,original,0.0,0.0
gemini35flash,processed,0.0,20260986,isotonic_direct,penalty_prompt,0.017882570503929718,-0.019491447064262535
gemini35flash,processed,0.0,20260986,isotonic_direct,always_abstain,0.5483125288950532,0.9791955617198336
gemini35flash,processed,0.0,20260986,beta,original,0.0,0.0
gemini35flash,processed,0.0,20260986,beta,penalty_prompt,0.017882570503929718,-0.019491447064262535
gemini35flash,processed,0.0,20260986,beta,always_abstain,0.5483125288950532,0.9791955617198336
gemini35flash,processed,0.0,20260987,isotonic_direct,original,0.0,0.0
gemini35flash,processed,0.0,20260987,isotonic_direct,penalty_prompt,0.013915857605177884,-0.0224503005085529
gemini35flash,processed,0.0,20260987,isotonic_direct,always_abstain,0.5423023578363384,0.9768839574664817
gemini35flash,processed,0.0,20260987,beta,original,0.0,0.0
gemini35flash,processed,0.0,20260987,beta,penalty_prompt,0.013915857605177884,-0.0224503005085529
gemini35flash,processed,0.0,20260987,beta,always_abstain,0.5423023578363384,0.9768839574664817
gemini35flash,processed,0.0,20260988,isotonic_direct,original,0.0,0.0
gemini35flash,processed,0.0,20260988,isotonic_direct,penalty_prompt,0.014378178455848323,-0.025862228386500208
gemini35flash,processed,0.0,20260988,isotonic_direct,always_abstain,0.5483125288950532,0.9736477115117892
gemini35flash,processed,0.0,20260988,beta,original,0.0,0.0
gemini35flash,processed,0.0,20260988,beta,penalty_prompt,0.014378178455848323,-0.025862228386500208
gemini35flash,processed,0.0,20260988,beta,always_abstain,0.5483125288950532,0.9736477115117892
gemini35flash,processed,0.0,20260989,isotonic_direct,original,0.0,0.0
gemini35flash,processed,0.0,20260989,isotonic_direct,penalty_prompt,0.015469255663430492,-0.02494683310217294
gemini35flash,processed,0.0,20260989,isotonic_direct,always_abstain,0.559408229311142,0.9741100323624595
gemini35flash,processed,0.0,20260989,beta,original,0.0,0.0
gemini35flash,processed,0.0,20260989,beta,penalty_prompt,0.015469255663430492,-0.02494683310217294
gemini35flash,processed,0.0,20260989,beta,always_abstain,0.559408229311142,0.9741100323624595
gemini35flash,processed,0.0,20260990,isotonic_direct,original,0.0,0.0
gemini35flash,processed,0.0,20260990,isotonic_direct,penalty_prompt,0.01762367082755434,-0.020286638927415668
gemini35flash,processed,0.0,20260990,isotonic_direct,always_abstain,0.5566343042071198,0.9791955617198336
gemini35flash,processed,0.0,20260990,beta,original,0.0,0.0
gemini35flash,processed,0.0,20260990,beta,penalty_prompt,0.01762367082755434,-0.020286638927415668
gemini35flash,processed,0.0,20260990,beta,always_abstain,0.5566343042071198,0.9791955617198336
gemini35flash,processed,0.0,20260991,isotonic_direct,original,0.0,0.0
gemini35flash,processed,0.0,20260991,isotonic_direct,penalty_prompt,0.016782246879334384,-0.016662043458159914
gemini35flash,processed,0.0,20260991,isotonic_direct,always_abstain,0.5570966250577901,0.9828941285251965
gemini35flash,processed,0.0,20260991,beta,original,0.0,0.0
gemini35flash,processed,0.0,20260991,beta,penalty_prompt,0.016782246879334384,-0.016662043458159914
gemini35flash,processed,0.0,20260991,beta,always_abstain,0.5570966250577901,0.9828941285251965
gemini35flash,processed,0.0,20260992,isotonic_direct,original,0.0,0.0
gemini35flash,processed,0.0,20260992,isotonic_direct,penalty_prompt,0.01922330097087377,-0.02173832639852047
gemini35flash,processed,0.0,20260992,isotonic_direct,always_abstain,0.5575589459084604,0.9773462783171522
gemini35flash,processed,0.0,20260992,beta,original,0.0,0.0
gemini35flash,processed,0.0,20260992,beta,penalty_prompt,0.01922330097087377,-0.02173832639852047
gemini35flash,processed,0.0,20260992,beta,always_abstain,0.5575589459084604,0.9773462783171522
gemini35flash,processed,0.0,20260993,isotonic_direct,original,0.0,0.0
gemini35flash,processed,0.0,20260993,isotonic_direct,penalty_prompt,0.0182246879334258,-0.021266759130836865
gemini35flash,processed,0.0,20260993,isotonic_direct,always_abstain,0.5672676837725381,0.9782709200184928
gemini35flash,processed,0.0,20260993,beta,original,0.0,0.0
gemini35flash,processed,0.0,20260993,beta,penalty_prompt,0.0182246879334258,-0.021266759130836865
gemini35flash,processed,0.0,20260993,beta,always_abstain,0.5672676837725381,0.9782709200184928
gemini35flash,processed,0.0,20260994,isotonic_direct,original,0.0,0.0
gemini35flash,processed,0.0,20260994,isotonic_direct,penalty_prompt,0.014507628294036179,-0.023069810448451245
gemini35flash,processed,0.0,20260994,isotonic_direct,always_abstain,0.5552473416551087,0.9759593157651411
gemini35flash,processed,0.0,20260994,beta,original,0.0,0.0
gemini35flash,processed,0.0,20260994,beta,penalty_prompt,0.014507628294036179,-0.023069810448451245
gemini35flash,processed,0.0,20260994,beta,always_abstain,0.5552473416551087,0.9759593157651411
gemini35flash,processed,0.0,20260995,isotonic_direct,original,0.0,0.0
gemini35flash,processed,0.0,20260995,isotonic_direct,penalty_prompt,0.014692556634304133,-0.022071197411003163
gemini35flash,processed,0.0,20260995,isotonic_direct,always_abstain,0.5409153952843273,0.9768839574664817
gemini35flash,processed,0.0,20260995,beta,original,0.0,0.0
gemini35flash,processed,0.0,20260995,beta,penalty_prompt,0.014692556634304133,-0.022071197411003163
gemini35flash,processed,0.0,20260995,beta,always_abstain,0.5409153952843273,0.9768839574664817
gemini35flash,processed,0.0,20260996,isotonic_direct,original,0.0,0.0
gemini35flash,processed,0.0,20260996,isotonic_direct,penalty_prompt,0.015654184003698668,-0.022690707350901507
gemini35flash,processed,0.0,20260996,isotonic_direct,always_abstain,0.5460009246417014,0.9764216366158114
gemini35flash,processed,0.0,20260996,beta,original,0.0,0.0
gemini35flash,processed,0.0,20260996,beta,penalty_prompt,0.015654184003698668,-0.022690707350901507
gemini35flash,processed,0.0,20260996,beta,always_abstain,0.5460009246417014,0.9764216366158114
gemini35flash,processed,0.0,20260997,isotonic_direct,original,0.0,0.0
gemini35flash,processed,0.0,20260997,isotonic_direct,penalty_prompt,0.01215903837263066,-0.022357836338418924
gemini35flash,processed,0.0,20260997,isotonic_direct,always_abstain,0.5381414701803051,0.9764216366158114
gemini35flash,processed,0.0,20260997,beta,original,0.0,0.0
gemini35flash,processed,0.0,20260997,beta,penalty_prompt,0.01215903837263066,-0.022357836338418924
gemini35flash,processed,0.0,20260997,beta,always_abstain,0.5381414701803051,0.9764216366158114
gemini35flash,processed,0.0,20260998,isotonic_direct,original,0.0,0.0
gemini35flash,processed,0.0,20260998,isotonic_direct,penalty_prompt,0.01315765141007863,-0.020674988441978792
gemini35flash,processed,0.0,20260998,isotonic_direct,always_abstain,0.5436893203883495,0.9787332408691632
gemini35flash,processed,0.0,20260998,beta,original,0.0,0.0
gemini35flash,processed,0.0,20260998,beta,penalty_prompt,0.01315765141007863,-0.020674988441978792
gemini35flash,processed,0.0,20260998,beta,always_abstain,0.5436893203883495,0.9787332408691632
gemini35flash,processed,0.0,20260999,isotonic_direct,original,0.0,0.0
gemini35flash,processed,0.0,20260999,isotonic_direct,penalty_prompt,0.01449838187702257,-0.023273231622746193
gemini35flash,processed,0.0,20260999,isotonic_direct,always_abstain,0.5520110957004161,0.9759593157651411
gemini35flash,processed,0.0,20260999,beta,original,0.0,0.0
gemini35flash,processed,0.0,20260999,beta,penalty_prompt,0.01449838187702257,-0.023273231622746193
gemini35flash,processed,0.0,20260999,beta,always_abstain,0.5520110957004161,0.9759593157651411
gemini35flash,processed,0.0,20261000,isotonic_direct,original,0.0,0.0
gemini35flash,processed,0.0,20261000,isotonic_direct,penalty_prompt,0.017059639389736536,-0.021627369394359497
gemini35flash,processed,0.0,20261000,isotonic_direct,always_abstain,0.5580212667591309,0.9773462783171522
gemini35flash,processed,0.0,20261000,beta,original,0.0,0.0
gemini35flash,processed,0.0,20261000,beta,penalty_prompt,0.017059639389736536,-0.021627369394359497
gemini35flash,processed,0.0,20261000,beta,always_abstain,0.5580212667591309,0.9773462783171522
gemini35flash,processed,0.0,20261001,isotonic_direct,original,0.0,0.0
gemini35flash,processed,0.0,20261001,isotonic_direct,penalty_prompt,0.016920943134535404,-0.02030513176144244
gemini35flash,processed,0.0,20261001,isotonic_direct,always_abstain,0.5607951918631531,0.9787332408691632
gemini35flash,processed,0.0,20261001,beta,original,0.0,0.0
gemini35flash,processed,0.0,20261001,beta,penalty_prompt,0.016920943134535404,-0.02030513176144244
gemini35flash,processed,0.0,20261001,beta,always_abstain,0.5607951918631531,0.9787332408691632
gemini35flash,processed,0.0,20261002,isotonic_direct,original,0.0,0.0
gemini35flash,processed,0.0,20261002,isotonic_direct,penalty_prompt,0.00640776699029133,-0.02291262135922323
gemini35flash,processed,0.0,20261002,isotonic_direct,always_abstain,0.5510864539990754,0.9759593157651411
gemini35flash,processed,0.0,20261002,beta,original,0.0,0.0
gemini35flash,processed,0.0,20261002,beta,penalty_prompt,0.00640776699029133,-0.02291262135922323
gemini35flash,processed,0.0,20261002,beta,always_abstain,0.5510864539990754,0.9759593157651411
gemini35flash,processed,0.0,20261003,isotonic_direct,original,0.0,0.0
gemini35flash,processed,0.0,20261003,isotonic_direct,penalty_prompt,0.02479889042995831,-0.021849283402681552
gemini35flash,processed,0.0,20261003,isotonic_direct,always_abstain,0.5520110957004161,0.9773462783171522
gemini35flash,processed,0.0,20261003,beta,original,0.0,0.0
gemini35flash,processed,0.0,20261003,beta,penalty_prompt,0.02479889042995831,-0.021849283402681552
gemini35flash,processed,0.0,20261003,beta,always_abstain,0.5520110957004161,0.9773462783171522
gemini35flash,processed,0.0,20261004,isotonic_direct,original,0.0,0.0
gemini35flash,processed,0.0,20261004,isotonic_direct,penalty_prompt,0.01779010633379563,-0.023467406380027755
gemini35flash,processed,0.0,20261004,isotonic_direct,always_abstain,0.5640314378178456,0.9759593157651411
gemini35flash,processed,0.0,20261004,beta,original,0.0,0.0
gemini35flash,processed,0.0,20261004,beta,penalty_prompt,0.01779010633379563,-0.023467406380027755
gemini35flash,processed,0.0,20261004,beta,always_abstain,0.5640314378178456,0.9759593157651411
gemini35flash,processed,0.0,20261005,isotonic_direct,original,0.0,0.0
gemini35flash,processed,0.0,20261005,isotonic_direct,penalty_prompt,0.014294960702727733,-0.02348589921405464
gemini35flash,processed,0.0,20261005,isotonic_direct,always_abstain,0.5469255663430421,0.9764216366158114
gemini35flash,processed,0.0,20261005,beta,original,0.0,0.0
gemini35flash,processed,0.0,20261005,beta,penalty_prompt,0.014294960702727733,-0.02348589921405464
gemini35flash,processed,0.0,20261005,beta,always_abstain,0.5469255663430421,0.9764216366158114
gemini35flash,processed,0.0,20261006,isotonic_direct,original,0.0,0.0
gemini35flash,processed,0.0,20261006,isotonic_direct,penalty_prompt,0.011484049930651885,-0.021618122977346443
gemini35flash,processed,0.0,20261006,isotonic_direct,always_abstain,0.5478502080443828,0.9768839574664817
gemini35flash,processed,0.0,20261006,beta,original,0.0,0.0
gemini35flash,processed,0.0,20261006,beta,penalty_prompt,0.011484049930651885,-0.021618122977346443
gemini35flash,processed,0.0,20261006,beta,always_abstain,0.5478502080443828,0.9768839574664817
gemini35flash,processed,0.0,20261007,isotonic_direct,original,0.0,0.0
gemini35flash,processed,0.0,20261007,isotonic_direct,penalty_prompt,0.011881645862228396,-0.019103097549699632
gemini35flash,processed,0.0,20261007,isotonic_direct,always_abstain,0.5492371705963939,0.9796578825705039
gemini35flash,processed,0.0,20261007,beta,original,0.0,0.0
gemini35flash,processed,0.0,20261007,beta,penalty_prompt,0.011881645862228396,-0.019103097549699632
gemini35flash,processed,0.0,20261007,beta,always_abstain,0.5492371705963939,0.9796578825705039
gemini35flash,processed,0.0,20261008,isotonic_direct,original,0.0,0.0
gemini35flash,processed,0.0,20261008,isotonic_direct,penalty_prompt,0.016689782709200185,-0.019112343966712908
gemini35flash,processed,0.0,20261008,isotonic_direct,always_abstain,0.5515487748497457,0.9801202034211743
gemini35flash,processed,0.0,20261008,beta,original,0.0,0.0
gemini35flash,processed,0.0,20261008,beta,penalty_prompt,0.016689782709200185,-0.019112343966712908
gemini35flash,processed,0.0,20261008,beta,always_abstain,0.5515487748497457,0.9801202034211743
gemini35flash,processed,0.0,20261009,isotonic_direct,original,0.0,0.0
gemini35flash,processed,0.0,20261009,isotonic_direct,penalty_prompt,0.013250115580212718,-0.023190013869625603
gemini35flash,processed,0.0,20261009,isotonic_direct,always_abstain,0.5529357374017568,0.9759593157651411
gemini35flash,processed,0.0,20261009,beta,original,0.0,0.0
gemini35flash,processed,0.0,20261009,beta,penalty_prompt,0.013250115580212718,-0.023190013869625603
gemini35flash,processed,0.0,20261009,beta,always_abstain,0.5529357374017568,0.9759593157651411
gemini35flash,processed,0.0,20261010,isotonic_direct,original,0.0,0.0
gemini35flash,processed,0.0,20261010,isotonic_direct,penalty_prompt,0.012769301895515506,-0.02093388811835406
gemini35flash,processed,0.0,20261010,isotonic_direct,always_abstain,0.5487748497457235,0.9782709200184928
gemini35flash,processed,0.0,20261010,beta,original,0.0,0.0
gemini35flash,processed,0.0,20261010,beta,penalty_prompt,0.012769301895515506,-0.02093388811835406
gemini35flash,processed,0.0,20261010,beta,always_abstain,0.5487748497457235,0.9782709200184928
gemini35flash,processed,0.0,20261011,isotonic_direct,original,0.0,0.0
gemini35flash,processed,0.0,20261011,isotonic_direct,penalty_prompt,0.01693018955154868,-0.019778085991678074
gemini35flash,processed,0.0,20261011,isotonic_direct,always_abstain,0.5450762829403606,0.9791955617198336
gemini35flash,processed,0.0,20261011,beta,original,0.0,0.0
gemini35flash,processed,0.0,20261011,beta,penalty_prompt,0.01693018955154868,-0.019778085991678074
gemini35flash,processed,0.0,20261011,beta,always_abstain,0.5450762829403606,0.9791955617198336
gemini35flash,processed,0.0,20261012,isotonic_direct,original,0.0,0.0
gemini35flash,processed,0.0,20261012,isotonic_direct,penalty_prompt,0.016384650947757762,-0.023578363384188616
gemini35flash,processed,0.0,20261012,isotonic_direct,always_abstain,0.536754507628294,0.9754969949144706
gemini35flash,processed,0.0,20261012,beta,original,0.0,0.0
gemini35flash,processed,0.0,20261012,beta,penalty_prompt,0.016384650947757762,-0.023578363384188616
gemini35flash,processed,0.0,20261012,beta,always_abstain,0.536754507628294,0.9754969949144706
gemini35flash,processed,3.0,20260913,isotonic_direct,original,0.1396208969024503,-0.3208506703652335
gemini35flash,processed,3.0,20260913,isotonic_direct,penalty_prompt,0.5879519186315302,-0.6353860379103099
gemini35flash,processed,3.0,20260913,isotonic_direct,always_abstain,0.07535829865926953,0.2140545538603791
gemini35flash,processed,3.0,20260913,beta,original,0.1396208969024503,-0.3208506703652335
gemini35flash,processed,3.0,20260913,beta,penalty_prompt,0.5879519186315302,-0.6353860379103099
gemini35flash,processed,3.0,20260913,beta,always_abstain,0.07535829865926953,0.2140545538603791
gemini35flash,processed,3.0,20260914,isotonic_direct,original,0.1312991215903837,-0.34026814609338885
gemini35flash,processed,3.0,20260914,isotonic_direct,penalty_prompt,0.5742302357836339,-0.6538049006010171
gemini35flash,processed,3.0,20260914,isotonic_direct,always_abstain,0.07489597780859916,0.20434581599630144
gemini35flash,processed,3.0,20260914,beta,original,0.13083680073971338,-0.3407304669440592
gemini35flash,processed,3.0,20260914,beta,penalty_prompt,0.5737679149329635,-0.6542672214516875
gemini35flash,processed,3.0,20260914,beta,always_abstain,0.0744336569579288,0.20388349514563106
gemini35flash,processed,3.0,20260915,isotonic_direct,original,0.1567267683772538,-0.34627831715210355
gemini35flash,processed,3.0,20260915,isotonic_direct,penalty_prompt,0.5850670365233472,-0.6489227924179379
gemini35flash,processed,3.0,20260915,isotonic_direct,always_abstain,0.09431345353675451,0.20527045769764216
gemini35flash,processed,3.0,20260915,beta,original,0.15626444752658344,-0.34674063800277394
gemini35flash,processed,3.0,20260915,beta,penalty_prompt,0.5846047156726768,-0.6493851132686084
gemini35flash,processed,3.0,20260915,beta,always_abstain,0.09385113268608414,0.2048081368469718
gemini35flash,processed,3.0,20260916,isotonic_direct,original,0.11188164586222839,-0.22653721682847894
gemini35flash,processed,3.0,20260916,isotonic_direct,penalty_prompt,0.5751918631530282,-0.5495792880258901
gemini35flash,processed,3.0,20260916,isotonic_direct,always_abstain,0.04946833102172908,0.3046694405917707
gemini35flash,processed,3.0,20260916,beta,original,0.13222376329172447,-0.3282478039759593
gemini35flash,processed,3.0,20260916,beta,penalty_prompt,0.5955339805825243,-0.6512898751733704
gemini35flash,processed,3.0,20260916,beta,always_abstain,0.06981044845122515,0.20295885344429035
gemini35flash,processed,3.0,20260917,isotonic_direct,original,0.1488673139158576,-0.22468793342579751
gemini35flash,processed,3.0,20260917,isotonic_direct,penalty_prompt,0.5819602404068424,-0.5270550161812297
gemini35flash,processed,3.0,20260917,isotonic_direct,always_abstain,0.077207582061951,0.32131299121590384
gemini35flash,processed,3.0,20260917,beta,original,0.15857605177993528,-0.3296347665279704
gemini35flash,processed,3.0,20260917,beta,penalty_prompt,0.59166897827092,-0.6320018492834026
gemini35flash,processed,3.0,20260917,beta,always_abstain,0.08691631992602866,0.21636615811373092
gemini35flash,processed,3.0,20260918,isotonic_direct,original,0.11234396671289876,-0.33333333333333326
gemini35flash,processed,3.0,20260918,isotonic_direct,penalty_prompt,0.582293111419325,-0.6396763754045307
gemini35flash,processed,3.0,20260918,isotonic_direct,always_abstain,0.06981044845122515,0.20665742024965325
gemini35flash,processed,3.0,20260918,beta,original,0.11188164586222837,-0.33379565418400364
gemini35flash,processed,3.0,20260918,beta,penalty_prompt,0.5818307905686546,-0.6401386962552011
gemini35flash,processed,3.0,20260918,beta,always_abstain,0.06934812760055478,0.2061950993989829
gemini35flash,processed,3.0,20260919,isotonic_direct,original,0.15117891816920942,-0.22422561257512713
gemini35flash,processed,3.0,20260919,isotonic_direct,penalty_prompt,0.5896625057790107,-0.5306703652334719
gemini35flash,processed,3.0,20260919,isotonic_direct,always_abstain,0.08552935737401757,0.31484049930651875
gemini35flash,processed,3.0,20260919,beta,original,0.16689782709200185,-0.3250115580212668
gemini35flash,processed,3.0,20260919,beta,penalty_prompt,0.6053814147018031,-0.6314563106796116
gemini35flash,processed,3.0,20260919,beta,always_abstain,0.10124826629680998,0.2140545538603791
gemini35flash,processed,3.0,20260920,isotonic_direct,original,0.1502542764678687,-0.33425797503467414
gemini35flash,processed,3.0,20260920,isotonic_direct,penalty_prompt,0.6326121128062877,-0.6350346740638002
gemini35flash,processed,3.0,20260920,isotonic_direct,always_abstain,0.07813222376329172,0.21128062875635692
gemini35flash,processed,3.0,20260920,beta,original,0.1502542764678687,-0.33425797503467414
gemini35flash,processed,3.0,20260920,beta,penalty_prompt,0.6326121128062877,-0.6350346740638002
gemini35flash,processed,3.0,20260920,beta,always_abstain,0.07813222376329172,0.21128062875635692
gemini35flash,processed,3.0,20260921,isotonic_direct,original,0.16597318539066114,-0.34073046694405923
gemini35flash,processed,3.0,20260921,isotonic_direct,penalty_prompt,0.593028201571891,-0.6494313453536753
gemini35flash,processed,3.0,20260921,isotonic_direct,always_abstain,0.07119741100323625,0.2061950993989829
gemini35flash,processed,3.0,20260921,beta,original,0.16551086453999075,-0.3411927877947296
gemini35flash,processed,3.0,20260921,beta,penalty_prompt,0.5925658807212205,-0.6498936662043457
gemini35flash,processed,3.0,20260921,beta,always_abstain,0.07073509015256588,0.20573277854831254
gemini35flash,processed,3.0,20260922,isotonic_direct,original,0.14331946370781323,-0.33564493758668523
gemini35flash,processed,3.0,20260922,isotonic_direct,penalty_prompt,0.5815533980582525,-0.6361997226074896
gemini35flash,processed,3.0,20260922,isotonic_direct,always_abstain,0.07905686546463246,0.20850670365233473
gemini35flash,processed,3.0,20260922,beta,original,0.14285714285714285,-0.33610725843735556
gemini35flash,processed,3.0,20260922,beta,penalty_prompt,0.5810910772075821,-0.6366620434581599
gemini35flash,processed,3.0,20260922,beta,always_abstain,0.07859454461396209,0.20804438280166435
gemini35flash,processed,3.0,20260923,isotonic_direct,original,0.1396208969024503,-0.3282478039759594
gemini35flash,processed,3.0,20260923,isotonic_direct,penalty_prompt,0.6021729079981507,-0.6352935737401757
gemini35flash,processed,3.0,20260923,isotonic_direct,always_abstain,0.09754969949144707,0.22145168747110494
gemini35flash,processed,3.0,20260923,beta,original,0.1410078594544614,-0.3268608414239483
gemini35flash,processed,3.0,20260923,beta,penalty_prompt,0.6035598705501618,-0.6339066111881646
gemini35flash,processed,3.0,20260923,beta,always_abstain,0.09893666204345816,0.22283865002311604
gemini35flash,processed,3.0,20260924,isotonic_direct,original,0.12343966712898752,-0.2334720295885344
gemini35flash,processed,3.0,20260924,isotonic_direct,penalty_prompt,0.5834396671289875,-0.5387424872861767
gemini35flash,processed,3.0,20260924,isotonic_direct,always_abstain,0.06611188164586222,0.3102172907998151
gemini35flash,processed,3.0,20260924,beta,original,0.13268608414239483,-0.3333333333333333
gemini35flash,processed,3.0,20260924,beta,penalty_prompt,0.5926860841423949,-0.6386037910309756
gemini35flash,processed,3.0,20260924,beta,always_abstain,0.07535829865926953,0.21035598705501618
gemini35flash,processed,3.0,20260925,isotonic_direct,original,0.10494683310217291,-0.33148404993065184
gemini35flash,processed,3.0,20260925,isotonic_direct,penalty_prompt,0.5707535829865926,-0.6429311141932502
gemini35flash,processed,3.0,20260925,isotonic_direct,always_abstain,0.07304669440591771,0.20989366620434582
gemini35flash,processed,3.0,20260925,beta,original,0.10448451225150254,-0.33194637078132216
gemini35flash,processed,3.0,20260925,beta,penalty_prompt,0.5702912621359223,-0.6433934350439205
gemini35flash,processed,3.0,20260925,beta,always_abstain,0.07258437355524734,0.20943134535367544
gemini35flash,processed,3.0,20260926,isotonic_direct,original,0.10448451225150254,-0.3282478039759593
gemini35flash,processed,3.0,20260926,isotonic_direct,penalty_prompt,0.5755709662505779,-0.6407397133610726
gemini35flash,processed,3.0,20260926,isotonic_direct,always_abstain,0.06611188164586222,0.21220527045769763
gemini35flash,processed,3.0,20260926,beta,original,0.10448451225150254,-0.3282478039759593
gemini35flash,processed,3.0,20260926,beta,penalty_prompt,0.5755709662505779,-0.6407397133610726
gemini35flash,processed,3.0,20260926,beta,always_abstain,0.06611188164586222,0.21220527045769763
gemini35flash,processed,3.0,20260927,isotonic_direct,original,0.11789181692094314,-0.2334720295885344
gemini35flash,processed,3.0,20260927,isotonic_direct,penalty_prompt,0.5807582061950994,-0.5354322699953767
gemini35flash,processed,3.0,20260927,isotonic_direct,always_abstain,0.05547850208044383,0.31437817845584837
gemini35flash,processed,3.0,20260927,beta,original,0.1280628756356912,-0.337956541840037
gemini35flash,processed,3.0,20260927,beta,penalty_prompt,0.5909292649098475,-0.6399167822468793
gemini35flash,processed,3.0,20260927,beta,always_abstain,0.06564956079519187,0.20989366620434582
gemini35flash,processed,3.0,20260928,isotonic_direct,original,0.12482662968099861,-0.34304207119741104
gemini35flash,processed,3.0,20260928,isotonic_direct,penalty_prompt,0.5699953767914934,-0.6442071197411002
gemini35flash,processed,3.0,20260928,isotonic_direct,always_abstain,0.077207582061951,0.20110957004160887
gemini35flash,processed,3.0,20260928,beta,original,0.12482662968099861,-0.34304207119741104
gemini35flash,processed,3.0,20260928,beta,penalty_prompt,0.5699953767914934,-0.6442071197411002
gemini35flash,processed,3.0,20260928,beta,always_abstain,0.077207582061951,0.20110957004160887
gemini35flash,processed,3.0,20260929,isotonic_direct,original,0.14563106796116504,-0.33888118354137775
gemini35flash,processed,3.0,20260929,isotonic_direct,penalty_prompt,0.6101155802126677,-0.6530559408229312
gemini35flash,processed,3.0,20260929,isotonic_direct,always_abstain,0.07951918631530282,0.21081830790568654
gemini35flash,processed,3.0,20260929,beta,original,0.14563106796116504,-0.33888118354137775
gemini35flash,processed,3.0,20260929,beta,penalty_prompt,0.6101155802126677,-0.6530559408229312
gemini35flash,processed,3.0,20260929,beta,always_abstain,0.07951918631530282,0.21081830790568654
gemini35flash,processed,3.0,20260930,isotonic_direct,original,0.13361072584373557,-0.3305594082293112
gemini35flash,processed,3.0,20260930,isotonic_direct,penalty_prompt,0.5617568192325474,-0.6345446139620897
gemini35flash,processed,3.0,20260930,isotonic_direct,always_abstain,0.09338881183541378,0.21359223300970873
gemini35flash,processed,3.0,20260930,beta,original,0.13361072584373557,-0.3305594082293112
gemini35flash,processed,3.0,20260930,beta,penalty_prompt,0.5617568192325474,-0.6345446139620897
gemini35flash,processed,3.0,20260930,beta,always_abstain,0.09338881183541378,0.21359223300970873
gemini35flash,processed,3.0,20260931,isotonic_direct,original,0.13407304669440592,-0.33009708737864074
gemini35flash,processed,3.0,20260931,isotonic_direct,penalty_prompt,0.5305224225612575,-0.6342672214516876
gemini35flash,processed,3.0,20260931,isotonic_direct,always_abstain,0.08599167822468794,0.20989366620434582
gemini35flash,processed,3.0,20260931,beta,original,0.13361072584373557,-0.33055940822931107
gemini35flash,processed,3.0,20260931,beta,penalty_prompt,0.5300601017105872,-0.6347295423023579
gemini35flash,processed,3.0,20260931,beta,always_abstain,0.08552935737401757,0.20943134535367544
gemini35flash,processed,3.0,20260932,isotonic_direct,original,0.13314840499306518,-0.22376329172445675
gemini35flash,processed,3.0,20260932,isotonic_direct,penalty_prompt,0.5790568654646324,-0.5353952843273231
gemini35flash,processed,3.0,20260932,isotonic_direct,always_abstain,0.07350901525658807,0.31576514100785946
gemini35flash,processed,3.0,20260932,beta,original,0.1502542764678687,-0.32871012482662965
gemini35flash,processed,3.0,20260932,beta,penalty_prompt,0.596162736939436,-0.640342117429496
gemini35flash,processed,3.0,20260932,beta,always_abstain,0.09061488673139159,0.21081830790568654
gemini35flash,processed,3.0,20260933,isotonic_direct,original,0.11650485436893204,-0.3310217290799815
gemini35flash,processed,3.0,20260933,isotonic_direct,penalty_prompt,0.5584281091077208,-0.6347665279704114
gemini35flash,processed,3.0,20260933,isotonic_direct,always_abstain,0.08414239482200647,0.2154415164123902
gemini35flash,processed,3.0,20260933,beta,original,0.11604253351826166,-0.33148404993065184
gemini35flash,processed,3.0,20260933,beta,penalty_prompt,0.5579657882570505,-0.6352288488210818
gemini35flash,processed,3.0,20260933,beta,always_abstain,0.0836800739713361,0.21497919556171982
gemini35flash,processed,3.0,20260934,isotonic_direct,original,0.15996301433194637,-0.32824780397595926
gemini35flash,processed,3.0,20260934,isotonic_direct,penalty_prompt,0.5992972723069812,-0.6386500231160426
gemini35flash,processed,3.0,20260934,isotonic_direct,always_abstain,0.07304669440591771,0.21174294960702728
gemini35flash,processed,3.0,20260934,beta,original,0.15996301433194637,-0.32824780397595926
gemini35flash,processed,3.0,20260934,beta,penalty_prompt,0.5992972723069812,-0.6386500231160426
gemini35flash,processed,3.0,20260934,beta,always_abstain,0.07304669440591771,0.21174294960702728
gemini35flash,processed,3.0,20260935,isotonic_direct,original,0.1169671752196024,-0.32686084142394817
gemini35flash,processed,3.0,20260935,isotonic_direct,penalty_prompt,0.5417568192325474,-0.6353120665742025
gemini35flash,processed,3.0,20260935,isotonic_direct,always_abstain,0.09015256588072122,0.21035598705501618
gemini35flash,processed,3.0,20260935,beta,original,0.11650485436893204,-0.32732316227461855
gemini35flash,processed,3.0,20260935,beta,penalty_prompt,0.541294498381877,-0.6357743874248728
gemini35flash,processed,3.0,20260935,beta,always_abstain,0.08969024503005085,0.20989366620434582
gemini35flash,processed,3.0,20260936,isotonic_direct,original,0.13314840499306518,-0.3162274618585298
gemini35flash,processed,3.0,20260936,isotonic_direct,penalty_prompt,0.5941377716134998,-0.6387794729542301
gemini35flash,processed,3.0,20260936,isotonic_direct,always_abstain,0.07813222376329172,0.21497919556171982
gemini35flash,processed,3.0,20260936,beta,original,0.1326860841423948,-0.3166897827092002
gemini35flash,processed,3.0,20260936,beta,penalty_prompt,0.5936754507628293,-0.6392417938049004
gemini35flash,processed,3.0,20260936,beta,always_abstain,0.07766990291262135,0.21451687471104947
gemini35flash,processed,3.0,20260937,isotonic_direct,original,0.14655570966250578,-0.22330097087378648
gemini35flash,processed,3.0,20260937,isotonic_direct,penalty_prompt,0.548580674988442,-0.5301433194637077
gemini35flash,processed,3.0,20260937,isotonic_direct,always_abstain,0.07258437355524734,0.32223763291724455
gemini35flash,processed,3.0,20260937,beta,original,0.159500693481276,-0.3231622746185854
gemini35flash,processed,3.0,20260937,beta,penalty_prompt,0.5615256588072122,-0.6300046232085067
gemini35flash,processed,3.0,20260937,beta,always_abstain,0.08552935737401757,0.22237632917244568
gemini35flash,processed,3.0,20260938,isotonic_direct,original,0.11974110032362459,-0.3259361997226075
gemini35flash,processed,3.0,20260938,isotonic_direct,penalty_prompt,0.5720203421174295,-0.6365973185390661
gemini35flash,processed,3.0,20260938,isotonic_direct,always_abstain,0.07628294036061026,0.21312991215903837
gemini35flash,processed,3.0,20260938,beta,original,0.11974110032362459,-0.3259361997226075
gemini35flash,processed,3.0,20260938,beta,penalty_prompt,0.5720203421174295,-0.6365973185390661
gemini35flash,processed,3.0,20260938,beta,always_abstain,0.07628294036061026,0.21312991215903837
gemini35flash,processed,3.0,20260939,isotonic_direct,original,0.14794267221451687,-0.3347202958853444
gemini35flash,processed,3.0,20260939,isotonic_direct,penalty_prompt,0.5689782709200185,-0.6385298196948683
gemini35flash,processed,3.0,20260939,isotonic_direct,always_abstain,0.0850670365233472,0.21451687471104947
gemini35flash,processed,3.0,20260939,beta,original,0.14748035136384652,-0.3351826167360148
gemini35flash,processed,3.0,20260939,beta,penalty_prompt,0.5685159500693482,-0.6389921405455387
gemini35flash,processed,3.0,20260939,beta,always_abstain,0.08460471567267684,0.2140545538603791
gemini35flash,processed,3.0,20260940,isotonic_direct,original,0.1169671752196024,-0.21775312066574198
gemini35flash,processed,3.0,20260940,isotonic_direct,penalty_prompt,0.5957281553398057,-0.5314470642625981
gemini35flash,processed,3.0,20260940,isotonic_direct,always_abstain,0.08876560332871013,0.3217753120665742
gemini35flash,processed,3.0,20260940,beta,original,0.1276005547850208,-0.31992602866389275
gemini35flash,processed,3.0,20260940,beta,penalty_prompt,0.6063615349052242,-0.633619972260749
gemini35flash,processed,3.0,20260940,beta,always_abstain,0.09939898289412853,0.2196024040684235
gemini35flash,processed,3.0,20260941,isotonic_direct,original,0.1183541377716135,-0.34211742949607027
gemini35flash,processed,3.0,20260941,isotonic_direct,penalty_prompt,0.5586500231160426,-0.6442348589921405
gemini35flash,processed,3.0,20260941,isotonic_direct,always_abstain,0.0850670365233472,0.20527045769764216
gemini35flash,processed,3.0,20260941,beta,original,0.11789181692094314,-0.34257975034674065
gemini35flash,processed,3.0,20260941,beta,penalty_prompt,0.5581877022653722,-0.6446971798428109
gemini35flash,processed,3.0,20260941,beta,always_abstain,0.08460471567267684,0.2048081368469718
gemini35flash,processed,3.0,20260942,isotonic_direct,original,0.12944983818770228,-0.3291724456773001
gemini35flash,processed,3.0,20260942,isotonic_direct,penalty_prompt,0.5403883495145632,-0.6260286638927417
gemini35flash,processed,3.0,20260942,isotonic_direct,always_abstain,0.077207582061951,0.2140545538603791
gemini35flash,processed,3.0,20260942,beta,original,0.12944983818770228,-0.3291724456773001
gemini35flash,processed,3.0,20260942,beta,penalty_prompt,0.5403883495145632,-0.6260286638927417
gemini35flash,processed,3.0,20260942,beta,always_abstain,0.077207582061951,0.2140545538603791
gemini35flash,processed,3.0,20260943,isotonic_direct,original,0.15117891816920942,-0.33703190013869627
gemini35flash,processed,3.0,20260943,isotonic_direct,penalty_prompt,0.584336569579288,-0.6430328247803976
gemini35flash,processed,3.0,20260943,isotonic_direct,always_abstain,0.10309754969949145,0.21035598705501618
gemini35flash,processed,3.0,20260943,beta,original,0.15117891816920942,-0.33703190013869627
gemini35flash,processed,3.0,20260943,beta,penalty_prompt,0.584336569579288,-0.6430328247803976
gemini35flash,processed,3.0,20260943,beta,always_abstain,0.10309754969949145,0.21035598705501618
gemini35flash,processed,3.0,20260944,isotonic_direct,original,0.1558021266759131,-0.33795654184003704
gemini35flash,processed,3.0,20260944,isotonic_direct,penalty_prompt,0.5988626907073509,-0.652325473878872
gemini35flash,processed,3.0,20260944,isotonic_direct,always_abstain,0.0836800739713361,0.207582061950994
gemini35flash,processed,3.0,20260944,beta,original,0.1553398058252427,-0.3384188626907074
gemini35flash,processed,3.0,20260944,beta,penalty_prompt,0.5984003698566804,-0.6527877947295423
gemini35flash,processed,3.0,20260944,beta,always_abstain,0.08321775312066575,0.20711974110032363
gemini35flash,processed,3.0,20260945,isotonic_direct,original,0.12436430883032824,-0.23439667128987518
gemini35flash,processed,3.0,20260945,isotonic_direct,penalty_prompt,0.5520018492834027,-0.5389644012944984
gemini35flash,processed,3.0,20260945,isotonic_direct,always_abstain,0.07535829865926953,0.3120665742024965
gemini35flash,processed,3.0,20260945,beta,original,0.13915857605177995,-0.3361072584373555
gemini35flash,processed,3.0,20260945,beta,penalty_prompt,0.5667961165048544,-0.6406749884419787
gemini35flash,processed,3.0,20260945,beta,always_abstain,0.09015256588072122,0.21035598705501618
gemini35flash,processed,3.0,20260946,isotonic_direct,original,0.1289875173370319,-0.2390198797965789
gemini35flash,processed,3.0,20260946,isotonic_direct,penalty_prompt,0.5548959778085991,-0.537660656495608
gemini35flash,processed,3.0,20260946,isotonic_direct,always_abstain,0.077207582061951,0.3120665742024965
gemini35flash,processed,3.0,20260946,beta,original,0.14331946370781323,-0.33749422098936666
gemini35flash,processed,3.0,20260946,beta,penalty_prompt,0.5692279241793805,-0.6361349976883958
gemini35flash,processed,3.0,20260946,beta,always_abstain,0.09153952843273232,0.21359223300970873
gemini35flash,processed,3.0,20260947,isotonic_direct,original,0.1262135922330097,-0.23254738788719376
gemini35flash,processed,3.0,20260947,isotonic_direct,penalty_prompt,0.5987239944521497,-0.5418770226537216
gemini35flash,processed,3.0,20260947,isotonic_direct,always_abstain,0.07489597780859916,0.3116042533518262
gemini35flash,processed,3.0,20260947,beta,original,0.13915857605177992,-0.3305594082293112
gemini35flash,processed,3.0,20260947,beta,penalty_prompt,0.61166897827092,-0.639889042995839
gemini35flash,processed,3.0,20260947,beta,always_abstain,0.08784096162736939,0.21359223300970873
gemini35flash,processed,3.0,20260948,isotonic_direct,original,0.11742949607027278,-0.3319463707813222
gemini35flash,processed,3.0,20260948,isotonic_direct,penalty_prompt,0.588035136384651,-0.6396671289875173
gemini35flash,processed,3.0,20260948,isotonic_direct,always_abstain,0.09200184928340269,0.21035598705501618
gemini35flash,processed,3.0,20260948,beta,original,0.1169671752196024,-0.3324086916319926
gemini35flash,processed,3.0,20260948,beta,penalty_prompt,0.5875728155339806,-0.6401294498381876
gemini35flash,processed,3.0,20260948,beta,always_abstain,0.09153952843273232,0.20989366620434582
gemini35flash,processed,3.0,20260949,isotonic_direct,original,0.1581137309292649,-0.31530282015718913
gemini35flash,processed,3.0,20260949,isotonic_direct,penalty_prompt,0.6359870550161812,-0.6368747110494684
gemini35flash,processed,3.0,20260949,isotonic_direct,always_abstain,0.04623208506703652,0.20711974110032363
gemini35flash,processed,3.0,20260949,beta,original,0.15765141007859454,-0.31576514100785946
gemini35flash,processed,3.0,20260949,beta,penalty_prompt,0.6355247341655109,-0.6373370319001387
gemini35flash,processed,3.0,20260949,beta,always_abstain,0.04576976421636616,0.20665742024965325
gemini35flash,processed,3.0,20260950,isotonic_direct,original,0.12205270457697642,-0.3310217290799815
gemini35flash,processed,3.0,20260950,isotonic_direct,penalty_prompt,0.5664909847434121,-0.6397965788257051
gemini35flash,processed,3.0,20260950,isotonic_direct,always_abstain,0.07998150716597319,0.20943134535367544
gemini35flash,processed,3.0,20260950,beta,original,0.12205270457697642,-0.3310217290799815
gemini35flash,processed,3.0,20260950,beta,penalty_prompt,0.5664909847434121,-0.6397965788257051
gemini35flash,processed,3.0,20260950,beta,always_abstain,0.07998150716597319,0.20943134535367544
gemini35flash,processed,3.0,20260951,isotonic_direct,original,0.12436430883032826,-0.33795654184003704
gemini35flash,processed,3.0,20260951,isotonic_direct,penalty_prompt,0.5328155339805826,-0.6297919556171983
gemini35flash,processed,3.0,20260951,isotonic_direct,always_abstain,0.07905686546463246,0.22145168747110494
gemini35flash,processed,3.0,20260951,beta,original,0.12436430883032826,-0.33795654184003704
gemini35flash,processed,3.0,20260951,beta,penalty_prompt,0.5328155339805826,-0.6297919556171983
gemini35flash,processed,3.0,20260951,beta,always_abstain,0.07905686546463246,0.22145168747110494
gemini35flash,processed,3.0,20260952,isotonic_direct,original,0.1317614424410541,-0.3268608414239482
gemini35flash,processed,3.0,20260952,isotonic_direct,penalty_prompt,0.6002866389274156,-0.6339620896902449
gemini35flash,processed,3.0,20260952,isotonic_direct,always_abstain,0.09431345353675451,0.21636615811373092
gemini35flash,processed,3.0,20260952,beta,original,0.1312991215903837,-0.3273231622746186
gemini35flash,processed,3.0,20260952,beta,penalty_prompt,0.5998243180767453,-0.6344244105409154
gemini35flash,processed,3.0,20260952,beta,always_abstain,0.09385113268608414,0.21590383726306056
gemini35flash,processed,3.0,20260953,isotonic_direct,original,0.1262135922330097,-0.3250115580212668
gemini35flash,processed,3.0,20260953,isotonic_direct,penalty_prompt,0.5505501618122978,-0.6337679149329635
gemini35flash,processed,3.0,20260953,isotonic_direct,always_abstain,0.07998150716597319,0.2168284789644013
gemini35flash,processed,3.0,20260953,beta,original,0.12575127138233932,-0.32547387887193713
gemini35flash,processed,3.0,20260953,beta,penalty_prompt,0.5500878409616274,-0.6342302357836338
gemini35flash,processed,3.0,20260953,beta,always_abstain,0.07951918631530282,0.21636615811373092
gemini35flash,processed,3.0,20260954,isotonic_direct,original,0.17337031900138697,-0.3314840499306519
gemini35flash,processed,3.0,20260954,isotonic_direct,penalty_prompt,0.6010171058714748,-0.6389274156264448
gemini35flash,processed,3.0,20260954,isotonic_direct,always_abstain,0.09754969949144707,0.21035598705501618
gemini35flash,processed,3.0,20260954,beta,original,0.1729079981507166,-0.3319463707813223
gemini35flash,processed,3.0,20260954,beta,penalty_prompt,0.6005547850208044,-0.6393897364771152
gemini35flash,processed,3.0,20260954,beta,always_abstain,0.0970873786407767,0.20989366620434582
gemini35flash,processed,3.0,20260955,isotonic_direct,original,0.10217290799815072,-0.32316227461858527
gemini35flash,processed,3.0,20260955,isotonic_direct,penalty_prompt,0.5747850208044384,-0.6433749422098936
gemini35flash,processed,3.0,20260955,isotonic_direct,always_abstain,0.08183079056865465,0.20943134535367544
gemini35flash,processed,3.0,20260955,beta,original,0.10171058714748035,-0.32362459546925565
gemini35flash,processed,3.0,20260955,beta,penalty_prompt,0.5743226999537681,-0.643837263060564
gemini35flash,processed,3.0,20260955,beta,always_abstain,0.08136846971798428,0.20896902450300509
gemini35flash,processed,3.0,20260956,isotonic_direct,original,0.14147018030513175,-0.34119278779472956
gemini35flash,processed,3.0,20260956,isotonic_direct,penalty_prompt,0.5654276467868701,-0.6465557096625059
gemini35flash,processed,3.0,20260956,isotonic_direct,always_abstain,0.08321775312066575,0.2034211742949607
gemini35flash,processed,3.0,20260956,beta,original,0.1410078594544614,-0.34165510864539994
gemini35flash,processed,3.0,20260956,beta,penalty_prompt,0.5649653259361997,-0.6470180305131762
gemini35flash,processed,3.0,20260956,beta,always_abstain,0.08275543226999538,0.20295885344429035
gemini35flash,processed,3.0,20260957,isotonic_direct,original,0.15256588072122051,-0.33749422098936666
gemini35flash,processed,3.0,20260957,isotonic_direct,penalty_prompt,0.5663707813222376,-0.6451687471104947
gemini35flash,processed,3.0,20260957,isotonic_direct,always_abstain,0.07165973185390662,0.20850670365233473
gemini35flash,processed,3.0,20260957,beta,original,0.15210355987055016,-0.337956541840037
gemini35flash,processed,3.0,20260957,beta,penalty_prompt,0.5659084604715673,-0.645631067961165
gemini35flash,processed,3.0,20260957,beta,always_abstain,0.07119741100323625,0.20804438280166435
gemini35flash,processed,3.0,20260958,isotonic_direct,original,0.12251502542764679,-0.2325473878871937
gemini35flash,processed,3.0,20260958,isotonic_direct,penalty_prompt,0.571169671752196,-0.5437632917244568
gemini35flash,processed,3.0,20260958,isotonic_direct,always_abstain,0.08599167822468794,0.31345353675450766
gemini35flash,processed,3.0,20260958,beta,original,0.13499768839574666,-0.34396671289875175
gemini35flash,processed,3.0,20260958,beta,penalty_prompt,0.5836523347202959,-0.6551826167360149
gemini35flash,processed,3.0,20260958,beta,always_abstain,0.09847434119278779,0.2020342117429496
gemini35flash,processed,3.0,20260959,isotonic_direct,original,0.15256588072122051,-0.22283865002311604
gemini35flash,processed,3.0,20260959,isotonic_direct,penalty_prompt,0.6172168284789644,-0.5334442903374943
gemini35flash,processed,3.0,20260959,isotonic_direct,always_abstain,0.06888580674988443,0.3111419325011558
gemini35flash,processed,3.0,20260959,beta,original,0.16319926028663892,-0.3176144244105409
gemini35flash,processed,3.0,20260959,beta,penalty_prompt,0.6278502080443829,-0.6282200647249191
gemini35flash,processed,3.0,20260959,beta,always_abstain,0.07951918631530282,0.21636615811373092
gemini35flash,processed,3.0,20260960,isotonic_direct,original,0.0878409616273694,-0.32454923717059636
gemini35flash,processed,3.0,20260960,isotonic_direct,penalty_prompt,0.5434396671289875,-0.6386222838650024
gemini35flash,processed,3.0,20260960,isotonic_direct,always_abstain,0.08183079056865465,0.20573277854831254
gemini35flash,processed,3.0,20260960,beta,original,0.0878409616273694,-0.32454923717059636
gemini35flash,processed,3.0,20260960,beta,penalty_prompt,0.5434396671289875,-0.6386222838650024
gemini35flash,processed,3.0,20260960,beta,always_abstain,0.08183079056865465,0.20573277854831254
gemini35flash,processed,3.0,20260961,isotonic_direct,original,0.12066574202496533,-0.2399445214979195
gemini35flash,processed,3.0,20260961,isotonic_direct,penalty_prompt,0.5629033749422099,-0.5374942209893667
gemini35flash,processed,3.0,20260961,isotonic_direct,always_abstain,0.061488673139158574,0.31484049930651875
gemini35flash,processed,3.0,20260961,beta,original,0.12944983818770228,-0.34211742949607027
gemini35flash,processed,3.0,20260961,beta,penalty_prompt,0.5716874711049468,-0.6396671289875174
gemini35flash,processed,3.0,20260961,beta,always_abstain,0.07027276930189552,0.21266759130836801
gemini35flash,processed,3.0,20260962,isotonic_direct,original,0.1488673139158576,-0.3411927877947296
gemini35flash,processed,3.0,20260962,isotonic_direct,penalty_prompt,0.6036615811373093,-0.6382801664355062
gemini35flash,processed,3.0,20260962,isotonic_direct,always_abstain,0.06657420249653259,0.2182154415164124
gemini35flash,processed,3.0,20260962,beta,original,0.14840499306518723,-0.34165510864539994
gemini35flash,processed,3.0,20260962,beta,penalty_prompt,0.603199260286639,-0.6387424872861766
gemini35flash,processed,3.0,20260962,beta,always_abstain,0.06611188164586222,0.217753120665742
gemini35flash,processed,3.0,20260963,isotonic_direct,original,0.14701803051317613,-0.32269995376791494
gemini35flash,processed,3.0,20260963,isotonic_direct,penalty_prompt,0.573823393435044,-0.6339805825242719
gemini35flash,processed,3.0,20260963,isotonic_direct,always_abstain,0.07535829865926953,0.217753120665742
gemini35flash,processed,3.0,20260963,beta,original,0.14655570966250578,-0.3231622746185853
gemini35flash,processed,3.0,20260963,beta,penalty_prompt,0.5733610725843736,-0.6344429033749424
gemini35flash,processed,3.0,20260963,beta,always_abstain,0.07489597780859916,0.21729079981507166
gemini35flash,processed,3.0,20260964,isotonic_direct,original,0.09893666204345816,-0.3208506703652334
gemini35flash,processed,3.0,20260964,isotonic_direct,penalty_prompt,0.5743504392048082,-0.6354877484974571
gemini35flash,processed,3.0,20260964,isotonic_direct,always_abstain,0.07674526121128063,0.21359223300970873
gemini35flash,processed,3.0,20260964,beta,original,0.09847434119278779,-0.3213129912159038
gemini35flash,processed,3.0,20260964,beta,penalty_prompt,0.5738881183541379,-0.6359500693481275
gemini35flash,processed,3.0,20260964,beta,always_abstain,0.07628294036061026,0.21312991215903837
gemini35flash,processed,3.0,20260965,isotonic_direct,original,0.11003236245954692,-0.3319463707813223
gemini35flash,processed,3.0,20260965,isotonic_direct,penalty_prompt,0.553166897827092,-0.6297457235321312
gemini35flash,processed,3.0,20260965,isotonic_direct,always_abstain,0.08136846971798428,0.21636615811373092
gemini35flash,processed,3.0,20260965,beta,original,0.10957004160887655,-0.33240869163199266
gemini35flash,processed,3.0,20260965,beta,penalty_prompt,0.5527045769764216,-0.6302080443828015
gemini35flash,processed,3.0,20260965,beta,always_abstain,0.08090614886731391,0.21590383726306056
gemini35flash,processed,3.0,20260966,isotonic_direct,original,0.11927877947295423,-0.22838650023116042
gemini35flash,processed,3.0,20260966,isotonic_direct,penalty_prompt,0.5527230698104484,-0.5282570503929727
gemini35flash,processed,3.0,20260966,isotonic_direct,always_abstain,0.07905686546463246,0.3231622746185853
gemini35flash,processed,3.0,20260966,beta,original,0.13129912159038373,-0.34026814609338885
gemini35flash,processed,3.0,20260966,beta,penalty_prompt,0.5647434119278779,-0.640138696255201
gemini35flash,processed,3.0,20260966,beta,always_abstain,0.09107720758206195,0.21128062875635692
gemini35flash,processed,3.0,20260967,isotonic_direct,original,0.12575127138233935,-0.32917244567730003
gemini35flash,processed,3.0,20260967,isotonic_direct,penalty_prompt,0.5748774849745724,-0.6328525196486361
gemini35flash,processed,3.0,20260967,isotonic_direct,always_abstain,0.08044382801664356,0.21729079981507166
gemini35flash,processed,3.0,20260967,beta,original,0.125288950531669,-0.3296347665279704
gemini35flash,processed,3.0,20260967,beta,penalty_prompt,0.574415164123902,-0.6333148404993065
gemini35flash,processed,3.0,20260967,beta,always_abstain,0.07998150716597319,0.2168284789644013
gemini35flash,processed,3.0,20260968,isotonic_direct,original,0.11604253351826166,-0.33148404993065184
gemini35flash,processed,3.0,20260968,isotonic_direct,penalty_prompt,0.5688025889967638,-0.6453629218677763
gemini35flash,processed,3.0,20260968,isotonic_direct,always_abstain,0.07350901525658807,0.20850670365233473
gemini35flash,processed,3.0,20260968,beta,original,0.1155802126675913,-0.33194637078132216
gemini35flash,processed,3.0,20260968,beta,penalty_prompt,0.5683402681460934,-0.6458252427184467
gemini35flash,processed,3.0,20260968,beta,always_abstain,0.07304669440591771,0.20804438280166435
gemini35flash,processed,3.0,20260969,isotonic_direct,original,0.1502542764678687,-0.32686084142394817
gemini35flash,processed,3.0,20260969,isotonic_direct,penalty_prompt,0.6152288488210819,-0.6338511326860841
gemini35flash,processed,3.0,20260969,isotonic_direct,always_abstain,0.09200184928340269,0.21035598705501618
gemini35flash,processed,3.0,20260969,beta,original,0.1502542764678687,-0.32686084142394817
gemini35flash,processed,3.0,20260969,beta,penalty_prompt,0.6152288488210819,-0.6338511326860841
gemini35flash,processed,3.0,20260969,beta,always_abstain,0.09200184928340269,0.21035598705501618
gemini35flash,processed,3.0,20260970,isotonic_direct,original,0.13083680073971338,-0.32408691631992603
gemini35flash,processed,3.0,20260970,isotonic_direct,penalty_prompt,0.5747387887193711,-0.6318076745261212
gemini35flash,processed,3.0,20260970,isotonic_direct,always_abstain,0.09292649098474341,0.2168284789644013
gemini35flash,processed,3.0,20260970,beta,original,0.13083680073971338,-0.32408691631992603
gemini35flash,processed,3.0,20260970,beta,penalty_prompt,0.5747387887193711,-0.6318076745261212
gemini35flash,processed,3.0,20260970,beta,always_abstain,0.09292649098474341,0.2168284789644013
gemini35flash,processed,3.0,20260971,isotonic_direct,original,0.13684697179842809,-0.22561257512713828
gemini35flash,processed,3.0,20260971,isotonic_direct,penalty_prompt,0.5826537216828479,-0.5309477577438743
gemini35flash,processed,3.0,20260971,isotonic_direct,always_abstain,0.06472491909385113,0.31992602866389275
gemini35flash,processed,3.0,20260971,beta,original,0.1516412390198798,-0.33472029588534447
gemini35flash,processed,3.0,20260971,beta,penalty_prompt,0.5974479889042996,-0.6400554785020804
gemini35flash,processed,3.0,20260971,beta,always_abstain,0.07951918631530282,0.21081830790568654
gemini35flash,processed,3.0,20260972,isotonic_direct,original,0.13869625520110956,-0.2163661581137309
gemini35flash,processed,3.0,20260972,isotonic_direct,penalty_prompt,0.5898381877022654,-0.5370411465557097
gemini35flash,processed,3.0,20260972,isotonic_direct,always_abstain,0.06333795654184003,0.31484049930651875
gemini35flash,processed,3.0,20260972,beta,original,0.14748035136384652,-0.3296347665279704
gemini35flash,processed,3.0,20260972,beta,penalty_prompt,0.5986222838650023,-0.6503097549699492
gemini35flash,processed,3.0,20260972,beta,always_abstain,0.07212205270457697,0.20157189089227925
gemini35flash,processed,3.0,20260973,isotonic_direct,original,0.1183541377716135,-0.33102172907998145
gemini35flash,processed,3.0,20260973,isotonic_direct,penalty_prompt,0.5467498844197873,-0.642561257512714
gemini35flash,processed,3.0,20260973,isotonic_direct,always_abstain,0.07535829865926953,0.2048081368469718
gemini35flash,processed,3.0,20260973,beta,original,0.1183541377716135,-0.33102172907998145
gemini35flash,processed,3.0,20260973,beta,penalty_prompt,0.5467498844197873,-0.642561257512714
gemini35flash,processed,3.0,20260973,beta,always_abstain,0.07535829865926953,0.2048081368469718
gemini35flash,processed,3.0,20260974,isotonic_direct,original,0.13314840499306518,-0.22931114193250118
gemini35flash,processed,3.0,20260974,isotonic_direct,penalty_prompt,0.5678594544613962,-0.5309107720758206
gemini35flash,processed,3.0,20260974,isotonic_direct,always_abstain,0.07165973185390662,0.32501155802126674
gemini35flash,processed,3.0,20260974,beta,original,0.1423948220064725,-0.3291724456773001
gemini35flash,processed,3.0,20260974,beta,penalty_prompt,0.5771058714748035,-0.6307720758206194
gemini35flash,processed,3.0,20260974,beta,always_abstain,0.08090614886731391,0.22515025427646787
gemini35flash,processed,3.0,20260975,isotonic_direct,original,0.10818307905686547,-0.22838650023116042
gemini35flash,processed,3.0,20260975,isotonic_direct,penalty_prompt,0.5726953305594082,-0.5363938973647713
gemini35flash,processed,3.0,20260975,isotonic_direct,always_abstain,0.08737864077669903,0.3111419325011558
gemini35flash,processed,3.0,20260975,beta,original,0.11789181692094314,-0.32778548312528893
gemini35flash,processed,3.0,20260975,beta,penalty_prompt,0.5824040684234859,-0.6357928802588997
gemini35flash,processed,3.0,20260975,beta,always_abstain,0.0970873786407767,0.21174294960702728
gemini35flash,processed,3.0,20260976,isotonic_direct,original,0.1553398058252427,-0.2311604253351826
gemini35flash,processed,3.0,20260976,isotonic_direct,penalty_prompt,0.5795746648173834,-0.5335829865926953
gemini35flash,processed,3.0,20260976,isotonic_direct,always_abstain,0.07397133610725844,0.32362459546925565
gemini35flash,processed,3.0,20260976,beta,original,0.16828478964401294,-0.3347202958853444
gemini35flash,processed,3.0,20260976,beta,penalty_prompt,0.5925196486361536,-0.637142857142857
gemini35flash,processed,3.0,20260976,beta,always_abstain,0.08691631992602866,0.22006472491909385
gemini35flash,processed,3.0,20260977,isotonic_direct,original,0.13499768839574666,-0.236708275543227
gemini35flash,processed,3.0,20260977,isotonic_direct,penalty_prompt,0.5658899676375405,-0.5342857142857143
gemini35flash,processed,3.0,20260977,isotonic_direct,always_abstain,0.055940822931114194,0.3055940822931114
gemini35flash,processed,3.0,20260977,beta,original,0.1488673139158576,-0.3356449375866851
gemini35flash,processed,3.0,20260977,beta,penalty_prompt,0.5797595931576515,-0.6332223763291723
gemini35flash,processed,3.0,20260977,beta,always_abstain,0.06981044845122515,0.20665742024965325
gemini35flash,processed,3.0,20260978,isotonic_direct,original,0.13777161349976885,-0.33564493758668523
gemini35flash,processed,3.0,20260978,isotonic_direct,penalty_prompt,0.5512251502542764,-0.6444845122515026
gemini35flash,processed,3.0,20260978,isotonic_direct,always_abstain,0.10078594544613963,0.20989366620434582
gemini35flash,processed,3.0,20260978,beta,original,0.13730929264909847,-0.33610725843735556
gemini35flash,processed,3.0,20260978,beta,penalty_prompt,0.5507628294036061,-0.6449468331021729
gemini35flash,processed,3.0,20260978,beta,always_abstain,0.10032362459546926,0.20943134535367544
gemini35flash,processed,3.0,20260979,isotonic_direct,original,0.1183541377716135,-0.3384188626907073
gemini35flash,processed,3.0,20260979,isotonic_direct,penalty_prompt,0.5474156264447526,-0.6358298659269533
gemini35flash,processed,3.0,20260979,isotonic_direct,always_abstain,0.07674526121128063,0.20804438280166435
gemini35flash,processed,3.0,20260979,beta,original,0.1183541377716135,-0.3384188626907073
gemini35flash,processed,3.0,20260979,beta,penalty_prompt,0.5474156264447526,-0.6358298659269533
gemini35flash,processed,3.0,20260979,beta,always_abstain,0.07674526121128063,0.20804438280166435
gemini35flash,processed,3.0,20260980,isotonic_direct,original,0.1396208969024503,-0.33749422098936666
gemini35flash,processed,3.0,20260980,isotonic_direct,penalty_prompt,0.5966065649560796,-0.6404530744336571
gemini35flash,processed,3.0,20260980,isotonic_direct,always_abstain,0.06657420249653259,0.21266759130836801
gemini35flash,processed,3.0,20260980,beta,original,0.13915857605177995,-0.337956541840037
gemini35flash,processed,3.0,20260980,beta,penalty_prompt,0.5961442441054092,-0.6409153952843274
gemini35flash,processed,3.0,20260980,beta,always_abstain,0.06611188164586222,0.21220527045769763
gemini35flash,processed,3.0,20260981,isotonic_direct,original,0.14840499306518723,-0.3305594082293112
gemini35flash,processed,3.0,20260981,isotonic_direct,penalty_prompt,0.6022098936662043,-0.6351086453999074
gemini35flash,processed,3.0,20260981,isotonic_direct,always_abstain,0.08830328247803976,0.20850670365233473
gemini35flash,processed,3.0,20260981,beta,original,0.14794267221451687,-0.3310217290799815
gemini35flash,processed,3.0,20260981,beta,penalty_prompt,0.6017475728155339,-0.6355709662505777
gemini35flash,processed,3.0,20260981,beta,always_abstain,0.08784096162736939,0.20804438280166435
gemini35flash,processed,3.0,20260982,isotonic_direct,original,0.14008321775312066,-0.2279241793804901
gemini35flash,processed,3.0,20260982,isotonic_direct,penalty_prompt,0.5802866389274155,-0.5383818770226538
gemini35flash,processed,3.0,20260982,isotonic_direct,always_abstain,0.09847434119278779,0.3111419325011558
gemini35flash,processed,3.0,20260982,beta,original,0.1488673139158576,-0.31900138696255204
gemini35flash,processed,3.0,20260982,beta,penalty_prompt,0.5890707350901525,-0.6294590846047157
gemini35flash,processed,3.0,20260982,beta,always_abstain,0.10725843735552473,0.22006472491909385
gemini35flash,processed,3.0,20260983,isotonic_direct,original,0.12159038372630605,-0.2279241793804901
gemini35flash,processed,3.0,20260983,isotonic_direct,penalty_prompt,0.5513361072584374,-0.5294590846047158
gemini35flash,processed,3.0,20260983,isotonic_direct,always_abstain,0.050855293573740176,0.32085067036523346
gemini35flash,processed,3.0,20260983,beta,original,0.13361072584373557,-0.33610725843735556
gemini35flash,processed,3.0,20260983,beta,penalty_prompt,0.5633564493758669,-0.6376421636615812
gemini35flash,processed,3.0,20260983,beta,always_abstain,0.06287563569116968,0.21266759130836801
gemini35flash,processed,3.0,20260984,isotonic_direct,original,0.1488673139158576,-0.3263985205732778
gemini35flash,processed,3.0,20260984,isotonic_direct,penalty_prompt,0.6476098012020343,-0.6339435968562182
gemini35flash,processed,3.0,20260984,isotonic_direct,always_abstain,0.08090614886731391,0.21220527045769763
gemini35flash,processed,3.0,20260984,beta,original,0.14840499306518723,-0.32686084142394817
gemini35flash,processed,3.0,20260984,beta,penalty_prompt,0.6471474803513638,-0.6344059177068886
gemini35flash,processed,3.0,20260984,beta,always_abstain,0.08044382801664356,0.21174294960702728
gemini35flash,processed,3.0,20260985,isotonic_direct,original,0.14794267221451687,-0.22931114193250113
gemini35flash,processed,3.0,20260985,isotonic_direct,penalty_prompt,0.5742857142857142,-0.5277022653721684
gemini35flash,processed,3.0,20260985,isotonic_direct,always_abstain,0.06796116504854369,0.3102172907998151
gemini35flash,processed,3.0,20260985,beta,original,0.159500693481276,-0.334257975034674
gemini35flash,processed,3.0,20260985,beta,penalty_prompt,0.5858437355524734,-0.6326490984743413
gemini35flash,processed,3.0,20260985,beta,always_abstain,0.07951918631530282,0.20527045769764216
gemini35flash,processed,3.0,20260986,isotonic_direct,original,0.13869625520110956,-0.33472029588534447
gemini35flash,processed,3.0,20260986,isotonic_direct,penalty_prompt,0.6067683772538142,-0.6525196486361535
gemini35flash,processed,3.0,20260986,isotonic_direct,always_abstain,0.0758206195099399,0.20157189089227925
gemini35flash,processed,3.0,20260986,beta,original,0.13869625520110956,-0.33472029588534447
gemini35flash,processed,3.0,20260986,beta,penalty_prompt,0.6067683772538142,-0.6525196486361535
gemini35flash,processed,3.0,20260986,beta,always_abstain,0.0758206195099399,0.20157189089227925
gemini35flash,processed,3.0,20260987,isotonic_direct,original,0.14008321775312066,-0.22977346278317157
gemini35flash,processed,3.0,20260987,isotonic_direct,penalty_prompt,0.5931391585760518,-0.5325566343042072
gemini35flash,processed,3.0,20260987,isotonic_direct,always_abstain,0.0638002773925104,0.31715210355987056
gemini35flash,processed,3.0,20260987,beta,original,0.15210355987055016,-0.33425797503467414
gemini35flash,processed,3.0,20260987,beta,penalty_prompt,0.6051595006934813,-0.6370411465557098
gemini35flash,processed,3.0,20260987,beta,always_abstain,0.0758206195099399,0.21266759130836801
gemini35flash,processed,3.0,20260988,isotonic_direct,original,0.15071659731853906,-0.226537216828479
gemini35flash,processed,3.0,20260988,isotonic_direct,penalty_prompt,0.5668331021729079,-0.5253536754507628
gemini35flash,processed,3.0,20260988,isotonic_direct,always_abstain,0.06842348589921406,0.32362459546925565
gemini35flash,processed,3.0,20260988,beta,original,0.16088765603328709,-0.3365695792880259
gemini35flash,processed,3.0,20260988,beta,penalty_prompt,0.5770041608876559,-0.6353860379103098
gemini35flash,processed,3.0,20260988,beta,always_abstain,0.07859454461396209,0.21359223300970873
gemini35flash,processed,3.0,20260989,isotonic_direct,original,0.14193250115580214,-0.3425797503467406
gemini35flash,processed,3.0,20260989,isotonic_direct,penalty_prompt,0.5744059177068886,-0.627036523347203
gemini35flash,processed,3.0,20260989,isotonic_direct,always_abstain,0.0892279241793805,0.2260748959778086
gemini35flash,processed,3.0,20260989,beta,original,0.14147018030513175,-0.343042071197411
gemini35flash,processed,3.0,20260989,beta,penalty_prompt,0.5739435968562182,-0.6274988441978733
gemini35flash,processed,3.0,20260989,beta,always_abstain,0.08876560332871013,0.22561257512713823
gemini35flash,processed,3.0,20260990,isotonic_direct,original,0.10725843735552473,-0.3273231622746186
gemini35flash,processed,3.0,20260990,isotonic_direct,penalty_prompt,0.5462228386500231,-0.638095238095238
gemini35flash,processed,3.0,20260990,isotonic_direct,always_abstain,0.0850670365233472,0.20896902450300509
gemini35flash,processed,3.0,20260990,beta,original,0.10725843735552473,-0.3273231622746186
gemini35flash,processed,3.0,20260990,beta,penalty_prompt,0.5462228386500231,-0.638095238095238
gemini35flash,processed,3.0,20260990,beta,always_abstain,0.0850670365233472,0.20896902450300509
gemini35flash,processed,3.0,20260991,isotonic_direct,original,0.13129912159038373,-0.3458159963014332
gemini35flash,processed,3.0,20260991,isotonic_direct,penalty_prompt,0.5530466944059177,-0.6338973647711511
gemini35flash,processed,3.0,20260991,isotonic_direct,always_abstain,0.0892279241793805,0.21497919556171982
gemini35flash,processed,3.0,20260991,beta,original,0.13083680073971338,-0.3462783171521036
gemini35flash,processed,3.0,20260991,beta,penalty_prompt,0.5525843735552474,-0.6343596856218214
gemini35flash,processed,3.0,20260991,beta,always_abstain,0.08876560332871013,0.21451687471104947
gemini35flash,processed,3.0,20260992,isotonic_direct,original,0.1317614424410541,-0.3250115580212668
gemini35flash,processed,3.0,20260992,isotonic_direct,penalty_prompt,0.5504022191400832,-0.6225242718446602
gemini35flash,processed,3.0,20260992,isotonic_direct,always_abstain,0.0758206195099399,0.22376329172445678
gemini35flash,processed,3.0,20260992,beta,original,0.1317614424410541,-0.3250115580212668
gemini35flash,processed,3.0,20260992,beta,penalty_prompt,0.5504022191400832,-0.6225242718446602
gemini35flash,processed,3.0,20260992,beta,always_abstain,0.0758206195099399,0.22376329172445678
gemini35flash,processed,3.0,20260993,isotonic_direct,original,0.12482662968099861,-0.3411927877947296
gemini35flash,processed,3.0,20260993,isotonic_direct,penalty_prompt,0.5335829865926953,-0.6422653721682848
gemini35flash,processed,3.0,20260993,isotonic_direct,always_abstain,0.077207582061951,0.20850670365233473
gemini35flash,processed,3.0,20260993,beta,original,0.12482662968099861,-0.3411927877947296
gemini35flash,processed,3.0,20260993,beta,penalty_prompt,0.5335829865926953,-0.6422653721682848
gemini35flash,processed,3.0,20260993,beta,always_abstain,0.077207582061951,0.20850670365233473
gemini35flash,processed,3.0,20260994,isotonic_direct,original,0.13592233009708737,-0.3319463707813223
gemini35flash,processed,3.0,20260994,isotonic_direct,penalty_prompt,0.564197873324087,-0.6366158113730929
gemini35flash,processed,3.0,20260994,isotonic_direct,always_abstain,0.07766990291262135,0.21636615811373092
gemini35flash,processed,3.0,20260994,beta,original,0.13546000924641702,-0.33240869163199266
gemini35flash,processed,3.0,20260994,beta,penalty_prompt,0.5637355524734167,-0.6370781322237633
gemini35flash,processed,3.0,20260994,beta,always_abstain,0.077207582061951,0.21590383726306056
gemini35flash,processed,3.0,20260995,isotonic_direct,original,0.130374479889043,-0.23393435043920485
gemini35flash,processed,3.0,20260995,isotonic_direct,penalty_prompt,0.5780767452612112,-0.5403328710124826
gemini35flash,processed,3.0,20260995,isotonic_direct,always_abstain,0.06102635228848821,0.30513176144244103
gemini35flash,processed,3.0,20260995,beta,original,0.1423948220064725,-0.33841886269070737
gemini35flash,processed,3.0,20260995,beta,penalty_prompt,0.5900970873786408,-0.6448173832639852
gemini35flash,processed,3.0,20260995,beta,always_abstain,0.07304669440591771,0.20064724919093851
gemini35flash,processed,3.0,20260996,isotonic_direct,original,0.11511789181692095,-0.3305594082293111
gemini35flash,processed,3.0,20260996,isotonic_direct,penalty_prompt,0.5852242256125751,-0.6490614886731392
gemini35flash,processed,3.0,20260996,isotonic_direct,always_abstain,0.07073509015256588,0.2020342117429496
gemini35flash,processed,3.0,20260996,beta,original,0.11465557096625059,-0.3310217290799815
gemini35flash,processed,3.0,20260996,beta,penalty_prompt,0.5847619047619048,-0.6495238095238096
gemini35flash,processed,3.0,20260996,beta,always_abstain,0.07027276930189552,0.20157189089227925
gemini35flash,processed,3.0,20260997,isotonic_direct,original,0.15718908922792418,-0.23485899214054556
gemini35flash,processed,3.0,20260997,isotonic_direct,penalty_prompt,0.582135922330097,-0.5427831715210356
gemini35flash,processed,3.0,20260997,isotonic_direct,always_abstain,0.047619047619047616,0.3083680073971336
gemini35flash,processed,3.0,20260997,beta,original,0.16874711049468333,-0.337956541840037
gemini35flash,processed,3.0,20260997,beta,penalty_prompt,0.5936939435968561,-0.645880721220527
gemini35flash,processed,3.0,20260997,beta,always_abstain,0.05917706888580675,0.20527045769764216
gemini35flash,processed,3.0,20260998,isotonic_direct,original,0.1396208969024503,-0.3282478039759593
gemini35flash,processed,3.0,20260998,isotonic_direct,penalty_prompt,0.5833194637078132,-0.6314748035136385
gemini35flash,processed,3.0,20260998,isotonic_direct,always_abstain,0.06842348589921406,0.2182154415164124
gemini35flash,processed,3.0,20260998,beta,original,0.1396208969024503,-0.3282478039759593
gemini35flash,processed,3.0,20260998,beta,penalty_prompt,0.5833194637078132,-0.6314748035136385
gemini35flash,processed,3.0,20260998,beta,always_abstain,0.06842348589921406,0.2182154415164124
gemini35flash,processed,3.0,20260999,isotonic_direct,original,0.14932963476652797,-0.3296347665279704
gemini35flash,processed,3.0,20260999,isotonic_direct,penalty_prompt,0.5931576514100786,-0.6356171983356449
gemini35flash,processed,3.0,20260999,isotonic_direct,always_abstain,0.08784096162736939,0.21359223300970873
gemini35flash,processed,3.0,20260999,beta,original,0.1488673139158576,-0.3300970873786408
gemini35flash,processed,3.0,20260999,beta,penalty_prompt,0.5926953305594082,-0.6360795191863153
gemini35flash,processed,3.0,20260999,beta,always_abstain,0.08737864077669903,0.21312991215903837
gemini35flash,processed,3.0,20261000,isotonic_direct,original,0.12205270457697642,-0.33472029588534447
gemini35flash,processed,3.0,20261000,isotonic_direct,penalty_prompt,0.548830328247804,-0.6369301895515487
gemini35flash,processed,3.0,20261000,isotonic_direct,always_abstain,0.07258437355524734,0.20943134535367544
gemini35flash,processed,3.0,20261000,beta,original,0.12159038372630605,-0.33518261673601485
gemini35flash,processed,3.0,20261000,beta,penalty_prompt,0.5483680073971335,-0.6373925104022191
gemini35flash,processed,3.0,20261000,beta,always_abstain,0.07212205270457697,0.20896902450300509
gemini35flash,processed,3.0,20261001,isotonic_direct,original,0.13592233009708737,-0.3337956541840037
gemini35flash,processed,3.0,20261001,isotonic_direct,penalty_prompt,0.5662228386500231,-0.6378085991678224
gemini35flash,processed,3.0,20261001,isotonic_direct,always_abstain,0.08044382801664356,0.21914008321775313
gemini35flash,processed,3.0,20261001,beta,original,0.13546000924641702,-0.3342579750346741
gemini35flash,processed,3.0,20261001,beta,penalty_prompt,0.5657605177993528,-0.6382709200184928
gemini35flash,processed,3.0,20261001,beta,always_abstain,0.07998150716597319,0.21867776236708275
gemini35flash,processed,3.0,20261002,isotonic_direct,original,0.15349052242256125,-0.3310217290799815
gemini35flash,processed,3.0,20261002,isotonic_direct,penalty_prompt,0.5420249653259362,-0.6452149791955617
gemini35flash,processed,3.0,20261002,isotonic_direct,always_abstain,0.08275543226999538,0.20295885344429035
gemini35flash,processed,3.0,20261002,beta,original,0.15349052242256125,-0.3310217290799815
gemini35flash,processed,3.0,20261002,beta,penalty_prompt,0.5420249653259362,-0.6452149791955617
gemini35flash,processed,3.0,20261002,beta,always_abstain,0.08275543226999538,0.20295885344429035
gemini35flash,processed,3.0,20261003,isotonic_direct,original,0.14193250115580214,-0.231622746185853
gemini35flash,processed,3.0,20261003,isotonic_direct,penalty_prompt,0.6038650023116042,-0.5332963476652797
gemini35flash,processed,3.0,20261003,isotonic_direct,always_abstain,0.08691631992602866,0.31437817845584837
gemini35flash,processed,3.0,20261003,beta,original,0.1530282015718909,-0.33333333333333337
gemini35flash,processed,3.0,20261003,beta,penalty_prompt,0.614960702727693,-0.63500693481276
gemini35flash,processed,3.0,20261003,beta,always_abstain,0.09801202034211742,0.21266759130836801
gemini35flash,processed,3.0,20261004,isotonic_direct,original,0.1183541377716135,-0.3291724456773001
gemini35flash,processed,3.0,20261004,isotonic_direct,penalty_prompt,0.5284697179842811,-0.6338788719371243
gemini35flash,processed,3.0,20261004,isotonic_direct,always_abstain,0.09107720758206195,0.21128062875635692
gemini35flash,processed,3.0,20261004,beta,original,0.1183541377716135,-0.3291724456773001
gemini35flash,processed,3.0,20261004,beta,penalty_prompt,0.5284697179842811,-0.6338788719371243
gemini35flash,processed,3.0,20261004,beta,always_abstain,0.09107720758206195,0.21128062875635692
gemini35flash,processed,3.0,20261005,isotonic_direct,original,0.13407304669440592,-0.3337956541840037
gemini35flash,processed,3.0,20261005,isotonic_direct,penalty_prompt,0.5592417938049006,-0.6329912159038373
gemini35flash,processed,3.0,20261005,isotonic_direct,always_abstain,0.0744336569579288,0.20943134535367544
gemini35flash,processed,3.0,20261005,beta,original,0.13407304669440592,-0.3337956541840037
gemini35flash,processed,3.0,20261005,beta,penalty_prompt,0.5592417938049006,-0.6329912159038373
gemini35flash,processed,3.0,20261005,beta,always_abstain,0.0744336569579288,0.20943134535367544
gemini35flash,processed,3.0,20261006,isotonic_direct,original,0.1262135922330097,-0.3268608414239482
gemini35flash,processed,3.0,20261006,isotonic_direct,penalty_prompt,0.5831067961165048,-0.6339066111881645
gemini35flash,processed,3.0,20261006,isotonic_direct,always_abstain,0.07813222376329172,0.21497919556171982
gemini35flash,processed,3.0,20261006,beta,original,0.12575127138233932,-0.3273231622746186
gemini35flash,processed,3.0,20261006,beta,penalty_prompt,0.5826444752658344,-0.6343689320388348
gemini35flash,processed,3.0,20261006,beta,always_abstain,0.07766990291262135,0.21451687471104947
gemini35flash,processed,3.0,20261007,isotonic_direct,original,0.13730929264909847,-0.22515025427646784
gemini35flash,processed,3.0,20261007,isotonic_direct,penalty_prompt,0.5727600554785022,-0.5297457235321312
gemini35flash,processed,3.0,20261007,isotonic_direct,always_abstain,0.07813222376329172,0.32408691631992603
gemini35flash,processed,3.0,20261007,beta,original,0.15487748497457235,-0.3351826167360148
gemini35flash,processed,3.0,20261007,beta,penalty_prompt,0.590328247803976,-0.6397780859916782
gemini35flash,processed,3.0,20261007,beta,always_abstain,0.0957004160887656,0.2140545538603791
gemini35flash,processed,3.0,20261008,isotonic_direct,original,0.1368469717984281,-0.332871012482663
gemini35flash,processed,3.0,20261008,isotonic_direct,penalty_prompt,0.5745815996301434,-0.6395839112343966
gemini35flash,processed,3.0,20261008,isotonic_direct,always_abstain,0.05779010633379565,0.21312991215903837
gemini35flash,processed,3.0,20261008,beta,original,0.13638465094775776,-0.33333333333333337
gemini35flash,processed,3.0,20261008,beta,penalty_prompt,0.5741192787794731,-0.6400462320850671
gemini35flash,processed,3.0,20261008,beta,always_abstain,0.05732778548312529,0.21266759130836801
gemini35flash,processed,3.0,20261009,isotonic_direct,original,0.13407304669440592,-0.22838650023116042
gemini35flash,processed,3.0,20261009,isotonic_direct,penalty_prompt,0.5586962552011095,-0.5340453074433658
gemini35flash,processed,3.0,20261009,isotonic_direct,always_abstain,0.07397133610725844,0.31807674526121127
gemini35flash,processed,3.0,20261009,beta,original,0.14840499306518723,-0.3305594082293111
gemini35flash,processed,3.0,20261009,beta,penalty_prompt,0.5730282015718908,-0.6362182154415164
gemini35flash,processed,3.0,20261009,beta,always_abstain,0.08830328247803976,0.21590383726306056
gemini35flash,processed,3.0,20261010,isotonic_direct,original,0.13453536754507628,-0.23717059639389743
gemini35flash,processed,3.0,20261010,isotonic_direct,penalty_prompt,0.5693296347665279,-0.5398335644937586
gemini35flash,processed,3.0,20261010,isotonic_direct,always_abstain,0.038834951456310676,0.3125288950531669
gemini35flash,processed,3.0,20261010,beta,original,0.14932963476652797,-0.3462783171521036
gemini35flash,processed,3.0,20261010,beta,penalty_prompt,0.5841239019879796,-0.6489412852519647
gemini35flash,processed,3.0,20261010,beta,always_abstain,0.053629218677762366,0.2034211742949607
gemini35flash,processed,3.0,20261011,isotonic_direct,original,0.1396208969024503,-0.33009708737864074
gemini35flash,processed,3.0,20261011,isotonic_direct,penalty_prompt,0.55750346740638,-0.6369856680536292
gemini35flash,processed,3.0,20261011,isotonic_direct,always_abstain,0.050855293573740176,0.20989366620434582
gemini35flash,processed,3.0,20261011,beta,original,0.13915857605177995,-0.33055940822931107
gemini35flash,processed,3.0,20261011,beta,penalty_prompt,0.5570411465557097,-0.6374479889042995
gemini35flash,processed,3.0,20261011,beta,always_abstain,0.050392972723069814,0.20943134535367544
gemini35flash,processed,3.0,20261012,isotonic_direct,original,0.13083680073971338,-0.2242256125751272
gemini35flash,processed,3.0,20261012,isotonic_direct,penalty_prompt,0.5903652334720296,-0.5206472491909384
gemini35flash,processed,3.0,20261012,isotonic_direct,always_abstain,0.050392972723069814,0.32408691631992603
gemini35flash,processed,3.0,20261012,beta,original,0.1516412390198798,-0.3291724456773001
gemini35flash,processed,3.0,20261012,beta,penalty_prompt,0.611169671752196,-0.6255940822931113
gemini35flash,processed,3.0,20261012,beta,always_abstain,0.07119741100323625,0.21914008321775313
gemini35flash,processed,6.0,20260913,isotonic_direct,original,0.036523347202958856,-0.2061950993989829
gemini35flash,processed,6.0,20260913,isotonic_direct,penalty_prompt,1.3558113730929264,-0.7962274618585298
gemini35flash,processed,6.0,20260913,isotonic_direct,always_abstain,0.00785945446139621,0.00785945446139621
gemini35flash,processed,6.0,20260913,beta,original,0.033749422098936666,-0.20896902450300509
gemini35flash,processed,6.0,20260913,beta,penalty_prompt,1.3530374479889042,-0.799001386962552
gemini35flash,processed,6.0,20260913,beta,always_abstain,0.005085529357374018,0.005085529357374018
gemini35flash,processed,6.0,20260914,isotonic_direct,original,0.028201571890892282,-0.19833564493758668
gemini35flash,processed,6.0,20260914,isotonic_direct,penalty_prompt,1.3732963476652797,-0.8157651410078595
gemini35flash,processed,6.0,20260914,isotonic_direct,always_abstain,0.005547850208044383,0.005547850208044383
gemini35flash,processed,6.0,20260914,beta,original,0.02727693018955155,-0.19926028663892742
gemini35flash,processed,6.0,20260914,beta,penalty_prompt,1.372371705963939,-0.8166897827092002
gemini35flash,processed,6.0,20260914,beta,always_abstain,0.004623208506703652,0.004623208506703652
gemini35flash,processed,6.0,20260915,isotonic_direct,original,-0.005085529357374017,-0.19602404068423485
gemini35flash,processed,6.0,20260915,isotonic_direct,penalty_prompt,1.3569579288025888,-0.8075080906148867
gemini35flash,processed,6.0,20260915,isotonic_direct,always_abstain,0.005547850208044383,0.00878409616273694
gemini35flash,processed,6.0,20260915,beta,original,-0.009246417013407305,-0.20018492834026816
gemini35flash,processed,6.0,20260915,beta,penalty_prompt,1.3527970411465555,-0.81166897827092
gemini35flash,processed,6.0,20260915,beta,always_abstain,0.0013869625520110957,0.004623208506703652
gemini35flash,processed,6.0,20260916,isotonic_direct,original,0.0018492834026814613,-0.040221914008321785
gemini35flash,processed,6.0,20260916,isotonic_direct,penalty_prompt,1.3372723069810446,-0.6494590846047157
gemini35flash,processed,6.0,20260916,isotonic_direct,always_abstain,-0.02820157189089228,0.16273693943596856
gemini35flash,processed,6.0,20260916,beta,original,0.03559870550161812,-0.19741100323624597
gemini35flash,processed,6.0,20260916,beta,penalty_prompt,1.3710217290799813,-0.8066481738326399
gemini35flash,processed,6.0,20260916,beta,always_abstain,0.005547850208044383,0.005547850208044383
gemini35flash,processed,6.0,20260917,isotonic_direct,original,0.018030513176144243,-0.2085067036523347
gemini35flash,processed,6.0,20260917,isotonic_direct,penalty_prompt,1.3574757281553398,-0.8029773462783171
gemini35flash,processed,6.0,20260917,isotonic_direct,always_abstain,0.00785945446139621,0.00785945446139621
gemini35flash,processed,6.0,20260917,beta,original,0.016181229773462785,-0.21035598705501618
gemini35flash,processed,6.0,20260917,beta,penalty_prompt,1.3556264447526585,-0.8048266296809986
gemini35flash,processed,6.0,20260917,beta,always_abstain,0.006010171058714748,0.006010171058714748
gemini35flash,processed,6.0,20260918,isotonic_direct,original,0.038834951456310676,-0.19741100323624594
gemini35flash,processed,6.0,20260918,isotonic_direct,penalty_prompt,1.3735275080906149,-0.8003236245954692
gemini35flash,processed,6.0,20260918,isotonic_direct,always_abstain,0.005547850208044383,0.00878409616273694
gemini35flash,processed,6.0,20260918,beta,original,0.03421174294960703,-0.2020342117429496
gemini35flash,processed,6.0,20260918,beta,penalty_prompt,1.3689042995839111,-0.8049468331021729
gemini35flash,processed,6.0,20260918,beta,always_abstain,0.0009246417013407304,0.004160887656033287
gemini35flash,processed,6.0,20260919,isotonic_direct,original,-0.009708737864077669,-0.20711974110032363
gemini35flash,processed,6.0,20260919,isotonic_direct,penalty_prompt,1.3544521497919557,-0.7999167822468793
gemini35flash,processed,6.0,20260919,isotonic_direct,always_abstain,0.006934812760055479,0.006934812760055479
gemini35flash,processed,6.0,20260919,beta,original,-0.011095700416088764,-0.20850670365233473
gemini35flash,processed,6.0,20260919,beta,penalty_prompt,1.3530651872399446,-0.8013037447988904
gemini35flash,processed,6.0,20260919,beta,always_abstain,0.005547850208044383,0.005547850208044383
gemini35flash,processed,6.0,20260920,isotonic_direct,original,0.024965325936199722,-0.2048081368469718
gemini35flash,processed,6.0,20260920,isotonic_direct,penalty_prompt,1.3966897827092002,-0.7963846509477577
gemini35flash,processed,6.0,20260920,isotonic_direct,always_abstain,0.003236245954692557,0.006472491909385114
gemini35flash,processed,6.0,20260920,beta,original,0.02311604253351826,-0.20665742024965328
gemini35flash,processed,6.0,20260920,beta,penalty_prompt,1.3948404993065187,-0.7982339343504392
gemini35flash,processed,6.0,20260920,beta,always_abstain,0.0013869625520110957,0.004623208506703652
gemini35flash,processed,6.0,20260921,isotonic_direct,original,0.03744798890429958,-0.19879796578825706
gemini35flash,processed,6.0,20260921,isotonic_direct,penalty_prompt,1.4455293573740178,-0.8145353675450764
gemini35flash,processed,6.0,20260921,isotonic_direct,always_abstain,0.006934812760055479,0.006934812760055479
gemini35flash,processed,6.0,20260921,beta,original,0.03467406380027739,-0.20157189089227925
gemini35flash,processed,6.0,20260921,beta,penalty_prompt,1.4427554322699956,-0.8173092926490986
gemini35flash,processed,6.0,20260921,beta,always_abstain,0.004160887656033287,0.004160887656033287
gemini35flash,processed,6.0,20260922,isotonic_direct,original,0.024040684234858993,-0.20249653259361997
gemini35flash,processed,6.0,20260922,isotonic_direct,penalty_prompt,1.3723994452149793,-0.8031992602866389
gemini35flash,processed,6.0,20260922,isotonic_direct,always_abstain,0.005547850208044383,0.005547850208044383
gemini35flash,processed,6.0,20260922,beta,original,0.022653721682847898,-0.20388349514563106
gemini35flash,processed,6.0,20260922,beta,penalty_prompt,1.3710124826629682,-0.80458622283865
gemini35flash,processed,6.0,20260922,beta,always_abstain,0.004160887656033287,0.004160887656033287
gemini35flash,processed,6.0,20260923,isotonic_direct,original,-0.0018492834026814613,-0.2154415164123902
gemini35flash,processed,6.0,20260923,isotonic_direct,penalty_prompt,1.3704392048081369,-0.8082015718908923
gemini35flash,processed,6.0,20260923,isotonic_direct,always_abstain,0.004160887656033287,0.007397133610725843
gemini35flash,processed,6.0,20260923,beta,original,-0.005547850208044383,-0.2191400832177531
gemini35flash,processed,6.0,20260923,beta,penalty_prompt,1.366740638002774,-0.8119001386962551
gemini35flash,processed,6.0,20260923,beta,always_abstain,0.0004623208506703652,0.0036985668053629217
gemini35flash,processed,6.0,20260924,isotonic_direct,original,0.033749422098936666,-0.20249653259361997
gemini35flash,processed,6.0,20260924,isotonic_direct,penalty_prompt,1.4251687471104946,-0.8066111881645862
gemini35flash,processed,6.0,20260924,isotonic_direct,always_abstain,0.00785945446139621,0.00785945446139621
gemini35flash,processed,6.0,20260924,beta,original,0.030513176144244106,-0.20573277854831254
gemini35flash,processed,6.0,20260924,beta,penalty_prompt,1.4219325011558022,-0.8098474341192788
gemini35flash,processed,6.0,20260924,beta,always_abstain,0.004623208506703652,0.004623208506703652
gemini35flash,processed,6.0,20260925,isotonic_direct,original,0.03791030975496995,-0.20157189089227923
gemini35flash,processed,6.0,20260925,isotonic_direct,penalty_prompt,1.3275173370319,-0.8060101710587148
gemini35flash,processed,6.0,20260925,isotonic_direct,always_abstain,0.00785945446139621,0.00785945446139621
gemini35flash,processed,6.0,20260925,beta,original,0.03421174294960703,-0.20527045769764216
gemini35flash,processed,6.0,20260925,beta,penalty_prompt,1.3238187702265372,-0.8097087378640777
gemini35flash,processed,6.0,20260925,beta,always_abstain,0.004160887656033287,0.004160887656033287
gemini35flash,processed,6.0,20260926,isotonic_direct,original,0.013869625520110958,-0.047619047619047616
gemini35flash,processed,6.0,20260926,isotonic_direct,penalty_prompt,1.3241423948220064,-0.6487378640776699
gemini35flash,processed,6.0,20260926,isotonic_direct,always_abstain,-0.029588534442903373,0.16458622283865001
gemini35flash,processed,6.0,20260926,beta,original,0.04900601017105871,-0.20665742024965325
gemini35flash,processed,6.0,20260926,beta,penalty_prompt,1.3592787794729542,-0.8077762367082755
gemini35flash,processed,6.0,20260926,beta,always_abstain,0.005547850208044383,0.005547850208044383
gemini35flash,processed,6.0,20260927,isotonic_direct,original,0.00832177531206657,-0.046694405917706905
gemini35flash,processed,6.0,20260927,isotonic_direct,penalty_prompt,1.3143134535367547,-0.644197873324087
gemini35flash,processed,6.0,20260927,isotonic_direct,always_abstain,-0.03421174294960703,0.16319926028663892
gemini35flash,processed,6.0,20260927,beta,original,0.04808136846971798,-0.20434581599630144
gemini35flash,processed,6.0,20260927,beta,penalty_prompt,1.354073046694406,-0.8018492834026815
gemini35flash,processed,6.0,20260927,beta,always_abstain,0.005547850208044383,0.005547850208044383
gemini35flash,processed,6.0,20260928,isotonic_direct,original,0.020804438280166437,-0.1927877947295423
gemini35flash,processed,6.0,20260928,isotonic_direct,penalty_prompt,1.3067128987517336,-0.7961349976883957
gemini35flash,processed,6.0,20260928,isotonic_direct,always_abstain,0.005085529357374018,0.008321775312066574
gemini35flash,processed,6.0,20260928,beta,original,0.01756819232547388,-0.19602404068423485
gemini35flash,processed,6.0,20260928,beta,penalty_prompt,1.3034766527970412,-0.7993712436430882
gemini35flash,processed,6.0,20260928,beta,always_abstain,0.0018492834026814608,0.005085529357374018
gemini35flash,processed,6.0,20260929,isotonic_direct,original,0.026814609338881183,-0.20295885344429032
gemini35flash,processed,6.0,20260929,isotonic_direct,penalty_prompt,1.4240036985668052,-0.8189736477115118
gemini35flash,processed,6.0,20260929,isotonic_direct,always_abstain,0.00785945446139621,0.00785945446139621
gemini35flash,processed,6.0,20260929,beta,original,0.02311604253351826,-0.20665742024965325
gemini35flash,processed,6.0,20260929,beta,penalty_prompt,1.4203051317614424,-0.8226722145168748
gemini35flash,processed,6.0,20260929,beta,always_abstain,0.004160887656033287,0.004160887656033287
gemini35flash,processed,6.0,20260930,isotonic_direct,original,0.002311604253351826,-0.2048081368469718
gemini35flash,processed,6.0,20260930,isotonic_direct,penalty_prompt,1.2817753120665742,-0.7997133610725844
gemini35flash,processed,6.0,20260930,isotonic_direct,always_abstain,0.005547850208044383,0.00878409616273694
gemini35flash,processed,6.0,20260930,beta,original,-0.0004623208506703653,-0.207582061950994
gemini35flash,processed,6.0,20260930,beta,penalty_prompt,1.279001386962552,-0.8024872861766066
gemini35flash,processed,6.0,20260930,beta,always_abstain,0.0027739251040221915,0.006010171058714748
gemini35flash,processed,6.0,20260931,isotonic_direct,original,0.015256588072122053,-0.20157189089227923
gemini35flash,processed,6.0,20260931,isotonic_direct,penalty_prompt,1.225926953305594,-0.7916134997688395
gemini35flash,processed,6.0,20260931,isotonic_direct,always_abstain,0.00785945446139621,0.00785945446139621
gemini35flash,processed,6.0,20260931,beta,original,0.012020342117429497,-0.2048081368469718
gemini35flash,processed,6.0,20260931,beta,penalty_prompt,1.2226907073509017,-0.7948497457235322
gemini35flash,processed,6.0,20260931,beta,always_abstain,0.004623208506703652,0.004623208506703652
gemini35flash,processed,6.0,20260932,isotonic_direct,original,0.006010171058714748,-0.20434581599630142
gemini35flash,processed,6.0,20260932,isotonic_direct,penalty_prompt,1.362699953767915,-0.8037725381414701
gemini35flash,processed,6.0,20260932,isotonic_direct,always_abstain,0.006472491909385114,0.006472491909385114
gemini35flash,processed,6.0,20260932,beta,original,0.004623208506703652,-0.2057327785483125
gemini35flash,processed,6.0,20260932,beta,penalty_prompt,1.3613129912159039,-0.8051595006934812
gemini35flash,processed,6.0,20260932,beta,always_abstain,0.005085529357374018,0.005085529357374018
gemini35flash,processed,6.0,20260933,isotonic_direct,original,0.018030513176144243,-0.2085067036523347
gemini35flash,processed,6.0,20260933,isotonic_direct,penalty_prompt,1.3162921867776238,-0.8057790106333794
gemini35flash,processed,6.0,20260933,isotonic_direct,always_abstain,0.003236245954692557,0.006472491909385114
gemini35flash,processed,6.0,20260933,beta,original,0.014331946370781322,-0.21220527045769763
gemini35flash,processed,6.0,20260933,beta,penalty_prompt,1.3125936199722608,-0.8094775774387424
gemini35flash,processed,6.0,20260933,beta,always_abstain,-0.0004623208506703652,0.0027739251040221915
gemini35flash,processed,6.0,20260934,isotonic_direct,original,0.0023116042533518275,-0.042995839112343975
gemini35flash,processed,6.0,20260934,isotonic_direct,penalty_prompt,1.3721682847896441,-0.6414886731391586
gemini35flash,processed,6.0,20260934,isotonic_direct,always_abstain,-0.028663892741562644,0.1687471104946833
gemini35flash,processed,6.0,20260934,beta,original,0.036523347202958856,-0.2061950993989829
gemini35flash,processed,6.0,20260934,beta,penalty_prompt,1.406380027739251,-0.8046879334257975
gemini35flash,processed,6.0,20260934,beta,always_abstain,0.005547850208044383,0.005547850208044383
gemini35flash,processed,6.0,20260935,isotonic_direct,original,0.008784096162736938,-0.20157189089227925
gemini35flash,processed,6.0,20260935,isotonic_direct,penalty_prompt,1.2707535829865928,-0.7938418862690707
gemini35flash,processed,6.0,20260935,isotonic_direct,always_abstain,0.008321775312066574,0.008321775312066574
gemini35flash,processed,6.0,20260935,beta,original,0.005085529357374018,-0.20527045769764218
gemini35flash,processed,6.0,20260935,beta,penalty_prompt,1.26705501618123,-0.7975404530744337
gemini35flash,processed,6.0,20260935,beta,always_abstain,0.004623208506703652,0.004623208506703652
gemini35flash,processed,6.0,20260936,isotonic_direct,original,0.03005085529357374,-0.2061950993989829
gemini35flash,processed,6.0,20260936,isotonic_direct,penalty_prompt,1.3631530282015718,-0.806037910309755
gemini35flash,processed,6.0,20260936,isotonic_direct,always_abstain,0.005085529357374018,0.008321775312066574
gemini35flash,processed,6.0,20260936,beta,original,0.027739251040221912,-0.20850670365233473
gemini35flash,processed,6.0,20260936,beta,penalty_prompt,1.36084142394822,-0.8083495145631069
gemini35flash,processed,6.0,20260936,beta,always_abstain,0.0027739251040221915,0.006010171058714748
gemini35flash,processed,6.0,20260937,isotonic_direct,original,0.021266759130836803,-0.21497919556171985
gemini35flash,processed,6.0,20260937,isotonic_direct,penalty_prompt,1.323929727230698,-0.8048728617660658
gemini35flash,processed,6.0,20260937,isotonic_direct,always_abstain,0.004160887656033287,0.007397133610725843
gemini35flash,processed,6.0,20260937,beta,original,0.01849283402681461,-0.21775312066574204
gemini35flash,processed,6.0,20260937,beta,penalty_prompt,1.3211558021266758,-0.807646786870088
gemini35flash,processed,6.0,20260937,beta,always_abstain,0.0013869625520110957,0.004623208506703652
gemini35flash,processed,6.0,20260938,isotonic_direct,original,0.03421174294960703,-0.20527045769764216
gemini35flash,processed,6.0,20260938,isotonic_direct,penalty_prompt,1.3465094775774387,-0.8039112343966712
gemini35flash,processed,6.0,20260938,isotonic_direct,always_abstain,0.00785945446139621,0.00785945446139621
gemini35flash,processed,6.0,20260938,beta,original,0.03143781784558483,-0.20804438280166435
gemini35flash,processed,6.0,20260938,beta,penalty_prompt,1.3437355524734165,-0.8066851595006934
gemini35flash,processed,6.0,20260938,beta,always_abstain,0.005085529357374018,0.005085529357374018
gemini35flash,processed,6.0,20260939,isotonic_direct,original,0.020804438280166433,-0.20573277854831254
gemini35flash,processed,6.0,20260939,isotonic_direct,penalty_prompt,1.3492556634304207,-0.8055016181229774
gemini35flash,processed,6.0,20260939,isotonic_direct,always_abstain,0.008321775312066574,0.008321775312066574
gemini35flash,processed,6.0,20260939,beta,original,0.01849283402681461,-0.20804438280166437
gemini35flash,processed,6.0,20260939,beta,penalty_prompt,1.346944059177069,-0.8078132223763292
gemini35flash,processed,6.0,20260939,beta,always_abstain,0.006010171058714748,0.006010171058714748
gemini35flash,processed,6.0,20260940,isotonic_direct,original,-0.0023116042533518257,-0.21266759130836801
gemini35flash,processed,6.0,20260940,isotonic_direct,penalty_prompt,1.387101248266297,-0.8075913083680075
gemini35flash,processed,6.0,20260940,isotonic_direct,always_abstain,0.006934812760055479,0.006934812760055479
gemini35flash,processed,6.0,20260940,beta,original,-0.005547850208044383,-0.21590383726306056
gemini35flash,processed,6.0,20260940,beta,penalty_prompt,1.3838650023116044,-0.8108275543227
gemini35flash,processed,6.0,20260940,beta,always_abstain,0.0036985668053629217,0.0036985668053629217
gemini35flash,processed,6.0,20260941,isotonic_direct,original,0.013407304669440592,-0.19694868238557559
gemini35flash,processed,6.0,20260941,isotonic_direct,penalty_prompt,1.3023116042533518,-0.8025427646786869
gemini35flash,processed,6.0,20260941,isotonic_direct,always_abstain,0.00785945446139621,0.00785945446139621
gemini35flash,processed,6.0,20260941,beta,original,0.010171058714748035,-0.20018492834026816
gemini35flash,processed,6.0,20260941,beta,penalty_prompt,1.2990753582986594,-0.8057790106333795
gemini35flash,processed,6.0,20260941,beta,always_abstain,0.004623208506703652,0.004623208506703652
gemini35flash,processed,6.0,20260942,isotonic_direct,original,0.03143781784558484,-0.2048081368469718
gemini35flash,processed,6.0,20260942,isotonic_direct,penalty_prompt,1.3096532593619972,-0.7979842810910772
gemini35flash,processed,6.0,20260942,isotonic_direct,always_abstain,0.006010171058714748,0.009246417013407305
gemini35flash,processed,6.0,20260942,beta,original,0.028663892741562644,-0.207582061950994
gemini35flash,processed,6.0,20260942,beta,penalty_prompt,1.306879334257975,-0.8007582061950994
gemini35flash,processed,6.0,20260942,beta,always_abstain,0.003236245954692557,0.006472491909385114
gemini35flash,processed,6.0,20260943,isotonic_direct,original,-0.013407304669440593,-0.20110957004160887
gemini35flash,processed,6.0,20260943,isotonic_direct,penalty_prompt,1.3353398058252428,-0.8061488673139159
gemini35flash,processed,6.0,20260943,isotonic_direct,always_abstain,0.009246417013407305,0.009246417013407305
gemini35flash,processed,6.0,20260943,beta,original,-0.016181229773462785,-0.20388349514563106
gemini35flash,processed,6.0,20260943,beta,penalty_prompt,1.3325658807212206,-0.8089227924179381
gemini35flash,processed,6.0,20260943,beta,always_abstain,0.006472491909385114,0.006472491909385114
gemini35flash,processed,6.0,20260944,isotonic_direct,original,0.01710587147480351,-0.1997226074895978
gemini35flash,processed,6.0,20260944,isotonic_direct,penalty_prompt,1.37706888580675,-0.8122515025427648
gemini35flash,processed,6.0,20260944,isotonic_direct,always_abstain,0.007397133610725843,0.007397133610725843
gemini35flash,processed,6.0,20260944,beta,original,0.014794267221451687,-0.2020342117429496
gemini35flash,processed,6.0,20260944,beta,penalty_prompt,1.374757281553398,-0.8145631067961165
gemini35flash,processed,6.0,20260944,beta,always_abstain,0.005085529357374018,0.005085529357374018
gemini35flash,processed,6.0,20260945,isotonic_direct,original,0.006010171058714748,-0.20434581599630144
gemini35flash,processed,6.0,20260945,isotonic_direct,penalty_prompt,1.3291816920943136,-0.8046694405917707
gemini35flash,processed,6.0,20260945,isotonic_direct,always_abstain,0.006010171058714748,0.006010171058714748
gemini35flash,processed,6.0,20260945,beta,original,0.0027739251040221915,-0.207582061950994
gemini35flash,processed,6.0,20260945,beta,penalty_prompt,1.325945446139621,-0.8079056865464632
gemini35flash,processed,6.0,20260945,beta,always_abstain,0.0027739251040221915,0.0027739251040221915
gemini35flash,processed,6.0,20260946,isotonic_direct,original,0.004623208506703652,-0.2057327785483125
gemini35flash,processed,6.0,20260946,isotonic_direct,penalty_prompt,1.3157928802588998,-0.7992233009708737
gemini35flash,processed,6.0,20260946,isotonic_direct,always_abstain,0.004623208506703652,0.00785945446139621
gemini35flash,processed,6.0,20260946,beta,original,0.002311604253351826,-0.20804438280166435
gemini35flash,processed,6.0,20260946,beta,penalty_prompt,1.3134812760055479,-0.8015349052242255
gemini35flash,processed,6.0,20260946,beta,always_abstain,0.002311604253351826,0.005547850208044383
gemini35flash,processed,6.0,20260947,isotonic_direct,original,0.016181229773462782,-0.20388349514563106
gemini35flash,processed,6.0,20260947,isotonic_direct,penalty_prompt,1.3804900601017105,-0.801451687471105
gemini35flash,processed,6.0,20260947,isotonic_direct,always_abstain,0.009708737864077669,0.009708737864077669
gemini35flash,processed,6.0,20260947,beta,original,0.012482662968099863,-0.207582061950994
gemini35flash,processed,6.0,20260947,beta,penalty_prompt,1.3767914932963476,-0.8051502542764679
gemini35flash,processed,6.0,20260947,beta,always_abstain,0.006010171058714748,0.006010171058714748
gemini35flash,processed,6.0,20260948,isotonic_direct,original,0.005547850208044382,-0.20157189089227925
gemini35flash,processed,6.0,20260948,isotonic_direct,penalty_prompt,1.3349237170596393,-0.801904761904762
gemini35flash,processed,6.0,20260948,isotonic_direct,always_abstain,0.008321775312066574,0.008321775312066574
gemini35flash,processed,6.0,20260948,beta,original,0.0027739251040221915,-0.20434581599630144
gemini35flash,processed,6.0,20260948,beta,penalty_prompt,1.3321497919556171,-0.8046786870087842
gemini35flash,processed,6.0,20260948,beta,always_abstain,0.005547850208044383,0.005547850208044383
gemini35flash,processed,6.0,20260949,isotonic_direct,original,0.0004623208506703558,0.00046232085067038353
gemini35flash,processed,6.0,20260949,isotonic_direct,penalty_prompt,1.4081645862228385,-0.5978548312528894
gemini35flash,processed,6.0,20260949,isotonic_direct,always_abstain,-0.0744336569579288,0.20711974110032363
gemini35flash,processed,6.0,20260949,beta,original,0.02496532593619972,-0.04623208506703652
gemini35flash,processed,6.0,20260949,beta,penalty_prompt,1.432667591308368,-0.6445492371705963
gemini35flash,processed,6.0,20260949,beta,always_abstain,-0.049930651872399444,0.16042533518261673
gemini35flash,processed,6.0,20260950,isotonic_direct,original,0.02311604253351826,-0.20018492834026813
gemini35flash,processed,6.0,20260950,isotonic_direct,penalty_prompt,1.294026814609339,-0.7940638002773924
gemini35flash,processed,6.0,20260950,isotonic_direct,always_abstain,0.006010171058714748,0.009246417013407305
gemini35flash,processed,6.0,20260950,beta,original,0.02034211742949607,-0.20295885344429032
gemini35flash,processed,6.0,20260950,beta,penalty_prompt,1.2912528895053168,-0.7968377253814146
gemini35flash,processed,6.0,20260950,beta,always_abstain,0.003236245954692557,0.006472491909385114
gemini35flash,processed,6.0,20260951,isotonic_direct,original,0.038372630605640314,-0.21081830790568654
gemini35flash,processed,6.0,20260951,isotonic_direct,penalty_prompt,1.2696994914470645,-0.8013684697179843
gemini35flash,processed,6.0,20260951,isotonic_direct,always_abstain,0.0106333795654184,0.0106333795654184
gemini35flash,processed,6.0,20260951,beta,original,0.03421174294960703,-0.21497919556171982
gemini35flash,processed,6.0,20260951,beta,penalty_prompt,1.2655386037910312,-0.8055293573740175
gemini35flash,processed,6.0,20260951,beta,always_abstain,0.006472491909385114,0.006472491909385114
gemini35flash,processed,6.0,20260952,isotonic_direct,original,0.006010171058714748,-0.207582061950994
gemini35flash,processed,6.0,20260952,isotonic_direct,penalty_prompt,1.3783448913546001,-0.7990013869625521
gemini35flash,processed,6.0,20260952,isotonic_direct,always_abstain,0.008321775312066574,0.008321775312066574
gemini35flash,processed,6.0,20260952,beta,original,0.0013869625520110955,-0.21220527045769763
gemini35flash,processed,6.0,20260952,beta,penalty_prompt,1.3737216828478964,-0.8036245954692557
gemini35flash,processed,6.0,20260952,beta,always_abstain,0.0036985668053629217,0.0036985668053629217
gemini35flash,processed,6.0,20260953,isotonic_direct,original,0.033287101248266296,-0.2061950993989829
gemini35flash,processed,6.0,20260953,isotonic_direct,penalty_prompt,1.3032362459546927,-0.8018770226537217
gemini35flash,processed,6.0,20260953,isotonic_direct,always_abstain,0.010171058714748035,0.010171058714748035
gemini35flash,processed,6.0,20260953,beta,original,0.02912621359223301,-0.21035598705501618
gemini35flash,processed,6.0,20260953,beta,penalty_prompt,1.2990753582986594,-0.806037910309755
gemini35flash,processed,6.0,20260953,beta,always_abstain,0.006010171058714748,0.006010171058714748
gemini35flash,processed,6.0,20260954,isotonic_direct,original,-0.006010171058714747,-0.20018492834026816
gemini35flash,processed,6.0,20260954,isotonic_direct,penalty_prompt,1.3391215903837261,-0.8008136846971797
gemini35flash,processed,6.0,20260954,isotonic_direct,always_abstain,0.006472491909385114,0.009708737864077669
gemini35flash,processed,6.0,20260954,beta,original,-0.010171058714748035,-0.20434581599630144
gemini35flash,processed,6.0,20260954,beta,penalty_prompt,1.3349607027276928,-0.804974572353213
gemini35flash,processed,6.0,20260954,beta,always_abstain,0.002311604253351826,0.005547850208044383
gemini35flash,processed,6.0,20260955,isotonic_direct,original,0.01756819232547388,-0.20249653259361997
gemini35flash,processed,6.0,20260955,isotonic_direct,penalty_prompt,1.3351271382339345,-0.8071382339343505
gemini35flash,processed,6.0,20260955,isotonic_direct,always_abstain,0.003236245954692557,0.006472491909385114
gemini35flash,processed,6.0,20260955,beta,original,0.015256588072122053,-0.2048081368469718
gemini35flash,processed,6.0,20260955,beta,penalty_prompt,1.3328155339805825,-0.8094498381877023
gemini35flash,processed,6.0,20260955,beta,always_abstain,0.0009246417013407304,0.004160887656033287
gemini35flash,processed,6.0,20260956,isotonic_direct,original,0.012944983818770225,-0.19417475728155342
gemini35flash,processed,6.0,20260956,isotonic_direct,penalty_prompt,1.2962459546925564,-0.7988349514563108
gemini35flash,processed,6.0,20260956,isotonic_direct,always_abstain,0.005547850208044383,0.00878409616273694
gemini35flash,processed,6.0,20260956,beta,original,0.010171058714748035,-0.1969486823855756
gemini35flash,processed,6.0,20260956,beta,penalty_prompt,1.2934720295885342,-0.801608876560333
gemini35flash,processed,6.0,20260956,beta,always_abstain,0.0027739251040221915,0.006010171058714748
gemini35flash,processed,6.0,20260957,isotonic_direct,original,0.03698566805362922,-0.19926028663892742
gemini35flash,processed,6.0,20260957,isotonic_direct,penalty_prompt,1.3496532593619972,-0.8029680998613038
gemini35flash,processed,6.0,20260957,isotonic_direct,always_abstain,0.005547850208044383,0.00878409616273694
gemini35flash,processed,6.0,20260957,beta,original,0.0346740638002774,-0.20157189089227923
gemini35flash,processed,6.0,20260957,beta,penalty_prompt,1.3473416551086455,-0.8052797041146555
gemini35flash,processed,6.0,20260957,beta,always_abstain,0.003236245954692557,0.006472491909385114
gemini35flash,processed,6.0,20260958,isotonic_direct,original,-0.012944983818770227,-0.19093851132686085
gemini35flash,processed,6.0,20260958,isotonic_direct,penalty_prompt,1.3103744798890429,-0.8089782709200186
gemini35flash,processed,6.0,20260958,isotonic_direct,always_abstain,0.00785945446139621,0.011095700416088766
gemini35flash,processed,6.0,20260958,beta,original,-0.016181229773462785,-0.1941747572815534
gemini35flash,processed,6.0,20260958,beta,penalty_prompt,1.3071382339343505,-0.8122145168747111
gemini35flash,processed,6.0,20260958,beta,always_abstain,0.004623208506703652,0.00785945446139621
gemini35flash,processed,6.0,20260959,isotonic_direct,original,0.027276930189551546,-0.20896902450300509
gemini35flash,processed,6.0,20260959,isotonic_direct,penalty_prompt,1.3990661118816459,-0.7946555709662507
gemini35flash,processed,6.0,20260959,isotonic_direct,always_abstain,0.004160887656033287,0.007397133610725843
gemini35flash,processed,6.0,20260959,beta,original,0.025427646786870088,-0.21081830790568654
gemini35flash,processed,6.0,20260959,beta,penalty_prompt,1.3972168284789643,-0.7965048543689321
gemini35flash,processed,6.0,20260959,beta,always_abstain,0.002311604253351826,0.005547850208044383
gemini35flash,processed,6.0,20260960,isotonic_direct,original,0.019417475728155338,-0.19741100323624597
gemini35flash,processed,6.0,20260960,isotonic_direct,penalty_prompt,1.2717614424410542,-0.796458622283865
gemini35flash,processed,6.0,20260960,isotonic_direct,always_abstain,0.008321775312066574,0.008321775312066574
gemini35flash,processed,6.0,20260960,beta,original,0.016643550624133148,-0.20018492834026816
gemini35flash,processed,6.0,20260960,beta,penalty_prompt,1.268987517337032,-0.7992325473878872
gemini35flash,processed,6.0,20260960,beta,always_abstain,0.005547850208044383,0.005547850208044383
gemini35flash,processed,6.0,20260961,isotonic_direct,original,0.04022191400832178,-0.20573277854831254
gemini35flash,processed,6.0,20260961,isotonic_direct,penalty_prompt,1.3903374942209894,-0.8080443828016644
gemini35flash,processed,6.0,20260961,isotonic_direct,always_abstain,0.0036985668053629217,0.006934812760055479
gemini35flash,processed,6.0,20260961,beta,original,0.038372630605640314,-0.207582061950994
gemini35flash,processed,6.0,20260961,beta,penalty_prompt,1.388488210818308,-0.8098936662043458
gemini35flash,processed,6.0,20260961,beta,always_abstain,0.0018492834026814608,0.005085529357374018
gemini35flash,processed,6.0,20260962,isotonic_direct,original,0.012020342117429493,-0.04946833102172907
gemini35flash,processed,6.0,20260962,isotonic_direct,penalty_prompt,1.3826167360147945,-0.6492279241793805
gemini35flash,processed,6.0,20260962,isotonic_direct,always_abstain,-0.03559870550161812,0.16828478964401294
gemini35flash,processed,6.0,20260962,beta,original,0.01155802126675913,-0.04993065187239942
gemini35flash,processed,6.0,20260962,beta,penalty_prompt,1.382154415164124,-0.6496902450300508
gemini35flash,processed,6.0,20260962,beta,always_abstain,-0.036061026352288486,0.1678224687933426
gemini35flash,processed,6.0,20260963,isotonic_direct,original,0.03791030975496995,-0.20804438280166435
gemini35flash,processed,6.0,20260963,isotonic_direct,penalty_prompt,1.3388349514563105,-0.8000647249190938
gemini35flash,processed,6.0,20260963,isotonic_direct,always_abstain,0.006010171058714748,0.009246417013407305
gemini35flash,processed,6.0,20260963,beta,original,0.03374942209893666,-0.21220527045769763
gemini35flash,processed,6.0,20260963,beta,penalty_prompt,1.3346740638002772,-0.804225612575127
gemini35flash,processed,6.0,20260963,beta,always_abstain,0.0018492834026814608,0.005085529357374018
gemini35flash,processed,6.0,20260964,isotonic_direct,original,0.03282478039759593,-0.20665742024965325
gemini35flash,processed,6.0,20260964,isotonic_direct,penalty_prompt,1.3497919556171982,-0.8004993065187239
gemini35flash,processed,6.0,20260964,isotonic_direct,always_abstain,0.006472491909385114,0.006472491909385114
gemini35flash,processed,6.0,20260964,beta,original,0.030513176144244106,-0.20896902450300509
gemini35flash,processed,6.0,20260964,beta,penalty_prompt,1.3474803513638465,-0.8028109107720758
gemini35flash,processed,6.0,20260964,beta,always_abstain,0.004160887656033287,0.004160887656033287
gemini35flash,processed,6.0,20260965,isotonic_direct,original,0.024040684234858993,-0.20896902450300509
gemini35flash,processed,6.0,20260965,isotonic_direct,penalty_prompt,1.2920480813684696,-0.7996024040684234
gemini35flash,processed,6.0,20260965,isotonic_direct,always_abstain,0.0036985668053629217,0.006934812760055479
gemini35flash,processed,6.0,20260965,beta,original,0.021729079981507166,-0.21128062875635692
gemini35flash,processed,6.0,20260965,beta,penalty_prompt,1.2897364771151179,-0.8019140083217753
gemini35flash,processed,6.0,20260965,beta,always_abstain,0.0013869625520110957,0.004623208506703652
gemini35flash,processed,6.0,20260966,isotonic_direct,original,0.005085529357374018,-0.2020342117429496
gemini35flash,processed,6.0,20260966,isotonic_direct,penalty_prompt,1.3040684234858992,-0.8002681460933888
gemini35flash,processed,6.0,20260966,isotonic_direct,always_abstain,0.006010171058714748,0.009246417013407305
gemini35flash,processed,6.0,20260966,beta,original,0.0013869625520110957,-0.20573277854831254
gemini35flash,processed,6.0,20260966,beta,penalty_prompt,1.3003698566805362,-0.8039667128987518
gemini35flash,processed,6.0,20260966,beta,always_abstain,0.002311604253351826,0.005547850208044383
gemini35flash,processed,6.0,20260967,isotonic_direct,original,0.029588534442903377,-0.20989366620434582
gemini35flash,processed,6.0,20260967,isotonic_direct,penalty_prompt,1.3659454461396208,-0.8049283402681461
gemini35flash,processed,6.0,20260967,isotonic_direct,always_abstain,0.006934812760055479,0.006934812760055479
gemini35flash,processed,6.0,20260967,beta,original,0.02635228848821082,-0.21312991215903837
gemini35flash,processed,6.0,20260967,beta,penalty_prompt,1.3627092001849281,-0.8081645862228386
gemini35flash,processed,6.0,20260967,beta,always_abstain,0.0036985668053629217,0.0036985668053629217
gemini35flash,processed,6.0,20260968,isotonic_direct,original,0.03467406380027739,-0.20157189089227923
gemini35flash,processed,6.0,20260968,isotonic_direct,penalty_prompt,1.3230143319463705,-0.8053999075358298
gemini35flash,processed,6.0,20260968,isotonic_direct,always_abstain,0.006472491909385114,0.006472491909385114
gemini35flash,processed,6.0,20260968,beta,original,0.03097549699491447,-0.20527045769764216
gemini35flash,processed,6.0,20260968,beta,penalty_prompt,1.3193157651410077,-0.8090984743411928
gemini35flash,processed,6.0,20260968,beta,always_abstain,0.0027739251040221915,0.0027739251040221915
gemini35flash,processed,6.0,20260969,isotonic_direct,original,0.003236245954692557,-0.20388349514563106
gemini35flash,processed,6.0,20260969,isotonic_direct,penalty_prompt,1.3761349976883956,-0.8010171058714747
gemini35flash,processed,6.0,20260969,isotonic_direct,always_abstain,0.006472491909385114,0.006472491909385114
gemini35flash,processed,6.0,20260969,beta,original,0.0004623208506703649,-0.20665742024965325
gemini35flash,processed,6.0,20260969,beta,penalty_prompt,1.3733610725843735,-0.8037910309754969
gemini35flash,processed,6.0,20260969,beta,always_abstain,0.0036985668053629217,0.0036985668053629217
gemini35flash,processed,6.0,20260970,isotonic_direct,original,0.004623208506703652,-0.20896902450300509
gemini35flash,processed,6.0,20260970,isotonic_direct,penalty_prompt,1.3316689782709201,-0.800887656033287
gemini35flash,processed,6.0,20260970,isotonic_direct,always_abstain,0.004623208506703652,0.00785945446139621
gemini35flash,processed,6.0,20260970,beta,original,0.0013869625520110957,-0.21220527045769766
gemini35flash,processed,6.0,20260970,beta,penalty_prompt,1.3284327323162275,-0.8041239019879797
gemini35flash,processed,6.0,20260970,beta,always_abstain,0.0013869625520110957,0.004623208506703652
gemini35flash,processed,6.0,20260971,isotonic_direct,original,0.02727693018955155,-0.20249653259361997
gemini35flash,processed,6.0,20260971,isotonic_direct,penalty_prompt,1.358890429958391,-0.8019509939898289
gemini35flash,processed,6.0,20260971,isotonic_direct,always_abstain,0.008321775312066574,0.008321775312066574
gemini35flash,processed,6.0,20260971,beta,original,0.02450300508552936,-0.20527045769764216
gemini35flash,processed,6.0,20260971,beta,penalty_prompt,1.3561165048543689,-0.8047249190938511
gemini35flash,processed,6.0,20260971,beta,always_abstain,0.005547850208044383,0.005547850208044383
gemini35flash,processed,6.0,20260972,isotonic_direct,original,-0.00601017105871475,-0.044845122515025426
gemini35flash,processed,6.0,20260972,isotonic_direct,penalty_prompt,1.3444382801664354,-0.6524549237170596
gemini35flash,processed,6.0,20260972,isotonic_direct,always_abstain,-0.030975496994914472,0.15672676837725383
gemini35flash,processed,6.0,20260972,beta,original,0.024965325936199722,-0.1983356449375867
gemini35flash,processed,6.0,20260972,beta,penalty_prompt,1.37541377716135,-0.8059454461396209
gemini35flash,processed,6.0,20260972,beta,always_abstain,0.0,0.003236245954692557
gemini35flash,processed,6.0,20260973,isotonic_direct,original,0.030513176144244106,-0.19602404068423485
gemini35flash,processed,6.0,20260973,isotonic_direct,penalty_prompt,1.292593619972261,-0.7969209431345353
gemini35flash,processed,6.0,20260973,isotonic_direct,always_abstain,0.00878409616273694,0.00878409616273694
gemini35flash,processed,6.0,20260973,beta,original,0.02588996763754045,-0.20064724919093851
gemini35flash,processed,6.0,20260973,beta,penalty_prompt,1.2879704114655572,-0.8015441516412389
gemini35flash,processed,6.0,20260973,beta,always_abstain,0.004160887656033287,0.004160887656033287
gemini35flash,processed,6.0,20260974,isotonic_direct,original,0.03559870550161812,-0.2168284789644013
gemini35flash,processed,6.0,20260974,isotonic_direct,penalty_prompt,1.368515950069348,-0.808377253814147
gemini35flash,processed,6.0,20260974,isotonic_direct,always_abstain,0.008321775312066574,0.008321775312066574
gemini35flash,processed,6.0,20260974,beta,original,0.03282478039759593,-0.2196024040684235
gemini35flash,processed,6.0,20260974,beta,penalty_prompt,1.3657420249653258,-0.8111511789181692
gemini35flash,processed,6.0,20260974,beta,always_abstain,0.005547850208044383,0.005547850208044383
gemini35flash,processed,6.0,20260975,isotonic_direct,original,-0.0018492834026814613,-0.20249653259361997
gemini35flash,processed,6.0,20260975,isotonic_direct,penalty_prompt,1.3136384650947757,-0.7969116967175218
gemini35flash,processed,6.0,20260975,isotonic_direct,always_abstain,0.009246417013407305,0.009246417013407305
gemini35flash,processed,6.0,20260975,beta,original,-0.005547850208044383,-0.2061950993989829
gemini35flash,processed,6.0,20260975,beta,penalty_prompt,1.3099398982894128,-0.8006102635228848
gemini35flash,processed,6.0,20260975,beta,always_abstain,0.005547850208044383,0.005547850208044383
gemini35flash,processed,6.0,20260976,isotonic_direct,original,0.022191400832177532,-0.21081830790568654
gemini35flash,processed,6.0,20260976,isotonic_direct,penalty_prompt,1.3788257050392971,-0.8117244567730004
gemini35flash,processed,6.0,20260976,isotonic_direct,always_abstain,0.009246417013407305,0.009246417013407305
gemini35flash,processed,6.0,20260976,beta,original,0.018955154877484975,-0.2140545538603791
gemini35flash,processed,6.0,20260976,beta,penalty_prompt,1.3755894590846047,-0.814960702727693
gemini35flash,processed,6.0,20260976,beta,always_abstain,0.006010171058714748,0.006010171058714748
gemini35flash,processed,6.0,20260977,isotonic_direct,original,0.001386962552011095,-0.04392048081368469
gemini35flash,processed,6.0,20260977,isotonic_direct,penalty_prompt,1.329921405455386,-0.6396578825705039
gemini35flash,processed,6.0,20260977,isotonic_direct,always_abstain,-0.03143781784558484,0.16273693943596856
gemini35flash,processed,6.0,20260977,beta,original,0.001386962552011095,-0.04392048081368469
gemini35flash,processed,6.0,20260977,beta,penalty_prompt,1.329921405455386,-0.6396578825705039
gemini35flash,processed,6.0,20260977,beta,always_abstain,-0.03143781784558484,0.16273693943596856
gemini35flash,processed,6.0,20260978,isotonic_direct,original,-0.012482662968099861,-0.2034211742949607
gemini35flash,processed,6.0,20260978,isotonic_direct,penalty_prompt,1.2795931576514104,-0.8092094313453538
gemini35flash,processed,6.0,20260978,isotonic_direct,always_abstain,0.006010171058714748,0.006010171058714748
gemini35flash,processed,6.0,20260978,beta,original,-0.014794267221451687,-0.2057327785483125
gemini35flash,processed,6.0,20260978,beta,penalty_prompt,1.2772815533980584,-0.8115210355987056
gemini35flash,processed,6.0,20260978,beta,always_abstain,0.0036985668053629217,0.0036985668053629217
gemini35flash,processed,6.0,20260979,isotonic_direct,original,0.028663892741562644,-0.20110957004160887
gemini35flash,processed,6.0,20260979,isotonic_direct,penalty_prompt,1.3166343042071198,-0.7988996763754045
gemini35flash,processed,6.0,20260979,isotonic_direct,always_abstain,0.006934812760055479,0.006934812760055479
gemini35flash,processed,6.0,20260979,beta,original,0.02588996763754045,-0.20388349514563106
gemini35flash,processed,6.0,20260979,beta,penalty_prompt,1.3138603791030976,-0.8016736014794267
gemini35flash,processed,6.0,20260979,beta,always_abstain,0.004160887656033287,0.004160887656033287
gemini35flash,processed,6.0,20260980,isotonic_direct,original,0.049930651872399444,-0.2057327785483125
gemini35flash,processed,6.0,20260980,isotonic_direct,penalty_prompt,1.3913915857605177,-0.8093203883495145
gemini35flash,processed,6.0,20260980,isotonic_direct,always_abstain,0.006472491909385114,0.006472491909385114
gemini35flash,processed,6.0,20260980,beta,original,0.04669440591770689,-0.20896902450300509
gemini35flash,processed,6.0,20260980,beta,penalty_prompt,1.3881553398058253,-0.8125566343042071
gemini35flash,processed,6.0,20260980,beta,always_abstain,0.003236245954692557,0.003236245954692557
gemini35flash,processed,6.0,20260981,isotonic_direct,original,0.010171058714748035,-0.20018492834026813
gemini35flash,processed,6.0,20260981,isotonic_direct,penalty_prompt,1.372168284789644,-0.7948867313915858
gemini35flash,processed,6.0,20260981,isotonic_direct,always_abstain,0.00785945446139621,0.00785945446139621
gemini35flash,processed,6.0,20260981,beta,original,0.008321775312066574,-0.2020342117429496
gemini35flash,processed,6.0,20260981,beta,penalty_prompt,1.3703190013869626,-0.7967360147942674
gemini35flash,processed,6.0,20260981,beta,always_abstain,0.006010171058714748,0.006010171058714748
gemini35flash,processed,6.0,20260982,isotonic_direct,original,-0.015256588072122055,-0.21266759130836801
gemini35flash,processed,6.0,20260982,isotonic_direct,penalty_prompt,1.3110864539990754,-0.8024410540915395
gemini35flash,processed,6.0,20260982,isotonic_direct,always_abstain,0.007397133610725843,0.007397133610725843
gemini35flash,processed,6.0,20260982,beta,original,-0.018955154877484975,-0.21636615811373092
gemini35flash,processed,6.0,20260982,beta,penalty_prompt,1.3073878871937124,-0.8061396208969024
gemini35flash,processed,6.0,20260982,beta,always_abstain,0.0036985668053629217,0.0036985668053629217
gemini35flash,processed,6.0,20260983,isotonic_direct,original,0.00046232085067036965,0.0004623208506703558
gemini35flash,processed,6.0,20260983,isotonic_direct,penalty_prompt,1.2634858992140545,-0.5983911234396673
gemini35flash,processed,6.0,20260983,isotonic_direct,always_abstain,-0.04900601017105871,0.21312991215903837
gemini35flash,processed,6.0,20260983,beta,original,0.02034211742949607,-0.054091539528432736
gemini35flash,processed,6.0,20260983,beta,penalty_prompt,1.2833656957928803,-0.6529449838187703
gemini35flash,processed,6.0,20260983,beta,always_abstain,-0.02912621359223301,0.15857605177993528
gemini35flash,processed,6.0,20260984,isotonic_direct,original,0.023578363384188627,-0.20295885344429032
gemini35flash,processed,6.0,20260984,isotonic_direct,penalty_prompt,1.4404253351826166,-0.7967914932963477
gemini35flash,processed,6.0,20260984,isotonic_direct,always_abstain,0.005547850208044383,0.00878409616273694
gemini35flash,processed,6.0,20260984,beta,original,0.020804438280166433,-0.20573277854831254
gemini35flash,processed,6.0,20260984,beta,penalty_prompt,1.4376514100785944,-0.7995654184003699
gemini35flash,processed,6.0,20260984,beta,always_abstain,0.0027739251040221915,0.006010171058714748
gemini35flash,processed,6.0,20260985,isotonic_direct,original,0.02311604253351826,-0.19694868238557559
gemini35flash,processed,6.0,20260985,isotonic_direct,penalty_prompt,1.3645954692556634,-0.7927508090614888
gemini35flash,processed,6.0,20260985,isotonic_direct,always_abstain,0.008321775312066574,0.008321775312066574
gemini35flash,processed,6.0,20260985,beta,original,0.019879796578825704,-0.20018492834026813
gemini35flash,processed,6.0,20260985,beta,penalty_prompt,1.3613592233009708,-0.7959870550161813
gemini35flash,processed,6.0,20260985,beta,always_abstain,0.005085529357374018,0.005085529357374018
gemini35flash,processed,6.0,20260986,isotonic_direct,original,0.023578363384188627,-0.19325011558021268
gemini35flash,processed,6.0,20260986,isotonic_direct,penalty_prompt,1.4409153952843272,-0.8076930189551549
gemini35flash,processed,6.0,20260986,isotonic_direct,always_abstain,0.005085529357374018,0.008321775312066574
gemini35flash,processed,6.0,20260986,beta,original,0.020804438280166437,-0.19602404068423487
gemini35flash,processed,6.0,20260986,beta,penalty_prompt,1.438141470180305,-0.8104669440591771
gemini35flash,processed,6.0,20260986,beta,always_abstain,0.002311604253351826,0.005547850208044383
gemini35flash,processed,6.0,20260987,isotonic_direct,original,0.029588534442903373,-0.20665742024965328
gemini35flash,processed,6.0,20260987,isotonic_direct,penalty_prompt,1.3664909847434121,-0.8012760055478502
gemini35flash,processed,6.0,20260987,isotonic_direct,always_abstain,0.0027739251040221915,0.006010171058714748
gemini35flash,processed,6.0,20260987,beta,original,0.026814609338881183,-0.20943134535367547
gemini35flash,processed,6.0,20260987,beta,penalty_prompt,1.36371705963939,-0.8040499306518724
gemini35flash,processed,6.0,20260987,beta,always_abstain,0.0,0.003236245954692557
gemini35flash,processed,6.0,20260988,isotonic_direct,original,0.027739251040221916,-0.20527045769764216
gemini35flash,processed,6.0,20260988,isotonic_direct,penalty_prompt,1.3213314840499306,-0.7996393897364771
gemini35flash,processed,6.0,20260988,isotonic_direct,always_abstain,0.005085529357374018,0.008321775312066574
gemini35flash,processed,6.0,20260988,beta,original,0.024965325936199725,-0.20804438280166435
gemini35flash,processed,6.0,20260988,beta,penalty_prompt,1.3185575589459084,-0.8024133148404993
gemini35flash,processed,6.0,20260988,beta,always_abstain,0.002311604253351826,0.005547850208044383
gemini35flash,processed,6.0,20260989,isotonic_direct,original,0.020804438280166437,-0.21544151641239018
gemini35flash,processed,6.0,20260989,isotonic_direct,penalty_prompt,1.294026814609339,-0.8041608876560333
gemini35flash,processed,6.0,20260989,isotonic_direct,always_abstain,0.006934812760055479,0.010171058714748035
gemini35flash,processed,6.0,20260989,beta,original,0.016643550624133148,-0.2196024040684235
gemini35flash,processed,6.0,20260989,beta,penalty_prompt,1.2898659269533057,-0.8083217753120666
gemini35flash,processed,6.0,20260989,beta,always_abstain,0.0027739251040221915,0.006010171058714748
gemini35flash,processed,6.0,20260990,isotonic_direct,original,0.014331946370781324,-0.19926028663892742
gemini35flash,processed,6.0,20260990,isotonic_direct,penalty_prompt,1.2905963938973646,-0.7988534442903376
gemini35flash,processed,6.0,20260990,isotonic_direct,always_abstain,0.006472491909385114,0.009708737864077669
gemini35flash,processed,6.0,20260990,beta,original,0.01155802126675913,-0.2020342117429496
gemini35flash,processed,6.0,20260990,beta,penalty_prompt,1.2878224687933424,-0.8016273693943597
gemini35flash,processed,6.0,20260990,beta,always_abstain,0.0036985668053629217,0.006934812760055479
gemini35flash,processed,6.0,20260991,isotonic_direct,original,0.012482662968099863,-0.207582061950994
gemini35flash,processed,6.0,20260991,isotonic_direct,penalty_prompt,1.2941932501155802,-0.8034766527970412
gemini35flash,processed,6.0,20260991,isotonic_direct,always_abstain,0.006934812760055479,0.006934812760055479
gemini35flash,processed,6.0,20260991,beta,original,0.011095700416088766,-0.20896902450300509
gemini35flash,processed,6.0,20260991,beta,penalty_prompt,1.292806287563569,-0.8048636153490523
gemini35flash,processed,6.0,20260991,beta,always_abstain,0.005547850208044383,0.005547850208044383
gemini35flash,processed,6.0,20260992,isotonic_direct,original,0.005547850208044387,-0.049468331021729095
gemini35flash,processed,6.0,20260992,isotonic_direct,penalty_prompt,1.241294498381877,-0.6350809061488674
gemini35flash,processed,6.0,20260992,isotonic_direct,always_abstain,-0.029588534442903373,0.17429496070272768
gemini35flash,processed,6.0,20260992,beta,original,0.036523347202958856,-0.21914008321775313
gemini35flash,processed,6.0,20260992,beta,penalty_prompt,1.2722699953767915,-0.8047526583448914
gemini35flash,processed,6.0,20260992,beta,always_abstain,0.0013869625520110957,0.004623208506703652
gemini35flash,processed,6.0,20260993,isotonic_direct,original,0.027739251040221912,-0.19879796578825706
gemini35flash,processed,6.0,20260993,isotonic_direct,penalty_prompt,1.2729727230698105,-0.8010078594544615
gemini35flash,processed,6.0,20260993,isotonic_direct,always_abstain,0.006472491909385114,0.009708737864077669
gemini35flash,processed,6.0,20260993,beta,original,0.023578363384188627,-0.20295885344429035
gemini35flash,processed,6.0,20260993,beta,penalty_prompt,1.2688118354137772,-0.8051687471104948
gemini35flash,processed,6.0,20260993,beta,always_abstain,0.002311604253351826,0.005547850208044383
gemini35flash,processed,6.0,20260994,isotonic_direct,original,-0.00554785020804438,-0.047619047619047616
gemini35flash,processed,6.0,20260994,isotonic_direct,penalty_prompt,1.3139251040221915,-0.6484049930651873
gemini35flash,processed,6.0,20260994,isotonic_direct,always_abstain,-0.032362459546925564,0.16828478964401294
gemini35flash,processed,6.0,20260994,beta,original,0.032362459546925564,-0.21035598705501618
gemini35flash,processed,6.0,20260994,beta,penalty_prompt,1.3518354137771615,-0.8111419325011558
gemini35flash,processed,6.0,20260994,beta,always_abstain,0.005547850208044383,0.005547850208044383
gemini35flash,processed,6.0,20260995,isotonic_direct,original,0.02912621359223301,-0.19093851132686085
gemini35flash,processed,6.0,20260995,isotonic_direct,penalty_prompt,1.3580674988441979,-0.7933888118354138
gemini35flash,processed,6.0,20260995,isotonic_direct,always_abstain,0.006472491909385114,0.009708737864077669
gemini35flash,processed,6.0,20260995,beta,original,0.024040684234858993,-0.19602404068423487
gemini35flash,processed,6.0,20260995,beta,penalty_prompt,1.352981969486824,-0.7984743411927878
gemini35flash,processed,6.0,20260995,beta,always_abstain,0.0013869625520110957,0.004623208506703652
gemini35flash,processed,6.0,20260996,isotonic_direct,original,0.03282478039759593,-0.1969486823855756
gemini35flash,processed,6.0,20260996,isotonic_direct,penalty_prompt,1.3592787794729542,-0.8069995376791493
gemini35flash,processed,6.0,20260996,isotonic_direct,always_abstain,0.004623208506703652,0.004623208506703652
gemini35flash,processed,6.0,20260996,beta,original,0.03143781784558484,-0.1983356449375867
gemini35flash,processed,6.0,20260996,beta,penalty_prompt,1.357891816920943,-0.8083865002311604
gemini35flash,processed,6.0,20260996,beta,always_abstain,0.003236245954692557,0.003236245954692557
gemini35flash,processed,6.0,20260997,isotonic_direct,original,0.009708737864077673,-0.04854368932038833
gemini35flash,processed,6.0,20260997,isotonic_direct,penalty_prompt,1.368811835413777,-0.6547480351363846
gemini35flash,processed,6.0,20260997,isotonic_direct,always_abstain,-0.04068423485899214,0.15672676837725383
gemini35flash,processed,6.0,20260997,beta,original,0.009708737864077673,-0.04854368932038833
gemini35flash,processed,6.0,20260997,beta,penalty_prompt,1.368811835413777,-0.6547480351363846
gemini35flash,processed,6.0,20260997,beta,always_abstain,-0.04068423485899214,0.15672676837725383
gemini35flash,processed,6.0,20260998,isotonic_direct,original,0.0,0.0
gemini35flash,processed,6.0,20260998,isotonic_direct,penalty_prompt,1.300453074433657,-0.5893203883495146
gemini35flash,processed,6.0,20260998,isotonic_direct,always_abstain,-0.043920480813684694,0.2182154415164124
gemini35flash,processed,6.0,20260998,beta,original,0.04808136846971798,-0.2140545538603791
gemini35flash,processed,6.0,20260998,beta,penalty_prompt,1.348534442903375,-0.8033749422098937
gemini35flash,processed,6.0,20260998,beta,always_abstain,0.004160887656033287,0.004160887656033287
gemini35flash,processed,6.0,20260999,isotonic_direct,original,0.011095700416088766,-0.20573277854831254
gemini35flash,processed,6.0,20260999,isotonic_direct,penalty_prompt,1.368016643550624,-0.807646786870088
gemini35flash,processed,6.0,20260999,isotonic_direct,always_abstain,0.004160887656033287,0.007397133610725843
gemini35flash,processed,6.0,20260999,beta,original,0.00878409616273694,-0.20804438280166435
gemini35flash,processed,6.0,20260999,beta,penalty_prompt,1.3657050392972723,-0.8099583911234397
gemini35flash,processed,6.0,20260999,beta,always_abstain,0.0018492834026814608,0.005085529357374018
gemini35flash,processed,6.0,20261000,isotonic_direct,original,0.03559870550161812,-0.20064724919093851
gemini35flash,processed,6.0,20261000,isotonic_direct,penalty_prompt,1.3241701340730467,-0.8006842348589922
gemini35flash,processed,6.0,20261000,isotonic_direct,always_abstain,0.005085529357374018,0.008321775312066574
gemini35flash,processed,6.0,20261000,beta,original,0.033287101248266296,-0.20295885344429035
gemini35flash,processed,6.0,20261000,beta,penalty_prompt,1.321858529819695,-0.8029958391123441
gemini35flash,processed,6.0,20261000,beta,always_abstain,0.0027739251040221915,0.006010171058714748
gemini35flash,processed,6.0,20261001,isotonic_direct,original,0.030513176144244106,-0.20896902450300509
gemini35flash,processed,6.0,20261001,isotonic_direct,penalty_prompt,1.3268238557558945,-0.8064447526583448
gemini35flash,processed,6.0,20261001,isotonic_direct,always_abstain,0.006472491909385114,0.009708737864077669
gemini35flash,processed,6.0,20261001,beta,original,0.026814609338881183,-0.21266759130836801
gemini35flash,processed,6.0,20261001,beta,penalty_prompt,1.3231252889505316,-0.8101433194637078
gemini35flash,processed,6.0,20261001,beta,always_abstain,0.0027739251040221915,0.006010171058714748
gemini35flash,processed,6.0,20261002,isotonic_direct,original,0.014794267221451687,-0.19556171983356452
gemini35flash,processed,6.0,20261002,isotonic_direct,penalty_prompt,1.282015718908923,-0.7988904299583912
gemini35flash,processed,6.0,20261002,isotonic_direct,always_abstain,0.007397133610725843,0.007397133610725843
gemini35flash,processed,6.0,20261002,beta,original,0.01155802126675913,-0.19879796578825706
gemini35flash,processed,6.0,20261002,beta,penalty_prompt,1.2787794729542303,-0.8021266759130837
gemini35flash,processed,6.0,20261002,beta,always_abstain,0.004160887656033287,0.004160887656033287
gemini35flash,processed,6.0,20261003,isotonic_direct,original,-0.009246417013407305,-0.20665742024965328
gemini35flash,processed,6.0,20261003,isotonic_direct,penalty_prompt,1.3799352750809062,-0.8054368932038835
gemini35flash,processed,6.0,20261003,isotonic_direct,always_abstain,0.0027739251040221915,0.006010171058714748
gemini35flash,processed,6.0,20261003,beta,original,-0.011558021266759132,-0.20896902450300509
gemini35flash,processed,6.0,20261003,beta,penalty_prompt,1.3776236708275544,-0.8077484974572352
gemini35flash,processed,6.0,20261003,beta,always_abstain,0.0004623208506703652,0.0036985668053629217
gemini35flash,processed,6.0,20261004,isotonic_direct,original,0.005547850208044383,-0.2048081368469718
gemini35flash,processed,6.0,20261004,isotonic_direct,penalty_prompt,1.2495330559408226,-0.8004345815996301
gemini35flash,processed,6.0,20261004,isotonic_direct,always_abstain,0.006472491909385114,0.006472491909385114
gemini35flash,processed,6.0,20261004,beta,original,0.0036985668053629217,-0.20665742024965328
gemini35flash,processed,6.0,20261004,beta,penalty_prompt,1.2476837725381413,-0.8022838650023116
gemini35flash,processed,6.0,20261004,beta,always_abstain,0.004623208506703652,0.004623208506703652
gemini35flash,processed,6.0,20261005,isotonic_direct,original,0.03421174294960703,-0.2020342117429496
gemini35flash,processed,6.0,20261005,isotonic_direct,penalty_prompt,1.3347665279704115,-0.795524734165511
gemini35flash,processed,6.0,20261005,isotonic_direct,always_abstain,0.007397133610725843,0.007397133610725843
gemini35flash,processed,6.0,20261005,beta,original,0.03143781784558484,-0.2048081368469718
gemini35flash,processed,6.0,20261005,beta,penalty_prompt,1.3319926028663893,-0.7982986592695331
gemini35flash,processed,6.0,20261005,beta,always_abstain,0.004623208506703652,0.004623208506703652
gemini35flash,processed,6.0,20261006,isotonic_direct,original,0.03005085529357374,-0.2061950993989829
gemini35flash,processed,6.0,20261006,isotonic_direct,penalty_prompt,1.3556264447526583,-0.8012667591308369
gemini35flash,processed,6.0,20261006,isotonic_direct,always_abstain,0.005085529357374018,0.008321775312066574
gemini35flash,processed,6.0,20261006,beta,original,0.026352288488210817,-0.20989366620434582
gemini35flash,processed,6.0,20261006,beta,penalty_prompt,1.3519278779472954,-0.8049653259361998
gemini35flash,processed,6.0,20261006,beta,always_abstain,0.0013869625520110957,0.004623208506703652
gemini35flash,processed,6.0,20261007,isotonic_direct,original,0.0,-0.20711974110032363
gemini35flash,processed,6.0,20261007,isotonic_direct,penalty_prompt,1.3782061950993991,-0.8079426722145169
gemini35flash,processed,6.0,20261007,isotonic_direct,always_abstain,0.006934812760055479,0.006934812760055479
gemini35flash,processed,6.0,20261007,beta,original,-0.0032362459546925572,-0.21035598705501618
gemini35flash,processed,6.0,20261007,beta,penalty_prompt,1.3749699491447065,-0.8111789181692094
gemini35flash,processed,6.0,20261007,beta,always_abstain,0.0036985668053629217,0.0036985668053629217
gemini35flash,processed,6.0,20261008,isotonic_direct,original,0.01433194637078132,-0.04715672676837726
gemini35flash,processed,6.0,20261008,isotonic_direct,penalty_prompt,1.3230975496994914,-0.6480998613037449
gemini35flash,processed,6.0,20261008,isotonic_direct,always_abstain,-0.044845122515025426,0.16551086453999075
gemini35flash,processed,6.0,20261008,beta,original,0.01433194637078132,-0.04715672676837726
gemini35flash,processed,6.0,20261008,beta,penalty_prompt,1.3230975496994914,-0.6480998613037449
gemini35flash,processed,6.0,20261008,beta,always_abstain,-0.044845122515025426,0.16551086453999075
gemini35flash,processed,6.0,20261009,isotonic_direct,original,0.016181229773462785,-0.2071197411003236
gemini35flash,processed,6.0,20261009,isotonic_direct,penalty_prompt,1.3510864539990755,-0.803541377716135
gemini35flash,processed,6.0,20261009,isotonic_direct,always_abstain,0.00878409616273694,0.00878409616273694
gemini35flash,processed,6.0,20261009,beta,original,0.012020342117429497,-0.21128062875635692
gemini35flash,processed,6.0,20261009,beta,penalty_prompt,1.3469255663430422,-0.8077022653721683
gemini35flash,processed,6.0,20261009,beta,always_abstain,0.004623208506703652,0.004623208506703652
gemini35flash,processed,6.0,20261010,isotonic_direct,original,0.0,0.0
gemini35flash,processed,6.0,20261010,isotonic_direct,penalty_prompt,1.3391400832177531,-0.6105039297272308
gemini35flash,processed,6.0,20261010,isotonic_direct,always_abstain,-0.058714748035136384,0.2034211742949607
gemini35flash,processed,6.0,20261010,beta,original,0.018492834026814606,-0.042995839112343975
gemini35flash,processed,6.0,20261010,beta,penalty_prompt,1.3576329172445678,-0.6534997688395747
gemini35flash,processed,6.0,20261010,beta,always_abstain,-0.04022191400832178,0.16042533518261673
gemini35flash,processed,6.0,20261011,isotonic_direct,original,0.00046232085067036965,0.00046232085067038353
gemini35flash,processed,6.0,20261011,isotonic_direct,penalty_prompt,1.2768562182154413,-0.5954415164123903
gemini35flash,processed,6.0,20261011,isotonic_direct,always_abstain,-0.06842348589921406,0.20989366620434582
gemini35flash,processed,6.0,20261011,beta,original,0.030975496994914475,-0.04993065187239942
gemini35flash,processed,6.0,20261011,beta,penalty_prompt,1.3073693943596854,-0.64583448913546
gemini35flash,processed,6.0,20261011,beta,always_abstain,-0.03791030975496995,0.15950069348127602
gemini35flash,processed,6.0,20261012,isotonic_direct,original,0.007859454461396208,-0.04715672676837726
gemini35flash,processed,6.0,20261012,isotonic_direct,penalty_prompt,1.384475265834489,-0.6335829865926953
gemini35flash,processed,6.0,20261012,isotonic_direct,always_abstain,-0.0319001386962552,0.17198335644937587
gemini35flash,processed,6.0,20261012,beta,original,0.042071197411003236,-0.21359223300970875
gemini35flash,processed,6.0,20261012,beta,penalty_prompt,1.418687008784096,-0.8000184928340268
gemini35flash,processed,6.0,20261012,beta,always_abstain,0.002311604253351826,0.005547850208044383
gemini35flash,raw,0.0,20260913,isotonic_direct,original,0.0,0.0
gemini35flash,raw,0.0,20260913,isotonic_direct,penalty_prompt,0.010300508552935739,-0.02075820619509916
gemini35flash,raw,0.0,20260913,isotonic_direct,always_abstain,0.540453074433657,0.9787332408691632
gemini35flash,raw,0.0,20260913,beta,original,0.0,0.0
gemini35flash,raw,0.0,20260913,beta,penalty_prompt,0.010300508552935739,-0.02075820619509916
gemini35flash,raw,0.0,20260913,beta,always_abstain,0.540453074433657,0.9787332408691632
gemini35flash,raw,0.0,20260914,isotonic_direct,original,0.0,0.0
gemini35flash,raw,0.0,20260914,isotonic_direct,penalty_prompt,0.006897827092001818,-0.018603791030975314
gemini35flash,raw,0.0,20260914,isotonic_direct,always_abstain,0.5469255663430421,0.9801202034211743
gemini35flash,raw,0.0,20260914,beta,original,0.0,0.0
gemini35flash,raw,0.0,20260914,beta,penalty_prompt,0.006897827092001818,-0.018603791030975314
gemini35flash,raw,0.0,20260914,beta,always_abstain,0.5469255663430421,0.9801202034211743
gemini35flash,raw,0.0,20260915,isotonic_direct,original,0.0,0.0
gemini35flash,raw,0.0,20260915,isotonic_direct,penalty_prompt,0.015681923254738828,-0.022588996763754143
gemini35flash,raw,0.0,20260915,isotonic_direct,always_abstain,0.5496994914470643,0.9768839574664817
gemini35flash,raw,0.0,20260915,beta,original,0.0,0.0
gemini35flash,raw,0.0,20260915,beta,penalty_prompt,0.015681923254738828,-0.022588996763754143
gemini35flash,raw,0.0,20260915,beta,always_abstain,0.5496994914470643,0.9768839574664817
gemini35flash,raw,0.0,20260916,isotonic_direct,original,0.0,0.0
gemini35flash,raw,0.0,20260916,isotonic_direct,penalty_prompt,0.01276005547850212,-0.019741100323624527
gemini35flash,raw,0.0,20260916,isotonic_direct,always_abstain,0.5469255663430421,0.9791955617198336
gemini35flash,raw,0.0,20260916,beta,original,0.0,0.0
gemini35flash,raw,0.0,20260916,beta,penalty_prompt,0.01276005547850212,-0.019741100323624527
gemini35flash,raw,0.0,20260916,beta,always_abstain,0.5469255663430421,0.9791955617198336
gemini35flash,raw,0.0,20260917,isotonic_direct,original,0.0,0.0
gemini35flash,raw,0.0,20260917,isotonic_direct,penalty_prompt,0.01624595469255663,-0.021257512713823368
gemini35flash,raw,0.0,20260917,isotonic_direct,always_abstain,0.5483125288950532,0.9773462783171522
gemini35flash,raw,0.0,20260917,beta,original,0.0,0.0
gemini35flash,raw,0.0,20260917,beta,penalty_prompt,0.01624595469255663,-0.021257512713823368
gemini35flash,raw,0.0,20260917,beta,always_abstain,0.5483125288950532,0.9773462783171522
gemini35flash,raw,0.0,20260918,isotonic_direct,original,0.0,0.0
gemini35flash,raw,0.0,20260918,isotonic_direct,penalty_prompt,0.010337494220989396,-0.02127600554785014
gemini35flash,raw,0.0,20260918,isotonic_direct,always_abstain,0.5418400369856681,0.9778085991678225
gemini35flash,raw,0.0,20260918,beta,original,0.0,0.0
gemini35flash,raw,0.0,20260918,beta,penalty_prompt,0.010337494220989396,-0.02127600554785014
gemini35flash,raw,0.0,20260918,beta,always_abstain,0.5418400369856681,0.9778085991678225
gemini35flash,raw,0.0,20260919,isotonic_direct,original,0.0,0.0
gemini35flash,raw,0.0,20260919,isotonic_direct,penalty_prompt,0.015080906148867368,-0.020730466944059223
gemini35flash,raw,0.0,20260919,isotonic_direct,always_abstain,0.5469255663430421,0.9787332408691632
gemini35flash,raw,0.0,20260919,beta,original,0.0,0.0
gemini35flash,raw,0.0,20260919,beta,penalty_prompt,0.015080906148867368,-0.020730466944059223
gemini35flash,raw,0.0,20260919,beta,always_abstain,0.5469255663430421,0.9787332408691632
gemini35flash,raw,0.0,20260920,isotonic_direct,original,0.0,0.0
gemini35flash,raw,0.0,20260920,isotonic_direct,penalty_prompt,0.015524734165510812,-0.0197595931576513
gemini35flash,raw,0.0,20260920,isotonic_direct,always_abstain,0.5386037910309754,0.9791955617198336
gemini35flash,raw,0.0,20260920,beta,original,0.0,0.0
gemini35flash,raw,0.0,20260920,beta,penalty_prompt,0.015524734165510812,-0.0197595931576513
gemini35flash,raw,0.0,20260920,beta,always_abstain,0.5386037910309754,0.9791955617198336
gemini35flash,raw,0.0,20260921,isotonic_direct,original,0.0,0.0
gemini35flash,raw,0.0,20260921,isotonic_direct,penalty_prompt,0.011863153028201512,-0.022126675913083704
gemini35flash,raw,0.0,20260921,isotonic_direct,always_abstain,0.545538603791031,0.9773462783171522
gemini35flash,raw,0.0,20260921,beta,original,0.0,0.0
gemini35flash,raw,0.0,20260921,beta,penalty_prompt,0.011863153028201512,-0.022126675913083704
gemini35flash,raw,0.0,20260921,beta,always_abstain,0.545538603791031,0.9773462783171522
gemini35flash,raw,0.0,20260922,isotonic_direct,original,0.0,0.0
gemini35flash,raw,0.0,20260922,isotonic_direct,penalty_prompt,0.012223763291724477,-0.022921867776236615
gemini35flash,raw,0.0,20260922,isotonic_direct,always_abstain,0.5436893203883495,0.9759593157651411
gemini35flash,raw,0.0,20260922,beta,original,0.0,0.0
gemini35flash,raw,0.0,20260922,beta,penalty_prompt,0.012223763291724477,-0.022921867776236615
gemini35flash,raw,0.0,20260922,beta,always_abstain,0.5436893203883495,0.9759593157651411
gemini35flash,raw,0.0,20260923,isotonic_direct,original,0.0,0.0
gemini35flash,raw,0.0,20260923,isotonic_direct,penalty_prompt,0.020730466944059223,-0.02370781322237625
gemini35flash,raw,0.0,20260923,isotonic_direct,always_abstain,0.5547850208044383,0.9754969949144706
gemini35flash,raw,0.0,20260923,beta,original,0.0,0.0
gemini35flash,raw,0.0,20260923,beta,penalty_prompt,0.020730466944059223,-0.02370781322237625
gemini35flash,raw,0.0,20260923,beta,always_abstain,0.5547850208044383,0.9754969949144706
gemini35flash,raw,0.0,20260924,isotonic_direct,original,0.0,0.0
gemini35flash,raw,0.0,20260924,isotonic_direct,penalty_prompt,0.014979195561719894,-0.018955154877485003
gemini35flash,raw,0.0,20260924,isotonic_direct,always_abstain,0.550624133148405,0.9805825242718447
gemini35flash,raw,0.0,20260924,beta,original,0.0,0.0
gemini35flash,raw,0.0,20260924,beta,penalty_prompt,0.014979195561719894,-0.018955154877485003
gemini35flash,raw,0.0,20260924,beta,always_abstain,0.550624133148405,0.9805825242718447
gemini35flash,raw,0.0,20260925,isotonic_direct,original,0.0,0.0
gemini35flash,raw,0.0,20260925,isotonic_direct,penalty_prompt,0.017142857142857126,-0.021664355062413376
gemini35flash,raw,0.0,20260925,isotonic_direct,always_abstain,0.5584835876098012,0.9773462783171522
gemini35flash,raw,0.0,20260925,beta,original,0.0,0.0
gemini35flash,raw,0.0,20260925,beta,penalty_prompt,0.017142857142857126,-0.021664355062413376
gemini35flash,raw,0.0,20260925,beta,always_abstain,0.5584835876098012,0.9773462783171522
gemini35flash,raw,0.0,20260926,isotonic_direct,original,0.0,0.0
gemini35flash,raw,0.0,20260926,isotonic_direct,penalty_prompt,0.015940822931114207,-0.023818770226537445
gemini35flash,raw,0.0,20260926,isotonic_direct,always_abstain,0.5533980582524272,0.9754969949144706
gemini35flash,raw,0.0,20260926,beta,original,0.0,0.0
gemini35flash,raw,0.0,20260926,beta,penalty_prompt,0.015940822931114207,-0.023818770226537445
gemini35flash,raw,0.0,20260926,beta,always_abstain,0.5533980582524272,0.9754969949144706
gemini35flash,raw,0.0,20260927,isotonic_direct,original,0.0,0.0
gemini35flash,raw,0.0,20260927,isotonic_direct,penalty_prompt,0.019491447064262535,-0.01744798890429944
gemini35flash,raw,0.0,20260927,isotonic_direct,always_abstain,0.545538603791031,0.9819694868238558
gemini35flash,raw,0.0,20260927,beta,original,0.0,0.0
gemini35flash,raw,0.0,20260927,beta,penalty_prompt,0.019491447064262535,-0.01744798890429944
gemini35flash,raw,0.0,20260927,beta,always_abstain,0.545538603791031,0.9819694868238558
gemini35flash,raw,0.0,20260928,isotonic_direct,original,0.0,0.0
gemini35flash,raw,0.0,20260928,isotonic_direct,penalty_prompt,0.01221451687471109,-0.020896902450300403
gemini35flash,raw,0.0,20260928,isotonic_direct,always_abstain,0.555709662505779,0.9782709200184928
gemini35flash,raw,0.0,20260928,beta,original,0.0,0.0
gemini35flash,raw,0.0,20260928,beta,penalty_prompt,0.01221451687471109,-0.020896902450300403
gemini35flash,raw,0.0,20260928,beta,always_abstain,0.555709662505779,0.9782709200184928
gemini35flash,raw,0.0,20260929,isotonic_direct,original,0.0,0.0
gemini35flash,raw,0.0,20260929,isotonic_direct,penalty_prompt,0.018437355524734245,-0.020989366620434602
gemini35flash,raw,0.0,20260929,isotonic_direct,always_abstain,0.5561719833564494,0.9778085991678225
gemini35flash,raw,0.0,20260929,beta,original,0.0,0.0
gemini35flash,raw,0.0,20260929,beta,penalty_prompt,0.018437355524734245,-0.020989366620434602
gemini35flash,raw,0.0,20260929,beta,always_abstain,0.5561719833564494,0.9778085991678225
gemini35flash,raw,0.0,20260930,isotonic_direct,original,0.0,0.0
gemini35flash,raw,0.0,20260930,isotonic_direct,penalty_prompt,0.01538603791030968,-0.016467868700878352
gemini35flash,raw,0.0,20260930,isotonic_direct,always_abstain,0.5561719833564494,0.9824318076745261
gemini35flash,raw,0.0,20260930,beta,original,0.0,0.0
gemini35flash,raw,0.0,20260930,beta,penalty_prompt,0.01538603791030968,-0.016467868700878352
gemini35flash,raw,0.0,20260930,beta,always_abstain,0.5561719833564494,0.9824318076745261
gemini35flash,raw,0.0,20260931,isotonic_direct,original,0.0,0.0
gemini35flash,raw,0.0,20260931,isotonic_direct,penalty_prompt,0.013851132686084178,-0.023495145631067804
gemini35flash,raw,0.0,20260931,isotonic_direct,always_abstain,0.5612575127138234,0.9754969949144706
gemini35flash,raw,0.0,20260931,beta,original,0.0,0.0
gemini35flash,raw,0.0,20260931,beta,penalty_prompt,0.013851132686084178,-0.023495145631067804
gemini35flash,raw,0.0,20260931,beta,always_abstain,0.5612575127138234,0.9754969949144706
gemini35flash,raw,0.0,20260932,isotonic_direct,original,0.0,0.0
gemini35flash,raw,0.0,20260932,isotonic_direct,penalty_prompt,0.016745261211280504,-0.02096162736939433
gemini35flash,raw,0.0,20260932,isotonic_direct,always_abstain,0.5492371705963939,0.9787332408691632
gemini35flash,raw,0.0,20260932,beta,original,0.0,0.0
gemini35flash,raw,0.0,20260932,beta,penalty_prompt,0.016745261211280504,-0.02096162736939433
gemini35flash,raw,0.0,20260932,beta,always_abstain,0.5492371705963939,0.9787332408691632
gemini35flash,raw,0.0,20260933,isotonic_direct,original,0.0,0.0
gemini35flash,raw,0.0,20260933,isotonic_direct,penalty_prompt,0.01221451687471109,-0.02147942672214509
gemini35flash,raw,0.0,20260933,isotonic_direct,always_abstain,0.5580212667591309,0.9773462783171522
gemini35flash,raw,0.0,20260933,beta,original,0.0,0.0
gemini35flash,raw,0.0,20260933,beta,penalty_prompt,0.01221451687471109,-0.02147942672214509
gemini35flash,raw,0.0,20260933,beta,always_abstain,0.5580212667591309,0.9773462783171522
gemini35flash,raw,0.0,20260934,isotonic_direct,original,0.0,0.0
gemini35flash,raw,0.0,20260934,isotonic_direct,penalty_prompt,0.021026352288488148,-0.024503005085529383
gemini35flash,raw,0.0,20260934,isotonic_direct,always_abstain,0.5436893203883495,0.9750346740638003
gemini35flash,raw,0.0,20260934,beta,original,0.0,0.0
gemini35flash,raw,0.0,20260934,beta,penalty_prompt,0.021026352288488148,-0.024503005085529383
gemini35flash,raw,0.0,20260934,beta,always_abstain,0.5436893203883495,0.9750346740638003
gemini35flash,raw,0.0,20260935,isotonic_direct,original,0.0,0.0
gemini35flash,raw,0.0,20260935,isotonic_direct,penalty_prompt,0.007776236708275541,-0.020157189089228034
gemini35flash,raw,0.0,20260935,isotonic_direct,always_abstain,0.5543226999537679,0.9791955617198336
gemini35flash,raw,0.0,20260935,beta,original,0.0,0.0
gemini35flash,raw,0.0,20260935,beta,penalty_prompt,0.007776236708275541,-0.020157189089228034
gemini35flash,raw,0.0,20260935,beta,always_abstain,0.5543226999537679,0.9791955617198336
gemini35flash,raw,0.0,20260936,isotonic_direct,original,0.0,0.0
gemini35flash,raw,0.0,20260936,isotonic_direct,penalty_prompt,0.014775774387424834,-0.019953767914932863
gemini35flash,raw,0.0,20260936,isotonic_direct,always_abstain,0.550624133148405,0.9791955617198336
gemini35flash,raw,0.0,20260936,beta,original,0.0,0.0
gemini35flash,raw,0.0,20260936,beta,penalty_prompt,0.014775774387424834,-0.019953767914932863
gemini35flash,raw,0.0,20260936,beta,always_abstain,0.550624133148405,0.9791955617198336
gemini35flash,raw,0.0,20260937,isotonic_direct,original,0.0,0.0
gemini35flash,raw,0.0,20260937,isotonic_direct,penalty_prompt,0.01486823855755881,-0.023948220064724968
gemini35flash,raw,0.0,20260937,isotonic_direct,always_abstain,0.5561719833564494,0.9750346740638003
gemini35flash,raw,0.0,20260937,beta,original,0.0,0.0
gemini35flash,raw,0.0,20260937,beta,penalty_prompt,0.01486823855755881,-0.023948220064724968
gemini35flash,raw,0.0,20260937,beta,always_abstain,0.5561719833564494,0.9750346740638003
gemini35flash,raw,0.0,20260938,isotonic_direct,original,0.0,0.0
gemini35flash,raw,0.0,20260938,isotonic_direct,penalty_prompt,0.017484974572353207,-0.024983818770226596
gemini35flash,raw,0.0,20260938,isotonic_direct,always_abstain,0.5533980582524272,0.9741100323624595
gemini35flash,raw,0.0,20260938,beta,original,0.0,0.0
gemini35flash,raw,0.0,20260938,beta,penalty_prompt,0.017484974572353207,-0.024983818770226596
gemini35flash,raw,0.0,20260938,beta,always_abstain,0.5533980582524272,0.9741100323624595
gemini35flash,raw,0.0,20260939,isotonic_direct,original,0.0,0.0
gemini35flash,raw,0.0,20260939,isotonic_direct,penalty_prompt,0.010032362459546973,-0.021146555709662396
gemini35flash,raw,0.0,20260939,isotonic_direct,always_abstain,0.5478502080443828,0.9782709200184928
gemini35flash,raw,0.0,20260939,beta,original,0.0,0.0
gemini35flash,raw,0.0,20260939,beta,penalty_prompt,0.010032362459546973,-0.021146555709662396
gemini35flash,raw,0.0,20260939,beta,always_abstain,0.5478502080443828,0.9782709200184928
gemini35flash,raw,0.0,20260940,isotonic_direct,original,0.0,0.0
gemini35flash,raw,0.0,20260940,isotonic_direct,penalty_prompt,0.015496994914470652,-0.022515025427646718
gemini35flash,raw,0.0,20260940,isotonic_direct,always_abstain,0.5543226999537679,0.9764216366158114
gemini35flash,raw,0.0,20260940,beta,original,0.0,0.0
gemini35flash,raw,0.0,20260940,beta,penalty_prompt,0.015496994914470652,-0.022515025427646718
gemini35flash,raw,0.0,20260940,beta,always_abstain,0.5543226999537679,0.9764216366158114
gemini35flash,raw,0.0,20260941,isotonic_direct,original,0.0,0.0
gemini35flash,raw,0.0,20260941,isotonic_direct,penalty_prompt,0.016430883032824695,-0.025159500693481385
gemini35flash,raw,0.0,20260941,isotonic_direct,always_abstain,0.5561719833564494,0.9741100323624595
gemini35flash,raw,0.0,20260941,beta,original,0.0,0.0
gemini35flash,raw,0.0,20260941,beta,penalty_prompt,0.016430883032824695,-0.025159500693481385
gemini35flash,raw,0.0,20260941,beta,always_abstain,0.5561719833564494,0.9741100323624595
gemini35flash,raw,0.0,20260942,isotonic_direct,original,0.0,0.0
gemini35flash,raw,0.0,20260942,isotonic_direct,penalty_prompt,0.01658807212205271,-0.024974572353213098
gemini35flash,raw,0.0,20260942,isotonic_direct,always_abstain,0.5510864539990754,0.97457235321313
gemini35flash,raw,0.0,20260942,beta,original,0.0,0.0
gemini35flash,raw,0.0,20260942,beta,penalty_prompt,0.01658807212205271,-0.024974572353213098
gemini35flash,raw,0.0,20260942,beta,always_abstain,0.5510864539990754,0.97457235321313
gemini35flash,raw,0.0,20260943,isotonic_direct,original,0.0,0.0
gemini35flash,raw,0.0,20260943,isotonic_direct,penalty_prompt,0.007055016181229723,-0.024780397595931758
gemini35flash,raw,0.0,20260943,isotonic_direct,always_abstain,0.5524734165510865,0.9741100323624595
gemini35flash,raw,0.0,20260943,beta,original,0.0,0.0
gemini35flash,raw,0.0,20260943,beta,penalty_prompt,0.007055016181229723,-0.024780397595931758
gemini35flash,raw,0.0,20260943,beta,always_abstain,0.5524734165510865,0.9741100323624595
gemini35flash,raw,0.0,20260944,isotonic_direct,original,0.0,0.0
gemini35flash,raw,0.0,20260944,isotonic_direct,penalty_prompt,0.016689782709200074,-0.019177068885806836
gemini35flash,raw,0.0,20260944,isotonic_direct,always_abstain,0.5533980582524272,0.9796578825705039
gemini35flash,raw,0.0,20260944,beta,original,0.0,0.0
gemini35flash,raw,0.0,20260944,beta,penalty_prompt,0.016689782709200074,-0.019177068885806836
gemini35flash,raw,0.0,20260944,beta,always_abstain,0.5533980582524272,0.9796578825705039
gemini35flash,raw,0.0,20260945,isotonic_direct,original,0.0,0.0
gemini35flash,raw,0.0,20260945,isotonic_direct,penalty_prompt,0.013564493758668417,-0.01796578825705053
gemini35flash,raw,0.0,20260945,isotonic_direct,always_abstain,0.5561719833564494,0.981044845122515
gemini35flash,raw,0.0,20260945,beta,original,0.0,0.0
gemini35flash,raw,0.0,20260945,beta,penalty_prompt,0.013564493758668417,-0.01796578825705053
gemini35flash,raw,0.0,20260945,beta,always_abstain,0.5561719833564494,0.981044845122515
gemini35flash,raw,0.0,20260946,isotonic_direct,original,0.0,0.0
gemini35flash,raw,0.0,20260946,isotonic_direct,penalty_prompt,0.015182616736014842,-0.022699953767915115
gemini35flash,raw,0.0,20260946,isotonic_direct,always_abstain,0.5626444752658345,0.9764216366158114
gemini35flash,raw,0.0,20260946,beta,original,0.0,0.0
gemini35flash,raw,0.0,20260946,beta,penalty_prompt,0.015182616736014842,-0.022699953767915115
gemini35flash,raw,0.0,20260946,beta,always_abstain,0.5626444752658345,0.9764216366158114
gemini35flash,raw,0.0,20260947,isotonic_direct,original,0.0,0.0
gemini35flash,raw,0.0,20260947,isotonic_direct,penalty_prompt,0.015709662505778987,-0.017068885806749923
gemini35flash,raw,0.0,20260947,isotonic_direct,always_abstain,0.5478502080443828,0.9819694868238558
gemini35flash,raw,0.0,20260947,beta,original,0.0,0.0
gemini35flash,raw,0.0,20260947,beta,penalty_prompt,0.015709662505778987,-0.017068885806749923
gemini35flash,raw,0.0,20260947,beta,always_abstain,0.5478502080443828,0.9819694868238558
gemini35flash,raw,0.0,20260948,isotonic_direct,original,0.0,0.0
gemini35flash,raw,0.0,20260948,isotonic_direct,penalty_prompt,0.020212667591308353,-0.01735552473416546
gemini35flash,raw,0.0,20260948,isotonic_direct,always_abstain,0.559408229311142,0.9819694868238558
gemini35flash,raw,0.0,20260948,beta,original,0.0,0.0
gemini35flash,raw,0.0,20260948,beta,penalty_prompt,0.020212667591308353,-0.01735552473416546
gemini35flash,raw,0.0,20260948,beta,always_abstain,0.559408229311142,0.9819694868238558
gemini35flash,raw,0.0,20260949,isotonic_direct,original,0.0,0.0
gemini35flash,raw,0.0,20260949,isotonic_direct,penalty_prompt,0.015173370319001345,-0.023920480813684586
gemini35flash,raw,0.0,20260949,isotonic_direct,always_abstain,0.5238095238095238,0.9750346740638003
gemini35flash,raw,0.0,20260949,beta,original,0.0,0.0
gemini35flash,raw,0.0,20260949,beta,penalty_prompt,0.015173370319001345,-0.023920480813684586
gemini35flash,raw,0.0,20260949,beta,always_abstain,0.5238095238095238,0.9750346740638003
gemini35flash,raw,0.0,20260950,isotonic_direct,original,0.0,0.0
gemini35flash,raw,0.0,20260950,isotonic_direct,penalty_prompt,0.01398982894128531,-0.020342117429496098
gemini35flash,raw,0.0,20260950,isotonic_direct,always_abstain,0.5570966250577901,0.9791955617198336
gemini35flash,raw,0.0,20260950,beta,original,0.0,0.0
gemini35flash,raw,0.0,20260950,beta,penalty_prompt,0.01398982894128531,-0.020342117429496098
gemini35flash,raw,0.0,20260950,beta,always_abstain,0.5570966250577901,0.9791955617198336
gemini35flash,raw,0.0,20260951,isotonic_direct,original,0.0,0.0
gemini35flash,raw,0.0,20260951,isotonic_direct,penalty_prompt,0.013675450762829389,-0.01791030975496999
gemini35flash,raw,0.0,20260951,isotonic_direct,always_abstain,0.5626444752658345,0.9815071659731854
gemini35flash,raw,0.0,20260951,beta,original,0.0,0.0
gemini35flash,raw,0.0,20260951,beta,penalty_prompt,0.013675450762829389,-0.01791030975496999
gemini35flash,raw,0.0,20260951,beta,always_abstain,0.5626444752658345,0.9815071659731854
gemini35flash,raw,0.0,20260952,isotonic_direct,original,0.0,0.0
gemini35flash,raw,0.0,20260952,isotonic_direct,penalty_prompt,0.012057327785483074,-0.022958853444290273
gemini35flash,raw,0.0,20260952,isotonic_direct,always_abstain,0.5501618122977346,0.9764216366158114
gemini35flash,raw,0.0,20260952,beta,original,0.0,0.0
gemini35flash,raw,0.0,20260952,beta,penalty_prompt,0.012057327785483074,-0.022958853444290273
gemini35flash,raw,0.0,20260952,beta,always_abstain,0.5501618122977346,0.9764216366158114
gemini35flash,raw,0.0,20260953,isotonic_direct,original,0.0,0.0
gemini35flash,raw,0.0,20260953,isotonic_direct,penalty_prompt,0.014785020804438331,-0.01787332408691622
gemini35flash,raw,0.0,20260953,isotonic_direct,always_abstain,0.555709662505779,0.9815071659731854
gemini35flash,raw,0.0,20260953,beta,original,0.0,0.0
gemini35flash,raw,0.0,20260953,beta,penalty_prompt,0.014785020804438331,-0.01787332408691622
gemini35flash,raw,0.0,20260953,beta,always_abstain,0.555709662505779,0.9815071659731854
gemini35flash,raw,0.0,20260954,isotonic_direct,original,0.0,0.0
gemini35flash,raw,0.0,20260954,isotonic_direct,penalty_prompt,0.012565880721220557,-0.02313453536754506
gemini35flash,raw,0.0,20260954,isotonic_direct,always_abstain,0.545538603791031,0.9759593157651411
gemini35flash,raw,0.0,20260954,beta,original,0.0,0.0
gemini35flash,raw,0.0,20260954,beta,penalty_prompt,0.012565880721220557,-0.02313453536754506
gemini35flash,raw,0.0,20260954,beta,always_abstain,0.545538603791031,0.9759593157651411
gemini35flash,raw,0.0,20260955,isotonic_direct,original,0.0,0.0
gemini35flash,raw,0.0,20260955,isotonic_direct,penalty_prompt,0.01816920943134548,-0.021433194637077935
gemini35flash,raw,0.0,20260955,isotonic_direct,always_abstain,0.5580212667591309,0.9773462783171522
gemini35flash,raw,0.0,20260955,beta,original,0.0,0.0
gemini35flash,raw,0.0,20260955,beta,penalty_prompt,0.01816920943134548,-0.021433194637077935
gemini35flash,raw,0.0,20260955,beta,always_abstain,0.5580212667591309,0.9773462783171522
gemini35flash,raw,0.0,20260956,isotonic_direct,original,0.0,0.0
gemini35flash,raw,0.0,20260956,isotonic_direct,penalty_prompt,0.012075820619509958,-0.020730466944059223
gemini35flash,raw,0.0,20260956,isotonic_direct,always_abstain,0.5566343042071198,0.9787332408691632
gemini35flash,raw,0.0,20260956,beta,original,0.0,0.0
gemini35flash,raw,0.0,20260956,beta,penalty_prompt,0.012075820619509958,-0.020730466944059223
gemini35flash,raw,0.0,20260956,beta,always_abstain,0.5566343042071198,0.9787332408691632
gemini35flash,raw,0.0,20260957,isotonic_direct,original,0.0,0.0
gemini35flash,raw,0.0,20260957,isotonic_direct,penalty_prompt,0.010282015718908966,-0.01876098012020333
gemini35flash,raw,0.0,20260957,isotonic_direct,always_abstain,0.5524734165510865,0.9801202034211743
gemini35flash,raw,0.0,20260957,beta,original,0.0,0.0
gemini35flash,raw,0.0,20260957,beta,penalty_prompt,0.010282015718908966,-0.01876098012020333
gemini35flash,raw,0.0,20260957,beta,always_abstain,0.5524734165510865,0.9801202034211743
gemini35flash,raw,0.0,20260958,isotonic_direct,original,0.0,0.0
gemini35flash,raw,0.0,20260958,isotonic_direct,penalty_prompt,0.015191863153028229,-0.019195561719833498
gemini35flash,raw,0.0,20260958,isotonic_direct,always_abstain,0.5598705501618123,0.9801202034211743
gemini35flash,raw,0.0,20260958,beta,original,0.0,0.0
gemini35flash,raw,0.0,20260958,beta,penalty_prompt,0.015191863153028229,-0.019195561719833498
gemini35flash,raw,0.0,20260958,beta,always_abstain,0.5598705501618123,0.9801202034211743
gemini35flash,raw,0.0,20260959,isotonic_direct,original,0.0,0.0
gemini35flash,raw,0.0,20260959,isotonic_direct,penalty_prompt,0.010300508552935739,-0.02210818307905693
gemini35flash,raw,0.0,20260959,isotonic_direct,always_abstain,0.5335182616736015,0.9773462783171522
gemini35flash,raw,0.0,20260959,beta,original,0.0,0.0
gemini35flash,raw,0.0,20260959,beta,penalty_prompt,0.010300508552935739,-0.02210818307905693
gemini35flash,raw,0.0,20260959,beta,always_abstain,0.5335182616736015,0.9773462783171522
gemini35flash,raw,0.0,20260960,isotonic_direct,original,0.0,0.0
gemini35flash,raw,0.0,20260960,isotonic_direct,penalty_prompt,0.014895977808599192,-0.02265372168284785
gemini35flash,raw,0.0,20260960,isotonic_direct,always_abstain,0.5561719833564494,0.9764216366158114
gemini35flash,raw,0.0,20260960,beta,original,0.0,0.0
gemini35flash,raw,0.0,20260960,beta,penalty_prompt,0.014895977808599192,-0.02265372168284785
gemini35flash,raw,0.0,20260960,beta,always_abstain,0.5561719833564494,0.9764216366158114
gemini35flash,raw,0.0,20260961,isotonic_direct,original,0.0,0.0
gemini35flash,raw,0.0,20260961,isotonic_direct,penalty_prompt,0.021488673139158587,-0.021276005547850252
gemini35flash,raw,0.0,20260961,isotonic_direct,always_abstain,0.5552473416551087,0.9782709200184928
gemini35flash,raw,0.0,20260961,beta,original,0.0,0.0
gemini35flash,raw,0.0,20260961,beta,penalty_prompt,0.021488673139158587,-0.021276005547850252
gemini35flash,raw,0.0,20260961,beta,always_abstain,0.5552473416551087,0.9782709200184928
gemini35flash,raw,0.0,20260962,isotonic_direct,original,0.0,0.0
gemini35flash,raw,0.0,20260962,isotonic_direct,penalty_prompt,0.018760980120203552,-0.01784558483587606
gemini35flash,raw,0.0,20260962,isotonic_direct,always_abstain,0.5524734165510865,0.9819694868238558
gemini35flash,raw,0.0,20260962,beta,original,0.0,0.0
gemini35flash,raw,0.0,20260962,beta,penalty_prompt,0.018760980120203552,-0.01784558483587606
gemini35flash,raw,0.0,20260962,beta,always_abstain,0.5524734165510865,0.9819694868238558
gemini35flash,raw,0.0,20260963,isotonic_direct,original,0.0,0.0
gemini35flash,raw,0.0,20260963,isotonic_direct,penalty_prompt,0.008700878409616308,-0.020665742024965406
gemini35flash,raw,0.0,20260963,isotonic_direct,always_abstain,0.5483125288950532,0.9787332408691632
gemini35flash,raw,0.0,20260963,beta,original,0.0,0.0
gemini35flash,raw,0.0,20260963,beta,penalty_prompt,0.008700878409616308,-0.020665742024965406
gemini35flash,raw,0.0,20260963,beta,always_abstain,0.5483125288950532,0.9787332408691632
gemini35flash,raw,0.0,20260964,isotonic_direct,original,0.0,0.0
gemini35flash,raw,0.0,20260964,isotonic_direct,penalty_prompt,0.018085991678224667,-0.022015718908922732
gemini35flash,raw,0.0,20260964,isotonic_direct,always_abstain,0.550624133148405,0.9773462783171522
gemini35flash,raw,0.0,20260964,beta,original,0.0,0.0
gemini35flash,raw,0.0,20260964,beta,penalty_prompt,0.018085991678224667,-0.022015718908922732
gemini35flash,raw,0.0,20260964,beta,always_abstain,0.550624133148405,0.9773462783171522
gemini35flash,raw,0.0,20260965,isotonic_direct,original,0.0,0.0
gemini35flash,raw,0.0,20260965,isotonic_direct,penalty_prompt,0.020573277854831318,-0.02070272769301884
gemini35flash,raw,0.0,20260965,isotonic_direct,always_abstain,0.559408229311142,0.9787332408691632
gemini35flash,raw,0.0,20260965,beta,original,0.0,0.0
gemini35flash,raw,0.0,20260965,beta,penalty_prompt,0.020573277854831318,-0.02070272769301884
gemini35flash,raw,0.0,20260965,beta,always_abstain,0.559408229311142,0.9787332408691632
gemini35flash,raw,0.0,20260966,isotonic_direct,original,0.0,0.0
gemini35flash,raw,0.0,20260966,isotonic_direct,penalty_prompt,0.011132686084142418,-0.023153028201571835
gemini35flash,raw,0.0,20260966,isotonic_direct,always_abstain,0.5575589459084604,0.9764216366158114
gemini35flash,raw,0.0,20260966,beta,original,0.0,0.0
gemini35flash,raw,0.0,20260966,beta,penalty_prompt,0.011132686084142418,-0.023153028201571835
gemini35flash,raw,0.0,20260966,beta,always_abstain,0.5575589459084604,0.9764216366158114
gemini35flash,raw,0.0,20260967,isotonic_direct,original,0.0,0.0
gemini35flash,raw,0.0,20260967,isotonic_direct,penalty_prompt,0.01493296347665296,-0.020231160425335015
gemini35flash,raw,0.0,20260967,isotonic_direct,always_abstain,0.5510864539990754,0.9787332408691632
gemini35flash,raw,0.0,20260967,beta,original,0.0,0.0
gemini35flash,raw,0.0,20260967,beta,penalty_prompt,0.01493296347665296,-0.020231160425335015
gemini35flash,raw,0.0,20260967,beta,always_abstain,0.5510864539990754,0.9787332408691632
gemini35flash,raw,0.0,20260968,isotonic_direct,original,0.0,0.0
gemini35flash,raw,0.0,20260968,isotonic_direct,penalty_prompt,0.012556634304207281,-0.021211280628756435
gemini35flash,raw,0.0,20260968,isotonic_direct,always_abstain,0.5501618122977346,0.9778085991678225
gemini35flash,raw,0.0,20260968,beta,original,0.0,0.0
gemini35flash,raw,0.0,20260968,beta,penalty_prompt,0.012556634304207281,-0.021211280628756435
gemini35flash,raw,0.0,20260968,beta,always_abstain,0.5501618122977346,0.9778085991678225
gemini35flash,raw,0.0,20260969,isotonic_direct,original,0.0,0.0
gemini35flash,raw,0.0,20260969,isotonic_direct,penalty_prompt,0.018576051779935265,-0.021950993989829026
gemini35flash,raw,0.0,20260969,isotonic_direct,always_abstain,0.5487748497457235,0.9768839574664817
gemini35flash,raw,0.0,20260969,beta,original,0.0,0.0
gemini35flash,raw,0.0,20260969,beta,penalty_prompt,0.018576051779935265,-0.021950993989829026
gemini35flash,raw,0.0,20260969,beta,always_abstain,0.5487748497457235,0.9768839574664817
gemini35flash,raw,0.0,20260970,isotonic_direct,original,0.0,0.0
gemini35flash,raw,0.0,20260970,isotonic_direct,penalty_prompt,0.0220527045769765,-0.018548312528894995
gemini35flash,raw,0.0,20260970,isotonic_direct,always_abstain,0.5538603791030976,0.9805825242718447
gemini35flash,raw,0.0,20260970,beta,original,0.0,0.0
gemini35flash,raw,0.0,20260970,beta,penalty_prompt,0.0220527045769765,-0.018548312528894995
gemini35flash,raw,0.0,20260970,beta,always_abstain,0.5538603791030976,0.9805825242718447
gemini35flash,raw,0.0,20260971,isotonic_direct,original,0.0,0.0
gemini35flash,raw,0.0,20260971,isotonic_direct,penalty_prompt,0.018770226537216828,-0.02071197411003245
gemini35flash,raw,0.0,20260971,isotonic_direct,always_abstain,0.5496994914470643,0.9787332408691632
gemini35flash,raw,0.0,20260971,beta,original,0.0,0.0
gemini35flash,raw,0.0,20260971,beta,penalty_prompt,0.018770226537216828,-0.02071197411003245
gemini35flash,raw,0.0,20260971,beta,always_abstain,0.5496994914470643,0.9787332408691632
gemini35flash,raw,0.0,20260972,isotonic_direct,original,0.0,0.0
gemini35flash,raw,0.0,20260972,isotonic_direct,penalty_prompt,0.013222376329172447,-0.019537679149329468
gemini35flash,raw,0.0,20260972,isotonic_direct,always_abstain,0.5441516412390199,0.9791955617198336
gemini35flash,raw,0.0,20260972,beta,original,0.0,0.0
gemini35flash,raw,0.0,20260972,beta,penalty_prompt,0.013222376329172447,-0.019537679149329468
gemini35flash,raw,0.0,20260972,beta,always_abstain,0.5441516412390199,0.9791955617198336
gemini35flash,raw,0.0,20260973,isotonic_direct,original,0.0,0.0
gemini35flash,raw,0.0,20260973,isotonic_direct,penalty_prompt,0.012972723069810344,-0.019454461396208877
gemini35flash,raw,0.0,20260973,isotonic_direct,always_abstain,0.5589459084604715,0.9801202034211743
gemini35flash,raw,0.0,20260973,beta,original,0.0,0.0
gemini35flash,raw,0.0,20260973,beta,penalty_prompt,0.012972723069810344,-0.019454461396208877
gemini35flash,raw,0.0,20260973,beta,always_abstain,0.5589459084604715,0.9801202034211743
gemini35flash,raw,0.0,20260974,isotonic_direct,original,0.0,0.0
gemini35flash,raw,0.0,20260974,isotonic_direct,penalty_prompt,0.00586222838650019,-0.02088765603328724
gemini35flash,raw,0.0,20260974,isotonic_direct,always_abstain,0.5483125288950532,0.9782709200184928
gemini35flash,raw,0.0,20260974,beta,original,0.0,0.0
gemini35flash,raw,0.0,20260974,beta,penalty_prompt,0.00586222838650019,-0.02088765603328724
gemini35flash,raw,0.0,20260974,beta,always_abstain,0.5483125288950532,0.9782709200184928
gemini35flash,raw,0.0,20260975,isotonic_direct,original,0.0,0.0
gemini35flash,raw,0.0,20260975,isotonic_direct,penalty_prompt,0.01779010633379574,-0.021063337956541806
gemini35flash,raw,0.0,20260975,isotonic_direct,always_abstain,0.5566343042071198,0.9782709200184928
gemini35flash,raw,0.0,20260975,beta,original,0.0,0.0
gemini35flash,raw,0.0,20260975,beta,penalty_prompt,0.01779010633379574,-0.021063337956541806
gemini35flash,raw,0.0,20260975,beta,always_abstain,0.5566343042071198,0.9782709200184928
gemini35flash,raw,0.0,20260976,isotonic_direct,original,0.0,0.0
gemini35flash,raw,0.0,20260976,isotonic_direct,penalty_prompt,0.010226537216828535,-0.02013869625520115
gemini35flash,raw,0.0,20260976,isotonic_direct,always_abstain,0.5492371705963939,0.9796578825705039
gemini35flash,raw,0.0,20260976,beta,original,0.0,0.0
gemini35flash,raw,0.0,20260976,beta,penalty_prompt,0.010226537216828535,-0.02013869625520115
gemini35flash,raw,0.0,20260976,beta,always_abstain,0.5492371705963939,0.9796578825705039
gemini35flash,raw,0.0,20260977,isotonic_direct,original,0.0,0.0
gemini35flash,raw,0.0,20260977,isotonic_direct,penalty_prompt,0.018465094775774404,-0.0217013407304667
gemini35flash,raw,0.0,20260977,isotonic_direct,always_abstain,0.5460009246417014,0.9778085991678225
gemini35flash,raw,0.0,20260977,beta,original,0.0,0.0
gemini35flash,raw,0.0,20260977,beta,penalty_prompt,0.018465094775774404,-0.0217013407304667
gemini35flash,raw,0.0,20260977,beta,always_abstain,0.5460009246417014,0.9778085991678225
gemini35flash,raw,0.0,20260978,isotonic_direct,original,0.0,0.0
gemini35flash,raw,0.0,20260978,isotonic_direct,penalty_prompt,0.011595006934812746,-0.02011095700416088
gemini35flash,raw,0.0,20260978,isotonic_direct,always_abstain,0.5691169671752196,0.9791955617198336
gemini35flash,raw,0.0,20260978,beta,original,0.0,0.0
gemini35flash,raw,0.0,20260978,beta,penalty_prompt,0.011595006934812746,-0.02011095700416088
gemini35flash,raw,0.0,20260978,beta,always_abstain,0.5691169671752196,0.9791955617198336
gemini35flash,raw,0.0,20260979,isotonic_direct,original,0.0,0.0
gemini35flash,raw,0.0,20260979,isotonic_direct,penalty_prompt,0.01418400369856676,-0.021072584373555192
gemini35flash,raw,0.0,20260979,isotonic_direct,always_abstain,0.5547850208044383,0.9778085991678225
gemini35flash,raw,0.0,20260979,beta,original,0.0,0.0
gemini35flash,raw,0.0,20260979,beta,penalty_prompt,0.01418400369856676,-0.021072584373555192
gemini35flash,raw,0.0,20260979,beta,always_abstain,0.5547850208044383,0.9778085991678225
gemini35flash,raw,0.0,20260980,isotonic_direct,original,0.0,0.0
gemini35flash,raw,0.0,20260980,isotonic_direct,penalty_prompt,0.015663430420712054,-0.018492834026814564
gemini35flash,raw,0.0,20260980,isotonic_direct,always_abstain,0.5460009246417014,0.9805825242718447
gemini35flash,raw,0.0,20260980,beta,original,0.0,0.0
gemini35flash,raw,0.0,20260980,beta,penalty_prompt,0.015663430420712054,-0.018492834026814564
gemini35flash,raw,0.0,20260980,beta,always_abstain,0.5460009246417014,0.9805825242718447
gemini35flash,raw,0.0,20260981,isotonic_direct,original,0.0,0.0
gemini35flash,raw,0.0,20260981,isotonic_direct,penalty_prompt,0.017716134997688426,-0.023069810448451245
gemini35flash,raw,0.0,20260981,isotonic_direct,always_abstain,0.5436893203883495,0.9759593157651411
gemini35flash,raw,0.0,20260981,beta,original,0.0,0.0
gemini35flash,raw,0.0,20260981,beta,penalty_prompt,0.017716134997688426,-0.023069810448451245
gemini35flash,raw,0.0,20260981,beta,always_abstain,0.5436893203883495,0.9759593157651411
gemini35flash,raw,0.0,20260982,isotonic_direct,original,0.0,0.0
gemini35flash,raw,0.0,20260982,isotonic_direct,penalty_prompt,0.016264447526583514,-0.02180305131761462
gemini35flash,raw,0.0,20260982,isotonic_direct,always_abstain,0.5612575127138234,0.9768839574664817
gemini35flash,raw,0.0,20260982,beta,original,0.0,0.0
gemini35flash,raw,0.0,20260982,beta,penalty_prompt,0.016264447526583514,-0.02180305131761462
gemini35flash,raw,0.0,20260982,beta,always_abstain,0.5612575127138234,0.9768839574664817
gemini35flash,raw,0.0,20260983,isotonic_direct,original,0.0,0.0
gemini35flash,raw,0.0,20260983,isotonic_direct,penalty_prompt,0.013740175681923317,-0.02191400832177537
gemini35flash,raw,0.0,20260983,isotonic_direct,always_abstain,0.5496994914470643,0.9778085991678225
gemini35flash,raw,0.0,20260983,beta,original,0.0,0.0
gemini35flash,raw,0.0,20260983,beta,penalty_prompt,0.013740175681923317,-0.02191400832177537
gemini35flash,raw,0.0,20260983,beta,always_abstain,0.5496994914470643,0.9778085991678225
gemini35flash,raw,0.0,20260984,isotonic_direct,original,0.0,0.0
gemini35flash,raw,0.0,20260984,isotonic_direct,penalty_prompt,0.019583911234396734,-0.021516412390198858
gemini35flash,raw,0.0,20260984,isotonic_direct,always_abstain,0.536754507628294,0.9782709200184928
gemini35flash,raw,0.0,20260984,beta,original,0.0,0.0
gemini35flash,raw,0.0,20260984,beta,penalty_prompt,0.019583911234396734,-0.021516412390198858
gemini35flash,raw,0.0,20260984,beta,always_abstain,0.536754507628294,0.9782709200184928
gemini35flash,raw,0.0,20260985,isotonic_direct,original,0.0,0.0
gemini35flash,raw,0.0,20260985,isotonic_direct,penalty_prompt,0.013638465094775731,-0.024613962089690133
gemini35flash,raw,0.0,20260985,isotonic_direct,always_abstain,0.5413777161349976,0.97457235321313
gemini35flash,raw,0.0,20260985,beta,original,0.0,0.0
gemini35flash,raw,0.0,20260985,beta,penalty_prompt,0.013638465094775731,-0.024613962089690133
gemini35flash,raw,0.0,20260985,beta,always_abstain,0.5413777161349976,0.97457235321313
gemini35flash,raw,0.0,20260986,isotonic_direct,original,0.0,0.0
gemini35flash,raw,0.0,20260986,isotonic_direct,penalty_prompt,0.01742024965325928,-0.019491447064262535
gemini35flash,raw,0.0,20260986,isotonic_direct,always_abstain,0.5478502080443828,0.9791955617198336
gemini35flash,raw,0.0,20260986,beta,original,0.0,0.0
gemini35flash,raw,0.0,20260986,beta,penalty_prompt,0.01742024965325928,-0.019491447064262535
gemini35flash,raw,0.0,20260986,beta,always_abstain,0.5478502080443828,0.9791955617198336
gemini35flash,raw,0.0,20260987,isotonic_direct,original,0.0,0.0
gemini35flash,raw,0.0,20260987,isotonic_direct,penalty_prompt,0.013453536754507556,-0.0224503005085529
gemini35flash,raw,0.0,20260987,isotonic_direct,always_abstain,0.5418400369856681,0.9768839574664817
gemini35flash,raw,0.0,20260987,beta,original,0.0,0.0
gemini35flash,raw,0.0,20260987,beta,penalty_prompt,0.013453536754507556,-0.0224503005085529
gemini35flash,raw,0.0,20260987,beta,always_abstain,0.5418400369856681,0.9768839574664817
gemini35flash,raw,0.0,20260988,isotonic_direct,original,0.0,0.0
gemini35flash,raw,0.0,20260988,isotonic_direct,penalty_prompt,0.014378178455848323,-0.025862228386500208
gemini35flash,raw,0.0,20260988,isotonic_direct,always_abstain,0.5483125288950532,0.9736477115117892
gemini35flash,raw,0.0,20260988,beta,original,0.0,0.0
gemini35flash,raw,0.0,20260988,beta,penalty_prompt,0.014378178455848323,-0.025862228386500208
gemini35flash,raw,0.0,20260988,beta,always_abstain,0.5483125288950532,0.9736477115117892
gemini35flash,raw,0.0,20260989,isotonic_direct,original,0.0,0.0
gemini35flash,raw,0.0,20260989,isotonic_direct,penalty_prompt,0.015469255663430492,-0.02494683310217294
gemini35flash,raw,0.0,20260989,isotonic_direct,always_abstain,0.559408229311142,0.9741100323624595
gemini35flash,raw,0.0,20260989,beta,original,0.0,0.0
gemini35flash,raw,0.0,20260989,beta,penalty_prompt,0.015469255663430492,-0.02494683310217294
gemini35flash,raw,0.0,20260989,beta,always_abstain,0.559408229311142,0.9741100323624595
gemini35flash,raw,0.0,20260990,isotonic_direct,original,0.0,0.0
gemini35flash,raw,0.0,20260990,isotonic_direct,penalty_prompt,0.01762367082755434,-0.020286638927415668
gemini35flash,raw,0.0,20260990,isotonic_direct,always_abstain,0.5566343042071198,0.9791955617198336
gemini35flash,raw,0.0,20260990,beta,original,0.0,0.0
gemini35flash,raw,0.0,20260990,beta,penalty_prompt,0.01762367082755434,-0.020286638927415668
gemini35flash,raw,0.0,20260990,beta,always_abstain,0.5566343042071198,0.9791955617198336
gemini35flash,raw,0.0,20260991,isotonic_direct,original,0.0,0.0
gemini35flash,raw,0.0,20260991,isotonic_direct,penalty_prompt,0.016782246879334384,-0.016662043458159914
gemini35flash,raw,0.0,20260991,isotonic_direct,always_abstain,0.5570966250577901,0.9828941285251965
gemini35flash,raw,0.0,20260991,beta,original,0.0,0.0
gemini35flash,raw,0.0,20260991,beta,penalty_prompt,0.016782246879334384,-0.016662043458159914
gemini35flash,raw,0.0,20260991,beta,always_abstain,0.5570966250577901,0.9828941285251965
gemini35flash,raw,0.0,20260992,isotonic_direct,original,0.0,0.0
gemini35flash,raw,0.0,20260992,isotonic_direct,penalty_prompt,0.01876098012020344,-0.02173832639852047
gemini35flash,raw,0.0,20260992,isotonic_direct,always_abstain,0.5570966250577901,0.9773462783171522
gemini35flash,raw,0.0,20260992,beta,original,0.0,0.0
gemini35flash,raw,0.0,20260992,beta,penalty_prompt,0.01876098012020344,-0.02173832639852047
gemini35flash,raw,0.0,20260992,beta,always_abstain,0.5570966250577901,0.9773462783171522
gemini35flash,raw,0.0,20260993,isotonic_direct,original,0.0,0.0
gemini35flash,raw,0.0,20260993,isotonic_direct,penalty_prompt,0.01776236708275547,-0.021266759130836865
gemini35flash,raw,0.0,20260993,isotonic_direct,always_abstain,0.5668053629218678,0.9782709200184928
gemini35flash,raw,0.0,20260993,beta,original,0.0,0.0
gemini35flash,raw,0.0,20260993,beta,penalty_prompt,0.01776236708275547,-0.021266759130836865
gemini35flash,raw,0.0,20260993,beta,always_abstain,0.5668053629218678,0.9782709200184928
gemini35flash,raw,0.0,20260994,isotonic_direct,original,0.0,0.0
gemini35flash,raw,0.0,20260994,isotonic_direct,penalty_prompt,0.01404530744336574,-0.023069810448451245
gemini35flash,raw,0.0,20260994,isotonic_direct,always_abstain,0.5547850208044383,0.9759593157651411
gemini35flash,raw,0.0,20260994,beta,original,0.0,0.0
gemini35flash,raw,0.0,20260994,beta,penalty_prompt,0.01404530744336574,-0.023069810448451245
gemini35flash,raw,0.0,20260994,beta,always_abstain,0.5547850208044383,0.9759593157651411
gemini35flash,raw,0.0,20260995,isotonic_direct,original,0.0,0.0
gemini35flash,raw,0.0,20260995,isotonic_direct,penalty_prompt,0.014230235783633804,-0.022071197411003163
gemini35flash,raw,0.0,20260995,isotonic_direct,always_abstain,0.540453074433657,0.9768839574664817
gemini35flash,raw,0.0,20260995,beta,original,0.0,0.0
gemini35flash,raw,0.0,20260995,beta,penalty_prompt,0.014230235783633804,-0.022071197411003163
gemini35flash,raw,0.0,20260995,beta,always_abstain,0.540453074433657,0.9768839574664817
gemini35flash,raw,0.0,20260996,isotonic_direct,original,0.0,0.0
gemini35flash,raw,0.0,20260996,isotonic_direct,penalty_prompt,0.015654184003698668,-0.022690707350901507
gemini35flash,raw,0.0,20260996,isotonic_direct,always_abstain,0.5460009246417014,0.9764216366158114
gemini35flash,raw,0.0,20260996,beta,original,0.0,0.0
gemini35flash,raw,0.0,20260996,beta,penalty_prompt,0.015654184003698668,-0.022690707350901507
gemini35flash,raw,0.0,20260996,beta,always_abstain,0.5460009246417014,0.9764216366158114
gemini35flash,raw,0.0,20260997,isotonic_direct,original,0.0,0.0
gemini35flash,raw,0.0,20260997,isotonic_direct,penalty_prompt,0.011696717521960331,-0.022357836338418924
gemini35flash,raw,0.0,20260997,isotonic_direct,always_abstain,0.5376791493296348,0.9764216366158114
gemini35flash,raw,0.0,20260997,beta,original,0.0,0.0
gemini35flash,raw,0.0,20260997,beta,penalty_prompt,0.011696717521960331,-0.022357836338418924
gemini35flash,raw,0.0,20260997,beta,always_abstain,0.5376791493296348,0.9764216366158114
gemini35flash,raw,0.0,20260998,isotonic_direct,original,0.0,0.0
gemini35flash,raw,0.0,20260998,isotonic_direct,penalty_prompt,0.012695330559408302,-0.020674988441978792
gemini35flash,raw,0.0,20260998,isotonic_direct,always_abstain,0.5432269995376792,0.9787332408691632
gemini35flash,raw,0.0,20260998,beta,original,0.0,0.0
gemini35flash,raw,0.0,20260998,beta,penalty_prompt,0.012695330559408302,-0.020674988441978792
gemini35flash,raw,0.0,20260998,beta,always_abstain,0.5432269995376792,0.9787332408691632
gemini35flash,raw,0.0,20260999,isotonic_direct,original,0.0,0.0
gemini35flash,raw,0.0,20260999,isotonic_direct,penalty_prompt,0.014036061026352242,-0.023273231622746193
gemini35flash,raw,0.0,20260999,isotonic_direct,always_abstain,0.5515487748497457,0.9759593157651411
gemini35flash,raw,0.0,20260999,beta,original,0.0,0.0
gemini35flash,raw,0.0,20260999,beta,penalty_prompt,0.014036061026352242,-0.023273231622746193
gemini35flash,raw,0.0,20260999,beta,always_abstain,0.5515487748497457,0.9759593157651411
gemini35flash,raw,0.0,20261000,isotonic_direct,original,0.0,0.0
gemini35flash,raw,0.0,20261000,isotonic_direct,penalty_prompt,0.016597318539066097,-0.021627369394359497
gemini35flash,raw,0.0,20261000,isotonic_direct,always_abstain,0.5575589459084604,0.9773462783171522
gemini35flash,raw,0.0,20261000,beta,original,0.0,0.0
gemini35flash,raw,0.0,20261000,beta,penalty_prompt,0.016597318539066097,-0.021627369394359497
gemini35flash,raw,0.0,20261000,beta,always_abstain,0.5575589459084604,0.9773462783171522
gemini35flash,raw,0.0,20261001,isotonic_direct,original,0.0,0.0
gemini35flash,raw,0.0,20261001,isotonic_direct,penalty_prompt,0.016458622283864965,-0.02030513176144244
gemini35flash,raw,0.0,20261001,isotonic_direct,always_abstain,0.5603328710124826,0.9787332408691632
gemini35flash,raw,0.0,20261001,beta,original,0.0,0.0
gemini35flash,raw,0.0,20261001,beta,penalty_prompt,0.016458622283864965,-0.02030513176144244
gemini35flash,raw,0.0,20261001,beta,always_abstain,0.5603328710124826,0.9787332408691632
gemini35flash,raw,0.0,20261002,isotonic_direct,original,0.0,0.0
gemini35flash,raw,0.0,20261002,isotonic_direct,penalty_prompt,0.005945446139620891,-0.02291262135922323
gemini35flash,raw,0.0,20261002,isotonic_direct,always_abstain,0.550624133148405,0.9759593157651411
gemini35flash,raw,0.0,20261002,beta,original,0.0,0.0
gemini35flash,raw,0.0,20261002,beta,penalty_prompt,0.005945446139620891,-0.02291262135922323
gemini35flash,raw,0.0,20261002,beta,always_abstain,0.550624133148405,0.9759593157651411
gemini35flash,raw,0.0,20261003,isotonic_direct,original,0.0,0.0
gemini35flash,raw,0.0,20261003,isotonic_direct,penalty_prompt,0.02479889042995831,-0.021849283402681552
gemini35flash,raw,0.0,20261003,isotonic_direct,always_abstain,0.5520110957004161,0.9773462783171522
gemini35flash,raw,0.0,20261003,beta,original,0.0,0.0
gemini35flash,raw,0.0,20261003,beta,penalty_prompt,0.02479889042995831,-0.021849283402681552
gemini35flash,raw,0.0,20261003,beta,always_abstain,0.5520110957004161,0.9773462783171522
gemini35flash,raw,0.0,20261004,isotonic_direct,original,0.0,0.0
gemini35flash,raw,0.0,20261004,isotonic_direct,penalty_prompt,0.01779010633379563,-0.023467406380027755
gemini35flash,raw,0.0,20261004,isotonic_direct,always_abstain,0.5640314378178456,0.9759593157651411
gemini35flash,raw,0.0,20261004,beta,original,0.0,0.0
gemini35flash,raw,0.0,20261004,beta,penalty_prompt,0.01779010633379563,-0.023467406380027755
gemini35flash,raw,0.0,20261004,beta,always_abstain,0.5640314378178456,0.9759593157651411
gemini35flash,raw,0.0,20261005,isotonic_direct,original,0.0,0.0
gemini35flash,raw,0.0,20261005,isotonic_direct,penalty_prompt,0.013832639852057294,-0.02348589921405464
gemini35flash,raw,0.0,20261005,isotonic_direct,always_abstain,0.5464632454923717,0.9764216366158114
gemini35flash,raw,0.0,20261005,beta,original,0.0,0.0
gemini35flash,raw,0.0,20261005,beta,penalty_prompt,0.013832639852057294,-0.02348589921405464
gemini35flash,raw,0.0,20261005,beta,always_abstain,0.5464632454923717,0.9764216366158114
gemini35flash,raw,0.0,20261006,isotonic_direct,original,0.0,0.0
gemini35flash,raw,0.0,20261006,isotonic_direct,penalty_prompt,0.011484049930651885,-0.021618122977346443
gemini35flash,raw,0.0,20261006,isotonic_direct,always_abstain,0.5478502080443828,0.9768839574664817
gemini35flash,raw,0.0,20261006,beta,original,0.0,0.0
gemini35flash,raw,0.0,20261006,beta,penalty_prompt,0.011484049930651885,-0.021618122977346443
gemini35flash,raw,0.0,20261006,beta,always_abstain,0.5478502080443828,0.9768839574664817
gemini35flash,raw,0.0,20261007,isotonic_direct,original,0.0,0.0
gemini35flash,raw,0.0,20261007,isotonic_direct,penalty_prompt,0.011881645862228396,-0.019103097549699632
gemini35flash,raw,0.0,20261007,isotonic_direct,always_abstain,0.5492371705963939,0.9796578825705039
gemini35flash,raw,0.0,20261007,beta,original,0.0,0.0
gemini35flash,raw,0.0,20261007,beta,penalty_prompt,0.011881645862228396,-0.019103097549699632
gemini35flash,raw,0.0,20261007,beta,always_abstain,0.5492371705963939,0.9796578825705039
gemini35flash,raw,0.0,20261008,isotonic_direct,original,0.0,0.0
gemini35flash,raw,0.0,20261008,isotonic_direct,penalty_prompt,0.016227461858529857,-0.019112343966712908
gemini35flash,raw,0.0,20261008,isotonic_direct,always_abstain,0.5510864539990754,0.9801202034211743
gemini35flash,raw,0.0,20261008,beta,original,0.0,0.0
gemini35flash,raw,0.0,20261008,beta,penalty_prompt,0.016227461858529857,-0.019112343966712908
gemini35flash,raw,0.0,20261008,beta,always_abstain,0.5510864539990754,0.9801202034211743
gemini35flash,raw,0.0,20261009,isotonic_direct,original,0.0,0.0
gemini35flash,raw,0.0,20261009,isotonic_direct,penalty_prompt,0.01278779472954239,-0.023190013869625603
gemini35flash,raw,0.0,20261009,isotonic_direct,always_abstain,0.5524734165510865,0.9759593157651411
gemini35flash,raw,0.0,20261009,beta,original,0.0,0.0
gemini35flash,raw,0.0,20261009,beta,penalty_prompt,0.01278779472954239,-0.023190013869625603
gemini35flash,raw,0.0,20261009,beta,always_abstain,0.5524734165510865,0.9759593157651411
gemini35flash,raw,0.0,20261010,isotonic_direct,original,0.0,0.0
gemini35flash,raw,0.0,20261010,isotonic_direct,penalty_prompt,0.012306981044845178,-0.02093388811835406
gemini35flash,raw,0.0,20261010,isotonic_direct,always_abstain,0.5483125288950532,0.9782709200184928
gemini35flash,raw,0.0,20261010,beta,original,0.0,0.0
gemini35flash,raw,0.0,20261010,beta,penalty_prompt,0.012306981044845178,-0.02093388811835406
gemini35flash,raw,0.0,20261010,beta,always_abstain,0.5483125288950532,0.9782709200184928
gemini35flash,raw,0.0,20261011,isotonic_direct,original,0.0,0.0
gemini35flash,raw,0.0,20261011,isotonic_direct,penalty_prompt,0.016467868700878352,-0.019778085991678074
gemini35flash,raw,0.0,20261011,isotonic_direct,always_abstain,0.5446139620896903,0.9791955617198336
gemini35flash,raw,0.0,20261011,beta,original,0.0,0.0
gemini35flash,raw,0.0,20261011,beta,penalty_prompt,0.016467868700878352,-0.019778085991678074
gemini35flash,raw,0.0,20261011,beta,always_abstain,0.5446139620896903,0.9791955617198336
gemini35flash,raw,0.0,20261012,isotonic_direct,original,0.0,0.0
gemini35flash,raw,0.0,20261012,isotonic_direct,penalty_prompt,0.016384650947757762,-0.023578363384188616
gemini35flash,raw,0.0,20261012,isotonic_direct,always_abstain,0.536754507628294,0.9754969949144706
gemini35flash,raw,0.0,20261012,beta,original,0.0,0.0
gemini35flash,raw,0.0,20261012,beta,penalty_prompt,0.016384650947757762,-0.023578363384188616
gemini35flash,raw,0.0,20261012,beta,always_abstain,0.536754507628294,0.9754969949144706
gemini35flash,raw,3.0,20260913,isotonic_direct,original,0.12852519648636154,-0.36153490522422566
gemini35flash,raw,3.0,20260913,isotonic_direct,penalty_prompt,0.5579010633379564,-0.6968747110494684
gemini35flash,raw,3.0,20260913,isotonic_direct,always_abstain,0.045307443365695796,0.15256588072122051
gemini35flash,raw,3.0,20260913,beta,original,0.12944983818770228,-0.33472029588534447
gemini35flash,raw,3.0,20260913,beta,penalty_prompt,0.5588257050392971,-0.6700601017105873
gemini35flash,raw,3.0,20260913,beta,always_abstain,0.04623208506703652,0.1793804900601017
gemini35flash,raw,3.0,20260914,isotonic_direct,original,0.1317614424410541,-0.37309292649098474
gemini35flash,raw,3.0,20260914,isotonic_direct,penalty_prompt,0.5492649098474341,-0.7139066111881647
gemini35flash,raw,3.0,20260914,isotonic_direct,always_abstain,0.049930651872399444,0.14424410540915394
gemini35flash,raw,3.0,20260914,beta,original,0.1280628756356912,-0.3472029588534443
gemini35flash,raw,3.0,20260914,beta,penalty_prompt,0.5455663430420712,-0.6880166435506242
gemini35flash,raw,3.0,20260914,beta,always_abstain,0.04623208506703652,0.1701340730466944
gemini35flash,raw,3.0,20260915,isotonic_direct,original,0.1396208969024503,-0.38557558945908454
gemini35flash,raw,3.0,20260915,isotonic_direct,penalty_prompt,0.5471567267683772,-0.7108737864077669
gemini35flash,raw,3.0,20260915,isotonic_direct,always_abstain,0.05640314378178456,0.14331946370781323
gemini35flash,raw,3.0,20260915,beta,original,0.1437817845584836,-0.36107258437355516
gemini35flash,raw,3.0,20260915,beta,penalty_prompt,0.5513176144244105,-0.6863707813222375
gemini35flash,raw,3.0,20260915,beta,always_abstain,0.06056403143781785,0.1678224687933426
gemini35flash,raw,3.0,20260916,isotonic_direct,original,0.10818307905686547,-0.23393435043920474
gemini35flash,raw,3.0,20260916,isotonic_direct,penalty_prompt,0.549764216366158,-0.5787055016181231
gemini35flash,raw,3.0,20260916,isotonic_direct,always_abstain,0.024040684234858993,0.2755432269995377
gemini35flash,raw,3.0,20260916,beta,original,0.12066574202496533,-0.34350439204808136
gemini35flash,raw,3.0,20260916,beta,penalty_prompt,0.5622468793342579,-0.6882755432269997
gemini35flash,raw,3.0,20260916,beta,always_abstain,0.036523347202958856,0.1659731853906611
gemini35flash,raw,3.0,20260917,isotonic_direct,original,0.14331946370781323,-0.23023578363384184
gemini35flash,raw,3.0,20260917,isotonic_direct,penalty_prompt,0.5514470642625983,-0.5594174757281554
gemini35flash,raw,3.0,20260917,isotonic_direct,always_abstain,0.04669440591770689,0.28895053166897827
gemini35flash,raw,3.0,20260917,beta,original,0.14794267221451687,-0.34026814609338873
gemini35flash,raw,3.0,20260917,beta,penalty_prompt,0.5560702727693019,-0.6694498381877022
gemini35flash,raw,3.0,20260917,beta,always_abstain,0.05131761442441054,0.17891816920943135
gemini35flash,raw,3.0,20260918,isotonic_direct,original,0.10725843735552473,-0.3439667128987517
gemini35flash,raw,3.0,20260918,isotonic_direct,penalty_prompt,0.551779935275081,-0.6757374017568192
gemini35flash,raw,3.0,20260918,isotonic_direct,always_abstain,0.039297272306981046,0.17059639389736478
gemini35flash,raw,3.0,20260918,beta,original,0.10725843735552473,-0.3439667128987517
gemini35flash,raw,3.0,20260918,beta,penalty_prompt,0.551779935275081,-0.6757374017568192
gemini35flash,raw,3.0,20260918,beta,always_abstain,0.039297272306981046,0.17059639389736478
gemini35flash,raw,3.0,20260919,isotonic_direct,original,0.15256588072122051,-0.3615349052242256
gemini35flash,raw,3.0,20260919,isotonic_direct,penalty_prompt,0.569782709200185,-0.6910957004160887
gemini35flash,raw,3.0,20260919,isotonic_direct,always_abstain,0.06564956079519187,0.154415164123902
gemini35flash,raw,3.0,20260919,beta,original,0.1567267683772538,-0.33888118354137775
gemini35flash,raw,3.0,20260919,beta,penalty_prompt,0.5739435968562183,-0.6684419787332408
gemini35flash,raw,3.0,20260919,beta,always_abstain,0.06981044845122515,0.17706888580674987
gemini35flash,raw,3.0,20260920,isotonic_direct,original,0.1423948220064725,-0.3698566805362922
gemini35flash,raw,3.0,20260920,isotonic_direct,penalty_prompt,0.6016366158113732,-0.6937494220989366
gemini35flash,raw,3.0,20260920,isotonic_direct,always_abstain,0.047156726768377254,0.15256588072122051
gemini35flash,raw,3.0,20260920,beta,original,0.14008321775312066,-0.34627831715210355
gemini35flash,raw,3.0,20260920,beta,penalty_prompt,0.5993250115580213,-0.6701710587147479
gemini35flash,raw,3.0,20260920,beta,always_abstain,0.044845122515025426,0.17614424410540916
gemini35flash,raw,3.0,20260921,isotonic_direct,original,0.15857605177993528,-0.38511326860841427
gemini35flash,raw,3.0,20260921,isotonic_direct,penalty_prompt,0.5625150254276468,-0.7169301895515487
gemini35flash,raw,3.0,20260921,isotonic_direct,always_abstain,0.04068423485899214,0.13869625520110956
gemini35flash,raw,3.0,20260921,beta,original,0.15487748497457235,-0.3555247341655109
gemini35flash,raw,3.0,20260921,beta,penalty_prompt,0.5588164586222839,-0.6873416551086453
gemini35flash,raw,3.0,20260921,beta,always_abstain,0.03698566805362922,0.16828478964401294
gemini35flash,raw,3.0,20260922,isotonic_direct,original,0.1382339343504392,-0.3684697179842811
gemini35flash,raw,3.0,20260922,isotonic_direct,penalty_prompt,0.5515025427646787,-0.6939898289412852
gemini35flash,raw,3.0,20260922,isotonic_direct,always_abstain,0.04900601017105871,0.15071659731853906
gemini35flash,raw,3.0,20260922,beta,original,0.1410078594544614,-0.34165510864539983
gemini35flash,raw,3.0,20260922,beta,penalty_prompt,0.554276467868701,-0.667175219602404
gemini35flash,raw,3.0,20260922,beta,always_abstain,0.05177993527508091,0.17753120665742025
gemini35flash,raw,3.0,20260923,isotonic_direct,original,0.1317614424410541,-0.36569579288025894
gemini35flash,raw,3.0,20260923,isotonic_direct,penalty_prompt,0.5656495607951918,-0.701405455386038
gemini35flash,raw,3.0,20260923,isotonic_direct,always_abstain,0.06102635228848821,0.1553398058252427
gemini35flash,raw,3.0,20260923,beta,original,0.1340730466944059,-0.3393435043920481
gemini35flash,raw,3.0,20260923,beta,penalty_prompt,0.5679611650485437,-0.6750531668978271
gemini35flash,raw,3.0,20260923,beta,always_abstain,0.06333795654184003,0.18169209431345354
gemini35flash,raw,3.0,20260924,isotonic_direct,original,0.11789181692094314,-0.24086916319926027
gemini35flash,raw,3.0,20260924,isotonic_direct,penalty_prompt,0.5487656033287102,-0.5752658344891355
gemini35flash,raw,3.0,20260924,isotonic_direct,always_abstain,0.03143781784558484,0.2736939435968562
gemini35flash,raw,3.0,20260924,beta,original,0.12852519648636151,-0.3393435043920481
gemini35flash,raw,3.0,20260924,beta,penalty_prompt,0.5593989828941286,-0.6737401756819233
gemini35flash,raw,3.0,20260924,beta,always_abstain,0.042071197411003236,0.17521960240406842
gemini35flash,raw,3.0,20260925,isotonic_direct,original,0.10124826629681,-0.36846971798428113
gemini35flash,raw,3.0,20260925,isotonic_direct,penalty_prompt,0.5444012944983818,-0.7044197873324087
gemini35flash,raw,3.0,20260925,isotonic_direct,always_abstain,0.04669440591770689,0.14840499306518723
gemini35flash,raw,3.0,20260925,beta,original,0.09754969949144707,-0.34442903374942213
gemini35flash,raw,3.0,20260925,beta,penalty_prompt,0.540702727693019,-0.6803791030975498
gemini35flash,raw,3.0,20260925,beta,always_abstain,0.04299583911234397,0.17244567730004623
gemini35flash,raw,3.0,20260926,isotonic_direct,original,0.09939898289412852,-0.3666204345815996
gemini35flash,raw,3.0,20260926,isotonic_direct,penalty_prompt,0.5510679611650485,-0.7003791030975497
gemini35flash,raw,3.0,20260926,isotonic_direct,always_abstain,0.04160887656033287,0.15256588072122051
gemini35flash,raw,3.0,20260926,beta,original,0.09477577438742488,-0.33795654184003693
gemini35flash,raw,3.0,20260926,beta,penalty_prompt,0.5464447526583449,-0.6717152103559871
gemini35flash,raw,3.0,20260926,beta,always_abstain,0.03698566805362922,0.18122977346278318
gemini35flash,raw,3.0,20260927,isotonic_direct,original,0.11280628756356911,-0.2404068423485899
gemini35flash,raw,3.0,20260927,isotonic_direct,penalty_prompt,0.5511696717521961,-0.568719371243643
gemini35flash,raw,3.0,20260927,isotonic_direct,always_abstain,0.025889967637540454,0.2810910772075821
gemini35flash,raw,3.0,20260927,beta,original,0.12159038372630605,-0.348127600554785
gemini35flash,raw,3.0,20260927,beta,penalty_prompt,0.559953767914933,-0.6764401294498381
gemini35flash,raw,3.0,20260927,beta,always_abstain,0.03467406380027739,0.17337031900138697
gemini35flash,raw,3.0,20260928,isotonic_direct,original,0.12251502542764679,-0.37679149329634765
gemini35flash,raw,3.0,20260928,isotonic_direct,penalty_prompt,0.5422561257512714,-0.703384188626907
gemini35flash,raw,3.0,20260928,isotonic_direct,always_abstain,0.04946833102172908,0.14193250115580214
gemini35flash,raw,3.0,20260928,beta,original,0.1197411003236246,-0.35367545076282936
gemini35flash,raw,3.0,20260928,beta,penalty_prompt,0.5394822006472492,-0.6802681460933887
gemini35flash,raw,3.0,20260928,beta,always_abstain,0.04669440591770689,0.1650485436893204
gemini35flash,raw,3.0,20260929,isotonic_direct,original,0.14054553860379104,-0.3717059639389737
gemini35flash,raw,3.0,20260929,isotonic_direct,penalty_prompt,0.5809893666204347,-0.7117706888580676
gemini35flash,raw,3.0,20260929,isotonic_direct,always_abstain,0.050392972723069814,0.15210355987055016
gemini35flash,raw,3.0,20260929,beta,original,0.13777161349976885,-0.3485899214054554
gemini35flash,raw,3.0,20260929,beta,penalty_prompt,0.5782154415164125,-0.6886546463245493
gemini35flash,raw,3.0,20260929,beta,always_abstain,0.047619047619047616,0.17521960240406842
gemini35flash,raw,3.0,20260930,isotonic_direct,original,0.12251502542764679,-0.3675450762829404
gemini35flash,raw,3.0,20260930,isotonic_direct,penalty_prompt,0.5280073971336107,-0.6960332871012483
gemini35flash,raw,3.0,20260930,isotonic_direct,always_abstain,0.059639389736477116,0.15210355987055016
gemini35flash,raw,3.0,20260930,beta,original,0.1197411003236246,-0.3425797503467407
gemini35flash,raw,3.0,20260930,beta,penalty_prompt,0.5252334720295885,-0.6710679611650486
gemini35flash,raw,3.0,20260930,beta,always_abstain,0.056865464632454926,0.17706888580674987
gemini35flash,raw,3.0,20260931,isotonic_direct,original,0.13268608414239483,-0.3703190013869626
gemini35flash,raw,3.0,20260931,isotonic_direct,penalty_prompt,0.5046324549237171,-0.6989921405455387
gemini35flash,raw,3.0,20260931,isotonic_direct,always_abstain,0.06010171058714748,0.14516874711049468
gemini35flash,raw,3.0,20260931,beta,original,0.12667591308368006,-0.3411927877947296
gemini35flash,raw,3.0,20260931,beta,penalty_prompt,0.4986222838650023,-0.6698659269533057
gemini35flash,raw,3.0,20260931,beta,always_abstain,0.05409153952843273,0.17429496070272768
gemini35flash,raw,3.0,20260932,isotonic_direct,original,0.13453536754507628,-0.3703190013869625
gemini35flash,raw,3.0,20260932,isotonic_direct,penalty_prompt,0.5573277854831253,-0.7050670365233471
gemini35flash,raw,3.0,20260932,isotonic_direct,always_abstain,0.05177993527508091,0.14609338881183542
gemini35flash,raw,3.0,20260932,beta,original,0.1423948220064725,-0.34026814609338873
gemini35flash,raw,3.0,20260932,beta,penalty_prompt,0.5651872399445215,-0.6750161812297734
gemini35flash,raw,3.0,20260932,beta,always_abstain,0.059639389736477116,0.17614424410540916
gemini35flash,raw,3.0,20260933,isotonic_direct,original,0.11419325011558021,-0.36662043458159965
gemini35flash,raw,3.0,20260933,isotonic_direct,penalty_prompt,0.5269902912621359,-0.6994914470642626
gemini35flash,raw,3.0,20260933,isotonic_direct,always_abstain,0.052704576976421634,0.15071659731853906
gemini35flash,raw,3.0,20260933,beta,original,0.10957004160887657,-0.34165510864539994
gemini35flash,raw,3.0,20260933,beta,penalty_prompt,0.5223670827554323,-0.6745261211280629
gemini35flash,raw,3.0,20260933,beta,always_abstain,0.048081368469717986,0.17568192325473878
gemini35flash,raw,3.0,20260934,isotonic_direct,original,0.1539528432732316,-0.3582986592695331
gemini35flash,raw,3.0,20260934,isotonic_direct,penalty_prompt,0.5710957004160888,-0.6927415626444754
gemini35flash,raw,3.0,20260934,isotonic_direct,always_abstain,0.044845122515025426,0.15765141007859454
gemini35flash,raw,3.0,20260934,beta,original,0.15256588072122051,-0.3374942209893666
gemini35flash,raw,3.0,20260934,beta,penalty_prompt,0.5697087378640777,-0.6719371243643089
gemini35flash,raw,3.0,20260934,beta,always_abstain,0.04345815996301433,0.178455848358761
gemini35flash,raw,3.0,20260935,isotonic_direct,original,0.11511789181692095,-0.3582986592695331
gemini35flash,raw,3.0,20260935,isotonic_direct,penalty_prompt,0.5144798890429958,-0.6940268146093388
gemini35flash,raw,3.0,20260935,isotonic_direct,always_abstain,0.06287563569116968,0.1516412390198798
gemini35flash,raw,3.0,20260935,beta,original,0.11511789181692095,-0.3582986592695331
gemini35flash,raw,3.0,20260935,beta,penalty_prompt,0.5144798890429958,-0.6940268146093388
gemini35flash,raw,3.0,20260935,beta,always_abstain,0.06287563569116968,0.1516412390198798
gemini35flash,raw,3.0,20260936,isotonic_direct,original,0.12297734627831716,-0.35413777161349974
gemini35flash,raw,3.0,20260936,isotonic_direct,penalty_prompt,0.5585390661118816,-0.7039667128987517
gemini35flash,raw,3.0,20260936,isotonic_direct,always_abstain,0.0425335182616736,0.14979195561719832
gemini35flash,raw,3.0,20260936,beta,original,0.12390198797965789,-0.32732316227461855
gemini35flash,raw,3.0,20260936,beta,penalty_prompt,0.5594637078132223,-0.6771521035598704
gemini35flash,raw,3.0,20260936,beta,always_abstain,0.04345815996301433,0.17660656495607951
gemini35flash,raw,3.0,20260937,isotonic_direct,original,0.14701803051317613,-0.36523347202958856
gemini35flash,raw,3.0,20260937,isotonic_direct,penalty_prompt,0.5277762367082756,-0.6933425797503467
gemini35flash,raw,3.0,20260937,isotonic_direct,always_abstain,0.05177993527508091,0.15903837263060563
gemini35flash,raw,3.0,20260937,beta,original,0.14748035136384652,-0.3388811835413777
gemini35flash,raw,3.0,20260937,beta,penalty_prompt,0.5282385575589459,-0.6669902912621359
gemini35flash,raw,3.0,20260937,beta,always_abstain,0.05224225612575127,0.18539066111881647
gemini35flash,raw,3.0,20260938,isotonic_direct,original,0.11419325011558021,-0.3573740175681923
gemini35flash,raw,3.0,20260938,isotonic_direct,penalty_prompt,0.5415071659731854,-0.6948497457235322
gemini35flash,raw,3.0,20260938,isotonic_direct,always_abstain,0.04576976421636616,0.15487748497457235
gemini35flash,raw,3.0,20260938,beta,original,0.11326860841423948,-0.33610725843735545
gemini35flash,raw,3.0,20260938,beta,penalty_prompt,0.5405825242718447,-0.6735829865926953
gemini35flash,raw,3.0,20260938,beta,always_abstain,0.044845122515025426,0.17614424410540916
gemini35flash,raw,3.0,20260939,isotonic_direct,original,0.130374479889043,-0.3763291724456773
gemini35flash,raw,3.0,20260939,isotonic_direct,penalty_prompt,0.5282940360610264,-0.7051040221914009
gemini35flash,raw,3.0,20260939,isotonic_direct,always_abstain,0.044382801664355064,0.14794267221451687
gemini35flash,raw,3.0,20260939,beta,original,0.13083680073971338,-0.35182616736014793
gemini35flash,raw,3.0,20260939,beta,penalty_prompt,0.5287563569116968,-0.6806010171058715
gemini35flash,raw,3.0,20260939,beta,always_abstain,0.044845122515025426,0.17244567730004623
gemini35flash,raw,3.0,20260940,isotonic_direct,original,0.1183541377716135,-0.35321312991215903
gemini35flash,raw,3.0,20260940,isotonic_direct,penalty_prompt,0.5721497919556171,-0.6937216828478964
gemini35flash,raw,3.0,20260940,isotonic_direct,always_abstain,0.0651872399445215,0.15950069348127602
gemini35flash,raw,3.0,20260940,beta,original,0.1183541377716135,-0.35321312991215903
gemini35flash,raw,3.0,20260940,beta,penalty_prompt,0.5721497919556171,-0.6937216828478964
gemini35flash,raw,3.0,20260940,beta,always_abstain,0.0651872399445215,0.15950069348127602
gemini35flash,raw,3.0,20260941,isotonic_direct,original,0.11003236245954692,-0.3726306056403144
gemini35flash,raw,3.0,20260941,isotonic_direct,penalty_prompt,0.5267498844197874,-0.6983263985205732
gemini35flash,raw,3.0,20260941,isotonic_direct,always_abstain,0.053166897827092004,0.15117891816920942
gemini35flash,raw,3.0,20260941,beta,original,0.11003236245954692,-0.3726306056403144
gemini35flash,raw,3.0,20260941,beta,penalty_prompt,0.5267498844197874,-0.6983263985205732
gemini35flash,raw,3.0,20260941,beta,always_abstain,0.053166897827092004,0.15117891816920942
gemini35flash,raw,3.0,20260942,isotonic_direct,original,0.12575127138233932,-0.36800739713361075
gemini35flash,raw,3.0,20260942,isotonic_direct,penalty_prompt,0.5126490984743413,-0.6907535829865928
gemini35flash,raw,3.0,20260942,isotonic_direct,always_abstain,0.04946833102172908,0.14932963476652797
gemini35flash,raw,3.0,20260942,beta,original,0.12205270457697642,-0.3384188626907073
gemini35flash,raw,3.0,20260942,beta,penalty_prompt,0.5089505316689783,-0.6611650485436894
gemini35flash,raw,3.0,20260942,beta,always_abstain,0.04576976421636616,0.17891816920943135
gemini35flash,raw,3.0,20260943,isotonic_direct,original,0.14008321775312066,-0.37031900138696255
gemini35flash,raw,3.0,20260943,isotonic_direct,penalty_prompt,0.550124826629681,-0.699435968562182
gemini35flash,raw,3.0,20260943,isotonic_direct,always_abstain,0.06888580674988443,0.1539528432732316
gemini35flash,raw,3.0,20260943,beta,original,0.14008321775312066,-0.37031900138696255
gemini35flash,raw,3.0,20260943,beta,penalty_prompt,0.550124826629681,-0.699435968562182
gemini35flash,raw,3.0,20260943,beta,always_abstain,0.06888580674988443,0.1539528432732316
gemini35flash,raw,3.0,20260944,isotonic_direct,original,0.14840499306518723,-0.3767914932963477
gemini35flash,raw,3.0,20260944,isotonic_direct,penalty_prompt,0.5729727230698104,-0.7115025427646786
gemini35flash,raw,3.0,20260944,isotonic_direct,always_abstain,0.05779010633379565,0.14840499306518723
gemini35flash,raw,3.0,20260944,beta,original,0.1437817845584836,-0.3499768839574665
gemini35flash,raw,3.0,20260944,beta,penalty_prompt,0.5683495145631068,-0.6846879334257975
gemini35flash,raw,3.0,20260944,beta,always_abstain,0.053166897827092004,0.17521960240406842
gemini35flash,raw,3.0,20260945,isotonic_direct,original,0.11927877947295423,-0.24133148404993066
gemini35flash,raw,3.0,20260945,isotonic_direct,penalty_prompt,0.5205640314378178,-0.5722515025427647
gemini35flash,raw,3.0,20260945,isotonic_direct,always_abstain,0.043920480813684694,0.2787794729542302
gemini35flash,raw,3.0,20260945,beta,original,0.13453536754507628,-0.34442903374942213
gemini35flash,raw,3.0,20260945,beta,penalty_prompt,0.5358206195099399,-0.6753490522422562
gemini35flash,raw,3.0,20260945,beta,always_abstain,0.05917706888580675,0.17568192325473878
gemini35flash,raw,3.0,20260946,isotonic_direct,original,0.12575127138233935,-0.24595469255663427
gemini35flash,raw,3.0,20260946,isotonic_direct,penalty_prompt,0.528081368469718,-0.5681738326398521
gemini35flash,raw,3.0,20260946,isotonic_direct,always_abstain,0.050392972723069814,0.2815533980582524
gemini35flash,raw,3.0,20260946,beta,original,0.13546000924641702,-0.35090152565880717
gemini35flash,raw,3.0,20260946,beta,penalty_prompt,0.5377901063337956,-0.673120665742025
gemini35flash,raw,3.0,20260946,beta,always_abstain,0.06010171058714748,0.17660656495607951
gemini35flash,raw,3.0,20260947,isotonic_direct,original,0.1169671752196024,-0.24364308830328252
gemini35flash,raw,3.0,20260947,isotonic_direct,penalty_prompt,0.5695977808599167,-0.5747018030513176
gemini35flash,raw,3.0,20260947,isotonic_direct,always_abstain,0.04576976421636616,0.2787794729542302
gemini35flash,raw,3.0,20260947,beta,original,0.12482662968099861,-0.3485899214054554
gemini35flash,raw,3.0,20260947,beta,penalty_prompt,0.577457235321313,-0.6796486361534905
gemini35flash,raw,3.0,20260947,beta,always_abstain,0.053629218677762366,0.17383263985205732
gemini35flash,raw,3.0,20260948,isotonic_direct,original,0.11234396671289876,-0.36477115117891823
gemini35flash,raw,3.0,20260948,isotonic_direct,penalty_prompt,0.5565973185390661,-0.7006934812760055
gemini35flash,raw,3.0,20260948,isotonic_direct,always_abstain,0.06056403143781785,0.14932963476652797
gemini35flash,raw,3.0,20260948,beta,original,0.11234396671289876,-0.36477115117891823
gemini35flash,raw,3.0,20260948,beta,penalty_prompt,0.5565973185390661,-0.7006934812760055
gemini35flash,raw,3.0,20260948,beta,always_abstain,0.06056403143781785,0.14932963476652797
gemini35flash,raw,3.0,20260949,isotonic_direct,original,0.14655570966250578,-0.22515025427646784
gemini35flash,raw,3.0,20260949,isotonic_direct,penalty_prompt,0.6017753120665743,-0.5712251502542764
gemini35flash,raw,3.0,20260949,isotonic_direct,always_abstain,0.012020342117429497,0.2727693018955155
gemini35flash,raw,3.0,20260949,beta,original,0.14979195561719832,-0.32547387887193713
gemini35flash,raw,3.0,20260949,beta,penalty_prompt,0.6050115580212668,-0.6715487748497457
gemini35flash,raw,3.0,20260949,beta,always_abstain,0.015256588072122053,0.17244567730004623
gemini35flash,raw,3.0,20260950,isotonic_direct,original,0.10957004160887657,-0.3453536754507629
gemini35flash,raw,3.0,20260950,isotonic_direct,penalty_prompt,0.5345908460471568,-0.6735460009246418
gemini35flash,raw,3.0,20260950,isotonic_direct,always_abstain,0.048081368469717986,0.17568192325473878
gemini35flash,raw,3.0,20260950,beta,original,0.10957004160887657,-0.3453536754507629
gemini35flash,raw,3.0,20260950,beta,penalty_prompt,0.5345908460471568,-0.6735460009246418
gemini35flash,raw,3.0,20260950,beta,always_abstain,0.048081368469717986,0.17568192325473878
gemini35flash,raw,3.0,20260951,isotonic_direct,original,0.12112806287563568,-0.37817845584835874
gemini35flash,raw,3.0,20260951,isotonic_direct,penalty_prompt,0.5073878871937124,-0.6922052704576976
gemini35flash,raw,3.0,20260951,isotonic_direct,always_abstain,0.053629218677762366,0.15903837263060563
gemini35flash,raw,3.0,20260951,beta,original,0.1155802126675913,-0.35228848821081826
gemini35flash,raw,3.0,20260951,beta,penalty_prompt,0.501840036985668,-0.6663153028201572
gemini35flash,raw,3.0,20260951,beta,always_abstain,0.048081368469717986,0.18492834026814609
gemini35flash,raw,3.0,20260952,isotonic_direct,original,0.11650485436893204,-0.34211742949607027
gemini35flash,raw,3.0,20260952,isotonic_direct,penalty_prompt,0.5623763291724457,-0.6737216828478964
gemini35flash,raw,3.0,20260952,isotonic_direct,always_abstain,0.05640314378178456,0.17660656495607951
gemini35flash,raw,3.0,20260952,beta,original,0.12528895053166897,-0.36662043458159965
gemini35flash,raw,3.0,20260952,beta,penalty_prompt,0.5711604253351826,-0.6982246879334257
gemini35flash,raw,3.0,20260952,beta,always_abstain,0.0651872399445215,0.15210355987055016
gemini35flash,raw,3.0,20260953,isotonic_direct,original,0.1155802126675913,-0.3356449375866852
gemini35flash,raw,3.0,20260953,isotonic_direct,penalty_prompt,0.5154137771613501,-0.6707535829865927
gemini35flash,raw,3.0,20260953,isotonic_direct,always_abstain,0.044845122515025426,0.1798428109107721
gemini35flash,raw,3.0,20260953,beta,original,0.1155802126675913,-0.3356449375866852
gemini35flash,raw,3.0,20260953,beta,penalty_prompt,0.5154137771613501,-0.6707535829865927
gemini35flash,raw,3.0,20260953,beta,always_abstain,0.044845122515025426,0.1798428109107721
gemini35flash,raw,3.0,20260954,isotonic_direct,original,0.1650485436893204,-0.3675450762829404
gemini35flash,raw,3.0,20260954,isotonic_direct,penalty_prompt,0.5677300046232086,-0.699953767914933
gemini35flash,raw,3.0,20260954,isotonic_direct,always_abstain,0.06426259824318077,0.14932963476652797
gemini35flash,raw,3.0,20260954,beta,original,0.1622746185852982,-0.34442903374942213
gemini35flash,raw,3.0,20260954,beta,penalty_prompt,0.5649560795191864,-0.6768377253814147
gemini35flash,raw,3.0,20260954,beta,always_abstain,0.061488673139158574,0.17244567730004623
gemini35flash,raw,3.0,20260955,isotonic_direct,original,0.09801202034211742,-0.36061026352288494
gemini35flash,raw,3.0,20260955,isotonic_direct,penalty_prompt,0.5493573740175682,-0.70208969024503
gemini35flash,raw,3.0,20260955,isotonic_direct,always_abstain,0.05640314378178456,0.15071659731853906
gemini35flash,raw,3.0,20260955,beta,original,0.09801202034211742,-0.36061026352288494
gemini35flash,raw,3.0,20260955,beta,penalty_prompt,0.5493573740175682,-0.70208969024503
gemini35flash,raw,3.0,20260955,beta,always_abstain,0.05640314378178456,0.15071659731853906
gemini35flash,raw,3.0,20260956,isotonic_direct,original,0.13777161349976885,-0.3781784558483588
gemini35flash,raw,3.0,20260956,isotonic_direct,penalty_prompt,0.5372260748959777,-0.7098936662043458
gemini35flash,raw,3.0,20260956,isotonic_direct,always_abstain,0.05501618122977346,0.14008321775312066
gemini35flash,raw,3.0,20260956,beta,original,0.13083680073971338,-0.35182616736014793
gemini35flash,raw,3.0,20260956,beta,penalty_prompt,0.5302912621359223,-0.683541377716135
gemini35flash,raw,3.0,20260956,beta,always_abstain,0.048081368469717986,0.1664355062413315
gemini35flash,raw,3.0,20260957,isotonic_direct,original,0.1488673139158576,-0.3467406380027739
gemini35flash,raw,3.0,20260957,isotonic_direct,penalty_prompt,0.5344706426259824,-0.6826167360147942
gemini35flash,raw,3.0,20260957,isotonic_direct,always_abstain,0.03975959315765141,0.17105871474803513
gemini35flash,raw,3.0,20260957,beta,original,0.1488673139158576,-0.3467406380027739
gemini35flash,raw,3.0,20260957,beta,penalty_prompt,0.5344706426259824,-0.6826167360147942
gemini35flash,raw,3.0,20260957,beta,always_abstain,0.03975959315765141,0.17105871474803513
gemini35flash,raw,3.0,20260958,isotonic_direct,original,0.12575127138233932,-0.23300970873786409
gemini35flash,raw,3.0,20260958,isotonic_direct,penalty_prompt,0.5429680998613038,-0.575663430420712
gemini35flash,raw,3.0,20260958,isotonic_direct,always_abstain,0.05779010633379565,0.2815533980582524
gemini35flash,raw,3.0,20260958,beta,original,0.13730929264909847,-0.36754507628294036
gemini35flash,raw,3.0,20260958,beta,penalty_prompt,0.5545261211280629,-0.7101987979657882
gemini35flash,raw,3.0,20260958,beta,always_abstain,0.06934812760055478,0.14701803051317613
gemini35flash,raw,3.0,20260959,isotonic_direct,original,0.1488673139158576,-0.35783633841886275
gemini35flash,raw,3.0,20260959,isotonic_direct,penalty_prompt,0.5913268608414239,-0.6924826629680999
gemini35flash,raw,3.0,20260959,isotonic_direct,always_abstain,0.04299583911234397,0.15210355987055016
gemini35flash,raw,3.0,20260959,beta,original,0.1488673139158576,-0.3300970873786408
gemini35flash,raw,3.0,20260959,beta,penalty_prompt,0.5913268608414239,-0.6647434119278779
gemini35flash,raw,3.0,20260959,beta,always_abstain,0.04299583911234397,0.1798428109107721
gemini35flash,raw,3.0,20260960,isotonic_direct,original,0.09061488673139159,-0.35321312991215903
gemini35flash,raw,3.0,20260960,isotonic_direct,penalty_prompt,0.5175496994914471,-0.6977993527508092
gemini35flash,raw,3.0,20260960,isotonic_direct,always_abstain,0.055940822931114194,0.14655570966250578
gemini35flash,raw,3.0,20260960,beta,original,0.09061488673139159,-0.35321312991215903
gemini35flash,raw,3.0,20260960,beta,penalty_prompt,0.5175496994914471,-0.6977993527508092
gemini35flash,raw,3.0,20260960,beta,always_abstain,0.055940822931114194,0.14655570966250578
gemini35flash,raw,3.0,20260961,isotonic_direct,original,0.1155802126675913,-0.24503005085529356
gemini35flash,raw,3.0,20260961,isotonic_direct,penalty_prompt,0.5342394822006472,-0.5661581137309293
gemini35flash,raw,3.0,20260961,isotonic_direct,always_abstain,0.03282478039759593,0.2861766065649561
gemini35flash,raw,3.0,20260961,beta,original,0.11974110032362459,-0.35367545076282936
gemini35flash,raw,3.0,20260961,beta,penalty_prompt,0.5384003698566805,-0.6748035136384651
gemini35flash,raw,3.0,20260961,beta,always_abstain,0.03698566805362922,0.17753120665742025
gemini35flash,raw,3.0,20260962,isotonic_direct,original,0.14193250115580214,-0.38326398520573274
gemini35flash,raw,3.0,20260962,isotonic_direct,penalty_prompt,0.5731484049930652,-0.7039297272306981
gemini35flash,raw,3.0,20260962,isotonic_direct,always_abstain,0.036061026352288486,0.15256588072122051
gemini35flash,raw,3.0,20260962,beta,original,0.1382339343504392,-0.35737401756819226
gemini35flash,raw,3.0,20260962,beta,penalty_prompt,0.5694498381877022,-0.6780397595931575
gemini35flash,raw,3.0,20260962,beta,always_abstain,0.032362459546925564,0.178455848358761
gemini35flash,raw,3.0,20260963,isotonic_direct,original,0.1368469717984281,-0.33656957928802583
gemini35flash,raw,3.0,20260963,isotonic_direct,penalty_prompt,0.5382246879334258,-0.673277854831253
gemini35flash,raw,3.0,20260963,isotonic_direct,always_abstain,0.03975959315765141,0.178455848358761
gemini35flash,raw,3.0,20260963,beta,original,0.1368469717984281,-0.33656957928802583
gemini35flash,raw,3.0,20260963,beta,penalty_prompt,0.5382246879334258,-0.673277854831253
gemini35flash,raw,3.0,20260963,beta,always_abstain,0.03975959315765141,0.178455848358761
gemini35flash,raw,3.0,20260964,isotonic_direct,original,0.09662505779010633,-0.358298659269533
gemini35flash,raw,3.0,20260964,isotonic_direct,penalty_prompt,0.5503097549699493,-0.6965141007859454
gemini35flash,raw,3.0,20260964,isotonic_direct,always_abstain,0.052704576976421634,0.15256588072122051
gemini35flash,raw,3.0,20260964,beta,original,0.09662505779010633,-0.358298659269533
gemini35flash,raw,3.0,20260964,beta,penalty_prompt,0.5503097549699493,-0.6965141007859454
gemini35flash,raw,3.0,20260964,beta,always_abstain,0.052704576976421634,0.15256588072122051
gemini35flash,raw,3.0,20260965,isotonic_direct,original,0.09754969949144707,-0.372168284789644
gemini35flash,raw,3.0,20260965,isotonic_direct,penalty_prompt,0.5171058714748035,-0.6935460009246417
gemini35flash,raw,3.0,20260965,isotonic_direct,always_abstain,0.045307443365695796,0.15256588072122051
gemini35flash,raw,3.0,20260965,beta,original,0.09847434119278779,-0.3472029588534442
gemini35flash,raw,3.0,20260965,beta,penalty_prompt,0.5180305131761442,-0.6685806749884419
gemini35flash,raw,3.0,20260965,beta,always_abstain,0.04623208506703652,0.17753120665742025
gemini35flash,raw,3.0,20260966,isotonic_direct,original,0.11234396671289876,-0.2390198797965788
gemini35flash,raw,3.0,20260966,isotonic_direct,penalty_prompt,0.5203606102635229,-0.5643180767452611
gemini35flash,raw,3.0,20260966,isotonic_direct,always_abstain,0.04669440591770689,0.2871012482662968
gemini35flash,raw,3.0,20260966,beta,original,0.1280628756356912,-0.34905224225612574
gemini35flash,raw,3.0,20260966,beta,penalty_prompt,0.5360795191863152,-0.6743504392048081
gemini35flash,raw,3.0,20260966,beta,always_abstain,0.06241331484049931,0.17706888580674987
gemini35flash,raw,3.0,20260967,isotonic_direct,original,0.11650485436893204,-0.3661581137309293
gemini35flash,raw,3.0,20260967,isotonic_direct,penalty_prompt,0.5415903837263061,-0.6938788719371244
gemini35flash,raw,3.0,20260967,isotonic_direct,always_abstain,0.047156726768377254,0.15626444752658344
gemini35flash,raw,3.0,20260967,beta,original,0.11604253351826167,-0.3407304669440592
gemini35flash,raw,3.0,20260967,beta,penalty_prompt,0.5411280628756358,-0.6684512251502542
gemini35flash,raw,3.0,20260967,beta,always_abstain,0.04669440591770689,0.18169209431345354
gemini35flash,raw,3.0,20260968,isotonic_direct,original,0.1049468331021729,-0.37216828478964403
gemini35flash,raw,3.0,20260968,isotonic_direct,penalty_prompt,0.5341285251964865,-0.7114748035136386
gemini35flash,raw,3.0,20260968,isotonic_direct,always_abstain,0.038834951456310676,0.1423948220064725
gemini35flash,raw,3.0,20260968,beta,original,0.10309754969949145,-0.34442903374942213
gemini35flash,raw,3.0,20260968,beta,penalty_prompt,0.5322792417938049,-0.6837355524734167
gemini35flash,raw,3.0,20260968,beta,always_abstain,0.03698566805362922,0.1701340730466944
gemini35flash,raw,3.0,20260969,isotonic_direct,original,0.1340730466944059,-0.37263060564031436
gemini35flash,raw,3.0,20260969,isotonic_direct,penalty_prompt,0.5796301433194637,-0.7008876560332871
gemini35flash,raw,3.0,20260969,isotonic_direct,always_abstain,0.05640314378178456,0.14331946370781323
gemini35flash,raw,3.0,20260969,beta,original,0.13314840499306518,-0.3458159963014332
gemini35flash,raw,3.0,20260969,beta,penalty_prompt,0.578705501618123,-0.6740730466944059
gemini35flash,raw,3.0,20260969,beta,always_abstain,0.05547850208044383,0.1701340730466944
gemini35flash,raw,3.0,20260970,isotonic_direct,original,0.1289875173370319,-0.35922330097087374
gemini35flash,raw,3.0,20260970,isotonic_direct,penalty_prompt,0.5456125751271381,-0.6942209893666205
gemini35flash,raw,3.0,20260970,isotonic_direct,always_abstain,0.0638002773925104,0.154415164123902
gemini35flash,raw,3.0,20260970,beta,original,0.12390198797965787,-0.33472029588534435
gemini35flash,raw,3.0,20260970,beta,penalty_prompt,0.5405270457697642,-0.6697179842810911
gemini35flash,raw,3.0,20260970,beta,always_abstain,0.058714748035136384,0.17891816920943135
gemini35flash,raw,3.0,20260971,isotonic_direct,original,0.1289875173370319,-0.2334720295885344
gemini35flash,raw,3.0,20260971,isotonic_direct,penalty_prompt,0.551215903837263,-0.5642348589921405
gemini35flash,raw,3.0,20260971,isotonic_direct,always_abstain,0.033287101248266296,0.28663892741562647
gemini35flash,raw,3.0,20260971,beta,original,0.14285714285714285,-0.34350439204808136
gemini35flash,raw,3.0,20260971,beta,penalty_prompt,0.565085529357374,-0.6742672214516875
gemini35flash,raw,3.0,20260971,beta,always_abstain,0.047156726768377254,0.17660656495607951
gemini35flash,raw,3.0,20260972,isotonic_direct,original,0.13730929264909847,-0.36014794267221456
gemini35flash,raw,3.0,20260972,isotonic_direct,penalty_prompt,0.5620989366620435,-0.7090245030050857
gemini35flash,raw,3.0,20260972,isotonic_direct,always_abstain,0.03559870550161812,0.14285714285714285
gemini35flash,raw,3.0,20260972,beta,original,0.14331946370781323,-0.33749422098936666
gemini35flash,raw,3.0,20260972,beta,penalty_prompt,0.5681091077207582,-0.6863707813222377
gemini35flash,raw,3.0,20260972,beta,always_abstain,0.04160887656033287,0.16551086453999075
gemini35flash,raw,3.0,20260973,isotonic_direct,original,0.10540915395284327,-0.3458159963014331
gemini35flash,raw,3.0,20260973,isotonic_direct,penalty_prompt,0.5093018955154878,-0.6837078132223764
gemini35flash,raw,3.0,20260973,isotonic_direct,always_abstain,0.03791030975496995,0.1636615811373093
gemini35flash,raw,3.0,20260973,beta,original,0.10540915395284327,-0.3458159963014331
gemini35flash,raw,3.0,20260973,beta,penalty_prompt,0.5093018955154878,-0.6837078132223764
gemini35flash,raw,3.0,20260973,beta,always_abstain,0.03791030975496995,0.1636615811373093
gemini35flash,raw,3.0,20260974,isotonic_direct,original,0.1317614424410541,-0.36939435968562184
gemini35flash,raw,3.0,20260974,isotonic_direct,penalty_prompt,0.5452057327785482,-0.6941100323624595
gemini35flash,raw,3.0,20260974,isotonic_direct,always_abstain,0.04900601017105871,0.16181229773462782
gemini35flash,raw,3.0,20260974,beta,original,0.13314840499306518,-0.3439667128987517
gemini35flash,raw,3.0,20260974,beta,penalty_prompt,0.5465926953305594,-0.6686823855755893
gemini35flash,raw,3.0,20260974,beta,always_abstain,0.050392972723069814,0.18723994452149792
gemini35flash,raw,3.0,20260975,isotonic_direct,original,0.1049468331021729,-0.3647711511789182
gemini35flash,raw,3.0,20260975,isotonic_direct,penalty_prompt,0.5463430420711974,-0.6977438742487287
gemini35flash,raw,3.0,20260975,isotonic_direct,always_abstain,0.06102635228848821,0.14979195561719832
gemini35flash,raw,3.0,20260975,beta,original,0.1049468331021729,-0.3647711511789182
gemini35flash,raw,3.0,20260975,beta,penalty_prompt,0.5463430420711974,-0.6977438742487287
gemini35flash,raw,3.0,20260975,beta,always_abstain,0.06102635228848821,0.14979195561719832
gemini35flash,raw,3.0,20260976,isotonic_direct,original,0.14794267221451687,-0.24040684234858994
gemini35flash,raw,3.0,20260976,isotonic_direct,penalty_prompt,0.5495238095238096,-0.5654831252889505
gemini35flash,raw,3.0,20260976,isotonic_direct,always_abstain,0.043920480813684694,0.29172445677300046
gemini35flash,raw,3.0,20260976,beta,original,0.1567267683772538,-0.34812760055478503
gemini35flash,raw,3.0,20260976,beta,penalty_prompt,0.5583079056865465,-0.6732038834951455
gemini35flash,raw,3.0,20260976,beta,always_abstain,0.052704576976421634,0.18400369856680537
gemini35flash,raw,3.0,20260977,isotonic_direct,original,0.1266759130836801,-0.24687933425797498
gemini35flash,raw,3.0,20260977,isotonic_direct,penalty_prompt,0.5330651872399446,-0.5689597780859916
gemini35flash,raw,3.0,20260977,isotonic_direct,always_abstain,0.02311604253351826,0.27092001849283404
gemini35flash,raw,3.0,20260977,beta,original,0.13915857605177995,-0.34905224225612574
gemini35flash,raw,3.0,20260977,beta,penalty_prompt,0.5455478502080444,-0.6711326860841423
gemini35flash,raw,3.0,20260977,beta,always_abstain,0.03559870550161812,0.1687471104946833
gemini35flash,raw,3.0,20260978,isotonic_direct,original,0.11650485436893204,-0.377253814147018
gemini35flash,raw,3.0,20260978,isotonic_direct,penalty_prompt,0.5082293111419325,-0.7096717521960241
gemini35flash,raw,3.0,20260978,isotonic_direct,always_abstain,0.05779010633379565,0.14470642625982433
gemini35flash,raw,3.0,20260978,beta,original,0.11650485436893204,-0.377253814147018
gemini35flash,raw,3.0,20260978,beta,penalty_prompt,0.5082293111419325,-0.7096717521960241
gemini35flash,raw,3.0,20260978,beta,always_abstain,0.05779010633379565,0.14470642625982433
gemini35flash,raw,3.0,20260979,isotonic_direct,original,0.1091077207582062,-0.35321312991215903
gemini35flash,raw,3.0,20260979,isotonic_direct,penalty_prompt,0.5155154877484974,-0.6732778548312529
gemini35flash,raw,3.0,20260979,isotonic_direct,always_abstain,0.044845122515025426,0.17059639389736478
gemini35flash,raw,3.0,20260979,beta,original,0.1091077207582062,-0.35321312991215903
gemini35flash,raw,3.0,20260979,beta,penalty_prompt,0.5155154877484974,-0.6732778548312529
gemini35flash,raw,3.0,20260979,beta,always_abstain,0.044845122515025426,0.17059639389736478
gemini35flash,raw,3.0,20260980,isotonic_direct,original,0.13314840499306518,-0.34766527970411465
gemini35flash,raw,3.0,20260980,isotonic_direct,penalty_prompt,0.562857142857143,-0.6797503467406381
gemini35flash,raw,3.0,20260980,isotonic_direct,always_abstain,0.03282478039759593,0.17337031900138697
gemini35flash,raw,3.0,20260980,beta,original,0.13314840499306518,-0.34766527970411465
gemini35flash,raw,3.0,20260980,beta,penalty_prompt,0.562857142857143,-0.6797503467406381
gemini35flash,raw,3.0,20260980,beta,always_abstain,0.03282478039759593,0.17337031900138697
gemini35flash,raw,3.0,20260981,isotonic_direct,original,0.1437817845584836,-0.3610725843735552
gemini35flash,raw,3.0,20260981,isotonic_direct,penalty_prompt,0.5721590383726305,-0.6910494683310215
gemini35flash,raw,3.0,20260981,isotonic_direct,always_abstain,0.05825242718446602,0.15256588072122051
gemini35flash,raw,3.0,20260981,beta,original,0.1437817845584836,-0.3407304669440592
gemini35flash,raw,3.0,20260981,beta,penalty_prompt,0.5721590383726305,-0.6707073509015256
gemini35flash,raw,3.0,20260981,beta,always_abstain,0.05825242718446602,0.17290799815071659
gemini35flash,raw,3.0,20260982,isotonic_direct,original,0.12944983818770228,-0.36061026352288483
gemini35flash,raw,3.0,20260982,isotonic_direct,penalty_prompt,0.5516227461858529,-0.6909477577438743
gemini35flash,raw,3.0,20260982,isotonic_direct,always_abstain,0.06981044845122515,0.15857605177993528
gemini35flash,raw,3.0,20260982,beta,original,0.12944983818770228,-0.36061026352288483
gemini35flash,raw,3.0,20260982,beta,penalty_prompt,0.5516227461858529,-0.6909477577438743
gemini35flash,raw,3.0,20260982,beta,always_abstain,0.06981044845122515,0.15857605177993528
gemini35flash,raw,3.0,20260983,isotonic_direct,original,0.11789181692094314,-0.2334720295885344
gemini35flash,raw,3.0,20260983,isotonic_direct,penalty_prompt,0.5212852519648636,-0.5632085067036524
gemini35flash,raw,3.0,20260983,isotonic_direct,always_abstain,0.020804438280166437,0.2871012482662968
gemini35flash,raw,3.0,20260983,beta,original,0.1262135922330097,-0.3472029588534442
gemini35flash,raw,3.0,20260983,beta,penalty_prompt,0.5296070272769302,-0.6769394359685622
gemini35flash,raw,3.0,20260983,beta,always_abstain,0.02912621359223301,0.17337031900138697
gemini35flash,raw,3.0,20260984,isotonic_direct,original,0.15117891816920942,-0.35922330097087385
gemini35flash,raw,3.0,20260984,isotonic_direct,penalty_prompt,0.6240314378178456,-0.6926583448913546
gemini35flash,raw,3.0,20260984,isotonic_direct,always_abstain,0.05732778548312529,0.15349052242256125
gemini35flash,raw,3.0,20260984,beta,original,0.14470642625982433,-0.3342579750346741
gemini35flash,raw,3.0,20260984,beta,penalty_prompt,0.6175589459084605,-0.6676930189551549
gemini35flash,raw,3.0,20260984,beta,always_abstain,0.050855293573740176,0.178455848358761
gemini35flash,raw,3.0,20260985,isotonic_direct,original,0.14193250115580214,-0.23717059639389737
gemini35flash,raw,3.0,20260985,isotonic_direct,penalty_prompt,0.5446971798428109,-0.5609893666204346
gemini35flash,raw,3.0,20260985,isotonic_direct,always_abstain,0.038372630605640314,0.2769301895515488
gemini35flash,raw,3.0,20260985,beta,original,0.15117891816920942,-0.34442903374942213
gemini35flash,raw,3.0,20260985,beta,penalty_prompt,0.5539435968562181,-0.6682478039759594
gemini35flash,raw,3.0,20260985,beta,always_abstain,0.047619047619047616,0.16967175219602404
gemini35flash,raw,3.0,20260986,isotonic_direct,original,0.1289875173370319,-0.2334720295885344
gemini35flash,raw,3.0,20260986,isotonic_direct,penalty_prompt,0.5697827092001849,-0.578548312528895
gemini35flash,raw,3.0,20260986,isotonic_direct,always_abstain,0.038834951456310676,0.2755432269995377
gemini35flash,raw,3.0,20260986,beta,original,0.13638465094775776,-0.3407304669440592
gemini35flash,raw,3.0,20260986,beta,penalty_prompt,0.5771798428109107,-0.6858067498844198
gemini35flash,raw,3.0,20260986,beta,always_abstain,0.04623208506703652,0.16828478964401294
gemini35flash,raw,3.0,20260987,isotonic_direct,original,0.13869625520110956,-0.23300970873786403
gemini35flash,raw,3.0,20260987,isotonic_direct,penalty_prompt,0.5686361534905224,-0.5607582061950995
gemini35flash,raw,3.0,20260987,isotonic_direct,always_abstain,0.039297272306981046,0.28895053166897827
gemini35flash,raw,3.0,20260987,beta,original,0.14794267221451687,-0.3421174294960702
gemini35flash,raw,3.0,20260987,beta,penalty_prompt,0.5778825705039298,-0.6698659269533056
gemini35flash,raw,3.0,20260987,beta,always_abstain,0.04854368932038835,0.1798428109107721
gemini35flash,raw,3.0,20260988,isotonic_direct,original,0.1396208969024503,-0.23948220064724923
gemini35flash,raw,3.0,20260988,isotonic_direct,penalty_prompt,0.5353952843273231,-0.5604900601017107
gemini35flash,raw,3.0,20260988,isotonic_direct,always_abstain,0.03698566805362922,0.2884882108183079
gemini35flash,raw,3.0,20260988,beta,original,0.14701803051317613,-0.3522884882108184
gemini35flash,raw,3.0,20260988,beta,penalty_prompt,0.542792417938049,-0.6732963476652798
gemini35flash,raw,3.0,20260988,beta,always_abstain,0.044382801664355064,0.17568192325473878
gemini35flash,raw,3.0,20260989,isotonic_direct,original,0.12713823393435045,-0.3832639852057328
gemini35flash,raw,3.0,20260989,isotonic_direct,penalty_prompt,0.5364956079519186,-0.6926860841423949
gemini35flash,raw,3.0,20260989,isotonic_direct,always_abstain,0.05131761442441054,0.16042533518261673
gemini35flash,raw,3.0,20260989,beta,original,0.1280628756356912,-0.358298659269533
gemini35flash,raw,3.0,20260989,beta,penalty_prompt,0.5374202496532594,-0.667720758206195
gemini35flash,raw,3.0,20260989,beta,always_abstain,0.05224225612575127,0.18539066111881647
gemini35flash,raw,3.0,20260990,isotonic_direct,original,0.10355987055016182,-0.356911696717522
gemini35flash,raw,3.0,20260990,isotonic_direct,penalty_prompt,0.5240314378178456,-0.6880258899676376
gemini35flash,raw,3.0,20260990,isotonic_direct,always_abstain,0.06287563569116968,0.15903837263060563
gemini35flash,raw,3.0,20260990,beta,original,0.10355987055016182,-0.356911696717522
gemini35flash,raw,3.0,20260990,beta,penalty_prompt,0.5240314378178456,-0.6880258899676376
gemini35flash,raw,3.0,20260990,beta,always_abstain,0.06287563569116968,0.15903837263060563
gemini35flash,raw,3.0,20260991,isotonic_direct,original,0.12436430883032824,-0.2436430883032824
gemini35flash,raw,3.0,20260991,isotonic_direct,penalty_prompt,0.5174479889042995,-0.5622376329172445
gemini35flash,raw,3.0,20260991,isotonic_direct,always_abstain,0.053629218677762366,0.28663892741562647
gemini35flash,raw,3.0,20260991,beta,original,0.13592233009708737,-0.38002773925104016
gemini35flash,raw,3.0,20260991,beta,penalty_prompt,0.5290060101710587,-0.6986222838650022
gemini35flash,raw,3.0,20260991,beta,always_abstain,0.0651872399445215,0.1502542764678687
gemini35flash,raw,3.0,20260992,isotonic_direct,original,0.12482662968099861,-0.36523347202958856
gemini35flash,raw,3.0,20260992,isotonic_direct,penalty_prompt,0.5203513638465095,-0.6858622283865002
gemini35flash,raw,3.0,20260992,isotonic_direct,always_abstain,0.04576976421636616,0.16042533518261673
gemini35flash,raw,3.0,20260992,beta,original,0.1211280628756357,-0.3374942209893666
gemini35flash,raw,3.0,20260992,beta,penalty_prompt,0.5166527970411465,-0.6581229773462782
gemini35flash,raw,3.0,20260992,beta,always_abstain,0.042071197411003236,0.18816458622283866
gemini35flash,raw,3.0,20260993,isotonic_direct,original,0.11927877947295423,-0.3744798890429958
gemini35flash,raw,3.0,20260993,isotonic_direct,penalty_prompt,0.5016828478964401,-0.7019047619047619
gemini35flash,raw,3.0,20260993,isotonic_direct,always_abstain,0.045307443365695796,0.1488673139158576
gemini35flash,raw,3.0,20260993,beta,original,0.1183541377716135,-0.3513638465094775
gemini35flash,raw,3.0,20260993,beta,penalty_prompt,0.5007582061950995,-0.6787887193712436
gemini35flash,raw,3.0,20260993,beta,always_abstain,0.044382801664355064,0.17198335644937587
gemini35flash,raw,3.0,20260994,isotonic_direct,original,0.12251502542764679,-0.36754507628294036
gemini35flash,raw,3.0,20260994,isotonic_direct,penalty_prompt,0.5272122052704578,-0.697642163661581
gemini35flash,raw,3.0,20260994,isotonic_direct,always_abstain,0.04068423485899214,0.1553398058252427
gemini35flash,raw,3.0,20260994,beta,original,0.12575127138233935,-0.34211742949607027
gemini35flash,raw,3.0,20260994,beta,penalty_prompt,0.5304484512251503,-0.672214516874711
gemini35flash,raw,3.0,20260994,beta,always_abstain,0.043920480813684694,0.1807674526121128
gemini35flash,raw,3.0,20260995,isotonic_direct,original,0.1317614424410541,-0.3749422098936662
gemini35flash,raw,3.0,20260995,isotonic_direct,penalty_prompt,0.5563476652797041,-0.7044567730004623
gemini35flash,raw,3.0,20260995,isotonic_direct,always_abstain,0.039297272306981046,0.1410078594544614
gemini35flash,raw,3.0,20260995,beta,original,0.13083680073971335,-0.35182616736014793
gemini35flash,raw,3.0,20260995,beta,penalty_prompt,0.5554230235783634,-0.681340730466944
gemini35flash,raw,3.0,20260995,beta,always_abstain,0.038372630605640314,0.16412390198797966
gemini35flash,raw,3.0,20260996,isotonic_direct,original,0.11280628756356911,-0.3643088303282478
gemini35flash,raw,3.0,20260996,isotonic_direct,penalty_prompt,0.558409616273694,-0.7073139158576053
gemini35flash,raw,3.0,20260996,isotonic_direct,always_abstain,0.043920480813684694,0.1437817845584836
gemini35flash,raw,3.0,20260996,beta,original,0.11280628756356911,-0.3365695792880259
gemini35flash,raw,3.0,20260996,beta,penalty_prompt,0.558409616273694,-0.6795746648173834
gemini35flash,raw,3.0,20260996,beta,always_abstain,0.043920480813684694,0.1715210355987055
gemini35flash,raw,3.0,20260997,isotonic_direct,original,0.14932963476652797,-0.24641701340730465
gemini35flash,raw,3.0,20260997,isotonic_direct,penalty_prompt,0.5539343504392047,-0.5746833102172908
gemini35flash,raw,3.0,20260997,isotonic_direct,always_abstain,0.019417475728155338,0.2764678687008784
gemini35flash,raw,3.0,20260997,beta,original,0.15718908922792418,-0.35321312991215903
gemini35flash,raw,3.0,20260997,beta,penalty_prompt,0.5617938049006009,-0.6814794267221451
gemini35flash,raw,3.0,20260997,beta,always_abstain,0.02727693018955155,0.16967175219602404
gemini35flash,raw,3.0,20260998,isotonic_direct,original,0.13407304669440592,-0.3374942209893666
gemini35flash,raw,3.0,20260998,isotonic_direct,penalty_prompt,0.5532686084142394,-0.6670735090152566
gemini35flash,raw,3.0,20260998,isotonic_direct,always_abstain,0.038372630605640314,0.18261673601479428
gemini35flash,raw,3.0,20260998,beta,original,0.13407304669440592,-0.3374942209893666
gemini35flash,raw,3.0,20260998,beta,penalty_prompt,0.5532686084142394,-0.6670735090152566
gemini35flash,raw,3.0,20260998,beta,always_abstain,0.038372630605640314,0.18261673601479428
gemini35flash,raw,3.0,20260999,isotonic_direct,original,0.14424410540915394,-0.3661581137309293
gemini35flash,raw,3.0,20260999,isotonic_direct,penalty_prompt,0.5631067961165048,-0.6971058714748035
gemini35flash,raw,3.0,20260999,isotonic_direct,always_abstain,0.05779010633379565,0.15210355987055016
gemini35flash,raw,3.0,20260999,beta,original,0.14008321775312066,-0.33888118354137775
gemini35flash,raw,3.0,20260999,beta,penalty_prompt,0.5589459084604715,-0.6698289412852519
gemini35flash,raw,3.0,20260999,beta,always_abstain,0.053629218677762366,0.1793804900601017
gemini35flash,raw,3.0,20261000,isotonic_direct,original,0.11373092926490984,-0.3467406380027739
gemini35flash,raw,3.0,20261000,isotonic_direct,penalty_prompt,0.5150809061488673,-0.6743781784558482
gemini35flash,raw,3.0,20261000,isotonic_direct,always_abstain,0.038834951456310676,0.17198335644937587
gemini35flash,raw,3.0,20261000,beta,original,0.11373092926490984,-0.3467406380027739
gemini35flash,raw,3.0,20261000,beta,penalty_prompt,0.5150809061488673,-0.6743781784558482
gemini35flash,raw,3.0,20261000,beta,always_abstain,0.038834951456310676,0.17198335644937587
gemini35flash,raw,3.0,20261001,isotonic_direct,original,0.12159038372630605,-0.35182616736014793
gemini35flash,raw,3.0,20261001,isotonic_direct,penalty_prompt,0.532011095700416,-0.6775681923254738
gemini35flash,raw,3.0,20261001,isotonic_direct,always_abstain,0.04623208506703652,0.1793804900601017
gemini35flash,raw,3.0,20261001,beta,original,0.12159038372630605,-0.35182616736014793
gemini35flash,raw,3.0,20261001,beta,penalty_prompt,0.532011095700416,-0.6775681923254738
gemini35flash,raw,3.0,20261001,beta,always_abstain,0.04623208506703652,0.1793804900601017
gemini35flash,raw,3.0,20261002,isotonic_direct,original,0.1382339343504392,-0.23162274618585293
gemini35flash,raw,3.0,20261002,isotonic_direct,penalty_prompt,0.5027276930189553,-0.5717059639389737
gemini35flash,raw,3.0,20261002,isotonic_direct,always_abstain,0.04345815996301433,0.2764678687008784
gemini35flash,raw,3.0,20261002,beta,original,0.14424410540915394,-0.3384188626907073
gemini35flash,raw,3.0,20261002,beta,penalty_prompt,0.50873786407767,-0.678502080443828
gemini35flash,raw,3.0,20261002,beta,always_abstain,0.04946833102172908,0.16967175219602404
gemini35flash,raw,3.0,20261003,isotonic_direct,original,0.14147018030513175,-0.3744798890429959
gemini35flash,raw,3.0,20261003,isotonic_direct,penalty_prompt,0.5830605640314378,-0.6983448913546001
gemini35flash,raw,3.0,20261003,isotonic_direct,always_abstain,0.06611188164586222,0.14932963476652797
gemini35flash,raw,3.0,20261003,beta,original,0.14147018030513175,-0.3744798890429959
gemini35flash,raw,3.0,20261003,beta,penalty_prompt,0.5830605640314378,-0.6983448913546001
gemini35flash,raw,3.0,20261003,beta,always_abstain,0.06611188164586222,0.14932963476652797
gemini35flash,raw,3.0,20261004,isotonic_direct,original,0.11003236245954692,-0.36153490522422566
gemini35flash,raw,3.0,20261004,isotonic_direct,penalty_prompt,0.49703190013869625,-0.6912066574202496
gemini35flash,raw,3.0,20261004,isotonic_direct,always_abstain,0.059639389736477116,0.1539528432732316
gemini35flash,raw,3.0,20261004,beta,original,0.11003236245954692,-0.36153490522422566
gemini35flash,raw,3.0,20261004,beta,penalty_prompt,0.49703190013869625,-0.6912066574202496
gemini35flash,raw,3.0,20261004,beta,always_abstain,0.059639389736477116,0.1539528432732316
gemini35flash,raw,3.0,20261005,isotonic_direct,original,0.13222376329172447,-0.36523347202958856
gemini35flash,raw,3.0,20261005,isotonic_direct,penalty_prompt,0.5356634304207119,-0.6880073971336108
gemini35flash,raw,3.0,20261005,isotonic_direct,always_abstain,0.050855293573740176,0.154415164123902
gemini35flash,raw,3.0,20261005,beta,original,0.1276005547850208,-0.34211742949607027
gemini35flash,raw,3.0,20261005,beta,penalty_prompt,0.5310402219140082,-0.6648913546000925
gemini35flash,raw,3.0,20261005,beta,always_abstain,0.04623208506703652,0.17753120665742025
gemini35flash,raw,3.0,20261006,isotonic_direct,original,0.11881645862228388,-0.3638465094775774
gemini35flash,raw,3.0,20261006,isotonic_direct,penalty_prompt,0.5549052242256125,-0.6935460009246417
gemini35flash,raw,3.0,20261006,isotonic_direct,always_abstain,0.049930651872399444,0.1553398058252427
gemini35flash,raw,3.0,20261006,beta,original,0.11696717521960241,-0.3398058252427184
gemini35flash,raw,3.0,20261006,beta,penalty_prompt,0.5530559408229311,-0.6695053166897826
gemini35flash,raw,3.0,20261006,beta,always_abstain,0.048081368469717986,0.1793804900601017
gemini35flash,raw,3.0,20261007,isotonic_direct,original,0.13407304669440592,-0.2339343504392048
gemini35flash,raw,3.0,20261007,isotonic_direct,penalty_prompt,0.5417845584835876,-0.5662690707350901
gemini35flash,raw,3.0,20261007,isotonic_direct,always_abstain,0.047156726768377254,0.2875635691169672
gemini35flash,raw,3.0,20261007,beta,original,0.1530282015718909,-0.3425797503467406
gemini35flash,raw,3.0,20261007,beta,penalty_prompt,0.5607397133610726,-0.6749144706426259
gemini35flash,raw,3.0,20261007,beta,always_abstain,0.06611188164586222,0.17891816920943135
gemini35flash,raw,3.0,20261008,isotonic_direct,original,0.12575127138233935,-0.3458159963014332
gemini35flash,raw,3.0,20261008,isotonic_direct,penalty_prompt,0.5394452149791956,-0.6784188626907074
gemini35flash,raw,3.0,20261008,isotonic_direct,always_abstain,0.022653721682847898,0.17429496070272768
gemini35flash,raw,3.0,20261008,beta,original,0.12575127138233935,-0.3458159963014332
gemini35flash,raw,3.0,20261008,beta,penalty_prompt,0.5394452149791956,-0.6784188626907074
gemini35flash,raw,3.0,20261008,beta,always_abstain,0.022653721682847898,0.17429496070272768
gemini35flash,raw,3.0,20261009,isotonic_direct,original,0.1289875173370319,-0.23532131299121584
gemini35flash,raw,3.0,20261009,isotonic_direct,penalty_prompt,0.5277207582061951,-0.5668700878409616
gemini35flash,raw,3.0,20261009,isotonic_direct,always_abstain,0.04299583911234397,0.28525196486361537
gemini35flash,raw,3.0,20261009,beta,original,0.14147018030513175,-0.339343504392048
gemini35flash,raw,3.0,20261009,beta,penalty_prompt,0.540203421174295,-0.6708922792417937
gemini35flash,raw,3.0,20261009,beta,always_abstain,0.05547850208044383,0.18122977346278318
gemini35flash,raw,3.0,20261010,isotonic_direct,original,0.12991215903837264,-0.24364308830328246
gemini35flash,raw,3.0,20261010,isotonic_direct,penalty_prompt,0.5452889505316689,-0.5675728155339805
gemini35flash,raw,3.0,20261010,isotonic_direct,always_abstain,0.014794267221451687,0.284789644012945
gemini35flash,raw,3.0,20261010,beta,original,0.14655570966250578,-0.3527508090614887
gemini35flash,raw,3.0,20261010,beta,penalty_prompt,0.5619325011558021,-0.6766805362921867
gemini35flash,raw,3.0,20261010,beta,always_abstain,0.03143781784558484,0.17568192325473878
gemini35flash,raw,3.0,20261011,isotonic_direct,original,0.13129912159038373,-0.3384188626907073
gemini35flash,raw,3.0,20261011,isotonic_direct,penalty_prompt,0.5274526121128063,-0.6688858067498844
gemini35flash,raw,3.0,20261011,isotonic_direct,always_abstain,0.020804438280166437,0.1779935275080906
gemini35flash,raw,3.0,20261011,beta,original,0.13129912159038373,-0.3384188626907073
gemini35flash,raw,3.0,20261011,beta,penalty_prompt,0.5274526121128063,-0.6688858067498844
gemini35flash,raw,3.0,20261011,beta,always_abstain,0.020804438280166437,0.1779935275080906
gemini35flash,raw,3.0,20261012,isotonic_direct,original,0.12575127138233935,-0.23300970873786409
gemini35flash,raw,3.0,20261012,isotonic_direct,penalty_prompt,0.5607766990291262,-0.5539343504392047
gemini35flash,raw,3.0,20261012,isotonic_direct,always_abstain,0.020804438280166437,0.29079981507165975
gemini35flash,raw,3.0,20261012,beta,original,0.14609338881183542,-0.34026814609338885
gemini35flash,raw,3.0,20261012,beta,penalty_prompt,0.5811188164586223,-0.6611927877947295
gemini35flash,raw,3.0,20261012,beta,always_abstain,0.041146555709662504,0.183541377716135
gemini35flash,raw,6.0,20260913,isotonic_direct,original,0.05825242718446602,-0.17475728155339806
gemini35flash,raw,6.0,20260913,isotonic_direct,penalty_prompt,1.352575127138234,-0.7994637078132224
gemini35flash,raw,6.0,20260913,isotonic_direct,always_abstain,0.004623208506703652,0.004623208506703652
gemini35flash,raw,6.0,20260913,beta,original,0.05825242718446602,-0.17475728155339806
gemini35flash,raw,6.0,20260913,beta,penalty_prompt,1.352575127138234,-0.7994637078132224
gemini35flash,raw,6.0,20260913,beta,always_abstain,0.004623208506703652,0.004623208506703652
gemini35flash,raw,6.0,20260914,isotonic_direct,original,0.050392972723069814,-0.16643550624133147
gemini35flash,raw,6.0,20260914,isotonic_direct,penalty_prompt,1.3714470642625982,-0.8176144244105409
gemini35flash,raw,6.0,20260914,isotonic_direct,always_abstain,0.0036985668053629217,0.0036985668053629217
gemini35flash,raw,6.0,20260914,beta,original,0.050392972723069814,-0.16643550624133147
gemini35flash,raw,6.0,20260914,beta,penalty_prompt,1.3714470642625982,-0.8176144244105409
gemini35flash,raw,6.0,20260914,beta,always_abstain,0.0036985668053629217,0.0036985668053629217
gemini35flash,raw,6.0,20260915,isotonic_direct,original,0.0212667591308368,-0.16319926028663895
gemini35flash,raw,6.0,20260915,isotonic_direct,penalty_prompt,1.3527970411465555,-0.81166897827092
gemini35flash,raw,6.0,20260915,isotonic_direct,always_abstain,0.0013869625520110957,0.004623208506703652
gemini35flash,raw,6.0,20260915,beta,original,0.019879796578825704,-0.1678224687933426
gemini35flash,raw,6.0,20260915,beta,penalty_prompt,1.3514100785945444,-0.8162921867776236
gemini35flash,raw,6.0,20260915,beta,always_abstain,0.0,0.0
gemini35flash,raw,6.0,20260916,isotonic_direct,original,0.0651872399445215,-0.16134997688395747
gemini35flash,raw,6.0,20260916,isotonic_direct,penalty_prompt,1.3700970873786407,-0.8075728155339806
gemini35flash,raw,6.0,20260916,isotonic_direct,always_abstain,0.004623208506703652,0.004623208506703652
gemini35flash,raw,6.0,20260916,beta,original,0.0651872399445215,-0.16134997688395747
gemini35flash,raw,6.0,20260916,beta,penalty_prompt,1.3700970873786407,-0.8075728155339806
gemini35flash,raw,6.0,20260916,beta,always_abstain,0.004623208506703652,0.004623208506703652
gemini35flash,raw,6.0,20260917,isotonic_direct,original,0.044382801664355064,-0.17891816920943135
gemini35flash,raw,6.0,20260917,isotonic_direct,penalty_prompt,1.3496162736939437,-0.8108368007397133
gemini35flash,raw,6.0,20260917,isotonic_direct,always_abstain,0.0,0.0
gemini35flash,raw,6.0,20260917,beta,original,0.049930651872399444,-0.17337031900138697
gemini35flash,raw,6.0,20260917,beta,penalty_prompt,1.355164123901988,-0.8052889505316689
gemini35flash,raw,6.0,20260917,beta,always_abstain,0.005547850208044383,0.005547850208044383
gemini35flash,raw,6.0,20260918,isotonic_direct,original,0.06010171058714748,-0.1664355062413315
gemini35flash,raw,6.0,20260918,isotonic_direct,penalty_prompt,1.3689042995839111,-0.8049468331021729
gemini35flash,raw,6.0,20260918,isotonic_direct,always_abstain,0.0009246417013407304,0.004160887656033287
gemini35flash,raw,6.0,20260918,beta,original,0.06010171058714748,-0.1664355062413315
gemini35flash,raw,6.0,20260918,beta,penalty_prompt,1.3689042995839111,-0.8049468331021729
gemini35flash,raw,6.0,20260918,beta,always_abstain,0.0009246417013407304,0.004160887656033287
gemini35flash,raw,6.0,20260919,isotonic_direct,original,0.015256588072122053,-0.17244567730004623
gemini35flash,raw,6.0,20260919,isotonic_direct,penalty_prompt,1.352140545538604,-0.8022283865002312
gemini35flash,raw,6.0,20260919,isotonic_direct,always_abstain,0.004623208506703652,0.004623208506703652
gemini35flash,raw,6.0,20260919,beta,original,0.0106333795654184,-0.17706888580674987
gemini35flash,raw,6.0,20260919,beta,penalty_prompt,1.3475173370319002,-0.8068515950069348
gemini35flash,raw,6.0,20260919,beta,always_abstain,0.0,0.0
gemini35flash,raw,6.0,20260920,isotonic_direct,original,0.0545538603791031,-0.17198335644937587
gemini35flash,raw,6.0,20260920,isotonic_direct,penalty_prompt,1.3943781784558482,-0.7986962552011095
gemini35flash,raw,6.0,20260920,isotonic_direct,always_abstain,0.0009246417013407304,0.004160887656033287
gemini35flash,raw,6.0,20260920,beta,original,0.0545538603791031,-0.17198335644937587
gemini35flash,raw,6.0,20260920,beta,penalty_prompt,1.3943781784558482,-0.7986962552011095
gemini35flash,raw,6.0,20260920,beta,always_abstain,0.0009246417013407304,0.004160887656033287
gemini35flash,raw,6.0,20260921,isotonic_direct,original,0.06472491909385113,-0.1650485436893204
gemini35flash,raw,6.0,20260921,isotonic_direct,penalty_prompt,1.441830790568655,-0.8182339343504393
gemini35flash,raw,6.0,20260921,isotonic_direct,always_abstain,0.003236245954692557,0.003236245954692557
gemini35flash,raw,6.0,20260921,beta,original,0.06472491909385113,-0.1650485436893204
gemini35flash,raw,6.0,20260921,beta,penalty_prompt,1.441830790568655,-0.8182339343504393
gemini35flash,raw,6.0,20260921,beta,always_abstain,0.003236245954692557,0.003236245954692557
gemini35flash,raw,6.0,20260922,isotonic_direct,original,0.04623208506703652,-0.17383263985205732
gemini35flash,raw,6.0,20260922,isotonic_direct,penalty_prompt,1.3705501618122977,-0.8050485436893203
gemini35flash,raw,6.0,20260922,isotonic_direct,always_abstain,0.0036985668053629217,0.0036985668053629217
gemini35flash,raw,6.0,20260922,beta,original,0.04623208506703652,-0.17383263985205732
gemini35flash,raw,6.0,20260922,beta,penalty_prompt,1.3705501618122977,-0.8050485436893203
gemini35flash,raw,6.0,20260922,beta,always_abstain,0.0036985668053629217,0.0036985668053629217
gemini35flash,raw,6.0,20260923,isotonic_direct,original,0.025889967637540454,-0.1779935275080906
gemini35flash,raw,6.0,20260923,isotonic_direct,penalty_prompt,1.366740638002774,-0.8119001386962551
gemini35flash,raw,6.0,20260923,isotonic_direct,always_abstain,0.0004623208506703652,0.0036985668053629217
gemini35flash,raw,6.0,20260923,beta,original,0.025889967637540454,-0.1779935275080906
gemini35flash,raw,6.0,20260923,beta,penalty_prompt,1.366740638002774,-0.8119001386962551
gemini35flash,raw,6.0,20260923,beta,always_abstain,0.0004623208506703652,0.0036985668053629217
gemini35flash,raw,6.0,20260924,isotonic_direct,original,0.06241331484049931,-0.17059639389736478
gemini35flash,raw,6.0,20260924,isotonic_direct,penalty_prompt,1.4219325011558022,-0.8098474341192788
gemini35flash,raw,6.0,20260924,isotonic_direct,always_abstain,0.004623208506703652,0.004623208506703652
gemini35flash,raw,6.0,20260924,beta,original,0.06241331484049931,-0.17059639389736478
gemini35flash,raw,6.0,20260924,beta,penalty_prompt,1.4219325011558022,-0.8098474341192788
gemini35flash,raw,6.0,20260924,beta,always_abstain,0.004623208506703652,0.004623208506703652
gemini35flash,raw,6.0,20260925,isotonic_direct,original,0.05779010633379565,-0.1687471104946833
gemini35flash,raw,6.0,20260925,isotonic_direct,penalty_prompt,1.3233564493758667,-0.810171058714748
gemini35flash,raw,6.0,20260925,isotonic_direct,always_abstain,0.0036985668053629217,0.0036985668053629217
gemini35flash,raw,6.0,20260925,beta,original,0.05779010633379565,-0.1687471104946833
gemini35flash,raw,6.0,20260925,beta,penalty_prompt,1.3233564493758667,-0.810171058714748
gemini35flash,raw,6.0,20260925,beta,always_abstain,0.0036985668053629217,0.0036985668053629217
gemini35flash,raw,6.0,20260926,isotonic_direct,original,0.0758206195099399,-0.17660656495607954
gemini35flash,raw,6.0,20260926,isotonic_direct,penalty_prompt,1.3583541377716135,-0.8087008784096162
gemini35flash,raw,6.0,20260926,isotonic_direct,always_abstain,0.004623208506703652,0.004623208506703652
gemini35flash,raw,6.0,20260926,beta,original,0.0758206195099399,-0.17660656495607954
gemini35flash,raw,6.0,20260926,beta,penalty_prompt,1.3583541377716135,-0.8087008784096162
gemini35flash,raw,6.0,20260926,beta,always_abstain,0.004623208506703652,0.004623208506703652
gemini35flash,raw,6.0,20260927,isotonic_direct,original,0.07397133610725844,-0.16874711049468333
gemini35flash,raw,6.0,20260927,isotonic_direct,penalty_prompt,1.3531484049930653,-0.8027739251040222
gemini35flash,raw,6.0,20260927,isotonic_direct,always_abstain,0.004623208506703652,0.004623208506703652
gemini35flash,raw,6.0,20260927,beta,original,0.07397133610725844,-0.16874711049468333
gemini35flash,raw,6.0,20260927,beta,penalty_prompt,1.3531484049930653,-0.8027739251040222
gemini35flash,raw,6.0,20260927,beta,always_abstain,0.004623208506703652,0.004623208506703652
gemini35flash,raw,6.0,20260928,isotonic_direct,original,0.04299583911234397,-0.1608876560332871
gemini35flash,raw,6.0,20260928,isotonic_direct,penalty_prompt,1.3025520110957003,-0.800295885344429
gemini35flash,raw,6.0,20260928,isotonic_direct,always_abstain,0.0009246417013407304,0.004160887656033287
gemini35flash,raw,6.0,20260928,beta,original,0.04299583911234397,-0.1608876560332871
gemini35flash,raw,6.0,20260928,beta,penalty_prompt,1.3025520110957003,-0.800295885344429
gemini35flash,raw,6.0,20260928,beta,always_abstain,0.0009246417013407304,0.004160887656033287
gemini35flash,raw,6.0,20260929,isotonic_direct,original,0.05177993527508091,-0.1715210355987055
gemini35flash,raw,6.0,20260929,isotonic_direct,penalty_prompt,1.419842810910772,-0.8231345353675451
gemini35flash,raw,6.0,20260929,isotonic_direct,always_abstain,0.0036985668053629217,0.0036985668053629217
gemini35flash,raw,6.0,20260929,beta,original,0.05177993527508091,-0.1715210355987055
gemini35flash,raw,6.0,20260929,beta,penalty_prompt,1.419842810910772,-0.8231345353675451
gemini35flash,raw,6.0,20260929,beta,always_abstain,0.0036985668053629217,0.0036985668053629217
gemini35flash,raw,6.0,20260930,isotonic_direct,original,0.035136384650947754,-0.17198335644937585
gemini35flash,raw,6.0,20260930,isotonic_direct,penalty_prompt,1.2780767452612114,-0.8034119278779472
gemini35flash,raw,6.0,20260930,isotonic_direct,always_abstain,0.0018492834026814608,0.005085529357374018
gemini35flash,raw,6.0,20260930,beta,original,0.035136384650947754,-0.17198335644937585
gemini35flash,raw,6.0,20260930,beta,penalty_prompt,1.2780767452612114,-0.8034119278779472
gemini35flash,raw,6.0,20260930,beta,always_abstain,0.0018492834026814608,0.005085529357374018
gemini35flash,raw,6.0,20260931,isotonic_direct,original,0.03975959315765141,-0.17059639389736475
gemini35flash,raw,6.0,20260931,isotonic_direct,penalty_prompt,1.2217660656495608,-0.7957743874248728
gemini35flash,raw,6.0,20260931,isotonic_direct,always_abstain,0.0036985668053629217,0.0036985668053629217
gemini35flash,raw,6.0,20260931,beta,original,0.03975959315765141,-0.17059639389736475
gemini35flash,raw,6.0,20260931,beta,penalty_prompt,1.2217660656495608,-0.7957743874248728
gemini35flash,raw,6.0,20260931,beta,always_abstain,0.0036985668053629217,0.0036985668053629217
gemini35flash,raw,6.0,20260932,isotonic_direct,original,0.03236245954692557,-0.17152103559870552
gemini35flash,raw,6.0,20260932,isotonic_direct,penalty_prompt,1.3608506703652337,-0.8056218215441516
gemini35flash,raw,6.0,20260932,isotonic_direct,always_abstain,0.004623208506703652,0.004623208506703652
gemini35flash,raw,6.0,20260932,beta,original,0.03236245954692557,-0.17152103559870552
gemini35flash,raw,6.0,20260932,beta,penalty_prompt,1.3608506703652337,-0.8056218215441516
gemini35flash,raw,6.0,20260932,beta,always_abstain,0.004623208506703652,0.004623208506703652
gemini35flash,raw,6.0,20260933,isotonic_direct,original,0.04623208506703652,-0.17383263985205732
gemini35flash,raw,6.0,20260933,isotonic_direct,penalty_prompt,1.31166897827092,-0.8104022191400831
gemini35flash,raw,6.0,20260933,isotonic_direct,always_abstain,-0.0013869625520110957,0.0018492834026814608
gemini35flash,raw,6.0,20260933,beta,original,0.04623208506703652,-0.17383263985205732
gemini35flash,raw,6.0,20260933,beta,penalty_prompt,1.31166897827092,-0.8104022191400831
gemini35flash,raw,6.0,20260933,beta,always_abstain,-0.0013869625520110957,0.0018492834026814608
gemini35flash,raw,6.0,20260934,isotonic_direct,original,0.06241331484049931,-0.17383263985205735
gemini35flash,raw,6.0,20260934,isotonic_direct,penalty_prompt,1.4054553860379104,-0.8056125751271382
gemini35flash,raw,6.0,20260934,isotonic_direct,always_abstain,0.004623208506703652,0.004623208506703652
gemini35flash,raw,6.0,20260934,beta,original,0.06241331484049931,-0.17383263985205735
gemini35flash,raw,6.0,20260934,beta,penalty_prompt,1.4054553860379104,-0.8056125751271382
gemini35flash,raw,6.0,20260934,beta,always_abstain,0.004623208506703652,0.004623208506703652
gemini35flash,raw,6.0,20260935,isotonic_direct,original,0.02866389274156264,-0.17198335644937587
gemini35flash,raw,6.0,20260935,isotonic_direct,penalty_prompt,1.2665926953305595,-0.798002773925104
gemini35flash,raw,6.0,20260935,isotonic_direct,always_abstain,0.004160887656033287,0.004160887656033287
gemini35flash,raw,6.0,20260935,beta,original,0.02866389274156264,-0.17198335644937587
gemini35flash,raw,6.0,20260935,beta,penalty_prompt,1.2665926953305595,-0.798002773925104
gemini35flash,raw,6.0,20260935,beta,always_abstain,0.004160887656033287,0.004160887656033287
gemini35flash,raw,6.0,20260936,isotonic_direct,original,0.058252427184466014,-0.1715210355987055
gemini35flash,raw,6.0,20260936,isotonic_direct,penalty_prompt,1.3599167822468794,-0.8092741562644475
gemini35flash,raw,6.0,20260936,isotonic_direct,always_abstain,0.0018492834026814608,0.005085529357374018
gemini35flash,raw,6.0,20260936,beta,original,0.058252427184466014,-0.1715210355987055
gemini35flash,raw,6.0,20260936,beta,penalty_prompt,1.3599167822468794,-0.8092741562644475
gemini35flash,raw,6.0,20260936,beta,always_abstain,0.0018492834026814608,0.005085529357374018
gemini35flash,raw,6.0,20260937,isotonic_direct,original,0.04808136846971798,-0.18169209431345354
gemini35flash,raw,6.0,20260937,isotonic_direct,penalty_prompt,1.3202311604253352,-0.8085714285714286
gemini35flash,raw,6.0,20260937,isotonic_direct,always_abstain,0.0004623208506703652,0.0036985668053629217
gemini35flash,raw,6.0,20260937,beta,original,0.04808136846971798,-0.18169209431345354
gemini35flash,raw,6.0,20260937,beta,penalty_prompt,1.3202311604253352,-0.8085714285714286
gemini35flash,raw,6.0,20260937,beta,always_abstain,0.0004623208506703652,0.0036985668053629217
gemini35flash,raw,6.0,20260938,isotonic_direct,original,0.05825242718446602,-0.17152103559870552
gemini35flash,raw,6.0,20260938,isotonic_direct,penalty_prompt,1.3432732316227463,-0.8071474803513639
gemini35flash,raw,6.0,20260938,isotonic_direct,always_abstain,0.004623208506703652,0.004623208506703652
gemini35flash,raw,6.0,20260938,beta,original,0.05825242718446602,-0.17152103559870552
gemini35flash,raw,6.0,20260938,beta,penalty_prompt,1.3432732316227463,-0.8071474803513639
gemini35flash,raw,6.0,20260938,beta,always_abstain,0.004623208506703652,0.004623208506703652
gemini35flash,raw,6.0,20260939,isotonic_direct,original,0.055940822931114194,-0.1673601479426722
gemini35flash,raw,6.0,20260939,isotonic_direct,penalty_prompt,1.346019417475728,-0.8087378640776699
gemini35flash,raw,6.0,20260939,isotonic_direct,always_abstain,0.005085529357374018,0.005085529357374018
gemini35flash,raw,6.0,20260939,beta,original,0.055940822931114194,-0.1673601479426722
gemini35flash,raw,6.0,20260939,beta,penalty_prompt,1.346019417475728,-0.8087378640776699
gemini35flash,raw,6.0,20260939,beta,always_abstain,0.005085529357374018,0.005085529357374018
gemini35flash,raw,6.0,20260940,isotonic_direct,original,0.024965325936199722,-0.17891816920943135
gemini35flash,raw,6.0,20260940,isotonic_direct,penalty_prompt,1.3838650023116044,-0.8108275543227
gemini35flash,raw,6.0,20260940,isotonic_direct,always_abstain,0.0036985668053629217,0.0036985668053629217
gemini35flash,raw,6.0,20260940,beta,original,0.0212667591308368,-0.18261673601479428
gemini35flash,raw,6.0,20260940,beta,penalty_prompt,1.3801664355062415,-0.814526121128063
gemini35flash,raw,6.0,20260940,beta,always_abstain,0.0,0.0
gemini35flash,raw,6.0,20260941,isotonic_direct,original,0.03606102635228849,-0.1678224687933426
gemini35flash,raw,6.0,20260941,isotonic_direct,penalty_prompt,1.2990753582986594,-0.8057790106333795
gemini35flash,raw,6.0,20260941,isotonic_direct,always_abstain,0.004623208506703652,0.004623208506703652
gemini35flash,raw,6.0,20260941,beta,original,0.03143781784558484,-0.17244567730004623
gemini35flash,raw,6.0,20260941,beta,penalty_prompt,1.2944521497919557,-0.8104022191400831
gemini35flash,raw,6.0,20260941,beta,always_abstain,0.0,0.0
gemini35flash,raw,6.0,20260942,isotonic_direct,original,0.05594082293111419,-0.17383263985205732
gemini35flash,raw,6.0,20260942,isotonic_direct,penalty_prompt,1.3054923717059639,-0.8021451687471105
gemini35flash,raw,6.0,20260942,isotonic_direct,always_abstain,0.0018492834026814608,0.005085529357374018
gemini35flash,raw,6.0,20260942,beta,original,0.05594082293111419,-0.17383263985205732
gemini35flash,raw,6.0,20260942,beta,penalty_prompt,1.3054923717059639,-0.8021451687471105
gemini35flash,raw,6.0,20260942,beta,always_abstain,0.0018492834026814608,0.005085529357374018
gemini35flash,raw,6.0,20260943,isotonic_direct,original,0.007397133610725843,-0.17706888580674987
gemini35flash,raw,6.0,20260943,isotonic_direct,penalty_prompt,1.3260933888118356,-0.8153952843273232
gemini35flash,raw,6.0,20260943,isotonic_direct,always_abstain,0.0,0.0
gemini35flash,raw,6.0,20260943,beta,original,0.007397133610725843,-0.17706888580674987
gemini35flash,raw,6.0,20260943,beta,penalty_prompt,1.3260933888118356,-0.8153952843273232
gemini35flash,raw,6.0,20260943,beta,always_abstain,0.0,0.0
gemini35flash,raw,6.0,20260944,isotonic_direct,original,0.04299583911234397,-0.17059639389736478
gemini35flash,raw,6.0,20260944,isotonic_direct,penalty_prompt,1.3742949607027277,-0.815025427646787
gemini35flash,raw,6.0,20260944,isotonic_direct,always_abstain,0.004623208506703652,0.004623208506703652
gemini35flash,raw,6.0,20260944,beta,original,0.04299583911234397,-0.17059639389736478
gemini35flash,raw,6.0,20260944,beta,penalty_prompt,1.3742949607027277,-0.815025427646787
gemini35flash,raw,6.0,20260944,beta,always_abstain,0.004623208506703652,0.004623208506703652
gemini35flash,raw,6.0,20260945,isotonic_direct,original,0.03097549699491447,-0.17290799815071659
gemini35flash,raw,6.0,20260945,isotonic_direct,penalty_prompt,1.325945446139621,-0.8079056865464632
gemini35flash,raw,6.0,20260945,isotonic_direct,always_abstain,0.0027739251040221915,0.0027739251040221915
gemini35flash,raw,6.0,20260945,beta,original,0.03097549699491447,-0.17290799815071659
gemini35flash,raw,6.0,20260945,beta,penalty_prompt,1.325945446139621,-0.8079056865464632
gemini35flash,raw,6.0,20260945,beta,always_abstain,0.0027739251040221915,0.0027739251040221915
gemini35flash,raw,6.0,20260946,isotonic_direct,original,0.02820157189089228,-0.17244567730004623
gemini35flash,raw,6.0,20260946,isotonic_direct,penalty_prompt,1.3120943134535368,-0.8029218677762366
gemini35flash,raw,6.0,20260946,isotonic_direct,always_abstain,0.0009246417013407304,0.004160887656033287
gemini35flash,raw,6.0,20260946,beta,original,0.02820157189089228,-0.17244567730004623
gemini35flash,raw,6.0,20260946,beta,penalty_prompt,1.3120943134535368,-0.8029218677762366
gemini35flash,raw,6.0,20260946,beta,always_abstain,0.0009246417013407304,0.004160887656033287
gemini35flash,raw,6.0,20260947,isotonic_direct,original,0.04114655570966251,-0.16920943134535368
gemini35flash,raw,6.0,20260947,isotonic_direct,penalty_prompt,1.3754045307443366,-0.806537216828479
gemini35flash,raw,6.0,20260947,isotonic_direct,always_abstain,0.004623208506703652,0.004623208506703652
gemini35flash,raw,6.0,20260947,beta,original,0.036523347202958856,-0.17383263985205732
gemini35flash,raw,6.0,20260947,beta,penalty_prompt,1.3707813222376328,-0.8111604253351826
gemini35flash,raw,6.0,20260947,beta,always_abstain,0.0,0.0
gemini35flash,raw,6.0,20260948,isotonic_direct,original,0.03143781784558484,-0.16920943134535368
gemini35flash,raw,6.0,20260948,isotonic_direct,penalty_prompt,1.3312251502542765,-0.805603328710125
gemini35flash,raw,6.0,20260948,isotonic_direct,always_abstain,0.004623208506703652,0.004623208506703652
gemini35flash,raw,6.0,20260948,beta,original,0.026814609338881183,-0.17383263985205732
gemini35flash,raw,6.0,20260948,beta,penalty_prompt,1.3266019417475727,-0.8102265372168286
gemini35flash,raw,6.0,20260948,beta,always_abstain,0.0,0.0
gemini35flash,raw,6.0,20260949,isotonic_direct,original,0.041608876560332866,-0.026352288488210807
gemini35flash,raw,6.0,20260949,isotonic_direct,penalty_prompt,1.4215718908922792,-0.6588811835413776
gemini35flash,raw,6.0,20260949,isotonic_direct,always_abstain,-0.06102635228848821,0.14609338881183542
gemini35flash,raw,6.0,20260949,beta,original,0.106333795654184,-0.1687471104946833
gemini35flash,raw,6.0,20260949,beta,penalty_prompt,1.4862968099861302,-0.8012760055478501
gemini35flash,raw,6.0,20260949,beta,always_abstain,0.0036985668053629217,0.0036985668053629217
gemini35flash,raw,6.0,20260950,isotonic_direct,original,0.049468331021729074,-0.17059639389736475
gemini35flash,raw,6.0,20260950,isotonic_direct,penalty_prompt,1.2898659269533057,-0.7982246879334257
gemini35flash,raw,6.0,20260950,isotonic_direct,always_abstain,0.0018492834026814608,0.005085529357374018
gemini35flash,raw,6.0,20260950,beta,original,0.049468331021729074,-0.17059639389736475
gemini35flash,raw,6.0,20260950,beta,penalty_prompt,1.2898659269533057,-0.7982246879334257
gemini35flash,raw,6.0,20260950,beta,always_abstain,0.0018492834026814608,0.005085529357374018
gemini35flash,raw,6.0,20260951,isotonic_direct,original,0.059639389736477116,-0.17984281091077206
gemini35flash,raw,6.0,20260951,isotonic_direct,penalty_prompt,1.2641516412390201,-0.8069163199260286
gemini35flash,raw,6.0,20260951,isotonic_direct,always_abstain,0.005085529357374018,0.005085529357374018
gemini35flash,raw,6.0,20260951,beta,original,0.059639389736477116,-0.17984281091077206
gemini35flash,raw,6.0,20260951,beta,penalty_prompt,1.2641516412390201,-0.8069163199260286
gemini35flash,raw,6.0,20260951,beta,always_abstain,0.005085529357374018,0.005085529357374018
gemini35flash,raw,6.0,20260952,isotonic_direct,original,0.03652334720295885,-0.17383263985205732
gemini35flash,raw,6.0,20260952,isotonic_direct,penalty_prompt,1.3727970411465558,-0.8045492371705965
gemini35flash,raw,6.0,20260952,isotonic_direct,always_abstain,0.0027739251040221915,0.0027739251040221915
gemini35flash,raw,6.0,20260952,beta,original,0.03374942209893666,-0.17660656495607951
gemini35flash,raw,6.0,20260952,beta,penalty_prompt,1.3700231160425336,-0.8073231622746186
gemini35flash,raw,6.0,20260952,beta,always_abstain,0.0,0.0
gemini35flash,raw,6.0,20260953,isotonic_direct,original,0.061488673139158574,-0.17475728155339806
gemini35flash,raw,6.0,20260953,isotonic_direct,penalty_prompt,1.2981507165973185,-0.8069625520110957
gemini35flash,raw,6.0,20260953,isotonic_direct,always_abstain,0.005085529357374018,0.005085529357374018
gemini35flash,raw,6.0,20260953,beta,original,0.061488673139158574,-0.17475728155339806
gemini35flash,raw,6.0,20260953,beta,penalty_prompt,1.2981507165973185,-0.8069625520110957
gemini35flash,raw,6.0,20260953,beta,always_abstain,0.005085529357374018,0.005085529357374018
gemini35flash,raw,6.0,20260954,isotonic_direct,original,0.023578363384188627,-0.1673601479426722
gemini35flash,raw,6.0,20260954,isotonic_direct,penalty_prompt,1.3344983818770226,-0.8054368932038833
gemini35flash,raw,6.0,20260954,isotonic_direct,always_abstain,0.0018492834026814608,0.005085529357374018
gemini35flash,raw,6.0,20260954,beta,original,0.021729079981507166,-0.17244567730004623
gemini35flash,raw,6.0,20260954,beta,penalty_prompt,1.332649098474341,-0.8105224225612574
gemini35flash,raw,6.0,20260954,beta,always_abstain,0.0,0.0
gemini35flash,raw,6.0,20260955,isotonic_direct,original,0.03975959315765141,-0.17059639389736478
gemini35flash,raw,6.0,20260955,isotonic_direct,penalty_prompt,1.3318908922792418,-0.8103744798890431
gemini35flash,raw,6.0,20260955,isotonic_direct,always_abstain,0.0,0.003236245954692557
gemini35flash,raw,6.0,20260955,beta,original,0.03975959315765141,-0.17059639389736478
gemini35flash,raw,6.0,20260955,beta,penalty_prompt,1.3318908922792418,-0.8103744798890431
gemini35flash,raw,6.0,20260955,beta,always_abstain,0.0,0.003236245954692557
gemini35flash,raw,6.0,20260956,isotonic_direct,original,0.0425335182616736,-0.16134997688395747
gemini35flash,raw,6.0,20260956,isotonic_direct,penalty_prompt,1.2925473878871936,-0.8025335182616736
gemini35flash,raw,6.0,20260956,isotonic_direct,always_abstain,0.0018492834026814608,0.005085529357374018
gemini35flash,raw,6.0,20260956,beta,original,0.0425335182616736,-0.16134997688395747
gemini35flash,raw,6.0,20260956,beta,penalty_prompt,1.2925473878871936,-0.8025335182616736
gemini35flash,raw,6.0,20260956,beta,always_abstain,0.0018492834026814608,0.005085529357374018
gemini35flash,raw,6.0,20260957,isotonic_direct,original,0.06102635228848821,-0.16551086453999075
gemini35flash,raw,6.0,20260957,isotonic_direct,penalty_prompt,1.3464170134073046,-0.8062043458159963
gemini35flash,raw,6.0,20260957,isotonic_direct,always_abstain,0.002311604253351826,0.005547850208044383
gemini35flash,raw,6.0,20260957,beta,original,0.06102635228848821,-0.16551086453999075
gemini35flash,raw,6.0,20260957,beta,penalty_prompt,1.3464170134073046,-0.8062043458159963
gemini35flash,raw,6.0,20260957,beta,always_abstain,0.002311604253351826,0.005547850208044383
gemini35flash,raw,6.0,20260958,isotonic_direct,original,0.005547850208044382,-0.16273693943596856
gemini35flash,raw,6.0,20260958,isotonic_direct,penalty_prompt,1.3062135922330096,-0.8131391585760519
gemini35flash,raw,6.0,20260958,isotonic_direct,always_abstain,0.0036985668053629217,0.006934812760055479
gemini35flash,raw,6.0,20260958,beta,original,0.0018492834026814608,-0.16967175219602404
gemini35flash,raw,6.0,20260958,beta,penalty_prompt,1.3025150254276467,-0.8200739713361074
gemini35flash,raw,6.0,20260958,beta,always_abstain,0.0,0.0
gemini35flash,raw,6.0,20260959,isotonic_direct,original,0.06102635228848821,-0.17521960240406845
gemini35flash,raw,6.0,20260959,isotonic_direct,penalty_prompt,1.3962921867776237,-0.7974294960702729
gemini35flash,raw,6.0,20260959,isotonic_direct,always_abstain,0.0013869625520110957,0.004623208506703652
gemini35flash,raw,6.0,20260959,beta,original,0.06102635228848821,-0.17521960240406845
gemini35flash,raw,6.0,20260959,beta,penalty_prompt,1.3962921867776237,-0.7974294960702729
gemini35flash,raw,6.0,20260959,beta,always_abstain,0.0013869625520110957,0.004623208506703652
gemini35flash,raw,6.0,20260960,isotonic_direct,original,0.03975959315765141,-0.1673601479426722
gemini35flash,raw,6.0,20260960,isotonic_direct,penalty_prompt,1.2676005547850209,-0.8006195099398983
gemini35flash,raw,6.0,20260960,isotonic_direct,always_abstain,0.004160887656033287,0.004160887656033287
gemini35flash,raw,6.0,20260960,beta,original,0.03975959315765141,-0.1673601479426722
gemini35flash,raw,6.0,20260960,beta,penalty_prompt,1.2676005547850209,-0.8006195099398983
gemini35flash,raw,6.0,20260960,beta,always_abstain,0.004160887656033287,0.004160887656033287
gemini35flash,raw,6.0,20260961,isotonic_direct,original,0.06934812760055478,-0.17337031900138697
gemini35flash,raw,6.0,20260961,isotonic_direct,penalty_prompt,1.3875635691169672,-0.8108183079056865
gemini35flash,raw,6.0,20260961,isotonic_direct,always_abstain,0.0009246417013407304,0.004160887656033287
gemini35flash,raw,6.0,20260961,beta,original,0.06934812760055478,-0.17337031900138697
gemini35flash,raw,6.0,20260961,beta,penalty_prompt,1.3875635691169672,-0.8108183079056865
gemini35flash,raw,6.0,20260961,beta,always_abstain,0.0009246417013407304,0.004160887656033287
gemini35flash,raw,6.0,20260962,isotonic_direct,original,0.07628294036061027,-0.17614424410540916
gemini35flash,raw,6.0,20260962,isotonic_direct,penalty_prompt,1.4172907998150719,-0.8152011095700415
gemini35flash,raw,6.0,20260962,isotonic_direct,always_abstain,-0.0009246417013407304,0.002311604253351826
gemini35flash,raw,6.0,20260962,beta,original,0.07628294036061027,-0.17614424410540916
gemini35flash,raw,6.0,20260962,beta,penalty_prompt,1.4172907998150719,-0.8152011095700415
gemini35flash,raw,6.0,20260962,beta,always_abstain,-0.0009246417013407304,0.002311604253351826
gemini35flash,raw,6.0,20260963,isotonic_direct,original,0.0651872399445215,-0.1742949607027277
gemini35flash,raw,6.0,20260963,isotonic_direct,penalty_prompt,1.3337494220989363,-0.8051502542764678
gemini35flash,raw,6.0,20260963,isotonic_direct,always_abstain,0.0009246417013407304,0.004160887656033287
gemini35flash,raw,6.0,20260963,beta,original,0.0651872399445215,-0.1742949607027277
gemini35flash,raw,6.0,20260963,beta,penalty_prompt,1.3337494220989363,-0.8051502542764678
gemini35flash,raw,6.0,20260963,beta,always_abstain,0.0009246417013407304,0.004160887656033287
gemini35flash,raw,6.0,20260964,isotonic_direct,original,0.05732778548312529,-0.17568192325473878
gemini35flash,raw,6.0,20260964,isotonic_direct,penalty_prompt,1.347018030513176,-0.8032732316227461
gemini35flash,raw,6.0,20260964,isotonic_direct,always_abstain,0.0036985668053629217,0.0036985668053629217
gemini35flash,raw,6.0,20260964,beta,original,0.05732778548312529,-0.17568192325473878
gemini35flash,raw,6.0,20260964,beta,penalty_prompt,1.347018030513176,-0.8032732316227461
gemini35flash,raw,6.0,20260964,beta,always_abstain,0.0036985668053629217,0.0036985668053629217
gemini35flash,raw,6.0,20260965,isotonic_direct,original,0.052704576976421634,-0.17383263985205732
gemini35flash,raw,6.0,20260965,isotonic_direct,penalty_prompt,1.2888118354137772,-0.8028386500231159
gemini35flash,raw,6.0,20260965,isotonic_direct,always_abstain,0.0004623208506703652,0.0036985668053629217
gemini35flash,raw,6.0,20260965,beta,original,0.052704576976421634,-0.17383263985205732
gemini35flash,raw,6.0,20260965,beta,penalty_prompt,1.2888118354137772,-0.8028386500231159
gemini35flash,raw,6.0,20260965,beta,always_abstain,0.0004623208506703652,0.0036985668053629217
gemini35flash,raw,6.0,20260966,isotonic_direct,original,0.025427646786870088,-0.17198335644937585
gemini35flash,raw,6.0,20260966,isotonic_direct,penalty_prompt,1.299907535829866,-0.8044290337494221
gemini35flash,raw,6.0,20260966,isotonic_direct,always_abstain,0.0018492834026814608,0.005085529357374018
gemini35flash,raw,6.0,20260966,beta,original,0.023578363384188627,-0.17706888580674987
gemini35flash,raw,6.0,20260966,beta,penalty_prompt,1.2980582524271844,-0.8095145631067961
gemini35flash,raw,6.0,20260966,beta,always_abstain,0.0,0.0
gemini35flash,raw,6.0,20260967,isotonic_direct,original,0.05732778548312529,-0.17891816920943135
gemini35flash,raw,6.0,20260967,isotonic_direct,penalty_prompt,1.3617845584835875,-0.8090892279241794
gemini35flash,raw,6.0,20260967,isotonic_direct,always_abstain,0.0027739251040221915,0.0027739251040221915
gemini35flash,raw,6.0,20260967,beta,original,0.05732778548312529,-0.17891816920943135
gemini35flash,raw,6.0,20260967,beta,penalty_prompt,1.3617845584835875,-0.8090892279241794
gemini35flash,raw,6.0,20260967,beta,always_abstain,0.0027739251040221915,0.0027739251040221915
gemini35flash,raw,6.0,20260968,isotonic_direct,original,0.06564956079519187,-0.1673601479426722
gemini35flash,raw,6.0,20260968,isotonic_direct,penalty_prompt,1.3193157651410077,-0.8090984743411928
gemini35flash,raw,6.0,20260968,isotonic_direct,always_abstain,0.0027739251040221915,0.0027739251040221915
gemini35flash,raw,6.0,20260968,beta,original,0.06564956079519187,-0.1673601479426722
gemini35flash,raw,6.0,20260968,beta,penalty_prompt,1.3193157651410077,-0.8090984743411928
gemini35flash,raw,6.0,20260968,beta,always_abstain,0.0027739251040221915,0.0027739251040221915
gemini35flash,raw,6.0,20260969,isotonic_direct,original,0.03421174294960703,-0.16643550624133147
gemini35flash,raw,6.0,20260969,isotonic_direct,penalty_prompt,1.3733610725843735,-0.8037910309754969
gemini35flash,raw,6.0,20260969,isotonic_direct,always_abstain,0.0036985668053629217,0.0036985668053629217
gemini35flash,raw,6.0,20260969,beta,original,0.030513176144244106,-0.1701340730466944
gemini35flash,raw,6.0,20260969,beta,penalty_prompt,1.3696625057790106,-0.8074895977808598
gemini35flash,raw,6.0,20260969,beta,always_abstain,0.0,0.0
gemini35flash,raw,6.0,20260970,isotonic_direct,original,0.0319001386962552,-0.17521960240406842
gemini35flash,raw,6.0,20260970,isotonic_direct,penalty_prompt,1.3275080906148868,-0.8050485436893203
gemini35flash,raw,6.0,20260970,isotonic_direct,always_abstain,0.0004623208506703652,0.0036985668053629217
gemini35flash,raw,6.0,20260970,beta,original,0.0319001386962552,-0.17521960240406842
gemini35flash,raw,6.0,20260970,beta,penalty_prompt,1.3275080906148868,-0.8050485436893203
gemini35flash,raw,6.0,20260970,beta,always_abstain,0.0004623208506703652,0.0036985668053629217
gemini35flash,raw,6.0,20260971,isotonic_direct,original,0.0545538603791031,-0.17198335644937587
gemini35flash,raw,6.0,20260971,isotonic_direct,penalty_prompt,1.3551918631530282,-0.8056495607951919
gemini35flash,raw,6.0,20260971,isotonic_direct,always_abstain,0.004623208506703652,0.004623208506703652
gemini35flash,raw,6.0,20260971,beta,original,0.0545538603791031,-0.17198335644937587
gemini35flash,raw,6.0,20260971,beta,penalty_prompt,1.3551918631530282,-0.8056495607951919
gemini35flash,raw,6.0,20260971,beta,always_abstain,0.004623208506703652,0.004623208506703652
gemini35flash,raw,6.0,20260972,isotonic_direct,original,0.050855293573740176,-0.16273693943596856
gemini35flash,raw,6.0,20260972,isotonic_direct,penalty_prompt,1.3749514563106795,-0.8064077669902913
gemini35flash,raw,6.0,20260972,isotonic_direct,always_abstain,-0.0004623208506703652,0.0027739251040221915
gemini35flash,raw,6.0,20260972,beta,original,0.050855293573740176,-0.16273693943596856
gemini35flash,raw,6.0,20260972,beta,penalty_prompt,1.3749514563106795,-0.8064077669902913
gemini35flash,raw,6.0,20260972,beta,always_abstain,-0.0004623208506703652,0.0027739251040221915
gemini35flash,raw,6.0,20260973,isotonic_direct,original,0.059639389736477116,-0.16042533518261676
gemini35flash,raw,6.0,20260973,isotonic_direct,penalty_prompt,1.2870457697642166,-0.8024687933425797
gemini35flash,raw,6.0,20260973,isotonic_direct,always_abstain,0.003236245954692557,0.003236245954692557
gemini35flash,raw,6.0,20260973,beta,original,0.059639389736477116,-0.16042533518261676
gemini35flash,raw,6.0,20260973,beta,penalty_prompt,1.2870457697642166,-0.8024687933425797
gemini35flash,raw,6.0,20260973,beta,always_abstain,0.003236245954692557,0.003236245954692557
gemini35flash,raw,6.0,20260974,isotonic_direct,original,0.05732778548312529,-0.1821544151641239
gemini35flash,raw,6.0,20260974,isotonic_direct,penalty_prompt,1.3652797041146554,-0.8116134997688396
gemini35flash,raw,6.0,20260974,isotonic_direct,always_abstain,0.005085529357374018,0.005085529357374018
gemini35flash,raw,6.0,20260974,beta,original,0.05732778548312529,-0.1821544151641239
gemini35flash,raw,6.0,20260974,beta,penalty_prompt,1.3652797041146554,-0.8116134997688396
gemini35flash,raw,6.0,20260974,beta,always_abstain,0.005085529357374018,0.005085529357374018
gemini35flash,raw,6.0,20260975,isotonic_direct,original,0.026814609338881183,-0.17059639389736478
gemini35flash,raw,6.0,20260975,isotonic_direct,penalty_prompt,1.3085529357374017,-0.8019972260748959
gemini35flash,raw,6.0,20260975,isotonic_direct,always_abstain,0.004160887656033287,0.004160887656033287
gemini35flash,raw,6.0,20260975,beta,original,0.022653721682847898,-0.17475728155339806
gemini35flash,raw,6.0,20260975,beta,penalty_prompt,1.3043920480813684,-0.8061581137309292
gemini35flash,raw,6.0,20260975,beta,always_abstain,0.0,0.0
gemini35flash,raw,6.0,20260976,isotonic_direct,original,0.050392972723069814,-0.17938049006010173
gemini35flash,raw,6.0,20260976,isotonic_direct,penalty_prompt,1.3742024965325936,-0.8163476652797041
gemini35flash,raw,6.0,20260976,isotonic_direct,always_abstain,0.004623208506703652,0.004623208506703652
gemini35flash,raw,6.0,20260976,beta,original,0.050392972723069814,-0.17938049006010173
gemini35flash,raw,6.0,20260976,beta,penalty_prompt,1.3742024965325936,-0.8163476652797041
gemini35flash,raw,6.0,20260976,beta,always_abstain,0.004623208506703652,0.004623208506703652
gemini35flash,raw,6.0,20260977,isotonic_direct,original,0.0651872399445215,-0.16458622283865001
gemini35flash,raw,6.0,20260977,isotonic_direct,penalty_prompt,1.3622838650023115,-0.7982339343504392
gemini35flash,raw,6.0,20260977,isotonic_direct,always_abstain,0.0009246417013407304,0.004160887656033287
gemini35flash,raw,6.0,20260977,beta,original,0.0651872399445215,-0.16458622283865001
gemini35flash,raw,6.0,20260977,beta,penalty_prompt,1.3622838650023115,-0.7982339343504392
gemini35flash,raw,6.0,20260977,beta,always_abstain,0.0009246417013407304,0.004160887656033287
gemini35flash,raw,6.0,20260978,isotonic_direct,original,0.018955154877484975,-0.16874711049468333
gemini35flash,raw,6.0,20260978,isotonic_direct,penalty_prompt,1.2768192325473882,-0.811983356449376
gemini35flash,raw,6.0,20260978,isotonic_direct,always_abstain,0.003236245954692557,0.003236245954692557
gemini35flash,raw,6.0,20260978,beta,original,0.01571890892279242,-0.17198335644937587
gemini35flash,raw,6.0,20260978,beta,penalty_prompt,1.2735829865926955,-0.8152196024040685
gemini35flash,raw,6.0,20260978,beta,always_abstain,0.0,0.0
gemini35flash,raw,6.0,20260979,isotonic_direct,original,0.05270457697642164,-0.16736014794267223
gemini35flash,raw,6.0,20260979,isotonic_direct,penalty_prompt,1.312935737401757,-0.8025982431807674
gemini35flash,raw,6.0,20260979,isotonic_direct,always_abstain,0.003236245954692557,0.003236245954692557
gemini35flash,raw,6.0,20260979,beta,original,0.05270457697642164,-0.16736014794267223
gemini35flash,raw,6.0,20260979,beta,penalty_prompt,1.312935737401757,-0.8025982431807674
gemini35flash,raw,6.0,20260979,beta,always_abstain,0.003236245954692557,0.003236245954692557
gemini35flash,raw,6.0,20260980,isotonic_direct,original,0.07535829865926953,-0.17059639389736478
gemini35flash,raw,6.0,20260980,isotonic_direct,penalty_prompt,1.3876930189551548,-0.8130189551548774
gemini35flash,raw,6.0,20260980,isotonic_direct,always_abstain,0.0027739251040221915,0.0027739251040221915
gemini35flash,raw,6.0,20260980,beta,original,0.07535829865926953,-0.17059639389736478
gemini35flash,raw,6.0,20260980,beta,penalty_prompt,1.3876930189551548,-0.8130189551548774
gemini35flash,raw,6.0,20260980,beta,always_abstain,0.0027739251040221915,0.0027739251040221915
gemini35flash,raw,6.0,20260981,isotonic_direct,original,0.03236245954692557,-0.16828478964401294
gemini35flash,raw,6.0,20260981,isotonic_direct,penalty_prompt,1.3689320388349515,-0.7981229773462785
gemini35flash,raw,6.0,20260981,isotonic_direct,always_abstain,0.004623208506703652,0.004623208506703652
gemini35flash,raw,6.0,20260981,beta,original,0.03236245954692557,-0.16828478964401294
gemini35flash,raw,6.0,20260981,beta,penalty_prompt,1.3689320388349515,-0.7981229773462785
gemini35flash,raw,6.0,20260981,beta,always_abstain,0.004623208506703652,0.004623208506703652
gemini35flash,raw,6.0,20260982,isotonic_direct,original,0.008321775312066574,-0.17614424410540916
gemini35flash,raw,6.0,20260982,isotonic_direct,penalty_prompt,1.3069255663430421,-0.8066019417475728
gemini35flash,raw,6.0,20260982,isotonic_direct,always_abstain,0.003236245954692557,0.003236245954692557
gemini35flash,raw,6.0,20260982,beta,original,0.005085529357374018,-0.1793804900601017
gemini35flash,raw,6.0,20260982,beta,penalty_prompt,1.3036893203883495,-0.8098381877022653
gemini35flash,raw,6.0,20260982,beta,always_abstain,0.0,0.0
gemini35flash,raw,6.0,20260983,isotonic_direct,original,0.08414239482200647,-0.16828478964401294
gemini35flash,raw,6.0,20260983,isotonic_direct,penalty_prompt,1.3175774387424872,-0.8064355062413315
gemini35flash,raw,6.0,20260983,isotonic_direct,always_abstain,0.005085529357374018,0.005085529357374018
gemini35flash,raw,6.0,20260983,beta,original,0.08414239482200647,-0.16828478964401294
gemini35flash,raw,6.0,20260983,beta,penalty_prompt,1.3175774387424872,-0.8064355062413315
gemini35flash,raw,6.0,20260983,beta,always_abstain,0.005085529357374018,0.005085529357374018
gemini35flash,raw,6.0,20260984,isotonic_direct,original,0.04623208506703652,-0.17383263985205735
gemini35flash,raw,6.0,20260984,isotonic_direct,penalty_prompt,1.4362644475265833,-0.800952380952381
gemini35flash,raw,6.0,20260984,isotonic_direct,always_abstain,0.0013869625520110957,0.004623208506703652
gemini35flash,raw,6.0,20260984,beta,original,0.04623208506703652,-0.17383263985205735
gemini35flash,raw,6.0,20260984,beta,penalty_prompt,1.4362644475265833,-0.800952380952381
gemini35flash,raw,6.0,20260984,beta,always_abstain,0.0013869625520110957,0.004623208506703652
gemini35flash,raw,6.0,20260985,isotonic_direct,original,0.047619047619047616,-0.1659731853906611
gemini35flash,raw,6.0,20260985,isotonic_direct,penalty_prompt,1.3599722607489597,-0.7973740175681924
gemini35flash,raw,6.0,20260985,isotonic_direct,always_abstain,0.0036985668053629217,0.0036985668053629217
gemini35flash,raw,6.0,20260985,beta,original,0.047619047619047616,-0.1659731853906611
gemini35flash,raw,6.0,20260985,beta,penalty_prompt,1.3599722607489597,-0.7973740175681924
gemini35flash,raw,6.0,20260985,beta,always_abstain,0.0036985668053629217,0.0036985668053629217
gemini35flash,raw,6.0,20260986,isotonic_direct,original,0.04669440591770689,-0.1636615811373093
gemini35flash,raw,6.0,20260986,isotonic_direct,penalty_prompt,1.4372168284789644,-0.8113915857605178
gemini35flash,raw,6.0,20260986,isotonic_direct,always_abstain,0.0013869625520110957,0.004623208506703652
gemini35flash,raw,6.0,20260986,beta,original,0.04669440591770689,-0.1636615811373093
gemini35flash,raw,6.0,20260986,beta,penalty_prompt,1.4372168284789644,-0.8113915857605178
gemini35flash,raw,6.0,20260986,beta,always_abstain,0.0013869625520110957,0.004623208506703652
gemini35flash,raw,6.0,20260987,isotonic_direct,original,0.04946833102172908,-0.1770688858067499
gemini35flash,raw,6.0,20260987,isotonic_direct,penalty_prompt,1.3632547387887195,-0.8045122515025427
gemini35flash,raw,6.0,20260987,isotonic_direct,always_abstain,-0.0004623208506703652,0.0027739251040221915
gemini35flash,raw,6.0,20260987,beta,original,0.04946833102172908,-0.1770688858067499
gemini35flash,raw,6.0,20260987,beta,penalty_prompt,1.3632547387887195,-0.8045122515025427
gemini35flash,raw,6.0,20260987,beta,always_abstain,-0.0004623208506703652,0.0027739251040221915
gemini35flash,raw,6.0,20260988,isotonic_direct,original,0.05594082293111419,-0.17059639389736475
gemini35flash,raw,6.0,20260988,isotonic_direct,penalty_prompt,1.3180952380952382,-0.8028756356911696
gemini35flash,raw,6.0,20260988,isotonic_direct,always_abstain,0.0018492834026814608,0.005085529357374018
gemini35flash,raw,6.0,20260988,beta,original,0.05594082293111419,-0.17059639389736475
gemini35flash,raw,6.0,20260988,beta,penalty_prompt,1.3180952380952382,-0.8028756356911696
gemini35flash,raw,6.0,20260988,beta,always_abstain,0.0018492834026814608,0.005085529357374018
gemini35flash,raw,6.0,20260989,isotonic_direct,original,0.05039297272306981,-0.17938049006010173
gemini35flash,raw,6.0,20260989,isotonic_direct,penalty_prompt,1.2898659269533057,-0.8083217753120666
gemini35flash,raw,6.0,20260989,isotonic_direct,always_abstain,0.0027739251040221915,0.006010171058714748
gemini35flash,raw,6.0,20260989,beta,original,0.05039297272306981,-0.17938049006010173
gemini35flash,raw,6.0,20260989,beta,penalty_prompt,1.2898659269533057,-0.8083217753120666
gemini35flash,raw,6.0,20260989,beta,always_abstain,0.0027739251040221915,0.006010171058714748
gemini35flash,raw,6.0,20260990,isotonic_direct,original,0.036061026352288486,-0.1742949607027277
gemini35flash,raw,6.0,20260990,isotonic_direct,penalty_prompt,1.2868978270920017,-0.8025520110957005
gemini35flash,raw,6.0,20260990,isotonic_direct,always_abstain,0.0027739251040221915,0.006010171058714748
gemini35flash,raw,6.0,20260990,beta,original,0.033287101248266296,-0.18030513176144244
gemini35flash,raw,6.0,20260990,beta,penalty_prompt,1.2841239019879795,-0.8085621821544152
gemini35flash,raw,6.0,20260990,beta,always_abstain,0.0,0.0
gemini35flash,raw,6.0,20260991,isotonic_direct,original,0.038372630605640314,-0.17198335644937587
gemini35flash,raw,6.0,20260991,isotonic_direct,penalty_prompt,1.291419325011558,-0.8062505779010634
gemini35flash,raw,6.0,20260991,isotonic_direct,always_abstain,0.004160887656033287,0.004160887656033287
gemini35flash,raw,6.0,20260991,beta,original,0.038372630605640314,-0.17198335644937587
gemini35flash,raw,6.0,20260991,beta,penalty_prompt,1.291419325011558,-0.8062505779010634
gemini35flash,raw,6.0,20260991,beta,always_abstain,0.004160887656033287,0.004160887656033287
gemini35flash,raw,6.0,20260992,isotonic_direct,original,0.06842348589921404,-0.18400369856680537
gemini35flash,raw,6.0,20260992,isotonic_direct,penalty_prompt,1.271807674526121,-0.8052149791955617
gemini35flash,raw,6.0,20260992,isotonic_direct,always_abstain,0.0009246417013407304,0.004160887656033287
gemini35flash,raw,6.0,20260992,beta,original,0.06842348589921404,-0.18400369856680537
gemini35flash,raw,6.0,20260992,beta,penalty_prompt,1.271807674526121,-0.8052149791955617
gemini35flash,raw,6.0,20260992,beta,always_abstain,0.0009246417013407304,0.004160887656033287
gemini35flash,raw,6.0,20260993,isotonic_direct,original,0.05224225612575127,-0.1678224687933426
gemini35flash,raw,6.0,20260993,isotonic_direct,penalty_prompt,1.267424872861766,-0.8065557096625059
gemini35flash,raw,6.0,20260993,isotonic_direct,always_abstain,0.0009246417013407304,0.004160887656033287
gemini35flash,raw,6.0,20260993,beta,original,0.05224225612575127,-0.1678224687933426
gemini35flash,raw,6.0,20260993,beta,penalty_prompt,1.267424872861766,-0.8065557096625059
gemini35flash,raw,6.0,20260993,beta,always_abstain,0.0009246417013407304,0.004160887656033287
gemini35flash,raw,6.0,20260994,isotonic_direct,original,0.06287563569116968,-0.17660656495607951
gemini35flash,raw,6.0,20260994,isotonic_direct,penalty_prompt,1.3504484512251504,-0.8125288950531669
gemini35flash,raw,6.0,20260994,isotonic_direct,always_abstain,0.004160887656033287,0.004160887656033287
gemini35flash,raw,6.0,20260994,beta,original,0.06287563569116968,-0.17660656495607951
gemini35flash,raw,6.0,20260994,beta,penalty_prompt,1.3504484512251504,-0.8125288950531669
gemini35flash,raw,6.0,20260994,beta,always_abstain,0.004160887656033287,0.004160887656033287
gemini35flash,raw,6.0,20260995,isotonic_direct,original,0.056865464632454926,-0.15996301433194637
gemini35flash,raw,6.0,20260995,isotonic_direct,penalty_prompt,1.3525196486361535,-0.7989366620434581
gemini35flash,raw,6.0,20260995,isotonic_direct,always_abstain,0.0009246417013407304,0.004160887656033287
gemini35flash,raw,6.0,20260995,beta,original,0.056865464632454926,-0.15996301433194637
gemini35flash,raw,6.0,20260995,beta,penalty_prompt,1.3525196486361535,-0.7989366620434581
gemini35flash,raw,6.0,20260995,beta,always_abstain,0.0009246417013407304,0.004160887656033287
gemini35flash,raw,6.0,20260996,isotonic_direct,original,0.054091539528432736,-0.16920943134535366
gemini35flash,raw,6.0,20260996,isotonic_direct,penalty_prompt,1.3569671752196022,-0.8093111419325011
gemini35flash,raw,6.0,20260996,isotonic_direct,always_abstain,0.002311604253351826,0.002311604253351826
gemini35flash,raw,6.0,20260996,beta,original,0.054091539528432736,-0.16920943134535366
gemini35flash,raw,6.0,20260996,beta,penalty_prompt,1.3569671752196022,-0.8093111419325011
gemini35flash,raw,6.0,20260996,beta,always_abstain,0.002311604253351826,0.002311604253351826
gemini35flash,raw,6.0,20260997,isotonic_direct,original,0.025427646786870088,-0.026352288488210807
gemini35flash,raw,6.0,20260997,isotonic_direct,penalty_prompt,1.3554045307443365,-0.6681553398058252
gemini35flash,raw,6.0,20260997,isotonic_direct,always_abstain,-0.05409153952843273,0.14331946370781323
gemini35flash,raw,6.0,20260997,beta,original,0.0836800739713361,-0.16551086453999075
gemini35flash,raw,6.0,20260997,beta,penalty_prompt,1.4136569579288025,-0.8073139158576051
gemini35flash,raw,6.0,20260997,beta,always_abstain,0.004160887656033287,0.004160887656033287
gemini35flash,raw,6.0,20260998,isotonic_direct,original,0.07397133610725844,-0.178455848358761
gemini35flash,raw,6.0,20260998,isotonic_direct,penalty_prompt,1.348534442903375,-0.8033749422098937
gemini35flash,raw,6.0,20260998,isotonic_direct,always_abstain,0.004160887656033287,0.004160887656033287
gemini35flash,raw,6.0,20260998,beta,original,0.07397133610725844,-0.178455848358761
gemini35flash,raw,6.0,20260998,beta,penalty_prompt,1.348534442903375,-0.8033749422098937
gemini35flash,raw,6.0,20260998,beta,always_abstain,0.004160887656033287,0.004160887656033287
gemini35flash,raw,6.0,20260999,isotonic_direct,original,0.0425335182616736,-0.17429496070272768
gemini35flash,raw,6.0,20260999,isotonic_direct,penalty_prompt,1.3657050392972723,-0.8099583911234397
gemini35flash,raw,6.0,20260999,isotonic_direct,always_abstain,0.0018492834026814608,0.005085529357374018
gemini35flash,raw,6.0,20260999,beta,original,0.0425335182616736,-0.17429496070272768
gemini35flash,raw,6.0,20260999,beta,penalty_prompt,1.3657050392972723,-0.8099583911234397
gemini35flash,raw,6.0,20260999,beta,always_abstain,0.0018492834026814608,0.005085529357374018
gemini35flash,raw,6.0,20261000,isotonic_direct,original,0.06287563569116968,-0.16689782709200185
gemini35flash,raw,6.0,20261000,isotonic_direct,penalty_prompt,1.3209338881183543,-0.8039204808136847
gemini35flash,raw,6.0,20261000,isotonic_direct,always_abstain,0.0018492834026814608,0.005085529357374018
gemini35flash,raw,6.0,20261000,beta,original,0.06287563569116968,-0.16689782709200185
gemini35flash,raw,6.0,20261000,beta,penalty_prompt,1.3209338881183543,-0.8039204808136847
gemini35flash,raw,6.0,20261000,beta,always_abstain,0.0018492834026814608,0.005085529357374018
gemini35flash,raw,6.0,20261001,isotonic_direct,original,0.055478502080443824,-0.17429496070272768
gemini35flash,raw,6.0,20261001,isotonic_direct,penalty_prompt,1.322200647249191,-0.8110679611650484
gemini35flash,raw,6.0,20261001,isotonic_direct,always_abstain,0.0018492834026814608,0.005085529357374018
gemini35flash,raw,6.0,20261001,beta,original,0.055478502080443824,-0.17429496070272768
gemini35flash,raw,6.0,20261001,beta,penalty_prompt,1.322200647249191,-0.8110679611650484
gemini35flash,raw,6.0,20261001,beta,always_abstain,0.0018492834026814608,0.005085529357374018
gemini35flash,raw,6.0,20261002,isotonic_direct,original,0.0439204808136847,-0.1664355062413315
gemini35flash,raw,6.0,20261002,isotonic_direct,penalty_prompt,1.2778548312528897,-0.8030513176144245
gemini35flash,raw,6.0,20261002,isotonic_direct,always_abstain,0.003236245954692557,0.003236245954692557
gemini35flash,raw,6.0,20261002,beta,original,0.0439204808136847,-0.1664355062413315
gemini35flash,raw,6.0,20261002,beta,penalty_prompt,1.2778548312528897,-0.8030513176144245
gemini35flash,raw,6.0,20261002,beta,always_abstain,0.003236245954692557,0.003236245954692557
gemini35flash,raw,6.0,20261003,isotonic_direct,original,0.016643550624133148,-0.17105871474803513
gemini35flash,raw,6.0,20261003,isotonic_direct,penalty_prompt,1.3766990291262136,-0.808673139158576
gemini35flash,raw,6.0,20261003,isotonic_direct,always_abstain,-0.0004623208506703652,0.0027739251040221915
gemini35flash,raw,6.0,20261003,beta,original,0.017105871474803514,-0.17383263985205732
gemini35flash,raw,6.0,20261003,beta,penalty_prompt,1.377161349976884,-0.8114470642625982
gemini35flash,raw,6.0,20261003,beta,always_abstain,0.0,0.0
gemini35flash,raw,6.0,20261004,isotonic_direct,original,0.03236245954692557,-0.17152103559870552
gemini35flash,raw,6.0,20261004,isotonic_direct,penalty_prompt,1.2476837725381413,-0.8022838650023116
gemini35flash,raw,6.0,20261004,isotonic_direct,always_abstain,0.004623208506703652,0.004623208506703652
gemini35flash,raw,6.0,20261004,beta,original,0.027739251040221916,-0.17614424410540916
gemini35flash,raw,6.0,20261004,beta,penalty_prompt,1.2430605640314376,-0.8069070735090152
gemini35flash,raw,6.0,20261004,beta,always_abstain,0.0,0.0
gemini35flash,raw,6.0,20261005,isotonic_direct,original,0.055940822931114194,-0.17383263985205732
gemini35flash,raw,6.0,20261005,isotonic_direct,penalty_prompt,1.3310679611650484,-0.7992233009708738
gemini35flash,raw,6.0,20261005,isotonic_direct,always_abstain,0.0036985668053629217,0.0036985668053629217
gemini35flash,raw,6.0,20261005,beta,original,0.055940822931114194,-0.17383263985205732
gemini35flash,raw,6.0,20261005,beta,penalty_prompt,1.3310679611650484,-0.7992233009708738
gemini35flash,raw,6.0,20261005,beta,always_abstain,0.0036985668053629217,0.0036985668053629217
gemini35flash,raw,6.0,20261006,isotonic_direct,original,0.051317614424410546,-0.17521960240406842
gemini35flash,raw,6.0,20261006,isotonic_direct,penalty_prompt,1.351465557096625,-0.8054276467868702
gemini35flash,raw,6.0,20261006,isotonic_direct,always_abstain,0.0009246417013407304,0.004160887656033287
gemini35flash,raw,6.0,20261006,beta,original,0.051317614424410546,-0.17521960240406842
gemini35flash,raw,6.0,20261006,beta,penalty_prompt,1.351465557096625,-0.8054276467868702
gemini35flash,raw,6.0,20261006,beta,always_abstain,0.0009246417013407304,0.004160887656033287
gemini35flash,raw,6.0,20261007,isotonic_direct,original,0.021729079981507166,-0.1756819232547388
gemini35flash,raw,6.0,20261007,isotonic_direct,penalty_prompt,1.3745076282940363,-0.8116412390198798
gemini35flash,raw,6.0,20261007,isotonic_direct,always_abstain,0.003236245954692557,0.003236245954692557
gemini35flash,raw,6.0,20261007,beta,original,0.01849283402681461,-0.17891816920943135
gemini35flash,raw,6.0,20261007,beta,penalty_prompt,1.3712713823393436,-0.8148774849745724
gemini35flash,raw,6.0,20261007,beta,always_abstain,0.0,0.0
gemini35flash,raw,6.0,20261008,isotonic_direct,original,0.035136384650947754,-0.02311604253351826
gemini35flash,raw,6.0,20261008,isotonic_direct,penalty_prompt,1.3120018492834027,-0.6624318076745261
gemini35flash,raw,6.0,20261008,isotonic_direct,always_abstain,-0.055940822931114194,0.15117891816920942
gemini35flash,raw,6.0,20261008,beta,original,0.09200184928340267,-0.1701340730466944
gemini35flash,raw,6.0,20261008,beta,penalty_prompt,1.3688673139158576,-0.8094498381877023
gemini35flash,raw,6.0,20261008,beta,always_abstain,0.0009246417013407304,0.004160887656033287
gemini35flash,raw,6.0,20261009,isotonic_direct,original,0.04299583911234396,-0.1770688858067499
gemini35flash,raw,6.0,20261009,isotonic_direct,penalty_prompt,1.3464632454923717,-0.8081645862228386
gemini35flash,raw,6.0,20261009,isotonic_direct,always_abstain,0.004160887656033287,0.004160887656033287
gemini35flash,raw,6.0,20261009,beta,original,0.04299583911234396,-0.1770688858067499
gemini35flash,raw,6.0,20261009,beta,penalty_prompt,1.3464632454923717,-0.8081645862228386
gemini35flash,raw,6.0,20261009,beta,always_abstain,0.004160887656033287,0.004160887656033287
gemini35flash,raw,6.0,20261010,isotonic_direct,original,0.07813222376329172,-0.17105871474803513
gemini35flash,raw,6.0,20261010,isotonic_direct,penalty_prompt,1.3992417938049007,-0.8093018955154878
gemini35flash,raw,6.0,20261010,isotonic_direct,always_abstain,0.0013869625520110957,0.004623208506703652
gemini35flash,raw,6.0,20261010,beta,original,0.07813222376329172,-0.17105871474803513
gemini35flash,raw,6.0,20261010,beta,penalty_prompt,1.3992417938049007,-0.8093018955154878
gemini35flash,raw,6.0,20261010,beta,always_abstain,0.0013869625520110957,0.004623208506703652
gemini35flash,raw,6.0,20261011,isotonic_direct,original,0.09801202034211742,-0.17383263985205732
gemini35flash,raw,6.0,20261011,isotonic_direct,penalty_prompt,1.346204345815996,-0.8011742949607028
gemini35flash,raw,6.0,20261011,isotonic_direct,always_abstain,0.0009246417013407304,0.004160887656033287
gemini35flash,raw,6.0,20261011,beta,original,0.09801202034211742,-0.17383263985205732
gemini35flash,raw,6.0,20261011,beta,penalty_prompt,1.346204345815996,-0.8011742949607028
gemini35flash,raw,6.0,20261011,beta,always_abstain,0.0009246417013407304,0.004160887656033287
gemini35flash,raw,6.0,20261012,isotonic_direct,original,0.06749884419787333,-0.17845584835876097
gemini35flash,raw,6.0,20261012,isotonic_direct,penalty_prompt,1.4182246879334257,-0.8004808136846971
gemini35flash,raw,6.0,20261012,isotonic_direct,always_abstain,0.0018492834026814608,0.005085529357374018
gemini35flash,raw,6.0,20261012,beta,original,0.06749884419787333,-0.17845584835876097
gemini35flash,raw,6.0,20261012,beta,penalty_prompt,1.4182246879334257,-0.8004808136846971
gemini35flash,raw,6.0,20261012,beta,always_abstain,0.0018492834026814608,0.005085529357374018
sonnet46,processed,0.0,20260913,isotonic_direct,original,0.0,0.0
sonnet46,processed,0.0,20260913,isotonic_direct,penalty_prompt,0.032695330559408264,-0.0007582061950993646
sonnet46,processed,0.0,20260913,isotonic_direct,always_abstain,0.32038834951456313,0.9972260748959778
sonnet46,processed,0.0,20260913,beta,original,0.0,0.0
sonnet46,processed,0.0,20260913,beta,penalty_prompt,0.032695330559408264,-0.0007582061950993646
sonnet46,processed,0.0,20260913,beta,always_abstain,0.32038834951456313,0.9972260748959778
sonnet46,processed,0.0,20260914,isotonic_direct,original,0.0,0.0
sonnet46,processed,0.0,20260914,isotonic_direct,penalty_prompt,0.03328710124826634,-0.0007674526121127512
sonnet46,processed,0.0,20260914,isotonic_direct,always_abstain,0.31900138696255204,0.9976883957466481
sonnet46,processed,0.0,20260914,beta,original,0.0,0.0
sonnet46,processed,0.0,20260914,beta,penalty_prompt,0.03328710124826634,-0.0007674526121127512
sonnet46,processed,0.0,20260914,beta,always_abstain,0.31900138696255204,0.9976883957466481
sonnet46,processed,0.0,20260915,isotonic_direct,original,0.0,0.0
sonnet46,processed,0.0,20260915,isotonic_direct,penalty_prompt,0.04317152103559868,-0.001368469717984322
sonnet46,processed,0.0,20260915,isotonic_direct,always_abstain,0.3259361997226075,0.996301433194637
sonnet46,processed,0.0,20260915,beta,original,0.0,0.0
sonnet46,processed,0.0,20260915,beta,penalty_prompt,0.04317152103559868,-0.001368469717984322
sonnet46,processed,0.0,20260915,beta,always_abstain,0.3259361997226075,0.996301433194637
sonnet46,processed,0.0,20260916,isotonic_direct,original,0.0,0.0
sonnet46,processed,0.0,20260916,isotonic_direct,penalty_prompt,0.03300970873786413,-0.00016643550624140246
sonnet46,processed,0.0,20260916,isotonic_direct,always_abstain,0.32778548312528893,0.9976883957466481
sonnet46,processed,0.0,20260916,beta,original,0.0,0.0
sonnet46,processed,0.0,20260916,beta,penalty_prompt,0.03300970873786413,-0.00016643550624140246
sonnet46,processed,0.0,20260916,beta,always_abstain,0.32778548312528893,0.9976883957466481
sonnet46,processed,0.0,20260917,isotonic_direct,original,0.0,0.0
sonnet46,processed,0.0,20260917,isotonic_direct,penalty_prompt,0.02980120203421177,0.0001386962552011317
sonnet46,processed,0.0,20260917,isotonic_direct,always_abstain,0.31299121590383727,0.9976883957466481
sonnet46,processed,0.0,20260917,beta,original,0.0,0.0
sonnet46,processed,0.0,20260917,beta,penalty_prompt,0.02980120203421177,0.0001386962552011317
sonnet46,processed,0.0,20260917,beta,always_abstain,0.31299121590383727,0.9976883957466481
sonnet46,processed,0.0,20260918,isotonic_direct,original,0.0,0.0
sonnet46,processed,0.0,20260918,isotonic_direct,penalty_prompt,0.03137309292649093,0.001035598705501517
sonnet46,processed,0.0,20260918,isotonic_direct,always_abstain,0.31576514100785946,0.9981507165973186
sonnet46,processed,0.0,20260918,beta,original,0.0,0.0
sonnet46,processed,0.0,20260918,beta,penalty_prompt,0.03137309292649093,0.001035598705501517
sonnet46,processed,0.0,20260918,beta,always_abstain,0.31576514100785946,0.9981507165973186
sonnet46,processed,0.0,20260919,isotonic_direct,original,0.0,0.0
sonnet46,processed,0.0,20260919,isotonic_direct,penalty_prompt,0.028552935737401808,-0.0011927877947295329
sonnet46,processed,0.0,20260919,isotonic_direct,always_abstain,0.31437817845584837,0.996301433194637
sonnet46,processed,0.0,20260919,beta,original,0.0,0.0
sonnet46,processed,0.0,20260919,beta,penalty_prompt,0.028552935737401808,-0.0011927877947295329
sonnet46,processed,0.0,20260919,beta,always_abstain,0.31437817845584837,0.996301433194637
sonnet46,processed,0.0,20260920,isotonic_direct,original,0.0,0.0
sonnet46,processed,0.0,20260920,isotonic_direct,penalty_prompt,0.034563106796116516,-0.0008414239482201769
sonnet46,processed,0.0,20260920,isotonic_direct,always_abstain,0.31437817845584837,0.9972260748959778
sonnet46,processed,0.0,20260920,beta,original,0.0,0.0
sonnet46,processed,0.0,20260920,beta,penalty_prompt,0.034563106796116516,-0.0008414239482201769
sonnet46,processed,0.0,20260920,beta,always_abstain,0.31437817845584837,0.9972260748959778
sonnet46,processed,0.0,20260921,isotonic_direct,original,0.0,0.0
sonnet46,processed,0.0,20260921,isotonic_direct,penalty_prompt,0.037152103559870586,0.0007304669440590938
sonnet46,processed,0.0,20260921,isotonic_direct,always_abstain,0.3333333333333333,0.9976883957466481
sonnet46,processed,0.0,20260921,beta,original,0.0,0.0
sonnet46,processed,0.0,20260921,beta,penalty_prompt,0.037152103559870586,0.0007304669440590938
sonnet46,processed,0.0,20260921,beta,always_abstain,0.3333333333333333,0.9976883957466481
sonnet46,processed,0.0,20260922,isotonic_direct,original,0.0,0.0
sonnet46,processed,0.0,20260922,isotonic_direct,penalty_prompt,0.02797041146555712,-0.0006657420249652768
sonnet46,processed,0.0,20260922,isotonic_direct,always_abstain,0.3245492371705964,0.9967637540453075
sonnet46,processed,0.0,20260922,beta,original,0.0,0.0
sonnet46,processed,0.0,20260922,beta,penalty_prompt,0.02797041146555712,-0.0006657420249652768
sonnet46,processed,0.0,20260922,beta,always_abstain,0.3245492371705964,0.9967637540453075
sonnet46,processed,0.0,20260923,isotonic_direct,original,0.0,0.0
sonnet46,processed,0.0,20260923,isotonic_direct,penalty_prompt,0.030328247803975972,0.000573277854831189
sonnet46,processed,0.0,20260923,isotonic_direct,always_abstain,0.31345353675450766,0.9981507165973186
sonnet46,processed,0.0,20260923,beta,original,0.0,0.0
sonnet46,processed,0.0,20260923,beta,penalty_prompt,0.030328247803975972,0.000573277854831189
sonnet46,processed,0.0,20260923,beta,always_abstain,0.31345353675450766,0.9981507165973186
sonnet46,processed,0.0,20260924,isotonic_direct,original,0.0,0.0
sonnet46,processed,0.0,20260924,isotonic_direct,penalty_prompt,0.03434119278779474,0.0002496532593619927
sonnet46,processed,0.0,20260924,isotonic_direct,always_abstain,0.3245492371705964,0.9981507165973186
sonnet46,processed,0.0,20260924,beta,original,0.0,0.0
sonnet46,processed,0.0,20260924,beta,penalty_prompt,0.03434119278779474,0.0002496532593619927
sonnet46,processed,0.0,20260924,beta,always_abstain,0.3245492371705964,0.9981507165973186
sonnet46,processed,0.0,20260925,isotonic_direct,original,0.0,0.0
sonnet46,processed,0.0,20260925,isotonic_direct,penalty_prompt,0.034711049468331034,-0.0004253351826167817
sonnet46,processed,0.0,20260925,isotonic_direct,always_abstain,0.32085067036523346,0.9972260748959778
sonnet46,processed,0.0,20260925,beta,original,0.0,0.0
sonnet46,processed,0.0,20260925,beta,penalty_prompt,0.034711049468331034,-0.0004253351826167817
sonnet46,processed,0.0,20260925,beta,always_abstain,0.32085067036523346,0.9972260748959778
sonnet46,processed,0.0,20260926,isotonic_direct,original,0.0,0.0
sonnet46,processed,0.0,20260926,isotonic_direct,penalty_prompt,0.04006472491909385,-0.0008414239482198438
sonnet46,processed,0.0,20260926,isotonic_direct,always_abstain,0.31761442441054094,0.9967637540453075
sonnet46,processed,0.0,20260926,beta,original,0.0,0.0
sonnet46,processed,0.0,20260926,beta,penalty_prompt,0.04006472491909385,-0.0008414239482198438
sonnet46,processed,0.0,20260926,beta,always_abstain,0.31761442441054094,0.9967637540453075
sonnet46,processed,0.0,20260927,isotonic_direct,original,0.0,0.0
sonnet46,processed,0.0,20260927,isotonic_direct,penalty_prompt,0.03369394359685618,-0.00013869625520124274
sonnet46,processed,0.0,20260927,isotonic_direct,always_abstain,0.3079056865464632,0.9972260748959778
sonnet46,processed,0.0,20260927,beta,original,0.0,0.0
sonnet46,processed,0.0,20260927,beta,penalty_prompt,0.03369394359685618,-0.00013869625520124274
sonnet46,processed,0.0,20260927,beta,always_abstain,0.3079056865464632,0.9972260748959778
sonnet46,processed,0.0,20260928,isotonic_direct,original,0.0,0.0
sonnet46,processed,0.0,20260928,isotonic_direct,penalty_prompt,0.03102172907998152,0.0006472491909383926
sonnet46,processed,0.0,20260928,isotonic_direct,always_abstain,0.31715210355987056,0.9986130374479889
sonnet46,processed,0.0,20260928,beta,original,0.0,0.0
sonnet46,processed,0.0,20260928,beta,penalty_prompt,0.03102172907998152,0.0006472491909383926
sonnet46,processed,0.0,20260928,beta,always_abstain,0.31715210355987056,0.9986130374479889
sonnet46,processed,0.0,20260929,isotonic_direct,original,0.0,0.0
sonnet46,processed,0.0,20260929,isotonic_direct,penalty_prompt,0.031863153028201585,-0.0005547850208043048
sonnet46,processed,0.0,20260929,isotonic_direct,always_abstain,0.3245492371705964,0.9967637540453075
sonnet46,processed,0.0,20260929,beta,original,0.0,0.0
sonnet46,processed,0.0,20260929,beta,penalty_prompt,0.031863153028201585,-0.0005547850208043048
sonnet46,processed,0.0,20260929,beta,always_abstain,0.3245492371705964,0.9967637540453075
sonnet46,processed,0.0,20260930,isotonic_direct,original,0.0,0.0
sonnet46,processed,0.0,20260930,isotonic_direct,penalty_prompt,0.03922330097087373,-0.001100323624595556
sonnet46,processed,0.0,20260930,isotonic_direct,always_abstain,0.3268608414239482,0.9972260748959778
sonnet46,processed,0.0,20260930,beta,original,0.0,0.0
sonnet46,processed,0.0,20260930,beta,penalty_prompt,0.03922330097087373,-0.001100323624595556
sonnet46,processed,0.0,20260930,beta,always_abstain,0.3268608414239482,0.9972260748959778
sonnet46,processed,0.0,20260931,isotonic_direct,original,0.0,0.0
sonnet46,processed,0.0,20260931,isotonic_direct,penalty_prompt,0.028368007397133577,0.00024040684234849508
sonnet46,processed,0.0,20260931,isotonic_direct,always_abstain,0.32362459546925565,0.9976883957466481
sonnet46,processed,0.0,20260931,beta,original,0.0,0.0
sonnet46,processed,0.0,20260931,beta,penalty_prompt,0.028368007397133577,0.00024040684234849508
sonnet46,processed,0.0,20260931,beta,always_abstain,0.32362459546925565,0.9976883957466481
sonnet46,processed,0.0,20260932,isotonic_direct,original,0.0,0.0
sonnet46,processed,0.0,20260932,isotonic_direct,penalty_prompt,0.03747572815533978,-5.5478502080652525e-05
sonnet46,processed,0.0,20260932,isotonic_direct,always_abstain,0.32269995376791494,0.9976883957466481
sonnet46,processed,0.0,20260932,beta,original,0.0,0.0
sonnet46,processed,0.0,20260932,beta,penalty_prompt,0.03747572815533978,-5.5478502080652525e-05
sonnet46,processed,0.0,20260932,beta,always_abstain,0.32269995376791494,0.9976883957466481
sonnet46,processed,0.0,20260933,isotonic_direct,original,0.0,0.0
sonnet46,processed,0.0,20260933,isotonic_direct,penalty_prompt,0.029865926953305644,-0.0006472491909385036
sonnet46,processed,0.0,20260933,isotonic_direct,always_abstain,0.31761442441054094,0.9972260748959778
sonnet46,processed,0.0,20260933,beta,original,0.0,0.0
sonnet46,processed,0.0,20260933,beta,penalty_prompt,0.029865926953305644,-0.0006472491909385036
sonnet46,processed,0.0,20260933,beta,always_abstain,0.31761442441054094,0.9972260748959778
sonnet46,processed,0.0,20260934,isotonic_direct,original,0.0,0.0
sonnet46,processed,0.0,20260934,isotonic_direct,penalty_prompt,0.024179380490060076,0.00016643550624118042
sonnet46,processed,0.0,20260934,isotonic_direct,always_abstain,0.3083680073971336,0.9972260748959778
sonnet46,processed,0.0,20260934,beta,original,0.0,0.0
sonnet46,processed,0.0,20260934,beta,penalty_prompt,0.024179380490060076,0.00016643550624118042
sonnet46,processed,0.0,20260934,beta,always_abstain,0.3083680073971336,0.9972260748959778
sonnet46,processed,0.0,20260935,isotonic_direct,original,0.0,0.0
sonnet46,processed,0.0,20260935,isotonic_direct,penalty_prompt,0.022219140083217737,-0.0007119741100323207
sonnet46,processed,0.0,20260935,isotonic_direct,always_abstain,0.32362459546925565,0.9967637540453075
sonnet46,processed,0.0,20260935,beta,original,0.0,0.0
sonnet46,processed,0.0,20260935,beta,penalty_prompt,0.022219140083217737,-0.0007119741100323207
sonnet46,processed,0.0,20260935,beta,always_abstain,0.32362459546925565,0.9967637540453075
sonnet46,processed,0.0,20260936,isotonic_direct,original,0.0,0.0
sonnet46,processed,0.0,20260936,isotonic_direct,penalty_prompt,0.037938049006010166,-0.0008136846971799061
sonnet46,processed,0.0,20260936,isotonic_direct,always_abstain,0.3231622746185853,0.9967637540453075
sonnet46,processed,0.0,20260936,beta,original,0.0,0.0
sonnet46,processed,0.0,20260936,beta,penalty_prompt,0.037938049006010166,-0.0008136846971799061
sonnet46,processed,0.0,20260936,beta,always_abstain,0.3231622746185853,0.9967637540453075
sonnet46,processed,0.0,20260937,isotonic_direct,original,0.0,0.0
sonnet46,processed,0.0,20260937,isotonic_direct,penalty_prompt,0.02730466944059179,0.0004900601017105988
sonnet46,processed,0.0,20260937,isotonic_direct,always_abstain,0.3125288950531669,0.9972260748959778
sonnet46,processed,0.0,20260937,beta,original,0.0,0.0
sonnet46,processed,0.0,20260937,beta,penalty_prompt,0.02730466944059179,0.0004900601017105988
sonnet46,processed,0.0,20260937,beta,always_abstain,0.3125288950531669,0.9972260748959778
sonnet46,processed,0.0,20260938,isotonic_direct,original,0.0,0.0
sonnet46,processed,0.0,20260938,isotonic_direct,penalty_prompt,0.02788719371243642,0.0012020342117429195
sonnet46,processed,0.0,20260938,isotonic_direct,always_abstain,0.3111419325011558,0.9976883957466481
sonnet46,processed,0.0,20260938,beta,original,0.0,0.0
sonnet46,processed,0.0,20260938,beta,penalty_prompt,0.02788719371243642,0.0012020342117429195
sonnet46,processed,0.0,20260938,beta,always_abstain,0.3111419325011558,0.9976883957466481
sonnet46,processed,0.0,20260939,isotonic_direct,original,0.0,0.0
sonnet46,processed,0.0,20260939,isotonic_direct,penalty_prompt,0.032732316227461866,0.0003883495145631244
sonnet46,processed,0.0,20260939,isotonic_direct,always_abstain,0.3217753120665742,0.9972260748959778
sonnet46,processed,0.0,20260939,beta,original,0.0,0.0
sonnet46,processed,0.0,20260939,beta,penalty_prompt,0.032732316227461866,0.0003883495145631244
sonnet46,processed,0.0,20260939,beta,always_abstain,0.3217753120665742,0.9972260748959778
sonnet46,processed,0.0,20260940,isotonic_direct,original,0.0,0.0
sonnet46,processed,0.0,20260940,isotonic_direct,penalty_prompt,0.03865926953305593,-0.0002034211742950598
sonnet46,processed,0.0,20260940,isotonic_direct,always_abstain,0.3351826167360148,0.9976883957466481
sonnet46,processed,0.0,20260940,beta,original,0.0,0.0
sonnet46,processed,0.0,20260940,beta,penalty_prompt,0.03865926953305593,-0.0002034211742950598
sonnet46,processed,0.0,20260940,beta,always_abstain,0.3351826167360148,0.9976883957466481
sonnet46,processed,0.0,20260941,isotonic_direct,original,0.0,0.0
sonnet46,processed,0.0,20260941,isotonic_direct,penalty_prompt,0.029560795191863165,-0.0011927877947294219
sonnet46,processed,0.0,20260941,isotonic_direct,always_abstain,0.32917244567730003,0.9967637540453075
sonnet46,processed,0.0,20260941,beta,original,0.0,0.0
sonnet46,processed,0.0,20260941,beta,penalty_prompt,0.029560795191863165,-0.0011927877947294219
sonnet46,processed,0.0,20260941,beta,always_abstain,0.32917244567730003,0.9967637540453075
sonnet46,processed,0.0,20260942,isotonic_direct,original,0.0,0.0
sonnet46,processed,0.0,20260942,isotonic_direct,penalty_prompt,0.026620434581599628,-0.002135922330097073
sonnet46,processed,0.0,20260942,isotonic_direct,always_abstain,0.31761442441054094,0.9958391123439667
sonnet46,processed,0.0,20260942,beta,original,0.0,0.0
sonnet46,processed,0.0,20260942,beta,penalty_prompt,0.026620434581599628,-0.002135922330097073
sonnet46,processed,0.0,20260942,beta,always_abstain,0.31761442441054094,0.9958391123439667
sonnet46,processed,0.0,20260943,isotonic_direct,original,0.0,0.0
sonnet46,processed,0.0,20260943,isotonic_direct,penalty_prompt,0.027110494683310227,0.0008321775312066793
sonnet46,processed,0.0,20260943,isotonic_direct,always_abstain,0.3166897827092002,0.9976883957466481
sonnet46,processed,0.0,20260943,beta,original,0.0,0.0
sonnet46,processed,0.0,20260943,beta,penalty_prompt,0.027110494683310227,0.0008321775312066793
sonnet46,processed,0.0,20260943,beta,always_abstain,0.3166897827092002,0.9976883957466481
sonnet46,processed,0.0,20260944,isotonic_direct,original,0.0,0.0
sonnet46,processed,0.0,20260944,isotonic_direct,penalty_prompt,0.03880721220527039,0.00015718908922779384
sonnet46,processed,0.0,20260944,isotonic_direct,always_abstain,0.32778548312528893,0.9976883957466481
sonnet46,processed,0.0,20260944,beta,original,0.0,0.0
sonnet46,processed,0.0,20260944,beta,penalty_prompt,0.03880721220527039,0.00015718908922779384
sonnet46,processed,0.0,20260944,beta,always_abstain,0.32778548312528893,0.9976883957466481
sonnet46,processed,0.0,20260945,isotonic_direct,original,0.0,0.0
sonnet46,processed,0.0,20260945,isotonic_direct,penalty_prompt,0.029791955617198385,-0.001211280628756528
sonnet46,processed,0.0,20260945,isotonic_direct,always_abstain,0.3259361997226075,0.9967637540453075
sonnet46,processed,0.0,20260945,beta,original,0.0,0.0
sonnet46,processed,0.0,20260945,beta,penalty_prompt,0.029791955617198385,-0.001211280628756528
sonnet46,processed,0.0,20260945,beta,always_abstain,0.3259361997226075,0.9967637540453075
sonnet46,processed,0.0,20260946,isotonic_direct,original,0.0,0.0
sonnet46,processed,0.0,20260946,isotonic_direct,penalty_prompt,0.02830328247803976,-0.0008044382801662975
sonnet46,processed,0.0,20260946,isotonic_direct,always_abstain,0.31807674526121127,0.9972260748959778
sonnet46,processed,0.0,20260946,beta,original,0.0,0.0
sonnet46,processed,0.0,20260946,beta,penalty_prompt,0.02830328247803976,-0.0008044382801662975
sonnet46,processed,0.0,20260946,beta,always_abstain,0.31807674526121127,0.9972260748959778
sonnet46,processed,0.0,20260947,isotonic_direct,original,0.0,0.0
sonnet46,processed,0.0,20260947,isotonic_direct,penalty_prompt,0.034507628294036086,0.0007027276930189341
sonnet46,processed,0.0,20260947,isotonic_direct,always_abstain,0.31622746185852985,0.9986130374479889
sonnet46,processed,0.0,20260947,beta,original,0.0,0.0
sonnet46,processed,0.0,20260947,beta,penalty_prompt,0.034507628294036086,0.0007027276930189341
sonnet46,processed,0.0,20260947,beta,always_abstain,0.31622746185852985,0.9986130374479889
sonnet46,processed,0.0,20260948,isotonic_direct,original,0.0,0.0
sonnet46,processed,0.0,20260948,isotonic_direct,penalty_prompt,0.034184003698566834,-0.0022838650023119245
sonnet46,processed,0.0,20260948,isotonic_direct,always_abstain,0.32501155802126674,0.996301433194637
sonnet46,processed,0.0,20260948,beta,original,0.0,0.0
sonnet46,processed,0.0,20260948,beta,penalty_prompt,0.034184003698566834,-0.0022838650023119245
sonnet46,processed,0.0,20260948,beta,always_abstain,0.32501155802126674,0.996301433194637
sonnet46,processed,0.0,20260949,isotonic_direct,original,0.0,0.0
sonnet46,processed,0.0,20260949,isotonic_direct,penalty_prompt,0.026361534905224193,-0.0004160887656031731
sonnet46,processed,0.0,20260949,isotonic_direct,always_abstain,0.30374479889042993,0.9967637540453075
sonnet46,processed,0.0,20260949,beta,original,0.0,0.0
sonnet46,processed,0.0,20260949,beta,penalty_prompt,0.026361534905224193,-0.0004160887656031731
sonnet46,processed,0.0,20260949,beta,always_abstain,0.30374479889042993,0.9967637540453075
sonnet46,processed,0.0,20260950,isotonic_direct,original,0.0,0.0
sonnet46,processed,0.0,20260950,isotonic_direct,penalty_prompt,0.02911696717521961,-0.0015811373092926573
sonnet46,processed,0.0,20260950,isotonic_direct,always_abstain,0.31946370781322236,0.9967637540453075
sonnet46,processed,0.0,20260950,beta,original,0.0,0.0
sonnet46,processed,0.0,20260950,beta,penalty_prompt,0.02911696717521961,-0.0015811373092926573
sonnet46,processed,0.0,20260950,beta,always_abstain,0.31946370781322236,0.9967637540453075
sonnet46,processed,0.0,20260951,isotonic_direct,original,0.0,0.0
sonnet46,processed,0.0,20260951,isotonic_direct,penalty_prompt,0.030485436893203877,-0.0011558021266758756
sonnet46,processed,0.0,20260951,isotonic_direct,always_abstain,0.32639852057327784,0.9967637540453075
sonnet46,processed,0.0,20260951,beta,original,0.0,0.0
sonnet46,processed,0.0,20260951,beta,penalty_prompt,0.030485436893203877,-0.0011558021266758756
sonnet46,processed,0.0,20260951,beta,always_abstain,0.32639852057327784,0.9967637540453075
sonnet46,processed,0.0,20260952,isotonic_direct,original,0.0,0.0
sonnet46,processed,0.0,20260952,isotonic_direct,penalty_prompt,0.033925104022191455,0.00010171058714758541
sonnet46,processed,0.0,20260952,isotonic_direct,always_abstain,0.31900138696255204,0.9976883957466481
sonnet46,processed,0.0,20260952,beta,original,0.0,0.0
sonnet46,processed,0.0,20260952,beta,penalty_prompt,0.033925104022191455,0.00010171058714758541
sonnet46,processed,0.0,20260952,beta,always_abstain,0.31900138696255204,0.9976883957466481
sonnet46,processed,0.0,20260953,isotonic_direct,original,0.0,0.0
sonnet46,processed,0.0,20260953,isotonic_direct,penalty_prompt,0.035191863153028136,-0.00045307443365705247
sonnet46,processed,0.0,20260953,isotonic_direct,always_abstain,0.32501155802126674,0.9976883957466481
sonnet46,processed,0.0,20260953,beta,original,0.0,0.0
sonnet46,processed,0.0,20260953,beta,penalty_prompt,0.035191863153028136,-0.00045307443365705247
sonnet46,processed,0.0,20260953,beta,always_abstain,0.32501155802126674,0.9976883957466481
sonnet46,processed,0.0,20260954,isotonic_direct,original,0.0,0.0
sonnet46,processed,0.0,20260954,isotonic_direct,penalty_prompt,0.027720758206195073,-0.000748959778085867
sonnet46,processed,0.0,20260954,isotonic_direct,always_abstain,0.30513176144244103,0.9967637540453075
sonnet46,processed,0.0,20260954,beta,original,0.0,0.0
sonnet46,processed,0.0,20260954,beta,penalty_prompt,0.027720758206195073,-0.000748959778085867
sonnet46,processed,0.0,20260954,beta,always_abstain,0.30513176144244103,0.9967637540453075
sonnet46,processed,0.0,20260955,isotonic_direct,original,0.0,0.0
sonnet46,processed,0.0,20260955,isotonic_direct,penalty_prompt,0.026592695330559413,-0.0002311604253351085
sonnet46,processed,0.0,20260955,isotonic_direct,always_abstain,0.3111419325011558,0.9967637540453075
sonnet46,processed,0.0,20260955,beta,original,0.0,0.0
sonnet46,processed,0.0,20260955,beta,penalty_prompt,0.026592695330559413,-0.0002311604253351085
sonnet46,processed,0.0,20260955,beta,always_abstain,0.3111419325011558,0.9967637540453075
sonnet46,processed,0.0,20260956,isotonic_direct,original,0.0,0.0
sonnet46,processed,0.0,20260956,isotonic_direct,penalty_prompt,0.028867313915857618,-0.000748959778085978
sonnet46,processed,0.0,20260956,isotonic_direct,always_abstain,0.3069810448451225,0.996301433194637
sonnet46,processed,0.0,20260956,beta,original,0.0,0.0
sonnet46,processed,0.0,20260956,beta,penalty_prompt,0.028867313915857618,-0.000748959778085978
sonnet46,processed,0.0,20260956,beta,always_abstain,0.3069810448451225,0.996301433194637
sonnet46,processed,0.0,20260957,isotonic_direct,original,0.0,0.0
sonnet46,processed,0.0,20260957,isotonic_direct,penalty_prompt,0.03375866851595005,1.8492834026773153e-05
sonnet46,processed,0.0,20260957,isotonic_direct,always_abstain,0.32547387887193713,0.9976883957466481
sonnet46,processed,0.0,20260957,beta,original,0.0,0.0
sonnet46,processed,0.0,20260957,beta,penalty_prompt,0.03375866851595005,1.8492834026773153e-05
sonnet46,processed,0.0,20260957,beta,always_abstain,0.32547387887193713,0.9976883957466481
sonnet46,processed,0.0,20260958,isotonic_direct,original,0.0,0.0
sonnet46,processed,0.0,20260958,isotonic_direct,penalty_prompt,0.027239944521497972,0.0005085529357373719
sonnet46,processed,0.0,20260958,isotonic_direct,always_abstain,0.32038834951456313,0.9981507165973186
sonnet46,processed,0.0,20260958,beta,original,0.0,0.0
sonnet46,processed,0.0,20260958,beta,penalty_prompt,0.027239944521497972,0.0005085529357373719
sonnet46,processed,0.0,20260958,beta,always_abstain,0.32038834951456313,0.9981507165973186
sonnet46,processed,0.0,20260959,isotonic_direct,original,0.0,0.0
sonnet46,processed,0.0,20260959,isotonic_direct,penalty_prompt,0.03071659731853904,-0.000573277854831189
sonnet46,processed,0.0,20260959,isotonic_direct,always_abstain,0.3217753120665742,0.9972260748959778
sonnet46,processed,0.0,20260959,beta,original,0.0,0.0
sonnet46,processed,0.0,20260959,beta,penalty_prompt,0.03071659731853904,-0.000573277854831189
sonnet46,processed,0.0,20260959,beta,always_abstain,0.3217753120665742,0.9972260748959778
sonnet46,processed,0.0,20260960,isotonic_direct,original,0.0,0.0
sonnet46,processed,0.0,20260960,isotonic_direct,penalty_prompt,0.036412390198797995,0.001100323624595556
sonnet46,processed,0.0,20260960,isotonic_direct,always_abstain,0.3231622746185853,0.9986130374479889
sonnet46,processed,0.0,20260960,beta,original,0.0,0.0
sonnet46,processed,0.0,20260960,beta,penalty_prompt,0.036412390198797995,0.001100323624595556
sonnet46,processed,0.0,20260960,beta,always_abstain,0.3231622746185853,0.9986130374479889
sonnet46,processed,0.0,20260961,isotonic_direct,original,0.0,0.0
sonnet46,processed,0.0,20260961,isotonic_direct,penalty_prompt,0.031946370781322286,-0.00020342117429517081
sonnet46,processed,0.0,20260961,isotonic_direct,always_abstain,0.32038834951456313,0.9972260748959778
sonnet46,processed,0.0,20260961,beta,original,0.0,0.0
sonnet46,processed,0.0,20260961,beta,penalty_prompt,0.031946370781322286,-0.00020342117429517081
sonnet46,processed,0.0,20260961,beta,always_abstain,0.32038834951456313,0.9972260748959778
sonnet46,processed,0.0,20260962,isotonic_direct,original,0.0,0.0
sonnet46,processed,0.0,20260962,isotonic_direct,penalty_prompt,0.0349791955617198,-0.0005640314378179134
sonnet46,processed,0.0,20260962,isotonic_direct,always_abstain,0.3166897827092002,0.9972260748959778
sonnet46,processed,0.0,20260962,beta,original,0.0,0.0
sonnet46,processed,0.0,20260962,beta,penalty_prompt,0.0349791955617198,-0.0005640314378179134
sonnet46,processed,0.0,20260962,beta,always_abstain,0.3166897827092002,0.9972260748959778
sonnet46,processed,0.0,20260963,isotonic_direct,original,0.0,0.0
sonnet46,processed,0.0,20260963,isotonic_direct,penalty_prompt,0.017540453074433637,-0.0007859454461395243
sonnet46,processed,0.0,20260963,isotonic_direct,always_abstain,0.3065187239944521,0.9972260748959778
sonnet46,processed,0.0,20260963,beta,original,0.0,0.0
sonnet46,processed,0.0,20260963,beta,penalty_prompt,0.017540453074433637,-0.0007859454461395243
sonnet46,processed,0.0,20260963,beta,always_abstain,0.3065187239944521,0.9972260748959778
sonnet46,processed,0.0,20260964,isotonic_direct,original,0.0,0.0
sonnet46,processed,0.0,20260964,isotonic_direct,penalty_prompt,0.03479426722145168,0.00025889967637537925
sonnet46,processed,0.0,20260964,isotonic_direct,always_abstain,0.3245492371705964,0.9976883957466481
sonnet46,processed,0.0,20260964,beta,original,0.0,0.0
sonnet46,processed,0.0,20260964,beta,penalty_prompt,0.03479426722145168,0.00025889967637537925
sonnet46,processed,0.0,20260964,beta,always_abstain,0.3245492371705964,0.9976883957466481
sonnet46,processed,0.0,20260965,isotonic_direct,original,0.0,0.0
sonnet46,processed,0.0,20260965,isotonic_direct,penalty_prompt,0.032408691631992614,0.0
sonnet46,processed,0.0,20260965,isotonic_direct,always_abstain,0.3268608414239482,0.9976883957466481
sonnet46,processed,0.0,20260965,beta,original,0.0,0.0
sonnet46,processed,0.0,20260965,beta,penalty_prompt,0.032408691631992614,0.0
sonnet46,processed,0.0,20260965,beta,always_abstain,0.3268608414239482,0.9976883957466481
sonnet46,processed,0.0,20260966,isotonic_direct,original,0.0,0.0
sonnet46,processed,0.0,20260966,isotonic_direct,penalty_prompt,0.036125751271382345,0.0012390198797966878
sonnet46,processed,0.0,20260966,isotonic_direct,always_abstain,0.32639852057327784,0.9986130374479889
sonnet46,processed,0.0,20260966,beta,original,0.0,0.0
sonnet46,processed,0.0,20260966,beta,penalty_prompt,0.036125751271382345,0.0012390198797966878
sonnet46,processed,0.0,20260966,beta,always_abstain,0.32639852057327784,0.9986130374479889
sonnet46,processed,0.0,20260967,isotonic_direct,original,0.0,0.0
sonnet46,processed,0.0,20260967,isotonic_direct,penalty_prompt,0.03519186315302819,-0.00011095700416074994
sonnet46,processed,0.0,20260967,isotonic_direct,always_abstain,0.3116042533518262,0.9972260748959778
sonnet46,processed,0.0,20260967,beta,original,0.0,0.0
sonnet46,processed,0.0,20260967,beta,penalty_prompt,0.03519186315302819,-0.00011095700416074994
sonnet46,processed,0.0,20260967,beta,always_abstain,0.3116042533518262,0.9972260748959778
sonnet46,processed,0.0,20260968,isotonic_direct,original,0.0,0.0
sonnet46,processed,0.0,20260968,isotonic_direct,penalty_prompt,0.0313546000924641,1.8492834026884175e-05
sonnet46,processed,0.0,20260968,isotonic_direct,always_abstain,0.32223763291724455,0.9981507165973186
sonnet46,processed,0.0,20260968,beta,original,0.0,0.0
sonnet46,processed,0.0,20260968,beta,penalty_prompt,0.0313546000924641,1.8492834026884175e-05
sonnet46,processed,0.0,20260968,beta,always_abstain,0.32223763291724455,0.9981507165973186
sonnet46,processed,0.0,20260969,isotonic_direct,original,0.0,0.0
sonnet46,processed,0.0,20260969,isotonic_direct,penalty_prompt,0.03719833564493763,0.0013037447988905049
sonnet46,processed,0.0,20260969,isotonic_direct,always_abstain,0.31900138696255204,0.9981507165973186
sonnet46,processed,0.0,20260969,beta,original,0.0,0.0
sonnet46,processed,0.0,20260969,beta,penalty_prompt,0.03719833564493763,0.0013037447988905049
sonnet46,processed,0.0,20260969,beta,always_abstain,0.31900138696255204,0.9981507165973186
sonnet46,processed,0.0,20260970,isotonic_direct,original,0.0,0.0
sonnet46,processed,0.0,20260970,isotonic_direct,penalty_prompt,0.03002311604253355,-0.0016458622283864743
sonnet46,processed,0.0,20260970,isotonic_direct,always_abstain,0.32131299121590384,0.996301433194637
sonnet46,processed,0.0,20260970,beta,original,0.0,0.0
sonnet46,processed,0.0,20260970,beta,penalty_prompt,0.03002311604253355,-0.0016458622283864743
sonnet46,processed,0.0,20260970,beta,always_abstain,0.32131299121590384,0.996301433194637
sonnet46,processed,0.0,20260971,isotonic_direct,original,0.0,0.0
sonnet46,processed,0.0,20260971,isotonic_direct,penalty_prompt,0.034932963476652756,-0.0015811373092926573
sonnet46,processed,0.0,20260971,isotonic_direct,always_abstain,0.3268608414239482,0.9958391123439667
sonnet46,processed,0.0,20260971,beta,original,0.0,0.0
sonnet46,processed,0.0,20260971,beta,penalty_prompt,0.034932963476652756,-0.0015811373092926573
sonnet46,processed,0.0,20260971,beta,always_abstain,0.3268608414239482,0.9958391123439667
sonnet46,processed,0.0,20260972,isotonic_direct,original,0.0,0.0
sonnet46,processed,0.0,20260972,isotonic_direct,penalty_prompt,0.024244105409154004,-0.0007397133610727025
sonnet46,processed,0.0,20260972,isotonic_direct,always_abstain,0.3102172907998151,0.9967637540453075
sonnet46,processed,0.0,20260972,beta,original,0.0,0.0
sonnet46,processed,0.0,20260972,beta,penalty_prompt,0.024244105409154004,-0.0007397133610727025
sonnet46,processed,0.0,20260972,beta,always_abstain,0.3102172907998151,0.9967637540453075
sonnet46,processed,0.0,20260973,isotonic_direct,original,0.0,0.0
sonnet46,processed,0.0,20260973,isotonic_direct,penalty_prompt,0.028950531668978263,0.001100323624595334
sonnet46,processed,0.0,20260973,isotonic_direct,always_abstain,0.32223763291724455,0.9986130374479889
sonnet46,processed,0.0,20260973,beta,original,0.0,0.0
sonnet46,processed,0.0,20260973,beta,penalty_prompt,0.028950531668978263,0.001100323624595334
sonnet46,processed,0.0,20260973,beta,always_abstain,0.32223763291724455,0.9986130374479889
sonnet46,processed,0.0,20260974,isotonic_direct,original,0.0,0.0
sonnet46,processed,0.0,20260974,isotonic_direct,penalty_prompt,0.025427646786870095,-0.0007027276930191562
sonnet46,processed,0.0,20260974,isotonic_direct,always_abstain,0.3231622746185853,0.9967637540453075
sonnet46,processed,0.0,20260974,beta,original,0.0,0.0
sonnet46,processed,0.0,20260974,beta,penalty_prompt,0.025427646786870095,-0.0007027276930191562
sonnet46,processed,0.0,20260974,beta,always_abstain,0.3231622746185853,0.9967637540453075
sonnet46,processed,0.0,20260975,isotonic_direct,original,0.0,0.0
sonnet46,processed,0.0,20260975,isotonic_direct,penalty_prompt,0.028969024503005036,-0.0016273693943597012
sonnet46,processed,0.0,20260975,isotonic_direct,always_abstain,0.3153028201571891,0.996301433194637
sonnet46,processed,0.0,20260975,beta,original,0.0,0.0
sonnet46,processed,0.0,20260975,beta,penalty_prompt,0.028969024503005036,-0.0016273693943597012
sonnet46,processed,0.0,20260975,beta,always_abstain,0.3153028201571891,0.996301433194637
sonnet46,processed,0.0,20260976,isotonic_direct,original,0.0,0.0
sonnet46,processed,0.0,20260976,isotonic_direct,penalty_prompt,0.03200184928340266,-4.6232085067043904e-05
sonnet46,processed,0.0,20260976,isotonic_direct,always_abstain,0.3125288950531669,0.9972260748959778
sonnet46,processed,0.0,20260976,beta,original,0.0,0.0
sonnet46,processed,0.0,20260976,beta,penalty_prompt,0.03200184928340266,-4.6232085067043904e-05
sonnet46,processed,0.0,20260976,beta,always_abstain,0.3125288950531669,0.9972260748959778
sonnet46,processed,0.0,20260977,isotonic_direct,original,0.0,0.0
sonnet46,processed,0.0,20260977,isotonic_direct,penalty_prompt,0.028136846971798413,-0.0003513638465095781
sonnet46,processed,0.0,20260977,isotonic_direct,always_abstain,0.3111419325011558,0.9972260748959778
sonnet46,processed,0.0,20260977,beta,original,0.0,0.0
sonnet46,processed,0.0,20260977,beta,penalty_prompt,0.028136846971798413,-0.0003513638465095781
sonnet46,processed,0.0,20260977,beta,always_abstain,0.3111419325011558,0.9972260748959778
sonnet46,processed,0.0,20260978,isotonic_direct,original,0.0,0.0
sonnet46,processed,0.0,20260978,isotonic_direct,penalty_prompt,0.025270457697642246,0.000175681923254567
sonnet46,processed,0.0,20260978,isotonic_direct,always_abstain,0.3300970873786408,0.9981507165973186
sonnet46,processed,0.0,20260978,beta,original,0.0,0.0
sonnet46,processed,0.0,20260978,beta,penalty_prompt,0.025270457697642246,0.000175681923254567
sonnet46,processed,0.0,20260978,beta,always_abstain,0.3300970873786408,0.9981507165973186
sonnet46,processed,0.0,20260979,isotonic_direct,original,0.0,0.0
sonnet46,processed,0.0,20260979,isotonic_direct,penalty_prompt,0.03479426722145168,-0.0012390198797966878
sonnet46,processed,0.0,20260979,isotonic_direct,always_abstain,0.3287101248266297,0.9967637540453075
sonnet46,processed,0.0,20260979,beta,original,0.0,0.0
sonnet46,processed,0.0,20260979,beta,penalty_prompt,0.03479426722145168,-0.0012390198797966878
sonnet46,processed,0.0,20260979,beta,always_abstain,0.3287101248266297,0.9967637540453075
sonnet46,processed,0.0,20260980,isotonic_direct,original,0.0,0.0
sonnet46,processed,0.0,20260980,isotonic_direct,penalty_prompt,0.032519648636153475,0.0005547850208044158
sonnet46,processed,0.0,20260980,isotonic_direct,always_abstain,0.32778548312528893,0.9981507165973186
sonnet46,processed,0.0,20260980,beta,original,0.0,0.0
sonnet46,processed,0.0,20260980,beta,penalty_prompt,0.032519648636153475,0.0005547850208044158
sonnet46,processed,0.0,20260980,beta,always_abstain,0.32778548312528893,0.9981507165973186
sonnet46,processed,0.0,20260981,isotonic_direct,original,0.0,0.0
sonnet46,processed,0.0,20260981,isotonic_direct,penalty_prompt,0.04272769301895524,0.000859916782246728
sonnet46,processed,0.0,20260981,isotonic_direct,always_abstain,0.3273231622746186,0.9986130374479889
sonnet46,processed,0.0,20260981,beta,original,0.0,0.0
sonnet46,processed,0.0,20260981,beta,penalty_prompt,0.04272769301895524,0.000859916782246728
sonnet46,processed,0.0,20260981,beta,always_abstain,0.3273231622746186,0.9986130374479889
sonnet46,processed,0.0,20260982,isotonic_direct,original,0.0,0.0
sonnet46,processed,0.0,20260982,isotonic_direct,penalty_prompt,0.029486823855755906,-0.0013129912159038915
sonnet46,processed,0.0,20260982,isotonic_direct,always_abstain,0.3282478039759593,0.996301433194637
sonnet46,processed,0.0,20260982,beta,original,0.0,0.0
sonnet46,processed,0.0,20260982,beta,penalty_prompt,0.029486823855755906,-0.0013129912159038915
sonnet46,processed,0.0,20260982,beta,always_abstain,0.3282478039759593,0.996301433194637
sonnet46,processed,0.0,20260983,isotonic_direct,original,0.0,0.0
sonnet46,processed,0.0,20260983,isotonic_direct,penalty_prompt,0.031465557096625074,-0.0018122977346278768
sonnet46,processed,0.0,20260983,isotonic_direct,always_abstain,0.3092926490984743,0.996301433194637
sonnet46,processed,0.0,20260983,beta,original,0.0,0.0
sonnet46,processed,0.0,20260983,beta,penalty_prompt,0.031465557096625074,-0.0018122977346278768
sonnet46,processed,0.0,20260983,beta,always_abstain,0.3092926490984743,0.996301433194637
sonnet46,processed,0.0,20260984,isotonic_direct,original,0.0,0.0
sonnet46,processed,0.0,20260984,isotonic_direct,penalty_prompt,0.04025889967637536,0.0005362921867775317
sonnet46,processed,0.0,20260984,isotonic_direct,always_abstain,0.3310217290799815,0.9976883957466481
sonnet46,processed,0.0,20260984,beta,original,0.0,0.0
sonnet46,processed,0.0,20260984,beta,penalty_prompt,0.04025889967637536,0.0005362921867775317
sonnet46,processed,0.0,20260984,beta,always_abstain,0.3310217290799815,0.9976883957466481
sonnet46,processed,0.0,20260985,isotonic_direct,original,0.0,0.0
sonnet46,processed,0.0,20260985,isotonic_direct,penalty_prompt,0.030624133148404953,6.472491909381706e-05
sonnet46,processed,0.0,20260985,isotonic_direct,always_abstain,0.3120665742024965,0.9981507165973186
sonnet46,processed,0.0,20260985,beta,original,0.0,0.0
sonnet46,processed,0.0,20260985,beta,penalty_prompt,0.030624133148404953,6.472491909381706e-05
sonnet46,processed,0.0,20260985,beta,always_abstain,0.3120665742024965,0.9981507165973186
sonnet46,processed,0.0,20260986,isotonic_direct,original,0.0,0.0
sonnet46,processed,0.0,20260986,isotonic_direct,penalty_prompt,0.029995376791493278,-0.001017105871474966
sonnet46,processed,0.0,20260986,isotonic_direct,always_abstain,0.32131299121590384,0.9972260748959778
sonnet46,processed,0.0,20260986,beta,original,0.0,0.0
sonnet46,processed,0.0,20260986,beta,penalty_prompt,0.029995376791493278,-0.001017105871474966
sonnet46,processed,0.0,20260986,beta,always_abstain,0.32131299121590384,0.9972260748959778
sonnet46,processed,0.0,20260987,isotonic_direct,original,0.0,0.0
sonnet46,processed,0.0,20260987,isotonic_direct,penalty_prompt,0.03233472029588541,0.00026814609338876583
sonnet46,processed,0.0,20260987,isotonic_direct,always_abstain,0.3259361997226075,0.9976883957466481
sonnet46,processed,0.0,20260987,beta,original,0.0,0.0
sonnet46,processed,0.0,20260987,beta,penalty_prompt,0.03233472029588541,0.00026814609338876583
sonnet46,processed,0.0,20260987,beta,always_abstain,0.3259361997226075,0.9976883957466481
sonnet46,processed,0.0,20260988,isotonic_direct,original,0.0,0.0
sonnet46,processed,0.0,20260988,isotonic_direct,penalty_prompt,0.038613037447988885,-0.00036985668053635123
sonnet46,processed,0.0,20260988,isotonic_direct,always_abstain,0.31715210355987056,0.9967637540453075
sonnet46,processed,0.0,20260988,beta,original,0.0,0.0
sonnet46,processed,0.0,20260988,beta,penalty_prompt,0.038613037447988885,-0.00036985668053635123
sonnet46,processed,0.0,20260988,beta,always_abstain,0.31715210355987056,0.9967637540453075
sonnet46,processed,0.0,20260989,isotonic_direct,original,0.0,0.0
sonnet46,processed,0.0,20260989,isotonic_direct,penalty_prompt,0.029764216366158114,-0.00014794267221440727
sonnet46,processed,0.0,20260989,isotonic_direct,always_abstain,0.32408691631992603,0.9972260748959778
sonnet46,processed,0.0,20260989,beta,original,0.0,0.0
sonnet46,processed,0.0,20260989,beta,penalty_prompt,0.029764216366158114,-0.00014794267221440727
sonnet46,processed,0.0,20260989,beta,always_abstain,0.32408691631992603,0.9972260748959778
sonnet46,processed,0.0,20260990,isotonic_direct,original,0.0,0.0
sonnet46,processed,0.0,20260990,isotonic_direct,penalty_prompt,0.03214054553860379,0.0003513638465095781
sonnet46,processed,0.0,20260990,isotonic_direct,always_abstain,0.32408691631992603,0.9981507165973186
sonnet46,processed,0.0,20260990,beta,original,0.0,0.0
sonnet46,processed,0.0,20260990,beta,penalty_prompt,0.03214054553860379,0.0003513638465095781
sonnet46,processed,0.0,20260990,beta,always_abstain,0.32408691631992603,0.9981507165973186
sonnet46,processed,0.0,20260991,isotonic_direct,original,0.0,0.0
sonnet46,processed,0.0,20260991,isotonic_direct,penalty_prompt,0.030577901063337964,-0.0017198335644939
sonnet46,processed,0.0,20260991,isotonic_direct,always_abstain,0.3273231622746186,0.9958391123439667
sonnet46,processed,0.0,20260991,beta,original,0.0,0.0
sonnet46,processed,0.0,20260991,beta,penalty_prompt,0.030577901063337964,-0.0017198335644939
sonnet46,processed,0.0,20260991,beta,always_abstain,0.3273231622746186,0.9958391123439667
sonnet46,processed,0.0,20260992,isotonic_direct,original,0.0,0.0
sonnet46,processed,0.0,20260992,isotonic_direct,penalty_prompt,0.03133610725843733,-0.001433194637078139
sonnet46,processed,0.0,20260992,isotonic_direct,always_abstain,0.32131299121590384,0.996301433194637
sonnet46,processed,0.0,20260992,beta,original,0.0,0.0
sonnet46,processed,0.0,20260992,beta,penalty_prompt,0.03133610725843733,-0.001433194637078139
sonnet46,processed,0.0,20260992,beta,always_abstain,0.32131299121590384,0.996301433194637
sonnet46,processed,0.0,20260993,isotonic_direct,original,0.0,0.0
sonnet46,processed,0.0,20260993,isotonic_direct,penalty_prompt,0.03100323624595469,0.0010448451225151256
sonnet46,processed,0.0,20260993,isotonic_direct,always_abstain,0.3245492371705964,0.9986130374479889
sonnet46,processed,0.0,20260993,beta,original,0.0,0.0
sonnet46,processed,0.0,20260993,beta,penalty_prompt,0.03100323624595469,0.0010448451225151256
sonnet46,processed,0.0,20260993,beta,always_abstain,0.3245492371705964,0.9986130374479889
sonnet46,processed,0.0,20260994,isotonic_direct,original,0.0,0.0
sonnet46,processed,0.0,20260994,isotonic_direct,penalty_prompt,0.03656033287101246,-0.001784558483587606
sonnet46,processed,0.0,20260994,isotonic_direct,always_abstain,0.32778548312528893,0.9953767914932964
sonnet46,processed,0.0,20260994,beta,original,0.0,0.0
sonnet46,processed,0.0,20260994,beta,penalty_prompt,0.03656033287101246,-0.001784558483587606
sonnet46,processed,0.0,20260994,beta,always_abstain,0.32778548312528893,0.9953767914932964
sonnet46,processed,0.0,20260995,isotonic_direct,original,0.0,0.0
sonnet46,processed,0.0,20260995,isotonic_direct,penalty_prompt,0.02944983818770225,0.0
sonnet46,processed,0.0,20260995,isotonic_direct,always_abstain,0.3120665742024965,0.9967637540453075
sonnet46,processed,0.0,20260995,beta,original,0.0,0.0
sonnet46,processed,0.0,20260995,beta,penalty_prompt,0.02944983818770225,0.0
sonnet46,processed,0.0,20260995,beta,always_abstain,0.3120665742024965,0.9967637540453075
sonnet46,processed,0.0,20260996,isotonic_direct,original,0.0,0.0
sonnet46,processed,0.0,20260996,isotonic_direct,penalty_prompt,0.02349514563106797,0.0012297734627831902
sonnet46,processed,0.0,20260996,isotonic_direct,always_abstain,0.29865926953305594,0.9981507165973186
sonnet46,processed,0.0,20260996,beta,original,0.0,0.0
sonnet46,processed,0.0,20260996,beta,penalty_prompt,0.02349514563106797,0.0012297734627831902
sonnet46,processed,0.0,20260996,beta,always_abstain,0.29865926953305594,0.9981507165973186
sonnet46,processed,0.0,20260997,isotonic_direct,original,0.0,0.0
sonnet46,processed,0.0,20260997,isotonic_direct,penalty_prompt,0.03119741100323631,0.00022191400832194397
sonnet46,processed,0.0,20260997,isotonic_direct,always_abstain,0.31345353675450766,0.9972260748959778
sonnet46,processed,0.0,20260997,beta,original,0.0,0.0
sonnet46,processed,0.0,20260997,beta,penalty_prompt,0.03119741100323631,0.00022191400832194397
sonnet46,processed,0.0,20260997,beta,always_abstain,0.31345353675450766,0.9972260748959778
sonnet46,processed,0.0,20260998,isotonic_direct,original,0.0,0.0
sonnet46,processed,0.0,20260998,isotonic_direct,penalty_prompt,0.029042995839112407,-0.0004993065187239853
sonnet46,processed,0.0,20260998,isotonic_direct,always_abstain,0.31345353675450766,0.9972260748959778
sonnet46,processed,0.0,20260998,beta,original,0.0,0.0
sonnet46,processed,0.0,20260998,beta,penalty_prompt,0.029042995839112407,-0.0004993065187239853
sonnet46,processed,0.0,20260998,beta,always_abstain,0.31345353675450766,0.9972260748959778
sonnet46,processed,0.0,20260999,isotonic_direct,original,0.0,0.0
sonnet46,processed,0.0,20260999,isotonic_direct,penalty_prompt,0.043717059639389766,-0.0010078594544615793
sonnet46,processed,0.0,20260999,isotonic_direct,always_abstain,0.33841886269070737,0.996301433194637
sonnet46,processed,0.0,20260999,beta,original,0.0,0.0
sonnet46,processed,0.0,20260999,beta,penalty_prompt,0.043717059639389766,-0.0010078594544615793
sonnet46,processed,0.0,20260999,beta,always_abstain,0.33841886269070737,0.996301433194637
sonnet46,processed,0.0,20261000,isotonic_direct,original,0.0,0.0
sonnet46,processed,0.0,20261000,isotonic_direct,penalty_prompt,0.030605640314378235,0.0006287563569115084
sonnet46,processed,0.0,20261000,isotonic_direct,always_abstain,0.31622746185852985,0.9990753582986592
sonnet46,processed,0.0,20261000,beta,original,0.0,0.0
sonnet46,processed,0.0,20261000,beta,penalty_prompt,0.030605640314378235,0.0006287563569115084
sonnet46,processed,0.0,20261000,beta,always_abstain,0.31622746185852985,0.9990753582986592
sonnet46,processed,0.0,20261001,isotonic_direct,original,0.0,0.0
sonnet46,processed,0.0,20261001,isotonic_direct,penalty_prompt,0.03533055940822927,-0.000508552935737594
sonnet46,processed,0.0,20261001,isotonic_direct,always_abstain,0.3305594082293111,0.9972260748959778
sonnet46,processed,0.0,20261001,beta,original,0.0,0.0
sonnet46,processed,0.0,20261001,beta,penalty_prompt,0.03533055940822927,-0.000508552935737594
sonnet46,processed,0.0,20261001,beta,always_abstain,0.3305594082293111,0.9972260748959778
sonnet46,processed,0.0,20261002,isotonic_direct,original,0.0,0.0
sonnet46,processed,0.0,20261002,isotonic_direct,penalty_prompt,0.031918631530282016,-0.0006564956079518902
sonnet46,processed,0.0,20261002,isotonic_direct,always_abstain,0.31484049930651875,0.9967637540453075
sonnet46,processed,0.0,20261002,beta,original,0.0,0.0
sonnet46,processed,0.0,20261002,beta,penalty_prompt,0.031918631530282016,-0.0006564956079518902
sonnet46,processed,0.0,20261002,beta,always_abstain,0.31484049930651875,0.9967637540453075
sonnet46,processed,0.0,20261003,isotonic_direct,original,0.0,0.0
sonnet46,processed,0.0,20261003,isotonic_direct,penalty_prompt,0.03830790568654646,-0.0012020342117431415
sonnet46,processed,0.0,20261003,isotonic_direct,always_abstain,0.32085067036523346,0.996301433194637
sonnet46,processed,0.0,20261003,beta,original,0.0,0.0
sonnet46,processed,0.0,20261003,beta,penalty_prompt,0.03830790568654646,-0.0012020342117431415
sonnet46,processed,0.0,20261003,beta,always_abstain,0.32085067036523346,0.996301433194637
sonnet46,processed,0.0,20261004,isotonic_direct,original,0.0,0.0
sonnet46,processed,0.0,20261004,isotonic_direct,penalty_prompt,0.02552935737401757,0.0006472491909382816
sonnet46,processed,0.0,20261004,isotonic_direct,always_abstain,0.3282478039759593,0.9976883957466481
sonnet46,processed,0.0,20261004,beta,original,0.0,0.0
sonnet46,processed,0.0,20261004,beta,penalty_prompt,0.02552935737401757,0.0006472491909382816
sonnet46,processed,0.0,20261004,beta,always_abstain,0.3282478039759593,0.9976883957466481
sonnet46,processed,0.0,20261005,isotonic_direct,original,0.0,0.0
sonnet46,processed,0.0,20261005,isotonic_direct,penalty_prompt,0.03764216366158113,-0.00026814609338876583
sonnet46,processed,0.0,20261005,isotonic_direct,always_abstain,0.32362459546925565,0.9967637540453075
sonnet46,processed,0.0,20261005,beta,original,0.0,0.0
sonnet46,processed,0.0,20261005,beta,penalty_prompt,0.03764216366158113,-0.00026814609338876583
sonnet46,processed,0.0,20261005,beta,always_abstain,0.32362459546925565,0.9967637540453075
sonnet46,processed,0.0,20261006,isotonic_direct,original,0.0,0.0
sonnet46,processed,0.0,20261006,isotonic_direct,penalty_prompt,0.04350439204808132,-0.0013777161349979306
sonnet46,processed,0.0,20261006,isotonic_direct,always_abstain,0.3333333333333333,0.996301433194637
sonnet46,processed,0.0,20261006,beta,original,0.0,0.0
sonnet46,processed,0.0,20261006,beta,penalty_prompt,0.04350439204808132,-0.0013777161349979306
sonnet46,processed,0.0,20261006,beta,always_abstain,0.3333333333333333,0.996301433194637
sonnet46,processed,0.0,20261007,isotonic_direct,original,0.0,0.0
sonnet46,processed,0.0,20261007,isotonic_direct,penalty_prompt,0.031197411003236253,0.000286638927415539
sonnet46,processed,0.0,20261007,isotonic_direct,always_abstain,0.31761442441054094,0.9976883957466481
sonnet46,processed,0.0,20261007,beta,original,0.0,0.0
sonnet46,processed,0.0,20261007,beta,penalty_prompt,0.031197411003236253,0.000286638927415539
sonnet46,processed,0.0,20261007,beta,always_abstain,0.31761442441054094,0.9976883957466481
sonnet46,processed,0.0,20261008,isotonic_direct,original,0.0,0.0
sonnet46,processed,0.0,20261008,isotonic_direct,penalty_prompt,0.03006010171058715,-0.00029588534442892556
sonnet46,processed,0.0,20261008,isotonic_direct,always_abstain,0.31992602866389275,0.9981507165973186
sonnet46,processed,0.0,20261008,beta,original,0.0,0.0
sonnet46,processed,0.0,20261008,beta,penalty_prompt,0.03006010171058715,-0.00029588534442892556
sonnet46,processed,0.0,20261008,beta,always_abstain,0.31992602866389275,0.9981507165973186
sonnet46,processed,0.0,20261009,isotonic_direct,original,0.0,0.0
sonnet46,processed,0.0,20261009,isotonic_direct,penalty_prompt,0.036625057790106386,-0.0008044382801662975
sonnet46,processed,0.0,20261009,isotonic_direct,always_abstain,0.32038834951456313,0.9967637540453075
sonnet46,processed,0.0,20261009,beta,original,0.0,0.0
sonnet46,processed,0.0,20261009,beta,penalty_prompt,0.036625057790106386,-0.0008044382801662975
sonnet46,processed,0.0,20261009,beta,always_abstain,0.32038834951456313,0.9967637540453075
sonnet46,processed,0.0,20261010,isotonic_direct,original,0.0,0.0
sonnet46,processed,0.0,20261010,isotonic_direct,penalty_prompt,0.032695330559408264,-0.0018862690707350804
sonnet46,processed,0.0,20261010,isotonic_direct,always_abstain,0.32131299121590384,0.996301433194637
sonnet46,processed,0.0,20261010,beta,original,0.0,0.0
sonnet46,processed,0.0,20261010,beta,penalty_prompt,0.032695330559408264,-0.0018862690707350804
sonnet46,processed,0.0,20261010,beta,always_abstain,0.32131299121590384,0.996301433194637
sonnet46,processed,0.0,20261011,isotonic_direct,original,0.0,0.0
sonnet46,processed,0.0,20261011,isotonic_direct,penalty_prompt,0.027202958853444315,-0.0007859454461395243
sonnet46,processed,0.0,20261011,isotonic_direct,always_abstain,0.3125288950531669,0.9967637540453075
sonnet46,processed,0.0,20261011,beta,original,0.0,0.0
sonnet46,processed,0.0,20261011,beta,penalty_prompt,0.027202958853444315,-0.0007859454461395243
sonnet46,processed,0.0,20261011,beta,always_abstain,0.3125288950531669,0.9967637540453075
sonnet46,processed,0.0,20261012,isotonic_direct,original,0.0,0.0
sonnet46,processed,0.0,20261012,isotonic_direct,penalty_prompt,0.029153952843273268,9.246417013608621e-06
sonnet46,processed,0.0,20261012,isotonic_direct,always_abstain,0.3111419325011558,0.9967637540453075
sonnet46,processed,0.0,20261012,beta,original,0.0,0.0
sonnet46,processed,0.0,20261012,beta,penalty_prompt,0.029153952843273268,9.246417013608621e-06
sonnet46,processed,0.0,20261012,beta,always_abstain,0.3111419325011558,0.9967637540453075
sonnet46,processed,3.0,20260913,isotonic_direct,original,0.038834951456310676,-0.06287563569116968
sonnet46,processed,3.0,20260913,isotonic_direct,penalty_prompt,0.8794174757281553,-0.4978918169209432
sonnet46,processed,3.0,20260913,isotonic_direct,always_abstain,0.021729079981507166,0.10494683310217291
sonnet46,processed,3.0,20260913,beta,original,0.033749422098936666,-0.07350901525658808
sonnet46,processed,3.0,20260913,beta,penalty_prompt,0.8743319463707813,-0.5085251964863616
sonnet46,processed,3.0,20260913,beta,always_abstain,0.016643550624133148,0.09431345353675451
sonnet46,processed,3.0,20260914,isotonic_direct,original,0.036523347202958856,-0.12251502542764679
sonnet46,processed,3.0,20260914,isotonic_direct,penalty_prompt,0.8578548312528894,-0.56084142394822
sonnet46,processed,3.0,20260914,isotonic_direct,always_abstain,0.01849283402681461,0.038834951456310676
sonnet46,processed,3.0,20260914,beta,original,0.03975959315765141,-0.08229311141932501
sonnet46,processed,3.0,20260914,beta,penalty_prompt,0.861091077207582,-0.5206195099398983
sonnet46,processed,3.0,20260914,beta,always_abstain,0.021729079981507166,0.07905686546463246
sonnet46,processed,3.0,20260915,isotonic_direct,original,0.02034211742949607,-0.06472491909385114
sonnet46,processed,3.0,20260915,isotonic_direct,penalty_prompt,0.8692279241793804,-0.5084142394822007
sonnet46,processed,3.0,20260915,isotonic_direct,always_abstain,0.0212667591308368,0.09523809523809523
sonnet46,processed,3.0,20260915,beta,original,0.012020342117429497,-0.07674526121128063
sonnet46,processed,3.0,20260915,beta,penalty_prompt,0.8609061488673139,-0.5204345815996302
sonnet46,processed,3.0,20260915,beta,always_abstain,0.012944983818770227,0.08321775312066575
sonnet46,processed,3.0,20260916,isotonic_direct,original,0.03467406380027739,-0.06703652334720295
sonnet46,processed,3.0,20260916,isotonic_direct,penalty_prompt,0.8678039759593157,-0.49929727230698107
sonnet46,processed,3.0,20260916,isotonic_direct,always_abstain,0.018030513176144243,0.10864539990753583
sonnet46,processed,3.0,20260916,beta,original,0.026814609338881183,-0.07859454461396208
sonnet46,processed,3.0,20260916,beta,penalty_prompt,0.8599445214979194,-0.5108552935737403
sonnet46,processed,3.0,20260916,beta,always_abstain,0.010171058714748035,0.0970873786407767
sonnet46,processed,3.0,20260917,isotonic_direct,original,0.0319001386962552,-0.058714748035136405
sonnet46,processed,3.0,20260917,isotonic_direct,penalty_prompt,0.8460656495607951,-0.49288950531668974
sonnet46,processed,3.0,20260917,isotonic_direct,always_abstain,0.024040684234858993,0.09801202034211742
sonnet46,processed,3.0,20260917,beta,original,0.027276930189551546,-0.07258437355524736
sonnet46,processed,3.0,20260917,beta,penalty_prompt,0.8414424410540915,-0.5067591308368007
sonnet46,processed,3.0,20260917,beta,always_abstain,0.019417475728155338,0.08414239482200647
sonnet46,processed,3.0,20260918,isotonic_direct,original,0.028663892741562644,-0.06195099398982894
sonnet46,processed,3.0,20260918,isotonic_direct,penalty_prompt,0.8669625520110957,-0.5077207582061951
sonnet46,processed,3.0,20260918,isotonic_direct,always_abstain,0.015256588072122053,0.09847434119278779
sonnet46,processed,3.0,20260918,beta,original,0.02311604253351826,-0.07119741100323623
sonnet46,processed,3.0,20260918,beta,penalty_prompt,0.8614147018030514,-0.5169671752196023
sonnet46,processed,3.0,20260918,beta,always_abstain,0.009708737864077669,0.0892279241793805
sonnet46,processed,3.0,20260919,isotonic_direct,original,0.038834951456310676,-0.05362921867776238
sonnet46,processed,3.0,20260919,isotonic_direct,penalty_prompt,0.8762274618585297,-0.4955339805825242
sonnet46,processed,3.0,20260919,isotonic_direct,always_abstain,0.01155802126675913,0.10587147480351364
sonnet46,processed,3.0,20260919,beta,original,0.03559870550161812,-0.07535829865926955
sonnet46,processed,3.0,20260919,beta,penalty_prompt,0.8729912159038372,-0.5172630605640314
sonnet46,processed,3.0,20260919,beta,always_abstain,0.008321775312066574,0.08414239482200647
sonnet46,processed,3.0,20260920,isotonic_direct,original,0.036523347202958856,-0.1169671752196024
sonnet46,processed,3.0,20260920,isotonic_direct,penalty_prompt,0.8887656033287101,-0.5659916782246879
sonnet46,processed,3.0,20260920,isotonic_direct,always_abstain,0.01849283402681461,0.04068423485899214
sonnet46,processed,3.0,20260920,beta,original,0.039297272306981046,-0.0716597318539066
sonnet46,processed,3.0,20260920,beta,penalty_prompt,0.8915395284327323,-0.5206842348589922
sonnet46,processed,3.0,20260920,beta,always_abstain,0.0212667591308368,0.08599167822468794
sonnet46,processed,3.0,20260921,isotonic_direct,original,0.03744798890429958,-0.05316689782709201
sonnet46,processed,3.0,20260921,isotonic_direct,penalty_prompt,0.8664447526583449,-0.5031715210355988
sonnet46,processed,3.0,20260921,isotonic_direct,always_abstain,0.014794267221451687,0.10540915395284327
sonnet46,processed,3.0,20260921,beta,original,0.036523347202958856,-0.07258437355524734
sonnet46,processed,3.0,20260921,beta,penalty_prompt,0.8655201109570041,-0.5225889967637541
sonnet46,processed,3.0,20260921,beta,always_abstain,0.013869625520110958,0.08599167822468794
sonnet46,processed,3.0,20260922,isotonic_direct,original,0.03143781784558484,-0.05547850208044383
sonnet46,processed,3.0,20260922,isotonic_direct,penalty_prompt,0.8254831252889505,-0.4907998150716597
sonnet46,processed,3.0,20260922,isotonic_direct,always_abstain,0.009246417013407305,0.11280628756356911
sonnet46,processed,3.0,20260922,beta,original,0.030050855293573743,-0.07905686546463245
sonnet46,processed,3.0,20260922,beta,penalty_prompt,0.8240961627369394,-0.5143781784558483
sonnet46,processed,3.0,20260922,beta,always_abstain,0.00785945446139621,0.0892279241793805
sonnet46,processed,3.0,20260923,isotonic_direct,original,0.0517799352750809,-0.07027276930189552
sonnet46,processed,3.0,20260923,isotonic_direct,penalty_prompt,0.8772907998150716,-0.5062690707350901
sonnet46,processed,3.0,20260923,isotonic_direct,always_abstain,0.01849283402681461,0.09246417013407304
sonnet46,processed,3.0,20260923,beta,original,0.047156726768377254,-0.08044382801664356
sonnet46,processed,3.0,20260923,beta,penalty_prompt,0.872667591308368,-0.5164401294498381
sonnet46,processed,3.0,20260923,beta,always_abstain,0.013869625520110958,0.08229311141932501
sonnet46,processed,3.0,20260924,isotonic_direct,original,0.03837263060564032,-0.048543689320388356
sonnet46,processed,3.0,20260924,isotonic_direct,penalty_prompt,0.8444197873324086,-0.4860286638927416
sonnet46,processed,3.0,20260924,isotonic_direct,always_abstain,0.01571890892279242,0.11003236245954692
sonnet46,processed,3.0,20260924,beta,original,0.036523347202958856,-0.07073509015256589
sonnet46,processed,3.0,20260924,beta,penalty_prompt,0.8425705039297272,-0.5082200647249191
sonnet46,processed,3.0,20260924,beta,always_abstain,0.013869625520110958,0.08784096162736939
sonnet46,processed,3.0,20260925,isotonic_direct,original,0.038834951456310676,-0.06657420249653258
sonnet46,processed,3.0,20260925,isotonic_direct,penalty_prompt,0.8535737401756819,-0.49607027276930193
sonnet46,processed,3.0,20260925,isotonic_direct,always_abstain,0.012482662968099861,0.10494683310217291
sonnet46,processed,3.0,20260925,beta,original,0.03559870550161812,-0.07905686546463245
sonnet46,processed,3.0,20260925,beta,penalty_prompt,0.8503374942209894,-0.5085529357374018
sonnet46,processed,3.0,20260925,beta,always_abstain,0.009246417013407305,0.09246417013407304
sonnet46,processed,3.0,20260926,isotonic_direct,original,0.024503005085529356,-0.04761904761904763
sonnet46,processed,3.0,20260926,isotonic_direct,penalty_prompt,0.908515950069348,-0.49638465094775763
sonnet46,processed,3.0,20260926,isotonic_direct,always_abstain,0.011095700416088766,0.1091077207582062
sonnet46,processed,3.0,20260926,beta,original,0.02727693018955155,-0.06888580674988444
sonnet46,processed,3.0,20260926,beta,penalty_prompt,0.9112898751733702,-0.5176514100785944
sonnet46,processed,3.0,20260926,beta,always_abstain,0.013869625520110958,0.08784096162736939
sonnet46,processed,3.0,20260927,isotonic_direct,original,0.03513638465094776,-0.05917706888580675
sonnet46,processed,3.0,20260927,isotonic_direct,penalty_prompt,0.8939528432732317,-0.4994452149791956
sonnet46,processed,3.0,20260927,isotonic_direct,always_abstain,0.006472491909385114,0.10078594544613963
sonnet46,processed,3.0,20260927,beta,original,0.03791030975496995,-0.06934812760055478
sonnet46,processed,3.0,20260927,beta,penalty_prompt,0.8967267683772538,-0.5096162736939436
sonnet46,processed,3.0,20260927,beta,always_abstain,0.009246417013407305,0.09061488673139159
sonnet46,processed,3.0,20260928,isotonic_direct,original,0.030513176144244106,-0.0601017105871475
sonnet46,processed,3.0,20260928,isotonic_direct,penalty_prompt,0.8349329634766528,-0.48952380952380947
sonnet46,processed,3.0,20260928,isotonic_direct,always_abstain,0.016643550624133148,0.09801202034211742
sonnet46,processed,3.0,20260928,beta,original,0.026814609338881183,-0.07119741100323626
sonnet46,processed,3.0,20260928,beta,penalty_prompt,0.8312343966712898,-0.5006195099398982
sonnet46,processed,3.0,20260928,beta,always_abstain,0.012944983818770227,0.08691631992602866
sonnet46,processed,3.0,20260929,isotonic_direct,original,0.0319001386962552,-0.05501618122977346
sonnet46,processed,3.0,20260929,isotonic_direct,penalty_prompt,0.8710679611650485,-0.505649560795192
sonnet46,processed,3.0,20260929,isotonic_direct,always_abstain,0.013407304669440592,0.10402219140083217
sonnet46,processed,3.0,20260929,beta,original,0.029588534442903373,-0.07582061950993989
sonnet46,processed,3.0,20260929,beta,penalty_prompt,0.8687563569116966,-0.5264539990753584
sonnet46,processed,3.0,20260929,beta,always_abstain,0.011095700416088766,0.08321775312066575
sonnet46,processed,3.0,20260930,isotonic_direct,original,0.030050855293573743,-0.12159038372630607
sonnet46,processed,3.0,20260930,isotonic_direct,penalty_prompt,0.8627092001849284,-0.5555432269995377
sonnet46,processed,3.0,20260930,isotonic_direct,always_abstain,0.01756819232547388,0.04345815996301433
sonnet46,processed,3.0,20260930,beta,original,0.03467406380027739,-0.07813222376329174
sonnet46,processed,3.0,20260930,beta,penalty_prompt,0.867332408691632,-0.5120850670365233
sonnet46,processed,3.0,20260930,beta,always_abstain,0.022191400832177532,0.08691631992602866
sonnet46,processed,3.0,20260931,isotonic_direct,original,0.026814609338881183,-0.1266759130836801
sonnet46,processed,3.0,20260931,isotonic_direct,penalty_prompt,0.8418400369856681,-0.5604345815996301
sonnet46,processed,3.0,20260931,isotonic_direct,always_abstain,0.024965325936199722,0.045307443365695796
sonnet46,processed,3.0,20260931,beta,original,0.026814609338881183,-0.1266759130836801
sonnet46,processed,3.0,20260931,beta,penalty_prompt,0.8418400369856681,-0.5604345815996301
sonnet46,processed,3.0,20260931,beta,always_abstain,0.024965325936199722,0.045307443365695796
sonnet46,processed,3.0,20260932,isotonic_direct,original,0.03559870550161812,-0.1382339343504392
sonnet46,processed,3.0,20260932,isotonic_direct,penalty_prompt,0.8800554785020803,-0.5799907535829866
sonnet46,processed,3.0,20260932,isotonic_direct,always_abstain,0.0212667591308368,0.028663892741562644
sonnet46,processed,3.0,20260932,beta,original,0.044382801664355064,-0.07951918631530282
sonnet46,processed,3.0,20260932,beta,penalty_prompt,0.8888395746648173,-0.5212760055478503
sonnet46,processed,3.0,20260932,beta,always_abstain,0.03005085529357374,0.08737864077669903
sonnet46,processed,3.0,20260933,isotonic_direct,original,0.035136384650947754,-0.055478502080443845
sonnet46,processed,3.0,20260933,isotonic_direct,penalty_prompt,0.8807027276930189,-0.5105871474803515
sonnet46,processed,3.0,20260933,isotonic_direct,always_abstain,0.0004623208506703652,0.10402219140083217
sonnet46,processed,3.0,20260933,beta,original,0.04299583911234396,-0.06611188164586224
sonnet46,processed,3.0,20260933,beta,penalty_prompt,0.8885621821544152,-0.5212205270457698
sonnet46,processed,3.0,20260933,beta,always_abstain,0.008321775312066574,0.09338881183541378
sonnet46,processed,3.0,20260934,isotonic_direct,original,0.024040684234858993,-0.05362921867776235
sonnet46,processed,3.0,20260934,isotonic_direct,penalty_prompt,0.8527693018955155,-0.5024595469255663
sonnet46,processed,3.0,20260934,isotonic_direct,always_abstain,0.012944983818770227,0.09616273693943597
sonnet46,processed,3.0,20260934,beta,original,0.02034211742949607,-0.06472491909385113
sonnet46,processed,3.0,20260934,beta,penalty_prompt,0.8490707350901526,-0.513555247341655
sonnet46,processed,3.0,20260934,beta,always_abstain,0.009246417013407305,0.0850670365233472
sonnet46,processed,3.0,20260935,isotonic_direct,original,0.02866389274156264,-0.12112806287563568
sonnet46,processed,3.0,20260935,isotonic_direct,penalty_prompt,0.8322884882108184,-0.5641423948220063
sonnet46,processed,3.0,20260935,isotonic_direct,always_abstain,0.016181229773462782,0.042071197411003236
sonnet46,processed,3.0,20260935,beta,original,0.027739251040221916,-0.07582061950993989
sonnet46,processed,3.0,20260935,beta,penalty_prompt,0.8313638465094776,-0.5188349514563106
sonnet46,processed,3.0,20260935,beta,always_abstain,0.015256588072122053,0.08737864077669903
sonnet46,processed,3.0,20260936,isotonic_direct,original,0.03975959315765141,-0.06564956079519187
sonnet46,processed,3.0,20260936,isotonic_direct,penalty_prompt,0.8448821081830791,-0.5026907073509016
sonnet46,processed,3.0,20260936,isotonic_direct,always_abstain,0.024965325936199722,0.0970873786407767
sonnet46,processed,3.0,20260936,beta,original,0.03421174294960702,-0.07859454461396209
sonnet46,processed,3.0,20260936,beta,penalty_prompt,0.8393342579750347,-0.5156356911696718
sonnet46,processed,3.0,20260936,beta,always_abstain,0.019417475728155338,0.08414239482200647
sonnet46,processed,3.0,20260937,isotonic_direct,original,0.04345815996301433,-0.06564956079519185
sonnet46,processed,3.0,20260937,isotonic_direct,penalty_prompt,0.8450115580212667,-0.4977901063337956
sonnet46,processed,3.0,20260937,isotonic_direct,always_abstain,0.0027739251040221915,0.09893666204345816
sonnet46,processed,3.0,20260937,beta,original,0.04345815996301433,-0.06564956079519185
sonnet46,processed,3.0,20260937,beta,penalty_prompt,0.8450115580212667,-0.4977901063337956
sonnet46,processed,3.0,20260937,beta,always_abstain,0.0027739251040221915,0.09893666204345816
sonnet46,processed,3.0,20260938,isotonic_direct,original,0.039297272306981046,-0.06611188164586224
sonnet46,processed,3.0,20260938,isotonic_direct,penalty_prompt,0.8663522884882109,-0.49978733240869155
sonnet46,processed,3.0,20260938,isotonic_direct,always_abstain,0.02311604253351826,0.09893666204345816
sonnet46,processed,3.0,20260938,beta,original,0.032824780397595926,-0.07813222376329174
sonnet46,processed,3.0,20260938,beta,penalty_prompt,0.8598797965788257,-0.5118076745261211
sonnet46,processed,3.0,20260938,beta,always_abstain,0.016643550624133148,0.08691631992602866
sonnet46,processed,3.0,20260939,isotonic_direct,original,0.030050855293573743,-0.05686546463245491
sonnet46,processed,3.0,20260939,isotonic_direct,penalty_prompt,0.8400554785020804,-0.47537679149329626
sonnet46,processed,3.0,20260939,isotonic_direct,always_abstain,0.012482662968099861,0.11604253351826167
sonnet46,processed,3.0,20260939,beta,original,0.027739251040221916,-0.07766990291262135
sonnet46,processed,3.0,20260939,beta,penalty_prompt,0.8377438742487285,-0.4961812297734627
sonnet46,processed,3.0,20260939,beta,always_abstain,0.010171058714748035,0.09523809523809523
sonnet46,processed,3.0,20260940,isotonic_direct,original,0.02727693018955155,-0.11326860841423947
sonnet46,processed,3.0,20260940,isotonic_direct,penalty_prompt,0.8231900138696255,-0.5500508552935738
sonnet46,processed,3.0,20260940,isotonic_direct,always_abstain,0.021729079981507166,0.04576976421636616
sonnet46,processed,3.0,20260940,beta,original,0.02727693018955155,-0.11326860841423947
sonnet46,processed,3.0,20260940,beta,penalty_prompt,0.8231900138696255,-0.5500508552935738
sonnet46,processed,3.0,20260940,beta,always_abstain,0.021729079981507166,0.04576976421636616
sonnet46,processed,3.0,20260941,isotonic_direct,original,0.0319001386962552,-0.0716597318539066
sonnet46,processed,3.0,20260941,isotonic_direct,penalty_prompt,0.8420804438280167,-0.5197318539066114
sonnet46,processed,3.0,20260941,isotonic_direct,always_abstain,0.013869625520110958,0.10263522884882108
sonnet46,processed,3.0,20260941,beta,original,0.026814609338881183,-0.082293111419325
sonnet46,processed,3.0,20260941,beta,penalty_prompt,0.8369949144706427,-0.5303652334720297
sonnet46,processed,3.0,20260941,beta,always_abstain,0.00878409616273694,0.09200184928340269
sonnet46,processed,3.0,20260942,isotonic_direct,original,0.024503005085529356,-0.04946833102172907
sonnet46,processed,3.0,20260942,isotonic_direct,penalty_prompt,0.8616273693943597,-0.4803606102635229
sonnet46,processed,3.0,20260942,isotonic_direct,always_abstain,0.013407304669440592,0.11511789181692095
sonnet46,processed,3.0,20260942,beta,original,0.023578363384188627,-0.07073509015256588
sonnet46,processed,3.0,20260942,beta,penalty_prompt,0.8607027276930189,-0.5016273693943597
sonnet46,processed,3.0,20260942,beta,always_abstain,0.012482662968099861,0.09385113268608414
sonnet46,processed,3.0,20260943,isotonic_direct,original,0.02912621359223301,-0.06518723994452151
sonnet46,processed,3.0,20260943,isotonic_direct,penalty_prompt,0.8854184003698566,-0.5087933425797504
sonnet46,processed,3.0,20260943,isotonic_direct,always_abstain,0.02727693018955155,0.10124826629680998
sonnet46,processed,3.0,20260943,beta,original,0.026352288488210817,-0.07535829865926955
sonnet46,processed,3.0,20260943,beta,penalty_prompt,0.8826444752658344,-0.5189644012944984
sonnet46,processed,3.0,20260943,beta,always_abstain,0.024503005085529356,0.09107720758206195
sonnet46,processed,3.0,20260944,isotonic_direct,original,0.027739251040221912,-0.13129912159038373
sonnet46,processed,3.0,20260944,isotonic_direct,penalty_prompt,0.9203791030975496,-0.5782431807674526
sonnet46,processed,3.0,20260944,isotonic_direct,always_abstain,0.02311604253351826,0.03975959315765141
sonnet46,processed,3.0,20260944,beta,original,0.027739251040221912,-0.13129912159038373
sonnet46,processed,3.0,20260944,beta,penalty_prompt,0.9203791030975496,-0.5782431807674526
sonnet46,processed,3.0,20260944,beta,always_abstain,0.02311604253351826,0.03975959315765141
sonnet46,processed,3.0,20260945,isotonic_direct,original,0.04022191400832177,-0.05409153952843272
sonnet46,processed,3.0,20260945,isotonic_direct,penalty_prompt,0.8243920480813685,-0.4913730929264911
sonnet46,processed,3.0,20260945,isotonic_direct,always_abstain,0.018955154877484975,0.1077207582061951
sonnet46,processed,3.0,20260945,beta,original,0.039297272306981046,-0.07720758206195098
sonnet46,processed,3.0,20260945,beta,penalty_prompt,0.8234674063800277,-0.5144891354600094
sonnet46,processed,3.0,20260945,beta,always_abstain,0.018030513176144243,0.08460471567267684
sonnet46,processed,3.0,20260946,isotonic_direct,original,0.033287101248266296,-0.055478502080443845
sonnet46,processed,3.0,20260946,isotonic_direct,penalty_prompt,0.8633102172907998,-0.49306518723994447
sonnet46,processed,3.0,20260946,isotonic_direct,always_abstain,0.01756819232547388,0.10818307905686546
sonnet46,processed,3.0,20260946,beta,original,0.03282478039759593,-0.0744336569579288
sonnet46,processed,3.0,20260946,beta,penalty_prompt,0.8628478964401294,-0.5120203421174294
sonnet46,processed,3.0,20260946,beta,always_abstain,0.017105871474803514,0.0892279241793805
sonnet46,processed,3.0,20260947,isotonic_direct,original,0.02912621359223301,-0.05963938973647713
sonnet46,processed,3.0,20260947,isotonic_direct,penalty_prompt,0.8812575127138235,-0.5148404993065188
sonnet46,processed,3.0,20260947,isotonic_direct,always_abstain,0.013869625520110958,0.0970873786407767
sonnet46,processed,3.0,20260947,beta,original,0.023578363384188627,-0.07073509015256589
sonnet46,processed,3.0,20260947,beta,penalty_prompt,0.8757096625057791,-0.5259361997226075
sonnet46,processed,3.0,20260947,beta,always_abstain,0.008321775312066574,0.08599167822468794
sonnet46,processed,3.0,20260948,isotonic_direct,original,0.02635228848821082,-0.07350901525658807
sonnet46,processed,3.0,20260948,isotonic_direct,penalty_prompt,0.8489042995839111,-0.5135737401756819
sonnet46,processed,3.0,20260948,isotonic_direct,always_abstain,0.012482662968099861,0.09200184928340269
sonnet46,processed,3.0,20260948,beta,original,0.02635228848821082,-0.07350901525658807
sonnet46,processed,3.0,20260948,beta,penalty_prompt,0.8489042995839111,-0.5135737401756819
sonnet46,processed,3.0,20260948,beta,always_abstain,0.012482662968099861,0.09200184928340269
sonnet46,processed,3.0,20260949,isotonic_direct,original,0.047619047619047616,-0.0596393897364771
sonnet46,processed,3.0,20260949,isotonic_direct,penalty_prompt,0.8897919556171983,-0.5028663892741562
sonnet46,processed,3.0,20260949,isotonic_direct,always_abstain,0.010171058714748035,0.10078594544613963
sonnet46,processed,3.0,20260949,beta,original,0.05224225612575127,-0.0716597318539066
sonnet46,processed,3.0,20260949,beta,penalty_prompt,0.894415164123902,-0.5148867313915857
sonnet46,processed,3.0,20260949,beta,always_abstain,0.014794267221451687,0.08876560332871013
sonnet46,processed,3.0,20260950,isotonic_direct,original,0.03005085529357374,-0.07905686546463245
sonnet46,processed,3.0,20260950,isotonic_direct,penalty_prompt,0.8523162274618585,-0.5084974572353214
sonnet46,processed,3.0,20260950,isotonic_direct,always_abstain,0.006934812760055479,0.09385113268608414
sonnet46,processed,3.0,20260950,beta,original,0.03097549699491447,-0.07813222376329171
sonnet46,processed,3.0,20260950,beta,penalty_prompt,0.8532408691631993,-0.5075728155339806
sonnet46,processed,3.0,20260950,beta,always_abstain,0.00785945446139621,0.09477577438742488
sonnet46,processed,3.0,20260951,isotonic_direct,original,0.025889967637540454,-0.06657420249653259
sonnet46,processed,3.0,20260951,isotonic_direct,penalty_prompt,0.8442163661581137,-0.499953767914933
sonnet46,processed,3.0,20260951,isotonic_direct,always_abstain,0.022653721682847898,0.10957004160887657
sonnet46,processed,3.0,20260951,beta,original,0.019879796578825704,-0.07813222376329174
sonnet46,processed,3.0,20260951,beta,penalty_prompt,0.838206195099399,-0.5115117891816922
sonnet46,processed,3.0,20260951,beta,always_abstain,0.016643550624133148,0.09801202034211742
sonnet46,processed,3.0,20260952,isotonic_direct,original,0.03467406380027739,-0.06703652334720295
sonnet46,processed,3.0,20260952,isotonic_direct,penalty_prompt,0.879953767914933,-0.5069348127600555
sonnet46,processed,3.0,20260952,isotonic_direct,always_abstain,0.018955154877484975,0.10032362459546926
sonnet46,processed,3.0,20260952,beta,original,0.03421174294960703,-0.07489597780859916
sonnet46,processed,3.0,20260952,beta,penalty_prompt,0.8794914470642625,-0.5147942672214517
sonnet46,processed,3.0,20260952,beta,always_abstain,0.01849283402681461,0.09246417013407304
sonnet46,processed,3.0,20260953,isotonic_direct,original,0.03513638465094776,-0.05362921867776235
sonnet46,processed,3.0,20260953,isotonic_direct,penalty_prompt,0.8641886269070733,-0.48826629680998607
sonnet46,processed,3.0,20260953,isotonic_direct,always_abstain,0.022653721682847898,0.11511789181692095
sonnet46,processed,3.0,20260953,beta,original,0.039297272306981046,-0.12528895053166897
sonnet46,processed,3.0,20260953,beta,penalty_prompt,0.8683495145631066,-0.5599260286638927
sonnet46,processed,3.0,20260953,beta,always_abstain,0.026814609338881183,0.04345815996301433
sonnet46,processed,3.0,20260954,isotonic_direct,original,0.04345815996301433,-0.06380027739251042
sonnet46,processed,3.0,20260954,isotonic_direct,penalty_prompt,0.8941377716134997,-0.5126121128062877
sonnet46,processed,3.0,20260954,isotonic_direct,always_abstain,0.024965325936199722,0.0970873786407767
sonnet46,processed,3.0,20260954,beta,original,0.04068423485899214,-0.07397133610725845
sonnet46,processed,3.0,20260954,beta,penalty_prompt,0.8913638465094775,-0.5227831715210357
sonnet46,processed,3.0,20260954,beta,always_abstain,0.022191400832177532,0.08691631992602866
sonnet46,processed,3.0,20260955,isotonic_direct,original,0.038372630605640314,-0.061488673139158595
sonnet46,processed,3.0,20260955,isotonic_direct,penalty_prompt,0.8898474341192788,-0.5143504392048082
sonnet46,processed,3.0,20260955,isotonic_direct,always_abstain,0.011095700416088766,0.09801202034211742
sonnet46,processed,3.0,20260955,beta,original,0.03421174294960703,-0.07119741100323626
sonnet46,processed,3.0,20260955,beta,penalty_prompt,0.8856865464632455,-0.5240591770688858
sonnet46,processed,3.0,20260955,beta,always_abstain,0.006934812760055479,0.08830328247803976
sonnet46,processed,3.0,20260956,isotonic_direct,original,0.033749422098936666,-0.12159038372630604
sonnet46,processed,3.0,20260956,isotonic_direct,penalty_prompt,0.884539990753583,-0.5556819232547389
sonnet46,processed,3.0,20260956,isotonic_direct,always_abstain,0.021729079981507166,0.04022191400832178
sonnet46,processed,3.0,20260956,beta,original,0.038372630605640314,-0.07443365695792879
sonnet46,processed,3.0,20260956,beta,penalty_prompt,0.8891631992602866,-0.5085251964863616
sonnet46,processed,3.0,20260956,beta,always_abstain,0.026352288488210817,0.08737864077669903
sonnet46,processed,3.0,20260957,isotonic_direct,original,0.044845122515025426,-0.0716597318539066
sonnet46,processed,3.0,20260957,isotonic_direct,penalty_prompt,0.8476375404530744,-0.5116597318539067
sonnet46,processed,3.0,20260957,isotonic_direct,always_abstain,0.007397133610725843,0.09431345353675451
sonnet46,processed,3.0,20260957,beta,original,0.044845122515025426,-0.0716597318539066
sonnet46,processed,3.0,20260957,beta,penalty_prompt,0.8476375404530744,-0.5116597318539067
sonnet46,processed,3.0,20260957,beta,always_abstain,0.007397133610725843,0.09431345353675451
sonnet46,processed,3.0,20260958,isotonic_direct,original,0.03282478039759593,-0.05779010633379564
sonnet46,processed,3.0,20260958,isotonic_direct,penalty_prompt,0.8614886731391586,-0.491558021266759
sonnet46,processed,3.0,20260958,isotonic_direct,always_abstain,0.023578363384188627,0.11789181692094314
sonnet46,processed,3.0,20260958,beta,original,0.03143781784558484,-0.08321775312066573
sonnet46,processed,3.0,20260958,beta,penalty_prompt,0.8601017105871475,-0.5169856680536291
sonnet46,processed,3.0,20260958,beta,always_abstain,0.022191400832177532,0.09246417013407304
sonnet46,processed,3.0,20260959,isotonic_direct,original,0.014794267221451687,-0.1183541377716135
sonnet46,processed,3.0,20260959,isotonic_direct,penalty_prompt,0.8494220989366619,-0.564133148404993
sonnet46,processed,3.0,20260959,isotonic_direct,always_abstain,0.012482662968099861,0.042071197411003236
sonnet46,processed,3.0,20260959,beta,original,0.023578363384188627,-0.07258437355524734
sonnet46,processed,3.0,20260959,beta,penalty_prompt,0.8582061950993988,-0.5183633841886268
sonnet46,processed,3.0,20260959,beta,always_abstain,0.0212667591308368,0.08784096162736939
sonnet46,processed,3.0,20260960,isotonic_direct,original,0.023578363384188627,-0.11326860841423947
sonnet46,processed,3.0,20260960,isotonic_direct,penalty_prompt,0.8426167360147943,-0.5495977808599168
sonnet46,processed,3.0,20260960,isotonic_direct,always_abstain,0.012020342117429497,0.04160887656033287
sonnet46,processed,3.0,20260960,beta,original,0.024503005085529356,-0.07350901525658807
sonnet46,processed,3.0,20260960,beta,penalty_prompt,0.8435413777161349,-0.5098381877022654
sonnet46,processed,3.0,20260960,beta,always_abstain,0.012944983818770227,0.08136846971798428
sonnet46,processed,3.0,20260961,isotonic_direct,original,0.02635228848821082,-0.06981044845122515
sonnet46,processed,3.0,20260961,isotonic_direct,penalty_prompt,0.8688580674988441,-0.503199260286639
sonnet46,processed,3.0,20260961,isotonic_direct,always_abstain,0.01571890892279242,0.10263522884882108
sonnet46,processed,3.0,20260961,beta,original,0.01849283402681461,-0.07951918631530282
sonnet46,processed,3.0,20260961,beta,penalty_prompt,0.860998613037448,-0.5129079981507166
sonnet46,processed,3.0,20260961,beta,always_abstain,0.00785945446139621,0.09292649098474341
sonnet46,processed,3.0,20260962,isotonic_direct,original,0.04345815996301433,-0.06564956079519187
sonnet46,processed,3.0,20260962,isotonic_direct,penalty_prompt,0.8773555247341654,-0.5054646324549238
sonnet46,processed,3.0,20260962,isotonic_direct,always_abstain,0.014331946370781322,0.09939898289412853
sonnet46,processed,3.0,20260962,beta,original,0.038372630605640314,-0.07628294036061027
sonnet46,processed,3.0,20260962,beta,penalty_prompt,0.8722699953767915,-0.5160980120203422
sonnet46,processed,3.0,20260962,beta,always_abstain,0.009246417013407305,0.08876560332871013
sonnet46,processed,3.0,20260963,isotonic_direct,original,0.04022191400832178,-0.06333795654184005
sonnet46,processed,3.0,20260963,isotonic_direct,penalty_prompt,0.8449190938511326,-0.5050577901063338
sonnet46,processed,3.0,20260963,isotonic_direct,always_abstain,0.004623208506703652,0.09338881183541378
sonnet46,processed,3.0,20260963,beta,original,0.04022191400832178,-0.06333795654184005
sonnet46,processed,3.0,20260963,beta,penalty_prompt,0.8449190938511326,-0.5050577901063338
sonnet46,processed,3.0,20260963,beta,always_abstain,0.004623208506703652,0.09338881183541378
sonnet46,processed,3.0,20260964,isotonic_direct,original,0.0425335182616736,-0.06842348589921404
sonnet46,processed,3.0,20260964,isotonic_direct,penalty_prompt,0.8480998613037448,-0.5016920943134534
sonnet46,processed,3.0,20260964,isotonic_direct,always_abstain,0.012944983818770227,0.09616273693943597
sonnet46,processed,3.0,20260964,beta,original,0.04022191400832177,-0.07813222376329172
sonnet46,processed,3.0,20260964,beta,penalty_prompt,0.8457882570503931,-0.5114008321775311
sonnet46,processed,3.0,20260964,beta,always_abstain,0.0106333795654184,0.08645399907535829
sonnet46,processed,3.0,20260965,isotonic_direct,original,0.02034211742949607,-0.12205270457697642
sonnet46,processed,3.0,20260965,isotonic_direct,penalty_prompt,0.856504854368932,-0.5658899676375404
sonnet46,processed,3.0,20260965,isotonic_direct,always_abstain,0.012020342117429497,0.04345815996301433
sonnet46,processed,3.0,20260965,beta,original,0.023578363384188627,-0.07998150716597319
sonnet46,processed,3.0,20260965,beta,penalty_prompt,0.8597411003236245,-0.5238187702265372
sonnet46,processed,3.0,20260965,beta,always_abstain,0.015256588072122053,0.08552935737401757
sonnet46,processed,3.0,20260966,isotonic_direct,original,0.03744798890429958,-0.060564031437817856
sonnet46,processed,3.0,20260966,isotonic_direct,penalty_prompt,0.8712806287563569,-0.5
sonnet46,processed,3.0,20260966,isotonic_direct,always_abstain,0.014794267221451687,0.10725843735552473
sonnet46,processed,3.0,20260966,beta,original,0.030513176144244106,-0.07489597780859918
sonnet46,processed,3.0,20260966,beta,penalty_prompt,0.8643458159963014,-0.5143319463707814
sonnet46,processed,3.0,20260966,beta,always_abstain,0.00785945446139621,0.09292649098474341
sonnet46,processed,3.0,20260967,isotonic_direct,original,0.036523347202958856,-0.12806287563569116
sonnet46,processed,3.0,20260967,isotonic_direct,penalty_prompt,0.8854831252889505,-0.5646139620896902
sonnet46,processed,3.0,20260967,isotonic_direct,always_abstain,0.022191400832177532,0.04068423485899214
sonnet46,processed,3.0,20260967,beta,original,0.036523347202958856,-0.07628294036061026
sonnet46,processed,3.0,20260967,beta,penalty_prompt,0.8854831252889505,-0.5128340268146093
sonnet46,processed,3.0,20260967,beta,always_abstain,0.022191400832177532,0.09246417013407304
sonnet46,processed,3.0,20260968,isotonic_direct,original,0.03421174294960703,-0.05825242718446602
sonnet46,processed,3.0,20260968,isotonic_direct,penalty_prompt,0.8587424872861766,-0.5037725381414702
sonnet46,processed,3.0,20260968,isotonic_direct,always_abstain,0.023578363384188627,0.10309754969949145
sonnet46,processed,3.0,20260968,beta,original,0.032362459546925564,-0.06749884419787333
sonnet46,processed,3.0,20260968,beta,penalty_prompt,0.8568932038834952,-0.5130189551548775
sonnet46,processed,3.0,20260968,beta,always_abstain,0.021729079981507166,0.09385113268608414
sonnet46,processed,3.0,20260969,isotonic_direct,original,0.029588534442903373,-0.048081368469717986
sonnet46,processed,3.0,20260969,isotonic_direct,penalty_prompt,0.8850208044382801,-0.49132686084142396
sonnet46,processed,3.0,20260969,isotonic_direct,always_abstain,0.005085529357374018,0.11604253351826167
sonnet46,processed,3.0,20260969,beta,original,0.03467406380027739,-0.05779010633379565
sonnet46,processed,3.0,20260969,beta,penalty_prompt,0.8901063337956541,-0.5010355987055016
sonnet46,processed,3.0,20260969,beta,always_abstain,0.010171058714748035,0.10633379565418401
sonnet46,processed,3.0,20260970,isotonic_direct,original,0.03143781784558484,-0.053629218677762366
sonnet46,processed,3.0,20260970,isotonic_direct,penalty_prompt,0.8467128987517337,-0.5051132686084142
sonnet46,processed,3.0,20260970,isotonic_direct,always_abstain,0.017105871474803514,0.1077207582061951
sonnet46,processed,3.0,20260970,beta,original,0.03421174294960703,-0.07489597780859918
sonnet46,processed,3.0,20260970,beta,penalty_prompt,0.8494868238557559,-0.526380027739251
sonnet46,processed,3.0,20260970,beta,always_abstain,0.019879796578825704,0.08645399907535829
sonnet46,processed,3.0,20260971,isotonic_direct,original,0.038834951456310676,-0.07027276930189552
sonnet46,processed,3.0,20260971,isotonic_direct,penalty_prompt,0.8379750346740638,-0.5018677762367082
sonnet46,processed,3.0,20260971,isotonic_direct,always_abstain,0.017105871474803514,0.10032362459546926
sonnet46,processed,3.0,20260971,beta,original,0.033749422098936666,-0.08090614886731393
sonnet46,processed,3.0,20260971,beta,penalty_prompt,0.8328895053166898,-0.5125011558021266
sonnet46,processed,3.0,20260971,beta,always_abstain,0.012020342117429497,0.08969024503005085
sonnet46,processed,3.0,20260972,isotonic_direct,original,0.04761904761904762,-0.07073509015256589
sonnet46,processed,3.0,20260972,isotonic_direct,penalty_prompt,0.8709107720758206,-0.5093203883495147
sonnet46,processed,3.0,20260972,isotonic_direct,always_abstain,0.011095700416088766,0.09986130374479889
sonnet46,processed,3.0,20260972,beta,original,0.04761904761904762,-0.07073509015256589
sonnet46,processed,3.0,20260972,beta,penalty_prompt,0.8709107720758206,-0.5093203883495147
sonnet46,processed,3.0,20260972,beta,always_abstain,0.011095700416088766,0.09986130374479889
sonnet46,processed,3.0,20260973,isotonic_direct,original,0.0319001386962552,-0.047619047619047616
sonnet46,processed,3.0,20260973,isotonic_direct,penalty_prompt,0.8599167822468793,-0.49875173370319004
sonnet46,processed,3.0,20260973,isotonic_direct,always_abstain,0.019879796578825704,0.10864539990753583
sonnet46,processed,3.0,20260973,beta,original,0.036523347202958856,-0.06333795654184003
sonnet46,processed,3.0,20260973,beta,penalty_prompt,0.864539990753583,-0.5144706426259825
sonnet46,processed,3.0,20260973,beta,always_abstain,0.024503005085529356,0.09292649098474341
sonnet46,processed,3.0,20260974,isotonic_direct,original,0.039297272306981046,-0.06056403143781783
sonnet46,processed,3.0,20260974,isotonic_direct,penalty_prompt,0.8739990753582987,-0.5087471104946832
sonnet46,processed,3.0,20260974,isotonic_direct,always_abstain,0.0106333795654184,0.11234396671289876
sonnet46,processed,3.0,20260974,beta,original,0.042071197411003236,-0.08368007397133609
sonnet46,processed,3.0,20260974,beta,penalty_prompt,0.8767730004623209,-0.5318631530282015
sonnet46,processed,3.0,20260974,beta,always_abstain,0.013407304669440592,0.0892279241793805
sonnet46,processed,3.0,20260975,isotonic_direct,original,0.044845122515025426,-0.06611188164586224
sonnet46,processed,3.0,20260975,isotonic_direct,penalty_prompt,0.9234766527970412,-0.5171890892279242
sonnet46,processed,3.0,20260975,isotonic_direct,always_abstain,0.024503005085529356,0.09662505779010633
sonnet46,processed,3.0,20260975,beta,original,0.038834951456310676,-0.0758206195099399
sonnet46,processed,3.0,20260975,beta,penalty_prompt,0.9174664817383263,-0.5268978270920018
sonnet46,processed,3.0,20260975,beta,always_abstain,0.01849283402681461,0.08691631992602866
sonnet46,processed,3.0,20260976,isotonic_direct,original,0.04299583911234396,-0.05686546463245491
sonnet46,processed,3.0,20260976,isotonic_direct,penalty_prompt,0.8655755894590844,-0.5013407304669442
sonnet46,processed,3.0,20260976,isotonic_direct,always_abstain,-0.0009246417013407304,0.10633379565418401
sonnet46,processed,3.0,20260976,beta,original,0.04854368932038835,-0.06611188164586222
sonnet46,processed,3.0,20260976,beta,penalty_prompt,0.8711234396671288,-0.5105871474803515
sonnet46,processed,3.0,20260976,beta,always_abstain,0.004623208506703652,0.0970873786407767
sonnet46,processed,3.0,20260977,isotonic_direct,original,0.03282478039759593,-0.05963938973647713
sonnet46,processed,3.0,20260977,isotonic_direct,penalty_prompt,0.8476190476190475,-0.49166897827092
sonnet46,processed,3.0,20260977,isotonic_direct,always_abstain,0.01571890892279242,0.10263522884882108
sonnet46,processed,3.0,20260977,beta,original,0.024965325936199725,-0.07489597780859918
sonnet46,processed,3.0,20260977,beta,penalty_prompt,0.8397595931576514,-0.5069255663430421
sonnet46,processed,3.0,20260977,beta,always_abstain,0.00785945446139621,0.08737864077669903
sonnet46,processed,3.0,20260978,isotonic_direct,original,0.038834951456310676,-0.06472491909385114
sonnet46,processed,3.0,20260978,isotonic_direct,penalty_prompt,0.8263615349052242,-0.510781322237633
sonnet46,processed,3.0,20260978,isotonic_direct,always_abstain,0.02311604253351826,0.09523809523809523
sonnet46,processed,3.0,20260978,beta,original,0.033287101248266296,-0.07766990291262137
sonnet46,processed,3.0,20260978,beta,penalty_prompt,0.8208136846971799,-0.5237263060564031
sonnet46,processed,3.0,20260978,beta,always_abstain,0.01756819232547388,0.08229311141932501
sonnet46,processed,3.0,20260979,isotonic_direct,original,0.024503005085529356,-0.051317614424410546
sonnet46,processed,3.0,20260979,isotonic_direct,penalty_prompt,0.8313176144244104,-0.4862598243180767
sonnet46,processed,3.0,20260979,isotonic_direct,always_abstain,0.016643550624133148,0.11280628756356911
sonnet46,processed,3.0,20260979,beta,original,0.02311604253351826,-0.07119741100323625
sonnet46,processed,3.0,20260979,beta,penalty_prompt,0.8299306518723993,-0.5061396208969025
sonnet46,processed,3.0,20260979,beta,always_abstain,0.015256588072122053,0.09292649098474341
sonnet46,processed,3.0,20260980,isotonic_direct,original,0.03421174294960703,-0.11927877947295423
sonnet46,processed,3.0,20260980,isotonic_direct,penalty_prompt,0.8524086916319925,-0.5681368469717984
sonnet46,processed,3.0,20260980,isotonic_direct,always_abstain,0.021729079981507166,0.042071197411003236
sonnet46,processed,3.0,20260980,beta,original,0.03421174294960703,-0.11927877947295423
sonnet46,processed,3.0,20260980,beta,penalty_prompt,0.8524086916319925,-0.5681368469717984
sonnet46,processed,3.0,20260980,beta,always_abstain,0.021729079981507166,0.042071197411003236
sonnet46,processed,3.0,20260981,isotonic_direct,original,0.042071197411003236,-0.06888580674988443
sonnet46,processed,3.0,20260981,isotonic_direct,penalty_prompt,0.8941747572815534,-0.5140545538603791
sonnet46,processed,3.0,20260981,isotonic_direct,always_abstain,0.024503005085529356,0.09477577438742488
sonnet46,processed,3.0,20260981,beta,original,0.03744798890429958,-0.08275543226999539
sonnet46,processed,3.0,20260981,beta,penalty_prompt,0.8895515487748497,-0.5279241793804901
sonnet46,processed,3.0,20260981,beta,always_abstain,0.019879796578825704,0.08090614886731391
sonnet46,processed,3.0,20260982,isotonic_direct,original,0.04068423485899214,-0.06657420249653259
sonnet46,processed,3.0,20260982,isotonic_direct,penalty_prompt,0.8416736014794267,-0.5019787332408692
sonnet46,processed,3.0,20260982,isotonic_direct,always_abstain,0.024965325936199722,0.10448451225150254
sonnet46,processed,3.0,20260982,beta,original,0.03559870550161812,-0.07905686546463245
sonnet46,processed,3.0,20260982,beta,penalty_prompt,0.8365880721220527,-0.514461396208969
sonnet46,processed,3.0,20260982,beta,always_abstain,0.019879796578825704,0.09200184928340269
sonnet46,processed,3.0,20260983,isotonic_direct,original,0.038372630605640314,-0.05409153952843272
sonnet46,processed,3.0,20260983,isotonic_direct,penalty_prompt,0.8687008784096163,-0.4964401294498382
sonnet46,processed,3.0,20260983,isotonic_direct,always_abstain,0.009708737864077669,0.1077207582061951
sonnet46,processed,3.0,20260983,beta,original,0.03421174294960703,-0.07674526121128063
sonnet46,processed,3.0,20260983,beta,penalty_prompt,0.864539990753583,-0.519093851132686
sonnet46,processed,3.0,20260983,beta,always_abstain,0.005547850208044383,0.0850670365233472
sonnet46,processed,3.0,20260984,isotonic_direct,original,0.0319001386962552,-0.12713823393435045
sonnet46,processed,3.0,20260984,isotonic_direct,penalty_prompt,0.8449745723532132,-0.55042071197411
sonnet46,processed,3.0,20260984,isotonic_direct,always_abstain,0.01849283402681461,0.04623208506703652
sonnet46,processed,3.0,20260984,beta,original,0.03791030975496995,-0.07859454461396209
sonnet46,processed,3.0,20260984,beta,penalty_prompt,0.850984743411928,-0.5018770226537216
sonnet46,processed,3.0,20260984,beta,always_abstain,0.024503005085529356,0.09477577438742488
sonnet46,processed,3.0,20260985,isotonic_direct,original,0.038834951456310676,-0.05547850208044383
sonnet46,processed,3.0,20260985,isotonic_direct,penalty_prompt,0.885177993527508,-0.5033749422098936
sonnet46,processed,3.0,20260985,isotonic_direct,always_abstain,0.013407304669440592,0.10587147480351364
sonnet46,processed,3.0,20260985,beta,original,0.038372630605640314,-0.07628294036061027
sonnet46,processed,3.0,20260985,beta,penalty_prompt,0.8847156726768376,-0.5241793804900601
sonnet46,processed,3.0,20260985,beta,always_abstain,0.012944983818770227,0.0850670365233472
sonnet46,processed,3.0,20260986,isotonic_direct,original,0.04623208506703652,-0.06842348589921406
sonnet46,processed,3.0,20260986,isotonic_direct,penalty_prompt,0.8596856218215441,-0.5017198335644937
sonnet46,processed,3.0,20260986,isotonic_direct,always_abstain,0.022653721682847898,0.10402219140083217
sonnet46,processed,3.0,20260986,beta,original,0.04345815996301433,-0.07859454461396209
sonnet46,processed,3.0,20260986,beta,penalty_prompt,0.8569116967175219,-0.5118908922792417
sonnet46,processed,3.0,20260986,beta,always_abstain,0.019879796578825704,0.09385113268608414
sonnet46,processed,3.0,20260987,isotonic_direct,original,0.024503005085529356,-0.11419325011558024
sonnet46,processed,3.0,20260987,isotonic_direct,penalty_prompt,0.8314840499306518,-0.5537031900138697
sonnet46,processed,3.0,20260987,isotonic_direct,always_abstain,0.018030513176144243,0.043920480813684694
sonnet46,processed,3.0,20260987,beta,original,0.03282478039759593,-0.07073509015256589
sonnet46,processed,3.0,20260987,beta,penalty_prompt,0.8398058252427184,-0.5102450300508554
sonnet46,processed,3.0,20260987,beta,always_abstain,0.026352288488210817,0.08737864077669903
sonnet46,processed,3.0,20260988,isotonic_direct,original,0.033749422098936666,-0.056865464632454926
sonnet46,processed,3.0,20260988,isotonic_direct,penalty_prompt,0.88708275543227,-0.4940360610263523
sonnet46,processed,3.0,20260988,isotonic_direct,always_abstain,-0.0004623208506703652,0.11234396671289876
sonnet46,processed,3.0,20260988,beta,original,0.039297272306981046,-0.06611188164586224
sonnet46,processed,3.0,20260988,beta,penalty_prompt,0.8926306056403144,-0.5032824780397596
sonnet46,processed,3.0,20260988,beta,always_abstain,0.005085529357374018,0.10309754969949145
sonnet46,processed,3.0,20260989,isotonic_direct,original,0.030513176144244106,-0.06564956079519185
sonnet46,processed,3.0,20260989,isotonic_direct,penalty_prompt,0.8565880721220527,-0.5010078594544614
sonnet46,processed,3.0,20260989,isotonic_direct,always_abstain,0.022653721682847898,0.11141932501155802
sonnet46,processed,3.0,20260989,beta,original,0.02635228848821082,-0.07720758206195098
sonnet46,processed,3.0,20260989,beta,penalty_prompt,0.8524271844660194,-0.5125658807212206
sonnet46,processed,3.0,20260989,beta,always_abstain,0.01849283402681461,0.09986130374479889
sonnet46,processed,3.0,20260990,isotonic_direct,original,0.02912621359223301,-0.12251502542764678
sonnet46,processed,3.0,20260990,isotonic_direct,penalty_prompt,0.8106333795654185,-0.5534720295885345
sonnet46,processed,3.0,20260990,isotonic_direct,always_abstain,0.018030513176144243,0.042071197411003236
sonnet46,processed,3.0,20260990,beta,original,0.02912621359223301,-0.07813222376329172
sonnet46,processed,3.0,20260990,beta,penalty_prompt,0.8106333795654185,-0.5090892279241793
sonnet46,processed,3.0,20260990,beta,always_abstain,0.018030513176144243,0.08645399907535829
sonnet46,processed,3.0,20260991,isotonic_direct,original,0.04345815996301433,-0.05825242718446602
sonnet46,processed,3.0,20260991,isotonic_direct,penalty_prompt,0.8495792880258901,-0.5040961627369394
sonnet46,processed,3.0,20260991,isotonic_direct,always_abstain,0.0212667591308368,0.10448451225150254
sonnet46,processed,3.0,20260991,beta,original,0.041608876560332866,-0.08044382801664356
sonnet46,processed,3.0,20260991,beta,penalty_prompt,0.8477300046232087,-0.5262875635691169
sonnet46,processed,3.0,20260991,beta,always_abstain,0.019417475728155338,0.08229311141932501
sonnet46,processed,3.0,20260992,isotonic_direct,original,0.036061026352288486,-0.130374479889043
sonnet46,processed,3.0,20260992,isotonic_direct,penalty_prompt,0.8393250115580213,-0.5598428109107721
sonnet46,processed,3.0,20260992,isotonic_direct,always_abstain,0.021729079981507166,0.04576976421636616
sonnet46,processed,3.0,20260992,beta,original,0.038372630605640314,-0.07813222376329174
sonnet46,processed,3.0,20260992,beta,penalty_prompt,0.8416366158113731,-0.5076005547850209
sonnet46,processed,3.0,20260992,beta,always_abstain,0.024040684234858993,0.09801202034211742
sonnet46,processed,3.0,20260993,isotonic_direct,original,0.03282478039759593,-0.0651872399445215
sonnet46,processed,3.0,20260993,isotonic_direct,penalty_prompt,0.8581322237632916,-0.5103005085529358
sonnet46,processed,3.0,20260993,isotonic_direct,always_abstain,0.01849283402681461,0.09801202034211742
sonnet46,processed,3.0,20260993,beta,original,0.028663892741562644,-0.0730466944059177
sonnet46,processed,3.0,20260993,beta,penalty_prompt,0.8539713361072583,-0.5181599630143321
sonnet46,processed,3.0,20260993,beta,always_abstain,0.014331946370781322,0.09015256588072122
sonnet46,processed,3.0,20260994,isotonic_direct,original,0.02912621359223301,-0.12436430883032826
sonnet46,processed,3.0,20260994,isotonic_direct,penalty_prompt,0.8625705039297271,-0.5581229773462784
sonnet46,processed,3.0,20260994,isotonic_direct,always_abstain,0.022653721682847898,0.044845122515025426
sonnet46,processed,3.0,20260994,beta,original,0.030513176144244106,-0.07489597780859918
sonnet46,processed,3.0,20260994,beta,penalty_prompt,0.8639574664817382,-0.5086546463245493
sonnet46,processed,3.0,20260994,beta,always_abstain,0.024040684234858993,0.09431345353675451
sonnet46,processed,3.0,20260995,isotonic_direct,original,0.026814609338881183,-0.060101710587147486
sonnet46,processed,3.0,20260995,isotonic_direct,penalty_prompt,0.8522330097087378,-0.491826167360148
sonnet46,processed,3.0,20260995,isotonic_direct,always_abstain,0.003236245954692557,0.10124826629680998
sonnet46,processed,3.0,20260995,beta,original,0.026814609338881183,-0.060101710587147486
sonnet46,processed,3.0,20260995,beta,penalty_prompt,0.8522330097087378,-0.491826167360148
sonnet46,processed,3.0,20260995,beta,always_abstain,0.003236245954692557,0.10124826629680998
sonnet46,processed,3.0,20260996,isotonic_direct,original,0.047156726768377254,-0.05640314378178456
sonnet46,processed,3.0,20260996,isotonic_direct,penalty_prompt,0.8798243180767452,-0.4945631067961166
sonnet46,processed,3.0,20260996,isotonic_direct,always_abstain,0.006010171058714748,0.10217290799815072
sonnet46,processed,3.0,20260996,beta,original,0.05224225612575127,-0.06796116504854369
sonnet46,processed,3.0,20260996,beta,penalty_prompt,0.8849098474341193,-0.5061211280628757
sonnet46,processed,3.0,20260996,beta,always_abstain,0.011095700416088766,0.09061488673139159
sonnet46,processed,3.0,20260997,isotonic_direct,original,0.03698566805362922,-0.0517799352750809
sonnet46,processed,3.0,20260997,isotonic_direct,penalty_prompt,0.8633287101248266,-0.4929357374017568
sonnet46,processed,3.0,20260997,isotonic_direct,always_abstain,0.015256588072122053,0.10032362459546926
sonnet46,processed,3.0,20260997,beta,original,0.033287101248266296,-0.07212205270457697
sonnet46,processed,3.0,20260997,beta,penalty_prompt,0.8596301433194636,-0.5132778548312529
sonnet46,processed,3.0,20260997,beta,always_abstain,0.01155802126675913,0.07998150716597319
sonnet46,processed,3.0,20260998,isotonic_direct,original,0.033749422098936666,-0.06611188164586224
sonnet46,processed,3.0,20260998,isotonic_direct,penalty_prompt,0.8378363384188627,-0.5012667591308368
sonnet46,processed,3.0,20260998,isotonic_direct,always_abstain,0.004623208506703652,0.09523809523809523
sonnet46,processed,3.0,20260998,beta,original,0.033749422098936666,-0.06611188164586224
sonnet46,processed,3.0,20260998,beta,penalty_prompt,0.8378363384188627,-0.5012667591308368
sonnet46,processed,3.0,20260998,beta,always_abstain,0.004623208506703652,0.09523809523809523
sonnet46,processed,3.0,20260999,isotonic_direct,original,0.0036985668053629225,-0.12390198797965787
sonnet46,processed,3.0,20260999,isotonic_direct,penalty_prompt,0.8299583911234397,-0.5632177531206657
sonnet46,processed,3.0,20260999,isotonic_direct,always_abstain,0.022191400832177532,0.04068423485899214
sonnet46,processed,3.0,20260999,beta,original,0.0036985668053629225,-0.12390198797965787
sonnet46,processed,3.0,20260999,beta,penalty_prompt,0.8299583911234397,-0.5632177531206657
sonnet46,processed,3.0,20260999,beta,always_abstain,0.022191400832177532,0.04068423485899214
sonnet46,processed,3.0,20261000,isotonic_direct,original,0.03421174294960703,-0.06564956079519185
sonnet46,processed,3.0,20261000,isotonic_direct,penalty_prompt,0.843402681460934,-0.5093481276005548
sonnet46,processed,3.0,20261000,isotonic_direct,always_abstain,0.0009246417013407304,0.09338881183541378
sonnet46,processed,3.0,20261000,beta,original,0.03421174294960703,-0.06564956079519185
sonnet46,processed,3.0,20261000,beta,penalty_prompt,0.843402681460934,-0.5093481276005548
sonnet46,processed,3.0,20261000,beta,always_abstain,0.0009246417013407304,0.09338881183541378
sonnet46,processed,3.0,20261001,isotonic_direct,original,0.014794267221451688,-0.12390198797965787
sonnet46,processed,3.0,20261001,isotonic_direct,penalty_prompt,0.8625150254276468,-0.5680906148867314
sonnet46,processed,3.0,20261001,isotonic_direct,always_abstain,0.017105871474803514,0.04299583911234397
sonnet46,processed,3.0,20261001,beta,original,0.012482662968099861,-0.07813222376329172
sonnet46,processed,3.0,20261001,beta,penalty_prompt,0.860203421174295,-0.5223208506703653
sonnet46,processed,3.0,20261001,beta,always_abstain,0.014794267221451687,0.08876560332871013
sonnet46,processed,3.0,20261002,isotonic_direct,original,0.03744798890429958,-0.06796116504854369
sonnet46,processed,3.0,20261002,isotonic_direct,penalty_prompt,0.8747018030513176,-0.5112991215903837
sonnet46,processed,3.0,20261002,isotonic_direct,always_abstain,0.011095700416088766,0.09246417013407304
sonnet46,processed,3.0,20261002,beta,original,0.03559870550161812,-0.07720758206195098
sonnet46,processed,3.0,20261002,beta,penalty_prompt,0.8728525196486362,-0.520545538603791
sonnet46,processed,3.0,20261002,beta,always_abstain,0.009246417013407305,0.08321775312066575
sonnet46,processed,3.0,20261003,isotonic_direct,original,0.04854368932038835,-0.06611188164586224
sonnet46,processed,3.0,20261003,isotonic_direct,penalty_prompt,0.8938603791030976,-0.50208969024503
sonnet46,processed,3.0,20261003,isotonic_direct,always_abstain,0.024503005085529356,0.10032362459546926
sonnet46,processed,3.0,20261003,beta,original,0.039759593157651416,-0.07674526121128064
sonnet46,processed,3.0,20261003,beta,penalty_prompt,0.8850762829403606,-0.5127230698104485
sonnet46,processed,3.0,20261003,beta,always_abstain,0.01571890892279242,0.08969024503005085
sonnet46,processed,3.0,20261004,isotonic_direct,original,0.029588534442903373,-0.11650485436893203
sonnet46,processed,3.0,20261004,isotonic_direct,penalty_prompt,0.8383448913546001,-0.5642256125751272
sonnet46,processed,3.0,20261004,isotonic_direct,always_abstain,0.019879796578825704,0.04946833102172908
sonnet46,processed,3.0,20261004,beta,original,0.029588534442903373,-0.07212205270457697
sonnet46,processed,3.0,20261004,beta,penalty_prompt,0.8383448913546001,-0.5198428109107721
sonnet46,processed,3.0,20261004,beta,always_abstain,0.019879796578825704,0.09385113268608414
sonnet46,processed,3.0,20261005,isotonic_direct,original,0.022653721682847898,-0.05131761442441053
sonnet46,processed,3.0,20261005,isotonic_direct,penalty_prompt,0.8988534442903375,-0.5000924641701341
sonnet46,processed,3.0,20261005,isotonic_direct,always_abstain,0.01756819232547388,0.10633379565418401
sonnet46,processed,3.0,20261005,beta,original,0.023578363384188627,-0.07258437355524734
sonnet46,processed,3.0,20261005,beta,penalty_prompt,0.8997780859916782,-0.5213592233009708
sonnet46,processed,3.0,20261005,beta,always_abstain,0.01849283402681461,0.0850670365233472
sonnet46,processed,3.0,20261006,isotonic_direct,original,0.03698566805362922,-0.07027276930189551
sonnet46,processed,3.0,20261006,isotonic_direct,penalty_prompt,0.8652427184466019,-0.5084049930651872
sonnet46,processed,3.0,20261006,isotonic_direct,always_abstain,0.021729079981507166,0.09939898289412853
sonnet46,processed,3.0,20261006,beta,original,0.030513176144244106,-0.07859454461396209
sonnet46,processed,3.0,20261006,beta,penalty_prompt,0.8587702265372168,-0.5167267683772537
sonnet46,processed,3.0,20261006,beta,always_abstain,0.015256588072122053,0.09107720758206195
sonnet46,processed,3.0,20261007,isotonic_direct,original,0.021729079981507166,-0.13915857605177992
sonnet46,processed,3.0,20261007,isotonic_direct,penalty_prompt,0.8774849745723532,-0.5858159963014332
sonnet46,processed,3.0,20261007,isotonic_direct,always_abstain,0.01756819232547388,0.026814609338881183
sonnet46,processed,3.0,20261007,beta,original,0.03513638465094776,-0.12205270457697642
sonnet46,processed,3.0,20261007,beta,penalty_prompt,0.8908922792417937,-0.5687101248266296
sonnet46,processed,3.0,20261007,beta,always_abstain,0.030975496994914472,0.043920480813684694
sonnet46,processed,3.0,20261008,isotonic_direct,original,0.027276930189551546,-0.14285714285714285
sonnet46,processed,3.0,20261008,isotonic_direct,penalty_prompt,0.8787239944521498,-0.5886823855755895
sonnet46,processed,3.0,20261008,isotonic_direct,always_abstain,0.012482662968099861,0.02912621359223301
sonnet46,processed,3.0,20261008,beta,original,0.039297272306981046,-0.08090614886731393
sonnet46,processed,3.0,20261008,beta,penalty_prompt,0.8907443365695793,-0.5267313915857605
sonnet46,processed,3.0,20261008,beta,always_abstain,0.024503005085529356,0.09107720758206195
sonnet46,processed,3.0,20261009,isotonic_direct,original,0.04299583911234397,-0.06241331484049929
sonnet46,processed,3.0,20261009,isotonic_direct,penalty_prompt,0.8611742949607027,-0.49582986592695333
sonnet46,processed,3.0,20261009,isotonic_direct,always_abstain,0.012482662968099861,0.10494683310217291
sonnet46,processed,3.0,20261009,beta,original,0.04299583911234397,-0.06241331484049929
sonnet46,processed,3.0,20261009,beta,penalty_prompt,0.8611742949607027,-0.49582986592695333
sonnet46,processed,3.0,20261009,beta,always_abstain,0.012482662968099861,0.10494683310217291
sonnet46,processed,3.0,20261010,isotonic_direct,original,0.010171058714748035,-0.13407304669440592
sonnet46,processed,3.0,20261010,isotonic_direct,penalty_prompt,0.8615071659731853,-0.5753120665742024
sonnet46,processed,3.0,20261010,isotonic_direct,always_abstain,0.01155802126675913,0.026352288488210817
sonnet46,processed,3.0,20261010,beta,original,0.02034211742949607,-0.12205270457697642
sonnet46,processed,3.0,20261010,beta,penalty_prompt,0.8716782246879334,-0.5632917244567729
sonnet46,processed,3.0,20261010,beta,always_abstain,0.021729079981507166,0.038372630605640314
sonnet46,processed,3.0,20261011,isotonic_direct,original,0.042533518261673606,-0.05547850208044382
sonnet46,processed,3.0,20261011,isotonic_direct,penalty_prompt,0.8758945908460471,-0.4971613499768839
sonnet46,processed,3.0,20261011,isotonic_direct,always_abstain,0.009708737864077669,0.1077207582061951
sonnet46,processed,3.0,20261011,beta,original,0.04114655570966251,-0.07350901525658807
sonnet46,processed,3.0,20261011,beta,penalty_prompt,0.874507628294036,-0.5151918631530281
sonnet46,processed,3.0,20261011,beta,always_abstain,0.008321775312066574,0.08969024503005085
sonnet46,processed,3.0,20261012,isotonic_direct,original,0.028663892741562648,-0.12112806287563568
sonnet46,processed,3.0,20261012,isotonic_direct,penalty_prompt,0.8575866851595007,-0.5536014794267221
sonnet46,processed,3.0,20261012,isotonic_direct,always_abstain,0.01571890892279242,0.04345815996301433
sonnet46,processed,3.0,20261012,beta,original,0.02820157189089228,-0.07350901525658807
sonnet46,processed,3.0,20261012,beta,penalty_prompt,0.8571243643088303,-0.5059824318076745
sonnet46,processed,3.0,20261012,beta,always_abstain,0.015256588072122053,0.09107720758206195
sonnet46,processed,6.0,20260913,isotonic_direct,original,0.008321775312066574,-0.030513176144244102
sonnet46,processed,6.0,20260913,isotonic_direct,penalty_prompt,1.4210078594544615,-0.47484974572353206
sonnet46,processed,6.0,20260913,isotonic_direct,always_abstain,0.006010171058714748,0.01571890892279242
sonnet46,processed,6.0,20260913,beta,original,0.008321775312066574,-0.030513176144244102
sonnet46,processed,6.0,20260913,beta,penalty_prompt,1.4210078594544615,-0.47484974572353206
sonnet46,processed,6.0,20260913,beta,always_abstain,0.006010171058714748,0.01571890892279242
sonnet46,processed,6.0,20260914,isotonic_direct,original,0.0004623208506703649,-0.025427646786870085
sonnet46,processed,6.0,20260914,isotonic_direct,penalty_prompt,1.4051687471104946,-0.47165973185390664
sonnet46,processed,6.0,20260914,isotonic_direct,always_abstain,0.0036985668053629217,0.013407304669440592
sonnet46,processed,6.0,20260914,beta,original,0.0013869625520110955,-0.03421174294960702
sonnet46,processed,6.0,20260914,beta,penalty_prompt,1.4060933888118354,-0.48044382801664354
sonnet46,processed,6.0,20260914,beta,always_abstain,0.004623208506703652,0.004623208506703652
sonnet46,processed,6.0,20260915,isotonic_direct,original,0.006934812760055479,-0.035136384650947754
sonnet46,processed,6.0,20260915,isotonic_direct,penalty_prompt,1.4159778085991679,-0.4809153952843273
sonnet46,processed,6.0,20260915,isotonic_direct,always_abstain,0.006010171058714748,0.006010171058714748
sonnet46,processed,6.0,20260915,beta,original,0.007397133610725844,-0.03467406380027739
sonnet46,processed,6.0,20260915,beta,penalty_prompt,1.416440129449838,-0.480453074433657
sonnet46,processed,6.0,20260915,beta,always_abstain,0.006472491909385114,0.006472491909385114
sonnet46,processed,6.0,20260916,isotonic_direct,original,0.009246417013407305,-0.029588534442903373
sonnet46,processed,6.0,20260916,isotonic_direct,penalty_prompt,1.431826167360148,-0.48312528895053164
sonnet46,processed,6.0,20260916,isotonic_direct,always_abstain,0.003236245954692557,0.012944983818770227
sonnet46,processed,6.0,20260916,beta,original,0.011095700416088766,-0.03744798890429958
sonnet46,processed,6.0,20260916,beta,penalty_prompt,1.4336754507628293,-0.4909847434119279
sonnet46,processed,6.0,20260916,beta,always_abstain,0.005085529357374018,0.005085529357374018
sonnet46,processed,6.0,20260917,isotonic_direct,original,0.0018492834026814613,-0.03698566805362922
sonnet46,processed,6.0,20260917,isotonic_direct,penalty_prompt,1.4051595006934814,-0.4768469717984281
sonnet46,processed,6.0,20260917,isotonic_direct,always_abstain,0.006010171058714748,0.006010171058714748
sonnet46,processed,6.0,20260917,beta,original,-0.0009246417013407302,-0.03975959315765141
sonnet46,processed,6.0,20260917,beta,penalty_prompt,1.4023855755894592,-0.4796208969024503
sonnet46,processed,6.0,20260917,beta,always_abstain,0.003236245954692557,0.003236245954692557
sonnet46,processed,6.0,20260918,isotonic_direct,original,0.004623208506703653,-0.027739251040221912
sonnet46,processed,6.0,20260918,isotonic_direct,penalty_prompt,1.3963384188626906,-0.47026352288488205
sonnet46,processed,6.0,20260918,isotonic_direct,always_abstain,0.006472491909385114,0.016181229773462782
sonnet46,processed,6.0,20260918,beta,original,0.004623208506703653,-0.027739251040221912
sonnet46,processed,6.0,20260918,beta,penalty_prompt,1.3963384188626906,-0.47026352288488205
sonnet46,processed,6.0,20260918,beta,always_abstain,0.006472491909385114,0.016181229773462782
sonnet46,processed,6.0,20260919,isotonic_direct,original,0.008321775312066574,-0.030513176144244106
sonnet46,processed,6.0,20260919,isotonic_direct,penalty_prompt,1.4351826167360149,-0.4820989366620435
sonnet46,processed,6.0,20260919,isotonic_direct,always_abstain,0.006010171058714748,0.006010171058714748
sonnet46,processed,6.0,20260919,beta,original,0.009246417013407305,-0.023116042533518264
sonnet46,processed,6.0,20260919,beta,penalty_prompt,1.4361072584373555,-0.4747018030513177
sonnet46,processed,6.0,20260919,beta,always_abstain,0.006934812760055479,0.013407304669440592
sonnet46,processed,6.0,20260920,isotonic_direct,original,0.001386962552011096,-0.02450300508552936
sonnet46,processed,6.0,20260920,isotonic_direct,penalty_prompt,1.4201109570041608,-0.47386962552011097
sonnet46,processed,6.0,20260920,isotonic_direct,always_abstain,0.003236245954692557,0.016181229773462782
sonnet46,processed,6.0,20260920,beta,original,0.005085529357374018,-0.033749422098936666
sonnet46,processed,6.0,20260920,beta,penalty_prompt,1.4238095238095236,-0.48311604253351825
sonnet46,processed,6.0,20260920,beta,always_abstain,0.006934812760055479,0.006934812760055479
sonnet46,processed,6.0,20260921,isotonic_direct,original,0.010633379565418401,-0.03467406380027739
sonnet46,processed,6.0,20260921,isotonic_direct,penalty_prompt,1.4168469717984282,-0.488784096162737
sonnet46,processed,6.0,20260921,isotonic_direct,always_abstain,0.005085529357374018,0.005085529357374018
sonnet46,processed,6.0,20260921,beta,original,0.014794267221451687,-0.027276930189551546
sonnet46,processed,6.0,20260921,beta,penalty_prompt,1.4210078594544615,-0.48138696255201113
sonnet46,processed,6.0,20260921,beta,always_abstain,0.009246417013407305,0.012482662968099861
sonnet46,processed,6.0,20260922,isotonic_direct,original,0.0,0.0
sonnet46,processed,6.0,20260922,isotonic_direct,penalty_prompt,1.366805362921868,-0.44652797041146564
sonnet46,processed,6.0,20260922,isotonic_direct,always_abstain,-0.012020342117429497,0.04623208506703652
sonnet46,processed,6.0,20260922,beta,original,0.020804438280166437,-0.03421174294960702
sonnet46,processed,6.0,20260922,beta,penalty_prompt,1.3876098012020344,-0.4807397133610727
sonnet46,processed,6.0,20260922,beta,always_abstain,0.00878409616273694,0.012020342117429497
sonnet46,processed,6.0,20260923,isotonic_direct,original,-0.0004623208506703653,-0.023116042533518264
sonnet46,processed,6.0,20260923,isotonic_direct,penalty_prompt,1.4438742487286176,-0.47567267683772546
sonnet46,processed,6.0,20260923,isotonic_direct,always_abstain,0.002311604253351826,0.012020342117429497
sonnet46,processed,6.0,20260923,beta,original,-0.0004623208506703653,-0.023116042533518264
sonnet46,processed,6.0,20260923,beta,penalty_prompt,1.4438742487286176,-0.47567267683772546
sonnet46,processed,6.0,20260923,beta,always_abstain,0.002311604253351826,0.012020342117429497
sonnet46,processed,6.0,20260924,isotonic_direct,original,-0.0009246417013407305,-0.017105871474803514
sonnet46,processed,6.0,20260924,isotonic_direct,penalty_prompt,1.3673139158576053,-0.45508090614886737
sonnet46,processed,6.0,20260924,isotonic_direct,always_abstain,0.0004623208506703652,0.026352288488210817
sonnet46,processed,6.0,20260924,beta,original,0.004623208506703652,-0.027739251040221912
sonnet46,processed,6.0,20260924,beta,penalty_prompt,1.3728617660656497,-0.46571428571428575
sonnet46,processed,6.0,20260924,beta,always_abstain,0.006010171058714748,0.01571890892279242
sonnet46,processed,6.0,20260925,isotonic_direct,original,-0.004623208506703652,-0.02727693018955155
sonnet46,processed,6.0,20260925,isotonic_direct,penalty_prompt,1.4214794267221451,-0.48201571890892275
sonnet46,processed,6.0,20260925,isotonic_direct,always_abstain,0.005547850208044383,0.012020342117429497
sonnet46,processed,6.0,20260925,beta,original,-0.004623208506703652,-0.02727693018955155
sonnet46,processed,6.0,20260925,beta,penalty_prompt,1.4214794267221451,-0.48201571890892275
sonnet46,processed,6.0,20260925,beta,always_abstain,0.005547850208044383,0.012020342117429497
sonnet46,processed,6.0,20260926,isotonic_direct,original,0.005547850208044383,-0.013869625520110958
sonnet46,processed,6.0,20260926,isotonic_direct,penalty_prompt,1.473009708737864,-0.4633656957928803
sonnet46,processed,6.0,20260926,isotonic_direct,always_abstain,0.0,0.02912621359223301
sonnet46,processed,6.0,20260926,beta,original,0.012020342117429497,-0.026814609338881187
sonnet46,processed,6.0,20260926,beta,penalty_prompt,1.479482200647249,-0.4763106796116505
sonnet46,processed,6.0,20260926,beta,always_abstain,0.006472491909385114,0.016181229773462782
sonnet46,processed,6.0,20260927,isotonic_direct,original,0.0,0.0
sonnet46,processed,6.0,20260927,isotonic_direct,penalty_prompt,1.465085529357374,-0.44488210818307916
sonnet46,processed,6.0,20260927,isotonic_direct,always_abstain,-0.009708737864077669,0.042071197411003236
sonnet46,processed,6.0,20260927,beta,original,0.013407304669440592,-0.025427646786870088
sonnet46,processed,6.0,20260927,beta,penalty_prompt,1.4784928340268144,-0.47030975496994926
sonnet46,processed,6.0,20260927,beta,always_abstain,0.0036985668053629217,0.016643550624133148
sonnet46,processed,6.0,20260928,isotonic_direct,original,-0.001386962552011095,-0.027276930189551546
sonnet46,processed,6.0,20260928,isotonic_direct,penalty_prompt,1.3671104946833106,-0.4640221914008321
sonnet46,processed,6.0,20260928,isotonic_direct,always_abstain,0.006010171058714748,0.012482662968099861
sonnet46,processed,6.0,20260928,beta,original,0.0009246417013407306,-0.03143781784558483
sonnet46,processed,6.0,20260928,beta,penalty_prompt,1.3694220989366623,-0.4681830790568654
sonnet46,processed,6.0,20260928,beta,always_abstain,0.008321775312066574,0.008321775312066574
sonnet46,processed,6.0,20260929,isotonic_direct,original,0.002311604253351826,-0.010633379565418401
sonnet46,processed,6.0,20260929,isotonic_direct,penalty_prompt,1.4340915395284324,-0.46733240869163206
sonnet46,processed,6.0,20260929,isotonic_direct,always_abstain,-0.0018492834026814608,0.02727693018955155
sonnet46,processed,6.0,20260929,beta,original,0.010171058714748035,-0.0319001386962552
sonnet46,processed,6.0,20260929,beta,penalty_prompt,1.4419509939898287,-0.48859916782246887
sonnet46,processed,6.0,20260929,beta,always_abstain,0.006010171058714748,0.006010171058714748
sonnet46,processed,6.0,20260930,isotonic_direct,original,0.007397133610725843,-0.02820157189089228
sonnet46,processed,6.0,20260930,isotonic_direct,penalty_prompt,1.3866574202496533,-0.4680998613037448
sonnet46,processed,6.0,20260930,isotonic_direct,always_abstain,0.005547850208044383,0.015256588072122053
sonnet46,processed,6.0,20260930,beta,original,0.005085529357374018,-0.04022191400832177
sonnet46,processed,6.0,20260930,beta,penalty_prompt,1.3843458159963016,-0.4801202034211743
sonnet46,processed,6.0,20260930,beta,always_abstain,0.003236245954692557,0.003236245954692557
sonnet46,processed,6.0,20260931,isotonic_direct,original,-0.00277392510402219,-0.03837263060564032
sonnet46,processed,6.0,20260931,isotonic_direct,penalty_prompt,1.4146093388811836,-0.4931576514100785
sonnet46,processed,6.0,20260931,isotonic_direct,always_abstain,0.006934812760055479,0.006934812760055479
sonnet46,processed,6.0,20260931,beta,original,-0.008784096162736938,-0.044382801664355064
sonnet46,processed,6.0,20260931,beta,penalty_prompt,1.4085991678224687,-0.49916782246879327
sonnet46,processed,6.0,20260931,beta,always_abstain,0.0009246417013407304,0.0009246417013407304
sonnet46,processed,6.0,20260932,isotonic_direct,original,-0.014794267221451688,-0.03421174294960703
sonnet46,processed,6.0,20260932,isotonic_direct,penalty_prompt,1.4582894128525195,-0.4908368007397134
sonnet46,processed,6.0,20260932,isotonic_direct,always_abstain,0.00785945446139621,0.00785945446139621
sonnet46,processed,6.0,20260932,beta,original,-0.018492834026814613,-0.03791030975496995
sonnet46,processed,6.0,20260932,beta,penalty_prompt,1.4545908460471566,-0.4945353675450763
sonnet46,processed,6.0,20260932,beta,always_abstain,0.004160887656033287,0.004160887656033287
sonnet46,processed,6.0,20260933,isotonic_direct,original,0.005085529357374018,-0.01756819232547388
sonnet46,processed,6.0,20260933,isotonic_direct,penalty_prompt,1.4408876560332873,-0.4768469717984281
sonnet46,processed,6.0,20260933,isotonic_direct,always_abstain,-0.003236245954692557,0.022653721682847898
sonnet46,processed,6.0,20260933,beta,original,0.008321775312066574,-0.027276930189551553
sonnet46,processed,6.0,20260933,beta,penalty_prompt,1.44412390198798,-0.4865557096625058
sonnet46,processed,6.0,20260933,beta,always_abstain,0.0,0.012944983818770227
sonnet46,processed,6.0,20260934,isotonic_direct,original,0.0,0.0
sonnet46,processed,6.0,20260934,isotonic_direct,penalty_prompt,1.3645492371705965,-0.43875173370319004
sonnet46,processed,6.0,20260934,isotonic_direct,always_abstain,-0.01571890892279242,0.04576976421636616
sonnet46,processed,6.0,20260934,beta,original,0.020804438280166437,-0.04068423485899214
sonnet46,processed,6.0,20260934,beta,penalty_prompt,1.385353675450763,-0.4794359685621822
sonnet46,processed,6.0,20260934,beta,always_abstain,0.005085529357374018,0.005085529357374018
sonnet46,processed,6.0,20260935,isotonic_direct,original,0.006472491909385114,-0.025889967637540454
sonnet46,processed,6.0,20260935,isotonic_direct,penalty_prompt,1.3608876560332872,-0.4735460009246417
sonnet46,processed,6.0,20260935,isotonic_direct,always_abstain,0.003236245954692557,0.016181229773462782
sonnet46,processed,6.0,20260935,beta,original,0.00878409616273694,-0.026814609338881183
sonnet46,processed,6.0,20260935,beta,penalty_prompt,1.363199260286639,-0.47447064262598243
sonnet46,processed,6.0,20260935,beta,always_abstain,0.005547850208044383,0.015256588072122053
sonnet46,processed,6.0,20260936,isotonic_direct,original,-0.008784096162736938,-0.028201571890892282
sonnet46,processed,6.0,20260936,isotonic_direct,penalty_prompt,1.3998705501618125,-0.47501618122977346
sonnet46,processed,6.0,20260936,isotonic_direct,always_abstain,0.007397133610725843,0.017105871474803514
sonnet46,processed,6.0,20260936,beta,original,-0.007859454461396208,-0.036985668053629225
sonnet46,processed,6.0,20260936,beta,penalty_prompt,1.4007951918631532,-0.4838002773925104
sonnet46,processed,6.0,20260936,beta,always_abstain,0.008321775312066574,0.008321775312066574
sonnet46,processed,6.0,20260937,isotonic_direct,original,0.0,0.0
sonnet46,processed,6.0,20260937,isotonic_direct,penalty_prompt,1.3759500693481275,-0.44832177531206646
sonnet46,processed,6.0,20260937,isotonic_direct,always_abstain,-0.026352288488210817,0.038372630605640314
sonnet46,processed,6.0,20260937,beta,original,0.020804438280166433,-0.01155802126675913
sonnet46,processed,6.0,20260937,beta,penalty_prompt,1.396754507628294,-0.4598797965788256
sonnet46,processed,6.0,20260937,beta,always_abstain,-0.005547850208044383,0.026814609338881183
sonnet46,processed,6.0,20260938,isotonic_direct,original,0.0036985668053629217,-0.035136384650947754
sonnet46,processed,6.0,20260938,isotonic_direct,penalty_prompt,1.3882662968099861,-0.48215441516412394
sonnet46,processed,6.0,20260938,isotonic_direct,always_abstain,0.004623208506703652,0.004623208506703652
sonnet46,processed,6.0,20260938,beta,original,0.001849283402681461,-0.03698566805362922
sonnet46,processed,6.0,20260938,beta,penalty_prompt,1.3864170134073046,-0.4840036985668054
sonnet46,processed,6.0,20260938,beta,always_abstain,0.0027739251040221915,0.0027739251040221915
sonnet46,processed,6.0,20260939,isotonic_direct,original,0.005547850208044383,-0.036523347202958856
sonnet46,processed,6.0,20260939,isotonic_direct,penalty_prompt,1.417549699491447,-0.4799907535829866
sonnet46,processed,6.0,20260939,isotonic_direct,always_abstain,0.006934812760055479,0.006934812760055479
sonnet46,processed,6.0,20260939,beta,original,0.006010171058714747,-0.036061026352288486
sonnet46,processed,6.0,20260939,beta,penalty_prompt,1.4180120203421174,-0.4795284327323162
sonnet46,processed,6.0,20260939,beta,always_abstain,0.007397133610725843,0.007397133610725843
sonnet46,processed,6.0,20260940,isotonic_direct,original,0.0032362459546925572,-0.038834951456310676
sonnet46,processed,6.0,20260940,isotonic_direct,penalty_prompt,1.3530189551548775,-0.48063800277392504
sonnet46,processed,6.0,20260940,isotonic_direct,always_abstain,0.006934812760055479,0.006934812760055479
sonnet46,processed,6.0,20260940,beta,original,-0.0004623208506703649,-0.0425335182616736
sonnet46,processed,6.0,20260940,beta,penalty_prompt,1.3493203883495146,-0.48433656957928795
sonnet46,processed,6.0,20260940,beta,always_abstain,0.003236245954692557,0.003236245954692557
sonnet46,processed,6.0,20260941,isotonic_direct,original,0.006934812760055479,-0.04160887656033287
sonnet46,processed,6.0,20260941,isotonic_direct,penalty_prompt,1.4060748959778087,-0.5040869163199261
sonnet46,processed,6.0,20260941,isotonic_direct,always_abstain,0.006472491909385114,0.006472491909385114
sonnet46,processed,6.0,20260941,beta,original,0.010171058714748034,-0.0319001386962552
sonnet46,processed,6.0,20260941,beta,penalty_prompt,1.4093111419325013,-0.49437817845584847
sonnet46,processed,6.0,20260941,beta,always_abstain,0.009708737864077669,0.016181229773462782
sonnet46,processed,6.0,20260942,isotonic_direct,original,0.0032362459546925564,-0.012944983818770225
sonnet46,processed,6.0,20260942,isotonic_direct,penalty_prompt,1.460268146093389,-0.4627739251040222
sonnet46,processed,6.0,20260942,isotonic_direct,always_abstain,0.0013869625520110957,0.030513176144244106
sonnet46,processed,6.0,20260942,beta,original,0.009246417013407305,-0.036061026352288486
sonnet46,processed,6.0,20260942,beta,penalty_prompt,1.4662783171521039,-0.48588996763754044
sonnet46,processed,6.0,20260942,beta,always_abstain,0.007397133610725843,0.007397133610725843
sonnet46,processed,6.0,20260943,isotonic_direct,original,-0.003236245954692557,-0.02912621359223301
sonnet46,processed,6.0,20260943,isotonic_direct,penalty_prompt,1.4218677762367085,-0.4786500231160425
sonnet46,processed,6.0,20260943,isotonic_direct,always_abstain,0.0018492834026814608,0.018030513176144243
sonnet46,processed,6.0,20260943,beta,original,-0.0009246417013407306,-0.04299583911234397
sonnet46,processed,6.0,20260943,beta,penalty_prompt,1.4241793804900602,-0.49251964863615344
sonnet46,processed,6.0,20260943,beta,always_abstain,0.004160887656033287,0.004160887656033287
sonnet46,processed,6.0,20260944,isotonic_direct,original,-0.006934812760055478,-0.026352288488210817
sonnet46,processed,6.0,20260944,isotonic_direct,penalty_prompt,1.4796948682385576,-0.4874248728617661
sonnet46,processed,6.0,20260944,isotonic_direct,always_abstain,0.0036985668053629217,0.013407304669440592
sonnet46,processed,6.0,20260944,beta,original,-0.006934812760055478,-0.036061026352288486
sonnet46,processed,6.0,20260944,beta,penalty_prompt,1.4796948682385576,-0.4971336107258438
sonnet46,processed,6.0,20260944,beta,always_abstain,0.0036985668053629217,0.0036985668053629217
sonnet46,processed,6.0,20260945,isotonic_direct,original,-0.0023116042533518257,-0.03467406380027739
sonnet46,processed,6.0,20260945,isotonic_direct,penalty_prompt,1.3634119278779475,-0.4824780397595931
sonnet46,processed,6.0,20260945,isotonic_direct,always_abstain,0.006010171058714748,0.006010171058714748
sonnet46,processed,6.0,20260945,beta,original,-0.0018492834026814604,-0.03421174294960703
sonnet46,processed,6.0,20260945,beta,penalty_prompt,1.3638742487286177,-0.48201571890892275
sonnet46,processed,6.0,20260945,beta,always_abstain,0.006472491909385114,0.006472491909385114
sonnet46,processed,6.0,20260946,isotonic_direct,original,0.006934812760055479,-0.025427646786870085
sonnet46,processed,6.0,20260946,isotonic_direct,penalty_prompt,1.4158391123439666,-0.4644197873324087
sonnet46,processed,6.0,20260946,isotonic_direct,always_abstain,0.00785945446139621,0.020804438280166437
sonnet46,processed,6.0,20260946,beta,original,0.007397133610725843,-0.03791030975496995
sonnet46,processed,6.0,20260946,beta,penalty_prompt,1.416301433194637,-0.47690245030050854
sonnet46,processed,6.0,20260946,beta,always_abstain,0.008321775312066574,0.008321775312066574
sonnet46,processed,6.0,20260947,isotonic_direct,original,0.009246417013407305,-0.036061026352288486
sonnet46,processed,6.0,20260947,isotonic_direct,penalty_prompt,1.4017383263985206,-0.4874526121128064
sonnet46,processed,6.0,20260947,isotonic_direct,always_abstain,0.005085529357374018,0.005085529357374018
sonnet46,processed,6.0,20260947,beta,original,0.015718908922792416,-0.029588534442903373
sonnet46,processed,6.0,20260947,beta,penalty_prompt,1.4082108183079058,-0.48098012020342124
sonnet46,processed,6.0,20260947,beta,always_abstain,0.01155802126675913,0.01155802126675913
sonnet46,processed,6.0,20260948,isotonic_direct,original,0.0036985668053629217,-0.038372630605640314
sonnet46,processed,6.0,20260948,isotonic_direct,penalty_prompt,1.4025335182616738,-0.4869163199260287
sonnet46,processed,6.0,20260948,isotonic_direct,always_abstain,0.007397133610725843,0.007397133610725843
sonnet46,processed,6.0,20260948,beta,original,0.0036985668053629217,-0.038372630605640314
sonnet46,processed,6.0,20260948,beta,penalty_prompt,1.4025335182616738,-0.4869163199260287
sonnet46,processed,6.0,20260948,beta,always_abstain,0.007397133610725843,0.007397133610725843
sonnet46,processed,6.0,20260949,isotonic_direct,original,0.004623208506703652,-0.027739251040221912
sonnet46,processed,6.0,20260949,isotonic_direct,penalty_prompt,1.4739805825242718,-0.4813592233009708
sonnet46,processed,6.0,20260949,isotonic_direct,always_abstain,0.0036985668053629217,0.013407304669440592
sonnet46,processed,6.0,20260949,beta,original,0.004623208506703652,-0.027739251040221912
sonnet46,processed,6.0,20260949,beta,penalty_prompt,1.4739805825242718,-0.4813592233009708
sonnet46,processed,6.0,20260949,beta,always_abstain,0.0036985668053629217,0.013407304669440592
sonnet46,processed,6.0,20260950,isotonic_direct,original,0.0,0.0
sonnet46,processed,6.0,20260950,isotonic_direct,penalty_prompt,1.3984003698566807,-0.4410171058714748
sonnet46,processed,6.0,20260950,isotonic_direct,always_abstain,-0.012020342117429497,0.04946833102172908
sonnet46,processed,6.0,20260950,beta,original,0.01849283402681461,-0.033287101248266296
sonnet46,processed,6.0,20260950,beta,penalty_prompt,1.4168932038834952,-0.47430420711974114
sonnet46,processed,6.0,20260950,beta,always_abstain,0.006472491909385114,0.016181229773462782
sonnet46,processed,6.0,20260951,isotonic_direct,original,0.012020342117429497,-0.04299583911234397
sonnet46,processed,6.0,20260951,isotonic_direct,penalty_prompt,1.4134257975034674,-0.4962182154415164
sonnet46,processed,6.0,20260951,isotonic_direct,always_abstain,0.00785945446139621,0.00785945446139621
sonnet46,processed,6.0,20260951,beta,original,0.008321775312066574,-0.04669440591770689
sonnet46,processed,6.0,20260951,beta,penalty_prompt,1.4097272306981046,-0.4999167822468793
sonnet46,processed,6.0,20260951,beta,always_abstain,0.004160887656033287,0.004160887656033287
sonnet46,processed,6.0,20260952,isotonic_direct,original,-0.002773925104022191,-0.038372630605640314
sonnet46,processed,6.0,20260952,isotonic_direct,penalty_prompt,1.4639204808136848,-0.48876560332871016
sonnet46,processed,6.0,20260952,isotonic_direct,always_abstain,0.005547850208044383,0.005547850208044383
sonnet46,processed,6.0,20260952,beta,original,-0.0023116042533518257,-0.037910309754969944
sonnet46,processed,6.0,20260952,beta,penalty_prompt,1.4643828016643552,-0.4883032824780398
sonnet46,processed,6.0,20260952,beta,always_abstain,0.006010171058714748,0.006010171058714748
sonnet46,processed,6.0,20260953,isotonic_direct,original,-0.006472491909385113,-0.03559870550161812
sonnet46,processed,6.0,20260953,isotonic_direct,penalty_prompt,1.3911604253351826,-0.47835413777161345
sonnet46,processed,6.0,20260953,isotonic_direct,always_abstain,0.00785945446139621,0.00785945446139621
sonnet46,processed,6.0,20260953,beta,original,-0.010171058714748035,-0.039297272306981046
sonnet46,processed,6.0,20260953,beta,penalty_prompt,1.3874618585298197,-0.48205270457697635
sonnet46,processed,6.0,20260953,beta,always_abstain,0.004160887656033287,0.004160887656033287
sonnet46,processed,6.0,20260954,isotonic_direct,original,-0.0036985668053629217,-0.02635228848821082
sonnet46,processed,6.0,20260954,isotonic_direct,penalty_prompt,1.4598520573277853,-0.4813129912159038
sonnet46,processed,6.0,20260954,isotonic_direct,always_abstain,0.0036985668053629217,0.016643550624133148
sonnet46,processed,6.0,20260954,beta,original,-0.0009246417013407298,-0.036523347202958856
sonnet46,processed,6.0,20260954,beta,penalty_prompt,1.4626259824318075,-0.49148404993065187
sonnet46,processed,6.0,20260954,beta,always_abstain,0.006472491909385114,0.006472491909385114
sonnet46,processed,6.0,20260955,isotonic_direct,original,0.00785945446139621,-0.027739251040221912
sonnet46,processed,6.0,20260955,isotonic_direct,penalty_prompt,1.4416551086454,-0.47815071659731867
sonnet46,processed,6.0,20260955,isotonic_direct,always_abstain,0.0,0.016181229773462782
sonnet46,processed,6.0,20260955,beta,original,0.010171058714748035,-0.02866389274156264
sonnet46,processed,6.0,20260955,beta,penalty_prompt,1.4439667128987517,-0.4790753582986594
sonnet46,processed,6.0,20260955,beta,always_abstain,0.002311604253351826,0.015256588072122053
sonnet46,processed,6.0,20260956,isotonic_direct,original,-0.0018492834026814613,-0.03421174294960703
sonnet46,processed,6.0,20260956,isotonic_direct,penalty_prompt,1.4614239482200648,-0.4811003236245954
sonnet46,processed,6.0,20260956,isotonic_direct,always_abstain,0.006010171058714748,0.006010171058714748
sonnet46,processed,6.0,20260956,beta,original,-0.004160887656033288,-0.036523347202958856
sonnet46,processed,6.0,20260956,beta,penalty_prompt,1.4591123439667129,-0.4834119278779473
sonnet46,processed,6.0,20260956,beta,always_abstain,0.0036985668053629217,0.0036985668053629217
sonnet46,processed,6.0,20260957,isotonic_direct,original,0.0,0.0
sonnet46,processed,6.0,20260957,isotonic_direct,penalty_prompt,1.401904761904762,-0.45155802126675915
sonnet46,processed,6.0,20260957,isotonic_direct,always_abstain,-0.009708737864077669,0.042071197411003236
sonnet46,processed,6.0,20260957,beta,original,0.012482662968099861,-0.016643550624133148
sonnet46,processed,6.0,20260957,beta,penalty_prompt,1.4143874248728618,-0.4682015718908923
sonnet46,processed,6.0,20260957,beta,always_abstain,0.0027739251040221915,0.025427646786870088
sonnet46,processed,6.0,20260958,isotonic_direct,original,-0.007397133610725843,-0.03652334720295885
sonnet46,processed,6.0,20260958,isotonic_direct,penalty_prompt,1.4334535367545076,-0.4938603791030975
sonnet46,processed,6.0,20260958,isotonic_direct,always_abstain,0.007397133610725843,0.007397133610725843
sonnet46,processed,6.0,20260958,beta,original,-0.0106333795654184,-0.03975959315765141
sonnet46,processed,6.0,20260958,beta,penalty_prompt,1.430217290799815,-0.49709662505779006
sonnet46,processed,6.0,20260958,beta,always_abstain,0.004160887656033287,0.004160887656033287
sonnet46,processed,6.0,20260959,isotonic_direct,original,0.005547850208044382,-0.017105871474803514
sonnet46,processed,6.0,20260959,isotonic_direct,penalty_prompt,1.4140175681923255,-0.4683125288950532
sonnet46,processed,6.0,20260959,isotonic_direct,always_abstain,-0.004160887656033287,0.024965325936199722
sonnet46,processed,6.0,20260959,beta,original,0.012482662968099861,-0.039297272306981046
sonnet46,processed,6.0,20260959,beta,penalty_prompt,1.420952380952381,-0.4905039297272307
sonnet46,processed,6.0,20260959,beta,always_abstain,0.0027739251040221915,0.0027739251040221915
sonnet46,processed,6.0,20260960,isotonic_direct,original,0.008321775312066574,-0.014331946370781324
sonnet46,processed,6.0,20260960,isotonic_direct,penalty_prompt,1.3744521497919555,-0.4504022191400832
sonnet46,processed,6.0,20260960,isotonic_direct,always_abstain,-0.0018492834026814608,0.02727693018955155
sonnet46,processed,6.0,20260960,beta,original,0.013407304669440592,-0.02542764678687009
sonnet46,processed,6.0,20260960,beta,penalty_prompt,1.3795376791493297,-0.46149791955617203
sonnet46,processed,6.0,20260960,beta,always_abstain,0.003236245954692557,0.016181229773462782
sonnet46,processed,6.0,20260961,isotonic_direct,original,0.007859454461396208,-0.027739251040221912
sonnet46,processed,6.0,20260961,isotonic_direct,penalty_prompt,1.4499676375404529,-0.48485436893203887
sonnet46,processed,6.0,20260961,isotonic_direct,always_abstain,0.004160887656033287,0.017105871474803514
sonnet46,processed,6.0,20260961,beta,original,0.011095700416088764,-0.03744798890429958
sonnet46,processed,6.0,20260961,beta,penalty_prompt,1.4532038834951455,-0.49456310679611654
sonnet46,processed,6.0,20260961,beta,always_abstain,0.007397133610725843,0.007397133610725843
sonnet46,processed,6.0,20260962,isotonic_direct,original,0.008784096162736938,-0.02681460933888118
sonnet46,processed,6.0,20260962,isotonic_direct,penalty_prompt,1.4211188164586224,-0.4762921867776236
sonnet46,processed,6.0,20260962,isotonic_direct,always_abstain,-0.0009246417013407304,0.012020342117429497
sonnet46,processed,6.0,20260962,beta,original,0.008784096162736938,-0.02681460933888118
sonnet46,processed,6.0,20260962,beta,penalty_prompt,1.4211188164586224,-0.4762921867776236
sonnet46,processed,6.0,20260962,beta,always_abstain,-0.0009246417013407304,0.012020342117429497
sonnet46,processed,6.0,20260963,isotonic_direct,original,0.00785945446139621,-0.014794267221451683
sonnet46,processed,6.0,20260963,isotonic_direct,penalty_prompt,1.425538603791031,-0.46779472954230233
sonnet46,processed,6.0,20260963,isotonic_direct,always_abstain,-0.005085529357374018,0.024040684234858993
sonnet46,processed,6.0,20260963,beta,original,0.01571890892279242,-0.023116042533518257
sonnet46,processed,6.0,20260963,beta,penalty_prompt,1.433398058252427,-0.4761165048543689
sonnet46,processed,6.0,20260963,beta,always_abstain,0.0027739251040221915,0.01571890892279242
sonnet46,processed,6.0,20260964,isotonic_direct,original,0.008321775312066574,-0.04022191400832177
sonnet46,processed,6.0,20260964,isotonic_direct,penalty_prompt,1.4312713823393437,-0.48290337494220986
sonnet46,processed,6.0,20260964,isotonic_direct,always_abstain,0.006010171058714748,0.006010171058714748
sonnet46,processed,6.0,20260964,beta,original,0.013407304669440592,-0.0319001386962552
sonnet46,processed,6.0,20260964,beta,penalty_prompt,1.4363569116967176,-0.4745815996301433
sonnet46,processed,6.0,20260964,beta,always_abstain,0.011095700416088766,0.014331946370781322
sonnet46,processed,6.0,20260965,isotonic_direct,original,0.0,0.0
sonnet46,processed,6.0,20260965,isotonic_direct,penalty_prompt,1.3827739251040223,-0.4520480813684697
sonnet46,processed,6.0,20260965,isotonic_direct,always_abstain,-0.01155802126675913,0.04345815996301433
sonnet46,processed,6.0,20260965,beta,original,0.018955154877484975,-0.036061026352288486
sonnet46,processed,6.0,20260965,beta,penalty_prompt,1.4017290799815074,-0.48810910772075816
sonnet46,processed,6.0,20260965,beta,always_abstain,0.007397133610725843,0.007397133610725843
sonnet46,processed,6.0,20260966,isotonic_direct,original,0.0009246417013407302,-0.028201571890892282
sonnet46,processed,6.0,20260966,isotonic_direct,penalty_prompt,1.4808321775312066,-0.4916597318539066
sonnet46,processed,6.0,20260966,isotonic_direct,always_abstain,-0.0027739251040221915,0.013407304669440592
sonnet46,processed,6.0,20260966,beta,original,0.0032362459546925564,-0.02912621359223301
sonnet46,processed,6.0,20260966,beta,penalty_prompt,1.4831437817845583,-0.4925843735552473
sonnet46,processed,6.0,20260966,beta,always_abstain,-0.0004623208506703652,0.012482662968099861
sonnet46,processed,6.0,20260967,isotonic_direct,original,-0.004160887656033287,-0.036523347202958856
sonnet46,processed,6.0,20260967,isotonic_direct,penalty_prompt,1.428580674988442,-0.4882478039759593
sonnet46,processed,6.0,20260967,isotonic_direct,always_abstain,0.004160887656033287,0.004160887656033287
sonnet46,processed,6.0,20260967,beta,original,-0.004160887656033287,-0.036523347202958856
sonnet46,processed,6.0,20260967,beta,penalty_prompt,1.428580674988442,-0.4882478039759593
sonnet46,processed,6.0,20260967,beta,always_abstain,0.004160887656033287,0.004160887656033287
sonnet46,processed,6.0,20260968,isotonic_direct,original,0.0,-0.016181229773462785
sonnet46,processed,6.0,20260968,isotonic_direct,penalty_prompt,1.384040684234859,-0.4628201571890892
sonnet46,processed,6.0,20260968,isotonic_direct,always_abstain,0.0013869625520110957,0.030513176144244106
sonnet46,processed,6.0,20260968,beta,original,0.004160887656033287,-0.04114655570966251
sonnet46,processed,6.0,20260968,beta,penalty_prompt,1.3882015718908922,-0.4877854831252889
sonnet46,processed,6.0,20260968,beta,always_abstain,0.005547850208044383,0.005547850208044383
sonnet46,processed,6.0,20260969,isotonic_direct,original,0.008321775312066574,-0.030513176144244102
sonnet46,processed,6.0,20260969,isotonic_direct,penalty_prompt,1.4643550624133148,-0.4774572353213129
sonnet46,processed,6.0,20260969,isotonic_direct,always_abstain,-0.0009246417013407304,0.012020342117429497
sonnet46,processed,6.0,20260969,beta,original,0.008321775312066574,-0.030513176144244102
sonnet46,processed,6.0,20260969,beta,penalty_prompt,1.4643550624133148,-0.4774572353213129
sonnet46,processed,6.0,20260969,beta,always_abstain,-0.0009246417013407304,0.012020342117429497
sonnet46,processed,6.0,20260970,isotonic_direct,original,0.003698566805362922,-0.02866389274156264
sonnet46,processed,6.0,20260970,isotonic_direct,penalty_prompt,1.4000647249190936,-0.47967637540453073
sonnet46,processed,6.0,20260970,isotonic_direct,always_abstain,0.005547850208044383,0.015256588072122053
sonnet46,processed,6.0,20260970,beta,original,0.0018492834026814608,-0.04022191400832177
sonnet46,processed,6.0,20260970,beta,penalty_prompt,1.398215441516412,-0.4912343966712899
sonnet46,processed,6.0,20260970,beta,always_abstain,0.0036985668053629217,0.0036985668053629217
sonnet46,processed,6.0,20260971,isotonic_direct,original,0.004623208506703652,-0.027739251040221912
sonnet46,processed,6.0,20260971,isotonic_direct,penalty_prompt,1.3734997688395747,-0.4743319463707813
sonnet46,processed,6.0,20260971,isotonic_direct,always_abstain,0.004160887656033287,0.017105871474803514
sonnet46,processed,6.0,20260971,beta,original,0.007859454461396208,-0.03744798890429958
sonnet46,processed,6.0,20260971,beta,penalty_prompt,1.3767360147942673,-0.48404068423485896
sonnet46,processed,6.0,20260971,beta,always_abstain,0.007397133610725843,0.007397133610725843
sonnet46,processed,6.0,20260972,isotonic_direct,original,0.0,0.0
sonnet46,processed,6.0,20260972,isotonic_direct,penalty_prompt,1.472575127138234,-0.4662598243180768
sonnet46,processed,6.0,20260972,isotonic_direct,always_abstain,-0.014794267221451687,0.04022191400832178
sonnet46,processed,6.0,20260972,beta,original,0.017105871474803514,-0.024965325936199725
sonnet46,processed,6.0,20260972,beta,penalty_prompt,1.4896809986130373,-0.4912251502542765
sonnet46,processed,6.0,20260972,beta,always_abstain,0.002311604253351826,0.015256588072122053
sonnet46,processed,6.0,20260973,isotonic_direct,original,-0.008321775312066574,-0.03421174294960702
sonnet46,processed,6.0,20260973,isotonic_direct,penalty_prompt,1.3868146093388813,-0.4703374942209894
sonnet46,processed,6.0,20260973,isotonic_direct,always_abstain,0.0027739251040221915,0.01571890892279242
sonnet46,processed,6.0,20260973,beta,original,-0.004623208506703652,-0.04345815996301433
sonnet46,processed,6.0,20260973,beta,penalty_prompt,1.3905131761442442,-0.47958391123439675
sonnet46,processed,6.0,20260973,beta,always_abstain,0.006472491909385114,0.006472491909385114
sonnet46,processed,6.0,20260974,isotonic_direct,original,0.004160887656033287,-0.03791030975496995
sonnet46,processed,6.0,20260974,isotonic_direct,penalty_prompt,1.4772075820619508,-0.5064170134073046
sonnet46,processed,6.0,20260974,isotonic_direct,always_abstain,0.005547850208044383,0.005547850208044383
sonnet46,processed,6.0,20260974,beta,original,0.004160887656033287,-0.024965325936199722
sonnet46,processed,6.0,20260974,beta,penalty_prompt,1.4772075820619508,-0.49347202958853437
sonnet46,processed,6.0,20260974,beta,always_abstain,0.005547850208044383,0.01849283402681461
sonnet46,processed,6.0,20260975,isotonic_direct,original,-0.006010171058714747,-0.025427646786870088
sonnet46,processed,6.0,20260975,isotonic_direct,penalty_prompt,1.5227739251040222,-0.48784096162736945
sonnet46,processed,6.0,20260975,isotonic_direct,always_abstain,0.005547850208044383,0.015256588072122053
sonnet46,processed,6.0,20260975,beta,original,-0.004160887656033287,-0.033287101248266296
sonnet46,processed,6.0,20260975,beta,penalty_prompt,1.5246232085067037,-0.49570041608876564
sonnet46,processed,6.0,20260975,beta,always_abstain,0.007397133610725843,0.007397133610725843
sonnet46,processed,6.0,20260976,isotonic_direct,original,0.003698566805362922,-0.038372630605640314
sonnet46,processed,6.0,20260976,isotonic_direct,penalty_prompt,1.4395654184003697,-0.4856125751271383
sonnet46,processed,6.0,20260976,isotonic_direct,always_abstain,0.006472491909385114,0.006472491909385114
sonnet46,processed,6.0,20260976,beta,original,0.008784096162736938,-0.013869625520110954
sonnet46,processed,6.0,20260976,beta,penalty_prompt,1.4446509477577438,-0.4611095700416089
sonnet46,processed,6.0,20260976,beta,always_abstain,0.01155802126675913,0.030975496994914472
sonnet46,processed,6.0,20260977,isotonic_direct,original,0.005547850208044382,-0.017105871474803514
sonnet46,processed,6.0,20260977,isotonic_direct,penalty_prompt,1.393915857605178,-0.4592880258899677
sonnet46,processed,6.0,20260977,isotonic_direct,always_abstain,-0.0027739251040221915,0.026352288488210817
sonnet46,processed,6.0,20260977,beta,original,0.012020342117429497,-0.03005085529357374
sonnet46,processed,6.0,20260977,beta,penalty_prompt,1.400388349514563,-0.47223300970873794
sonnet46,processed,6.0,20260977,beta,always_abstain,0.0036985668053629217,0.013407304669440592
sonnet46,processed,6.0,20260978,isotonic_direct,original,-0.010633379565418401,-0.026814609338881187
sonnet46,processed,6.0,20260978,isotonic_direct,penalty_prompt,1.359251040221914,-0.47291724456773004
sonnet46,processed,6.0,20260978,isotonic_direct,always_abstain,0.005085529357374018,0.014794267221451687
sonnet46,processed,6.0,20260978,beta,original,-0.00878409616273694,-0.03467406380027739
sonnet46,processed,6.0,20260978,beta,penalty_prompt,1.3611003236245955,-0.48077669902912623
sonnet46,processed,6.0,20260978,beta,always_abstain,0.006934812760055479,0.006934812760055479
sonnet46,processed,6.0,20260979,isotonic_direct,original,0.006010171058714748,-0.036061026352288486
sonnet46,processed,6.0,20260979,isotonic_direct,penalty_prompt,1.3228016643550624,-0.47493296347665276
sonnet46,processed,6.0,20260979,isotonic_direct,always_abstain,0.006010171058714748,0.006010171058714748
sonnet46,processed,6.0,20260979,beta,original,0.009246417013407305,-0.026352288488210817
sonnet46,processed,6.0,20260979,beta,penalty_prompt,1.3260379103097548,-0.4652242256125751
sonnet46,processed,6.0,20260979,beta,always_abstain,0.009246417013407305,0.01571890892279242
sonnet46,processed,6.0,20260980,isotonic_direct,original,-0.0004623208506703653,-0.026352288488210817
sonnet46,processed,6.0,20260980,isotonic_direct,penalty_prompt,1.3826167360147943,-0.4777716134997689
sonnet46,processed,6.0,20260980,isotonic_direct,always_abstain,0.006010171058714748,0.01571890892279242
sonnet46,processed,6.0,20260980,beta,original,-0.003236245954692557,-0.038834951456310676
sonnet46,processed,6.0,20260980,beta,penalty_prompt,1.379842810910772,-0.49025427646786873
sonnet46,processed,6.0,20260980,beta,always_abstain,0.003236245954692557,0.003236245954692557
sonnet46,processed,6.0,20260981,isotonic_direct,original,0.0,-0.032362459546925564
sonnet46,processed,6.0,20260981,isotonic_direct,penalty_prompt,1.4452519648636153,-0.4927415626444752
sonnet46,processed,6.0,20260981,isotonic_direct,always_abstain,0.006010171058714748,0.006010171058714748
sonnet46,processed,6.0,20260981,beta,original,-0.0027739251040221915,-0.035136384650947754
sonnet46,processed,6.0,20260981,beta,penalty_prompt,1.442478039759593,-0.4955154877484974
sonnet46,processed,6.0,20260981,beta,always_abstain,0.003236245954692557,0.003236245954692557
sonnet46,processed,6.0,20260982,isotonic_direct,original,0.001386962552011095,-0.03421174294960703
sonnet46,processed,6.0,20260982,isotonic_direct,penalty_prompt,1.3726860841423947,-0.48608414239482195
sonnet46,processed,6.0,20260982,isotonic_direct,always_abstain,0.009246417013407305,0.009246417013407305
sonnet46,processed,6.0,20260982,beta,original,0.001386962552011095,-0.03421174294960703
sonnet46,processed,6.0,20260982,beta,penalty_prompt,1.3726860841423947,-0.48608414239482195
sonnet46,processed,6.0,20260982,beta,always_abstain,0.009246417013407305,0.009246417013407305
sonnet46,processed,6.0,20260983,isotonic_direct,original,0.003698566805362922,-0.028663892741562644
sonnet46,processed,6.0,20260983,isotonic_direct,penalty_prompt,1.431900138696255,-0.4792325473878872
sonnet46,processed,6.0,20260983,isotonic_direct,always_abstain,0.005547850208044383,0.012020342117429497
sonnet46,processed,6.0,20260983,beta,original,0.003698566805362922,-0.028663892741562644
sonnet46,processed,6.0,20260983,beta,penalty_prompt,1.431900138696255,-0.4792325473878872
sonnet46,processed,6.0,20260983,beta,always_abstain,0.005547850208044383,0.012020342117429497
sonnet46,processed,6.0,20260984,isotonic_direct,original,0.009246417013407305,-0.039297272306981046
sonnet46,processed,6.0,20260984,isotonic_direct,penalty_prompt,1.37329634766528,-0.4735644937586686
sonnet46,processed,6.0,20260984,isotonic_direct,always_abstain,0.006934812760055479,0.006934812760055479
sonnet46,processed,6.0,20260984,beta,original,0.006472491909385113,-0.042071197411003236
sonnet46,processed,6.0,20260984,beta,penalty_prompt,1.3705224225612578,-0.4763384188626908
sonnet46,processed,6.0,20260984,beta,always_abstain,0.004160887656033287,0.004160887656033287
sonnet46,processed,6.0,20260985,isotonic_direct,original,-0.002773925104022191,-0.015718908922792416
sonnet46,processed,6.0,20260985,isotonic_direct,penalty_prompt,1.4748867313915859,-0.4733980582524272
sonnet46,processed,6.0,20260985,isotonic_direct,always_abstain,-0.0018492834026814608,0.024040684234858993
sonnet46,processed,6.0,20260985,beta,original,0.0032362459546925564,-0.02912621359223301
sonnet46,processed,6.0,20260985,beta,penalty_prompt,1.4808969024503007,-0.4868053629218678
sonnet46,processed,6.0,20260985,beta,always_abstain,0.004160887656033287,0.0106333795654184
sonnet46,processed,6.0,20260986,isotonic_direct,original,-0.005085529357374018,-0.014794267221451687
sonnet46,processed,6.0,20260986,isotonic_direct,penalty_prompt,1.4447988904299585,-0.472806287563569
sonnet46,processed,6.0,20260986,isotonic_direct,always_abstain,-0.0036985668053629217,0.028663892741562644
sonnet46,processed,6.0,20260986,beta,original,-0.0009246417013407305,-0.026814609338881183
sonnet46,processed,6.0,20260986,beta,penalty_prompt,1.4489597780859917,-0.48482662968099854
sonnet46,processed,6.0,20260986,beta,always_abstain,0.0004623208506703652,0.016643550624133148
sonnet46,processed,6.0,20260987,isotonic_direct,original,0.00785945446139621,-0.03744798890429958
sonnet46,processed,6.0,20260987,isotonic_direct,penalty_prompt,1.370217290799815,-0.48402219140083225
sonnet46,processed,6.0,20260987,isotonic_direct,always_abstain,0.006472491909385114,0.006472491909385114
sonnet46,processed,6.0,20260987,beta,original,0.008321775312066574,-0.03698566805362921
sonnet46,processed,6.0,20260987,beta,penalty_prompt,1.3706796116504854,-0.48355987055016186
sonnet46,processed,6.0,20260987,beta,always_abstain,0.006934812760055479,0.006934812760055479
sonnet46,processed,6.0,20260988,isotonic_direct,original,0.00785945446139621,-0.018030513176144247
sonnet46,processed,6.0,20260988,isotonic_direct,penalty_prompt,1.4920018492834026,-0.46974572353213123
sonnet46,processed,6.0,20260988,isotonic_direct,always_abstain,0.0013869625520110957,0.02727693018955155
sonnet46,processed,6.0,20260988,beta,original,0.013869625520110958,-0.028201571890892282
sonnet46,processed,6.0,20260988,beta,penalty_prompt,1.4980120203421174,-0.4799167822468793
sonnet46,processed,6.0,20260988,beta,always_abstain,0.007397133610725843,0.017105871474803514
sonnet46,processed,6.0,20260989,isotonic_direct,original,0.010633379565418401,-0.03467406380027739
sonnet46,processed,6.0,20260989,isotonic_direct,penalty_prompt,1.3748774849745724,-0.47942672214516874
sonnet46,processed,6.0,20260989,isotonic_direct,always_abstain,0.004160887656033287,0.017105871474803514
sonnet46,processed,6.0,20260989,beta,original,0.013869625520110958,-0.044382801664355064
sonnet46,processed,6.0,20260989,beta,penalty_prompt,1.378113730929265,-0.4891354600092464
sonnet46,processed,6.0,20260989,beta,always_abstain,0.007397133610725843,0.007397133610725843
sonnet46,processed,6.0,20260990,isotonic_direct,original,0.003236245954692557,-0.02912621359223301
sonnet46,processed,6.0,20260990,isotonic_direct,penalty_prompt,1.3132501155802128,-0.46759130836800744
sonnet46,processed,6.0,20260990,isotonic_direct,always_abstain,0.003236245954692557,0.012944983818770227
sonnet46,processed,6.0,20260990,beta,original,0.006472491909385114,-0.03559870550161812
sonnet46,processed,6.0,20260990,beta,penalty_prompt,1.3164863615349052,-0.4740638002773926
sonnet46,processed,6.0,20260990,beta,always_abstain,0.006472491909385114,0.006472491909385114
sonnet46,processed,6.0,20260991,isotonic_direct,original,-0.007397133610725843,-0.02034211742949607
sonnet46,processed,6.0,20260991,isotonic_direct,penalty_prompt,1.377753120665742,-0.4772630605640314
sonnet46,processed,6.0,20260991,isotonic_direct,always_abstain,0.006934812760055479,0.016643550624133148
sonnet46,processed,6.0,20260991,beta,original,-0.006472491909385113,-0.02912621359223301
sonnet46,processed,6.0,20260991,beta,penalty_prompt,1.3786777623670827,-0.48604715672676835
sonnet46,processed,6.0,20260991,beta,always_abstain,0.00785945446139621,0.00785945446139621
sonnet46,processed,6.0,20260992,isotonic_direct,original,-0.0004623208506703649,-0.029588534442903377
sonnet46,processed,6.0,20260992,isotonic_direct,penalty_prompt,1.3582431807674527,-0.4763846509477578
sonnet46,processed,6.0,20260992,isotonic_direct,always_abstain,0.003236245954692557,0.016181229773462782
sonnet46,processed,6.0,20260992,beta,original,0.0004623208506703653,-0.04160887656033287
sonnet46,processed,6.0,20260992,beta,penalty_prompt,1.3591678224687933,-0.48840499306518725
sonnet46,processed,6.0,20260992,beta,always_abstain,0.004160887656033287,0.004160887656033287
sonnet46,processed,6.0,20260993,isotonic_direct,original,0.011095700416088764,-0.030975496994914475
sonnet46,processed,6.0,20260993,isotonic_direct,penalty_prompt,1.4135829865926952,-0.4846047156726768
sonnet46,processed,6.0,20260993,isotonic_direct,always_abstain,0.0013869625520110957,0.014331946370781322
sonnet46,processed,6.0,20260993,beta,original,0.016181229773462782,-0.03883495145631068
sonnet46,processed,6.0,20260993,beta,penalty_prompt,1.4186685159500692,-0.49246417013407306
sonnet46,processed,6.0,20260993,beta,always_abstain,0.006472491909385114,0.006472491909385114
sonnet46,processed,6.0,20260994,isotonic_direct,original,0.0009246417013407306,-0.03143781784558483
sonnet46,processed,6.0,20260994,isotonic_direct,penalty_prompt,1.4282755432269996,-0.47949144706426255
sonnet46,processed,6.0,20260994,isotonic_direct,always_abstain,0.006934812760055479,0.013407304669440592
sonnet46,processed,6.0,20260994,beta,original,-0.0023116042533518266,-0.041146555709662504
sonnet46,processed,6.0,20260994,beta,penalty_prompt,1.425039297272307,-0.4892001849283402
sonnet46,processed,6.0,20260994,beta,always_abstain,0.0036985668053629217,0.0036985668053629217
sonnet46,processed,6.0,20260995,isotonic_direct,original,0.0,-0.02912621359223301
sonnet46,processed,6.0,20260995,isotonic_direct,penalty_prompt,1.3830235783633842,-0.46338418862690717
sonnet46,processed,6.0,20260995,isotonic_direct,always_abstain,-0.0018492834026814608,0.014331946370781322
sonnet46,processed,6.0,20260995,beta,original,0.0,-0.02912621359223301
sonnet46,processed,6.0,20260995,beta,penalty_prompt,1.3830235783633842,-0.46338418862690717
sonnet46,processed,6.0,20260995,beta,always_abstain,-0.0018492834026814608,0.014331946370781322
sonnet46,processed,6.0,20260996,isotonic_direct,original,0.0018492834026814608,-0.01433194637078132
sonnet46,processed,6.0,20260996,isotonic_direct,penalty_prompt,1.4931946370781322,-0.4682940360610264
sonnet46,processed,6.0,20260996,isotonic_direct,always_abstain,0.0004623208506703652,0.02311604253351826
sonnet46,processed,6.0,20260996,beta,original,0.008321775312066574,-0.02404068423485899
sonnet46,processed,6.0,20260996,beta,penalty_prompt,1.4996671289875172,-0.4780027739251041
sonnet46,processed,6.0,20260996,beta,always_abstain,0.006934812760055479,0.013407304669440592
sonnet46,processed,6.0,20260997,isotonic_direct,original,0.00785945446139621,-0.02450300508552936
sonnet46,processed,6.0,20260997,isotonic_direct,penalty_prompt,1.4076375404530745,-0.45928802588996764
sonnet46,processed,6.0,20260997,isotonic_direct,always_abstain,0.006010171058714748,0.01571890892279242
sonnet46,processed,6.0,20260997,beta,original,0.00970873786407767,-0.03236245954692557
sonnet46,processed,6.0,20260997,beta,penalty_prompt,1.4094868238557559,-0.4671474803513639
sonnet46,processed,6.0,20260997,beta,always_abstain,0.00785945446139621,0.00785945446139621
sonnet46,processed,6.0,20260998,isotonic_direct,original,0.0,0.0
sonnet46,processed,6.0,20260998,isotonic_direct,penalty_prompt,1.3807582061950994,-0.4439019879796579
sonnet46,processed,6.0,20260998,isotonic_direct,always_abstain,-0.011095700416088766,0.04068423485899214
sonnet46,processed,6.0,20260998,beta,original,0.016643550624133148,-0.025427646786870088
sonnet46,processed,6.0,20260998,beta,penalty_prompt,1.3974017568192325,-0.469329634766528
sonnet46,processed,6.0,20260998,beta,always_abstain,0.005547850208044383,0.015256588072122053
sonnet46,processed,6.0,20260999,isotonic_direct,original,-0.007397133610725843,-0.026814609338881183
sonnet46,processed,6.0,20260999,isotonic_direct,penalty_prompt,1.359750346740638,-0.47779010633379565
sonnet46,processed,6.0,20260999,isotonic_direct,always_abstain,0.0009246417013407304,0.013869625520110958
sonnet46,processed,6.0,20260999,beta,original,-0.007397133610725843,-0.03975959315765141
sonnet46,processed,6.0,20260999,beta,penalty_prompt,1.359750346740638,-0.4907350901525659
sonnet46,processed,6.0,20260999,beta,always_abstain,0.0009246417013407304,0.0009246417013407304
sonnet46,processed,6.0,20261000,isotonic_direct,original,0.0,0.0
sonnet46,processed,6.0,20261000,isotonic_direct,penalty_prompt,1.4153028201571893,-0.4529172445677299
sonnet46,processed,6.0,20261000,isotonic_direct,always_abstain,-0.012020342117429497,0.03975959315765141
sonnet46,processed,6.0,20261000,beta,original,0.014331946370781322,-0.014794267221451687
sonnet46,processed,6.0,20261000,beta,penalty_prompt,1.4296347665279705,-0.46771151178918163
sonnet46,processed,6.0,20261000,beta,always_abstain,0.002311604253351826,0.024965325936199722
sonnet46,processed,6.0,20261001,isotonic_direct,original,0.006934812760055479,-0.028663892741562648
sonnet46,processed,6.0,20261001,isotonic_direct,penalty_prompt,1.4508090614886733,-0.4897734627831715
sonnet46,processed,6.0,20261001,isotonic_direct,always_abstain,0.004623208506703652,0.014331946370781322
sonnet46,processed,6.0,20261001,beta,original,0.00785945446139621,-0.03744798890429959
sonnet46,processed,6.0,20261001,beta,penalty_prompt,1.451733703190014,-0.4985575589459085
sonnet46,processed,6.0,20261001,beta,always_abstain,0.005547850208044383,0.005547850208044383
sonnet46,processed,6.0,20261002,isotonic_direct,original,0.004160887656033287,-0.02820157189089228
sonnet46,processed,6.0,20261002,isotonic_direct,penalty_prompt,1.4149329634766528,-0.4770411465557097
sonnet46,processed,6.0,20261002,isotonic_direct,always_abstain,0.006472491909385114,0.012944983818770227
sonnet46,processed,6.0,20261002,beta,original,0.004160887656033287,-0.02820157189089228
sonnet46,processed,6.0,20261002,beta,penalty_prompt,1.4149329634766528,-0.4770411465557097
sonnet46,processed,6.0,20261002,beta,always_abstain,0.006472491909385114,0.012944983818770227
sonnet46,processed,6.0,20261003,isotonic_direct,original,-0.002773925104022191,-0.025427646786870088
sonnet46,processed,6.0,20261003,isotonic_direct,penalty_prompt,1.4597780859916782,-0.48209893666204345
sonnet46,processed,6.0,20261003,isotonic_direct,always_abstain,0.0013869625520110957,0.014331946370781322
sonnet46,processed,6.0,20261003,beta,original,-0.002773925104022191,-0.025427646786870088
sonnet46,processed,6.0,20261003,beta,penalty_prompt,1.4597780859916782,-0.48209893666204345
sonnet46,processed,6.0,20261003,beta,always_abstain,0.0013869625520110957,0.014331946370781322
sonnet46,processed,6.0,20261004,isotonic_direct,original,0.005085529357374018,-0.033749422098936666
sonnet46,processed,6.0,20261004,isotonic_direct,penalty_prompt,1.3883587609801202,-0.4876930189551549
sonnet46,processed,6.0,20261004,isotonic_direct,always_abstain,0.0027739251040221915,0.01571890892279242
sonnet46,processed,6.0,20261004,beta,original,0.00878409616273694,-0.04299583911234397
sonnet46,processed,6.0,20261004,beta,penalty_prompt,1.392057327785483,-0.4969394359685622
sonnet46,processed,6.0,20261004,beta,always_abstain,0.006472491909385114,0.006472491909385114
sonnet46,processed,6.0,20261005,isotonic_direct,original,-0.005085529357374017,-0.03421174294960703
sonnet46,processed,6.0,20261005,isotonic_direct,penalty_prompt,1.45791030975497,-0.4804068423485899
sonnet46,processed,6.0,20261005,isotonic_direct,always_abstain,0.006472491909385114,0.006472491909385114
sonnet46,processed,6.0,20261005,beta,original,-0.0046232085067036514,-0.033749422098936666
sonnet46,processed,6.0,20261005,beta,penalty_prompt,1.4583726306056404,-0.4799445214979195
sonnet46,processed,6.0,20261005,beta,always_abstain,0.006934812760055479,0.006934812760055479
sonnet46,processed,6.0,20261006,isotonic_direct,original,0.0,-0.03559870550161812
sonnet46,processed,6.0,20261006,isotonic_direct,penalty_prompt,1.382431807674526,-0.4846879334257976
sonnet46,processed,6.0,20261006,isotonic_direct,always_abstain,0.006472491909385114,0.006472491909385114
sonnet46,processed,6.0,20261006,beta,original,0.0004623208506703653,-0.03513638465094776
sonnet46,processed,6.0,20261006,beta,penalty_prompt,1.3828941285251963,-0.4842256125751272
sonnet46,processed,6.0,20261006,beta,always_abstain,0.006934812760055479,0.006934812760055479
sonnet46,processed,6.0,20261007,isotonic_direct,original,-0.015256588072122051,-0.037910309754969944
sonnet46,processed,6.0,20261007,isotonic_direct,penalty_prompt,1.45123439667129,-0.4948497457235322
sonnet46,processed,6.0,20261007,isotonic_direct,always_abstain,0.006010171058714748,0.006010171058714748
sonnet46,processed,6.0,20261007,beta,original,-0.018955154877484972,-0.041608876560332866
sonnet46,processed,6.0,20261007,beta,penalty_prompt,1.4475358298659269,-0.49854831252889514
sonnet46,processed,6.0,20261007,beta,always_abstain,0.002311604253351826,0.002311604253351826
sonnet46,processed,6.0,20261008,isotonic_direct,original,-0.005085529357374018,-0.014794267221451683
sonnet46,processed,6.0,20261008,isotonic_direct,penalty_prompt,1.4509754969949145,-0.475367545076283
sonnet46,processed,6.0,20261008,isotonic_direct,always_abstain,0.0,0.02912621359223301
sonnet46,processed,6.0,20261008,beta,original,-0.002311604253351826,-0.041146555709662504
sonnet46,processed,6.0,20261008,beta,penalty_prompt,1.4537494220989367,-0.5017198335644938
sonnet46,processed,6.0,20261008,beta,always_abstain,0.0027739251040221915,0.0027739251040221915
sonnet46,processed,6.0,20261009,isotonic_direct,original,0.007397133610725844,-0.03791030975496995
sonnet46,processed,6.0,20261009,isotonic_direct,penalty_prompt,1.4088950531668976,-0.47945446139620895
sonnet46,processed,6.0,20261009,isotonic_direct,always_abstain,0.006934812760055479,0.006934812760055479
sonnet46,processed,6.0,20261009,beta,original,0.012944983818770225,-0.029126213592233007
sonnet46,processed,6.0,20261009,beta,penalty_prompt,1.414442903374942,-0.470670365233472
sonnet46,processed,6.0,20261009,beta,always_abstain,0.012482662968099861,0.01571890892279242
sonnet46,processed,6.0,20261010,isotonic_direct,original,-0.00878409616273694,-0.012020342117429497
sonnet46,processed,6.0,20261010,isotonic_direct,penalty_prompt,1.4241423948220067,-0.4613592233009709
sonnet46,processed,6.0,20261010,isotonic_direct,always_abstain,0.0004623208506703652,0.026352288488210817
sonnet46,processed,6.0,20261010,beta,original,-0.005547850208044383,-0.03467406380027739
sonnet46,processed,6.0,20261010,beta,penalty_prompt,1.427378640776699,-0.4840129449838188
sonnet46,processed,6.0,20261010,beta,always_abstain,0.0036985668053629217,0.0036985668053629217
sonnet46,processed,6.0,20261011,isotonic_direct,original,-0.0013869625520110957,-0.027276930189551546
sonnet46,processed,6.0,20261011,isotonic_direct,penalty_prompt,1.464789644012945,-0.4862783171521037
sonnet46,processed,6.0,20261011,isotonic_direct,always_abstain,-0.002311604253351826,0.013869625520110958
sonnet46,processed,6.0,20261011,beta,original,0.0009246417013407304,-0.02820157189089228
sonnet46,processed,6.0,20261011,beta,penalty_prompt,1.4671012482662968,-0.4872029588534444
sonnet46,processed,6.0,20261011,beta,always_abstain,0.0,0.012944983818770227
sonnet46,processed,6.0,20261012,isotonic_direct,original,0.009246417013407305,-0.029588534442903373
sonnet46,processed,6.0,20261012,isotonic_direct,penalty_prompt,1.4360887656033285,-0.474073046694406
sonnet46,processed,6.0,20261012,isotonic_direct,always_abstain,0.004160887656033287,0.013869625520110958
sonnet46,processed,6.0,20261012,beta,original,0.012482662968099861,-0.036061026352288486
sonnet46,processed,6.0,20261012,beta,penalty_prompt,1.4393250115580212,-0.48054553860379107
sonnet46,processed,6.0,20261012,beta,always_abstain,0.007397133610725843,0.007397133610725843
sonnet46,raw,0.0,20260913,isotonic_direct,original,0.0,0.0
sonnet46,raw,0.0,20260913,isotonic_direct,penalty_prompt,0.03223300970873788,-0.0007582061950993646
sonnet46,raw,0.0,20260913,isotonic_direct,always_abstain,0.31992602866389275,0.9972260748959778
sonnet46,raw,0.0,20260913,beta,original,0.0,0.0
sonnet46,raw,0.0,20260913,beta,penalty_prompt,0.03223300970873788,-0.0007582061950993646
sonnet46,raw,0.0,20260913,beta,always_abstain,0.31992602866389275,0.9972260748959778
sonnet46,raw,0.0,20260914,isotonic_direct,original,0.0,0.0
sonnet46,raw,0.0,20260914,isotonic_direct,penalty_prompt,0.032824780397595954,-0.0007674526121127512
sonnet46,raw,0.0,20260914,isotonic_direct,always_abstain,0.31853906611188165,0.9976883957466481
sonnet46,raw,0.0,20260914,beta,original,0.0,0.0
sonnet46,raw,0.0,20260914,beta,penalty_prompt,0.032824780397595954,-0.0007674526121127512
sonnet46,raw,0.0,20260914,beta,always_abstain,0.31853906611188165,0.9976883957466481
sonnet46,raw,0.0,20260915,isotonic_direct,original,0.0,0.0
sonnet46,raw,0.0,20260915,isotonic_direct,penalty_prompt,0.042246879334257914,-0.001368469717984322
sonnet46,raw,0.0,20260915,isotonic_direct,always_abstain,0.32501155802126674,0.996301433194637
sonnet46,raw,0.0,20260915,beta,original,0.0,0.0
sonnet46,raw,0.0,20260915,beta,penalty_prompt,0.042246879334257914,-0.001368469717984322
sonnet46,raw,0.0,20260915,beta,always_abstain,0.32501155802126674,0.996301433194637
sonnet46,raw,0.0,20260916,isotonic_direct,original,0.0,0.0
sonnet46,raw,0.0,20260916,isotonic_direct,penalty_prompt,0.03208506703652342,-0.00016643550624140246
sonnet46,raw,0.0,20260916,isotonic_direct,always_abstain,0.3268608414239482,0.9976883957466481
sonnet46,raw,0.0,20260916,beta,original,0.0,0.0
sonnet46,raw,0.0,20260916,beta,penalty_prompt,0.03208506703652342,-0.00016643550624140246
sonnet46,raw,0.0,20260916,beta,always_abstain,0.3268608414239482,0.9976883957466481
sonnet46,raw,0.0,20260917,isotonic_direct,original,0.0,0.0
sonnet46,raw,0.0,20260917,isotonic_direct,penalty_prompt,0.028414239482200676,0.0001386962552011317
sonnet46,raw,0.0,20260917,isotonic_direct,always_abstain,0.3116042533518262,0.9976883957466481
sonnet46,raw,0.0,20260917,beta,original,0.0,0.0
sonnet46,raw,0.0,20260917,beta,penalty_prompt,0.028414239482200676,0.0001386962552011317
sonnet46,raw,0.0,20260917,beta,always_abstain,0.3116042533518262,0.9976883957466481
sonnet46,raw,0.0,20260918,isotonic_direct,original,0.0,0.0
sonnet46,raw,0.0,20260918,isotonic_direct,penalty_prompt,0.03044845122515022,0.001035598705501517
sonnet46,raw,0.0,20260918,isotonic_direct,always_abstain,0.31484049930651875,0.9981507165973186
sonnet46,raw,0.0,20260918,beta,original,0.0,0.0
sonnet46,raw,0.0,20260918,beta,penalty_prompt,0.03044845122515022,0.001035598705501517
sonnet46,raw,0.0,20260918,beta,always_abstain,0.31484049930651875,0.9981507165973186
sonnet46,raw,0.0,20260919,isotonic_direct,original,0.0,0.0
sonnet46,raw,0.0,20260919,isotonic_direct,penalty_prompt,0.027165973185390713,-0.0011927877947295329
sonnet46,raw,0.0,20260919,isotonic_direct,always_abstain,0.31299121590383727,0.996301433194637
sonnet46,raw,0.0,20260919,beta,original,0.0,0.0
sonnet46,raw,0.0,20260919,beta,penalty_prompt,0.027165973185390713,-0.0011927877947295329
sonnet46,raw,0.0,20260919,beta,always_abstain,0.31299121590383727,0.996301433194637
sonnet46,raw,0.0,20260920,isotonic_direct,original,0.0,0.0
sonnet46,raw,0.0,20260920,isotonic_direct,penalty_prompt,0.03317614424410542,-0.0008414239482201769
sonnet46,raw,0.0,20260920,isotonic_direct,always_abstain,0.31299121590383727,0.9972260748959778
sonnet46,raw,0.0,20260920,beta,original,0.0,0.0
sonnet46,raw,0.0,20260920,beta,penalty_prompt,0.03317614424410542,-0.0008414239482201769
sonnet46,raw,0.0,20260920,beta,always_abstain,0.31299121590383727,0.9972260748959778
sonnet46,raw,0.0,20260921,isotonic_direct,original,0.0,0.0
sonnet46,raw,0.0,20260921,isotonic_direct,penalty_prompt,0.03576514100785949,0.0007304669440590938
sonnet46,raw,0.0,20260921,isotonic_direct,always_abstain,0.3319463707813222,0.9976883957466481
sonnet46,raw,0.0,20260921,beta,original,0.0,0.0
sonnet46,raw,0.0,20260921,beta,penalty_prompt,0.03576514100785949,0.0007304669440590938
sonnet46,raw,0.0,20260921,beta,always_abstain,0.3319463707813222,0.9976883957466481
sonnet46,raw,0.0,20260922,isotonic_direct,original,0.0,0.0
sonnet46,raw,0.0,20260922,isotonic_direct,penalty_prompt,0.027045769764216354,-0.0006657420249652768
sonnet46,raw,0.0,20260922,isotonic_direct,always_abstain,0.32362459546925565,0.9967637540453075
sonnet46,raw,0.0,20260922,beta,original,0.0,0.0
sonnet46,raw,0.0,20260922,beta,penalty_prompt,0.027045769764216354,-0.0006657420249652768
sonnet46,raw,0.0,20260922,beta,always_abstain,0.32362459546925565,0.9967637540453075
sonnet46,raw,0.0,20260923,isotonic_direct,original,0.0,0.0
sonnet46,raw,0.0,20260923,isotonic_direct,penalty_prompt,0.030328247803975972,0.000573277854831189
sonnet46,raw,0.0,20260923,isotonic_direct,always_abstain,0.31345353675450766,0.9981507165973186
sonnet46,raw,0.0,20260923,beta,original,0.0,0.0
sonnet46,raw,0.0,20260923,beta,penalty_prompt,0.030328247803975972,0.000573277854831189
sonnet46,raw,0.0,20260923,beta,always_abstain,0.31345353675450766,0.9981507165973186
sonnet46,raw,0.0,20260924,isotonic_direct,original,0.0,0.0
sonnet46,raw,0.0,20260924,isotonic_direct,penalty_prompt,0.03341655108645397,0.0002496532593619927
sonnet46,raw,0.0,20260924,isotonic_direct,always_abstain,0.32362459546925565,0.9981507165973186
sonnet46,raw,0.0,20260924,beta,original,0.0,0.0
sonnet46,raw,0.0,20260924,beta,penalty_prompt,0.03341655108645397,0.0002496532593619927
sonnet46,raw,0.0,20260924,beta,always_abstain,0.32362459546925565,0.9981507165973186
sonnet46,raw,0.0,20260925,isotonic_direct,original,0.0,0.0
sonnet46,raw,0.0,20260925,isotonic_direct,penalty_prompt,0.03286176606564961,-0.0004253351826167817
sonnet46,raw,0.0,20260925,isotonic_direct,always_abstain,0.31900138696255204,0.9972260748959778
sonnet46,raw,0.0,20260925,beta,original,0.0,0.0
sonnet46,raw,0.0,20260925,beta,penalty_prompt,0.03286176606564961,-0.0004253351826167817
sonnet46,raw,0.0,20260925,beta,always_abstain,0.31900138696255204,0.9972260748959778
sonnet46,raw,0.0,20260926,isotonic_direct,original,0.0,0.0
sonnet46,raw,0.0,20260926,isotonic_direct,penalty_prompt,0.039140083217753086,-0.0008414239482198438
sonnet46,raw,0.0,20260926,isotonic_direct,always_abstain,0.3166897827092002,0.9967637540453075
sonnet46,raw,0.0,20260926,beta,original,0.0,0.0
sonnet46,raw,0.0,20260926,beta,penalty_prompt,0.039140083217753086,-0.0008414239482198438
sonnet46,raw,0.0,20260926,beta,always_abstain,0.3166897827092002,0.9967637540453075
sonnet46,raw,0.0,20260927,isotonic_direct,original,0.0,0.0
sonnet46,raw,0.0,20260927,isotonic_direct,penalty_prompt,0.03276930189551547,-0.00013869625520124274
sonnet46,raw,0.0,20260927,isotonic_direct,always_abstain,0.3069810448451225,0.9972260748959778
sonnet46,raw,0.0,20260927,beta,original,0.0,0.0
sonnet46,raw,0.0,20260927,beta,penalty_prompt,0.03276930189551547,-0.00013869625520124274
sonnet46,raw,0.0,20260927,beta,always_abstain,0.3069810448451225,0.9972260748959778
sonnet46,raw,0.0,20260928,isotonic_direct,original,0.0,0.0
sonnet46,raw,0.0,20260928,isotonic_direct,penalty_prompt,0.030559408229311136,0.0006472491909383926
sonnet46,raw,0.0,20260928,isotonic_direct,always_abstain,0.3166897827092002,0.9986130374479889
sonnet46,raw,0.0,20260928,beta,original,0.0,0.0
sonnet46,raw,0.0,20260928,beta,penalty_prompt,0.030559408229311136,0.0006472491909383926
sonnet46,raw,0.0,20260928,beta,always_abstain,0.3166897827092002,0.9986130374479889
sonnet46,raw,0.0,20260929,isotonic_direct,original,0.0,0.0
sonnet46,raw,0.0,20260929,isotonic_direct,penalty_prompt,0.0314008321775312,-0.0005547850208043048
sonnet46,raw,0.0,20260929,isotonic_direct,always_abstain,0.32408691631992603,0.9967637540453075
sonnet46,raw,0.0,20260929,beta,original,0.0,0.0
sonnet46,raw,0.0,20260929,beta,penalty_prompt,0.0314008321775312,-0.0005547850208043048
sonnet46,raw,0.0,20260929,beta,always_abstain,0.32408691631992603,0.9967637540453075
sonnet46,raw,0.0,20260930,isotonic_direct,original,0.0,0.0
sonnet46,raw,0.0,20260930,isotonic_direct,penalty_prompt,0.03876098012020335,-0.001100323624595556
sonnet46,raw,0.0,20260930,isotonic_direct,always_abstain,0.32639852057327784,0.9972260748959778
sonnet46,raw,0.0,20260930,beta,original,0.0,0.0
sonnet46,raw,0.0,20260930,beta,penalty_prompt,0.03876098012020335,-0.001100323624595556
sonnet46,raw,0.0,20260930,beta,always_abstain,0.32639852057327784,0.9972260748959778
sonnet46,raw,0.0,20260931,isotonic_direct,original,0.0,0.0
sonnet46,raw,0.0,20260931,isotonic_direct,penalty_prompt,0.02698104484512248,0.00024040684234849508
sonnet46,raw,0.0,20260931,isotonic_direct,always_abstain,0.32223763291724455,0.9976883957466481
sonnet46,raw,0.0,20260931,beta,original,0.0,0.0
sonnet46,raw,0.0,20260931,beta,penalty_prompt,0.02698104484512248,0.00024040684234849508
sonnet46,raw,0.0,20260931,beta,always_abstain,0.32223763291724455,0.9976883957466481
sonnet46,raw,0.0,20260932,isotonic_direct,original,0.0,0.0
sonnet46,raw,0.0,20260932,isotonic_direct,penalty_prompt,0.03608876560332869,-5.5478502080652525e-05
sonnet46,raw,0.0,20260932,isotonic_direct,always_abstain,0.32131299121590384,0.9976883957466481
sonnet46,raw,0.0,20260932,beta,original,0.0,0.0
sonnet46,raw,0.0,20260932,beta,penalty_prompt,0.03608876560332869,-5.5478502080652525e-05
sonnet46,raw,0.0,20260932,beta,always_abstain,0.32131299121590384,0.9976883957466481
sonnet46,raw,0.0,20260933,isotonic_direct,original,0.0,0.0
sonnet46,raw,0.0,20260933,isotonic_direct,penalty_prompt,0.02847896440129455,-0.0006472491909385036
sonnet46,raw,0.0,20260933,isotonic_direct,always_abstain,0.31622746185852985,0.9972260748959778
sonnet46,raw,0.0,20260933,beta,original,0.0,0.0
sonnet46,raw,0.0,20260933,beta,penalty_prompt,0.02847896440129455,-0.0006472491909385036
sonnet46,raw,0.0,20260933,beta,always_abstain,0.31622746185852985,0.9972260748959778
sonnet46,raw,0.0,20260934,isotonic_direct,original,0.0,0.0
sonnet46,raw,0.0,20260934,isotonic_direct,penalty_prompt,0.02279241793804898,0.00016643550624118042
sonnet46,raw,0.0,20260934,isotonic_direct,always_abstain,0.3069810448451225,0.9972260748959778
sonnet46,raw,0.0,20260934,beta,original,0.0,0.0
sonnet46,raw,0.0,20260934,beta,penalty_prompt,0.02279241793804898,0.00016643550624118042
sonnet46,raw,0.0,20260934,beta,always_abstain,0.3069810448451225,0.9972260748959778
sonnet46,raw,0.0,20260935,isotonic_direct,original,0.0,0.0
sonnet46,raw,0.0,20260935,isotonic_direct,penalty_prompt,0.02175681923254741,-0.0007119741100323207
sonnet46,raw,0.0,20260935,isotonic_direct,always_abstain,0.3231622746185853,0.9967637540453075
sonnet46,raw,0.0,20260935,beta,original,0.0,0.0
sonnet46,raw,0.0,20260935,beta,penalty_prompt,0.02175681923254741,-0.0007119741100323207
sonnet46,raw,0.0,20260935,beta,always_abstain,0.3231622746185853,0.9967637540453075
sonnet46,raw,0.0,20260936,isotonic_direct,original,0.0,0.0
sonnet46,raw,0.0,20260936,isotonic_direct,penalty_prompt,0.0370134073046694,-0.0008136846971799061
sonnet46,raw,0.0,20260936,isotonic_direct,always_abstain,0.32223763291724455,0.9967637540453075
sonnet46,raw,0.0,20260936,beta,original,0.0,0.0
sonnet46,raw,0.0,20260936,beta,penalty_prompt,0.0370134073046694,-0.0008136846971799061
sonnet46,raw,0.0,20260936,beta,always_abstain,0.32223763291724455,0.9967637540453075
sonnet46,raw,0.0,20260937,isotonic_direct,original,0.0,0.0
sonnet46,raw,0.0,20260937,isotonic_direct,penalty_prompt,0.026842348589921405,0.0004900601017105988
sonnet46,raw,0.0,20260937,isotonic_direct,always_abstain,0.3120665742024965,0.9972260748959778
sonnet46,raw,0.0,20260937,beta,original,0.0,0.0
sonnet46,raw,0.0,20260937,beta,penalty_prompt,0.026842348589921405,0.0004900601017105988
sonnet46,raw,0.0,20260937,beta,always_abstain,0.3120665742024965,0.9972260748959778
sonnet46,raw,0.0,20260938,isotonic_direct,original,0.0,0.0
sonnet46,raw,0.0,20260938,isotonic_direct,penalty_prompt,0.027424872861766036,0.0012020342117429195
sonnet46,raw,0.0,20260938,isotonic_direct,always_abstain,0.3106796116504854,0.9976883957466481
sonnet46,raw,0.0,20260938,beta,original,0.0,0.0
sonnet46,raw,0.0,20260938,beta,penalty_prompt,0.027424872861766036,0.0012020342117429195
sonnet46,raw,0.0,20260938,beta,always_abstain,0.3106796116504854,0.9976883957466481
sonnet46,raw,0.0,20260939,isotonic_direct,original,0.0,0.0
sonnet46,raw,0.0,20260939,isotonic_direct,penalty_prompt,0.03134535367545077,0.0003883495145631244
sonnet46,raw,0.0,20260939,isotonic_direct,always_abstain,0.32038834951456313,0.9972260748959778
sonnet46,raw,0.0,20260939,beta,original,0.0,0.0
sonnet46,raw,0.0,20260939,beta,penalty_prompt,0.03134535367545077,0.0003883495145631244
sonnet46,raw,0.0,20260939,beta,always_abstain,0.32038834951456313,0.9972260748959778
sonnet46,raw,0.0,20260940,isotonic_direct,original,0.0,0.0
sonnet46,raw,0.0,20260940,isotonic_direct,penalty_prompt,0.037272306981044834,-0.0002034211742950598
sonnet46,raw,0.0,20260940,isotonic_direct,always_abstain,0.3337956541840037,0.9976883957466481
sonnet46,raw,0.0,20260940,beta,original,0.0,0.0
sonnet46,raw,0.0,20260940,beta,penalty_prompt,0.037272306981044834,-0.0002034211742950598
sonnet46,raw,0.0,20260940,beta,always_abstain,0.3337956541840037,0.9976883957466481
sonnet46,raw,0.0,20260941,isotonic_direct,original,0.0,0.0
sonnet46,raw,0.0,20260941,isotonic_direct,penalty_prompt,0.029098474341192837,-0.0011927877947294219
sonnet46,raw,0.0,20260941,isotonic_direct,always_abstain,0.3287101248266297,0.9967637540453075
sonnet46,raw,0.0,20260941,beta,original,0.0,0.0
sonnet46,raw,0.0,20260941,beta,penalty_prompt,0.029098474341192837,-0.0011927877947294219
sonnet46,raw,0.0,20260941,beta,always_abstain,0.3287101248266297,0.9967637540453075
sonnet46,raw,0.0,20260942,isotonic_direct,original,0.0,0.0
sonnet46,raw,0.0,20260942,isotonic_direct,penalty_prompt,0.025233472029588533,-0.002135922330097073
sonnet46,raw,0.0,20260942,isotonic_direct,always_abstain,0.31622746185852985,0.9958391123439667
sonnet46,raw,0.0,20260942,beta,original,0.0,0.0
sonnet46,raw,0.0,20260942,beta,penalty_prompt,0.025233472029588533,-0.002135922330097073
sonnet46,raw,0.0,20260942,beta,always_abstain,0.31622746185852985,0.9958391123439667
sonnet46,raw,0.0,20260943,isotonic_direct,original,0.0,0.0
sonnet46,raw,0.0,20260943,isotonic_direct,penalty_prompt,0.026185852981969515,0.0008321775312066793
sonnet46,raw,0.0,20260943,isotonic_direct,always_abstain,0.31576514100785946,0.9976883957466481
sonnet46,raw,0.0,20260943,beta,original,0.0,0.0
sonnet46,raw,0.0,20260943,beta,penalty_prompt,0.026185852981969515,0.0008321775312066793
sonnet46,raw,0.0,20260943,beta,always_abstain,0.31576514100785946,0.9976883957466481
sonnet46,raw,0.0,20260944,isotonic_direct,original,0.0,0.0
sonnet46,raw,0.0,20260944,isotonic_direct,penalty_prompt,0.037420249653259297,0.00015718908922779384
sonnet46,raw,0.0,20260944,isotonic_direct,always_abstain,0.32639852057327784,0.9976883957466481
sonnet46,raw,0.0,20260944,beta,original,0.0,0.0
sonnet46,raw,0.0,20260944,beta,penalty_prompt,0.037420249653259297,0.00015718908922779384
sonnet46,raw,0.0,20260944,beta,always_abstain,0.32639852057327784,0.9976883957466481
sonnet46,raw,0.0,20260945,isotonic_direct,original,0.0,0.0
sonnet46,raw,0.0,20260945,isotonic_direct,penalty_prompt,0.027942672214516906,-0.001211280628756528
sonnet46,raw,0.0,20260945,isotonic_direct,always_abstain,0.32408691631992603,0.9967637540453075
sonnet46,raw,0.0,20260945,beta,original,0.0,0.0
sonnet46,raw,0.0,20260945,beta,penalty_prompt,0.027942672214516906,-0.001211280628756528
sonnet46,raw,0.0,20260945,beta,always_abstain,0.32408691631992603,0.9967637540453075
sonnet46,raw,0.0,20260946,isotonic_direct,original,0.0,0.0
sonnet46,raw,0.0,20260946,isotonic_direct,penalty_prompt,0.027378640776699048,-0.0008044382801662975
sonnet46,raw,0.0,20260946,isotonic_direct,always_abstain,0.31715210355987056,0.9972260748959778
sonnet46,raw,0.0,20260946,beta,original,0.0,0.0
sonnet46,raw,0.0,20260946,beta,penalty_prompt,0.027378640776699048,-0.0008044382801662975
sonnet46,raw,0.0,20260946,beta,always_abstain,0.31715210355987056,0.9972260748959778
sonnet46,raw,0.0,20260947,isotonic_direct,original,0.0,0.0
sonnet46,raw,0.0,20260947,isotonic_direct,penalty_prompt,0.03312066574202499,0.0007027276930189341
sonnet46,raw,0.0,20260947,isotonic_direct,always_abstain,0.31484049930651875,0.9986130374479889
sonnet46,raw,0.0,20260947,beta,original,0.0,0.0
sonnet46,raw,0.0,20260947,beta,penalty_prompt,0.03312066574202499,0.0007027276930189341
sonnet46,raw,0.0,20260947,beta,always_abstain,0.31484049930651875,0.9986130374479889
sonnet46,raw,0.0,20260948,isotonic_direct,original,0.0,0.0
sonnet46,raw,0.0,20260948,isotonic_direct,penalty_prompt,0.033721682847896506,-0.0022838650023119245
sonnet46,raw,0.0,20260948,isotonic_direct,always_abstain,0.3245492371705964,0.996301433194637
sonnet46,raw,0.0,20260948,beta,original,0.0,0.0
sonnet46,raw,0.0,20260948,beta,penalty_prompt,0.033721682847896506,-0.0022838650023119245
sonnet46,raw,0.0,20260948,beta,always_abstain,0.3245492371705964,0.996301433194637
sonnet46,raw,0.0,20260949,isotonic_direct,original,0.0,0.0
sonnet46,raw,0.0,20260949,isotonic_direct,penalty_prompt,0.025899214054553865,-0.0004160887656031731
sonnet46,raw,0.0,20260949,isotonic_direct,always_abstain,0.3032824780397596,0.9967637540453075
sonnet46,raw,0.0,20260949,beta,original,0.0,0.0
sonnet46,raw,0.0,20260949,beta,penalty_prompt,0.025899214054553865,-0.0004160887656031731
sonnet46,raw,0.0,20260949,beta,always_abstain,0.3032824780397596,0.9967637540453075
sonnet46,raw,0.0,20260950,isotonic_direct,original,0.0,0.0
sonnet46,raw,0.0,20260950,isotonic_direct,penalty_prompt,0.0281923254738789,-0.0015811373092926573
sonnet46,raw,0.0,20260950,isotonic_direct,always_abstain,0.31853906611188165,0.9967637540453075
sonnet46,raw,0.0,20260950,beta,original,0.0,0.0
sonnet46,raw,0.0,20260950,beta,penalty_prompt,0.0281923254738789,-0.0015811373092926573
sonnet46,raw,0.0,20260950,beta,always_abstain,0.31853906611188165,0.9967637540453075
sonnet46,raw,0.0,20260951,isotonic_direct,original,0.0,0.0
sonnet46,raw,0.0,20260951,isotonic_direct,penalty_prompt,0.028636153490522454,-0.0011558021266758756
sonnet46,raw,0.0,20260951,isotonic_direct,always_abstain,0.3245492371705964,0.9967637540453075
sonnet46,raw,0.0,20260951,beta,original,0.0,0.0
sonnet46,raw,0.0,20260951,beta,penalty_prompt,0.028636153490522454,-0.0011558021266758756
sonnet46,raw,0.0,20260951,beta,always_abstain,0.3245492371705964,0.9967637540453075
sonnet46,raw,0.0,20260952,isotonic_direct,original,0.0,0.0
sonnet46,raw,0.0,20260952,isotonic_direct,penalty_prompt,0.033925104022191455,0.00010171058714758541
sonnet46,raw,0.0,20260952,isotonic_direct,always_abstain,0.31900138696255204,0.9976883957466481
sonnet46,raw,0.0,20260952,beta,original,0.0,0.0
sonnet46,raw,0.0,20260952,beta,penalty_prompt,0.033925104022191455,0.00010171058714758541
sonnet46,raw,0.0,20260952,beta,always_abstain,0.31900138696255204,0.9976883957466481
sonnet46,raw,0.0,20260953,isotonic_direct,original,0.0,0.0
sonnet46,raw,0.0,20260953,isotonic_direct,penalty_prompt,0.03380490060101704,-0.00045307443365705247
sonnet46,raw,0.0,20260953,isotonic_direct,always_abstain,0.32362459546925565,0.9976883957466481
sonnet46,raw,0.0,20260953,beta,original,0.0,0.0
sonnet46,raw,0.0,20260953,beta,penalty_prompt,0.03380490060101704,-0.00045307443365705247
sonnet46,raw,0.0,20260953,beta,always_abstain,0.32362459546925565,0.9976883957466481
sonnet46,raw,0.0,20260954,isotonic_direct,original,0.0,0.0
sonnet46,raw,0.0,20260954,isotonic_direct,penalty_prompt,0.026333795654183978,-0.000748959778085867
sonnet46,raw,0.0,20260954,isotonic_direct,always_abstain,0.30374479889042993,0.9967637540453075
sonnet46,raw,0.0,20260954,beta,original,0.0,0.0
sonnet46,raw,0.0,20260954,beta,penalty_prompt,0.026333795654183978,-0.000748959778085867
sonnet46,raw,0.0,20260954,beta,always_abstain,0.30374479889042993,0.9967637540453075
sonnet46,raw,0.0,20260955,isotonic_direct,original,0.0,0.0
sonnet46,raw,0.0,20260955,isotonic_direct,penalty_prompt,0.02613037447988903,-0.0002311604253351085
sonnet46,raw,0.0,20260955,isotonic_direct,always_abstain,0.3106796116504854,0.9967637540453075
sonnet46,raw,0.0,20260955,beta,original,0.0,0.0
sonnet46,raw,0.0,20260955,beta,penalty_prompt,0.02613037447988903,-0.0002311604253351085
sonnet46,raw,0.0,20260955,beta,always_abstain,0.3106796116504854,0.9967637540453075
sonnet46,raw,0.0,20260956,isotonic_direct,original,0.0,0.0
sonnet46,raw,0.0,20260956,isotonic_direct,penalty_prompt,0.028404993065187234,-0.000748959778085978
sonnet46,raw,0.0,20260956,isotonic_direct,always_abstain,0.3065187239944521,0.996301433194637
sonnet46,raw,0.0,20260956,beta,original,0.0,0.0
sonnet46,raw,0.0,20260956,beta,penalty_prompt,0.028404993065187234,-0.000748959778085978
sonnet46,raw,0.0,20260956,beta,always_abstain,0.3065187239944521,0.996301433194637
sonnet46,raw,0.0,20260957,isotonic_direct,original,0.0,0.0
sonnet46,raw,0.0,20260957,isotonic_direct,penalty_prompt,0.03237170596393896,1.8492834026773153e-05
sonnet46,raw,0.0,20260957,isotonic_direct,always_abstain,0.32408691631992603,0.9976883957466481
sonnet46,raw,0.0,20260957,beta,original,0.0,0.0
sonnet46,raw,0.0,20260957,beta,penalty_prompt,0.03237170596393896,1.8492834026773153e-05
sonnet46,raw,0.0,20260957,beta,always_abstain,0.32408691631992603,0.9976883957466481
sonnet46,raw,0.0,20260958,isotonic_direct,original,0.0,0.0
sonnet46,raw,0.0,20260958,isotonic_direct,penalty_prompt,0.026315302820157205,0.0005085529357373719
sonnet46,raw,0.0,20260958,isotonic_direct,always_abstain,0.31946370781322236,0.9981507165973186
sonnet46,raw,0.0,20260958,beta,original,0.0,0.0
sonnet46,raw,0.0,20260958,beta,penalty_prompt,0.026315302820157205,0.0005085529357373719
sonnet46,raw,0.0,20260958,beta,always_abstain,0.31946370781322236,0.9981507165973186
sonnet46,raw,0.0,20260959,isotonic_direct,original,0.0,0.0
sonnet46,raw,0.0,20260959,isotonic_direct,penalty_prompt,0.030254276467868657,-0.000573277854831189
sonnet46,raw,0.0,20260959,isotonic_direct,always_abstain,0.32131299121590384,0.9972260748959778
sonnet46,raw,0.0,20260959,beta,original,0.0,0.0
sonnet46,raw,0.0,20260959,beta,penalty_prompt,0.030254276467868657,-0.000573277854831189
sonnet46,raw,0.0,20260959,beta,always_abstain,0.32131299121590384,0.9972260748959778
sonnet46,raw,0.0,20260960,isotonic_direct,original,0.0,0.0
sonnet46,raw,0.0,20260960,isotonic_direct,penalty_prompt,0.03548774849745723,0.001100323624595556
sonnet46,raw,0.0,20260960,isotonic_direct,always_abstain,0.32223763291724455,0.9986130374479889
sonnet46,raw,0.0,20260960,beta,original,0.0,0.0
sonnet46,raw,0.0,20260960,beta,penalty_prompt,0.03548774849745723,0.001100323624595556
sonnet46,raw,0.0,20260960,beta,always_abstain,0.32223763291724455,0.9986130374479889
sonnet46,raw,0.0,20260961,isotonic_direct,original,0.0,0.0
sonnet46,raw,0.0,20260961,isotonic_direct,penalty_prompt,0.03055940822931119,-0.00020342117429517081
sonnet46,raw,0.0,20260961,isotonic_direct,always_abstain,0.31900138696255204,0.9972260748959778
sonnet46,raw,0.0,20260961,beta,original,0.0,0.0
sonnet46,raw,0.0,20260961,beta,penalty_prompt,0.03055940822931119,-0.00020342117429517081
sonnet46,raw,0.0,20260961,beta,always_abstain,0.31900138696255204,0.9972260748959778
sonnet46,raw,0.0,20260962,isotonic_direct,original,0.0,0.0
sonnet46,raw,0.0,20260962,isotonic_direct,penalty_prompt,0.033592233009708705,-0.0005640314378179134
sonnet46,raw,0.0,20260962,isotonic_direct,always_abstain,0.3153028201571891,0.9972260748959778
sonnet46,raw,0.0,20260962,beta,original,0.0,0.0
sonnet46,raw,0.0,20260962,beta,penalty_prompt,0.033592233009708705,-0.0005640314378179134
sonnet46,raw,0.0,20260962,beta,always_abstain,0.3153028201571891,0.9972260748959778
sonnet46,raw,0.0,20260963,isotonic_direct,original,0.0,0.0
sonnet46,raw,0.0,20260963,isotonic_direct,penalty_prompt,0.016153490522422542,-0.0007859454461395243
sonnet46,raw,0.0,20260963,isotonic_direct,always_abstain,0.30513176144244103,0.9972260748959778
sonnet46,raw,0.0,20260963,beta,original,0.0,0.0
sonnet46,raw,0.0,20260963,beta,penalty_prompt,0.016153490522422542,-0.0007859454461395243
sonnet46,raw,0.0,20260963,beta,always_abstain,0.30513176144244103,0.9972260748959778
sonnet46,raw,0.0,20260964,isotonic_direct,original,0.0,0.0
sonnet46,raw,0.0,20260964,isotonic_direct,penalty_prompt,0.033407304669440585,0.00025889967637537925
sonnet46,raw,0.0,20260964,isotonic_direct,always_abstain,0.3231622746185853,0.9976883957466481
sonnet46,raw,0.0,20260964,beta,original,0.0,0.0
sonnet46,raw,0.0,20260964,beta,penalty_prompt,0.033407304669440585,0.00025889967637537925
sonnet46,raw,0.0,20260964,beta,always_abstain,0.3231622746185853,0.9976883957466481
sonnet46,raw,0.0,20260965,isotonic_direct,original,0.0,0.0
sonnet46,raw,0.0,20260965,isotonic_direct,penalty_prompt,0.0314840499306519,0.0
sonnet46,raw,0.0,20260965,isotonic_direct,always_abstain,0.3259361997226075,0.9976883957466481
sonnet46,raw,0.0,20260965,beta,original,0.0,0.0
sonnet46,raw,0.0,20260965,beta,penalty_prompt,0.0314840499306519,0.0
sonnet46,raw,0.0,20260965,beta,always_abstain,0.3259361997226075,0.9976883957466481
sonnet46,raw,0.0,20260966,isotonic_direct,original,0.0,0.0
sonnet46,raw,0.0,20260966,isotonic_direct,penalty_prompt,0.03520110957004163,0.0012390198797966878
sonnet46,raw,0.0,20260966,isotonic_direct,always_abstain,0.32547387887193713,0.9986130374479889
sonnet46,raw,0.0,20260966,beta,original,0.0,0.0
sonnet46,raw,0.0,20260966,beta,penalty_prompt,0.03520110957004163,0.0012390198797966878
sonnet46,raw,0.0,20260966,beta,always_abstain,0.32547387887193713,0.9986130374479889
sonnet46,raw,0.0,20260967,isotonic_direct,original,0.0,0.0
sonnet46,raw,0.0,20260967,isotonic_direct,penalty_prompt,0.034267221451687424,-0.00011095700416074994
sonnet46,raw,0.0,20260967,isotonic_direct,always_abstain,0.3106796116504854,0.9972260748959778
sonnet46,raw,0.0,20260967,beta,original,0.0,0.0
sonnet46,raw,0.0,20260967,beta,penalty_prompt,0.034267221451687424,-0.00011095700416074994
sonnet46,raw,0.0,20260967,beta,always_abstain,0.3106796116504854,0.9972260748959778
sonnet46,raw,0.0,20260968,isotonic_direct,original,0.0,0.0
sonnet46,raw,0.0,20260968,isotonic_direct,penalty_prompt,0.030892279241793774,1.8492834026884175e-05
sonnet46,raw,0.0,20260968,isotonic_direct,always_abstain,0.3217753120665742,0.9981507165973186
sonnet46,raw,0.0,20260968,beta,original,0.0,0.0
sonnet46,raw,0.0,20260968,beta,penalty_prompt,0.030892279241793774,1.8492834026884175e-05
sonnet46,raw,0.0,20260968,beta,always_abstain,0.3217753120665742,0.9981507165973186
sonnet46,raw,0.0,20260969,isotonic_direct,original,0.0,0.0
sonnet46,raw,0.0,20260969,isotonic_direct,penalty_prompt,0.03673601479426725,0.0013037447988905049
sonnet46,raw,0.0,20260969,isotonic_direct,always_abstain,0.31853906611188165,0.9981507165973186
sonnet46,raw,0.0,20260969,beta,original,0.0,0.0
sonnet46,raw,0.0,20260969,beta,penalty_prompt,0.03673601479426725,0.0013037447988905049
sonnet46,raw,0.0,20260969,beta,always_abstain,0.31853906611188165,0.9981507165973186
sonnet46,raw,0.0,20260970,isotonic_direct,original,0.0,0.0
sonnet46,raw,0.0,20260970,isotonic_direct,penalty_prompt,0.029098474341192837,-0.0016458622283864743
sonnet46,raw,0.0,20260970,isotonic_direct,always_abstain,0.32038834951456313,0.996301433194637
sonnet46,raw,0.0,20260970,beta,original,0.0,0.0
sonnet46,raw,0.0,20260970,beta,penalty_prompt,0.029098474341192837,-0.0016458622283864743
sonnet46,raw,0.0,20260970,beta,always_abstain,0.32038834951456313,0.996301433194637
sonnet46,raw,0.0,20260971,isotonic_direct,original,0.0,0.0
sonnet46,raw,0.0,20260971,isotonic_direct,penalty_prompt,0.034932963476652756,-0.0015811373092926573
sonnet46,raw,0.0,20260971,isotonic_direct,always_abstain,0.3268608414239482,0.9958391123439667
sonnet46,raw,0.0,20260971,beta,original,0.0,0.0
sonnet46,raw,0.0,20260971,beta,penalty_prompt,0.034932963476652756,-0.0015811373092926573
sonnet46,raw,0.0,20260971,beta,always_abstain,0.3268608414239482,0.9958391123439667
sonnet46,raw,0.0,20260972,isotonic_direct,original,0.0,0.0
sonnet46,raw,0.0,20260972,isotonic_direct,penalty_prompt,0.022394822006472526,-0.0007397133610727025
sonnet46,raw,0.0,20260972,isotonic_direct,always_abstain,0.3083680073971336,0.9967637540453075
sonnet46,raw,0.0,20260972,beta,original,0.0,0.0
sonnet46,raw,0.0,20260972,beta,penalty_prompt,0.022394822006472526,-0.0007397133610727025
sonnet46,raw,0.0,20260972,beta,always_abstain,0.3083680073971336,0.9967637540453075
sonnet46,raw,0.0,20260973,isotonic_direct,original,0.0,0.0
sonnet46,raw,0.0,20260973,isotonic_direct,penalty_prompt,0.028488210818307935,0.001100323624595334
sonnet46,raw,0.0,20260973,isotonic_direct,always_abstain,0.3217753120665742,0.9986130374479889
sonnet46,raw,0.0,20260973,beta,original,0.0,0.0
sonnet46,raw,0.0,20260973,beta,penalty_prompt,0.028488210818307935,0.001100323624595334
sonnet46,raw,0.0,20260973,beta,always_abstain,0.3217753120665742,0.9986130374479889
sonnet46,raw,0.0,20260974,isotonic_direct,original,0.0,0.0
sonnet46,raw,0.0,20260974,isotonic_direct,penalty_prompt,0.024503005085529328,-0.0007027276930191562
sonnet46,raw,0.0,20260974,isotonic_direct,always_abstain,0.32223763291724455,0.9967637540453075
sonnet46,raw,0.0,20260974,beta,original,0.0,0.0
sonnet46,raw,0.0,20260974,beta,penalty_prompt,0.024503005085529328,-0.0007027276930191562
sonnet46,raw,0.0,20260974,beta,always_abstain,0.32223763291724455,0.9967637540453075
sonnet46,raw,0.0,20260975,isotonic_direct,original,0.0,0.0
sonnet46,raw,0.0,20260975,isotonic_direct,penalty_prompt,0.02758206195099394,-0.0016273693943597012
sonnet46,raw,0.0,20260975,isotonic_direct,always_abstain,0.313915857605178,0.996301433194637
sonnet46,raw,0.0,20260975,beta,original,0.0,0.0
sonnet46,raw,0.0,20260975,beta,penalty_prompt,0.02758206195099394,-0.0016273693943597012
sonnet46,raw,0.0,20260975,beta,always_abstain,0.313915857605178,0.996301433194637
sonnet46,raw,0.0,20260976,isotonic_direct,original,0.0,0.0
sonnet46,raw,0.0,20260976,isotonic_direct,penalty_prompt,0.030614886731391566,-4.6232085067043904e-05
sonnet46,raw,0.0,20260976,isotonic_direct,always_abstain,0.3111419325011558,0.9972260748959778
sonnet46,raw,0.0,20260976,beta,original,0.0,0.0
sonnet46,raw,0.0,20260976,beta,penalty_prompt,0.030614886731391566,-4.6232085067043904e-05
sonnet46,raw,0.0,20260976,beta,always_abstain,0.3111419325011558,0.9972260748959778
sonnet46,raw,0.0,20260977,isotonic_direct,original,0.0,0.0
sonnet46,raw,0.0,20260977,isotonic_direct,penalty_prompt,0.028136846971798413,-0.0003513638465095781
sonnet46,raw,0.0,20260977,isotonic_direct,always_abstain,0.3111419325011558,0.9972260748959778
sonnet46,raw,0.0,20260977,beta,original,0.0,0.0
sonnet46,raw,0.0,20260977,beta,penalty_prompt,0.028136846971798413,-0.0003513638465095781
sonnet46,raw,0.0,20260977,beta,always_abstain,0.3111419325011558,0.9972260748959778
sonnet46,raw,0.0,20260978,isotonic_direct,original,0.0,0.0
sonnet46,raw,0.0,20260978,isotonic_direct,penalty_prompt,0.02434581599630148,0.000175681923254567
sonnet46,raw,0.0,20260978,isotonic_direct,always_abstain,0.32917244567730003,0.9981507165973186
sonnet46,raw,0.0,20260978,beta,original,0.0,0.0
sonnet46,raw,0.0,20260978,beta,penalty_prompt,0.02434581599630148,0.000175681923254567
sonnet46,raw,0.0,20260978,beta,always_abstain,0.32917244567730003,0.9981507165973186
sonnet46,raw,0.0,20260979,isotonic_direct,original,0.0,0.0
sonnet46,raw,0.0,20260979,isotonic_direct,penalty_prompt,0.033407304669440585,-0.0012390198797966878
sonnet46,raw,0.0,20260979,isotonic_direct,always_abstain,0.3273231622746186,0.9967637540453075
sonnet46,raw,0.0,20260979,beta,original,0.0,0.0
sonnet46,raw,0.0,20260979,beta,penalty_prompt,0.033407304669440585,-0.0012390198797966878
sonnet46,raw,0.0,20260979,beta,always_abstain,0.3273231622746186,0.9967637540453075
sonnet46,raw,0.0,20260980,isotonic_direct,original,0.0,0.0
sonnet46,raw,0.0,20260980,isotonic_direct,penalty_prompt,0.031595006934812764,0.0005547850208044158
sonnet46,raw,0.0,20260980,isotonic_direct,always_abstain,0.3268608414239482,0.9981507165973186
sonnet46,raw,0.0,20260980,beta,original,0.0,0.0
sonnet46,raw,0.0,20260980,beta,penalty_prompt,0.031595006934812764,0.0005547850208044158
sonnet46,raw,0.0,20260980,beta,always_abstain,0.3268608414239482,0.9981507165973186
sonnet46,raw,0.0,20260981,isotonic_direct,original,0.0,0.0
sonnet46,raw,0.0,20260981,isotonic_direct,penalty_prompt,0.04180305131761447,0.000859916782246728
sonnet46,raw,0.0,20260981,isotonic_direct,always_abstain,0.32639852057327784,0.9986130374479889
sonnet46,raw,0.0,20260981,beta,original,0.0,0.0
sonnet46,raw,0.0,20260981,beta,penalty_prompt,0.04180305131761447,0.000859916782246728
sonnet46,raw,0.0,20260981,beta,always_abstain,0.32639852057327784,0.9986130374479889
sonnet46,raw,0.0,20260982,isotonic_direct,original,0.0,0.0
sonnet46,raw,0.0,20260982,isotonic_direct,penalty_prompt,0.029486823855755906,-0.0013129912159038915
sonnet46,raw,0.0,20260982,isotonic_direct,always_abstain,0.3282478039759593,0.996301433194637
sonnet46,raw,0.0,20260982,beta,original,0.0,0.0
sonnet46,raw,0.0,20260982,beta,penalty_prompt,0.029486823855755906,-0.0013129912159038915
sonnet46,raw,0.0,20260982,beta,always_abstain,0.3282478039759593,0.996301433194637
sonnet46,raw,0.0,20260983,isotonic_direct,original,0.0,0.0
sonnet46,raw,0.0,20260983,isotonic_direct,penalty_prompt,0.02961627369394365,-0.0018122977346278768
sonnet46,raw,0.0,20260983,isotonic_direct,always_abstain,0.3074433656957929,0.996301433194637
sonnet46,raw,0.0,20260983,beta,original,0.0,0.0
sonnet46,raw,0.0,20260983,beta,penalty_prompt,0.02961627369394365,-0.0018122977346278768
sonnet46,raw,0.0,20260983,beta,always_abstain,0.3074433656957929,0.996301433194637
sonnet46,raw,0.0,20260984,isotonic_direct,original,0.0,0.0
sonnet46,raw,0.0,20260984,isotonic_direct,penalty_prompt,0.038871937124364264,0.0005362921867775317
sonnet46,raw,0.0,20260984,isotonic_direct,always_abstain,0.3296347665279704,0.9976883957466481
sonnet46,raw,0.0,20260984,beta,original,0.0,0.0
sonnet46,raw,0.0,20260984,beta,penalty_prompt,0.038871937124364264,0.0005362921867775317
sonnet46,raw,0.0,20260984,beta,always_abstain,0.3296347665279704,0.9976883957466481
sonnet46,raw,0.0,20260985,isotonic_direct,original,0.0,0.0
sonnet46,raw,0.0,20260985,isotonic_direct,penalty_prompt,0.030161812297734625,6.472491909381706e-05
sonnet46,raw,0.0,20260985,isotonic_direct,always_abstain,0.3116042533518262,0.9981507165973186
sonnet46,raw,0.0,20260985,beta,original,0.0,0.0
sonnet46,raw,0.0,20260985,beta,penalty_prompt,0.030161812297734625,6.472491909381706e-05
sonnet46,raw,0.0,20260985,beta,always_abstain,0.3116042533518262,0.9981507165973186
sonnet46,raw,0.0,20260986,isotonic_direct,original,0.0,0.0
sonnet46,raw,0.0,20260986,isotonic_direct,penalty_prompt,0.0281460933888118,-0.001017105871474966
sonnet46,raw,0.0,20260986,isotonic_direct,always_abstain,0.31946370781322236,0.9972260748959778
sonnet46,raw,0.0,20260986,beta,original,0.0,0.0
sonnet46,raw,0.0,20260986,beta,penalty_prompt,0.0281460933888118,-0.001017105871474966
sonnet46,raw,0.0,20260986,beta,always_abstain,0.31946370781322236,0.9972260748959778
sonnet46,raw,0.0,20260987,isotonic_direct,original,0.0,0.0
sonnet46,raw,0.0,20260987,isotonic_direct,penalty_prompt,0.031410078594544644,0.00026814609338876583
sonnet46,raw,0.0,20260987,isotonic_direct,always_abstain,0.32501155802126674,0.9976883957466481
sonnet46,raw,0.0,20260987,beta,original,0.0,0.0
sonnet46,raw,0.0,20260987,beta,penalty_prompt,0.031410078594544644,0.00026814609338876583
sonnet46,raw,0.0,20260987,beta,always_abstain,0.32501155802126674,0.9976883957466481
sonnet46,raw,0.0,20260988,isotonic_direct,original,0.0,0.0
sonnet46,raw,0.0,20260988,isotonic_direct,penalty_prompt,0.0381507165973185,-0.00036985668053635123
sonnet46,raw,0.0,20260988,isotonic_direct,always_abstain,0.3166897827092002,0.9967637540453075
sonnet46,raw,0.0,20260988,beta,original,0.0,0.0
sonnet46,raw,0.0,20260988,beta,penalty_prompt,0.0381507165973185,-0.00036985668053635123
sonnet46,raw,0.0,20260988,beta,always_abstain,0.3166897827092002,0.9967637540453075
sonnet46,raw,0.0,20260989,isotonic_direct,original,0.0,0.0
sonnet46,raw,0.0,20260989,isotonic_direct,penalty_prompt,0.02837725381414702,-0.00014794267221440727
sonnet46,raw,0.0,20260989,isotonic_direct,always_abstain,0.32269995376791494,0.9972260748959778
sonnet46,raw,0.0,20260989,beta,original,0.0,0.0
sonnet46,raw,0.0,20260989,beta,penalty_prompt,0.02837725381414702,-0.00014794267221440727
sonnet46,raw,0.0,20260989,beta,always_abstain,0.32269995376791494,0.9972260748959778
sonnet46,raw,0.0,20260990,isotonic_direct,original,0.0,0.0
sonnet46,raw,0.0,20260990,isotonic_direct,penalty_prompt,0.03121590383726308,0.0003513638465095781
sonnet46,raw,0.0,20260990,isotonic_direct,always_abstain,0.3231622746185853,0.9981507165973186
sonnet46,raw,0.0,20260990,beta,original,0.0,0.0
sonnet46,raw,0.0,20260990,beta,penalty_prompt,0.03121590383726308,0.0003513638465095781
sonnet46,raw,0.0,20260990,beta,always_abstain,0.3231622746185853,0.9981507165973186
sonnet46,raw,0.0,20260991,isotonic_direct,original,0.0,0.0
sonnet46,raw,0.0,20260991,isotonic_direct,penalty_prompt,0.029653259361997197,-0.0017198335644939
sonnet46,raw,0.0,20260991,isotonic_direct,always_abstain,0.32639852057327784,0.9958391123439667
sonnet46,raw,0.0,20260991,beta,original,0.0,0.0
sonnet46,raw,0.0,20260991,beta,penalty_prompt,0.029653259361997197,-0.0017198335644939
sonnet46,raw,0.0,20260991,beta,always_abstain,0.32639852057327784,0.9958391123439667
sonnet46,raw,0.0,20260992,isotonic_direct,original,0.0,0.0
sonnet46,raw,0.0,20260992,isotonic_direct,penalty_prompt,0.029949144706426234,-0.001433194637078139
sonnet46,raw,0.0,20260992,isotonic_direct,always_abstain,0.31992602866389275,0.996301433194637
sonnet46,raw,0.0,20260992,beta,original,0.0,0.0
sonnet46,raw,0.0,20260992,beta,penalty_prompt,0.029949144706426234,-0.001433194637078139
sonnet46,raw,0.0,20260992,beta,always_abstain,0.31992602866389275,0.996301433194637
sonnet46,raw,0.0,20260993,isotonic_direct,original,0.0,0.0
sonnet46,raw,0.0,20260993,isotonic_direct,penalty_prompt,0.030540915395284307,0.0010448451225151256
sonnet46,raw,0.0,20260993,isotonic_direct,always_abstain,0.32408691631992603,0.9986130374479889
sonnet46,raw,0.0,20260993,beta,original,0.0,0.0
sonnet46,raw,0.0,20260993,beta,penalty_prompt,0.030540915395284307,0.0010448451225151256
sonnet46,raw,0.0,20260993,beta,always_abstain,0.32408691631992603,0.9986130374479889
sonnet46,raw,0.0,20260994,isotonic_direct,original,0.0,0.0
sonnet46,raw,0.0,20260994,isotonic_direct,penalty_prompt,0.03517337031900136,-0.001784558483587606
sonnet46,raw,0.0,20260994,isotonic_direct,always_abstain,0.32639852057327784,0.9953767914932964
sonnet46,raw,0.0,20260994,beta,original,0.0,0.0
sonnet46,raw,0.0,20260994,beta,penalty_prompt,0.03517337031900136,-0.001784558483587606
sonnet46,raw,0.0,20260994,beta,always_abstain,0.32639852057327784,0.9953767914932964
sonnet46,raw,0.0,20260995,isotonic_direct,original,0.0,0.0
sonnet46,raw,0.0,20260995,isotonic_direct,penalty_prompt,0.027600554785020825,0.0
sonnet46,raw,0.0,20260995,isotonic_direct,always_abstain,0.3102172907998151,0.9967637540453075
sonnet46,raw,0.0,20260995,beta,original,0.0,0.0
sonnet46,raw,0.0,20260995,beta,penalty_prompt,0.027600554785020825,0.0
sonnet46,raw,0.0,20260995,beta,always_abstain,0.3102172907998151,0.9967637540453075
sonnet46,raw,0.0,20260996,isotonic_direct,original,0.0,0.0
sonnet46,raw,0.0,20260996,isotonic_direct,penalty_prompt,0.022108183079056876,0.0012297734627831902
sonnet46,raw,0.0,20260996,isotonic_direct,always_abstain,0.29727230698104484,0.9981507165973186
sonnet46,raw,0.0,20260996,beta,original,0.0,0.0
sonnet46,raw,0.0,20260996,beta,penalty_prompt,0.022108183079056876,0.0012297734627831902
sonnet46,raw,0.0,20260996,beta,always_abstain,0.29727230698104484,0.9981507165973186
sonnet46,raw,0.0,20260997,isotonic_direct,original,0.0,0.0
sonnet46,raw,0.0,20260997,isotonic_direct,penalty_prompt,0.03119741100323631,0.00022191400832194397
sonnet46,raw,0.0,20260997,isotonic_direct,always_abstain,0.31345353675450766,0.9972260748959778
sonnet46,raw,0.0,20260997,beta,original,0.0,0.0
sonnet46,raw,0.0,20260997,beta,penalty_prompt,0.03119741100323631,0.00022191400832194397
sonnet46,raw,0.0,20260997,beta,always_abstain,0.31345353675450766,0.9972260748959778
sonnet46,raw,0.0,20260998,isotonic_direct,original,0.0,0.0
sonnet46,raw,0.0,20260998,isotonic_direct,penalty_prompt,0.028580674988442023,-0.0004993065187239853
sonnet46,raw,0.0,20260998,isotonic_direct,always_abstain,0.31299121590383727,0.9972260748959778
sonnet46,raw,0.0,20260998,beta,original,0.0,0.0
sonnet46,raw,0.0,20260998,beta,penalty_prompt,0.028580674988442023,-0.0004993065187239853
sonnet46,raw,0.0,20260998,beta,always_abstain,0.31299121590383727,0.9972260748959778
sonnet46,raw,0.0,20260999,isotonic_direct,original,0.0,0.0
sonnet46,raw,0.0,20260999,isotonic_direct,penalty_prompt,0.042792417938049,-0.0010078594544615793
sonnet46,raw,0.0,20260999,isotonic_direct,always_abstain,0.3374942209893666,0.996301433194637
sonnet46,raw,0.0,20260999,beta,original,0.0,0.0
sonnet46,raw,0.0,20260999,beta,penalty_prompt,0.042792417938049,-0.0010078594544615793
sonnet46,raw,0.0,20260999,beta,always_abstain,0.3374942209893666,0.996301433194637
sonnet46,raw,0.0,20261000,isotonic_direct,original,0.0,0.0
sonnet46,raw,0.0,20261000,isotonic_direct,penalty_prompt,0.02921867776236714,0.0006287563569115084
sonnet46,raw,0.0,20261000,isotonic_direct,always_abstain,0.31484049930651875,0.9990753582986592
sonnet46,raw,0.0,20261000,beta,original,0.0,0.0
sonnet46,raw,0.0,20261000,beta,penalty_prompt,0.02921867776236714,0.0006287563569115084
sonnet46,raw,0.0,20261000,beta,always_abstain,0.31484049930651875,0.9990753582986592
sonnet46,raw,0.0,20261001,isotonic_direct,original,0.0,0.0
sonnet46,raw,0.0,20261001,isotonic_direct,penalty_prompt,0.03533055940822927,-0.000508552935737594
sonnet46,raw,0.0,20261001,isotonic_direct,always_abstain,0.3305594082293111,0.9972260748959778
sonnet46,raw,0.0,20261001,beta,original,0.0,0.0
sonnet46,raw,0.0,20261001,beta,penalty_prompt,0.03533055940822927,-0.000508552935737594
sonnet46,raw,0.0,20261001,beta,always_abstain,0.3305594082293111,0.9972260748959778
sonnet46,raw,0.0,20261002,isotonic_direct,original,0.0,0.0
sonnet46,raw,0.0,20261002,isotonic_direct,penalty_prompt,0.03145631067961163,-0.0006564956079518902
sonnet46,raw,0.0,20261002,isotonic_direct,always_abstain,0.31437817845584837,0.9967637540453075
sonnet46,raw,0.0,20261002,beta,original,0.0,0.0
sonnet46,raw,0.0,20261002,beta,penalty_prompt,0.03145631067961163,-0.0006564956079518902
sonnet46,raw,0.0,20261002,beta,always_abstain,0.31437817845584837,0.9967637540453075
sonnet46,raw,0.0,20261003,isotonic_direct,original,0.0,0.0
sonnet46,raw,0.0,20261003,isotonic_direct,penalty_prompt,0.037845584835876134,-0.0012020342117431415
sonnet46,raw,0.0,20261003,isotonic_direct,always_abstain,0.32038834951456313,0.996301433194637
sonnet46,raw,0.0,20261003,beta,original,0.0,0.0
sonnet46,raw,0.0,20261003,beta,penalty_prompt,0.037845584835876134,-0.0012020342117431415
sonnet46,raw,0.0,20261003,beta,always_abstain,0.32038834951456313,0.996301433194637
sonnet46,raw,0.0,20261004,isotonic_direct,original,0.0,0.0
sonnet46,raw,0.0,20261004,isotonic_direct,penalty_prompt,0.025067036523347186,0.0006472491909382816
sonnet46,raw,0.0,20261004,isotonic_direct,always_abstain,0.32778548312528893,0.9976883957466481
sonnet46,raw,0.0,20261004,beta,original,0.0,0.0
sonnet46,raw,0.0,20261004,beta,penalty_prompt,0.025067036523347186,0.0006472491909382816
sonnet46,raw,0.0,20261004,beta,always_abstain,0.32778548312528893,0.9976883957466481
sonnet46,raw,0.0,20261005,isotonic_direct,original,0.0,0.0
sonnet46,raw,0.0,20261005,isotonic_direct,penalty_prompt,0.0371798428109108,-0.00026814609338876583
sonnet46,raw,0.0,20261005,isotonic_direct,always_abstain,0.3231622746185853,0.9967637540453075
sonnet46,raw,0.0,20261005,beta,original,0.0,0.0
sonnet46,raw,0.0,20261005,beta,penalty_prompt,0.0371798428109108,-0.00026814609338876583
sonnet46,raw,0.0,20261005,beta,always_abstain,0.3231622746185853,0.9967637540453075
sonnet46,raw,0.0,20261006,isotonic_direct,original,0.0,0.0
sonnet46,raw,0.0,20261006,isotonic_direct,penalty_prompt,0.041655108645399896,-0.0013777161349979306
sonnet46,raw,0.0,20261006,isotonic_direct,always_abstain,0.3314840499306519,0.996301433194637
sonnet46,raw,0.0,20261006,beta,original,0.0,0.0
sonnet46,raw,0.0,20261006,beta,penalty_prompt,0.041655108645399896,-0.0013777161349979306
sonnet46,raw,0.0,20261006,beta,always_abstain,0.3314840499306519,0.996301433194637
sonnet46,raw,0.0,20261007,isotonic_direct,original,0.0,0.0
sonnet46,raw,0.0,20261007,isotonic_direct,penalty_prompt,0.03073509015256587,0.000286638927415539
sonnet46,raw,0.0,20261007,isotonic_direct,always_abstain,0.31715210355987056,0.9976883957466481
sonnet46,raw,0.0,20261007,beta,original,0.0,0.0
sonnet46,raw,0.0,20261007,beta,penalty_prompt,0.03073509015256587,0.000286638927415539
sonnet46,raw,0.0,20261007,beta,always_abstain,0.31715210355987056,0.9976883957466481
sonnet46,raw,0.0,20261008,isotonic_direct,original,0.0,0.0
sonnet46,raw,0.0,20261008,isotonic_direct,penalty_prompt,0.028673139158576055,-0.00029588534442892556
sonnet46,raw,0.0,20261008,isotonic_direct,always_abstain,0.31853906611188165,0.9981507165973186
sonnet46,raw,0.0,20261008,beta,original,0.0,0.0
sonnet46,raw,0.0,20261008,beta,penalty_prompt,0.028673139158576055,-0.00029588534442892556
sonnet46,raw,0.0,20261008,beta,always_abstain,0.31853906611188165,0.9981507165973186
sonnet46,raw,0.0,20261009,isotonic_direct,original,0.0,0.0
sonnet46,raw,0.0,20261009,isotonic_direct,penalty_prompt,0.036162736939436,-0.0008044382801662975
sonnet46,raw,0.0,20261009,isotonic_direct,always_abstain,0.31992602866389275,0.9967637540453075
sonnet46,raw,0.0,20261009,beta,original,0.0,0.0
sonnet46,raw,0.0,20261009,beta,penalty_prompt,0.036162736939436,-0.0008044382801662975
sonnet46,raw,0.0,20261009,beta,always_abstain,0.31992602866389275,0.9967637540453075
sonnet46,raw,0.0,20261010,isotonic_direct,original,0.0,0.0
sonnet46,raw,0.0,20261010,isotonic_direct,penalty_prompt,0.03130836800739717,-0.0018862690707350804
sonnet46,raw,0.0,20261010,isotonic_direct,always_abstain,0.31992602866389275,0.996301433194637
sonnet46,raw,0.0,20261010,beta,original,0.0,0.0
sonnet46,raw,0.0,20261010,beta,penalty_prompt,0.03130836800739717,-0.0018862690707350804
sonnet46,raw,0.0,20261010,beta,always_abstain,0.31992602866389275,0.996301433194637
sonnet46,raw,0.0,20261011,isotonic_direct,original,0.0,0.0
sonnet46,raw,0.0,20261011,isotonic_direct,penalty_prompt,0.02581599630143322,-0.0007859454461395243
sonnet46,raw,0.0,20261011,isotonic_direct,always_abstain,0.3111419325011558,0.9967637540453075
sonnet46,raw,0.0,20261011,beta,original,0.0,0.0
sonnet46,raw,0.0,20261011,beta,penalty_prompt,0.02581599630143322,-0.0007859454461395243
sonnet46,raw,0.0,20261011,beta,always_abstain,0.3111419325011558,0.9967637540453075
sonnet46,raw,0.0,20261012,isotonic_direct,original,0.0,0.0
sonnet46,raw,0.0,20261012,isotonic_direct,penalty_prompt,0.027766990291262172,9.246417013608621e-06
sonnet46,raw,0.0,20261012,isotonic_direct,always_abstain,0.3097549699491447,0.9967637540453075
sonnet46,raw,0.0,20261012,beta,original,0.0,0.0
sonnet46,raw,0.0,20261012,beta,penalty_prompt,0.027766990291262172,9.246417013608621e-06
sonnet46,raw,0.0,20261012,beta,always_abstain,0.3097549699491447,0.9967637540453075
sonnet46,raw,3.0,20260913,isotonic_direct,original,0.038834951456310676,-0.061026352288488225
sonnet46,raw,3.0,20260913,isotonic_direct,penalty_prompt,0.8757189089227924,-0.5015903837263062
sonnet46,raw,3.0,20260913,isotonic_direct,always_abstain,0.018030513176144243,0.10124826629680998
sonnet46,raw,3.0,20260913,beta,original,0.033287101248266296,-0.07212205270457699
sonnet46,raw,3.0,20260913,beta,penalty_prompt,0.870171058714748,-0.5126860841423949
sonnet46,raw,3.0,20260913,beta,always_abstain,0.012482662968099861,0.09015256588072122
sonnet46,raw,3.0,20260914,isotonic_direct,original,0.03791030975496995,-0.11927877947295423
sonnet46,raw,3.0,20260914,isotonic_direct,penalty_prompt,0.8541562644475266,-0.5645399907535829
sonnet46,raw,3.0,20260914,isotonic_direct,always_abstain,0.014794267221451687,0.03513638465094776
sonnet46,raw,3.0,20260914,beta,original,0.04068423485899214,-0.07951918631530283
sonnet46,raw,3.0,20260914,beta,penalty_prompt,0.8569301895515488,-0.5247803975959315
sonnet46,raw,3.0,20260914,beta,always_abstain,0.01756819232547388,0.07489597780859916
sonnet46,raw,3.0,20260915,isotonic_direct,original,0.019417475728155338,-0.06380027739251039
sonnet46,raw,3.0,20260915,isotonic_direct,penalty_prompt,0.8641423948220065,-0.5134997688395747
sonnet46,raw,3.0,20260915,isotonic_direct,always_abstain,0.016181229773462782,0.09015256588072122
sonnet46,raw,3.0,20260915,beta,original,0.016181229773462785,-0.1169671752196024
sonnet46,raw,3.0,20260915,beta,penalty_prompt,0.8609061488673139,-0.5666666666666667
sonnet46,raw,3.0,20260915,beta,always_abstain,0.012944983818770227,0.03698566805362922
sonnet46,raw,3.0,20260916,isotonic_direct,original,0.03559870550161812,-0.06611188164586222
sonnet46,raw,3.0,20260916,isotonic_direct,penalty_prompt,0.8613314840499305,-0.5057697642163662
sonnet46,raw,3.0,20260916,isotonic_direct,always_abstain,0.01155802126675913,0.10217290799815072
sonnet46,raw,3.0,20260916,beta,original,0.028663892741562644,-0.07674526121128063
sonnet46,raw,3.0,20260916,beta,penalty_prompt,0.8543966712898751,-0.5164031437817846
sonnet46,raw,3.0,20260916,beta,always_abstain,0.004623208506703652,0.09153952843273232
sonnet46,raw,3.0,20260917,isotonic_direct,original,0.03097549699491447,-0.059639389736477116
sonnet46,raw,3.0,20260917,isotonic_direct,penalty_prompt,0.8414424410540915,-0.49751271382339335
sonnet46,raw,3.0,20260917,isotonic_direct,always_abstain,0.019417475728155338,0.09338881183541378
sonnet46,raw,3.0,20260917,beta,original,0.02588996763754045,-0.07397133610725844
sonnet46,raw,3.0,20260917,beta,penalty_prompt,0.8363569116967174,-0.5118446601941747
sonnet46,raw,3.0,20260917,beta,always_abstain,0.014331946370781322,0.07905686546463246
sonnet46,raw,3.0,20260918,isotonic_direct,original,0.025427646786870088,-0.06518723994452151
sonnet46,raw,3.0,20260918,isotonic_direct,penalty_prompt,0.8600277392510403,-0.5146555709662506
sonnet46,raw,3.0,20260918,isotonic_direct,always_abstain,0.008321775312066574,0.09153952843273232
sonnet46,raw,3.0,20260918,beta,original,0.019879796578825704,-0.07443365695792882
sonnet46,raw,3.0,20260918,beta,penalty_prompt,0.8544798890429959,-0.5239019879796578
sonnet46,raw,3.0,20260918,beta,always_abstain,0.0027739251040221915,0.08229311141932501
sonnet46,raw,3.0,20260919,isotonic_direct,original,0.041146555709662504,-0.06426259824318076
sonnet46,raw,3.0,20260919,isotonic_direct,penalty_prompt,0.873915857605178,-0.5107905686546462
sonnet46,raw,3.0,20260919,isotonic_direct,always_abstain,0.009246417013407305,0.09061488673139159
sonnet46,raw,3.0,20260919,beta,original,0.03559870550161812,-0.07535829865926953
sonnet46,raw,3.0,20260919,beta,penalty_prompt,0.8683680073971336,-0.521886269070735
sonnet46,raw,3.0,20260919,beta,always_abstain,0.0036985668053629217,0.07951918631530282
sonnet46,raw,3.0,20260920,isotonic_direct,original,0.03513638465094776,-0.11650485436893204
sonnet46,raw,3.0,20260920,isotonic_direct,penalty_prompt,0.8836800739713362,-0.5710772075820619
sonnet46,raw,3.0,20260920,isotonic_direct,always_abstain,0.013407304669440592,0.03559870550161812
sonnet46,raw,3.0,20260920,beta,original,0.03791030975496995,-0.07119741100323625
sonnet46,raw,3.0,20260920,beta,penalty_prompt,0.8864539990753584,-0.5257697642163661
sonnet46,raw,3.0,20260920,beta,always_abstain,0.016181229773462782,0.08090614886731391
sonnet46,raw,3.0,20260921,isotonic_direct,original,0.03467406380027739,-0.11881645862228388
sonnet46,raw,3.0,20260921,isotonic_direct,penalty_prompt,0.8613592233009708,-0.5729819694868239
sonnet46,raw,3.0,20260921,isotonic_direct,always_abstain,0.009708737864077669,0.03559870550161812
sonnet46,raw,3.0,20260921,beta,original,0.03421174294960703,-0.07304669440591771
sonnet46,raw,3.0,20260921,beta,penalty_prompt,0.8608969024503005,-0.5272122052704578
sonnet46,raw,3.0,20260921,beta,always_abstain,0.009246417013407305,0.08136846971798428
sonnet46,raw,3.0,20260922,isotonic_direct,original,0.03005085529357374,-0.056865464632454926
sonnet46,raw,3.0,20260922,isotonic_direct,penalty_prompt,0.8199352750809061,-0.4963476652797041
sonnet46,raw,3.0,20260922,isotonic_direct,always_abstain,0.0036985668053629217,0.10725843735552473
sonnet46,raw,3.0,20260922,beta,original,0.03005085529357374,-0.07905686546463246
sonnet46,raw,3.0,20260922,beta,penalty_prompt,0.8199352750809061,-0.5185390661118816
sonnet46,raw,3.0,20260922,beta,always_abstain,0.0036985668053629217,0.0850670365233472
sonnet46,raw,3.0,20260923,isotonic_direct,original,0.053629218677762366,-0.06657420249653259
sonnet46,raw,3.0,20260923,isotonic_direct,penalty_prompt,0.8745168747110494,-0.5090429958391123
sonnet46,raw,3.0,20260923,isotonic_direct,always_abstain,0.01571890892279242,0.08969024503005085
sonnet46,raw,3.0,20260923,beta,original,0.04854368932038835,-0.07720758206195098
sonnet46,raw,3.0,20260923,beta,penalty_prompt,0.8694313453536755,-0.5196763754045307
sonnet46,raw,3.0,20260923,beta,always_abstain,0.0106333795654184,0.07905686546463246
sonnet46,raw,3.0,20260924,isotonic_direct,original,0.038372630605640314,-0.06148867313915858
sonnet46,raw,3.0,20260924,isotonic_direct,penalty_prompt,0.8421081830790569,-0.5031345353675452
sonnet46,raw,3.0,20260924,isotonic_direct,always_abstain,0.013407304669440592,0.09292649098474341
sonnet46,raw,3.0,20260924,beta,original,0.03467406380027739,-0.07073509015256589
sonnet46,raw,3.0,20260924,beta,penalty_prompt,0.8384096162736939,-0.5123809523809524
sonnet46,raw,3.0,20260924,beta,always_abstain,0.009708737864077669,0.0836800739713361
sonnet46,raw,3.0,20260925,isotonic_direct,original,0.038834951456310676,-0.06657420249653259
sonnet46,raw,3.0,20260925,isotonic_direct,penalty_prompt,0.8475635691169672,-0.5020804438280166
sonnet46,raw,3.0,20260925,isotonic_direct,always_abstain,0.006472491909385114,0.09893666204345816
sonnet46,raw,3.0,20260925,beta,original,0.036061026352288486,-0.07859454461396209
sonnet46,raw,3.0,20260925,beta,penalty_prompt,0.844789644012945,-0.5141007859454462
sonnet46,raw,3.0,20260925,beta,always_abstain,0.0036985668053629217,0.08691631992602866
sonnet46,raw,3.0,20260926,isotonic_direct,original,0.026352288488210817,-0.06056403143781784
sonnet46,raw,3.0,20260926,isotonic_direct,penalty_prompt,0.9057420249653259,-0.5139528432732315
sonnet46,raw,3.0,20260926,isotonic_direct,always_abstain,0.008321775312066574,0.09153952843273232
sonnet46,raw,3.0,20260926,beta,original,0.026352288488210817,-0.06981044845122515
sonnet46,raw,3.0,20260926,beta,penalty_prompt,0.9057420249653259,-0.5231992602866388
sonnet46,raw,3.0,20260926,beta,always_abstain,0.008321775312066574,0.08229311141932501
sonnet46,raw,3.0,20260927,isotonic_direct,original,0.036061026352288486,-0.0693481276005548
sonnet46,raw,3.0,20260927,isotonic_direct,penalty_prompt,0.8925658807212206,-0.5137771613499769
sonnet46,raw,3.0,20260927,isotonic_direct,always_abstain,0.005085529357374018,0.08645399907535829
sonnet46,raw,3.0,20260927,beta,original,0.03467406380027739,-0.07628294036061027
sonnet46,raw,3.0,20260927,beta,penalty_prompt,0.8911789181692095,-0.5207119741100323
sonnet46,raw,3.0,20260927,beta,always_abstain,0.0036985668053629217,0.07951918631530282
sonnet46,raw,3.0,20260928,isotonic_direct,original,0.02912621359223301,-0.059639389736477116
sonnet46,raw,3.0,20260928,isotonic_direct,penalty_prompt,0.8307720758206195,-0.49368469717984276
sonnet46,raw,3.0,20260928,isotonic_direct,always_abstain,0.012482662968099861,0.09385113268608414
sonnet46,raw,3.0,20260928,beta,original,0.024965325936199722,-0.07119741100323625
sonnet46,raw,3.0,20260928,beta,penalty_prompt,0.8266111881645862,-0.5052427184466018
sonnet46,raw,3.0,20260928,beta,always_abstain,0.008321775312066574,0.08229311141932501
sonnet46,raw,3.0,20260929,isotonic_direct,original,0.029588534442903373,-0.057327785483125296
sonnet46,raw,3.0,20260929,isotonic_direct,penalty_prompt,0.864133148404993,-0.5125843735552474
sonnet46,raw,3.0,20260929,isotonic_direct,always_abstain,0.006472491909385114,0.0970873786407767
sonnet46,raw,3.0,20260929,beta,original,0.02820157189089228,-0.077207582061951
sonnet46,raw,3.0,20260929,beta,penalty_prompt,0.8627461858529819,-0.5324641701340731
sonnet46,raw,3.0,20260929,beta,always_abstain,0.005085529357374018,0.077207582061951
sonnet46,raw,3.0,20260930,isotonic_direct,original,0.02820157189089228,-0.12159038372630605
sonnet46,raw,3.0,20260930,isotonic_direct,penalty_prompt,0.8580859916782246,-0.5601664355062413
sonnet46,raw,3.0,20260930,isotonic_direct,always_abstain,0.012944983818770227,0.038834951456310676
sonnet46,raw,3.0,20260930,beta,original,0.02820157189089228,-0.12159038372630605
sonnet46,raw,3.0,20260930,beta,penalty_prompt,0.8580859916782246,-0.5601664355062413
sonnet46,raw,3.0,20260930,beta,always_abstain,0.012944983818770227,0.038834951456310676
sonnet46,raw,3.0,20260931,isotonic_direct,original,0.02820157189089228,-0.125288950531669
sonnet46,raw,3.0,20260931,isotonic_direct,penalty_prompt,0.8376791493296348,-0.5645954692556634
sonnet46,raw,3.0,20260931,isotonic_direct,always_abstain,0.020804438280166437,0.041146555709662504
sonnet46,raw,3.0,20260931,beta,original,0.020804438280166433,-0.14193250115580214
sonnet46,raw,3.0,20260931,beta,penalty_prompt,0.830282015718909,-0.5812390198797965
sonnet46,raw,3.0,20260931,beta,always_abstain,0.013407304669440592,0.024503005085529356
sonnet46,raw,3.0,20260932,isotonic_direct,original,0.03005085529357374,-0.14748035136384652
sonnet46,raw,3.0,20260932,isotonic_direct,penalty_prompt,0.8689597780859916,-0.5947850208044383
sonnet46,raw,3.0,20260932,isotonic_direct,always_abstain,0.010171058714748035,0.013869625520110958
sonnet46,raw,3.0,20260932,beta,original,0.04623208506703652,-0.12390198797965789
sonnet46,raw,3.0,20260932,beta,penalty_prompt,0.8851410078594544,-0.5712066574202497
sonnet46,raw,3.0,20260932,beta,always_abstain,0.026352288488210817,0.03744798890429958
sonnet46,raw,3.0,20260933,isotonic_direct,original,0.032824780397595926,-0.05594082293111419
sonnet46,raw,3.0,20260933,isotonic_direct,penalty_prompt,0.8770041608876561,-0.5142857142857143
sonnet46,raw,3.0,20260933,isotonic_direct,always_abstain,-0.003236245954692557,0.10032362459546926
sonnet46,raw,3.0,20260933,beta,original,0.041608876560332866,-0.06564956079519185
sonnet46,raw,3.0,20260933,beta,penalty_prompt,0.885788257050393,-0.523994452149792
sonnet46,raw,3.0,20260933,beta,always_abstain,0.005547850208044383,0.09061488673139159
sonnet46,raw,3.0,20260934,isotonic_direct,original,0.024040684234858993,-0.053629218677762366
sonnet46,raw,3.0,20260934,isotonic_direct,penalty_prompt,0.8467591308368008,-0.5084697179842811
sonnet46,raw,3.0,20260934,isotonic_direct,always_abstain,0.006934812760055479,0.09015256588072122
sonnet46,raw,3.0,20260934,beta,original,0.020804438280166437,-0.06426259824318077
sonnet46,raw,3.0,20260934,beta,penalty_prompt,0.8435228848821082,-0.5191030975496994
sonnet46,raw,3.0,20260934,beta,always_abstain,0.0036985668053629217,0.07951918631530282
sonnet46,raw,3.0,20260935,isotonic_direct,original,0.027739251040221912,-0.12020342117429496
sonnet46,raw,3.0,20260935,isotonic_direct,penalty_prompt,0.8276652797041146,-0.5687656033287101
sonnet46,raw,3.0,20260935,isotonic_direct,always_abstain,0.01155802126675913,0.03744798890429958
sonnet46,raw,3.0,20260935,beta,original,0.027276930189551546,-0.07443365695792879
sonnet46,raw,3.0,20260935,beta,penalty_prompt,0.8272029588534443,-0.5229958391123439
sonnet46,raw,3.0,20260935,beta,always_abstain,0.011095700416088766,0.08321775312066575
sonnet46,raw,3.0,20260936,isotonic_direct,original,0.03975959315765141,-0.0638002773925104
sonnet46,raw,3.0,20260936,isotonic_direct,penalty_prompt,0.8411835413777161,-0.5063892741562644
sonnet46,raw,3.0,20260936,isotonic_direct,always_abstain,0.0212667591308368,0.09338881183541378
sonnet46,raw,3.0,20260936,beta,original,0.0439204808136847,-0.11511789181692095
sonnet46,raw,3.0,20260936,beta,penalty_prompt,0.8453444290337494,-0.5577068885806751
sonnet46,raw,3.0,20260936,beta,always_abstain,0.025427646786870088,0.042071197411003236
sonnet46,raw,3.0,20260937,isotonic_direct,original,0.0425335182616736,-0.0665742024965326
sonnet46,raw,3.0,20260937,isotonic_direct,penalty_prompt,0.839001386962552,-0.5038002773925104
sonnet46,raw,3.0,20260937,isotonic_direct,always_abstain,-0.003236245954692557,0.09292649098474341
sonnet46,raw,3.0,20260937,beta,original,0.0425335182616736,-0.0665742024965326
sonnet46,raw,3.0,20260937,beta,penalty_prompt,0.839001386962552,-0.5038002773925104
sonnet46,raw,3.0,20260937,beta,always_abstain,-0.003236245954692557,0.09292649098474341
sonnet46,raw,3.0,20260938,isotonic_direct,original,0.036061026352288486,-0.06749884419787333
sonnet46,raw,3.0,20260938,isotonic_direct,penalty_prompt,0.8608044382801665,-0.5053351826167359
sonnet46,raw,3.0,20260938,isotonic_direct,always_abstain,0.01756819232547388,0.09338881183541378
sonnet46,raw,3.0,20260938,beta,original,0.03236245954692557,-0.12482662968099863
sonnet46,raw,3.0,20260938,beta,penalty_prompt,0.8571058714748035,-0.5626629680998613
sonnet46,raw,3.0,20260938,beta,always_abstain,0.013869625520110958,0.036061026352288486
sonnet46,raw,3.0,20260939,isotonic_direct,original,0.0319001386962552,-0.06611188164586224
sonnet46,raw,3.0,20260939,isotonic_direct,penalty_prompt,0.8372815533980582,-0.49109570041608863
sonnet46,raw,3.0,20260939,isotonic_direct,always_abstain,0.009708737864077669,0.10032362459546926
sonnet46,raw,3.0,20260939,beta,original,0.025889967637540454,-0.07766990291262137
sonnet46,raw,3.0,20260939,beta,penalty_prompt,0.8312713823393435,-0.5026537216828478
sonnet46,raw,3.0,20260939,beta,always_abstain,0.0036985668053629217,0.08876560332871013
sonnet46,raw,3.0,20260940,isotonic_direct,original,0.02635228848821082,-0.11234396671289873
sonnet46,raw,3.0,20260940,isotonic_direct,penalty_prompt,0.8190291262135923,-0.5542117429496071
sonnet46,raw,3.0,20260940,isotonic_direct,always_abstain,0.01756819232547388,0.04160887656033287
sonnet46,raw,3.0,20260940,beta,original,0.02635228848821082,-0.11234396671289873
sonnet46,raw,3.0,20260940,beta,penalty_prompt,0.8190291262135923,-0.5542117429496071
sonnet46,raw,3.0,20260940,beta,always_abstain,0.01756819232547388,0.04160887656033287
sonnet46,raw,3.0,20260941,isotonic_direct,original,0.03143781784558484,-0.07027276930189552
sonnet46,raw,3.0,20260941,isotonic_direct,penalty_prompt,0.8369949144706427,-0.5248173832639853
sonnet46,raw,3.0,20260941,isotonic_direct,always_abstain,0.00878409616273694,0.09754969949144707
sonnet46,raw,3.0,20260941,beta,original,0.02727693018955155,-0.0799815071659732
sonnet46,raw,3.0,20260941,beta,penalty_prompt,0.8328340268146094,-0.534526121128063
sonnet46,raw,3.0,20260941,beta,always_abstain,0.004623208506703652,0.08784096162736939
sonnet46,raw,3.0,20260942,isotonic_direct,original,0.024040684234858993,-0.04993065187239944
sonnet46,raw,3.0,20260942,isotonic_direct,penalty_prompt,0.8556171983356449,-0.48637078132223766
sonnet46,raw,3.0,20260942,isotonic_direct,always_abstain,0.007397133610725843,0.1091077207582062
sonnet46,raw,3.0,20260942,beta,original,0.024503005085529356,-0.06981044845122514
sonnet46,raw,3.0,20260942,beta,penalty_prompt,0.8560795191863153,-0.5062505779010633
sonnet46,raw,3.0,20260942,beta,always_abstain,0.00785945446139621,0.0892279241793805
sonnet46,raw,3.0,20260943,isotonic_direct,original,0.022653721682847898,-0.12159038372630607
sonnet46,raw,3.0,20260943,isotonic_direct,penalty_prompt,0.8747850208044382,-0.5693573740175681
sonnet46,raw,3.0,20260943,isotonic_direct,always_abstain,0.016643550624133148,0.04068423485899214
sonnet46,raw,3.0,20260943,beta,original,0.022653721682847898,-0.12159038372630607
sonnet46,raw,3.0,20260943,beta,penalty_prompt,0.8747850208044382,-0.5693573740175681
sonnet46,raw,3.0,20260943,beta,always_abstain,0.016643550624133148,0.04068423485899214
sonnet46,raw,3.0,20260944,isotonic_direct,original,0.012482662968099863,-0.15765141007859454
sonnet46,raw,3.0,20260944,isotonic_direct,penalty_prompt,0.9028109107720756,-0.6069070735090153
sonnet46,raw,3.0,20260944,isotonic_direct,always_abstain,0.005547850208044383,0.011095700416088766
sonnet46,raw,3.0,20260944,beta,original,0.02727693018955155,-0.1317614424410541
sonnet46,raw,3.0,20260944,beta,penalty_prompt,0.9176051779935274,-0.5810171058714748
sonnet46,raw,3.0,20260944,beta,always_abstain,0.02034211742949607,0.03698566805362922
sonnet46,raw,3.0,20260945,isotonic_direct,original,0.03744798890429958,-0.05686546463245491
sonnet46,raw,3.0,20260945,isotonic_direct,penalty_prompt,0.8188441978733241,-0.4969209431345355
sonnet46,raw,3.0,20260945,isotonic_direct,always_abstain,0.013407304669440592,0.10217290799815072
sonnet46,raw,3.0,20260945,beta,original,0.03744798890429958,-0.07905686546463245
sonnet46,raw,3.0,20260945,beta,penalty_prompt,0.8188441978733241,-0.519112343966713
sonnet46,raw,3.0,20260945,beta,always_abstain,0.013407304669440592,0.07998150716597319
sonnet46,raw,3.0,20260946,isotonic_direct,original,0.036523347202958856,-0.0651872399445215
sonnet46,raw,3.0,20260946,isotonic_direct,penalty_prompt,0.8614609338881183,-0.5078594544613961
sonnet46,raw,3.0,20260946,isotonic_direct,always_abstain,0.01571890892279242,0.09338881183541378
sonnet46,raw,3.0,20260946,beta,original,0.033287101248266296,-0.07397133610725844
sonnet46,raw,3.0,20260946,beta,penalty_prompt,0.8582246879334258,-0.5166435506241331
sonnet46,raw,3.0,20260946,beta,always_abstain,0.012482662968099861,0.08460471567267684
sonnet46,raw,3.0,20260947,isotonic_direct,original,0.02912621359223301,-0.0596393897364771
sonnet46,raw,3.0,20260947,isotonic_direct,penalty_prompt,0.8757096625057791,-0.5203883495145631
sonnet46,raw,3.0,20260947,isotonic_direct,always_abstain,0.008321775312066574,0.09153952843273232
sonnet46,raw,3.0,20260947,beta,original,0.02450300508552936,-0.06981044845122514
sonnet46,raw,3.0,20260947,beta,penalty_prompt,0.8710864539990755,-0.5305594082293111
sonnet46,raw,3.0,20260947,beta,always_abstain,0.0036985668053629217,0.08136846971798428
sonnet46,raw,3.0,20260948,isotonic_direct,original,0.02357836338418863,-0.07628294036061026
sonnet46,raw,3.0,20260948,isotonic_direct,penalty_prompt,0.842431807674526,-0.5200462320850671
sonnet46,raw,3.0,20260948,isotonic_direct,always_abstain,0.006010171058714748,0.08552935737401757
sonnet46,raw,3.0,20260948,beta,original,0.02357836338418863,-0.07628294036061026
sonnet46,raw,3.0,20260948,beta,penalty_prompt,0.842431807674526,-0.5200462320850671
sonnet46,raw,3.0,20260948,beta,always_abstain,0.006010171058714748,0.08552935737401757
sonnet46,raw,3.0,20260949,isotonic_direct,original,0.04993065187239945,-0.07212205270457699
sonnet46,raw,3.0,20260949,isotonic_direct,penalty_prompt,0.8893296347665279,-0.5199722607489596
sonnet46,raw,3.0,20260949,isotonic_direct,always_abstain,0.009708737864077669,0.0836800739713361
sonnet46,raw,3.0,20260949,beta,original,0.04761904761904762,-0.07998150716597319
sonnet46,raw,3.0,20260949,beta,penalty_prompt,0.8870180305131761,-0.5278317152103559
sonnet46,raw,3.0,20260949,beta,always_abstain,0.007397133610725843,0.0758206195099399
sonnet46,raw,3.0,20260950,isotonic_direct,original,0.02912621359223301,-0.07813222376329171
sonnet46,raw,3.0,20260950,isotonic_direct,penalty_prompt,0.8476930189551549,-0.513120665742025
sonnet46,raw,3.0,20260950,isotonic_direct,always_abstain,0.002311604253351826,0.0892279241793805
sonnet46,raw,3.0,20260950,beta,original,0.02912621359223301,-0.07813222376329171
sonnet46,raw,3.0,20260950,beta,penalty_prompt,0.8476930189551549,-0.513120665742025
sonnet46,raw,3.0,20260950,beta,always_abstain,0.002311604253351826,0.0892279241793805
sonnet46,raw,3.0,20260951,isotonic_direct,original,0.024965325936199722,-0.06564956079519187
sonnet46,raw,3.0,20260951,isotonic_direct,penalty_prompt,0.8395931576514101,-0.5045769764216367
sonnet46,raw,3.0,20260951,isotonic_direct,always_abstain,0.018030513176144243,0.10494683310217291
sonnet46,raw,3.0,20260951,beta,original,0.021266759130836803,-0.12482662968099861
sonnet46,raw,3.0,20260951,beta,penalty_prompt,0.8358945908460471,-0.5637540453074434
sonnet46,raw,3.0,20260951,beta,always_abstain,0.014331946370781322,0.04576976421636616
sonnet46,raw,3.0,20260952,isotonic_direct,original,0.032362459546925564,-0.0693481276005548
sonnet46,raw,3.0,20260952,isotonic_direct,penalty_prompt,0.8739435968562181,-0.5129449838187703
sonnet46,raw,3.0,20260952,isotonic_direct,always_abstain,0.012944983818770227,0.09431345353675451
sonnet46,raw,3.0,20260952,beta,original,0.03143781784558483,-0.07766990291262137
sonnet46,raw,3.0,20260952,beta,penalty_prompt,0.8730189551548775,-0.5212667591308369
sonnet46,raw,3.0,20260952,beta,always_abstain,0.012020342117429497,0.08599167822468794
sonnet46,raw,3.0,20260953,isotonic_direct,original,0.03236245954692557,-0.054553860379103106
sonnet46,raw,3.0,20260953,isotonic_direct,penalty_prompt,0.8567914932963475,-0.4956634304207119
sonnet46,raw,3.0,20260953,isotonic_direct,always_abstain,0.015256588072122053,0.1077207582061951
sonnet46,raw,3.0,20260953,beta,original,0.04022191400832177,-0.1225150254276468
sonnet46,raw,3.0,20260953,beta,penalty_prompt,0.8646509477577438,-0.5636245954692556
sonnet46,raw,3.0,20260953,beta,always_abstain,0.02311604253351826,0.03975959315765141
sonnet46,raw,3.0,20260954,isotonic_direct,original,0.041146555709662504,-0.06426259824318076
sonnet46,raw,3.0,20260954,isotonic_direct,penalty_prompt,0.8890522422561257,-0.5176976421636617
sonnet46,raw,3.0,20260954,isotonic_direct,always_abstain,0.019879796578825704,0.09200184928340269
sonnet46,raw,3.0,20260954,beta,original,0.03744798890429958,-0.07535829865926953
sonnet46,raw,3.0,20260954,beta,penalty_prompt,0.8853536754507628,-0.5287933425797504
sonnet46,raw,3.0,20260954,beta,always_abstain,0.016181229773462782,0.08090614886731391
sonnet46,raw,3.0,20260955,isotonic_direct,original,0.03791030975496995,-0.06195099398982894
sonnet46,raw,3.0,20260955,isotonic_direct,penalty_prompt,0.8847619047619047,-0.5194359685621822
sonnet46,raw,3.0,20260955,isotonic_direct,always_abstain,0.006010171058714748,0.09292649098474341
sonnet46,raw,3.0,20260955,beta,original,0.03421174294960703,-0.07119741100323625
sonnet46,raw,3.0,20260955,beta,penalty_prompt,0.8810633379565419,-0.5286823855755894
sonnet46,raw,3.0,20260955,beta,always_abstain,0.002311604253351826,0.0836800739713361
sonnet46,raw,3.0,20260956,isotonic_direct,original,0.03236245954692557,-0.1211280628756357
sonnet46,raw,3.0,20260956,isotonic_direct,penalty_prompt,0.8817660656495608,-0.558455848358761
sonnet46,raw,3.0,20260956,isotonic_direct,always_abstain,0.018955154877484975,0.03744798890429958
sonnet46,raw,3.0,20260956,beta,original,0.03236245954692557,-0.1211280628756357
sonnet46,raw,3.0,20260956,beta,penalty_prompt,0.8817660656495608,-0.558455848358761
sonnet46,raw,3.0,20260956,beta,always_abstain,0.018955154877484975,0.03744798890429958
sonnet46,raw,3.0,20260957,isotonic_direct,original,0.047156726768377254,-0.06934812760055478
sonnet46,raw,3.0,20260957,isotonic_direct,penalty_prompt,0.8439389736477115,-0.5153582986592695
sonnet46,raw,3.0,20260957,isotonic_direct,always_abstain,0.0036985668053629217,0.09061488673139159
sonnet46,raw,3.0,20260957,beta,original,0.044845122515025426,-0.07905686546463246
sonnet46,raw,3.0,20260957,beta,penalty_prompt,0.8416273693943597,-0.5250670365233472
sonnet46,raw,3.0,20260957,beta,always_abstain,0.0013869625520110957,0.08090614886731391
sonnet46,raw,3.0,20260958,isotonic_direct,original,0.028663892741562644,-0.06010171058714747
sonnet46,raw,3.0,20260958,isotonic_direct,penalty_prompt,0.853166897827092,-0.4998797965788256
sonnet46,raw,3.0,20260958,isotonic_direct,always_abstain,0.015256588072122053,0.10957004160887657
sonnet46,raw,3.0,20260958,beta,original,0.03559870550161812,-0.13083680073971338
sonnet46,raw,3.0,20260958,beta,penalty_prompt,0.8601017105871475,-0.5706148867313915
sonnet46,raw,3.0,20260958,beta,always_abstain,0.022191400832177532,0.038834951456310676
sonnet46,raw,3.0,20260959,isotonic_direct,original,0.015256588072122053,-0.11789181692094315
sonnet46,raw,3.0,20260959,isotonic_direct,penalty_prompt,0.8461858529819694,-0.5673693943596856
sonnet46,raw,3.0,20260959,isotonic_direct,always_abstain,0.009246417013407305,0.038834951456310676
sonnet46,raw,3.0,20260959,beta,original,0.022653721682847898,-0.07350901525658808
sonnet46,raw,3.0,20260959,beta,penalty_prompt,0.8535829865926952,-0.5229865926953305
sonnet46,raw,3.0,20260959,beta,always_abstain,0.016643550624133148,0.08321775312066575
sonnet46,raw,3.0,20260960,isotonic_direct,original,0.026814609338881183,-0.11003236245954694
sonnet46,raw,3.0,20260960,isotonic_direct,penalty_prompt,0.8398428109107721,-0.552371705963939
sonnet46,raw,3.0,20260960,isotonic_direct,always_abstain,0.009246417013407305,0.038834951456310676
sonnet46,raw,3.0,20260960,beta,original,0.02727693018955155,-0.07073509015256589
sonnet46,raw,3.0,20260960,beta,penalty_prompt,0.8403051317614424,-0.5130744336569579
sonnet46,raw,3.0,20260960,beta,always_abstain,0.009708737864077669,0.07813222376329172
sonnet46,raw,3.0,20260961,isotonic_direct,original,0.026352288488210817,-0.06981044845122517
sonnet46,raw,3.0,20260961,isotonic_direct,penalty_prompt,0.8628478964401294,-0.5092094313453537
sonnet46,raw,3.0,20260961,isotonic_direct,always_abstain,0.009708737864077669,0.09662505779010633
sonnet46,raw,3.0,20260961,beta,original,0.01849283402681461,-0.07951918631530283
sonnet46,raw,3.0,20260961,beta,penalty_prompt,0.8549884419787331,-0.5189181692094313
sonnet46,raw,3.0,20260961,beta,always_abstain,0.0018492834026814608,0.08691631992602866
sonnet46,raw,3.0,20260962,isotonic_direct,original,0.042071197411003236,-0.0651872399445215
sonnet46,raw,3.0,20260962,isotonic_direct,penalty_prompt,0.8727323162274618,-0.5100878409616274
sonnet46,raw,3.0,20260962,isotonic_direct,always_abstain,0.009708737864077669,0.09477577438742488
sonnet46,raw,3.0,20260962,beta,original,0.03698566805362922,-0.0758206195099399
sonnet46,raw,3.0,20260962,beta,penalty_prompt,0.8676467868700878,-0.5207212205270458
sonnet46,raw,3.0,20260962,beta,always_abstain,0.004623208506703652,0.08414239482200647
sonnet46,raw,3.0,20260963,isotonic_direct,original,0.03744798890429958,-0.06426259824318076
sonnet46,raw,3.0,20260963,isotonic_direct,penalty_prompt,0.8421451687471104,-0.507831715210356
sonnet46,raw,3.0,20260963,isotonic_direct,always_abstain,0.0018492834026814608,0.09061488673139159
sonnet46,raw,3.0,20260963,beta,original,0.03744798890429958,-0.06426259824318076
sonnet46,raw,3.0,20260963,beta,penalty_prompt,0.8421451687471104,-0.507831715210356
sonnet46,raw,3.0,20260963,beta,always_abstain,0.0018492834026814608,0.09061488673139159
sonnet46,raw,3.0,20260964,isotonic_direct,original,0.0425335182616736,-0.06842348589921404
sonnet46,raw,3.0,20260964,isotonic_direct,penalty_prompt,0.8439389736477115,-0.5058529819694867
sonnet46,raw,3.0,20260964,isotonic_direct,always_abstain,0.00878409616273694,0.09200184928340269
sonnet46,raw,3.0,20260964,beta,original,0.04022191400832177,-0.07813222376329172
sonnet46,raw,3.0,20260964,beta,penalty_prompt,0.8416273693943598,-0.5155617198335644
sonnet46,raw,3.0,20260964,beta,always_abstain,0.006472491909385114,0.08229311141932501
sonnet46,raw,3.0,20260965,isotonic_direct,original,0.020804438280166437,-0.12159038372630607
sonnet46,raw,3.0,20260965,isotonic_direct,penalty_prompt,0.8523439667128987,-0.5700508552935737
sonnet46,raw,3.0,20260965,isotonic_direct,always_abstain,0.00785945446139621,0.039297272306981046
sonnet46,raw,3.0,20260965,beta,original,0.020804438280166437,-0.12159038372630607
sonnet46,raw,3.0,20260965,beta,penalty_prompt,0.8523439667128987,-0.5700508552935737
sonnet46,raw,3.0,20260965,beta,always_abstain,0.00785945446139621,0.039297272306981046
sonnet46,raw,3.0,20260966,isotonic_direct,original,0.036061026352288486,-0.06195099398982894
sonnet46,raw,3.0,20260966,isotonic_direct,penalty_prompt,0.863883495145631,-0.5073971336107259
sonnet46,raw,3.0,20260966,isotonic_direct,always_abstain,0.007397133610725843,0.09986130374479889
sonnet46,raw,3.0,20260966,beta,original,0.029588534442903373,-0.07582061950993989
sonnet46,raw,3.0,20260966,beta,penalty_prompt,0.857411003236246,-0.5212667591308369
sonnet46,raw,3.0,20260966,beta,always_abstain,0.0009246417013407304,0.08599167822468794
sonnet46,raw,3.0,20260967,isotonic_direct,original,0.03698566805362922,-0.1276005547850208
sonnet46,raw,3.0,20260967,isotonic_direct,penalty_prompt,0.8803975959315764,-0.5696994914470642
sonnet46,raw,3.0,20260967,isotonic_direct,always_abstain,0.017105871474803514,0.03559870550161812
sonnet46,raw,3.0,20260967,beta,original,0.03559870550161812,-0.07720758206195098
sonnet46,raw,3.0,20260967,beta,penalty_prompt,0.8790106333795653,-0.5193065187239945
sonnet46,raw,3.0,20260967,beta,always_abstain,0.01571890892279242,0.08599167822468794
sonnet46,raw,3.0,20260968,isotonic_direct,original,0.027739251040221916,-0.11650485436893204
sonnet46,raw,3.0,20260968,isotonic_direct,penalty_prompt,0.8508830328247804,-0.5652612112806288
sonnet46,raw,3.0,20260968,isotonic_direct,always_abstain,0.01571890892279242,0.04160887656033287
sonnet46,raw,3.0,20260968,beta,original,0.027739251040221916,-0.11650485436893204
sonnet46,raw,3.0,20260968,beta,penalty_prompt,0.8508830328247804,-0.5652612112806288
sonnet46,raw,3.0,20260968,beta,always_abstain,0.01571890892279242,0.04160887656033287
sonnet46,raw,3.0,20260969,isotonic_direct,original,0.0319001386962552,-0.06056403143781784
sonnet46,raw,3.0,20260969,isotonic_direct,penalty_prompt,0.8845584835876097,-0.506583448913546
sonnet46,raw,3.0,20260969,isotonic_direct,always_abstain,0.004623208506703652,0.10078594544613963
sonnet46,raw,3.0,20260969,beta,original,0.02635228848821082,-0.07350901525658808
sonnet46,raw,3.0,20260969,beta,penalty_prompt,0.8790106333795653,-0.5195284327323162
sonnet46,raw,3.0,20260969,beta,always_abstain,-0.0009246417013407304,0.08784096162736939
sonnet46,raw,3.0,20260970,isotonic_direct,original,0.03236245954692557,-0.06564956079519188
sonnet46,raw,3.0,20260970,isotonic_direct,penalty_prompt,0.8448636153490523,-0.5217568192325474
sonnet46,raw,3.0,20260970,isotonic_direct,always_abstain,0.015256588072122053,0.09107720758206195
sonnet46,raw,3.0,20260970,beta,original,0.03143781784558484,-0.11835413777161352
sonnet46,raw,3.0,20260970,beta,penalty_prompt,0.8439389736477115,-0.574461396208969
sonnet46,raw,3.0,20260970,beta,always_abstain,0.014331946370781322,0.038372630605640314
sonnet46,raw,3.0,20260971,isotonic_direct,original,0.03883495145631068,-0.07027276930189552
sonnet46,raw,3.0,20260971,isotonic_direct,penalty_prompt,0.8338141470180305,-0.5060286638927415
sonnet46,raw,3.0,20260971,isotonic_direct,always_abstain,0.012944983818770227,0.09616273693943597
sonnet46,raw,3.0,20260971,beta,original,0.033749422098936666,-0.08090614886731393
sonnet46,raw,3.0,20260971,beta,penalty_prompt,0.8287286176606565,-0.5166620434581599
sonnet46,raw,3.0,20260971,beta,always_abstain,0.00785945446139621,0.08552935737401757
sonnet46,raw,3.0,20260972,isotonic_direct,original,0.045307443365695796,-0.07119741100323626
sonnet46,raw,3.0,20260972,isotonic_direct,penalty_prompt,0.8649006010171059,-0.5153305594082294
sonnet46,raw,3.0,20260972,isotonic_direct,always_abstain,0.005085529357374018,0.09385113268608414
sonnet46,raw,3.0,20260972,beta,original,0.045307443365695796,-0.07119741100323626
sonnet46,raw,3.0,20260972,beta,penalty_prompt,0.8649006010171059,-0.5153305594082294
sonnet46,raw,3.0,20260972,beta,always_abstain,0.005085529357374018,0.09385113268608414
sonnet46,raw,3.0,20260973,isotonic_direct,original,0.036061026352288486,-0.05640314378178457
sonnet46,raw,3.0,20260973,isotonic_direct,penalty_prompt,0.859454461396209,-0.5121590383726307
sonnet46,raw,3.0,20260973,isotonic_direct,always_abstain,0.019417475728155338,0.09523809523809523
sonnet46,raw,3.0,20260973,beta,original,0.036523347202958856,-0.06333795654184005
sonnet46,raw,3.0,20260973,beta,penalty_prompt,0.8599167822468793,-0.5190938511326861
sonnet46,raw,3.0,20260973,beta,always_abstain,0.019879796578825704,0.08830328247803976
sonnet46,raw,3.0,20260974,isotonic_direct,original,0.036523347202958856,-0.06333795654184003
sonnet46,raw,3.0,20260974,isotonic_direct,penalty_prompt,0.8666019417475728,-0.5161442441054092
sonnet46,raw,3.0,20260974,isotonic_direct,always_abstain,0.003236245954692557,0.10494683310217291
sonnet46,raw,3.0,20260974,beta,original,0.041146555709662504,-0.08460471567267684
sonnet46,raw,3.0,20260974,beta,penalty_prompt,0.8712251502542765,-0.5374110032362459
sonnet46,raw,3.0,20260974,beta,always_abstain,0.00785945446139621,0.0836800739713361
sonnet46,raw,3.0,20260975,isotonic_direct,original,0.045307443365695796,-0.06564956079519185
sonnet46,raw,3.0,20260975,isotonic_direct,penalty_prompt,0.9188534442903374,-0.5218122977346278
sonnet46,raw,3.0,20260975,isotonic_direct,always_abstain,0.019879796578825704,0.09200184928340269
sonnet46,raw,3.0,20260975,beta,original,0.039297272306981046,-0.07535829865926953
sonnet46,raw,3.0,20260975,beta,penalty_prompt,0.9128432732316227,-0.5315210355987054
sonnet46,raw,3.0,20260975,beta,always_abstain,0.013869625520110958,0.08229311141932501
sonnet46,raw,3.0,20260976,isotonic_direct,original,0.04068423485899214,-0.057327785483125296
sonnet46,raw,3.0,20260976,isotonic_direct,penalty_prompt,0.8604900601017105,-0.5064262598243182
sonnet46,raw,3.0,20260976,isotonic_direct,always_abstain,-0.006010171058714748,0.10124826629680998
sonnet46,raw,3.0,20260976,beta,original,0.04669440591770689,-0.06611188164586224
sonnet46,raw,3.0,20260976,beta,penalty_prompt,0.8665002311604252,-0.5152103559870551
sonnet46,raw,3.0,20260976,beta,always_abstain,0.0,0.09246417013407304
sonnet46,raw,3.0,20260977,isotonic_direct,original,0.032362459546925564,-0.05825242718446602
sonnet46,raw,3.0,20260977,isotonic_direct,penalty_prompt,0.8429958391123439,-0.49629218677762366
sonnet46,raw,3.0,20260977,isotonic_direct,always_abstain,0.011095700416088766,0.09801202034211742
sonnet46,raw,3.0,20260977,beta,original,0.024965325936199722,-0.0730466944059177
sonnet46,raw,3.0,20260977,beta,penalty_prompt,0.8355987055016181,-0.5110864539990754
sonnet46,raw,3.0,20260977,beta,always_abstain,0.0036985668053629217,0.08321775312066575
sonnet46,raw,3.0,20260978,isotonic_direct,original,0.03698566805362922,-0.06657420249653258
sonnet46,raw,3.0,20260978,isotonic_direct,penalty_prompt,0.818502080443828,-0.5186407766990292
sonnet46,raw,3.0,20260978,isotonic_direct,always_abstain,0.015256588072122053,0.08737864077669903
sonnet46,raw,3.0,20260978,beta,original,0.04345815996301433,-0.11742949607027275
sonnet46,raw,3.0,20260978,beta,penalty_prompt,0.8249745723532131,-0.5694960702727694
sonnet46,raw,3.0,20260978,beta,always_abstain,0.021729079981507166,0.036523347202958856
sonnet46,raw,3.0,20260979,isotonic_direct,original,0.027739251040221916,-0.06102635228848821
sonnet46,raw,3.0,20260979,isotonic_direct,penalty_prompt,0.8303929727230697,-0.5001294498381876
sonnet46,raw,3.0,20260979,isotonic_direct,always_abstain,0.01571890892279242,0.09893666204345816
sonnet46,raw,3.0,20260979,beta,original,0.022191400832177532,-0.07212205270457699
sonnet46,raw,3.0,20260979,beta,penalty_prompt,0.8248451225150253,-0.5112251502542764
sonnet46,raw,3.0,20260979,beta,always_abstain,0.010171058714748035,0.08784096162736939
sonnet46,raw,3.0,20260980,isotonic_direct,original,0.03236245954692557,-0.11927877947295425
sonnet46,raw,3.0,20260980,isotonic_direct,penalty_prompt,0.8477854831252888,-0.5727600554785021
sonnet46,raw,3.0,20260980,isotonic_direct,always_abstain,0.017105871474803514,0.03744798890429958
sonnet46,raw,3.0,20260980,beta,original,0.03236245954692557,-0.11927877947295425
sonnet46,raw,3.0,20260980,beta,penalty_prompt,0.8477854831252888,-0.5727600554785021
sonnet46,raw,3.0,20260980,beta,always_abstain,0.017105871474803514,0.03744798890429958
sonnet46,raw,3.0,20260981,isotonic_direct,original,0.04160887656033287,-0.06749884419787333
sonnet46,raw,3.0,20260981,isotonic_direct,penalty_prompt,0.8904761904761904,-0.5177531206657421
sonnet46,raw,3.0,20260981,isotonic_direct,always_abstain,0.020804438280166437,0.09107720758206195
sonnet46,raw,3.0,20260981,beta,original,0.03837263060564032,-0.07998150716597319
sonnet46,raw,3.0,20260981,beta,penalty_prompt,0.8872399445214979,-0.5302357836338419
sonnet46,raw,3.0,20260981,beta,always_abstain,0.01756819232547388,0.07859454461396209
sonnet46,raw,3.0,20260982,isotonic_direct,original,0.03791030975496995,-0.06749884419787333
sonnet46,raw,3.0,20260982,isotonic_direct,penalty_prompt,0.8347387887193712,-0.5089135460009246
sonnet46,raw,3.0,20260982,isotonic_direct,always_abstain,0.018030513176144243,0.09754969949144707
sonnet46,raw,3.0,20260982,beta,original,0.03975959315765141,-0.12482662968099861
sonnet46,raw,3.0,20260982,beta,penalty_prompt,0.8365880721220527,-0.56624133148405
sonnet46,raw,3.0,20260982,beta,always_abstain,0.019879796578825704,0.04022191400832178
sonnet46,raw,3.0,20260983,isotonic_direct,original,0.03698566805362922,-0.055478502080443845
sonnet46,raw,3.0,20260983,isotonic_direct,penalty_prompt,0.8636153490522422,-0.5015256588072122
sonnet46,raw,3.0,20260983,isotonic_direct,always_abstain,0.004623208506703652,0.10263522884882108
sonnet46,raw,3.0,20260983,beta,original,0.03421174294960702,-0.07674526121128064
sonnet46,raw,3.0,20260983,beta,penalty_prompt,0.86084142394822,-0.522792417938049
sonnet46,raw,3.0,20260983,beta,always_abstain,0.0018492834026814608,0.08136846971798428
sonnet46,raw,3.0,20260984,isotonic_direct,original,0.033749422098936666,-0.125288950531669
sonnet46,raw,3.0,20260984,isotonic_direct,penalty_prompt,0.8412760055478503,-0.5541192787794729
sonnet46,raw,3.0,20260984,isotonic_direct,always_abstain,0.014794267221451687,0.0425335182616736
sonnet46,raw,3.0,20260984,beta,original,0.033749422098936666,-0.125288950531669
sonnet46,raw,3.0,20260984,beta,penalty_prompt,0.8412760055478503,-0.5541192787794729
sonnet46,raw,3.0,20260984,beta,always_abstain,0.014794267221451687,0.0425335182616736
sonnet46,raw,3.0,20260985,isotonic_direct,original,0.03467406380027739,-0.05779010633379565
sonnet46,raw,3.0,20260985,isotonic_direct,penalty_prompt,0.8791678224687932,-0.5093851132686085
sonnet46,raw,3.0,20260985,isotonic_direct,always_abstain,0.007397133610725843,0.09986130374479889
sonnet46,raw,3.0,20260985,beta,original,0.03467406380027739,-0.07813222376329172
sonnet46,raw,3.0,20260985,beta,penalty_prompt,0.8791678224687932,-0.5297272306981045
sonnet46,raw,3.0,20260985,beta,always_abstain,0.007397133610725843,0.07951918631530282
sonnet46,raw,3.0,20260986,isotonic_direct,original,0.04623208506703652,-0.06842348589921406
sonnet46,raw,3.0,20260986,isotonic_direct,penalty_prompt,0.8541377716134997,-0.5072676837725381
sonnet46,raw,3.0,20260986,isotonic_direct,always_abstain,0.017105871474803514,0.09847434119278779
sonnet46,raw,3.0,20260986,beta,original,0.04345815996301433,-0.07859454461396209
sonnet46,raw,3.0,20260986,beta,penalty_prompt,0.8513638465094775,-0.517438742487286
sonnet46,raw,3.0,20260986,beta,always_abstain,0.014331946370781322,0.08830328247803976
sonnet46,raw,3.0,20260987,isotonic_direct,original,0.023578363384188627,-0.1132686084142395
sonnet46,raw,3.0,20260987,isotonic_direct,penalty_prompt,0.8273231622746186,-0.557864077669903
sonnet46,raw,3.0,20260987,isotonic_direct,always_abstain,0.013869625520110958,0.03975959315765141
sonnet46,raw,3.0,20260987,beta,original,0.023578363384188627,-0.1132686084142395
sonnet46,raw,3.0,20260987,beta,penalty_prompt,0.8273231622746186,-0.557864077669903
sonnet46,raw,3.0,20260987,beta,always_abstain,0.013869625520110958,0.03975959315765141
sonnet46,raw,3.0,20260988,isotonic_direct,original,0.0319001386962552,-0.05871474803513639
sonnet46,raw,3.0,20260988,isotonic_direct,penalty_prompt,0.8810725843735552,-0.500046232085067
sonnet46,raw,3.0,20260988,isotonic_direct,always_abstain,-0.006472491909385114,0.10633379565418401
sonnet46,raw,3.0,20260988,beta,original,0.03791030975496995,-0.06749884419787333
sonnet46,raw,3.0,20260988,beta,penalty_prompt,0.88708275543227,-0.5088303282478039
sonnet46,raw,3.0,20260988,beta,always_abstain,-0.0004623208506703652,0.09754969949144707
sonnet46,raw,3.0,20260989,isotonic_direct,original,0.024503005085529356,-0.12713823393435042
sonnet46,raw,3.0,20260989,isotonic_direct,penalty_prompt,0.8464170134073047,-0.5666574202496533
sonnet46,raw,3.0,20260989,isotonic_direct,always_abstain,0.012482662968099861,0.04576976421636616
sonnet46,raw,3.0,20260989,beta,original,0.024965325936199725,-0.07859454461396208
sonnet46,raw,3.0,20260989,beta,penalty_prompt,0.846879334257975,-0.5181137309292649
sonnet46,raw,3.0,20260989,beta,always_abstain,0.012944983818770227,0.09431345353675451
sonnet46,raw,3.0,20260990,isotonic_direct,original,0.028663892741562648,-0.12297734627831716
sonnet46,raw,3.0,20260990,isotonic_direct,penalty_prompt,0.8055478502080444,-0.5585575589459084
sonnet46,raw,3.0,20260990,isotonic_direct,always_abstain,0.012944983818770227,0.03698566805362922
sonnet46,raw,3.0,20260990,beta,original,0.028663892741562648,-0.07859454461396209
sonnet46,raw,3.0,20260990,beta,penalty_prompt,0.8055478502080444,-0.5141747572815534
sonnet46,raw,3.0,20260990,beta,always_abstain,0.012944983818770227,0.08136846971798428
sonnet46,raw,3.0,20260991,isotonic_direct,original,0.04576976421636615,-0.06888580674988443
sonnet46,raw,3.0,20260991,isotonic_direct,penalty_prompt,0.8495792880258901,-0.5188904299583911
sonnet46,raw,3.0,20260991,isotonic_direct,always_abstain,0.0212667591308368,0.08969024503005085
sonnet46,raw,3.0,20260991,beta,original,0.041146555709662504,-0.07905686546463246
sonnet46,raw,3.0,20260991,beta,penalty_prompt,0.8449560795191865,-0.5290614886731391
sonnet46,raw,3.0,20260991,beta,always_abstain,0.016643550624133148,0.07951918631530282
sonnet46,raw,3.0,20260992,isotonic_direct,original,0.033749422098936666,-0.13083680073971335
sonnet46,raw,3.0,20260992,isotonic_direct,penalty_prompt,0.8342394822006473,-0.5649283402681462
sonnet46,raw,3.0,20260992,isotonic_direct,always_abstain,0.016643550624133148,0.04068423485899214
sonnet46,raw,3.0,20260992,beta,original,0.033749422098936666,-0.13083680073971335
sonnet46,raw,3.0,20260992,beta,penalty_prompt,0.8342394822006473,-0.5649283402681462
sonnet46,raw,3.0,20260992,beta,always_abstain,0.016643550624133148,0.04068423485899214
sonnet46,raw,3.0,20260993,isotonic_direct,original,0.026814609338881183,-0.11742949607027275
sonnet46,raw,3.0,20260993,isotonic_direct,penalty_prompt,0.849810448451225,-0.5667036523347204
sonnet46,raw,3.0,20260993,isotonic_direct,always_abstain,0.010171058714748035,0.04160887656033287
sonnet46,raw,3.0,20260993,beta,original,0.026814609338881183,-0.0730466944059177
sonnet46,raw,3.0,20260993,beta,penalty_prompt,0.849810448451225,-0.5223208506703654
sonnet46,raw,3.0,20260993,beta,always_abstain,0.010171058714748035,0.08599167822468794
sonnet46,raw,3.0,20260994,isotonic_direct,original,0.027739251040221916,-0.12575127138233935
sonnet46,raw,3.0,20260994,isotonic_direct,penalty_prompt,0.8556356911696716,-0.5650577901063338
sonnet46,raw,3.0,20260994,isotonic_direct,always_abstain,0.01571890892279242,0.03791030975496995
sonnet46,raw,3.0,20260994,beta,original,0.027739251040221916,-0.12575127138233935
sonnet46,raw,3.0,20260994,beta,penalty_prompt,0.8556356911696716,-0.5650577901063338
sonnet46,raw,3.0,20260994,beta,always_abstain,0.01571890892279242,0.03791030975496995
sonnet46,raw,3.0,20260995,isotonic_direct,original,0.02588996763754045,-0.05917706888580676
sonnet46,raw,3.0,20260995,isotonic_direct,penalty_prompt,0.848534442903375,-0.4955247341655109
sonnet46,raw,3.0,20260995,isotonic_direct,always_abstain,-0.0004623208506703652,0.09754969949144707
sonnet46,raw,3.0,20260995,beta,original,0.026814609338881183,-0.06749884419787333
sonnet46,raw,3.0,20260995,beta,penalty_prompt,0.8494590846047156,-0.5038465094775775
sonnet46,raw,3.0,20260995,beta,always_abstain,0.0004623208506703652,0.0892279241793805
sonnet46,raw,3.0,20260996,isotonic_direct,original,0.045307443365695796,-0.05640314378178456
sonnet46,raw,3.0,20260996,isotonic_direct,penalty_prompt,0.8747387887193713,-0.4996486361534906
sonnet46,raw,3.0,20260996,isotonic_direct,always_abstain,0.0009246417013407304,0.0970873786407767
sonnet46,raw,3.0,20260996,beta,original,0.050855293573740176,-0.07674526121128063
sonnet46,raw,3.0,20260996,beta,penalty_prompt,0.8802866389274157,-0.5199907535829866
sonnet46,raw,3.0,20260996,beta,always_abstain,0.006472491909385114,0.07674526121128063
sonnet46,raw,3.0,20260997,isotonic_direct,original,0.03791030975496995,-0.06195099398982894
sonnet46,raw,3.0,20260997,isotonic_direct,penalty_prompt,0.8624040684234858,-0.5068053629218677
sonnet46,raw,3.0,20260997,isotonic_direct,always_abstain,0.014331946370781322,0.08645399907535829
sonnet46,raw,3.0,20260997,beta,original,0.03143781784558484,-0.07212205270457697
sonnet46,raw,3.0,20260997,beta,penalty_prompt,0.8559315765141008,-0.5169764216366158
sonnet46,raw,3.0,20260997,beta,always_abstain,0.00785945446139621,0.07628294036061026
sonnet46,raw,3.0,20260998,isotonic_direct,original,0.03143781784558484,-0.0665742024965326
sonnet46,raw,3.0,20260998,isotonic_direct,penalty_prompt,0.8327508090614888,-0.5063522884882109
sonnet46,raw,3.0,20260998,isotonic_direct,always_abstain,-0.0004623208506703652,0.09015256588072122
sonnet46,raw,3.0,20260998,beta,original,0.02820157189089228,-0.07720758206195101
sonnet46,raw,3.0,20260998,beta,penalty_prompt,0.8295145631067962,-0.5169856680536292
sonnet46,raw,3.0,20260998,beta,always_abstain,-0.0036985668053629217,0.07951918631530282
sonnet46,raw,3.0,20260999,isotonic_direct,original,-0.00878409616273694,-0.14748035136384652
sonnet46,raw,3.0,20260999,isotonic_direct,penalty_prompt,0.8128525196486363,-0.591419325011558
sonnet46,raw,3.0,20260999,isotonic_direct,always_abstain,0.005085529357374018,0.012482662968099861
sonnet46,raw,3.0,20260999,beta,original,0.0,-0.13869625520110956
sonnet46,raw,3.0,20260999,beta,penalty_prompt,0.8216366158113731,-0.5826352288488211
sonnet46,raw,3.0,20260999,beta,always_abstain,0.013869625520110958,0.0212667591308368
sonnet46,raw,3.0,20261000,isotonic_direct,original,0.03467406380027739,-0.06333795654184003
sonnet46,raw,3.0,20261000,isotonic_direct,penalty_prompt,0.8401664355062414,-0.5125843735552474
sonnet46,raw,3.0,20261000,isotonic_direct,always_abstain,-0.002311604253351826,0.09015256588072122
sonnet46,raw,3.0,20261000,beta,original,0.03467406380027739,-0.06333795654184003
sonnet46,raw,3.0,20261000,beta,penalty_prompt,0.8401664355062414,-0.5125843735552474
sonnet46,raw,3.0,20261000,beta,always_abstain,-0.002311604253351826,0.09015256588072122
sonnet46,raw,3.0,20261001,isotonic_direct,original,0.016181229773462782,-0.12066574202496533
sonnet46,raw,3.0,20261001,isotonic_direct,penalty_prompt,0.860203421174295,-0.5704022191400833
sonnet46,raw,3.0,20261001,isotonic_direct,always_abstain,0.014794267221451687,0.04068423485899214
sonnet46,raw,3.0,20261001,beta,original,0.016181229773462782,-0.12066574202496533
sonnet46,raw,3.0,20261001,beta,penalty_prompt,0.860203421174295,-0.5704022191400833
sonnet46,raw,3.0,20261001,beta,always_abstain,0.014794267221451687,0.04068423485899214
sonnet46,raw,3.0,20261002,isotonic_direct,original,0.03513638465094776,-0.06842348589921406
sonnet46,raw,3.0,20261002,isotonic_direct,penalty_prompt,0.8696162736939436,-0.5163846509477578
sonnet46,raw,3.0,20261002,isotonic_direct,always_abstain,0.006010171058714748,0.08737864077669903
sonnet46,raw,3.0,20261002,beta,original,0.03282478039759593,-0.07813222376329174
sonnet46,raw,3.0,20261002,beta,penalty_prompt,0.8673046694405918,-0.5260933888118354
sonnet46,raw,3.0,20261002,beta,always_abstain,0.0036985668053629217,0.07766990291262135
sonnet46,raw,3.0,20261003,isotonic_direct,original,0.03791030975496995,-0.07674526121128063
sonnet46,raw,3.0,20261003,isotonic_direct,penalty_prompt,0.8786037910309755,-0.5191955617198336
sonnet46,raw,3.0,20261003,isotonic_direct,always_abstain,0.009246417013407305,0.08321775312066575
sonnet46,raw,3.0,20261003,beta,original,0.03791030975496995,-0.07674526121128063
sonnet46,raw,3.0,20261003,beta,penalty_prompt,0.8786037910309755,-0.5191955617198336
sonnet46,raw,3.0,20261003,beta,always_abstain,0.009246417013407305,0.08321775312066575
sonnet46,raw,3.0,20261004,isotonic_direct,original,0.02820157189089228,-0.11604253351826166
sonnet46,raw,3.0,20261004,isotonic_direct,penalty_prompt,0.8332593619972262,-0.5693111419325012
sonnet46,raw,3.0,20261004,isotonic_direct,always_abstain,0.014794267221451687,0.044382801664355064
sonnet46,raw,3.0,20261004,beta,original,0.02820157189089228,-0.11604253351826166
sonnet46,raw,3.0,20261004,beta,penalty_prompt,0.8332593619972262,-0.5693111419325012
sonnet46,raw,3.0,20261004,beta,always_abstain,0.014794267221451687,0.044382801664355064
sonnet46,raw,3.0,20261005,isotonic_direct,original,0.02311604253351826,-0.06380027739251039
sonnet46,raw,3.0,20261005,isotonic_direct,penalty_prompt,0.8960795191863153,-0.517660656495608
sonnet46,raw,3.0,20261005,isotonic_direct,always_abstain,0.014794267221451687,0.08876560332871013
sonnet46,raw,3.0,20261005,beta,original,0.02820157189089228,-0.11604253351826166
sonnet46,raw,3.0,20261005,beta,penalty_prompt,0.9011650485436893,-0.5699029126213593
sonnet46,raw,3.0,20261005,beta,always_abstain,0.019879796578825704,0.036523347202958856
sonnet46,raw,3.0,20261006,isotonic_direct,original,0.03467406380027739,-0.07073509015256589
sonnet46,raw,3.0,20261006,isotonic_direct,penalty_prompt,0.8587702265372168,-0.5148774849745723
sonnet46,raw,3.0,20261006,isotonic_direct,always_abstain,0.015256588072122053,0.09292649098474341
sonnet46,raw,3.0,20261006,beta,original,0.02866389274156264,-0.0785945446139621
sonnet46,raw,3.0,20261006,beta,penalty_prompt,0.8527600554785021,-0.5227369394359684
sonnet46,raw,3.0,20261006,beta,always_abstain,0.009246417013407305,0.0850670365233472
sonnet46,raw,3.0,20261007,isotonic_direct,original,0.018030513176144243,-0.14840499306518723
sonnet46,raw,3.0,20261007,isotonic_direct,penalty_prompt,0.8677762367082755,-0.6010725843735553
sonnet46,raw,3.0,20261007,isotonic_direct,always_abstain,0.00785945446139621,0.01155802126675913
sonnet46,raw,3.0,20261007,beta,original,0.03791030975496995,-0.11927877947295423
sonnet46,raw,3.0,20261007,beta,penalty_prompt,0.8876560332871012,-0.5719463707813222
sonnet46,raw,3.0,20261007,beta,always_abstain,0.027739251040221916,0.04068423485899214
sonnet46,raw,3.0,20261008,isotonic_direct,original,0.026352288488210817,-0.14193250115580214
sonnet46,raw,3.0,20261008,isotonic_direct,penalty_prompt,0.8731761442441054,-0.5942302357836339
sonnet46,raw,3.0,20261008,isotonic_direct,always_abstain,0.006934812760055479,0.023578363384188627
sonnet46,raw,3.0,20261008,beta,original,0.03744798890429958,-0.12528895053166897
sonnet46,raw,3.0,20261008,beta,penalty_prompt,0.8842718446601942,-0.5775866851595007
sonnet46,raw,3.0,20261008,beta,always_abstain,0.018030513176144243,0.04022191400832178
sonnet46,raw,3.0,20261009,isotonic_direct,original,0.04299583911234397,-0.06241331484049932
sonnet46,raw,3.0,20261009,isotonic_direct,penalty_prompt,0.8574757281553398,-0.49952843273231623
sonnet46,raw,3.0,20261009,isotonic_direct,always_abstain,0.00878409616273694,0.10124826629680998
sonnet46,raw,3.0,20261009,beta,original,0.04299583911234397,-0.06241331484049932
sonnet46,raw,3.0,20261009,beta,penalty_prompt,0.8574757281553398,-0.49952843273231623
sonnet46,raw,3.0,20261009,beta,always_abstain,0.00878409616273694,0.10124826629680998
sonnet46,raw,3.0,20261010,isotonic_direct,original,0.011095700416088766,-0.13314840499306518
sonnet46,raw,3.0,20261010,isotonic_direct,penalty_prompt,0.855959315765141,-0.5808599167822468
sonnet46,raw,3.0,20261010,isotonic_direct,always_abstain,0.006010171058714748,0.020804438280166437
sonnet46,raw,3.0,20261010,beta,original,0.02311604253351826,-0.11927877947295422
sonnet46,raw,3.0,20261010,beta,penalty_prompt,0.8679796578825705,-0.5669902912621358
sonnet46,raw,3.0,20261010,beta,always_abstain,0.018030513176144243,0.03467406380027739
sonnet46,raw,3.0,20261011,isotonic_direct,original,0.04160887656033287,-0.05640314378178457
sonnet46,raw,3.0,20261011,isotonic_direct,penalty_prompt,0.8698844197873324,-0.5031715210355986
sonnet46,raw,3.0,20261011,isotonic_direct,always_abstain,0.0036985668053629217,0.10171058714748035
sonnet46,raw,3.0,20261011,beta,original,0.042533518261673606,-0.07212205270457699
sonnet46,raw,3.0,20261011,beta,penalty_prompt,0.8708090614886731,-0.5188904299583911
sonnet46,raw,3.0,20261011,beta,always_abstain,0.004623208506703652,0.08599167822468794
sonnet46,raw,3.0,20261012,isotonic_direct,original,0.02866389274156264,-0.12112806287563571
sonnet46,raw,3.0,20261012,isotonic_direct,penalty_prompt,0.8525011558021267,-0.5586870087840962
sonnet46,raw,3.0,20261012,isotonic_direct,always_abstain,0.0106333795654184,0.038372630605640314
sonnet46,raw,3.0,20261012,beta,original,0.02820157189089228,-0.07350901525658808
sonnet46,raw,3.0,20261012,beta,penalty_prompt,0.8520388349514563,-0.5110679611650486
sonnet46,raw,3.0,20261012,beta,always_abstain,0.010171058714748035,0.08599167822468794
sonnet46,raw,6.0,20260913,isotonic_direct,original,0.010171058714748035,-0.028663892741562644
sonnet46,raw,6.0,20260913,isotonic_direct,penalty_prompt,1.4186962552011095,-0.4771613499768839
sonnet46,raw,6.0,20260913,isotonic_direct,always_abstain,0.0036985668053629217,0.013407304669440592
sonnet46,raw,6.0,20260913,beta,original,0.010171058714748035,-0.038372630605640314
sonnet46,raw,6.0,20260913,beta,penalty_prompt,1.4186962552011095,-0.4868700878409616
sonnet46,raw,6.0,20260913,beta,always_abstain,0.0036985668053629217,0.0036985668053629217
sonnet46,raw,6.0,20260914,isotonic_direct,original,0.002311604253351826,-0.02357836338418863
sonnet46,raw,6.0,20260914,isotonic_direct,penalty_prompt,1.4033194637078132,-0.47350901525658806
sonnet46,raw,6.0,20260914,isotonic_direct,always_abstain,0.0018492834026814608,0.01155802126675913
sonnet46,raw,6.0,20260914,beta,original,0.0018492834026814608,-0.033749422098936666
sonnet46,raw,6.0,20260914,beta,penalty_prompt,1.4028571428571428,-0.4836800739713361
sonnet46,raw,6.0,20260914,beta,always_abstain,0.0013869625520110957,0.0013869625520110957
sonnet46,raw,6.0,20260915,isotonic_direct,original,0.010171058714748035,-0.0319001386962552
sonnet46,raw,6.0,20260915,isotonic_direct,penalty_prompt,1.415053166897827,-0.4818400369856681
sonnet46,raw,6.0,20260915,isotonic_direct,always_abstain,0.005085529357374018,0.005085529357374018
sonnet46,raw,6.0,20260915,beta,original,0.00785945446139621,-0.03421174294960703
sonnet46,raw,6.0,20260915,beta,penalty_prompt,1.4127415626444753,-0.4841516412390199
sonnet46,raw,6.0,20260915,beta,always_abstain,0.0027739251040221915,0.0027739251040221915
sonnet46,raw,6.0,20260916,isotonic_direct,original,0.012482662968099861,-0.02635228848821082
sonnet46,raw,6.0,20260916,isotonic_direct,penalty_prompt,1.430439204808137,-0.48451225150254273
sonnet46,raw,6.0,20260916,isotonic_direct,always_abstain,0.0018492834026814608,0.01155802126675913
sonnet46,raw,6.0,20260916,beta,original,0.01433194637078132,-0.03421174294960703
sonnet46,raw,6.0,20260916,beta,penalty_prompt,1.4322884882108182,-0.492371705963939
sonnet46,raw,6.0,20260916,beta,always_abstain,0.0036985668053629217,0.0036985668053629217
sonnet46,raw,6.0,20260917,isotonic_direct,original,0.005085529357374018,-0.03374942209893666
sonnet46,raw,6.0,20260917,isotonic_direct,penalty_prompt,1.4037725381414703,-0.4782339343504392
sonnet46,raw,6.0,20260917,isotonic_direct,always_abstain,0.004623208506703652,0.004623208506703652
sonnet46,raw,6.0,20260917,beta,original,0.003236245954692557,-0.03559870550161812
sonnet46,raw,6.0,20260917,beta,penalty_prompt,1.4019232547387888,-0.4800832177531207
sonnet46,raw,6.0,20260917,beta,always_abstain,0.0027739251040221915,0.0027739251040221915
sonnet46,raw,6.0,20260918,isotonic_direct,original,0.007397133610725843,-0.024965325936199725
sonnet46,raw,6.0,20260918,isotonic_direct,penalty_prompt,1.3931021729079982,-0.47349976883957456
sonnet46,raw,6.0,20260918,isotonic_direct,always_abstain,0.003236245954692557,0.012944983818770227
sonnet46,raw,6.0,20260918,beta,original,0.008321775312066574,-0.033749422098936666
sonnet46,raw,6.0,20260918,beta,penalty_prompt,1.3940268146093389,-0.4822838650023115
sonnet46,raw,6.0,20260918,beta,always_abstain,0.004160887656033287,0.004160887656033287
sonnet46,raw,6.0,20260919,isotonic_direct,original,0.009246417013407305,-0.029588534442903373
sonnet46,raw,6.0,20260919,isotonic_direct,penalty_prompt,1.4333333333333333,-0.483948220064725
sonnet46,raw,6.0,20260919,isotonic_direct,always_abstain,0.004160887656033287,0.004160887656033287
sonnet46,raw,6.0,20260919,beta,original,0.010171058714748035,-0.02219140083217753
sonnet46,raw,6.0,20260919,beta,penalty_prompt,1.434257975034674,-0.47655108645399913
sonnet46,raw,6.0,20260919,beta,always_abstain,0.005085529357374018,0.01155802126675913
sonnet46,raw,6.0,20260920,isotonic_direct,original,0.003698566805362922,-0.022191400832177532
sonnet46,raw,6.0,20260920,isotonic_direct,penalty_prompt,1.4173370319001386,-0.47664355062413316
sonnet46,raw,6.0,20260920,isotonic_direct,always_abstain,0.0004623208506703652,0.013407304669440592
sonnet46,raw,6.0,20260920,beta,original,0.006472491909385114,-0.032362459546925564
sonnet46,raw,6.0,20260920,beta,penalty_prompt,1.4201109570041608,-0.48681460933888115
sonnet46,raw,6.0,20260920,beta,always_abstain,0.003236245954692557,0.003236245954692557
sonnet46,raw,6.0,20260921,isotonic_direct,original,0.013869625520110956,-0.03143781784558484
sonnet46,raw,6.0,20260921,isotonic_direct,penalty_prompt,1.4159223300970876,-0.4897087378640777
sonnet46,raw,6.0,20260921,isotonic_direct,always_abstain,0.004160887656033287,0.004160887656033287
sonnet46,raw,6.0,20260921,beta,original,0.013869625520110956,-0.03143781784558484
sonnet46,raw,6.0,20260921,beta,penalty_prompt,1.4159223300970876,-0.4897087378640777
sonnet46,raw,6.0,20260921,beta,always_abstain,0.004160887656033287,0.004160887656033287
sonnet46,raw,6.0,20260922,isotonic_direct,original,0.0,0.0
sonnet46,raw,6.0,20260922,isotonic_direct,penalty_prompt,1.3626444752658347,-0.4506888580674989
sonnet46,raw,6.0,20260922,isotonic_direct,always_abstain,-0.016181229773462782,0.042071197411003236
sonnet46,raw,6.0,20260922,beta,original,0.020804438280166433,-0.03744798890429958
sonnet46,raw,6.0,20260922,beta,penalty_prompt,1.383448913546001,-0.4881368469717985
sonnet46,raw,6.0,20260922,beta,always_abstain,0.004623208506703652,0.004623208506703652
sonnet46,raw,6.0,20260923,isotonic_direct,original,0.0004623208506703652,-0.022191400832177535
sonnet46,raw,6.0,20260923,isotonic_direct,penalty_prompt,1.4424872861766065,-0.47705963938973656
sonnet46,raw,6.0,20260923,isotonic_direct,always_abstain,0.0009246417013407304,0.0106333795654184
sonnet46,raw,6.0,20260923,beta,original,0.0032362459546925564,-0.02912621359223301
sonnet46,raw,6.0,20260923,beta,penalty_prompt,1.4452612112806287,-0.48399445214979203
sonnet46,raw,6.0,20260923,beta,always_abstain,0.0036985668053629217,0.0036985668053629217
sonnet46,raw,6.0,20260924,isotonic_direct,original,0.004160887656033287,-0.02820157189089228
sonnet46,raw,6.0,20260924,isotonic_direct,penalty_prompt,1.3700878409616275,-0.46848821081830794
sonnet46,raw,6.0,20260924,isotonic_direct,always_abstain,0.003236245954692557,0.012944983818770227
sonnet46,raw,6.0,20260924,beta,original,0.005085529357374018,-0.03698566805362922
sonnet46,raw,6.0,20260924,beta,penalty_prompt,1.3710124826629682,-0.4772723069810449
sonnet46,raw,6.0,20260924,beta,always_abstain,0.004160887656033287,0.004160887656033287
sonnet46,raw,6.0,20260925,isotonic_direct,original,-0.0009246417013407302,-0.023578363384188627
sonnet46,raw,6.0,20260925,isotonic_direct,penalty_prompt,1.4191678224687934,-0.48432732316227456
sonnet46,raw,6.0,20260925,isotonic_direct,always_abstain,0.003236245954692557,0.009708737864077669
sonnet46,raw,6.0,20260925,beta,original,0.0,-0.02912621359223301
sonnet46,raw,6.0,20260925,beta,penalty_prompt,1.420092464170134,-0.48987517337031894
sonnet46,raw,6.0,20260925,beta,always_abstain,0.004160887656033287,0.004160887656033287
sonnet46,raw,6.0,20260926,isotonic_direct,original,0.010171058714748034,-0.025427646786870085
sonnet46,raw,6.0,20260926,isotonic_direct,penalty_prompt,1.4734720295885344,-0.4790846047156727
sonnet46,raw,6.0,20260926,isotonic_direct,always_abstain,0.0004623208506703652,0.013407304669440592
sonnet46,raw,6.0,20260926,beta,original,0.015256588072122053,-0.033287101248266296
sonnet46,raw,6.0,20260926,beta,penalty_prompt,1.4785575589459083,-0.4869440591770689
sonnet46,raw,6.0,20260926,beta,always_abstain,0.005547850208044383,0.005547850208044383
sonnet46,raw,6.0,20260927,isotonic_direct,original,0.016181229773462785,-0.02588996763754045
sonnet46,raw,6.0,20260927,isotonic_direct,penalty_prompt,1.4780305131761442,-0.47400832177531216
sonnet46,raw,6.0,20260927,isotonic_direct,always_abstain,0.003236245954692557,0.012944983818770227
sonnet46,raw,6.0,20260927,beta,original,0.016181229773462785,-0.02588996763754045
sonnet46,raw,6.0,20260927,beta,penalty_prompt,1.4780305131761442,-0.47400832177531216
sonnet46,raw,6.0,20260927,beta,always_abstain,0.003236245954692557,0.012944983818770227
sonnet46,raw,6.0,20260928,isotonic_direct,original,0.0,-0.025889967637540458
sonnet46,raw,6.0,20260928,isotonic_direct,penalty_prompt,1.363874248728618,-0.4672584373555247
sonnet46,raw,6.0,20260928,isotonic_direct,always_abstain,0.0027739251040221915,0.009246417013407305
sonnet46,raw,6.0,20260928,beta,original,0.0009246417013407302,-0.03143781784558484
sonnet46,raw,6.0,20260928,beta,penalty_prompt,1.3647988904299586,-0.47280628756356907
sonnet46,raw,6.0,20260928,beta,always_abstain,0.0036985668053629217,0.0036985668053629217
sonnet46,raw,6.0,20260929,isotonic_direct,original,0.008321775312066576,-0.024040684234858993
sonnet46,raw,6.0,20260929,isotonic_direct,penalty_prompt,1.4354785020804435,-0.48536292186777635
sonnet46,raw,6.0,20260929,isotonic_direct,always_abstain,-0.0004623208506703652,0.009246417013407305
sonnet46,raw,6.0,20260929,beta,original,0.011558021266759132,-0.030513176144244106
sonnet46,raw,6.0,20260929,beta,penalty_prompt,1.438714748035136,-0.49183541377716145
sonnet46,raw,6.0,20260929,beta,always_abstain,0.0027739251040221915,0.0027739251040221915
sonnet46,raw,6.0,20260930,isotonic_direct,original,0.010171058714748035,-0.025427646786870085
sonnet46,raw,6.0,20260930,isotonic_direct,penalty_prompt,1.3848081368469718,-0.4699491447064263
sonnet46,raw,6.0,20260930,isotonic_direct,always_abstain,0.0036985668053629217,0.013407304669440592
sonnet46,raw,6.0,20260930,beta,original,0.009246417013407305,-0.036061026352288486
sonnet46,raw,6.0,20260930,beta,penalty_prompt,1.3838834951456311,-0.48058252427184467
sonnet46,raw,6.0,20260930,beta,always_abstain,0.0027739251040221915,0.0027739251040221915
sonnet46,raw,6.0,20260931,isotonic_direct,original,-0.0009246417013407306,-0.03652334720295885
sonnet46,raw,6.0,20260931,isotonic_direct,penalty_prompt,1.4122977346278318,-0.4954692556634303
sonnet46,raw,6.0,20260931,isotonic_direct,always_abstain,0.004623208506703652,0.004623208506703652
sonnet46,raw,6.0,20260931,beta,original,-0.004623208506703652,-0.04022191400832177
sonnet46,raw,6.0,20260931,beta,penalty_prompt,1.4085991678224687,-0.49916782246879327
sonnet46,raw,6.0,20260931,beta,always_abstain,0.0009246417013407304,0.0009246417013407304
sonnet46,raw,6.0,20260932,isotonic_direct,original,-0.012944983818770225,-0.032362459546925564
sonnet46,raw,6.0,20260932,isotonic_direct,penalty_prompt,1.4555154877484973,-0.4936107258437356
sonnet46,raw,6.0,20260932,isotonic_direct,always_abstain,0.005085529357374018,0.005085529357374018
sonnet46,raw,6.0,20260932,beta,original,-0.014794267221451687,-0.03421174294960702
sonnet46,raw,6.0,20260932,beta,penalty_prompt,1.453666204345816,-0.49546000924641703
sonnet46,raw,6.0,20260932,beta,always_abstain,0.003236245954692557,0.003236245954692557
sonnet46,raw,6.0,20260933,isotonic_direct,original,0.00878409616273694,-0.026814609338881187
sonnet46,raw,6.0,20260933,isotonic_direct,penalty_prompt,1.4408876560332873,-0.48979195561719835
sonnet46,raw,6.0,20260933,isotonic_direct,always_abstain,-0.003236245954692557,0.009708737864077669
sonnet46,raw,6.0,20260933,beta,original,0.011095700416088766,-0.027739251040221916
sonnet46,raw,6.0,20260933,beta,penalty_prompt,1.4431992602866393,-0.49071659731853906
sonnet46,raw,6.0,20260933,beta,always_abstain,-0.0009246417013407304,0.00878409616273694
sonnet46,raw,6.0,20260934,isotonic_direct,original,0.0,0.0
sonnet46,raw,6.0,20260934,isotonic_direct,penalty_prompt,1.3608506703652337,-0.44245030050855294
sonnet46,raw,6.0,20260934,isotonic_direct,always_abstain,-0.019417475728155338,0.042071197411003236
sonnet46,raw,6.0,20260934,beta,original,0.022653721682847894,-0.038834951456310676
sonnet46,raw,6.0,20260934,beta,penalty_prompt,1.3835043920480816,-0.4812852519648636
sonnet46,raw,6.0,20260934,beta,always_abstain,0.003236245954692557,0.003236245954692557
sonnet46,raw,6.0,20260935,isotonic_direct,original,0.008321775312066574,-0.02404068423485899
sonnet46,raw,6.0,20260935,isotonic_direct,penalty_prompt,1.358113730929265,-0.4763199260286639
sonnet46,raw,6.0,20260935,isotonic_direct,always_abstain,0.0004623208506703652,0.013407304669440592
sonnet46,raw,6.0,20260935,beta,original,0.011095700416088766,-0.03421174294960702
sonnet46,raw,6.0,20260935,beta,penalty_prompt,1.3608876560332872,-0.4864909847434119
sonnet46,raw,6.0,20260935,beta,always_abstain,0.003236245954692557,0.003236245954692557
sonnet46,raw,6.0,20260936,isotonic_direct,original,-0.008321775312066574,-0.027739251040221916
sonnet46,raw,6.0,20260936,isotonic_direct,penalty_prompt,1.3970966250577903,-0.47779010633379565
sonnet46,raw,6.0,20260936,isotonic_direct,always_abstain,0.004623208506703652,0.014331946370781322
sonnet46,raw,6.0,20260936,beta,original,-0.009246417013407306,-0.038372630605640314
sonnet46,raw,6.0,20260936,beta,penalty_prompt,1.3961719833564494,-0.4884234858992141
sonnet46,raw,6.0,20260936,beta,always_abstain,0.0036985668053629217,0.0036985668053629217
sonnet46,raw,6.0,20260937,isotonic_direct,original,0.0,0.0
sonnet46,raw,6.0,20260937,isotonic_direct,penalty_prompt,1.3713268608414237,-0.45294498381877013
sonnet46,raw,6.0,20260937,isotonic_direct,always_abstain,-0.030975496994914472,0.03374942209893666
sonnet46,raw,6.0,20260937,beta,original,0.019879796578825708,-0.01248266296809986
sonnet46,raw,6.0,20260937,beta,penalty_prompt,1.3912066574202495,-0.46542764678687
sonnet46,raw,6.0,20260937,beta,always_abstain,-0.011095700416088766,0.0212667591308368
sonnet46,raw,6.0,20260938,isotonic_direct,original,0.006010171058714748,-0.032824780397595926
sonnet46,raw,6.0,20260938,isotonic_direct,penalty_prompt,1.386879334257975,-0.48354137771613503
sonnet46,raw,6.0,20260938,isotonic_direct,always_abstain,0.003236245954692557,0.003236245954692557
sonnet46,raw,6.0,20260938,beta,original,0.005085529357374018,-0.03374942209893666
sonnet46,raw,6.0,20260938,beta,penalty_prompt,1.3859546925566342,-0.4844660194174758
sonnet46,raw,6.0,20260938,beta,always_abstain,0.002311604253351826,0.002311604253351826
sonnet46,raw,6.0,20260939,isotonic_direct,original,0.00878409616273694,-0.033287101248266296
sonnet46,raw,6.0,20260939,isotonic_direct,penalty_prompt,1.4157004160887654,-0.4818400369856681
sonnet46,raw,6.0,20260939,isotonic_direct,always_abstain,0.005085529357374018,0.005085529357374018
sonnet46,raw,6.0,20260939,beta,original,0.00878409616273694,-0.033287101248266296
sonnet46,raw,6.0,20260939,beta,penalty_prompt,1.4157004160887654,-0.4818400369856681
sonnet46,raw,6.0,20260939,beta,always_abstain,0.005085529357374018,0.005085529357374018
sonnet46,raw,6.0,20260940,isotonic_direct,original,0.005547850208044383,-0.036523347202958856
sonnet46,raw,6.0,20260940,isotonic_direct,penalty_prompt,1.351169671752196,-0.4824872861766065
sonnet46,raw,6.0,20260940,isotonic_direct,always_abstain,0.005085529357374018,0.005085529357374018
sonnet46,raw,6.0,20260940,beta,original,0.003236245954692557,-0.03883495145631068
sonnet46,raw,6.0,20260940,beta,penalty_prompt,1.3488580674988442,-0.48479889042995833
sonnet46,raw,6.0,20260940,beta,always_abstain,0.0027739251040221915,0.0027739251040221915
sonnet46,raw,6.0,20260941,isotonic_direct,original,0.009708737864077669,-0.03883495145631068
sonnet46,raw,6.0,20260941,isotonic_direct,penalty_prompt,1.405150254276468,-0.5050115580212668
sonnet46,raw,6.0,20260941,isotonic_direct,always_abstain,0.005547850208044383,0.005547850208044383
sonnet46,raw,6.0,20260941,beta,original,0.009708737864077669,-0.03883495145631068
sonnet46,raw,6.0,20260941,beta,penalty_prompt,1.405150254276468,-0.5050115580212668
sonnet46,raw,6.0,20260941,beta,always_abstain,0.005547850208044383,0.005547850208044383
sonnet46,raw,6.0,20260942,isotonic_direct,original,0.010171058714748035,-0.025427646786870088
sonnet46,raw,6.0,20260942,isotonic_direct,penalty_prompt,1.4630420711974113,-0.47941747572815535
sonnet46,raw,6.0,20260942,isotonic_direct,always_abstain,0.004160887656033287,0.013869625520110958
sonnet46,raw,6.0,20260942,beta,original,0.009246417013407305,-0.036061026352288486
sonnet46,raw,6.0,20260942,beta,penalty_prompt,1.4621174294960706,-0.49005085529357373
sonnet46,raw,6.0,20260942,beta,always_abstain,0.003236245954692557,0.003236245954692557
sonnet46,raw,6.0,20260943,isotonic_direct,original,0.0018492834026814608,-0.024040684234858993
sonnet46,raw,6.0,20260943,isotonic_direct,penalty_prompt,1.4204808136846974,-0.4800369856680536
sonnet46,raw,6.0,20260943,isotonic_direct,always_abstain,0.0004623208506703652,0.016643550624133148
sonnet46,raw,6.0,20260943,beta,original,0.005085529357374018,-0.03698566805362922
sonnet46,raw,6.0,20260943,beta,penalty_prompt,1.4237170596393898,-0.4929819694868238
sonnet46,raw,6.0,20260943,beta,always_abstain,0.0036985668053629217,0.0036985668053629217
sonnet46,raw,6.0,20260944,isotonic_direct,original,-0.006472491909385114,-0.02588996763754045
sonnet46,raw,6.0,20260944,isotonic_direct,penalty_prompt,1.4773832639852058,-0.4897364771151179
sonnet46,raw,6.0,20260944,isotonic_direct,always_abstain,0.0013869625520110957,0.011095700416088766
sonnet46,raw,6.0,20260944,beta,original,-0.006934812760055479,-0.036061026352288486
sonnet46,raw,6.0,20260944,beta,penalty_prompt,1.4769209431345354,-0.49990753582986597
sonnet46,raw,6.0,20260944,beta,always_abstain,0.0009246417013407304,0.0009246417013407304
sonnet46,raw,6.0,20260945,isotonic_direct,original,-0.0004623208506703653,-0.03282478039759593
sonnet46,raw,6.0,20260945,isotonic_direct,penalty_prompt,1.3611003236245955,-0.48478964401294494
sonnet46,raw,6.0,20260945,isotonic_direct,always_abstain,0.0036985668053629217,0.0036985668053629217
sonnet46,raw,6.0,20260945,beta,original,-0.0004623208506703653,-0.03282478039759593
sonnet46,raw,6.0,20260945,beta,penalty_prompt,1.3611003236245955,-0.48478964401294494
sonnet46,raw,6.0,20260945,beta,always_abstain,0.0036985668053629217,0.0036985668053629217
sonnet46,raw,6.0,20260946,isotonic_direct,original,0.008321775312066574,-0.02404068423485899
sonnet46,raw,6.0,20260946,isotonic_direct,penalty_prompt,1.4121405455386038,-0.4681183541377716
sonnet46,raw,6.0,20260946,isotonic_direct,always_abstain,0.004160887656033287,0.017105871474803514
sonnet46,raw,6.0,20260946,beta,original,0.00878409616273694,-0.03652334720295885
sonnet46,raw,6.0,20260946,beta,penalty_prompt,1.4126028663892742,-0.48060101710587144
sonnet46,raw,6.0,20260946,beta,always_abstain,0.004623208506703652,0.004623208506703652
sonnet46,raw,6.0,20260947,isotonic_direct,original,0.012944983818770225,-0.032362459546925564
sonnet46,raw,6.0,20260947,isotonic_direct,penalty_prompt,1.4003513638465095,-0.4888395746648175
sonnet46,raw,6.0,20260947,isotonic_direct,always_abstain,0.0036985668053629217,0.0036985668053629217
sonnet46,raw,6.0,20260947,beta,original,0.012944983818770225,-0.032362459546925564
sonnet46,raw,6.0,20260947,beta,penalty_prompt,1.4003513638465095,-0.4888395746648175
sonnet46,raw,6.0,20260947,beta,always_abstain,0.0036985668053629217,0.0036985668053629217
sonnet46,raw,6.0,20260948,isotonic_direct,original,0.007397133610725843,-0.0346740638002774
sonnet46,raw,6.0,20260948,isotonic_direct,penalty_prompt,1.4006842348589923,-0.48876560332871016
sonnet46,raw,6.0,20260948,isotonic_direct,always_abstain,0.005547850208044383,0.005547850208044383
sonnet46,raw,6.0,20260948,beta,original,0.005085529357374018,-0.03698566805362922
sonnet46,raw,6.0,20260948,beta,penalty_prompt,1.3983726306056405,-0.49107720758206197
sonnet46,raw,6.0,20260948,beta,always_abstain,0.003236245954692557,0.003236245954692557
sonnet46,raw,6.0,20260949,isotonic_direct,original,0.007397133610725844,-0.02496532593619972
sonnet46,raw,6.0,20260949,isotonic_direct,penalty_prompt,1.47166897827092,-0.4836708275543226
sonnet46,raw,6.0,20260949,isotonic_direct,always_abstain,0.0013869625520110957,0.011095700416088766
sonnet46,raw,6.0,20260949,beta,original,0.009708737864077669,-0.032362459546925564
sonnet46,raw,6.0,20260949,beta,penalty_prompt,1.4739805825242718,-0.49106796116504847
sonnet46,raw,6.0,20260949,beta,always_abstain,0.0036985668053629217,0.0036985668053629217
sonnet46,raw,6.0,20260950,isotonic_direct,original,0.0,0.0
sonnet46,raw,6.0,20260950,isotonic_direct,penalty_prompt,1.3947018030513176,-0.44471567267683776
sonnet46,raw,6.0,20260950,isotonic_direct,always_abstain,-0.01571890892279242,0.04576976421636616
sonnet46,raw,6.0,20260950,beta,original,0.01941747572815534,-0.042071197411003236
sonnet46,raw,6.0,20260950,beta,penalty_prompt,1.414119278779473,-0.486786870087841
sonnet46,raw,6.0,20260950,beta,always_abstain,0.0036985668053629217,0.0036985668053629217
sonnet46,raw,6.0,20260951,isotonic_direct,original,0.014331946370781322,-0.04068423485899214
sonnet46,raw,6.0,20260951,isotonic_direct,penalty_prompt,1.4106518723994452,-0.4989921405455386
sonnet46,raw,6.0,20260951,isotonic_direct,always_abstain,0.005085529357374018,0.005085529357374018
sonnet46,raw,6.0,20260951,beta,original,0.012482662968099861,-0.0425335182616736
sonnet46,raw,6.0,20260951,beta,penalty_prompt,1.408802588996764,-0.5008414239482201
sonnet46,raw,6.0,20260951,beta,always_abstain,0.003236245954692557,0.003236245954692557
sonnet46,raw,6.0,20260952,isotonic_direct,original,0.0013869625520110955,-0.03421174294960703
sonnet46,raw,6.0,20260952,isotonic_direct,penalty_prompt,1.4620711974110032,-0.49061488673139164
sonnet46,raw,6.0,20260952,isotonic_direct,always_abstain,0.0036985668053629217,0.0036985668053629217
sonnet46,raw,6.0,20260952,beta,original,0.0004623208506703653,-0.03513638465094776
sonnet46,raw,6.0,20260952,beta,penalty_prompt,1.4611465557096626,-0.49153952843273235
sonnet46,raw,6.0,20260952,beta,always_abstain,0.0027739251040221915,0.0027739251040221915
sonnet46,raw,6.0,20260953,isotonic_direct,original,-0.005085529357374017,-0.03421174294960703
sonnet46,raw,6.0,20260953,isotonic_direct,penalty_prompt,1.3888488210818308,-0.48066574202496526
sonnet46,raw,6.0,20260953,isotonic_direct,always_abstain,0.005547850208044383,0.005547850208044383
sonnet46,raw,6.0,20260953,beta,original,-0.007397133610725843,-0.03652334720295885
sonnet46,raw,6.0,20260953,beta,penalty_prompt,1.386537216828479,-0.48297734627831707
sonnet46,raw,6.0,20260953,beta,always_abstain,0.003236245954692557,0.003236245954692557
sonnet46,raw,6.0,20260954,isotonic_direct,original,-0.0004623208506703653,-0.023116042533518264
sonnet46,raw,6.0,20260954,isotonic_direct,penalty_prompt,1.458002773925104,-0.4831622746185853
sonnet46,raw,6.0,20260954,isotonic_direct,always_abstain,0.0018492834026814608,0.014794267221451687
sonnet46,raw,6.0,20260954,beta,original,0.0009246417013407306,-0.03467406380027739
sonnet46,raw,6.0,20260954,beta,penalty_prompt,1.4593897364771151,-0.4947202958853444
sonnet46,raw,6.0,20260954,beta,always_abstain,0.003236245954692557,0.003236245954692557
sonnet46,raw,6.0,20260955,isotonic_direct,original,0.00878409616273694,-0.026814609338881183
sonnet46,raw,6.0,20260955,isotonic_direct,penalty_prompt,1.4384188626907073,-0.4813869625520112
sonnet46,raw,6.0,20260955,isotonic_direct,always_abstain,-0.003236245954692557,0.012944983818770227
sonnet46,raw,6.0,20260955,beta,original,0.014794267221451688,-0.03698566805362922
sonnet46,raw,6.0,20260955,beta,penalty_prompt,1.444429033749422,-0.49155802126675924
sonnet46,raw,6.0,20260955,beta,always_abstain,0.0027739251040221915,0.0027739251040221915
sonnet46,raw,6.0,20260956,isotonic_direct,original,-0.0004623208506703653,-0.032824780397595926
sonnet46,raw,6.0,20260956,isotonic_direct,penalty_prompt,1.4600369856680537,-0.4824872861766065
sonnet46,raw,6.0,20260956,isotonic_direct,always_abstain,0.004623208506703652,0.004623208506703652
sonnet46,raw,6.0,20260956,beta,original,-0.0036985668053629217,-0.036061026352288486
sonnet46,raw,6.0,20260956,beta,penalty_prompt,1.456800739713361,-0.4857235321312991
sonnet46,raw,6.0,20260956,beta,always_abstain,0.0013869625520110957,0.0013869625520110957
sonnet46,raw,6.0,20260957,isotonic_direct,original,0.016181229773462782,-0.03559870550161812
sonnet46,raw,6.0,20260957,isotonic_direct,penalty_prompt,1.4162367082755434,-0.4890060101710587
sonnet46,raw,6.0,20260957,isotonic_direct,always_abstain,0.004623208506703652,0.004623208506703652
sonnet46,raw,6.0,20260957,beta,original,0.018030513176144243,-0.027276930189551553
sonnet46,raw,6.0,20260957,beta,penalty_prompt,1.4180859916782247,-0.48068423485899214
sonnet46,raw,6.0,20260957,beta,always_abstain,0.006472491909385114,0.012944983818770227
sonnet46,raw,6.0,20260958,isotonic_direct,original,-0.0046232085067036514,-0.03374942209893666
sonnet46,raw,6.0,20260958,isotonic_direct,penalty_prompt,1.4311419325011556,-0.49617198335644935
sonnet46,raw,6.0,20260958,isotonic_direct,always_abstain,0.005085529357374018,0.005085529357374018
sonnet46,raw,6.0,20260958,beta,original,-0.006472491909385113,-0.035598705501618116
sonnet46,raw,6.0,20260958,beta,penalty_prompt,1.4292926490984743,-0.4980212667591308
sonnet46,raw,6.0,20260958,beta,always_abstain,0.003236245954692557,0.003236245954692557
sonnet46,raw,6.0,20260959,isotonic_direct,original,0.0036985668053629225,-0.018955154877484972
sonnet46,raw,6.0,20260959,isotonic_direct,penalty_prompt,1.4089320388349516,-0.4733980582524272
sonnet46,raw,6.0,20260959,isotonic_direct,always_abstain,-0.009246417013407305,0.019879796578825704
sonnet46,raw,6.0,20260959,beta,original,0.015256588072122053,-0.03652334720295885
sonnet46,raw,6.0,20260959,beta,penalty_prompt,1.4204900601017105,-0.4909662505779011
sonnet46,raw,6.0,20260959,beta,always_abstain,0.002311604253351826,0.002311604253351826
sonnet46,raw,6.0,20260960,isotonic_direct,original,0.013407304669440592,-0.025427646786870085
sonnet46,raw,6.0,20260960,isotonic_direct,penalty_prompt,1.3767637540453075,-0.4642718446601942
sonnet46,raw,6.0,20260960,isotonic_direct,always_abstain,0.0004623208506703652,0.013407304669440592
sonnet46,raw,6.0,20260960,beta,original,0.017105871474803514,-0.03467406380027739
sonnet46,raw,6.0,20260960,beta,penalty_prompt,1.3804623208506703,-0.4735182616736015
sonnet46,raw,6.0,20260960,beta,always_abstain,0.004160887656033287,0.004160887656033287
sonnet46,raw,6.0,20260961,isotonic_direct,original,0.00878409616273694,-0.026814609338881187
sonnet46,raw,6.0,20260961,isotonic_direct,penalty_prompt,1.4476560332871011,-0.48716597318539073
sonnet46,raw,6.0,20260961,isotonic_direct,always_abstain,0.0018492834026814608,0.014794267221451687
sonnet46,raw,6.0,20260961,beta,original,0.012020342117429497,-0.036523347202958856
sonnet46,raw,6.0,20260961,beta,penalty_prompt,1.4508922792417935,-0.4968747110494684
sonnet46,raw,6.0,20260961,beta,always_abstain,0.005085529357374018,0.005085529357374018
sonnet46,raw,6.0,20260962,isotonic_direct,original,0.012944983818770227,-0.022653721682847898
sonnet46,raw,6.0,20260962,isotonic_direct,penalty_prompt,1.420656495607952,-0.4767545076282939
sonnet46,raw,6.0,20260962,isotonic_direct,always_abstain,-0.0013869625520110957,0.01155802126675913
sonnet46,raw,6.0,20260962,beta,original,0.012944983818770227,-0.022653721682847898
sonnet46,raw,6.0,20260962,beta,penalty_prompt,1.420656495607952,-0.4767545076282939
sonnet46,raw,6.0,20260962,beta,always_abstain,-0.0013869625520110957,0.01155802126675913
sonnet46,raw,6.0,20260963,isotonic_direct,original,0.015718908922792416,-0.02311604253351826
sonnet46,raw,6.0,20260963,isotonic_direct,penalty_prompt,1.4301618122977344,-0.4793527508090615
sonnet46,raw,6.0,20260963,isotonic_direct,always_abstain,-0.0004623208506703652,0.012482662968099861
sonnet46,raw,6.0,20260963,beta,original,0.015718908922792416,-0.02311604253351826
sonnet46,raw,6.0,20260963,beta,penalty_prompt,1.4301618122977344,-0.4793527508090615
sonnet46,raw,6.0,20260963,beta,always_abstain,-0.0004623208506703652,0.012482662968099861
sonnet46,raw,6.0,20260964,isotonic_direct,original,0.011095700416088766,-0.03744798890429959
sonnet46,raw,6.0,20260964,isotonic_direct,penalty_prompt,1.4294220989366622,-0.48475265834489134
sonnet46,raw,6.0,20260964,isotonic_direct,always_abstain,0.004160887656033287,0.004160887656033287
sonnet46,raw,6.0,20260964,beta,original,0.011095700416088766,-0.03744798890429959
sonnet46,raw,6.0,20260964,beta,penalty_prompt,1.4294220989366622,-0.48475265834489134
sonnet46,raw,6.0,20260964,beta,always_abstain,0.004160887656033287,0.004160887656033287
sonnet46,raw,6.0,20260965,isotonic_direct,original,0.015256588072122055,-0.026814609338881183
sonnet46,raw,6.0,20260965,isotonic_direct,penalty_prompt,1.393869625520111,-0.48302357836338417
sonnet46,raw,6.0,20260965,isotonic_direct,always_abstain,-0.0004623208506703652,0.012482662968099861
sonnet46,raw,6.0,20260965,beta,original,0.018030513176144247,-0.03698566805362922
sonnet46,raw,6.0,20260965,beta,penalty_prompt,1.3966435506241333,-0.4931946370781322
sonnet46,raw,6.0,20260965,beta,always_abstain,0.002311604253351826,0.002311604253351826
sonnet46,raw,6.0,20260966,isotonic_direct,original,0.004623208506703653,-0.02450300508552936
sonnet46,raw,6.0,20260966,isotonic_direct,penalty_prompt,1.4794452149791955,-0.4930466944059177
sonnet46,raw,6.0,20260966,isotonic_direct,always_abstain,-0.004160887656033287,0.012020342117429497
sonnet46,raw,6.0,20260966,beta,original,0.006934812760055479,-0.025427646786870088
sonnet46,raw,6.0,20260966,beta,penalty_prompt,1.4817568192325472,-0.4939713361072584
sonnet46,raw,6.0,20260966,beta,always_abstain,-0.0018492834026814608,0.011095700416088766
sonnet46,raw,6.0,20260967,isotonic_direct,original,0.0,-0.032362459546925564
sonnet46,raw,6.0,20260967,isotonic_direct,penalty_prompt,1.4276560332871013,-0.4891724456773
sonnet46,raw,6.0,20260967,isotonic_direct,always_abstain,0.003236245954692557,0.003236245954692557
sonnet46,raw,6.0,20260967,beta,original,-0.0009246417013407306,-0.033287101248266296
sonnet46,raw,6.0,20260967,beta,penalty_prompt,1.4267313915857605,-0.49009708737864077
sonnet46,raw,6.0,20260967,beta,always_abstain,0.002311604253351826,0.002311604253351826
sonnet46,raw,6.0,20260968,isotonic_direct,original,0.006934812760055479,-0.038372630605640314
sonnet46,raw,6.0,20260968,isotonic_direct,penalty_prompt,1.3858899676375405,-0.4900970873786407
sonnet46,raw,6.0,20260968,isotonic_direct,always_abstain,0.003236245954692557,0.003236245954692557
sonnet46,raw,6.0,20260968,beta,original,0.005547850208044382,-0.039759593157651416
sonnet46,raw,6.0,20260968,beta,penalty_prompt,1.3845030050855294,-0.4914840499306518
sonnet46,raw,6.0,20260968,beta,always_abstain,0.0018492834026814608,0.0018492834026814608
sonnet46,raw,6.0,20260969,isotonic_direct,original,0.012020342117429495,-0.026814609338881183
sonnet46,raw,6.0,20260969,isotonic_direct,penalty_prompt,1.4625057790106333,-0.4793065187239943
sonnet46,raw,6.0,20260969,isotonic_direct,always_abstain,-0.0027739251040221915,0.010171058714748035
sonnet46,raw,6.0,20260969,beta,original,0.014331946370781322,-0.027739251040221916
sonnet46,raw,6.0,20260969,beta,penalty_prompt,1.464817383263985,-0.4802311604253351
sonnet46,raw,6.0,20260969,beta,always_abstain,-0.0004623208506703652,0.009246417013407305
sonnet46,raw,6.0,20260970,isotonic_direct,original,0.007859454461396208,-0.024503005085529356
sonnet46,raw,6.0,20260970,isotonic_direct,penalty_prompt,1.3986777623670825,-0.4810633379565418
sonnet46,raw,6.0,20260970,isotonic_direct,always_abstain,0.004160887656033287,0.013869625520110958
sonnet46,raw,6.0,20260970,beta,original,0.006934812760055479,-0.035136384650947754
sonnet46,raw,6.0,20260970,beta,penalty_prompt,1.3977531206657419,-0.4916967175219602
sonnet46,raw,6.0,20260970,beta,always_abstain,0.003236245954692557,0.003236245954692557
sonnet46,raw,6.0,20260971,isotonic_direct,original,0.00785945446139621,-0.02450300508552936
sonnet46,raw,6.0,20260971,isotonic_direct,penalty_prompt,1.371188164586223,-0.47664355062413316
sonnet46,raw,6.0,20260971,isotonic_direct,always_abstain,0.0018492834026814608,0.014794267221451687
sonnet46,raw,6.0,20260971,beta,original,0.011095700416088766,-0.03421174294960703
sonnet46,raw,6.0,20260971,beta,penalty_prompt,1.3744244105409154,-0.4863522884882108
sonnet46,raw,6.0,20260971,beta,always_abstain,0.005085529357374018,0.005085529357374018
sonnet46,raw,6.0,20260972,isotonic_direct,original,0.0,0.0
sonnet46,raw,6.0,20260972,isotonic_direct,penalty_prompt,1.4688765603328708,-0.4699583911234397
sonnet46,raw,6.0,20260972,isotonic_direct,always_abstain,-0.01849283402681461,0.036523347202958856
sonnet46,raw,6.0,20260972,beta,original,0.019879796578825704,-0.025427646786870088
sonnet46,raw,6.0,20260972,beta,penalty_prompt,1.4887563569116966,-0.4953860379103098
sonnet46,raw,6.0,20260972,beta,always_abstain,0.0013869625520110957,0.011095700416088766
sonnet46,raw,6.0,20260973,isotonic_direct,original,-0.006010171058714748,-0.0319001386962552
sonnet46,raw,6.0,20260973,isotonic_direct,penalty_prompt,1.3849653259361998,-0.4721867776236709
sonnet46,raw,6.0,20260973,isotonic_direct,always_abstain,0.0009246417013407304,0.013869625520110958
sonnet46,raw,6.0,20260973,beta,original,-0.004160887656033287,-0.04299583911234397
sonnet46,raw,6.0,20260973,beta,penalty_prompt,1.3868146093388813,-0.48328247803975966
sonnet46,raw,6.0,20260973,beta,always_abstain,0.0027739251040221915,0.0027739251040221915
sonnet46,raw,6.0,20260974,isotonic_direct,original,0.006010171058714748,-0.03606102635228849
sonnet46,raw,6.0,20260974,isotonic_direct,penalty_prompt,1.4758206195099397,-0.5078039759593157
sonnet46,raw,6.0,20260974,isotonic_direct,always_abstain,0.004160887656033287,0.004160887656033287
sonnet46,raw,6.0,20260974,beta,original,0.00785945446139621,-0.02450300508552936
sonnet46,raw,6.0,20260974,beta,penalty_prompt,1.4776699029126212,-0.49624595469255656
sonnet46,raw,6.0,20260974,beta,always_abstain,0.006010171058714748,0.01571890892279242
sonnet46,raw,6.0,20260975,isotonic_direct,original,-0.004623208506703653,-0.02404068423485899
sonnet46,raw,6.0,20260975,isotonic_direct,penalty_prompt,1.5195376791493296,-0.491077207582062
sonnet46,raw,6.0,20260975,isotonic_direct,always_abstain,0.002311604253351826,0.012020342117429497
sonnet46,raw,6.0,20260975,beta,original,-0.004160887656033287,-0.033287101248266296
sonnet46,raw,6.0,20260975,beta,penalty_prompt,1.52,-0.5003236245954693
sonnet46,raw,6.0,20260975,beta,always_abstain,0.0027739251040221915,0.0027739251040221915
sonnet46,raw,6.0,20260976,isotonic_direct,original,0.005085529357374018,-0.03698566805362922
sonnet46,raw,6.0,20260976,isotonic_direct,penalty_prompt,1.4367914932963475,-0.4883865002311605
sonnet46,raw,6.0,20260976,isotonic_direct,always_abstain,0.0036985668053629217,0.0036985668053629217
sonnet46,raw,6.0,20260976,beta,original,0.008784096162736938,-0.026814609338881183
sonnet46,raw,6.0,20260976,beta,penalty_prompt,1.4404900601017105,-0.47821544151641243
sonnet46,raw,6.0,20260976,beta,always_abstain,0.007397133610725843,0.013869625520110958
sonnet46,raw,6.0,20260977,isotonic_direct,original,0.010633379565418401,-0.02820157189089228
sonnet46,raw,6.0,20260977,isotonic_direct,penalty_prompt,1.395302820157189,-0.47408229311141936
sonnet46,raw,6.0,20260977,isotonic_direct,always_abstain,-0.0013869625520110957,0.01155802126675913
sonnet46,raw,6.0,20260977,beta,original,0.015256588072122053,-0.03652334720295885
sonnet46,raw,6.0,20260977,beta,penalty_prompt,1.3999260286638928,-0.48240406842348593
sonnet46,raw,6.0,20260977,beta,always_abstain,0.003236245954692557,0.003236245954692557
sonnet46,raw,6.0,20260978,isotonic_direct,original,-0.007859454461396208,-0.024040684234858993
sonnet46,raw,6.0,20260978,isotonic_direct,penalty_prompt,1.3569394359685623,-0.47522884882108185
sonnet46,raw,6.0,20260978,isotonic_direct,always_abstain,0.0027739251040221915,0.012482662968099861
sonnet46,raw,6.0,20260978,beta,original,-0.008321775312066574,-0.03421174294960703
sonnet46,raw,6.0,20260978,beta,penalty_prompt,1.3564771151178918,-0.4853999075358299
sonnet46,raw,6.0,20260978,beta,always_abstain,0.002311604253351826,0.002311604253351826
sonnet46,raw,6.0,20260979,isotonic_direct,original,0.007859454461396208,-0.03421174294960703
sonnet46,raw,6.0,20260979,isotonic_direct,penalty_prompt,1.3209523809523809,-0.47678224687933424
sonnet46,raw,6.0,20260979,isotonic_direct,always_abstain,0.004160887656033287,0.004160887656033287
sonnet46,raw,6.0,20260979,beta,original,0.007859454461396208,-0.03421174294960703
sonnet46,raw,6.0,20260979,beta,penalty_prompt,1.3209523809523809,-0.47678224687933424
sonnet46,raw,6.0,20260979,beta,always_abstain,0.004160887656033287,0.004160887656033287
sonnet46,raw,6.0,20260980,isotonic_direct,original,0.0018492834026814608,-0.02404068423485899
sonnet46,raw,6.0,20260980,isotonic_direct,penalty_prompt,1.3803051317614423,-0.48008321775312074
sonnet46,raw,6.0,20260980,isotonic_direct,always_abstain,0.0036985668053629217,0.013407304669440592
sonnet46,raw,6.0,20260980,beta,original,0.0009246417013407306,-0.03467406380027739
sonnet46,raw,6.0,20260980,beta,penalty_prompt,1.3793804900601017,-0.4907165973185391
sonnet46,raw,6.0,20260980,beta,always_abstain,0.0027739251040221915,0.0027739251040221915
sonnet46,raw,6.0,20260981,isotonic_direct,original,0.0,-0.032362459546925564
sonnet46,raw,6.0,20260981,isotonic_direct,penalty_prompt,1.4429403606102633,-0.4950531668978271
sonnet46,raw,6.0,20260981,isotonic_direct,always_abstain,0.0036985668053629217,0.0036985668053629217
sonnet46,raw,6.0,20260981,beta,original,-0.0009246417013407302,-0.033287101248266296
sonnet46,raw,6.0,20260981,beta,penalty_prompt,1.4420157189089227,-0.4959778085991678
sonnet46,raw,6.0,20260981,beta,always_abstain,0.0027739251040221915,0.0027739251040221915
sonnet46,raw,6.0,20260982,isotonic_direct,original,0.0009246417013407306,-0.0346740638002774
sonnet46,raw,6.0,20260982,isotonic_direct,penalty_prompt,1.3689875173370318,-0.48978270920018485
sonnet46,raw,6.0,20260982,isotonic_direct,always_abstain,0.005547850208044383,0.005547850208044383
sonnet46,raw,6.0,20260982,beta,original,-0.0009246417013407306,-0.036523347202958856
sonnet46,raw,6.0,20260982,beta,penalty_prompt,1.3671382339343503,-0.49163199260286633
sonnet46,raw,6.0,20260982,beta,always_abstain,0.0036985668053629217,0.0036985668053629217
sonnet46,raw,6.0,20260983,isotonic_direct,original,0.006010171058714748,-0.02635228848821082
sonnet46,raw,6.0,20260983,isotonic_direct,penalty_prompt,1.430513176144244,-0.48061950993989827
sonnet46,raw,6.0,20260983,isotonic_direct,always_abstain,0.004160887656033287,0.0106333795654184
sonnet46,raw,6.0,20260983,beta,original,0.006010171058714748,-0.03282478039759593
sonnet46,raw,6.0,20260983,beta,penalty_prompt,1.430513176144244,-0.48709200184928336
sonnet46,raw,6.0,20260983,beta,always_abstain,0.004160887656033287,0.004160887656033287
sonnet46,raw,6.0,20260984,isotonic_direct,original,0.011095700416088766,-0.03744798890429958
sonnet46,raw,6.0,20260984,isotonic_direct,penalty_prompt,1.3714470642625984,-0.4754137771613501
sonnet46,raw,6.0,20260984,isotonic_direct,always_abstain,0.005085529357374018,0.005085529357374018
sonnet46,raw,6.0,20260984,beta,original,0.009246417013407305,-0.03929727230698104
sonnet46,raw,6.0,20260984,beta,penalty_prompt,1.3695977808599171,-0.4772630605640315
sonnet46,raw,6.0,20260984,beta,always_abstain,0.003236245954692557,0.003236245954692557
sonnet46,raw,6.0,20260985,isotonic_direct,original,0.005085529357374018,-0.024040684234858993
sonnet46,raw,6.0,20260985,isotonic_direct,penalty_prompt,1.477660656495608,-0.4868053629218678
sonnet46,raw,6.0,20260985,isotonic_direct,always_abstain,0.0009246417013407304,0.0106333795654184
sonnet46,raw,6.0,20260985,beta,original,0.007859454461396208,-0.03097549699491447
sonnet46,raw,6.0,20260985,beta,penalty_prompt,1.4804345815996303,-0.4937401756819233
sonnet46,raw,6.0,20260985,beta,always_abstain,0.0036985668053629217,0.0036985668053629217
sonnet46,raw,6.0,20260986,isotonic_direct,original,0.0004623208506703653,-0.025427646786870085
sonnet46,raw,6.0,20260986,isotonic_direct,penalty_prompt,1.4457235321312991,-0.4880628756356911
sonnet46,raw,6.0,20260986,isotonic_direct,always_abstain,-0.0027739251040221915,0.013407304669440592
sonnet46,raw,6.0,20260986,beta,original,0.0004623208506703653,-0.025427646786870085
sonnet46,raw,6.0,20260986,beta,penalty_prompt,1.4457235321312991,-0.4880628756356911
sonnet46,raw,6.0,20260986,beta,always_abstain,-0.0027739251040221915,0.013407304669440592
sonnet46,raw,6.0,20260987,isotonic_direct,original,0.010171058714748035,-0.035136384650947754
sonnet46,raw,6.0,20260987,isotonic_direct,penalty_prompt,1.3683680073971336,-0.48587147480351367
sonnet46,raw,6.0,20260987,isotonic_direct,always_abstain,0.004623208506703652,0.004623208506703652
sonnet46,raw,6.0,20260987,beta,original,0.009246417013407305,-0.036061026352288486
sonnet46,raw,6.0,20260987,beta,penalty_prompt,1.3674433656957927,-0.48679611650485444
sonnet46,raw,6.0,20260987,beta,always_abstain,0.0036985668053629217,0.0036985668053629217
sonnet46,raw,6.0,20260988,isotonic_direct,original,0.013869625520110956,-0.02820157189089228
sonnet46,raw,6.0,20260988,isotonic_direct,penalty_prompt,1.4947757743874248,-0.48315302820157185
sonnet46,raw,6.0,20260988,isotonic_direct,always_abstain,0.004160887656033287,0.013869625520110958
sonnet46,raw,6.0,20260988,beta,original,0.013869625520110956,-0.02820157189089228
sonnet46,raw,6.0,20260988,beta,penalty_prompt,1.4947757743874248,-0.48315302820157185
sonnet46,raw,6.0,20260988,beta,always_abstain,0.004160887656033287,0.013869625520110958
sonnet46,raw,6.0,20260989,isotonic_direct,original,0.013407304669440592,-0.0319001386962552
sonnet46,raw,6.0,20260989,isotonic_direct,penalty_prompt,1.3716412390198798,-0.4826629680998613
sonnet46,raw,6.0,20260989,isotonic_direct,always_abstain,0.0009246417013407304,0.013869625520110958
sonnet46,raw,6.0,20260989,beta,original,0.014794267221451687,-0.04345815996301433
sonnet46,raw,6.0,20260989,beta,penalty_prompt,1.3730282015718909,-0.49422098936662046
sonnet46,raw,6.0,20260989,beta,always_abstain,0.002311604253351826,0.002311604253351826
sonnet46,raw,6.0,20260990,isotonic_direct,original,0.006010171058714748,-0.02635228848821082
sonnet46,raw,6.0,20260990,isotonic_direct,penalty_prompt,1.3109385113268608,-0.4699029126213593
sonnet46,raw,6.0,20260990,isotonic_direct,always_abstain,0.0009246417013407304,0.0106333795654184
sonnet46,raw,6.0,20260990,beta,original,0.007397133610725843,-0.03467406380027739
sonnet46,raw,6.0,20260990,beta,penalty_prompt,1.3123254738788719,-0.4782246879334259
sonnet46,raw,6.0,20260990,beta,always_abstain,0.002311604253351826,0.002311604253351826
sonnet46,raw,6.0,20260991,isotonic_direct,original,-0.00785945446139621,-0.020804438280166437
sonnet46,raw,6.0,20260991,isotonic_direct,penalty_prompt,1.3759038372630605,-0.4791123439667129
sonnet46,raw,6.0,20260991,isotonic_direct,always_abstain,0.005085529357374018,0.014794267221451687
sonnet46,raw,6.0,20260991,beta,original,-0.008321775312066574,-0.030975496994914472
sonnet46,raw,6.0,20260991,beta,penalty_prompt,1.3754415164123903,-0.48928340268146087
sonnet46,raw,6.0,20260991,beta,always_abstain,0.004623208506703652,0.004623208506703652
sonnet46,raw,6.0,20260992,isotonic_direct,original,0.0018492834026814608,-0.02727693018955155
sonnet46,raw,6.0,20260992,isotonic_direct,penalty_prompt,1.3554692556634305,-0.47915857605177997
sonnet46,raw,6.0,20260992,isotonic_direct,always_abstain,0.0004623208506703652,0.013407304669440592
sonnet46,raw,6.0,20260992,beta,original,0.004160887656033287,-0.03791030975496995
sonnet46,raw,6.0,20260992,beta,penalty_prompt,1.3577808599167822,-0.48979195561719835
sonnet46,raw,6.0,20260992,beta,always_abstain,0.0027739251040221915,0.0027739251040221915
sonnet46,raw,6.0,20260993,isotonic_direct,original,0.012020342117429497,-0.030050855293573743
sonnet46,raw,6.0,20260993,isotonic_direct,penalty_prompt,1.410809061488673,-0.487378640776699
sonnet46,raw,6.0,20260993,isotonic_direct,always_abstain,-0.0013869625520110957,0.01155802126675913
sonnet46,raw,6.0,20260993,beta,original,0.016181229773462782,-0.03883495145631068
sonnet46,raw,6.0,20260993,beta,penalty_prompt,1.4149699491447063,-0.49616273693943597
sonnet46,raw,6.0,20260993,beta,always_abstain,0.0027739251040221915,0.0027739251040221915
sonnet46,raw,6.0,20260994,isotonic_direct,original,0.004160887656033287,-0.028201571890892282
sonnet46,raw,6.0,20260994,isotonic_direct,penalty_prompt,1.4245769764216367,-0.48319001386962546
sonnet46,raw,6.0,20260994,isotonic_direct,always_abstain,0.003236245954692557,0.009708737864077669
sonnet46,raw,6.0,20260994,beta,original,0.0036985668053629217,-0.03513638465094776
sonnet46,raw,6.0,20260994,beta,penalty_prompt,1.4241146555709663,-0.49012482662968093
sonnet46,raw,6.0,20260994,beta,always_abstain,0.0027739251040221915,0.0027739251040221915
sonnet46,raw,6.0,20260995,isotonic_direct,original,0.0023116042533518266,-0.026814609338881183
sonnet46,raw,6.0,20260995,isotonic_direct,penalty_prompt,1.3811742949607029,-0.46523347202958865
sonnet46,raw,6.0,20260995,isotonic_direct,always_abstain,-0.0036985668053629217,0.012482662968099861
sonnet46,raw,6.0,20260995,beta,original,0.005085529357374018,-0.02727693018955155
sonnet46,raw,6.0,20260995,beta,penalty_prompt,1.383948220064725,-0.46569579288025903
sonnet46,raw,6.0,20260995,beta,always_abstain,-0.0009246417013407304,0.012020342117429497
sonnet46,raw,6.0,20260996,isotonic_direct,original,0.006934812760055479,-0.0319001386962552
sonnet46,raw,6.0,20260996,isotonic_direct,penalty_prompt,1.4964308830328246,-0.48771151178918176
sonnet46,raw,6.0,20260996,isotonic_direct,always_abstain,0.0036985668053629217,0.0036985668053629217
sonnet46,raw,6.0,20260996,beta,original,0.009246417013407305,-0.02635228848821082
sonnet46,raw,6.0,20260996,beta,penalty_prompt,1.4987424872861765,-0.4821636615811374
sonnet46,raw,6.0,20260996,beta,always_abstain,0.006010171058714748,0.009246417013407305
sonnet46,raw,6.0,20260997,isotonic_direct,original,0.006934812760055479,-0.025427646786870088
sonnet46,raw,6.0,20260997,isotonic_direct,penalty_prompt,1.4048636153490524,-0.46206195099398983
sonnet46,raw,6.0,20260997,isotonic_direct,always_abstain,0.003236245954692557,0.012944983818770227
sonnet46,raw,6.0,20260997,beta,original,0.007397133610725843,-0.03467406380027739
sonnet46,raw,6.0,20260997,beta,penalty_prompt,1.4053259361997226,-0.47130836800739717
sonnet46,raw,6.0,20260997,beta,always_abstain,0.0036985668053629217,0.0036985668053629217
sonnet46,raw,6.0,20260998,isotonic_direct,original,0.0,0.0
sonnet46,raw,6.0,20260998,isotonic_direct,penalty_prompt,1.3779842810910772,-0.4466759130836801
sonnet46,raw,6.0,20260998,isotonic_direct,always_abstain,-0.013869625520110958,0.03791030975496995
sonnet46,raw,6.0,20260998,beta,original,0.01941747572815534,-0.025889967637540454
sonnet46,raw,6.0,20260998,beta,penalty_prompt,1.3974017568192325,-0.4725658807212206
sonnet46,raw,6.0,20260998,beta,always_abstain,0.005547850208044383,0.012020342117429497
sonnet46,raw,6.0,20260999,isotonic_direct,original,-0.005085529357374018,-0.024503005085529356
sonnet46,raw,6.0,20260999,isotonic_direct,penalty_prompt,1.358363384188627,-0.47917706888580675
sonnet46,raw,6.0,20260999,isotonic_direct,always_abstain,-0.0004623208506703652,0.012482662968099861
sonnet46,raw,6.0,20260999,beta,original,-0.0036985668053629217,-0.036061026352288486
sonnet46,raw,6.0,20260999,beta,penalty_prompt,1.359750346740638,-0.4907350901525659
sonnet46,raw,6.0,20260999,beta,always_abstain,0.0009246417013407304,0.0009246417013407304
sonnet46,raw,6.0,20261000,isotonic_direct,original,0.016181229773462785,-0.025889967637540454
sonnet46,raw,6.0,20261000,isotonic_direct,penalty_prompt,1.4296347665279705,-0.4806564956079519
sonnet46,raw,6.0,20261000,isotonic_direct,always_abstain,0.002311604253351826,0.012020342117429497
sonnet46,raw,6.0,20261000,beta,original,0.014331946370781322,-0.02450300508552936
sonnet46,raw,6.0,20261000,beta,penalty_prompt,1.4277854831252892,-0.4792695330559408
sonnet46,raw,6.0,20261000,beta,always_abstain,0.0004623208506703652,0.013407304669440592
sonnet46,raw,6.0,20261001,isotonic_direct,original,0.006010171058714748,-0.029588534442903373
sonnet46,raw,6.0,20261001,isotonic_direct,penalty_prompt,1.4475728155339807,-0.4930097087378641
sonnet46,raw,6.0,20261001,isotonic_direct,always_abstain,0.0013869625520110957,0.011095700416088766
sonnet46,raw,6.0,20261001,beta,original,0.006010171058714748,-0.039297272306981046
sonnet46,raw,6.0,20261001,beta,penalty_prompt,1.4475728155339807,-0.5027184466019418
sonnet46,raw,6.0,20261001,beta,always_abstain,0.0013869625520110957,0.0013869625520110957
sonnet46,raw,6.0,20261002,isotonic_direct,original,0.006010171058714748,-0.026352288488210817
sonnet46,raw,6.0,20261002,isotonic_direct,penalty_prompt,1.4116967175219604,-0.4802773925104023
sonnet46,raw,6.0,20261002,isotonic_direct,always_abstain,0.003236245954692557,0.009708737864077669
sonnet46,raw,6.0,20261002,beta,original,0.006010171058714748,-0.032824780397595926
sonnet46,raw,6.0,20261002,beta,penalty_prompt,1.4116967175219604,-0.4867498844197874
sonnet46,raw,6.0,20261002,beta,always_abstain,0.003236245954692557,0.003236245954692557
sonnet46,raw,6.0,20261003,isotonic_direct,original,-0.0004623208506703652,-0.023116042533518264
sonnet46,raw,6.0,20261003,isotonic_direct,penalty_prompt,1.4574664817383265,-0.4844105409153953
sonnet46,raw,6.0,20261003,isotonic_direct,always_abstain,-0.0009246417013407304,0.012020342117429497
sonnet46,raw,6.0,20261003,beta,original,0.004160887656033287,-0.03143781784558484
sonnet46,raw,6.0,20261003,beta,penalty_prompt,1.46208969024503,-0.4927323162274619
sonnet46,raw,6.0,20261003,beta,always_abstain,0.0036985668053629217,0.0036985668053629217
sonnet46,raw,6.0,20261004,isotonic_direct,original,0.007859454461396208,-0.030975496994914472
sonnet46,raw,6.0,20261004,isotonic_direct,penalty_prompt,1.3860471567267685,-0.49000462320850674
sonnet46,raw,6.0,20261004,isotonic_direct,always_abstain,0.0004623208506703652,0.013407304669440592
sonnet46,raw,6.0,20261004,beta,original,0.009246417013407305,-0.042533518261673606
sonnet46,raw,6.0,20261004,beta,penalty_prompt,1.3874341192787796,-0.5015626444752659
sonnet46,raw,6.0,20261004,beta,always_abstain,0.0018492834026814608,0.0018492834026814608
sonnet46,raw,6.0,20261005,isotonic_direct,original,-0.0032362459546925564,-0.03236245954692557
sonnet46,raw,6.0,20261005,isotonic_direct,penalty_prompt,1.4555987055016182,-0.4827184466019417
sonnet46,raw,6.0,20261005,isotonic_direct,always_abstain,0.004160887656033287,0.004160887656033287
sonnet46,raw,6.0,20261005,beta,original,-0.005547850208044382,-0.0346740638002774
sonnet46,raw,6.0,20261005,beta,penalty_prompt,1.4532871012482664,-0.4850300508552935
sonnet46,raw,6.0,20261005,beta,always_abstain,0.0018492834026814608,0.0018492834026814608
sonnet46,raw,6.0,20261006,isotonic_direct,original,0.0032362459546925564,-0.032362459546925564
sonnet46,raw,6.0,20261006,isotonic_direct,penalty_prompt,1.3805825242718446,-0.486537216828479
sonnet46,raw,6.0,20261006,isotonic_direct,always_abstain,0.004623208506703652,0.004623208506703652
sonnet46,raw,6.0,20261006,beta,original,0.0009246417013407304,-0.03467406380027739
sonnet46,raw,6.0,20261006,beta,penalty_prompt,1.3782709200184926,-0.48884882108183086
sonnet46,raw,6.0,20261006,beta,always_abstain,0.002311604253351826,0.002311604253351826
sonnet46,raw,6.0,20261007,isotonic_direct,original,-0.013869625520110956,-0.036523347202958856
sonnet46,raw,6.0,20261007,isotonic_direct,penalty_prompt,1.4493851132686084,-0.49669902912621366
sonnet46,raw,6.0,20261007,isotonic_direct,always_abstain,0.004160887656033287,0.004160887656033287
sonnet46,raw,6.0,20261007,beta,original,-0.018030513176144243,-0.04068423485899214
sonnet46,raw,6.0,20261007,beta,penalty_prompt,1.4452242256125751,-0.500859916782247
sonnet46,raw,6.0,20261007,beta,always_abstain,0.0,0.0
sonnet46,raw,6.0,20261008,isotonic_direct,original,0.002773925104022191,-0.03606102635228849
sonnet46,raw,6.0,20261008,isotonic_direct,penalty_prompt,1.4551363846509477,-0.5003328710124827
sonnet46,raw,6.0,20261008,isotonic_direct,always_abstain,0.004160887656033287,0.004160887656033287
sonnet46,raw,6.0,20261008,beta,original,0.0013869625520110957,-0.03744798890429959
sonnet46,raw,6.0,20261008,beta,penalty_prompt,1.4537494220989367,-0.5017198335644938
sonnet46,raw,6.0,20261008,beta,always_abstain,0.0027739251040221915,0.0027739251040221915
sonnet46,raw,6.0,20261009,isotonic_direct,original,0.009246417013407305,-0.036061026352288486
sonnet46,raw,6.0,20261009,isotonic_direct,penalty_prompt,1.4065834489135458,-0.48176606564956076
sonnet46,raw,6.0,20261009,isotonic_direct,always_abstain,0.004623208506703652,0.004623208506703652
sonnet46,raw,6.0,20261009,beta,original,0.01433194637078132,-0.027739251040221916
sonnet46,raw,6.0,20261009,beta,penalty_prompt,1.4116689782709197,-0.4734442903374942
sonnet46,raw,6.0,20261009,beta,always_abstain,0.009708737864077669,0.012944983818770227
sonnet46,raw,6.0,20261010,isotonic_direct,original,-0.004160887656033287,-0.023578363384188623
sonnet46,raw,6.0,20261010,isotonic_direct,penalty_prompt,1.4250670365233473,-0.47661581137309295
sonnet46,raw,6.0,20261010,isotonic_direct,always_abstain,0.0013869625520110957,0.011095700416088766
sonnet46,raw,6.0,20261010,beta,original,-0.003698566805362922,-0.03282478039759593
sonnet46,raw,6.0,20261010,beta,penalty_prompt,1.4255293573740178,-0.48586222838650023
sonnet46,raw,6.0,20261010,beta,always_abstain,0.0018492834026814608,0.0018492834026814608
sonnet46,raw,6.0,20261011,isotonic_direct,original,-0.001386962552011096,-0.027276930189551546
sonnet46,raw,6.0,20261011,isotonic_direct,penalty_prompt,1.462015718908923,-0.48905224225612587
sonnet46,raw,6.0,20261011,isotonic_direct,always_abstain,-0.005085529357374018,0.011095700416088766
sonnet46,raw,6.0,20261011,beta,original,0.006472491909385113,-0.03559870550161812
sonnet46,raw,6.0,20261011,beta,penalty_prompt,1.469875173370319,-0.49737401756819244
sonnet46,raw,6.0,20261011,beta,always_abstain,0.0027739251040221915,0.0027739251040221915
sonnet46,raw,6.0,20261012,isotonic_direct,original,0.011095700416088766,-0.027739251040221916
sonnet46,raw,6.0,20261012,isotonic_direct,penalty_prompt,1.432852519648636,-0.47730929264909855
sonnet46,raw,6.0,20261012,isotonic_direct,always_abstain,0.0009246417013407304,0.0106333795654184
sonnet46,raw,6.0,20261012,beta,original,0.012482662968099861,-0.036061026352288486
sonnet46,raw,6.0,20261012,beta,penalty_prompt,1.434239482200647,-0.4856310679611651
sonnet46,raw,6.0,20261012,beta,always_abstain,0.002311604253351826,0.002311604253351826
