question_id,rho,list_size,idk_mass,top_concrete_probability,truth_in_list,coverage,coverage_or_idk,incorrect
simpleqa-1442,0.1,2,0.1,0.6,True,True,True,False
simpleqa-3023,0.1,3,0.15,0.7,True,True,True,False
simpleqa-1874,0.1,3,0.15,0.7,True,True,True,False
simpleqa-3589,0.1,1,0.1,0.9,True,True,True,False
simpleqa-299,0.1,1,0.05,0.95,True,True,True,False
simpleqa-2870,0.1,3,0.1,0.6,True,True,True,False
simpleqa-583,0.1,3,0.05,0.5,True,True,True,False
simpleqa-2685,0.1,1,0.3,0.7,True,True,True,False
simpleqa-4177,0.1,4,0.1,0.4,True,True,True,False
simpleqa-3211,0.1,1,0.05,0.95,False,False,False,True
simpleqa-2218,0.1,1,0.15,0.85,True,True,True,False
simpleqa-383,0.1,1,0.05,0.95,True,True,True,False
simpleqa-3753,0.1,2,0.1,0.85,True,True,True,False
simpleqa-2076,0.1,3,0.6,0.15,False,False,True,False
simpleqa-1030,0.1,2,0.2,0.6,False,False,True,False
simpleqa-3680,0.1,1,0.05,0.95,True,True,True,False
simpleqa-3668,0.1,3,0.1,0.6,True,True,True,False
simpleqa-13,0.1,2,0.05,0.8,True,True,True,False
simpleqa-2491,0.1,2,0.1,0.85,False,False,True,False
simpleqa-3244,0.1,1,0.05,0.95,True,True,True,False
simpleqa-3550,0.1,2,0.05,0.85,False,False,False,True
simpleqa-3406,0.1,4,0.1,0.4,True,True,True,False
simpleqa-2370,0.1,5,0.9,0.02,False,False,True,False
simpleqa-252,0.1,4,0.2,0.3,True,True,True,False
simpleqa-1219,0.1,1,0.05,0.95,True,True,True,False
simpleqa-4210,0.1,2,0.1,0.8,True,True,True,False
simpleqa-729,0.1,2,0.05,0.85,True,True,True,False
simpleqa-3034,0.1,3,0.1,0.6,True,True,True,False
simpleqa-2740,0.1,3,0.05,0.85,True,False,False,True
simpleqa-1281,0.1,2,0.2,0.45,True,True,True,False
simpleqa-1757,0.1,3,0.15,0.6,True,False,True,False
simpleqa-1993,0.1,3,0.1,0.4,True,True,True,False
simpleqa-41,0.1,2,0.15,0.6,False,False,True,False
simpleqa-1413,0.1,3,0.1,0.8,True,True,True,False
simpleqa-2512,0.1,2,0.1,0.45,True,True,True,False
simpleqa-2017,0.1,2,0.1,0.7,True,True,True,False
simpleqa-2496,0.1,1,0.1,0.9,True,True,True,False
simpleqa-879,0.1,3,0.05,0.75,False,False,False,True
simpleqa-527,0.1,1,0.05,0.95,True,True,True,False
simpleqa-1987,0.1,3,0.1,0.8,True,True,True,False
simpleqa-2968,0.1,3,0.1,0.4,True,True,True,False
simpleqa-120,0.1,0,1.0,,False,False,True,False
simpleqa-3803,0.1,2,0.1,0.75,True,True,True,False
simpleqa-190,0.1,4,0.6,0.1,False,False,True,False
simpleqa-4046,0.1,3,0.15,0.6,True,True,True,False
simpleqa-3578,0.1,3,0.7,0.15,False,False,True,False
simpleqa-3058,0.1,3,0.2,0.35,True,True,True,False
simpleqa-351,0.1,1,0.05,0.95,True,True,True,False
simpleqa-2846,0.1,1,0.05,0.95,True,True,True,False
simpleqa-83,0.1,5,0.1,0.3,True,True,True,False
simpleqa-740,0.1,3,0.1,0.45,True,True,True,False
simpleqa-2061,0.1,3,0.1,0.5,True,True,True,False
simpleqa-4302,0.1,1,0.05,0.95,True,True,True,False
simpleqa-3917,0.1,4,0.1,0.4,True,True,True,False
simpleqa-110,0.1,2,0.03,0.95,True,True,True,False
simpleqa-355,0.1,3,0.3,0.4,True,True,True,False
simpleqa-2599,0.1,3,0.1,0.35,True,True,True,False
simpleqa-3381,0.1,3,0.05,0.6,True,True,True,False
simpleqa-3435,0.1,3,0.05,0.85,True,True,True,False
simpleqa-283,0.1,3,0.1,0.6,True,True,True,False
simpleqa-794,0.1,3,0.1,0.6,True,True,True,False
simpleqa-115,0.1,4,0.1,0.4,False,False,False,True
simpleqa-3096,0.1,3,0.1,0.75,True,True,True,False
simpleqa-3051,0.1,2,0.05,0.85,True,True,True,False
simpleqa-3281,0.1,2,0.15,0.6,True,True,True,False
simpleqa-2623,0.1,2,0.05,0.85,True,True,True,False
simpleqa-3425,0.1,2,0.1,0.85,True,True,True,False
simpleqa-4289,0.1,1,0.1,0.9,True,True,True,False
simpleqa-486,0.1,4,0.6,0.1,False,False,True,False
simpleqa-4257,0.1,4,0.05,0.6,True,True,True,False
simpleqa-743,0.1,3,0.2,0.5,True,True,True,False
simpleqa-1615,0.1,3,0.15,0.6,False,False,True,False
simpleqa-3827,0.1,3,0.05,0.85,True,True,True,False
simpleqa-2542,0.1,4,0.05,0.4,True,True,True,False
simpleqa-3104,0.1,3,0.15,0.6,False,False,True,False
simpleqa-659,0.1,4,0.6,0.15,False,False,True,False
simpleqa-1849,0.1,3,0.2,0.4,True,True,True,False
simpleqa-2713,0.1,3,0.8,0.1,False,False,True,False
simpleqa-2783,0.1,2,0.1,0.8,True,True,True,False
simpleqa-3133,0.1,3,0.2,0.4,True,True,True,False
simpleqa-3037,0.1,5,0.1,0.25,True,True,True,False
simpleqa-2296,0.1,1,0.05,0.95,True,True,True,False
simpleqa-982,0.1,2,0.1,0.85,True,True,True,False
simpleqa-1765,0.1,3,0.1,0.6,True,True,True,False
simpleqa-168,0.1,1,0.15,0.85,False,False,True,False
simpleqa-2739,0.1,1,0.2,0.8,False,False,True,False
simpleqa-3286,0.1,2,0.05,0.85,True,True,True,False
simpleqa-3694,0.1,2,0.45,0.4,True,True,True,False
simpleqa-3393,0.1,3,0.25,0.4,False,False,True,False
simpleqa-135,0.1,2,0.05,0.85,True,True,True,False
simpleqa-559,0.1,4,0.1,0.4,True,True,True,False
simpleqa-1429,0.1,2,0.1,0.45,True,True,True,False
simpleqa-980,0.1,2,0.03,0.95,True,True,True,False
simpleqa-2239,0.1,1,0.6,0.4,False,False,True,False
simpleqa-3114,0.1,2,0.1,0.5,True,True,True,False
simpleqa-2268,0.1,4,0.3,0.25,True,True,True,False
simpleqa-2242,0.1,1,0.2,0.8,True,True,True,False
simpleqa-69,0.1,3,0.1,0.7,True,True,True,False
simpleqa-92,0.1,5,0.2,0.25,False,False,True,False
simpleqa-2234,0.1,1,0.05,0.95,True,True,True,False
simpleqa-1051,0.1,4,0.1,0.4,True,True,True,False
simpleqa-1800,0.1,4,0.1,0.4,True,True,True,False
simpleqa-2185,0.1,2,0.15,0.5,True,True,True,False
simpleqa-966,0.1,3,0.05,0.8,True,True,True,False
simpleqa-1532,0.1,3,0.1,0.6,True,True,True,False
simpleqa-277,0.1,1,0.1,0.9,True,True,True,False
simpleqa-4305,0.1,2,0.1,0.85,True,True,True,False
simpleqa-3117,0.1,2,0.05,0.5,True,True,True,False
simpleqa-2106,0.1,1,0.05,0.95,True,True,True,False
simpleqa-254,0.1,5,0.15,0.25,False,False,True,False
simpleqa-3892,0.1,3,0.15,0.4,False,False,True,False
simpleqa-3946,0.1,1,0.05,0.95,True,True,True,False
simpleqa-1087,0.1,2,0.3,0.4,True,True,True,False
simpleqa-3865,0.1,4,0.1,0.5,True,True,True,False
simpleqa-4301,0.1,2,0.1,0.8,True,True,True,False
simpleqa-1371,0.1,3,0.15,0.4,False,False,True,False
simpleqa-2141,0.1,5,0.1,0.3,True,True,True,False
simpleqa-2832,0.1,2,0.1,0.85,False,False,True,False
simpleqa-18,0.1,1,0.05,0.95,True,True,True,False
simpleqa-889,0.1,1,0.05,0.95,True,True,True,False
simpleqa-718,0.1,2,0.2,0.4,False,False,True,False
simpleqa-653,0.1,3,0.1,0.6,True,True,True,False
simpleqa-1462,0.1,3,0.1,0.7,True,True,True,False
simpleqa-2727,0.1,10,0.45,0.05,True,False,True,False
simpleqa-149,0.1,1,0.05,0.9,True,True,True,False
simpleqa-3929,0.1,2,0.15,0.6,True,True,True,False
simpleqa-1334,0.1,3,0.8,0.1,False,False,True,False
simpleqa-1913,0.1,3,0.1,0.75,True,False,True,False
simpleqa-1058,0.1,4,0.1,0.4,True,True,True,False
simpleqa-3020,0.1,4,0.8,0.05,False,False,True,False
simpleqa-1735,0.1,3,0.15,0.7,True,True,True,False
simpleqa-1447,0.1,4,0.1,0.4,True,True,True,False
simpleqa-1401,0.1,1,0.05,0.95,True,True,True,False
simpleqa-538,0.1,2,0.2,0.4,False,False,True,False
simpleqa-1663,0.1,3,0.1,0.8,True,True,True,False
simpleqa-2591,0.1,3,0.1,0.6,True,True,True,False
simpleqa-4008,0.1,3,0.15,0.45,True,True,True,False
simpleqa-616,0.1,1,0.05,0.95,False,False,False,True
simpleqa-645,0.1,3,0.1,0.4,True,True,True,False
simpleqa-757,0.1,1,0.05,0.95,True,True,True,False
simpleqa-1040,0.1,1,0.05,0.95,True,True,True,False
simpleqa-1539,0.1,1,0.05,0.95,True,True,True,False
simpleqa-3295,0.1,2,0.1,0.85,True,True,True,False
simpleqa-3511,0.1,3,0.1,0.6,True,True,True,False
simpleqa-1764,0.1,2,0.4,0.4,False,False,True,False
simpleqa-307,0.1,1,0.6,0.4,False,False,True,False
simpleqa-4102,0.1,3,0.1,0.7,True,True,True,False
simpleqa-1369,0.1,1,0.05,0.95,True,True,True,False
simpleqa-2865,0.1,2,0.2,0.6,False,False,True,False
simpleqa-2397,0.1,2,0.1,0.6,True,True,True,False
simpleqa-3006,0.1,1,0.05,0.95,True,True,True,False
simpleqa-495,0.1,3,0.1,0.6,True,True,True,False
simpleqa-3786,0.1,2,0.05,0.85,True,True,True,False
simpleqa-561,0.1,1,0.05,0.95,True,True,True,False
simpleqa-2930,0.1,3,0.1,0.65,True,True,True,False
simpleqa-705,0.1,3,0.35,0.4,False,False,True,False
simpleqa-3915,0.1,3,0.1,0.8,True,True,True,False
simpleqa-3239,0.1,2,0.7,0.2,False,False,True,False
simpleqa-2426,0.1,2,0.2,0.6,True,True,True,False
simpleqa-2550,0.1,2,0.15,0.6,True,True,True,False
simpleqa-3885,0.1,1,0.0,0.7,True,True,True,False
simpleqa-483,0.1,3,0.1,0.4,False,False,False,True
simpleqa-2474,0.1,3,0.1,0.5,False,False,True,False
simpleqa-2993,0.1,3,0.2,0.4,False,False,True,False
simpleqa-3163,0.1,4,0.25,0.4,False,False,True,False
simpleqa-3324,0.1,3,0.1,0.6,False,False,True,False
simpleqa-2476,0.1,3,0.1,0.6,False,False,False,True
simpleqa-3577,0.1,1,0.05,0.95,True,True,True,False
simpleqa-596,0.1,1,0.05,0.95,True,True,True,False
simpleqa-3298,0.1,3,0.05,0.85,True,True,True,False
simpleqa-3327,0.1,1,0.1,0.9,True,True,True,False
simpleqa-911,0.1,1,0.2,0.8,False,False,True,False
simpleqa-1989,0.1,5,0.95,0.01,False,False,True,False
simpleqa-1518,0.1,2,0.15,0.8,True,True,True,False
simpleqa-1406,0.1,2,0.05,0.85,True,True,True,False
simpleqa-1479,0.1,1,0.05,0.95,True,True,True,False
simpleqa-3834,0.1,2,0.1,0.8,True,True,True,False
simpleqa-1476,0.1,1,0.15,0.85,True,True,True,False
simpleqa-3610,0.1,2,0.05,0.85,True,True,True,False
simpleqa-2787,0.1,3,0.15,0.6,True,True,True,False
simpleqa-3389,0.1,2,0.05,0.85,True,True,True,False
simpleqa-1597,0.1,3,0.07,0.85,False,False,True,False
simpleqa-813,0.1,2,0.1,0.8,True,True,True,False
simpleqa-2269,0.1,3,0.1,0.7,True,True,True,False
simpleqa-4317,0.1,1,0.4,0.6,False,False,True,False
simpleqa-3292,0.1,2,0.05,0.85,True,True,True,False
simpleqa-3087,0.1,1,0.05,0.95,True,True,True,False
simpleqa-3052,0.1,2,0.4,0.4,True,True,True,False
simpleqa-3519,0.1,2,0.1,0.8,False,False,False,True
simpleqa-2617,0.1,2,0.15,0.5,True,True,True,False
simpleqa-1449,0.1,1,0.2,0.8,True,True,True,False
simpleqa-2495,0.1,2,0.9,0.05,False,False,True,False
simpleqa-2400,0.1,1,0.05,0.95,True,True,True,False
simpleqa-1632,0.1,2,0.1,0.85,True,False,True,False
simpleqa-4111,0.1,2,0.15,0.6,True,True,True,False
simpleqa-2237,0.1,4,0.1,0.45,True,True,True,False
simpleqa-2407,0.1,1,0.05,0.95,True,True,True,False
simpleqa-2899,0.1,1,0.05,0.95,True,True,True,False
simpleqa-2414,0.1,2,0.1,0.8,True,True,True,False
simpleqa-4283,0.1,2,0.1,0.6,True,True,True,False
simpleqa-3115,0.1,3,0.5,0.2,False,False,True,False
simpleqa-256,0.1,4,0.15,0.4,True,True,True,False
simpleqa-2504,0.1,6,0.15,0.25,True,True,True,False
simpleqa-2700,0.1,3,0.25,0.5,True,True,True,False
simpleqa-196,0.1,4,0.1,0.4,True,True,True,False
simpleqa-286,0.1,2,0.15,0.7,False,False,True,False
simpleqa-2282,0.1,2,0.05,0.85,False,False,False,True
simpleqa-2645,0.1,2,0.1,0.85,True,True,True,False
simpleqa-1969,0.1,2,0.1,0.85,True,True,True,False
simpleqa-689,0.1,1,0.95,0.05,False,False,True,False
simpleqa-2605,0.1,4,0.05,0.4,True,True,True,False
simpleqa-4089,0.1,2,0.9,0.05,False,False,True,False
simpleqa-1991,0.1,2,0.1,0.85,False,False,True,False
simpleqa-2988,0.1,2,0.05,0.6,True,True,True,False
simpleqa-261,0.1,2,0.15,0.75,True,True,True,False
simpleqa-4231,0.1,3,0.1,0.75,True,True,True,False
simpleqa-1598,0.1,3,0.2,0.4,False,False,True,False
simpleqa-380,0.1,2,0.1,0.75,True,True,True,False
simpleqa-1287,0.1,4,0.95,0.02,False,False,True,False
simpleqa-2283,0.1,1,0.05,0.95,True,True,True,False
simpleqa-1533,0.1,4,0.45,0.2,False,False,True,False
simpleqa-1818,0.1,4,0.1,0.7,True,True,True,False
simpleqa-1906,0.1,1,0.05,0.95,True,True,True,False
simpleqa-3407,0.1,4,0.1,0.4,True,True,True,False
simpleqa-2094,0.1,10,0.25,0.1,False,False,True,False
simpleqa-1647,0.1,2,0.1,0.6,True,True,True,False
simpleqa-1178,0.1,3,0.1,0.7,False,False,True,False
simpleqa-2679,0.1,3,0.1,0.7,True,True,True,False
simpleqa-1231,0.1,1,0.15,0.85,False,False,True,False
simpleqa-11,0.1,1,0.7,0.3,True,True,True,False
simpleqa-666,0.1,4,0.1,0.4,False,False,False,True
simpleqa-3671,0.1,2,0.1,0.85,True,True,True,False
simpleqa-1477,0.1,3,0.05,0.8,True,True,True,False
simpleqa-2366,0.1,1,0.05,0.95,True,True,True,False
simpleqa-104,0.1,0,1.0,,False,False,True,False
simpleqa-55,0.1,4,0.15,0.3,True,True,True,False
simpleqa-3315,0.1,0,1.0,,False,False,True,False
simpleqa-360,0.1,3,0.1,0.45,True,True,True,False
simpleqa-186,0.1,2,0.1,0.8,True,True,True,False
simpleqa-1267,0.1,3,0.1,0.45,True,True,True,False
simpleqa-3072,0.1,2,0.05,0.85,True,True,True,False
simpleqa-3090,0.1,1,0.05,0.95,True,True,True,False
simpleqa-3247,0.1,3,0.1,0.4,True,True,True,False
simpleqa-1890,0.1,3,0.1,0.4,True,True,True,False
simpleqa-2978,0.1,1,0.05,0.95,True,True,True,False
simpleqa-548,0.1,1,0.05,0.95,True,True,True,False
simpleqa-1588,0.1,3,0.4,0.4,True,True,True,False
simpleqa-3329,0.1,2,0.1,0.6,False,False,True,False
simpleqa-3245,0.1,3,0.15,0.4,True,True,True,False
simpleqa-1870,0.1,3,0.1,0.6,True,True,True,False
simpleqa-2373,0.1,2,0.2,0.7,True,True,True,False
simpleqa-291,0.1,4,0.05,0.4,True,True,True,False
simpleqa-3357,0.1,3,0.1,0.6,False,False,True,False
simpleqa-469,0.1,2,0.1,0.8,True,True,True,False
simpleqa-986,0.1,4,0.1,0.4,False,False,False,True
simpleqa-3697,0.1,2,0.02,0.95,True,True,True,False
simpleqa-3371,0.1,3,0.07,0.85,True,True,True,False
simpleqa-2194,0.1,1,0.05,0.95,True,True,True,False
simpleqa-1039,0.1,1,0.05,0.95,True,True,True,False
simpleqa-1905,0.1,4,0.1,0.4,True,True,True,False
simpleqa-4058,0.1,4,0.1,0.4,True,True,True,False
simpleqa-309,0.1,4,0.25,0.25,True,True,True,False
simpleqa-3097,0.1,4,0.2,0.4,True,True,True,False
simpleqa-1709,0.1,4,0.1,0.4,True,True,True,False
simpleqa-4129,0.1,2,0.9,0.05,False,False,True,False
simpleqa-3168,0.1,1,0.05,0.95,True,True,True,False
simpleqa-3549,0.1,3,0.1,0.8,True,True,True,False
simpleqa-1162,0.1,3,0.1,0.75,True,True,True,False
simpleqa-2629,0.1,3,0.1,0.5,True,True,True,False
simpleqa-1852,0.1,3,0.1,0.6,False,False,False,True
simpleqa-3255,0.1,2,0.05,0.85,True,True,True,False
simpleqa-920,0.1,2,0.1,0.5,False,False,False,True
simpleqa-1629,0.1,4,0.12,0.75,True,True,True,False
simpleqa-4104,0.1,3,0.6,0.15,False,False,True,False
simpleqa-2649,0.1,4,0.1,0.7,True,True,True,False
simpleqa-1796,0.1,3,0.8,0.05,False,False,True,False
simpleqa-1217,0.1,1,0.05,0.95,True,True,True,False
simpleqa-50,0.1,2,0.15,0.8,True,True,True,False
simpleqa-3698,0.1,1,0.15,0.85,True,True,True,False
simpleqa-1045,0.1,2,0.1,0.8,False,False,False,True
simpleqa-1374,0.1,0,1.0,,False,False,True,False
simpleqa-3260,0.1,3,0.15,0.4,True,True,True,False
simpleqa-1653,0.1,3,0.1,0.4,True,True,True,False
simpleqa-1568,0.1,3,0.1,0.4,False,False,False,True
simpleqa-2732,0.1,2,0.15,0.8,True,True,True,False
simpleqa-1676,0.1,2,0.1,0.85,False,False,True,False
simpleqa-3835,0.1,3,0.15,0.6,False,False,True,False
simpleqa-985,0.1,1,0.05,0.95,True,True,True,False
simpleqa-578,0.1,2,0.1,0.85,True,True,True,False
simpleqa-1522,0.1,1,0.95,0.05,False,False,True,False
simpleqa-1976,0.1,4,0.8,0.05,False,False,True,False
simpleqa-893,0.1,1,0.05,0.95,True,True,True,False
simpleqa-3750,0.1,4,0.1,0.5,True,True,True,False
simpleqa-4074,0.1,1,0.05,0.95,False,False,False,True
simpleqa-1373,0.1,3,0.1,0.75,False,False,True,False
simpleqa-1124,0.1,4,0.3,0.25,False,False,True,False
simpleqa-798,0.1,4,0.1,0.6,True,True,True,False
simpleqa-1920,0.1,1,0.8,0.2,False,False,True,False
simpleqa-541,0.1,3,0.2,0.4,True,True,True,False
simpleqa-266,0.1,1,0.05,0.95,True,True,True,False
simpleqa-2941,0.1,2,0.1,0.8,True,True,True,False
simpleqa-2733,0.1,1,0.05,0.95,True,True,True,False
simpleqa-3198,0.1,3,0.1,0.45,True,True,True,False
simpleqa-2403,0.1,1,0.05,0.95,True,True,True,False
simpleqa-273,0.1,1,0.05,0.95,True,True,True,False
simpleqa-3429,0.1,2,0.02,0.95,True,False,False,True
simpleqa-2063,0.1,4,0.1,0.4,True,True,True,False
simpleqa-3903,0.1,2,0.2,0.6,True,True,True,False
simpleqa-2303,0.1,2,0.1,0.5,False,False,True,False
simpleqa-776,0.1,2,0.4,0.4,True,True,True,False
simpleqa-1670,0.1,0,0.95,,False,False,True,False
simpleqa-2342,0.1,1,0.05,0.95,True,True,True,False
simpleqa-4251,0.1,2,0.1,0.8,True,True,True,False
simpleqa-3029,0.1,1,0.05,0.95,True,True,True,False
simpleqa-2715,0.1,2,0.4,0.4,False,False,True,False
simpleqa-857,0.1,3,0.95,0.02,False,False,True,False
simpleqa-1962,0.1,3,0.1,0.75,True,True,True,False
simpleqa-2192,0.1,4,0.1,0.6,True,True,True,False
simpleqa-694,0.1,5,0.2,0.4,True,True,True,False
simpleqa-100,0.1,3,0.15,0.4,True,True,True,False
simpleqa-1383,0.1,2,0.1,0.85,True,True,True,False
simpleqa-876,0.1,1,0.05,0.95,True,True,True,False
simpleqa-1979,0.1,3,0.8,0.1,False,False,True,False
simpleqa-3583,0.1,3,0.2,0.6,True,True,True,False
simpleqa-2557,0.1,3,0.3,0.6,True,True,True,False
simpleqa-755,0.1,1,0.05,0.95,False,False,False,True
simpleqa-3332,0.1,2,0.2,0.5,True,True,True,False
simpleqa-3960,0.1,2,0.45,0.3,True,True,True,False
simpleqa-2622,0.1,1,0.1,0.9,True,True,True,False
simpleqa-2081,0.1,3,0.2,0.4,False,False,True,False
simpleqa-111,0.1,1,0.2,0.8,True,True,True,False
simpleqa-3961,0.1,3,0.1,0.8,True,True,True,False
simpleqa-26,0.1,3,0.2,0.4,False,False,True,False
simpleqa-1575,0.1,3,0.7,0.1,True,True,True,False
simpleqa-4290,0.1,2,0.05,0.85,True,True,True,False
simpleqa-1403,0.1,4,0.05,0.4,True,True,True,False
simpleqa-419,0.1,3,0.1,0.5,True,True,True,False
simpleqa-3524,0.1,1,0.3,0.7,True,True,True,False
simpleqa-2086,0.1,2,0.1,0.8,True,True,True,False
simpleqa-2524,0.1,4,0.1,0.6,False,False,True,False
simpleqa-2134,0.1,1,0.05,0.95,True,True,True,False
simpleqa-2855,0.1,2,0.5,0.35,True,True,True,False
simpleqa-4139,0.1,2,0.1,0.8,True,True,True,False
simpleqa-4045,0.1,2,0.2,0.65,False,False,True,False
simpleqa-1495,0.1,3,0.2,0.5,False,False,True,False
simpleqa-2924,0.1,3,0.15,0.4,False,False,True,False
simpleqa-2412,0.1,3,0.1,0.4,True,True,True,False
simpleqa-562,0.1,3,0.02,0.85,True,True,True,False
simpleqa-222,0.1,0,1.0,,False,False,True,False
simpleqa-2219,0.1,3,0.1,0.75,True,True,True,False
simpleqa-4097,0.1,4,0.5,0.2,False,False,True,False
simpleqa-3249,0.1,4,0.8,0.05,False,False,True,False
simpleqa-376,0.1,2,0.1,0.8,True,True,True,False
simpleqa-3248,0.1,3,0.65,0.1,False,False,True,False
simpleqa-3164,0.1,2,0.65,0.2,False,False,True,False
simpleqa-4000,0.1,1,0.1,0.9,False,False,False,True
simpleqa-2856,0.1,3,0.2,0.6,True,True,True,False
simpleqa-3811,0.1,2,0.1,0.85,True,True,True,False
simpleqa-1243,0.1,4,0.05,0.5,True,True,True,False
simpleqa-1680,0.1,3,0.65,0.15,False,False,True,False
simpleqa-2576,0.1,1,0.05,0.95,True,True,True,False
simpleqa-70,0.1,1,0.05,0.95,True,True,True,False
simpleqa-3465,0.1,3,0.1,0.8,True,True,True,False
simpleqa-1799,0.1,3,0.95,0.02,False,False,True,False
simpleqa-657,0.1,3,0.1,0.7,True,True,True,False
simpleqa-2859,0.1,2,0.1,0.8,True,True,True,False
simpleqa-3428,0.1,2,0.05,0.8,True,True,True,False
simpleqa-1955,0.1,2,0.1,0.7,True,True,True,False
simpleqa-804,0.1,1,0.05,0.95,True,True,True,False
simpleqa-2717,0.1,3,0.1,0.7,True,True,True,False
simpleqa-1382,0.1,3,0.15,0.6,True,True,True,False
simpleqa-3421,0.1,2,0.1,0.6,True,True,True,False
simpleqa-3836,0.1,2,0.1,0.8,True,True,True,False
simpleqa-2080,0.1,3,0.35,0.4,True,True,True,False
simpleqa-3839,0.1,3,0.25,0.4,True,True,True,False
simpleqa-3691,0.1,3,0.35,0.3,False,False,True,False
simpleqa-3806,0.1,1,0.05,0.95,True,True,True,False
simpleqa-2951,0.1,2,0.05,0.8,True,True,True,False
simpleqa-1438,0.1,3,0.1,0.4,True,True,True,False
simpleqa-1094,0.1,2,0.1,0.85,True,True,True,False
simpleqa-2056,0.1,3,0.1,0.5,True,True,True,False
simpleqa-235,0.1,5,0.1,0.4,True,True,True,False
simpleqa-1942,0.1,2,0.05,0.8,True,True,True,False
simpleqa-632,0.1,2,0.1,0.8,True,True,True,False
simpleqa-4280,0.1,4,0.3,0.25,True,True,True,False
simpleqa-3206,0.1,5,0.1,0.3,False,False,False,True
simpleqa-4132,0.1,4,0.15,0.35,True,True,True,False
simpleqa-533,0.1,2,0.05,0.8,True,True,True,False
simpleqa-2809,0.1,4,0.35,0.3,False,False,True,False
simpleqa-2954,0.1,2,0.1,0.85,False,False,True,False
simpleqa-3343,0.1,2,0.1,0.6,True,True,True,False
simpleqa-2168,0.1,2,0.05,0.9,True,True,True,False
simpleqa-3751,0.1,1,0.15,0.85,True,True,True,False
simpleqa-446,0.1,2,0.1,0.85,True,True,True,False
simpleqa-1114,0.1,1,0.05,0.95,True,True,True,False
simpleqa-3921,0.1,1,0.05,0.95,False,False,False,True
simpleqa-690,0.1,1,0.05,0.95,False,False,False,True
simpleqa-1970,0.1,1,0.9,0.05,False,False,True,False
simpleqa-325,0.1,4,0.1,0.4,True,True,True,False
simpleqa-4010,0.1,3,0.1,0.75,True,True,True,False
simpleqa-818,0.1,2,0.1,0.8,True,True,True,False
simpleqa-3503,0.1,5,0.25,0.15,True,True,True,False
simpleqa-1358,0.1,1,0.95,0.05,False,False,True,False
simpleqa-4235,0.1,2,0.25,0.7,False,False,True,False
simpleqa-2238,0.1,3,0.1,0.6,True,True,True,False
simpleqa-1697,0.1,2,0.1,0.6,True,True,True,False
simpleqa-744,0.1,5,0.1,0.4,False,False,True,False
simpleqa-1929,0.1,1,0.05,0.95,True,True,True,False
simpleqa-1821,0.1,2,0.1,0.5,True,True,True,False
simpleqa-2252,0.1,1,0.15,0.85,False,False,True,False
simpleqa-2270,0.1,1,0.05,0.95,True,True,True,False
simpleqa-3755,0.1,3,0.05,0.9,True,True,True,False
simpleqa-738,0.1,2,0.1,0.8,False,False,False,True
simpleqa-825,0.1,3,0.1,0.6,True,True,True,False
simpleqa-3614,0.1,2,0.1,0.5,True,True,True,False
simpleqa-606,0.1,0,1.0,,False,False,True,False
simpleqa-668,0.1,3,0.2,0.4,True,True,True,False
simpleqa-706,0.1,2,0.05,0.9,True,True,True,False
simpleqa-3427,0.1,1,0.05,0.95,False,False,False,True
simpleqa-1384,0.1,2,0.3,0.4,False,False,True,False
simpleqa-201,0.1,2,0.15,0.7,False,False,True,False
simpleqa-560,0.1,2,0.1,0.85,True,True,True,False
simpleqa-2536,0.1,3,0.1,0.5,True,True,True,False
simpleqa-4031,0.1,3,0.1,0.75,True,True,True,False
simpleqa-56,0.1,2,0.1,0.6,True,True,True,False
simpleqa-952,0.1,3,0.05,0.8,True,True,True,False
simpleqa-1169,0.1,2,0.1,0.85,True,True,True,False
simpleqa-2528,0.1,3,0.1,0.75,True,True,True,False
simpleqa-1811,0.1,4,0.1,0.4,False,False,True,False
simpleqa-2096,0.1,2,0.1,0.8,False,False,False,True
simpleqa-661,0.1,2,0.05,0.9,True,True,True,False
simpleqa-4070,0.1,3,0.25,0.35,True,True,True,False
simpleqa-1020,0.1,2,0.2,0.6,False,False,True,False
simpleqa-3540,0.1,1,0.1,0.85,False,False,True,False
simpleqa-1084,0.1,3,0.1,0.6,True,True,True,False
simpleqa-2437,0.1,2,0.1,0.85,True,True,True,False
simpleqa-2616,0.1,3,0.1,0.6,True,True,True,False
simpleqa-3814,0.1,3,0.05,0.8,True,True,True,False
simpleqa-521,0.1,2,0.1,0.6,True,True,True,False
simpleqa-4182,0.1,1,0.2,0.8,False,False,True,False
simpleqa-3797,0.1,3,0.3,0.4,False,False,True,False
simpleqa-946,0.1,2,0.05,0.85,True,True,True,False
simpleqa-838,0.1,1,0.15,0.85,True,True,True,False
simpleqa-3183,0.1,3,0.15,0.4,True,True,True,False
simpleqa-591,0.1,3,0.07,0.85,True,True,True,False
simpleqa-1232,0.1,5,0.95,0.01,False,False,True,False
simpleqa-1837,0.1,2,0.9,0.05,True,False,True,False
simpleqa-1472,0.1,5,0.2,0.3,True,True,True,False
simpleqa-3418,0.1,3,0.2,0.6,False,False,True,False
simpleqa-2620,0.1,2,0.1,0.75,True,True,True,False
simpleqa-1836,0.1,2,0.1,0.8,True,True,True,False
simpleqa-1659,0.1,2,0.1,0.8,True,True,True,False
simpleqa-3415,0.1,2,0.1,0.8,False,False,False,True
simpleqa-3700,0.1,1,0.05,0.95,True,True,True,False
simpleqa-422,0.1,3,0.15,0.5,True,True,True,False
simpleqa-3202,0.1,2,0.1,0.6,True,True,True,False
simpleqa-3804,0.1,2,0.1,0.7,True,True,True,False
simpleqa-4128,0.1,3,0.15,0.4,True,True,True,False
simpleqa-885,0.1,1,0.05,0.95,True,True,True,False
simpleqa-2775,0.1,3,0.1,0.8,True,True,True,False
simpleqa-1318,0.1,1,0.05,0.95,True,True,True,False
simpleqa-89,0.1,4,0.04,0.5,True,True,True,False
simpleqa-502,0.1,2,0.15,0.7,True,True,True,False
simpleqa-2109,0.1,3,0.04,0.9,True,True,True,False
simpleqa-1424,0.1,2,0.1,0.6,True,True,True,False
simpleqa-2323,0.1,4,0.25,0.25,True,True,True,False
simpleqa-2768,0.1,4,0.1,0.4,True,True,True,False
simpleqa-3191,0.1,2,0.1,0.8,True,True,True,False
simpleqa-1839,0.1,2,0.1,0.85,True,True,True,False
simpleqa-1095,0.1,1,0.05,0.95,False,False,False,True
simpleqa-3154,0.1,1,0.7,0.3,False,False,True,False
simpleqa-1090,0.1,4,0.5,0.15,True,True,True,False
simpleqa-195,0.1,2,0.1,0.8,False,False,False,True
simpleqa-3126,0.1,1,0.05,0.95,True,True,True,False
simpleqa-3179,0.1,4,0.15,0.35,False,False,True,False
simpleqa-3666,0.1,3,0.1,0.4,True,True,True,False
simpleqa-3692,0.1,1,0.05,0.95,True,True,True,False
simpleqa-3275,0.1,2,0.3,0.4,True,True,True,False
simpleqa-731,0.1,2,0.05,0.9,True,True,True,False
simpleqa-4133,0.1,0,1.0,,False,False,True,False
simpleqa-3439,0.1,2,0.1,0.75,True,True,True,False
simpleqa-1052,0.1,2,0.75,0.15,False,False,True,False
simpleqa-3344,0.1,2,0.2,0.6,True,True,True,False
simpleqa-1110,0.1,3,0.05,0.85,True,True,True,False
simpleqa-4217,0.1,3,0.3,0.4,True,True,True,False
simpleqa-3450,0.1,5,0.3,0.2,False,False,True,False
simpleqa-636,0.1,3,0.25,0.4,True,True,True,False
simpleqa-1277,0.1,1,0.95,0.05,False,False,True,False
simpleqa-2116,0.1,2,0.1,0.7,True,True,True,False
simpleqa-3906,0.1,1,0.05,0.95,True,True,True,False
simpleqa-732,0.1,2,0.02,0.95,True,True,True,False
simpleqa-4063,0.1,1,0.05,0.95,True,True,True,False
simpleqa-4103,0.1,4,0.1,0.4,True,True,True,False
simpleqa-4294,0.1,3,0.1,0.6,True,True,True,False
simpleqa-586,0.1,1,0.05,0.95,True,True,True,False
simpleqa-3304,0.1,4,0.1,0.4,True,True,True,False
simpleqa-2760,0.1,2,0.2,0.6,True,True,True,False
simpleqa-969,0.1,2,0.1,0.75,True,True,True,False
simpleqa-4082,0.1,4,0.1,0.45,True,True,True,False
simpleqa-2295,0.1,2,0.55,0.4,False,False,True,False
simpleqa-2777,0.1,1,0.01,0.99,True,True,True,False
simpleqa-3687,0.1,2,0.1,0.7,True,True,True,False
simpleqa-211,0.1,2,0.1,0.7,True,True,True,False
simpleqa-1271,0.1,2,0.1,0.85,True,True,True,False
simpleqa-1310,0.1,3,0.1,0.6,True,True,True,False
simpleqa-3192,0.1,5,0.2,0.25,False,False,True,False
simpleqa-611,0.1,2,0.15,0.4,True,True,True,False
simpleqa-3653,0.1,2,0.1,0.75,True,True,True,False
simpleqa-2661,0.1,3,0.1,0.7,True,True,True,False
simpleqa-1327,0.1,6,0.1,0.35,True,True,True,False
simpleqa-2212,0.1,2,0.1,0.8,True,True,True,False
simpleqa-957,0.1,4,0.1,0.4,True,True,True,False
simpleqa-2444,0.1,1,0.05,0.95,True,True,True,False
simpleqa-3667,0.1,2,0.02,0.95,True,True,True,False
simpleqa-2350,0.1,3,0.02,0.9,True,True,True,False
simpleqa-224,0.1,3,0.1,0.4,False,False,True,False
simpleqa-4230,0.1,5,0.15,0.3,False,False,True,False
simpleqa-3641,0.1,2,0.02,0.95,True,True,True,False
simpleqa-4,0.1,3,0.2,0.45,True,True,True,False
simpleqa-3482,0.1,2,0.05,0.8,True,True,True,False
simpleqa-1193,0.1,4,0.8,0.05,False,False,True,False
simpleqa-482,0.1,3,0.07,0.85,True,True,True,False
simpleqa-2509,0.1,1,0.05,0.95,True,True,True,False
simpleqa-3711,0.1,2,0.4,0.4,False,False,True,False
simpleqa-621,0.1,3,0.05,0.85,True,True,True,False
simpleqa-2691,0.1,1,0.05,0.95,True,True,True,False
simpleqa-1107,0.1,2,0.9,0.05,False,False,True,False
simpleqa-2875,0.1,2,0.15,0.6,False,False,True,False
simpleqa-330,0.1,2,0.1,0.8,True,True,True,False
simpleqa-2028,0.1,4,0.35,0.25,False,False,True,False
simpleqa-1201,0.1,2,0.15,0.6,True,True,True,False
simpleqa-3876,0.1,2,0.1,0.8,True,True,True,False
simpleqa-1150,0.1,3,0.1,0.4,True,True,True,False
simpleqa-2450,0.1,1,0.2,0.8,True,True,True,False
simpleqa-3690,0.1,3,0.25,0.4,True,True,True,False
simpleqa-4006,0.1,4,0.1,0.4,True,True,True,False
simpleqa-2022,0.1,2,0.1,0.85,False,False,True,False
simpleqa-2139,0.1,3,0.1,0.6,True,True,True,False
simpleqa-892,0.1,2,0.2,0.45,False,False,True,False
simpleqa-570,0.1,3,0.15,0.7,False,False,True,False
simpleqa-2718,0.1,4,0.2,0.4,False,False,True,False
simpleqa-1189,0.1,1,0.05,0.95,True,True,True,False
simpleqa-4136,0.1,3,0.15,0.4,False,False,True,False
simpleqa-947,0.1,3,0.8,0.1,False,False,True,False
simpleqa-334,0.1,1,0.15,0.85,True,True,True,False
simpleqa-1935,0.1,3,0.1,0.6,True,True,True,False
simpleqa-433,0.1,1,0.95,0.05,False,False,True,False
simpleqa-1747,0.1,3,0.15,0.4,False,False,True,False
simpleqa-33,0.1,0,1.0,,False,False,True,False
simpleqa-1500,0.1,1,0.1,0.85,False,False,True,False
simpleqa-4227,0.1,2,0.15,0.6,True,True,True,False
simpleqa-3509,0.1,3,0.1,0.6,True,True,True,False
simpleqa-122,0.1,3,0.1,0.8,True,True,True,False
simpleqa-1527,0.1,3,0.85,0.05,False,False,True,False
simpleqa-4223,0.1,1,0.2,0.8,True,True,True,False
simpleqa-3673,0.1,4,0.6,0.15,True,True,True,False
simpleqa-2631,0.1,2,0.05,0.8,True,True,True,False
simpleqa-515,0.1,1,0.05,0.95,True,True,True,False
simpleqa-777,0.1,4,0.1,0.45,True,True,True,False
simpleqa-3855,0.1,3,0.05,0.8,True,True,True,False
simpleqa-4034,0.1,1,0.4,0.6,True,True,True,False
simpleqa-1584,0.1,3,0.1,0.6,True,True,True,False
simpleqa-1412,0.1,3,0.15,0.4,True,True,True,False
simpleqa-2299,0.1,1,0.05,0.95,True,True,True,False
simpleqa-1820,0.1,3,0.05,0.6,True,True,True,False
simpleqa-2931,0.1,2,0.1,0.45,True,True,True,False
simpleqa-4038,0.1,2,0.15,0.8,True,True,True,False
simpleqa-1642,0.1,3,0.35,0.4,False,False,True,False
simpleqa-4233,0.1,8,0.6,0.05,True,True,True,False
simpleqa-2051,0.1,4,0.1,0.4,True,True,True,False
simpleqa-1204,0.1,1,0.05,0.95,True,True,True,False
simpleqa-3571,0.1,5,0.6,0.1,False,False,True,False
simpleqa-3688,0.1,3,0.1,0.6,True,True,True,False
simpleqa-3875,0.1,2,0.05,0.8,True,True,True,False
simpleqa-233,0.1,2,0.05,0.85,True,True,True,False
simpleqa-2290,0.1,1,0.05,0.95,True,True,True,False
simpleqa-1941,0.1,3,0.2,0.6,False,False,True,False
simpleqa-2801,0.1,4,0.25,0.4,True,True,True,False
simpleqa-1049,0.1,3,0.15,0.6,True,True,True,False
simpleqa-2302,0.1,2,0.1,0.6,True,True,True,False
simpleqa-2126,0.1,1,0.4,0.6,False,False,True,False
simpleqa-3150,0.1,3,0.1,0.6,True,True,True,False
simpleqa-3995,0.1,2,0.1,0.7,True,True,True,False
simpleqa-1419,0.1,3,0.1,0.75,False,False,True,False
simpleqa-1311,0.1,3,0.15,0.4,True,True,True,False
simpleqa-2367,0.1,2,0.05,0.85,True,True,True,False
simpleqa-399,0.1,1,0.05,0.95,True,True,True,False
simpleqa-3749,0.1,3,0.1,0.5,False,False,False,True
simpleqa-2579,0.1,4,0.1,0.6,False,False,True,False
simpleqa-1288,0.1,3,0.3,0.4,False,False,True,False
simpleqa-2959,0.1,2,0.9,0.05,True,False,True,False
simpleqa-3467,0.1,5,0.1,0.4,True,False,True,False
simpleqa-1998,0.1,0,0.95,,False,False,True,False
simpleqa-2999,0.1,2,0.0,0.45,True,True,True,False
simpleqa-2887,0.1,4,0.1,0.4,True,True,True,False
simpleqa-1285,0.1,3,0.1,0.6,True,True,True,False
simpleqa-4098,0.1,3,0.15,0.5,True,True,True,False
simpleqa-1423,0.1,3,0.2,0.4,True,True,True,False
simpleqa-595,0.1,4,0.2,0.4,False,False,True,False
simpleqa-3128,0.1,1,0.05,0.95,True,True,True,False
simpleqa-2248,0.1,3,0.2,0.6,True,True,True,False
simpleqa-3696,0.1,2,0.05,0.8,True,True,True,False
simpleqa-3724,0.1,3,0.15,0.6,False,False,True,False
simpleqa-747,0.1,2,0.1,0.75,True,True,True,False
simpleqa-3649,0.1,2,0.7,0.2,False,False,True,False
simpleqa-106,0.1,2,0.1,0.85,True,True,True,False
simpleqa-1079,0.1,1,0.15,0.85,True,True,True,False
simpleqa-3493,0.1,4,0.1,0.5,True,True,True,False
simpleqa-3402,0.1,3,0.15,0.5,True,True,True,False
simpleqa-152,0.1,2,0.65,0.2,True,True,True,False
simpleqa-166,0.1,3,0.5,0.25,True,True,True,False
simpleqa-1159,0.1,3,0.1,0.8,True,True,True,False
simpleqa-3862,0.1,2,0.05,0.9,True,True,True,False
simpleqa-674,0.1,2,0.1,0.6,True,True,True,False
simpleqa-3629,0.1,1,0.05,0.95,True,True,True,False
simpleqa-455,0.1,2,0.05,0.85,True,True,True,False
simpleqa-1927,0.1,4,0.1,0.6,True,True,True,False
simpleqa-4164,0.1,4,0.15,0.35,False,False,True,False
simpleqa-850,0.1,4,0.1,0.4,False,False,False,True
simpleqa-27,0.1,1,0.4,0.6000000000000001,False,False,True,False
simpleqa-553,0.1,4,0.3,0.3,False,False,True,False
simpleqa-1466,0.1,2,0.1,0.8,True,True,True,False
simpleqa-1857,0.1,2,0.05,0.9,True,False,False,True
simpleqa-1509,0.1,3,0.15,0.6,False,False,True,False
simpleqa-4086,0.1,2,0.15,0.4,False,False,True,False
simpleqa-4281,0.1,1,0.05,0.95,False,False,False,True
simpleqa-1044,0.1,2,0.02,0.95,True,True,True,False
simpleqa-4247,0.1,1,0.2,0.8,False,False,True,False
simpleqa-711,0.1,2,0.1,0.85,True,True,True,False
simpleqa-16,0.1,2,0.15,0.75,True,True,True,False
simpleqa-4205,0.1,3,0.15,0.4,False,False,True,False
simpleqa-3564,0.1,0,1.0,,False,False,True,False
simpleqa-2231,0.1,1,0.05,0.95,True,True,True,False
simpleqa-2317,0.1,1,0.2,0.8,True,True,True,False
simpleqa-517,0.1,3,0.08,0.85,True,True,True,False
simpleqa-4052,0.1,3,0.3,0.4,True,True,True,False
simpleqa-3431,0.1,3,0.05,0.6,True,True,True,False
simpleqa-342,0.1,2,0.1,0.8,True,True,True,False
simpleqa-4242,0.1,2,0.1,0.75,True,True,True,False
simpleqa-2767,0.1,1,0.05,0.95,True,True,True,False
simpleqa-1562,0.1,2,0.05,0.85,False,False,False,True
simpleqa-1010,0.1,3,0.05,0.85,True,True,True,False
simpleqa-2998,0.1,3,0.2,0.4,True,True,True,False
simpleqa-2208,0.1,3,0.4,0.3,False,False,True,False
simpleqa-2154,0.1,2,0.1,0.85,True,True,True,False
simpleqa-38,0.1,3,0.1,0.6,True,True,True,False
simpleqa-2632,0.1,2,0.1,0.8,True,True,True,False
simpleqa-2754,0.1,2,0.1,0.85,True,True,True,False
simpleqa-772,0.1,3,0.1,0.6,True,True,True,False
simpleqa-1397,0.1,2,0.05,0.9,True,True,True,False
simpleqa-3717,0.1,1,0.05,0.95,True,True,True,False
simpleqa-2747,0.1,3,0.05,0.85,True,True,True,False
simpleqa-1513,0.1,1,0.05,0.95,False,False,False,True
simpleqa-4206,0.1,2,0.2,0.5,False,False,True,False
simpleqa-2085,0.1,1,0.05,0.95,True,True,True,False
simpleqa-3061,0.1,1,0.05,0.95,False,False,False,True
simpleqa-4093,0.1,4,0.25,0.3,False,False,True,False
simpleqa-1887,0.1,2,0.15,0.6,True,True,True,False
simpleqa-268,0.1,2,0.15,0.6,True,True,True,False
simpleqa-1792,0.1,2,0.05,0.85,True,True,True,False
simpleqa-2891,0.1,2,0.2,0.4,True,True,True,False
simpleqa-2857,0.1,4,0.1,0.6,True,True,True,False
simpleqa-2347,0.1,4,0.1,0.4,True,True,True,False
simpleqa-3841,0.1,3,0.2,0.4,False,False,True,False
simpleqa-4306,0.1,3,0.2,0.4,True,True,True,False
simpleqa-3651,0.1,2,0.1,0.8,True,True,True,False
simpleqa-3635,0.1,1,0.9,0.1,False,False,True,False
simpleqa-464,0.1,2,0.2,0.4,True,True,True,False
simpleqa-4015,0.1,2,0.1,0.75,True,True,True,False
simpleqa-3619,0.1,1,0.05,0.95,True,True,True,False
simpleqa-2027,0.1,0,1.0,,False,False,True,False
simpleqa-1074,0.1,0,1.0,,False,False,True,False
simpleqa-241,0.1,7,0.1,0.4,True,True,True,False
simpleqa-2586,0.1,5,0.3,0.25,True,True,True,False
simpleqa-1999,0.1,1,0.05,0.95,True,True,True,False
simpleqa-4314,0.1,0,1.0,,False,False,True,False
simpleqa-2986,0.1,3,0.1,0.45,True,True,True,False
simpleqa-1547,0.1,1,0.95,0.05,False,False,True,False
simpleqa-176,0.1,3,0.1,0.75,True,True,True,False
simpleqa-824,0.1,1,0.05,0.95,True,True,True,False
simpleqa-4146,0.1,1,0.05,0.95,True,True,True,False
simpleqa-2044,0.1,3,0.05,0.85,True,True,True,False
simpleqa-327,0.1,3,0.15,0.5,True,True,True,False
simpleqa-3684,0.1,4,0.15,0.4,False,False,True,False
simpleqa-1919,0.1,4,0.1,0.4,True,True,True,False
simpleqa-1433,0.1,3,0.1,0.4,True,True,True,False
simpleqa-2828,0.1,2,0.1,0.7,True,True,True,False
simpleqa-3742,0.1,1,0.05,0.95,True,True,True,False
simpleqa-1458,0.1,2,0.15,0.5,False,False,True,False
simpleqa-4118,0.1,3,0.1,0.75,True,True,True,False
simpleqa-1872,0.1,4,0.05,0.4,True,True,True,False
simpleqa-1368,0.1,5,0.45,0.2,True,True,True,False
simpleqa-1364,0.1,3,0.1,0.75,True,True,True,False
simpleqa-3727,0.1,4,0.05,0.4,True,True,True,False
simpleqa-3089,0.1,1,0.05,0.95,True,True,True,False
simpleqa-1328,0.1,2,0.1,0.85,True,True,True,False
simpleqa-644,0.1,5,0.2,0.4,True,True,True,False
simpleqa-793,0.1,1,0.05,0.95,True,True,True,False
simpleqa-923,0.1,2,0.1,0.75,False,False,False,True
simpleqa-194,0.1,3,0.1,0.8,False,False,True,False
simpleqa-2835,0.1,3,0.1,0.45,True,True,True,False
simpleqa-3843,0.1,2,0.05,0.85,False,False,False,True
simpleqa-3030,0.1,1,0.4,0.6,False,False,True,False
simpleqa-2833,0.1,4,0.25,0.4,False,False,True,False
simpleqa-2615,0.1,2,0.05,0.85,True,True,True,False
simpleqa-2037,0.1,2,0.05,0.8,True,True,True,False
simpleqa-258,0.1,2,0.1,0.75,True,True,True,False
simpleqa-4020,0.1,4,0.1,0.7,True,True,True,False
simpleqa-2752,0.1,3,0.15,0.5,False,False,True,False
simpleqa-3284,0.1,3,0.1,0.4,True,True,True,False
simpleqa-3936,0.1,2,0.1,0.7,True,True,True,False
simpleqa-1028,0.1,3,0.35,0.4,False,False,True,False
simpleqa-2669,0.1,3,0.1,0.5,True,True,True,False
simpleqa-2161,0.1,7,0.15,0.25,True,True,True,False
simpleqa-1425,0.1,3,0.5,0.25,True,True,True,False
simpleqa-53,0.1,2,0.05,0.85,True,True,True,False
simpleqa-3914,0.1,8,0.6,0.05,True,True,True,False
simpleqa-1278,0.1,1,0.05,0.95,True,True,True,False
simpleqa-468,0.1,4,0.1,0.3,True,True,True,False
simpleqa-2425,0.1,2,0.15,0.6,True,True,True,False
simpleqa-3144,0.1,2,0.1,0.75,True,True,True,False
simpleqa-3035,0.1,3,0.05,0.7,True,True,True,False
simpleqa-3805,0.1,3,0.3,0.4,False,False,True,False
simpleqa-564,0.1,2,0.05,0.9,True,True,True,False
simpleqa-1707,0.1,1,0.05,0.95,True,True,True,False
simpleqa-4041,0.1,3,0.15,0.6,False,False,True,False
simpleqa-2136,0.1,2,0.05,0.85,True,True,True,False
simpleqa-3659,0.1,4,0.1,0.4,True,True,True,False
simpleqa-3395,0.1,1,0.05,0.95,True,True,True,False
simpleqa-2889,0.1,4,0.1,0.4,True,True,True,False
simpleqa-4279,0.1,0,1.0,,False,False,True,False
simpleqa-1961,0.1,3,0.1,0.6,True,True,True,False
simpleqa-155,0.1,1,0.05,0.95,True,True,True,False
simpleqa-248,0.1,3,0.04,0.9,True,True,True,False
simpleqa-1605,0.1,2,0.1,0.85,True,True,True,False
simpleqa-2447,0.1,2,0.1,0.85,True,True,True,False
simpleqa-2836,0.1,2,0.1,0.85,True,True,True,False
simpleqa-3004,0.1,1,0.05,0.95,True,True,True,False
simpleqa-1843,0.1,1,0.95,0.05,False,False,True,False
simpleqa-2650,0.1,4,0.05,0.5,True,True,True,False
simpleqa-3141,0.1,1,0.05,0.95,True,True,True,False
simpleqa-1237,0.1,2,0.1,0.75,True,True,True,False
simpleqa-45,0.1,3,0.15,0.6,True,True,True,False
simpleqa-800,0.1,1,0.05,0.95,True,True,True,False
simpleqa-2811,0.1,3,0.15,0.5,True,True,True,False
simpleqa-4011,0.1,2,0.1,0.6,True,True,True,False
simpleqa-863,0.1,2,0.2,0.6,True,True,True,False
simpleqa-3535,0.1,2,0.2,0.6,False,False,True,False
simpleqa-2077,0.1,2,0.1,0.7,False,False,True,False
simpleqa-1351,0.1,4,0.15,0.4,False,False,True,False
simpleqa-2235,0.1,1,0.2,0.8,True,True,True,False
simpleqa-3594,0.1,3,0.1,0.6,False,False,True,False
simpleqa-967,0.1,3,0.05,0.8,True,True,True,False
simpleqa-3486,0.1,2,0.1,0.8,True,True,True,False
simpleqa-3000,0.1,3,0.7,0.15,False,False,True,False
simpleqa-696,0.1,3,0.8,0.1,False,False,True,False
simpleqa-915,0.1,3,0.1,0.5,True,True,True,False
simpleqa-1437,0.1,1,0.05,0.95,True,True,True,False
simpleqa-2131,0.1,4,0.6,0.15,True,True,True,False
simpleqa-400,0.1,3,0.95,0.02,False,False,True,False
simpleqa-2894,0.1,2,0.1,0.8,True,True,True,False
simpleqa-2386,0.1,2,0.05,0.8,True,True,True,False
simpleqa-2148,0.1,4,0.15,0.4,True,True,True,False
simpleqa-3818,0.1,4,0.05,0.6,True,True,True,False
simpleqa-2618,0.1,3,0.2,0.4,False,False,True,False
simpleqa-1858,0.1,3,0.1,0.6,True,True,True,False
simpleqa-3325,0.1,4,0.05,0.8,True,True,True,False
simpleqa-3744,0.1,2,0.1,0.8,False,False,False,True
simpleqa-4264,0.1,5,0.1,0.25,False,False,True,False
simpleqa-1864,0.1,1,0.01,0.99,True,True,True,False
simpleqa-2314,0.1,5,0.1,0.3,False,False,True,False
simpleqa-2170,0.1,2,0.1,0.8,True,True,True,False
simpleqa-1414,0.1,1,0.4,0.6,True,True,True,False
simpleqa-2286,0.1,3,0.05,0.85,True,True,True,False
simpleqa-2838,0.1,2,0.05,0.85,True,True,True,False
simpleqa-4186,0.1,3,0.15,0.4,True,False,True,False
simpleqa-3123,0.1,2,0.1,0.6,True,True,True,False
simpleqa-3223,0.1,4,0.3,0.25,True,True,True,False
simpleqa-1586,0.1,2,0.1,0.5,True,True,True,False
simpleqa-1355,0.1,5,0.15,0.3,True,True,True,False
simpleqa-598,0.1,3,0.15,0.4,True,True,True,False
simpleqa-3430,0.1,5,0.2,0.25,False,False,True,False
simpleqa-3538,0.1,2,0.1,0.85,True,True,True,False
simpleqa-3931,0.1,3,0.25,0.3,True,True,True,False
simpleqa-2240,0.1,0,1.0,,False,False,True,False
simpleqa-514,0.1,2,0.95,0.03,True,False,True,False
simpleqa-3963,0.1,1,0.05,0.95,True,True,True,False
simpleqa-3361,0.1,1,0.05,0.95,True,True,True,False
simpleqa-845,0.1,4,0.2,0.5,False,False,True,False
simpleqa-364,0.1,1,0.1,0.9,True,True,True,False
simpleqa-2769,0.1,2,0.1,0.8,False,False,False,True
simpleqa-2663,0.1,3,0.75,0.1,True,True,True,False
simpleqa-2091,0.1,2,0.05,0.85,True,True,True,False
simpleqa-3842,0.1,3,0.1,0.5,True,True,True,False
simpleqa-1690,0.1,2,0.1,0.6,False,False,True,False
simpleqa-1101,0.1,3,0.1,0.8,True,True,True,False
simpleqa-500,0.1,1,0.2,0.7500000000000001,False,False,True,False
simpleqa-3731,0.1,3,0.15,0.6,True,True,True,False
simpleqa-2625,0.1,2,0.05,0.85,False,False,False,True
simpleqa-4248,0.1,3,0.6,0.15,True,True,True,False
simpleqa-3346,0.1,4,0.1,0.4,False,False,False,True
simpleqa-480,0.1,1,0.05,0.95,True,True,True,False
simpleqa-3772,0.1,3,0.05,0.5,True,True,True,False
simpleqa-2486,0.1,3,0.1,0.4,True,True,True,False
simpleqa-2944,0.1,1,0.05,0.95,True,True,True,False
simpleqa-3409,0.1,1,0.05,0.95,True,True,True,False
simpleqa-1650,0.1,3,0.3,0.4,True,True,True,False
simpleqa-3082,0.1,3,0.1,0.6,True,True,True,False
simpleqa-3323,0.1,5,0.25,0.2,False,False,True,False
simpleqa-3612,0.1,3,0.1,0.75,True,True,True,False
simpleqa-974,0.1,3,0.2,0.4,False,False,True,False
simpleqa-3151,0.1,3,0.1,0.4,True,True,True,False
simpleqa-692,0.1,4,0.2,0.3,False,False,True,False
simpleqa-1845,0.1,3,0.1,0.7,True,True,True,False
simpleqa-257,0.1,3,0.15,0.6,True,True,True,False
simpleqa-3943,0.1,1,0.05,0.95,False,False,False,True
simpleqa-2710,0.1,2,0.1,0.8,True,True,True,False
simpleqa-4087,0.1,2,0.1,0.85,True,True,True,False
simpleqa-640,0.1,2,0.1,0.6,True,True,True,False
simpleqa-2963,0.1,2,0.9,0.05,False,False,True,False
simpleqa-4120,0.1,4,0.5,0.15,False,False,True,False
simpleqa-925,0.1,5,0.15,0.25,True,True,True,False
simpleqa-3060,0.1,3,0.05,0.85,True,False,False,True
simpleqa-2898,0.1,2,0.05,0.85,False,False,False,True
simpleqa-1075,0.1,1,0.05,0.95,True,True,True,False
simpleqa-2253,0.1,3,0.2,0.4,True,True,True,False
simpleqa-3176,0.1,2,0.1,0.45,False,False,False,True
simpleqa-2262,0.1,0,1.0,,False,False,True,False
simpleqa-1948,0.1,2,0.05,0.85,True,True,True,False
simpleqa-1402,0.1,2,0.05,0.85,True,True,True,False
simpleqa-2759,0.1,4,0.9,0.03,False,False,True,False
simpleqa-3821,0.1,1,0.05,0.95,True,True,True,False
simpleqa-4071,0.1,4,0.15,0.4,True,True,True,False
simpleqa-1877,0.1,3,0.3,0.4,False,False,True,False
simpleqa-518,0.1,1,0.05,0.95,True,True,True,False
simpleqa-1353,0.1,3,0.1,0.6,True,True,True,False
simpleqa-854,0.1,5,0.4,0.15,True,True,True,False
simpleqa-722,0.1,1,0.05,0.95,True,True,True,False
simpleqa-2977,0.1,2,0.15,0.7,True,True,True,False
simpleqa-337,0.1,2,0.1,0.75,True,True,True,False
simpleqa-1875,0.1,3,0.3,0.35,True,True,True,False
simpleqa-2863,0.1,3,0.05,0.7,True,True,True,False
simpleqa-2304,0.1,1,0.05,0.95,True,True,True,False
simpleqa-1702,0.1,1,0.05,0.95,True,True,True,False
simpleqa-4173,0.1,2,0.1,0.75,True,True,True,False
simpleqa-3656,0.1,4,0.15,0.4,False,False,True,False
simpleqa-715,0.1,0,1.0,,False,False,True,False
simpleqa-4018,0.1,1,0.1,0.9,True,True,True,False
simpleqa-375,0.1,2,0.15,0.7,True,True,True,False
simpleqa-3299,0.1,2,0.15,0.8,True,True,True,False
simpleqa-3118,0.1,3,0.25,0.35,True,True,True,False
simpleqa-1422,0.1,3,0.15,0.6,False,False,True,False
simpleqa-2762,0.1,3,0.05,0.5,False,False,False,True
simpleqa-1025,0.1,1,0.05,0.95,False,False,False,True
simpleqa-2369,0.1,4,0.1,0.4,False,False,False,True
simpleqa-3384,0.1,3,0.1,0.6,True,True,True,False
simpleqa-1545,0.1,3,0.1,0.6,True,True,True,False
simpleqa-140,0.1,2,0.1,0.8,False,False,False,True
simpleqa-1816,0.1,2,0.1,0.85,True,False,True,False
simpleqa-949,0.1,0,1.0,,False,False,True,False
simpleqa-3380,0.1,3,0.15,0.4,True,True,True,False
simpleqa-281,0.1,2,0.15,0.75,True,True,True,False
simpleqa-2007,0.1,2,0.05,0.7,True,True,True,False
simpleqa-842,0.1,2,0.25,0.6,True,True,True,False
simpleqa-1482,0.1,3,0.1,0.4,True,True,True,False
simpleqa-185,0.1,3,0.04,0.9,True,True,True,False
simpleqa-1280,0.1,4,0.1,0.4,True,True,True,False
simpleqa-2356,0.1,4,0.6,0.15,True,True,True,False
simpleqa-2475,0.1,3,0.15,0.4,True,True,True,False
simpleqa-3901,0.1,3,0.15,0.45,True,True,True,False
simpleqa-3360,0.1,3,0.05,0.8,True,False,False,True
simpleqa-303,0.1,4,0.1,0.4,True,True,True,False
simpleqa-3930,0.1,2,0.1,0.6,True,True,True,False
simpleqa-116,0.1,3,0.2,0.4,False,False,True,False
simpleqa-2753,0.1,3,0.3,0.4,False,False,True,False
simpleqa-1558,0.1,2,0.1,0.85,True,True,True,False
simpleqa-684,0.1,2,0.05,0.6,True,True,True,False
simpleqa-941,0.1,0,1.0,,False,False,True,False
simpleqa-3152,0.1,3,0.2,0.6,True,True,True,False
simpleqa-4053,0.1,1,0.05,0.95,True,True,True,False
simpleqa-94,0.1,2,0.1,0.8,True,True,True,False
simpleqa-472,0.1,1,0.02,0.98,True,True,True,False
simpleqa-3078,0.1,3,0.15,0.4,True,True,True,False
simpleqa-2573,0.1,2,0.2,0.4,False,False,True,False
simpleqa-3530,0.1,2,0.15,0.6,True,True,True,False
simpleqa-40,0.1,1,0.05,0.95,True,True,True,False
simpleqa-1634,0.1,1,0.05,0.95,True,True,True,False
simpleqa-3352,0.1,3,0.1,0.7,True,True,True,False
simpleqa-2455,0.1,5,0.2,0.25,False,False,True,False
simpleqa-3175,0.1,3,0.35,0.4,True,True,True,False
simpleqa-2280,0.1,3,0.1,0.75,True,True,True,False
simpleqa-3305,0.1,3,0.05,0.85,True,True,True,False
simpleqa-1307,0.1,1,0.1,0.85,True,True,True,False
simpleqa-3320,0.1,1,0.05,0.95,True,True,True,False
simpleqa-1153,0.1,4,0.05,0.4,False,False,False,True
simpleqa-1611,0.1,2,0.2,0.4,True,True,True,False
simpleqa-797,0.1,2,0.05,0.85,True,True,True,False
simpleqa-1908,0.1,3,0.05,0.85,True,True,True,False
simpleqa-1940,0.1,1,0.3,0.7,True,True,True,False
simpleqa-2973,0.1,2,0.1,0.8,True,True,True,False
simpleqa-1715,0.1,0,1.0,,False,False,True,False
simpleqa-1180,0.1,3,0.55,0.2,False,False,True,False
simpleqa-3319,0.1,1,0.2,0.8,False,False,True,False
simpleqa-173,0.1,4,0.1,0.4,True,True,True,False
simpleqa-3719,0.1,4,0.35,0.25,False,False,True,False
simpleqa-1149,0.1,2,0.25,0.7,False,False,True,False
simpleqa-2549,0.1,4,0.55,0.15,False,False,True,False
simpleqa-837,0.1,3,0.15,0.45,True,True,True,False
simpleqa-3981,0.1,1,0.2,0.8,False,False,True,False
simpleqa-170,0.1,1,0.2,0.8,False,False,True,False
simpleqa-2326,0.1,5,0.7,0.1,True,True,True,False
simpleqa-2803,0.1,3,0.1,0.8,True,True,True,False
simpleqa-733,0.1,2,0.1,0.45,False,False,False,True
simpleqa-3243,0.1,4,0.1,0.4,True,True,True,False
simpleqa-2069,0.1,3,0.7,0.15,False,False,True,False
simpleqa-270,0.1,1,0.02,0.98,True,True,True,False
simpleqa-4171,0.1,4,0.35,0.25,True,True,True,False
simpleqa-2413,0.1,3,0.1,0.8,True,True,True,False
simpleqa-2688,0.1,3,0.1,0.8,True,False,True,False
simpleqa-4049,0.1,1,0.1,0.9,True,True,True,False
simpleqa-3057,0.1,3,0.1,0.7,True,True,True,False
simpleqa-2820,0.1,4,0.1,0.4,True,True,True,False
simpleqa-577,0.1,1,0.05,0.95,True,True,True,False
simpleqa-1493,0.1,3,0.1,0.5,True,True,True,False
simpleqa-1012,0.1,1,0.15,0.85,True,True,True,False
simpleqa-3736,0.1,2,0.1,0.6,True,True,True,False
simpleqa-3178,0.1,2,0.1,0.85,True,False,True,False
simpleqa-2766,0.1,1,0.05,0.95,True,True,True,False
simpleqa-4060,0.1,2,0.1,0.85,True,True,True,False
simpleqa-4127,0.1,5,0.3,0.25,True,True,True,False
simpleqa-3770,0.1,3,0.05,0.5,True,True,True,False
simpleqa-1032,0.1,3,0.15,0.4,True,True,True,False
simpleqa-1003,0.1,3,0.1,0.8,True,True,True,False
simpleqa-3230,0.1,2,0.1,0.8,True,True,True,False
simpleqa-3116,0.1,2,0.1,0.5,False,False,True,False
simpleqa-607,0.1,5,0.35,0.2,True,True,True,False
simpleqa-2971,0.1,2,0.1,0.85,True,True,True,False
simpleqa-3348,0.1,2,0.1,0.8,False,False,False,True
simpleqa-1652,0.1,1,0.15,0.85,True,True,True,False
simpleqa-3854,0.1,3,0.8,0.05,False,False,True,False
simpleqa-353,0.1,1,0.05,0.95,True,True,True,False
simpleqa-943,0.1,4,0.6,0.1,False,False,True,False
simpleqa-1434,0.1,3,0.1,0.6,True,True,True,False
simpleqa-4272,0.1,2,0.1,0.8,True,True,True,False
simpleqa-1746,0.1,4,0.1,0.4,True,True,True,False
simpleqa-1958,0.1,4,0.5,0.15,False,False,True,False
simpleqa-2144,0.1,1,0.05,0.95,True,True,True,False
simpleqa-51,0.1,3,0.3,0.4,True,True,True,False
simpleqa-1171,0.1,2,0.1,0.85,True,True,True,False
simpleqa-2,0.1,2,0.1,0.8,True,True,True,False
simpleqa-2936,0.1,0,1.0,,False,False,True,False
simpleqa-2153,0.1,2,0.1,0.85,True,True,True,False
simpleqa-2635,0.1,3,0.1,0.8,True,True,True,False
simpleqa-3774,0.1,2,0.1,0.6,True,True,True,False
simpleqa-3278,0.1,3,0.1,0.6,True,True,True,False
simpleqa-1561,0.1,2,0.55,0.4,True,True,True,False
simpleqa-1207,0.1,2,0.2,0.7,False,False,True,False
simpleqa-457,0.1,1,0.1,0.9,True,True,True,False
simpleqa-243,0.1,2,0.35,0.4,True,True,True,False
simpleqa-1283,0.1,3,0.1,0.6,False,False,False,True
simpleqa-2090,0.1,2,0.1,0.75,True,True,True,False
simpleqa-1420,0.1,2,0.9,0.05,False,False,True,False
simpleqa-812,0.1,4,0.15,0.4,True,True,True,False
simpleqa-1947,0.1,2,0.15,0.8,False,False,True,False
simpleqa-1461,0.1,2,0.9,0.05,False,False,True,False
simpleqa-1854,0.1,5,0.1,0.8,True,True,True,False
simpleqa-3675,0.1,2,0.1,0.8,True,True,True,False
simpleqa-3172,0.1,1,0.05,0.95,True,True,True,False
simpleqa-1620,0.1,2,0.15,0.75,True,True,True,False
simpleqa-4274,0.1,3,0.1,0.7,True,True,True,False
simpleqa-1460,0.1,2,0.05,0.8,False,False,False,True
simpleqa-3520,0.1,3,0.05,0.8,True,True,True,False
simpleqa-2588,0.1,4,0.1,0.4,False,False,True,False
simpleqa-1432,0.1,2,0.05,0.7,False,False,False,True
simpleqa-3533,0.1,2,0.1,0.6,True,True,True,False
simpleqa-2032,0.1,4,0.8,0.05,False,False,True,False
simpleqa-3924,0.1,3,0.05,0.6,False,False,False,True
simpleqa-1808,0.1,2,0.1,0.8,True,True,True,False
simpleqa-1067,0.1,4,0.07,0.5,True,True,True,False
simpleqa-3603,0.1,4,0.15,0.4,True,True,True,False
simpleqa-870,0.1,3,0.02,0.85,True,True,True,False
simpleqa-1873,0.1,1,0.05,0.95,True,True,True,False
simpleqa-4142,0.1,5,0.6,0.1,True,True,True,False
simpleqa-3441,0.1,3,0.1,0.6,False,False,False,True
simpleqa-597,0.1,2,0.1,0.8,False,False,False,True
simpleqa-3028,0.1,0,1.0,,False,False,True,False
simpleqa-978,0.1,2,0.02,0.95,True,True,True,False
simpleqa-1689,0.1,2,0.1,0.75,True,True,True,False
simpleqa-1579,0.1,0,1.0,,False,False,True,False
simpleqa-296,0.1,3,0.6,0.2,False,False,True,False
simpleqa-162,0.1,2,0.2,0.6,False,False,True,False
simpleqa-2933,0.1,3,0.1,0.6,True,True,True,False
simpleqa-1179,0.1,4,0.1,0.4,True,True,True,False
simpleqa-4007,0.1,3,0.1,0.8,True,True,True,False
simpleqa-2145,0.1,3,0.1,0.75,True,True,True,False
simpleqa-3677,0.1,2,0.1,0.85,True,True,True,False
simpleqa-3636,0.1,4,0.1,0.4,True,True,True,False
simpleqa-398,0.1,2,0.15,0.6,True,True,True,False
simpleqa-4320,0.1,2,0.1,0.75,True,True,True,False
simpleqa-1752,0.1,2,0.1,0.75,True,True,True,False
simpleqa-1442,0.5,2,0.1,0.75,True,True,True,False
simpleqa-3023,0.5,1,0.15,0.85,True,True,True,False
simpleqa-1874,0.5,3,0.05,0.85,True,False,False,True
simpleqa-3589,0.5,2,0.05,0.85,True,True,True,False
simpleqa-299,0.5,1,0.05,0.95,True,True,True,False
simpleqa-2870,0.5,2,0.05,0.8,True,True,True,False
simpleqa-583,0.5,2,0.05,0.85,True,True,True,False
simpleqa-2685,0.5,2,0.3,0.6,True,True,True,False
simpleqa-4177,0.5,4,0.1,0.4,True,True,True,False
simpleqa-3211,0.5,1,0.05,0.95,False,False,False,True
simpleqa-2218,0.5,1,0.15,0.85,True,True,True,False
simpleqa-383,0.5,2,0.1,0.85,True,True,True,False
simpleqa-3753,0.5,2,0.1,0.85,True,True,True,False
simpleqa-2076,0.5,3,0.15,0.6,False,False,True,False
simpleqa-1030,0.5,2,0.2,0.6,False,False,True,False
simpleqa-3680,0.5,1,0.05,0.95,True,True,True,False
simpleqa-3668,0.5,3,0.2,0.4,True,True,True,False
simpleqa-13,0.5,2,0.05,0.85,True,True,True,False
simpleqa-2491,0.5,1,0.1,0.9,False,False,False,True
simpleqa-3244,0.5,2,0.1,0.85,True,True,True,False
simpleqa-3550,0.5,2,0.1,0.8,False,False,False,True
simpleqa-3406,0.5,3,0.1,0.45,True,True,True,False
simpleqa-2370,0.5,5,0.8,0.04,False,False,True,False
simpleqa-252,0.5,5,0.2,0.25,True,True,True,False
simpleqa-1219,0.5,1,0.05,0.95,True,True,True,False
simpleqa-4210,0.5,2,0.15,0.8,True,True,True,False
simpleqa-729,0.5,2,0.1,0.8,True,True,True,False
simpleqa-3034,0.5,2,0.1,0.6,True,True,True,False
simpleqa-2740,0.5,4,0.2,0.25,True,True,True,False
simpleqa-1281,0.5,2,0.3,0.4,True,True,True,False
simpleqa-1757,0.5,3,0.3,0.4,True,True,True,False
simpleqa-1993,0.5,3,0.15,0.4,True,True,True,False
simpleqa-41,0.5,2,0.15,0.6,False,False,True,False
simpleqa-1413,0.5,2,0.1,0.8,True,True,True,False
simpleqa-2512,0.5,3,0.05,0.6,True,True,True,False
simpleqa-2017,0.5,2,0.05,0.85,True,True,True,False
simpleqa-2496,0.5,1,0.05,0.95,True,True,True,False
simpleqa-879,0.5,3,0.1,0.6,False,False,False,True
simpleqa-527,0.5,1,0.05,0.95,True,True,True,False
simpleqa-1987,0.5,2,0.1,0.85,True,True,True,False
simpleqa-2968,0.5,4,0.1,0.4,True,True,True,False
simpleqa-120,0.5,0,1.0,,False,False,True,False
simpleqa-3803,0.5,2,0.1,0.8,True,True,True,False
simpleqa-190,0.5,1,0.4,0.6,False,False,True,False
simpleqa-4046,0.5,3,0.1,0.6,True,True,True,False
simpleqa-3578,0.5,2,0.6,0.25,False,False,True,False
simpleqa-3058,0.5,3,0.15,0.4,True,True,True,False
simpleqa-351,0.5,1,0.15,0.85,True,True,True,False
simpleqa-2846,0.5,2,0.1,0.85,True,True,True,False
simpleqa-83,0.5,4,0.15,0.3,True,True,True,False
simpleqa-740,0.5,3,0.1,0.45,True,True,True,False
simpleqa-2061,0.5,2,0.15,0.6,True,True,True,False
simpleqa-4302,0.5,1,0.05,0.95,True,True,True,False
simpleqa-3917,0.5,4,0.1,0.6,True,True,True,False
simpleqa-110,0.5,1,0.05,0.95,True,True,True,False
simpleqa-355,0.5,3,0.3,0.4,True,True,True,False
simpleqa-2599,0.5,4,0.1,0.4,True,True,True,False
simpleqa-3381,0.5,3,0.05,0.45,True,True,True,False
simpleqa-3435,0.5,3,0.05,0.8,True,True,True,False
simpleqa-283,0.5,3,0.1,0.75,True,True,True,False
simpleqa-794,0.5,3,0.05,0.6,True,True,True,False
simpleqa-115,0.5,3,0.2,0.4,True,True,True,False
simpleqa-3096,0.5,2,0.1,0.8,True,True,True,False
simpleqa-3051,0.5,2,0.1,0.8,True,True,True,False
simpleqa-3281,0.5,2,0.25,0.5,True,True,True,False
simpleqa-2623,0.5,1,0.05,0.95,True,True,True,False
simpleqa-3425,0.5,2,0.1,0.85,True,True,True,False
simpleqa-4289,0.5,3,0.05,0.85,True,True,True,False
simpleqa-486,0.5,4,0.8,0.05,False,False,True,False
simpleqa-4257,0.5,3,0.05,0.7,True,True,True,False
simpleqa-743,0.5,3,0.2,0.5,True,True,True,False
simpleqa-1615,0.5,5,0.35,0.2,False,False,True,False
simpleqa-3827,0.5,2,0.1,0.75,True,True,True,False
simpleqa-2542,0.5,4,0.05,0.4,True,True,True,False
simpleqa-3104,0.5,3,0.1,0.75,False,False,True,False
simpleqa-659,0.5,4,0.4,0.2,False,False,True,False
simpleqa-1849,0.5,3,0.1,0.8,True,True,True,False
simpleqa-2713,0.5,4,0.4,0.3,False,False,True,False
simpleqa-2783,0.5,3,0.1,0.8,True,True,True,False
simpleqa-3133,0.5,3,0.2,0.5,True,True,True,False
simpleqa-3037,0.5,5,0.15,0.25,True,True,True,False
simpleqa-2296,0.5,1,0.05,0.95,True,True,True,False
simpleqa-982,0.5,2,0.1,0.8,True,True,True,False
simpleqa-1765,0.5,5,0.1,0.4,True,True,True,False
simpleqa-168,0.5,1,0.05,0.95,False,False,False,True
simpleqa-2739,0.5,1,0.1,0.85,False,False,True,False
simpleqa-3286,0.5,2,0.1,0.6,True,True,True,False
simpleqa-3694,0.5,2,0.45,0.4,True,True,True,False
simpleqa-3393,0.5,4,0.4,0.2,False,False,True,False
simpleqa-135,0.5,2,0.1,0.85,True,True,True,False
simpleqa-559,0.5,3,0.1,0.6,True,True,True,False
simpleqa-1429,0.5,2,0.1,0.6,True,True,True,False
simpleqa-980,0.5,1,0.05,0.95,True,True,True,False
simpleqa-2239,0.5,2,0.5,0.4,False,False,True,False
simpleqa-3114,0.5,2,0.1,0.6,True,True,True,False
simpleqa-2268,0.5,3,0.2,0.4,True,True,True,False
simpleqa-2242,0.5,2,0.25,0.6,True,True,True,False
simpleqa-69,0.5,3,0.05,0.8,True,True,True,False
simpleqa-92,0.5,4,0.15,0.4,False,False,True,False
simpleqa-2234,0.5,1,0.05,0.95,True,True,True,False
simpleqa-1051,0.5,3,0.15,0.4,True,True,True,False
simpleqa-1800,0.5,3,0.2,0.4,False,False,True,False
simpleqa-2185,0.5,2,0.15,0.5,True,True,True,False
simpleqa-966,0.5,3,0.1,0.6,True,True,True,False
simpleqa-1532,0.5,3,0.1,0.6,True,True,True,False
simpleqa-277,0.5,1,0.05,0.95,True,True,True,False
simpleqa-4305,0.5,3,0.07,0.85,True,True,True,False
simpleqa-3117,0.5,2,0.05,0.5,True,True,True,False
simpleqa-2106,0.5,1,0.05,0.95,True,True,True,False
simpleqa-254,0.5,5,0.95,0.01,False,False,True,False
simpleqa-3892,0.5,4,0.1,0.4,False,False,True,False
simpleqa-3946,0.5,1,0.05,0.95,True,True,True,False
simpleqa-1087,0.5,2,0.25,0.4,True,True,True,False
simpleqa-3865,0.5,4,0.1,0.6,True,True,True,False
simpleqa-4301,0.5,3,0.15,0.4,True,True,True,False
simpleqa-1371,0.5,3,0.2,0.4,False,False,True,False
simpleqa-2141,0.5,4,0.1,0.4,True,True,True,False
simpleqa-2832,0.5,3,0.05,0.8,False,False,False,True
simpleqa-18,0.5,2,0.05,0.8,True,True,True,False
simpleqa-889,0.5,2,0.05,0.9,True,True,True,False
simpleqa-718,0.5,2,0.1,0.8,False,False,False,True
simpleqa-653,0.5,3,0.15,0.6,True,True,True,False
simpleqa-1462,0.5,3,0.05,0.85,True,True,True,False
simpleqa-2727,0.5,10,0.21,0.1,True,True,True,False
simpleqa-149,0.5,1,0.05,0.95,True,True,True,False
simpleqa-3929,0.5,3,0.1,0.45,True,True,True,False
simpleqa-1334,0.5,2,0.7,0.2,False,False,True,False
simpleqa-1913,0.5,3,0.1,0.6,False,False,True,False
simpleqa-1058,0.5,4,0.1,0.45,True,True,True,False
simpleqa-3020,0.5,5,0.95,0.01,False,False,True,False
simpleqa-1735,0.5,3,0.1,0.6,True,True,True,False
simpleqa-1447,0.5,4,0.1,0.4,True,True,True,False
simpleqa-1401,0.5,3,0.1,0.7,True,True,True,False
simpleqa-538,0.5,2,0.05,0.8,False,False,False,True
simpleqa-1663,0.5,3,0.1,0.6,True,True,True,False
simpleqa-2591,0.5,2,0.15,0.6,True,True,True,False
simpleqa-4008,0.5,3,0.15,0.45,True,True,True,False
simpleqa-616,0.5,1,0.15,0.85,False,False,True,False
simpleqa-645,0.5,3,0.1,0.4,True,True,True,False
simpleqa-757,0.5,1,0.05,0.95,True,True,True,False
simpleqa-1040,0.5,2,0.05,0.85,True,True,True,False
simpleqa-1539,0.5,1,0.05,0.95,True,True,True,False
simpleqa-3295,0.5,2,0.1,0.85,True,True,True,False
simpleqa-3511,0.5,5,0.05,0.5,True,True,True,False
simpleqa-1764,0.5,0,1.0,,False,False,True,False
simpleqa-307,0.5,2,0.5,0.35,False,False,True,False
simpleqa-4102,0.5,2,0.1,0.7,True,True,True,False
simpleqa-1369,0.5,2,0.1,0.85,True,True,True,False
simpleqa-2865,0.5,2,0.0,0.5,False,False,False,True
simpleqa-2397,0.5,2,0.1,0.6,True,True,True,False
simpleqa-3006,0.5,1,0.05,0.95,True,True,True,False
simpleqa-495,0.5,3,0.1,0.8,True,True,True,False
simpleqa-3786,0.5,2,0.05,0.85,True,True,True,False
simpleqa-561,0.5,1,0.05,0.95,True,True,True,False
simpleqa-2930,0.5,3,0.15,0.7,True,True,True,False
simpleqa-705,0.5,3,0.45,0.3,False,False,True,False
simpleqa-3915,0.5,3,0.05,0.8,True,True,True,False
simpleqa-3239,0.5,1,0.95,0.05,False,False,True,False
simpleqa-2426,0.5,2,0.2,0.6,True,True,True,False
simpleqa-2550,0.5,2,0.3,0.6,True,True,True,False
simpleqa-3885,0.5,1,0.15,0.85,True,True,True,False
simpleqa-483,0.5,4,0.1,0.4,True,False,True,False
simpleqa-2474,0.5,3,0.1,0.6,False,False,True,False
simpleqa-2993,0.5,4,0.15,0.3,False,False,True,False
simpleqa-3163,0.5,6,0.3,0.15,True,True,True,False
simpleqa-3324,0.5,2,0.1,0.6,False,False,True,False
simpleqa-2476,0.5,3,0.15,0.6,False,False,True,False
simpleqa-3577,0.5,1,0.05,0.95,True,True,True,False
simpleqa-596,0.5,1,0.05,0.95,True,True,True,False
simpleqa-3298,0.5,3,0.1,0.8,True,True,True,False
simpleqa-3327,0.5,3,0.05,0.8,True,True,True,False
simpleqa-911,0.5,2,0.1,0.8,True,True,True,False
simpleqa-1989,0.5,0,1.0,,False,False,True,False
simpleqa-1518,0.5,3,0.15,0.7,True,True,True,False
simpleqa-1406,0.5,2,0.1,0.6,True,True,True,False
simpleqa-1479,0.5,1,0.05,0.95,True,True,True,False
simpleqa-3834,0.5,1,0.15,0.85,True,True,True,False
simpleqa-1476,0.5,2,0.1,0.8,True,True,True,False
simpleqa-3610,0.5,2,0.1,0.8,True,True,True,False
simpleqa-2787,0.5,2,0.1,0.7,True,True,True,False
simpleqa-3389,0.5,2,0.05,0.85,True,True,True,False
simpleqa-1597,0.5,2,0.1,0.85,False,False,True,False
simpleqa-813,0.5,3,0.1,0.45,True,True,True,False
simpleqa-2269,0.5,2,0.15,0.7,True,True,True,False
simpleqa-4317,0.5,1,0.2,0.8,False,False,True,False
simpleqa-3292,0.5,2,0.05,0.85,True,True,True,False
simpleqa-3087,0.5,1,0.05,0.95,True,True,True,False
simpleqa-3052,0.5,2,0.35,0.4,True,True,True,False
simpleqa-3519,0.5,3,0.1,0.6,False,False,False,True
simpleqa-2617,0.5,3,0.1,0.45,True,True,True,False
simpleqa-1449,0.5,1,0.15,0.85,True,True,True,False
simpleqa-2495,0.5,4,0.2,0.3,False,False,True,False
simpleqa-2400,0.5,1,0.05,0.95,True,True,True,False
simpleqa-1632,0.5,2,0.05,0.85,True,True,True,False
simpleqa-4111,0.5,2,0.05,0.85,True,True,True,False
simpleqa-2237,0.5,4,0.1,0.4,True,True,True,False
simpleqa-2407,0.5,1,0.15,0.85,True,True,True,False
simpleqa-2899,0.5,1,0.05,0.95,True,True,True,False
simpleqa-2414,0.5,2,0.1,0.8,True,True,True,False
simpleqa-4283,0.5,2,0.1,0.7,True,True,True,False
simpleqa-3115,0.5,3,0.6,0.2,False,False,True,False
simpleqa-256,0.5,4,0.15,0.4,True,True,True,False
simpleqa-2504,0.5,4,0.1,0.3,True,True,True,False
simpleqa-2700,0.5,3,0.3,0.4,True,True,True,False
simpleqa-196,0.5,3,0.15,0.7,True,True,True,False
simpleqa-286,0.5,2,0.15,0.5,False,False,True,False
simpleqa-2282,0.5,2,0.15,0.6,False,False,True,False
simpleqa-2645,0.5,2,0.1,0.85,True,True,True,False
simpleqa-1969,0.5,2,0.1,0.85,True,True,True,False
simpleqa-689,0.5,1,0.7,0.3,False,False,True,False
simpleqa-2605,0.5,5,0.05,0.4,True,True,True,False
simpleqa-4089,0.5,0,1.0,,False,False,True,False
simpleqa-1991,0.5,1,0.15,0.85,False,False,True,False
simpleqa-2988,0.5,2,0.05,0.6,True,True,True,False
simpleqa-261,0.5,2,0.1,0.75,True,True,True,False
simpleqa-4231,0.5,3,0.1,0.8,True,True,True,False
simpleqa-1598,0.5,4,0.1,0.4,False,False,True,False
simpleqa-380,0.5,2,0.02,0.95,True,True,True,False
simpleqa-1287,0.5,3,0.95,0.02,False,False,True,False
simpleqa-2283,0.5,4,0.05,0.8,True,True,True,False
simpleqa-1533,0.5,3,0.45,0.25,False,False,True,False
simpleqa-1818,0.5,4,0.1,0.6,True,True,True,False
simpleqa-1906,0.5,1,0.05,0.95,True,True,True,False
simpleqa-3407,0.5,4,0.25,0.25,True,True,True,False
simpleqa-2094,0.5,5,0.6,0.1,False,False,True,False
simpleqa-1647,0.5,2,0.1,0.5,True,True,True,False
simpleqa-1178,0.5,4,0.8,0.05,False,False,True,False
simpleqa-2679,0.5,2,0.1,0.8,True,True,True,False
simpleqa-1231,0.5,2,0.1,0.85,True,True,True,False
simpleqa-11,0.5,1,0.95,0.05,True,False,True,False
simpleqa-666,0.5,4,0.1,0.6,True,False,True,False
simpleqa-3671,0.5,2,0.15,0.7,True,True,True,False
simpleqa-1477,0.5,3,0.05,0.8,True,True,True,False
simpleqa-2366,0.5,1,0.05,0.95,True,True,True,False
simpleqa-104,0.5,5,0.9,0.02,False,False,True,False
simpleqa-55,0.5,3,0.1,0.4,True,True,True,False
simpleqa-3315,0.5,2,0.6,0.25,False,False,True,False
simpleqa-360,0.5,3,0.1,0.6,True,True,True,False
simpleqa-186,0.5,3,0.1,0.4,True,True,True,False
simpleqa-1267,0.5,3,0.1,0.4,True,True,True,False
simpleqa-3072,0.5,2,0.05,0.85,True,True,True,False
simpleqa-3090,0.5,1,0.05,0.95,True,True,True,False
simpleqa-3247,0.5,3,0.1,0.4,True,True,True,False
simpleqa-1890,0.5,2,0.15,0.6,True,True,True,False
simpleqa-2978,0.5,1,0.05,0.95,True,True,True,False
simpleqa-548,0.5,1,0.05,0.95,True,True,True,False
simpleqa-1588,0.5,3,0.35,0.4,True,True,True,False
simpleqa-3329,0.5,2,0.1,0.6,False,False,True,False
simpleqa-3245,0.5,3,0.15,0.4,True,True,True,False
simpleqa-1870,0.5,3,0.1,0.7,True,True,True,False
simpleqa-2373,0.5,3,0.1,0.7,True,True,True,False
simpleqa-291,0.5,4,0.1,0.4,True,True,True,False
simpleqa-3357,0.5,2,0.1,0.85,False,False,True,False
simpleqa-469,0.5,3,0.05,0.85,True,True,True,False
simpleqa-986,0.5,4,0.15,0.25,False,False,True,False
simpleqa-3697,0.5,2,0.05,0.9,True,True,True,False
simpleqa-3371,0.5,2,0.1,0.85,True,True,True,False
simpleqa-2194,0.5,1,0.1,0.9,True,True,True,False
simpleqa-1039,0.5,1,0.05,0.95,True,True,True,False
simpleqa-1905,0.5,4,0.15,0.4,True,True,True,False
simpleqa-4058,0.5,3,0.15,0.4,True,True,True,False
simpleqa-309,0.5,4,0.2,0.25,True,True,True,False
simpleqa-3097,0.5,4,0.2,0.4,True,True,True,False
simpleqa-1709,0.5,3,0.2,0.4,True,True,True,False
simpleqa-4129,0.5,4,0.6,0.1,False,False,True,False
simpleqa-3168,0.5,1,0.05,0.95,True,True,True,False
simpleqa-3549,0.5,2,0.1,0.85,True,True,True,False
simpleqa-1162,0.5,4,0.1,0.7,True,True,True,False
simpleqa-2629,0.5,3,0.1,0.4,True,True,True,False
simpleqa-1852,0.5,2,0.1,0.75,False,False,False,True
simpleqa-3255,0.5,2,0.1,0.8,True,True,True,False
simpleqa-920,0.5,2,0.1,0.5,False,False,False,True
simpleqa-1629,0.5,3,0.1,0.75,True,True,True,False
simpleqa-4104,0.5,3,0.1,0.6,False,False,True,False
simpleqa-2649,0.5,4,0.1,0.7,True,True,True,False
simpleqa-1796,0.5,4,0.8,0.05,False,False,True,False
simpleqa-1217,0.5,1,0.05,0.95,True,True,True,False
simpleqa-50,0.5,1,0.15,0.8,True,True,True,False
simpleqa-3698,0.5,1,0.2,0.8,True,True,True,False
simpleqa-1045,0.5,2,0.1,0.85,False,False,True,False
simpleqa-1374,0.5,1,0.8,0.2,False,False,True,False
simpleqa-3260,0.5,1,0.95,0.05,False,False,True,False
simpleqa-1653,0.5,4,0.1,0.4,True,True,True,False
simpleqa-1568,0.5,3,0.1,0.7,False,False,True,False
simpleqa-2732,0.5,3,0.1,0.75,True,True,True,False
simpleqa-1676,0.5,2,0.1,0.85,False,False,True,False
simpleqa-3835,0.5,3,0.1,0.6,False,False,True,False
simpleqa-985,0.5,1,0.05,0.95,True,True,True,False
simpleqa-578,0.5,3,0.05,0.8,True,True,True,False
simpleqa-1522,0.5,4,0.7,0.1,False,False,True,False
simpleqa-1976,0.5,4,0.95,0.02,False,False,True,False
simpleqa-893,0.5,1,0.1,0.9,True,True,True,False
simpleqa-3750,0.5,2,0.2,0.4,True,True,True,False
simpleqa-4074,0.5,1,0.05,0.95,False,False,False,True
simpleqa-1373,0.5,3,0.1,0.7,False,False,True,False
simpleqa-1124,0.5,1,0.6,0.4,False,False,True,False
simpleqa-798,0.5,5,0.25,0.3,False,False,True,False
simpleqa-1920,0.5,2,0.75,0.15,True,False,True,False
simpleqa-541,0.5,4,0.15,0.4,True,True,True,False
simpleqa-266,0.5,4,0.05,0.85,True,True,True,False
simpleqa-2941,0.5,2,0.05,0.85,True,True,True,False
simpleqa-2733,0.5,1,0.05,0.95,True,True,True,False
simpleqa-3198,0.5,4,0.05,0.4,True,True,True,False
simpleqa-2403,0.5,3,0.05,0.85,True,True,True,False
simpleqa-273,0.5,2,0.05,0.9,True,True,True,False
simpleqa-3429,0.5,2,0.02,0.95,True,False,False,True
simpleqa-2063,0.5,5,0.15,0.3,True,True,True,False
simpleqa-3903,0.5,2,0.2,0.6,True,True,True,False
simpleqa-2303,0.5,2,0.15,0.6,False,False,True,False
simpleqa-776,0.5,2,0.15,0.75,True,True,True,False
simpleqa-1670,0.5,0,1.0,,False,False,True,False
simpleqa-2342,0.5,3,0.05,0.85,True,True,True,False
simpleqa-4251,0.5,2,0.1,0.7,True,True,True,False
simpleqa-3029,0.5,1,0.05,0.95,True,True,True,False
simpleqa-2715,0.5,3,0.2,0.4,False,False,True,False
simpleqa-857,0.5,1,0.95,0.05,False,False,True,False
simpleqa-1962,0.5,3,0.1,0.75,True,True,True,False
simpleqa-2192,0.5,4,0.1,0.6,True,True,True,False
simpleqa-694,0.5,4,0.25,0.4,True,True,True,False
simpleqa-100,0.5,3,0.1,0.4,True,True,True,False
simpleqa-1383,0.5,1,0.05,0.95,True,True,True,False
simpleqa-876,0.5,2,0.05,0.85,True,True,True,False
simpleqa-1979,0.5,2,0.5,0.3,False,False,True,False
simpleqa-3583,0.5,4,0.2,0.4,True,True,True,False
simpleqa-2557,0.5,1,0.2,0.8,True,True,True,False
simpleqa-755,0.5,1,0.05,0.95,True,True,True,False
simpleqa-3332,0.5,3,0.1,0.5,True,True,True,False
simpleqa-3960,0.5,2,0.55,0.3,True,True,True,False
simpleqa-2622,0.5,1,0.1,0.9,True,True,True,False
simpleqa-2081,0.5,4,0.15,0.4,True,True,True,False
simpleqa-111,0.5,1,0.15,0.85,True,True,True,False
simpleqa-3961,0.5,3,0.15,0.6,True,True,True,False
simpleqa-26,0.5,3,0.2,0.4,False,False,True,False
simpleqa-1575,0.5,0,1.0,,False,False,True,False
simpleqa-4290,0.5,2,0.1,0.85,True,True,True,False
simpleqa-1403,0.5,3,0.15,0.4,True,True,True,False
simpleqa-419,0.5,3,0.1,0.4,True,True,True,False
simpleqa-3524,0.5,1,0.2,0.8,True,True,True,False
simpleqa-2086,0.5,2,0.05,0.75,True,True,True,False
simpleqa-2524,0.5,4,0.1,0.6,False,False,True,False
simpleqa-2134,0.5,1,0.05,0.95,True,True,True,False
simpleqa-2855,0.5,2,0.5,0.3,True,True,True,False
simpleqa-4139,0.5,2,0.1,0.5,True,True,True,False
simpleqa-4045,0.5,2,0.2,0.7,False,False,True,False
simpleqa-1495,0.5,3,0.15,0.6,False,False,True,False
simpleqa-2924,0.5,3,0.15,0.4,False,False,True,False
simpleqa-2412,0.5,4,0.1,0.4,True,True,True,False
simpleqa-562,0.5,2,0.1,0.85,True,True,True,False
simpleqa-222,0.5,4,0.5,0.15,False,False,True,False
simpleqa-2219,0.5,3,0.1,0.6,True,True,True,False
simpleqa-4097,0.5,4,0.3,0.35,False,False,True,False
simpleqa-3249,0.5,5,0.6,0.1,False,False,True,False
simpleqa-376,0.5,2,0.1,0.8,True,True,True,False
simpleqa-3248,0.5,5,0.35,0.2,False,False,True,False
simpleqa-3164,0.5,2,0.15,0.8,False,False,True,False
simpleqa-4000,0.5,1,0.05,0.95,True,True,True,False
simpleqa-2856,0.5,3,0.1,0.8,True,True,True,False
simpleqa-3811,0.5,2,0.1,0.85,True,True,True,False
simpleqa-1243,0.5,3,0.05,0.45,True,True,True,False
simpleqa-1680,0.5,4,0.75,0.1,False,False,True,False
simpleqa-2576,0.5,3,0.05,0.85,True,True,True,False
simpleqa-70,0.5,1,0.05,0.95,True,True,True,False
simpleqa-3465,0.5,3,0.1,0.6,True,True,True,False
simpleqa-1799,0.5,2,0.95,0.02,False,False,True,False
simpleqa-657,0.5,3,0.1,0.75,True,True,True,False
simpleqa-2859,0.5,1,0.1,0.9,True,True,True,False
simpleqa-3428,0.5,2,0.1,0.6,True,True,True,False
simpleqa-1955,0.5,2,0.2,0.5,True,True,True,False
simpleqa-804,0.5,1,0.05,0.95,True,True,True,False
simpleqa-2717,0.5,2,0.1,0.6,True,True,True,False
simpleqa-1382,0.5,5,0.3,0.2,False,False,True,False
simpleqa-3421,0.5,2,0.1,0.5,True,True,True,False
simpleqa-3836,0.5,2,0.1,0.8,True,True,True,False
simpleqa-2080,0.5,2,0.25,0.6,True,True,True,False
simpleqa-3839,0.5,4,0.5,0.15,True,True,True,False
simpleqa-3691,0.5,3,0.35,0.3,False,False,True,False
simpleqa-3806,0.5,1,0.05,0.95,True,True,True,False
simpleqa-2951,0.5,2,0.1,0.5,True,True,True,False
simpleqa-1438,0.5,3,0.15,0.4,True,True,True,False
simpleqa-1094,0.5,2,0.1,0.85,True,True,True,False
simpleqa-2056,0.5,3,0.1,0.5,True,True,True,False
simpleqa-235,0.5,6,0.15,0.4,True,True,True,False
simpleqa-1942,0.5,1,0.05,0.95,True,True,True,False
simpleqa-632,0.5,2,0.1,0.85,False,False,True,False
simpleqa-4280,0.5,4,0.2,0.4,True,False,True,False
simpleqa-3206,0.5,5,0.1,0.3,False,False,False,True
simpleqa-4132,0.5,4,0.15,0.35,True,True,True,False
simpleqa-533,0.5,1,0.05,0.95,True,True,True,False
simpleqa-2809,0.5,3,0.25,0.4,False,False,True,False
simpleqa-2954,0.5,2,0.1,0.85,False,False,True,False
simpleqa-3343,0.5,2,0.1,0.8,False,False,False,True
simpleqa-2168,0.5,2,0.05,0.85,True,True,True,False
simpleqa-3751,0.5,1,0.2,0.8,True,True,True,False
simpleqa-446,0.5,2,0.1,0.8,True,True,True,False
simpleqa-1114,0.5,1,0.05,0.95,True,True,True,False
simpleqa-3921,0.5,1,0.05,0.95,True,True,True,False
simpleqa-690,0.5,3,0.05,0.85,False,False,False,True
simpleqa-1970,0.5,2,0.1,0.45,False,False,False,True
simpleqa-325,0.5,4,0.1,0.4,True,True,True,False
simpleqa-4010,0.5,2,0.1,0.8,True,True,True,False
simpleqa-818,0.5,2,0.1,0.8,True,True,True,False
simpleqa-3503,0.5,6,0.1,0.2,True,True,True,False
simpleqa-1358,0.5,2,0.9,0.05,False,False,True,False
simpleqa-4235,0.5,2,0.1,0.8,False,False,False,True
simpleqa-2238,0.5,3,0.05,0.6,True,True,True,False
simpleqa-1697,0.5,2,0.1,0.6,True,True,True,False
simpleqa-744,0.5,4,0.1,0.4,False,False,True,False
simpleqa-1929,0.5,2,0.05,0.85,True,True,True,False
simpleqa-1821,0.5,2,0.05,0.8,True,True,True,False
simpleqa-2252,0.5,1,0.1,0.9,True,True,True,False
simpleqa-2270,0.5,1,0.05,0.95,True,True,True,False
simpleqa-3755,0.5,3,0.05,0.85,True,True,True,False
simpleqa-738,0.5,2,0.15,0.45,False,False,True,False
simpleqa-825,0.5,3,0.1,0.5,True,True,True,False
simpleqa-3614,0.5,2,0.15,0.45,True,True,True,False
simpleqa-606,0.5,0,1.0,,False,False,True,False
simpleqa-668,0.5,2,0.1,0.6,True,True,True,False
simpleqa-706,0.5,2,0.1,0.85,True,True,True,False
simpleqa-3427,0.5,1,0.05,0.95,False,False,False,True
simpleqa-1384,0.5,2,0.3,0.4,False,False,True,False
simpleqa-201,0.5,2,0.2,0.4,False,False,True,False
simpleqa-560,0.5,2,0.1,0.85,True,True,True,False
simpleqa-2536,0.5,3,0.1,0.6,True,True,True,False
simpleqa-4031,0.5,4,0.15,0.4,True,True,True,False
simpleqa-56,0.5,2,0.1,0.8,True,True,True,False
simpleqa-952,0.5,3,0.05,0.85,True,True,True,False
simpleqa-1169,0.5,3,0.05,0.85,True,True,True,False
simpleqa-2528,0.5,2,0.1,0.8,True,True,True,False
simpleqa-1811,0.5,4,0.1,0.5,False,False,False,True
simpleqa-2096,0.5,2,0.25,0.6,False,False,True,False
simpleqa-661,0.5,1,0.05,0.95,True,True,True,False
simpleqa-4070,0.5,2,0.3,0.4,False,False,True,False
simpleqa-1020,0.5,2,0.15,0.6,False,False,True,False
simpleqa-3540,0.5,1,0.05,0.95,False,False,False,True
simpleqa-1084,0.5,3,0.05,0.6,True,True,True,False
simpleqa-2437,0.5,1,0.05,0.95,True,True,True,False
simpleqa-2616,0.5,4,0.1,0.6,True,True,True,False
simpleqa-3814,0.5,2,0.1,0.5,True,True,True,False
simpleqa-521,0.5,2,0.1,0.6,True,True,True,False
simpleqa-4182,0.5,3,0.15,0.65,False,False,True,False
simpleqa-3797,0.5,2,0.2,0.6,False,False,True,False
simpleqa-946,0.5,2,0.05,0.9,True,True,True,False
simpleqa-838,0.5,1,0.25,0.7,True,True,True,False
simpleqa-3183,0.5,3,0.1,0.6,True,True,True,False
simpleqa-591,0.5,2,0.1,0.85,True,True,True,False
simpleqa-1232,0.5,3,0.9,0.05,False,False,True,False
simpleqa-1837,0.5,4,0.8,0.05,False,False,True,False
simpleqa-1472,0.5,4,0.35,0.2,True,True,True,False
simpleqa-3418,0.5,3,0.2,0.4,False,False,True,False
simpleqa-2620,0.5,2,0.15,0.6,True,True,True,False
simpleqa-1836,0.5,2,0.15,0.8,True,True,True,False
simpleqa-1659,0.5,2,0.1,0.85,True,True,True,False
simpleqa-3415,0.5,2,0.15,0.75,False,False,True,False
simpleqa-3700,0.5,1,0.05,0.95,True,True,True,False
simpleqa-422,0.5,3,0.1,0.7,True,True,True,False
simpleqa-3202,0.5,2,0.05,0.8,True,True,True,False
simpleqa-3804,0.5,2,0.05,0.85,True,True,True,False
simpleqa-4128,0.5,4,0.15,0.4,True,True,True,False
simpleqa-885,0.5,1,0.05,0.95,True,True,True,False
simpleqa-2775,0.5,2,0.1,0.8,True,True,True,False
simpleqa-1318,0.5,1,0.05,0.95,True,True,True,False
simpleqa-89,0.5,2,0.05,0.6,True,True,True,False
simpleqa-502,0.5,2,0.2,0.6,True,True,True,False
simpleqa-2109,0.5,2,0.1,0.85,True,True,True,False
simpleqa-1424,0.5,1,0.05,0.95,True,True,True,False
simpleqa-2323,0.5,2,0.1,0.75,False,False,False,True
simpleqa-2768,0.5,4,0.2,0.35,True,True,True,False
simpleqa-3191,0.5,3,0.05,0.85,True,True,True,False
simpleqa-1839,0.5,3,0.07,0.85,True,True,True,False
simpleqa-1095,0.5,2,0.05,0.85,False,False,False,True
simpleqa-3154,0.5,1,0.95,0.05,False,False,True,False
simpleqa-1090,0.5,5,0.15,0.25,True,True,True,False
simpleqa-195,0.5,3,0.1,0.4,True,False,True,False
simpleqa-3126,0.5,1,0.0,0.95,True,True,True,False
simpleqa-3179,0.5,4,0.15,0.35,False,False,True,False
simpleqa-3666,0.5,3,0.1,0.4,False,False,True,False
simpleqa-3692,0.5,1,0.15,0.85,True,True,True,False
simpleqa-3275,0.5,2,0.25,0.6,True,True,True,False
simpleqa-731,0.5,3,0.05,0.6,True,True,True,False
simpleqa-4133,0.5,3,0.35,0.4,True,True,True,False
simpleqa-3439,0.5,2,0.05,0.8,True,True,True,False
simpleqa-1052,0.5,2,0.8,0.15,False,False,True,False
simpleqa-3344,0.5,2,0.15,0.4,True,True,True,False
simpleqa-1110,0.5,3,0.05,0.8,True,True,True,False
simpleqa-4217,0.5,2,0.45,0.4,True,True,True,False
simpleqa-3450,0.5,5,0.2,0.25,False,False,True,False
simpleqa-636,0.5,3,0.15,0.6,True,True,True,False
simpleqa-1277,0.5,2,0.8,0.1,False,False,True,False
simpleqa-2116,0.5,2,0.1,0.8,True,True,True,False
simpleqa-3906,0.5,1,0.05,0.95,True,True,True,False
simpleqa-732,0.5,1,0.05,0.95,True,True,True,False
simpleqa-4063,0.5,1,0.05,0.95,True,True,True,False
simpleqa-4103,0.5,3,0.15,0.4,True,True,True,False
simpleqa-4294,0.5,3,0.1,0.6,True,True,True,False
simpleqa-586,0.5,1,0.05,0.95,True,True,True,False
simpleqa-3304,0.5,4,0.1,0.4,True,True,True,False
simpleqa-2760,0.5,3,0.1,0.4,True,True,True,False
simpleqa-969,0.5,3,0.1,0.7,True,True,True,False
simpleqa-4082,0.5,4,0.1,0.4,True,True,True,False
simpleqa-2295,0.5,3,0.45,0.3,False,False,True,False
simpleqa-2777,0.5,1,0.01,0.99,True,True,True,False
simpleqa-3687,0.5,2,0.1,0.6,True,True,True,False
simpleqa-211,0.5,1,0.05,0.95,True,True,True,False
simpleqa-1271,0.5,1,0.05,0.95,True,True,True,False
simpleqa-1310,0.5,2,0.2,0.6,True,True,True,False
simpleqa-3192,0.5,5,0.6,0.1,False,False,True,False
simpleqa-611,0.5,2,0.1,0.45,True,True,True,False
simpleqa-3653,0.5,2,0.1,0.8,True,True,True,False
simpleqa-2661,0.5,3,0.1,0.7,True,True,True,False
simpleqa-1327,0.5,7,0.1,0.3,True,True,True,False
simpleqa-2212,0.5,1,0.05,0.95,True,True,True,False
simpleqa-957,0.5,6,0.1,0.3,False,False,True,False
simpleqa-2444,0.5,1,0.05,0.95,True,True,True,False
simpleqa-3667,0.5,2,0.02,0.95,True,True,True,False
simpleqa-2350,0.5,3,0.05,0.85,True,True,True,False
simpleqa-224,0.5,2,0.15,0.5,True,True,True,False
simpleqa-4230,0.5,5,0.25,0.25,False,False,True,False
simpleqa-3641,0.5,2,0.02,0.95,True,True,True,False
simpleqa-4,0.5,3,0.15,0.4,True,True,True,False
simpleqa-3482,0.5,1,0.05,0.95,True,True,True,False
simpleqa-1193,0.5,4,0.8,0.05,False,False,True,False
simpleqa-482,0.5,1,0.05,0.95,True,True,True,False
simpleqa-2509,0.5,2,0.02,0.95,True,True,True,False
simpleqa-3711,0.5,2,0.4,0.4,False,False,True,False
simpleqa-621,0.5,3,0.05,0.8,True,True,True,False
simpleqa-2691,0.5,2,0.1,0.8,True,True,True,False
simpleqa-1107,0.5,0,1.0,,False,False,True,False
simpleqa-2875,0.5,2,0.2,0.45,False,False,True,False
simpleqa-330,0.5,3,0.1,0.4,False,False,True,False
simpleqa-2028,0.5,3,0.5,0.2,False,False,True,False
simpleqa-1201,0.5,3,0.15,0.6,True,True,True,False
simpleqa-3876,0.5,2,0.3,0.4,True,True,True,False
simpleqa-1150,0.5,3,0.1,0.5,True,True,True,False
simpleqa-2450,0.5,1,0.2,0.8,True,True,True,False
simpleqa-3690,0.5,4,0.15,0.35,True,True,True,False
simpleqa-4006,0.5,4,0.1,0.4,True,True,True,False
simpleqa-2022,0.5,2,0.1,0.85,True,True,True,False
simpleqa-2139,0.5,4,0.1,0.6,True,True,True,False
simpleqa-892,0.5,3,0.45,0.25,False,False,True,False
simpleqa-570,0.5,3,0.1,0.75,False,False,True,False
simpleqa-2718,0.5,4,0.2,0.4,False,False,True,False
simpleqa-1189,0.5,2,0.05,0.85,True,True,True,False
simpleqa-4136,0.5,3,0.45,0.25,False,False,True,False
simpleqa-947,0.5,0,1.0,,False,False,True,False
simpleqa-334,0.5,2,0.1,0.85,True,True,True,False
simpleqa-1935,0.5,3,0.1,0.7,True,True,True,False
simpleqa-433,0.5,1,0.9500000000000001,0.05,False,False,True,False
simpleqa-1747,0.5,3,0.15,0.4,False,False,True,False
simpleqa-33,0.5,1,0.2,0.8,True,True,True,False
simpleqa-1500,0.5,1,0.15,0.85,False,False,True,False
simpleqa-4227,0.5,4,0.1,0.6,True,True,True,False
simpleqa-3509,0.5,3,0.1,0.6,True,True,True,False
simpleqa-122,0.5,2,0.15,0.7,True,True,True,False
simpleqa-1527,0.5,4,0.8,0.05,True,True,True,False
simpleqa-4223,0.5,1,0.2,0.8,True,True,True,False
simpleqa-3673,0.5,4,0.8,0.05,True,True,True,False
simpleqa-2631,0.5,2,0.05,0.8,True,True,True,False
simpleqa-515,0.5,1,0.05,0.95,True,True,True,False
simpleqa-777,0.5,3,0.1,0.5,True,True,True,False
simpleqa-3855,0.5,3,0.07,0.85,True,True,True,False
simpleqa-4034,0.5,2,0.2,0.6,False,False,True,False
simpleqa-1584,0.5,3,0.1,0.6,True,True,True,False
simpleqa-1412,0.5,3,0.15,0.4,True,True,True,False
simpleqa-2299,0.5,1,0.05,0.95,True,True,True,False
simpleqa-1820,0.5,2,0.1,0.8,True,True,True,False
simpleqa-2931,0.5,1,0.05,0.95,True,True,True,False
simpleqa-4038,0.5,2,0.15,0.8,True,True,True,False
simpleqa-1642,0.5,3,0.6,0.15,False,False,True,False
simpleqa-4233,0.5,6,0.45,0.1,False,False,True,False
simpleqa-2051,0.5,4,0.1,0.4,True,True,True,False
simpleqa-1204,0.5,1,0.1,0.9,True,True,True,False
simpleqa-3571,0.5,5,0.9,0.02,True,False,True,False
simpleqa-3688,0.5,3,0.15,0.5,True,True,True,False
simpleqa-3875,0.5,2,0.15,0.7,True,True,True,False
simpleqa-233,0.5,2,0.1,0.75,True,True,True,False
simpleqa-2290,0.5,1,0.05,0.95,True,True,True,False
simpleqa-1941,0.5,3,0.2,0.6,False,False,True,False
simpleqa-2801,0.5,4,0.25,0.4,False,False,True,False
simpleqa-1049,0.5,2,0.1,0.85,True,True,True,False
simpleqa-2302,0.5,2,0.1,0.6,True,True,True,False
simpleqa-2126,0.5,1,0.2,0.8,False,False,True,False
simpleqa-3150,0.5,2,0.15,0.6,True,True,True,False
simpleqa-3995,0.5,2,0.1,0.75,True,True,True,False
simpleqa-1419,0.5,3,0.35,0.4,False,False,True,False
simpleqa-1311,0.5,3,0.2,0.4,True,True,True,False
simpleqa-2367,0.5,2,0.05,0.85,True,True,True,False
simpleqa-399,0.5,3,0.05,0.85,True,True,True,False
simpleqa-3749,0.5,2,0.1,0.8,False,False,False,True
simpleqa-2579,0.5,3,0.3,0.4,False,False,True,False
simpleqa-1288,0.5,3,0.45,0.3,False,False,True,False
simpleqa-2959,0.5,2,0.1,0.75,True,True,True,False
simpleqa-3467,0.5,3,0.1,0.6,False,False,True,False
simpleqa-1998,0.5,1,0.3,0.7,False,False,True,False
simpleqa-2999,0.5,2,0.1,0.5,True,True,True,False
simpleqa-2887,0.5,4,0.15,0.35,True,True,True,False
simpleqa-1285,0.5,3,0.1,0.7,True,True,True,False
simpleqa-4098,0.5,2,0.2,0.5,True,True,True,False
simpleqa-1423,0.5,3,0.45,0.3,False,False,True,False
simpleqa-595,0.5,3,0.45,0.3,False,False,True,False
simpleqa-3128,0.5,1,0.05,0.95,True,True,True,False
simpleqa-2248,0.5,4,0.6,0.15,True,True,True,False
simpleqa-3696,0.5,2,0.05,0.8,True,True,True,False
simpleqa-3724,0.5,4,0.8,0.05,False,False,True,False
simpleqa-747,0.5,2,0.1,0.75,True,True,True,False
simpleqa-3649,0.5,0,0.95,,False,False,True,False
simpleqa-106,0.5,1,0.1,0.85,True,True,True,False
simpleqa-1079,0.5,1,0.05,0.95,True,True,True,False
simpleqa-3493,0.5,3,0.1,0.6,True,True,True,False
simpleqa-3402,0.5,3,0.1,0.6,True,True,True,False
simpleqa-152,0.5,1,0.6,0.4,True,True,True,False
simpleqa-166,0.5,3,0.55,0.2,True,False,True,False
simpleqa-1159,0.5,3,0.05,0.8,True,True,True,False
simpleqa-3862,0.5,1,0.05,0.95,True,True,True,False
simpleqa-674,0.5,1,0.05,0.95,True,True,True,False
simpleqa-3629,0.5,2,0.1,0.85,True,True,True,False
simpleqa-455,0.5,2,0.1,0.8,True,True,True,False
simpleqa-1927,0.5,3,0.1,0.6,True,True,True,False
simpleqa-4164,0.5,5,0.1,0.25,True,True,True,False
simpleqa-850,0.5,4,0.1,0.6,True,False,True,False
simpleqa-27,0.5,2,0.2,0.6,True,True,True,False
simpleqa-553,0.5,5,0.35,0.2,False,False,True,False
simpleqa-1466,0.5,4,0.1,0.5,True,True,True,False
simpleqa-1857,0.5,1,0.05,0.95,False,False,False,True
simpleqa-1509,0.5,3,0.15,0.6,False,False,True,False
simpleqa-4086,0.5,2,0.2,0.4,False,False,True,False
simpleqa-4281,0.5,1,0.05,0.95,False,False,False,True
simpleqa-1044,0.5,2,0.05,0.9,True,True,True,False
simpleqa-4247,0.5,1,0.2,0.8,False,False,True,False
simpleqa-711,0.5,2,0.05,0.9,True,True,True,False
simpleqa-16,0.5,2,0.15,0.7,True,True,True,False
simpleqa-4205,0.5,1,0.2,0.8,False,False,True,False
simpleqa-3564,0.5,2,0.9,0.05,False,False,True,False
simpleqa-2231,0.5,1,0.05,0.95,True,True,True,False
simpleqa-2317,0.5,2,0.1,0.85,True,True,True,False
simpleqa-517,0.5,3,0.05,0.85,True,True,True,False
simpleqa-4052,0.5,4,0.15,0.4,True,True,True,False
simpleqa-3431,0.5,3,0.1,0.5,True,True,True,False
simpleqa-342,0.5,2,0.1,0.7,True,True,True,False
simpleqa-4242,0.5,2,0.1,0.85,True,True,True,False
simpleqa-2767,0.5,1,0.05,0.95,True,True,True,False
simpleqa-1562,0.5,2,0.1,0.8,False,False,False,True
simpleqa-1010,0.5,1,0.05,0.95,True,True,True,False
simpleqa-2998,0.5,3,0.2,0.4,True,True,True,False
simpleqa-2208,0.5,2,0.4,0.4,False,False,True,False
simpleqa-2154,0.5,1,0.15,0.85,True,True,True,False
simpleqa-38,0.5,3,0.1,0.5,True,True,True,False
simpleqa-2632,0.5,2,0.1,0.8,True,True,True,False
simpleqa-2754,0.5,2,0.1,0.8,True,True,True,False
simpleqa-772,0.5,3,0.1,0.6,True,True,True,False
simpleqa-1397,0.5,3,0.05,0.85,True,True,True,False
simpleqa-3717,0.5,3,0.05,0.85,True,True,True,False
simpleqa-2747,0.5,1,0.05,0.95,True,True,True,False
simpleqa-1513,0.5,1,0.05,0.95,False,False,False,True
simpleqa-4206,0.5,2,0.1,0.75,False,False,False,True
simpleqa-2085,0.5,1,0.05,0.95,True,True,True,False
simpleqa-3061,0.5,1,0.05,0.95,False,False,False,True
simpleqa-4093,0.5,2,0.1,0.8,False,False,False,True
simpleqa-1887,0.5,2,0.1,0.45,True,True,True,False
simpleqa-268,0.5,2,0.25,0.6,False,False,True,False
simpleqa-1792,0.5,2,0.05,0.85,True,True,True,False
simpleqa-2891,0.5,5,0.1,0.35,True,True,True,False
simpleqa-2857,0.5,3,0.1,0.8,True,True,True,False
simpleqa-2347,0.5,3,0.15,0.4,False,False,True,False
simpleqa-3841,0.5,3,0.1,0.4,False,False,True,False
simpleqa-4306,0.5,3,0.2,0.4,True,True,True,False
simpleqa-3651,0.5,1,0.05,0.95,True,True,True,False
simpleqa-3635,0.5,2,0.9,0.05,False,False,True,False
simpleqa-464,0.5,2,0.15,0.45,True,True,True,False
simpleqa-4015,0.5,3,0.05,0.8,False,False,False,True
simpleqa-3619,0.5,2,0.05,0.85,True,True,True,False
simpleqa-2027,0.5,1,0.4,0.6,False,False,True,False
simpleqa-1074,0.5,0,1.0,,False,False,True,False
simpleqa-241,0.5,3,0.1,0.8,True,True,True,False
simpleqa-2586,0.5,4,0.15,0.35,True,True,True,False
simpleqa-1999,0.5,1,0.05,0.95,True,True,True,False
simpleqa-4314,0.5,2,0.75,0.15,False,False,True,False
simpleqa-2986,0.5,3,0.1,0.5,True,True,True,False
simpleqa-1547,0.5,2,0.9,0.05,False,False,True,False
simpleqa-176,0.5,3,0.1,0.7,True,True,True,False
simpleqa-824,0.5,1,0.05,0.95,True,True,True,False
simpleqa-4146,0.5,1,0.1,0.9,True,True,True,False
simpleqa-2044,0.5,3,0.1,0.8,True,True,True,False
simpleqa-327,0.5,4,0.1,0.4,True,True,True,False
simpleqa-3684,0.5,8,0.2,0.15,True,True,True,False
simpleqa-1919,0.5,3,0.15,0.4,True,True,True,False
simpleqa-1433,0.5,2,0.15,0.6,True,True,True,False
simpleqa-2828,0.5,2,0.1,0.8,True,True,True,False
simpleqa-3742,0.5,1,0.05,0.95,True,True,True,False
simpleqa-1458,0.5,0,0.95,,False,False,True,False
simpleqa-4118,0.5,3,0.1,0.8,True,False,True,False
simpleqa-1872,0.5,3,0.1,0.4,True,True,True,False
simpleqa-1368,0.5,3,0.2,0.6,False,False,True,False
simpleqa-1364,0.5,2,0.05,0.85,True,True,True,False
simpleqa-3727,0.5,4,0.1,0.4,True,True,True,False
simpleqa-3089,0.5,1,0.05,0.95,True,True,True,False
simpleqa-1328,0.5,1,0.1,0.9,True,True,True,False
simpleqa-644,0.5,5,0.1,0.35,True,True,True,False
simpleqa-793,0.5,1,0.05,0.95,True,True,True,False
simpleqa-923,0.5,2,0.1,0.8,False,False,False,True
simpleqa-194,0.5,3,0.1,0.8,False,False,True,False
simpleqa-2835,0.5,3,0.1,0.4,False,False,True,False
simpleqa-3843,0.5,2,0.15,0.8,True,True,True,False
simpleqa-3030,0.5,3,0.8,0.1,False,False,True,False
simpleqa-2833,0.5,4,0.8,0.05,False,False,True,False
simpleqa-2615,0.5,1,0.05,0.95,True,True,True,False
simpleqa-2037,0.5,1,0.05,0.95,True,True,True,False
simpleqa-258,0.5,1,0.05,0.95,True,True,True,False
simpleqa-4020,0.5,3,0.1,0.7,False,False,True,False
simpleqa-2752,0.5,2,0.25,0.5,True,True,True,False
simpleqa-3284,0.5,2,0.1,0.8,True,True,True,False
simpleqa-3936,0.5,2,0.15,0.6,True,True,True,False
simpleqa-1028,0.5,3,0.5,0.25,False,False,True,False
simpleqa-2669,0.5,3,0.1,0.4,True,True,True,False
simpleqa-2161,0.5,4,0.4,0.2,True,True,True,False
simpleqa-1425,0.5,4,0.35,0.25,True,True,True,False
simpleqa-53,0.5,2,0.1,0.8,True,True,True,False
simpleqa-3914,0.5,1,0.2,0.8,False,False,True,False
simpleqa-1278,0.5,1,0.05,0.95,True,True,True,False
simpleqa-468,0.5,4,0.25,0.25,True,True,True,False
simpleqa-2425,0.5,3,0.1,0.6,True,True,True,False
simpleqa-3144,0.5,2,0.1,0.75,True,True,True,False
simpleqa-3035,0.5,3,0.1,0.7,True,True,True,False
simpleqa-3805,0.5,4,0.6,0.15,False,False,True,False
simpleqa-564,0.5,1,0.05,0.95,True,True,True,False
simpleqa-1707,0.5,1,0.05,0.95,True,True,True,False
simpleqa-4041,0.5,3,0.15,0.5,False,False,True,False
simpleqa-2136,0.5,2,0.1,0.75,True,True,True,False
simpleqa-3659,0.5,3,0.05,0.4,True,True,True,False
simpleqa-3395,0.5,1,0.05,0.95,True,True,True,False
simpleqa-2889,0.5,4,0.1,0.4,True,True,True,False
simpleqa-4279,0.5,0,1.0,,False,False,True,False
simpleqa-1961,0.5,3,0.1,0.6,True,True,True,False
simpleqa-155,0.5,1,0.05,0.95,True,True,True,False
simpleqa-248,0.5,3,0.07,0.85,True,True,True,False
simpleqa-1605,0.5,2,0.1,0.85,True,True,True,False
simpleqa-2447,0.5,2,0.2,0.7,True,True,True,False
simpleqa-2836,0.5,2,0.1,0.85,True,True,True,False
simpleqa-3004,0.5,1,0.05,0.95,True,True,True,False
simpleqa-1843,0.5,0,1.0,,False,False,True,False
simpleqa-2650,0.5,2,0.1,0.6,True,True,True,False
simpleqa-3141,0.5,1,0.05,0.95,True,True,True,False
simpleqa-1237,0.5,2,0.1,0.75,True,True,True,False
simpleqa-45,0.5,3,0.25,0.4,True,True,True,False
simpleqa-800,0.5,2,0.02,0.9,True,True,True,False
simpleqa-2811,0.5,4,0.6,0.15,False,False,True,False
simpleqa-4011,0.5,2,0.1,0.5,True,True,True,False
simpleqa-863,0.5,3,0.1,0.4,True,True,True,False
simpleqa-3535,0.5,2,0.15,0.45,False,False,True,False
simpleqa-2077,0.5,3,0.1,0.6,True,False,True,False
simpleqa-1351,0.5,4,0.15,0.4,False,False,True,False
simpleqa-2235,0.5,2,0.1,0.8,True,True,True,False
simpleqa-3594,0.5,4,0.15,0.45,True,True,True,False
simpleqa-967,0.5,2,0.05,0.8,True,True,True,False
simpleqa-3486,0.5,2,0.1,0.8,True,True,True,False
simpleqa-3000,0.5,2,0.9,0.05,False,False,True,False
simpleqa-696,0.5,2,0.3,0.5,False,False,True,False
simpleqa-915,0.5,4,0.1,0.45,True,True,True,False
simpleqa-1437,0.5,1,0.05,0.95,True,True,True,False
simpleqa-2131,0.5,3,0.8,0.1,True,True,True,False
simpleqa-400,0.5,0,1.0,,False,False,True,False
simpleqa-2894,0.5,2,0.15,0.7,True,True,True,False
simpleqa-2386,0.5,2,0.1,0.8,True,True,True,False
simpleqa-2148,0.5,3,0.1,0.8,False,False,True,False
simpleqa-3818,0.5,3,0.1,0.7,False,False,True,False
simpleqa-2618,0.5,5,0.6,0.1,False,False,True,False
simpleqa-1858,0.5,2,0.15,0.6,True,True,True,False
simpleqa-3325,0.5,3,0.05,0.85,False,False,False,True
simpleqa-3744,0.5,3,0.1,0.6,False,False,False,True
simpleqa-4264,0.5,4,0.1,0.4,False,False,False,True
simpleqa-1864,0.5,1,0.01,0.99,True,True,True,False
simpleqa-2314,0.5,5,0.1,0.35,False,False,True,False
simpleqa-2170,0.5,3,0.1,0.85,True,True,True,False
simpleqa-1414,0.5,2,0.05,0.85,False,False,False,True
simpleqa-2286,0.5,3,0.07,0.85,True,True,True,False
simpleqa-2838,0.5,2,0.05,0.85,True,True,True,False
simpleqa-4186,0.5,2,0.1,0.45,False,False,False,True
simpleqa-3123,0.5,2,0.15,0.6,True,True,True,False
simpleqa-3223,0.5,4,0.25,0.4,True,True,True,False
simpleqa-1586,0.5,2,0.1,0.5,True,True,True,False
simpleqa-1355,0.5,5,0.6,0.15,True,True,True,False
simpleqa-598,0.5,3,0.15,0.4,True,True,True,False
simpleqa-3430,0.5,4,0.15,0.35,False,False,True,False
simpleqa-3538,0.5,2,0.1,0.85,True,True,True,False
simpleqa-3931,0.5,2,0.3,0.4,True,True,True,False
simpleqa-2240,0.5,0,1.0,,False,False,True,False
simpleqa-514,0.5,4,0.7,0.1,True,True,True,False
simpleqa-3963,0.5,1,0.05,0.95,True,True,True,False
simpleqa-3361,0.5,2,0.05,0.45,True,True,True,False
simpleqa-845,0.5,4,0.2,0.4,False,False,True,False
simpleqa-364,0.5,1,0.1,0.9,True,True,True,False
simpleqa-2769,0.5,1,0.3,0.7,False,False,True,False
simpleqa-2663,0.5,4,0.2,0.4,True,True,True,False
simpleqa-2091,0.5,1,0.05,0.95,True,True,True,False
simpleqa-3842,0.5,2,0.2,0.5,True,True,True,False
simpleqa-1690,0.5,4,0.1,0.35,False,False,True,False
simpleqa-1101,0.5,3,0.1,0.8,True,True,True,False
simpleqa-500,0.5,3,0.15,0.4,True,True,True,False
simpleqa-3731,0.5,3,0.1,0.6,True,True,True,False
simpleqa-2625,0.5,2,0.1,0.6,False,False,True,False
simpleqa-4248,0.5,3,0.35,0.4,True,False,True,False
simpleqa-3346,0.5,3,0.2,0.4,False,False,True,False
simpleqa-480,0.5,1,0.05,0.95,True,True,True,False
simpleqa-3772,0.5,2,0.15,0.5,False,False,True,False
simpleqa-2486,0.5,3,0.1,0.4,True,True,True,False
simpleqa-2944,0.5,2,0.1,0.75,True,True,True,False
simpleqa-3409,0.5,1,0.05,0.95,True,True,True,False
simpleqa-1650,0.5,4,0.25,0.3,True,True,True,False
simpleqa-3082,0.5,2,0.1,0.8,True,True,True,False
simpleqa-3323,0.5,4,0.4,0.25,False,False,True,False
simpleqa-3612,0.5,2,0.15,0.75,True,True,True,False
simpleqa-974,0.5,3,0.35,0.4,False,False,True,False
simpleqa-3151,0.5,3,0.1,0.5,True,True,True,False
simpleqa-692,0.5,3,0.2,0.4,False,False,True,False
simpleqa-1845,0.5,2,0.2,0.4,True,True,True,False
simpleqa-257,0.5,4,0.1,0.4,True,True,True,False
simpleqa-3943,0.5,1,0.6,0.4,False,False,True,False
simpleqa-2710,0.5,2,0.1,0.8,False,False,False,True
simpleqa-4087,0.5,3,0.1,0.75,True,True,True,False
simpleqa-640,0.5,2,0.05,0.8,True,True,True,False
simpleqa-2963,0.5,3,0.55,0.2,False,False,True,False
simpleqa-4120,0.5,1,0.25,0.7000000000000001,False,False,True,False
simpleqa-925,0.5,3,0.1,0.7,True,True,True,False
simpleqa-3060,0.5,2,0.1,0.85,False,False,True,False
simpleqa-2898,0.5,2,0.05,0.85,False,False,False,True
simpleqa-1075,0.5,2,0.05,0.9,True,True,True,False
simpleqa-2253,0.5,3,0.2,0.4,True,True,True,False
simpleqa-3176,0.5,2,0.05,0.85,False,False,False,True
simpleqa-2262,0.5,0,1.0,,False,False,True,False
simpleqa-1948,0.5,1,0.05,0.95,True,True,True,False
simpleqa-1402,0.5,1,0.05,0.95,True,True,True,False
simpleqa-2759,0.5,4,0.25,0.35,False,False,True,False
simpleqa-3821,0.5,1,0.05,0.95,True,True,True,False
simpleqa-4071,0.5,4,0.15,0.45,True,True,True,False
simpleqa-1877,0.5,3,0.1,0.45,False,False,False,True
simpleqa-518,0.5,1,0.05,0.95,True,True,True,False
simpleqa-1353,0.5,2,0.1,0.75,True,True,True,False
simpleqa-854,0.5,2,0.1,0.8,True,True,True,False
simpleqa-722,0.5,2,0.1,0.6,True,True,True,False
simpleqa-2977,0.5,3,0.1,0.7,True,True,True,False
simpleqa-337,0.5,1,0.05,0.95,True,True,True,False
simpleqa-1875,0.5,3,0.1,0.6,False,False,True,False
simpleqa-2863,0.5,3,0.1,0.6,True,True,True,False
simpleqa-2304,0.5,2,0.05,0.85,True,True,True,False
simpleqa-1702,0.5,1,0.1,0.9,True,True,True,False
simpleqa-4173,0.5,3,0.1,0.75,True,True,True,False
simpleqa-3656,0.5,3,0.25,0.4,False,False,True,False
simpleqa-715,0.5,0,1.0,,False,False,True,False
simpleqa-4018,0.5,1,0.05,0.95,True,True,True,False
simpleqa-375,0.5,2,0.1,0.8,True,True,True,False
simpleqa-3299,0.5,3,0.1,0.6,True,True,True,False
simpleqa-3118,0.5,4,0.2,0.3,True,True,True,False
simpleqa-1422,0.5,3,0.25,0.35,False,False,True,False
simpleqa-2762,0.5,2,0.1,0.6,False,False,True,False
simpleqa-1025,0.5,1,0.05,0.95,False,False,False,True
simpleqa-2369,0.5,5,0.15,0.3,False,False,True,False
simpleqa-3384,0.5,3,0.1,0.5,True,True,True,False
simpleqa-1545,0.5,3,0.05,0.75,True,True,True,False
simpleqa-140,0.5,2,0.45,0.4,False,False,True,False
simpleqa-1816,0.5,2,0.1,0.85,False,False,True,False
simpleqa-949,0.5,1,0.95,0.05,False,False,True,False
simpleqa-3380,0.5,3,0.2,0.4,True,True,True,False
simpleqa-281,0.5,2,0.2,0.6,True,True,True,False
simpleqa-2007,0.5,1,0.05,0.95,True,True,True,False
simpleqa-842,0.5,4,0.2,0.4,True,True,True,False
simpleqa-1482,0.5,3,0.1,0.4,True,True,True,False
simpleqa-185,0.5,3,0.05,0.85,True,True,True,False
simpleqa-1280,0.5,4,0.1,0.4,True,True,True,False
simpleqa-2356,0.5,4,0.6,0.15,True,True,True,False
simpleqa-2475,0.5,3,0.15,0.4,True,True,True,False
simpleqa-3901,0.5,3,0.15,0.4,True,True,True,False
simpleqa-3360,0.5,3,0.05,0.85,True,False,False,True
simpleqa-303,0.5,4,0.2,0.4,True,True,True,False
simpleqa-3930,0.5,2,0.15,0.5,True,True,True,False
simpleqa-116,0.5,3,0.8,0.1,False,False,True,False
simpleqa-2753,0.5,2,0.15,0.7,False,False,True,False
simpleqa-1558,0.5,3,0.07,0.85,True,True,True,False
simpleqa-684,0.5,3,0.05,0.6,True,True,True,False
simpleqa-941,0.5,2,0.9,0.05,False,False,True,False
simpleqa-3152,0.5,3,0.1,0.75,True,True,True,False
simpleqa-4053,0.5,1,0.05,0.95,True,True,True,False
simpleqa-94,0.5,2,0.1,0.8,True,True,True,False
simpleqa-472,0.5,1,0.05,0.95,True,True,True,False
simpleqa-3078,0.5,2,0.15,0.6,True,True,True,False
simpleqa-2573,0.5,1,0.2,0.8,False,False,True,False
simpleqa-3530,0.5,3,0.15,0.6,True,True,True,False
simpleqa-40,0.5,1,0.05,0.95,True,True,True,False
simpleqa-1634,0.5,1,0.05,0.95,True,True,True,False
simpleqa-3352,0.5,3,0.15,0.7,True,True,True,False
simpleqa-2455,0.5,5,0.3,0.2,False,False,True,False
simpleqa-3175,0.5,2,0.1,0.85,True,True,True,False
simpleqa-2280,0.5,2,0.1,0.6,True,True,True,False
simpleqa-3305,0.5,3,0.1,0.8,True,True,True,False
simpleqa-1307,0.5,2,0.1,0.8,True,True,True,False
simpleqa-3320,0.5,1,0.05,0.95,True,True,True,False
simpleqa-1153,0.5,3,0.1,0.45,False,False,True,False
simpleqa-1611,0.5,2,0.2,0.4,True,True,True,False
simpleqa-797,0.5,2,0.05,0.8,True,True,True,False
simpleqa-1908,0.5,3,0.1,0.8,True,True,True,False
simpleqa-1940,0.5,2,0.15,0.75,True,True,True,False
simpleqa-2973,0.5,3,0.1,0.6,True,True,True,False
simpleqa-1715,0.5,2,0.9,0.05,False,False,True,False
simpleqa-1180,0.5,3,0.55,0.2,False,False,True,False
simpleqa-3319,0.5,2,0.2,0.6,False,False,True,False
simpleqa-173,0.5,4,0.1,0.4,True,True,True,False
simpleqa-3719,0.5,3,0.1,0.6,False,False,True,False
simpleqa-1149,0.5,1,0.3,0.7,False,False,True,False
simpleqa-2549,0.5,5,0.3,0.25,False,False,True,False
simpleqa-837,0.5,3,0.1,0.5,True,True,True,False
simpleqa-3981,0.5,2,0.1,0.8,False,False,False,True
simpleqa-170,0.5,1,0.1,0.85,False,False,True,False
simpleqa-2326,0.5,5,0.2,0.25,True,True,True,False
simpleqa-2803,0.5,3,0.15,0.7,True,True,True,False
simpleqa-733,0.5,2,0.2,0.4,False,False,True,False
simpleqa-3243,0.5,3,0.15,0.4,True,True,True,False
simpleqa-2069,0.5,3,0.3,0.3,False,False,True,False
simpleqa-270,0.5,1,0.02,0.98,True,True,True,False
simpleqa-4171,0.5,3,0.25,0.4,True,True,True,False
simpleqa-2413,0.5,3,0.1,0.7,True,True,True,False
simpleqa-2688,0.5,2,0.15,0.6,True,True,True,False
simpleqa-4049,0.5,1,0.1,0.9,True,True,True,False
simpleqa-3057,0.5,3,0.05,0.8,True,True,True,False
simpleqa-2820,0.5,4,0.1,0.5,True,True,True,False
simpleqa-577,0.5,2,0.1,0.85,True,True,True,False
simpleqa-1493,0.5,3,0.1,0.5,True,True,True,False
simpleqa-1012,0.5,2,0.1,0.85,True,True,True,False
simpleqa-3736,0.5,2,0.1,0.7,True,True,True,False
simpleqa-3178,0.5,2,0.1,0.85,True,False,True,False
simpleqa-2766,0.5,1,0.05,0.95,True,True,True,False
simpleqa-4060,0.5,1,0.05,0.95,True,True,True,False
simpleqa-4127,0.5,2,0.9,0.05,True,False,True,False
simpleqa-3770,0.5,2,0.05,0.5,True,True,True,False
simpleqa-1032,0.5,2,0.3,0.4,True,True,True,False
simpleqa-1003,0.5,2,0.1,0.85,True,True,True,False
simpleqa-3230,0.5,2,0.1,0.7,True,True,True,False
simpleqa-3116,0.5,2,0.2,0.7,False,False,True,False
simpleqa-607,0.5,3,0.8,0.05,True,True,True,False
simpleqa-2971,0.5,2,0.05,0.85,True,True,True,False
simpleqa-3348,0.5,2,0.15,0.7,False,False,True,False
simpleqa-1652,0.5,1,0.2,0.8,True,True,True,False
simpleqa-3854,0.5,4,0.8,0.05,False,False,True,False
simpleqa-353,0.5,1,0.05,0.95,True,True,True,False
simpleqa-943,0.5,5,0.25,0.2,True,True,True,False
simpleqa-1434,0.5,5,0.1,0.4,True,True,True,False
simpleqa-4272,0.5,3,0.1,0.75,True,True,True,False
simpleqa-1746,0.5,3,0.15,0.6,True,True,True,False
simpleqa-1958,0.5,3,0.55,0.2,False,False,True,False
simpleqa-2144,0.5,1,0.02,0.98,True,True,True,False
simpleqa-51,0.5,3,0.2,0.6,True,True,True,False
simpleqa-1171,0.5,2,0.05,0.85,True,True,True,False
simpleqa-2,0.5,2,0.1,0.8,True,True,True,False
simpleqa-2936,0.5,0,1.0,,False,False,True,False
simpleqa-2153,0.5,1,0.05,0.95,True,True,True,False
simpleqa-2635,0.5,3,0.05,0.8,True,True,True,False
simpleqa-3774,0.5,2,0.1,0.75,True,True,True,False
simpleqa-3278,0.5,3,0.1,0.5,True,True,True,False
simpleqa-1561,0.5,2,0.35,0.5,True,True,True,False
simpleqa-1207,0.5,2,0.2,0.6,False,False,True,False
simpleqa-457,0.5,2,0.1,0.85,True,True,True,False
simpleqa-243,0.5,2,0.55,0.25,True,True,True,False
simpleqa-1283,0.5,4,0.1,0.4,True,True,True,False
simpleqa-2090,0.5,2,0.1,0.75,True,True,True,False
simpleqa-1420,0.5,3,0.55,0.2,True,True,True,False
simpleqa-812,0.5,4,0.25,0.3,True,True,True,False
simpleqa-1947,0.5,1,0.4,0.6,False,False,True,False
simpleqa-1461,0.5,1,0.95,0.05,False,False,True,False
simpleqa-1854,0.5,5,0.06,0.85,True,True,True,False
simpleqa-3675,0.5,2,0.1,0.8,True,True,True,False
simpleqa-3172,0.5,1,0.05,0.95,True,True,True,False
simpleqa-1620,0.5,2,0.2,0.6,True,True,True,False
simpleqa-4274,0.5,2,0.15,0.5,True,True,True,False
simpleqa-1460,0.5,2,0.1,0.7,False,False,True,False
simpleqa-3520,0.5,3,0.05,0.85,True,True,True,False
simpleqa-2588,0.5,5,0.1,0.25,False,False,True,False
simpleqa-1432,0.5,3,0.1,0.5,False,False,True,False
simpleqa-3533,0.5,2,0.05,0.8,True,True,True,False
simpleqa-2032,0.5,1,0.4,0.6,False,False,True,False
simpleqa-3924,0.5,2,0.1,0.8,False,False,False,True
simpleqa-1808,0.5,2,0.05,0.85,True,True,True,False
simpleqa-1067,0.5,2,0.1,0.8,True,True,True,False
simpleqa-3603,0.5,4,0.1,0.4,True,True,True,False
simpleqa-870,0.5,3,0.07,0.85,True,False,True,False
simpleqa-1873,0.5,1,0.05,0.95,True,True,True,False
simpleqa-4142,0.5,5,0.2,0.25,True,False,True,False
simpleqa-3441,0.5,2,0.1,0.8,True,True,True,False
simpleqa-597,0.5,2,0.1,0.85,False,False,True,False
simpleqa-3028,0.5,0,1.0,,False,False,True,False
simpleqa-978,0.5,2,0.05,0.6,True,True,True,False
simpleqa-1689,0.5,2,0.05,0.8,True,True,True,False
simpleqa-1579,0.5,0,1.0,,False,False,True,False
simpleqa-296,0.5,3,0.25,0.5,True,True,True,False
simpleqa-162,0.5,3,0.15,0.4,True,True,True,False
simpleqa-2933,0.5,3,0.1,0.6,True,True,True,False
simpleqa-1179,0.5,4,0.05,0.4,True,True,True,False
simpleqa-4007,0.5,3,0.1,0.8,True,True,True,False
simpleqa-2145,0.5,2,0.1,0.8,True,True,True,False
simpleqa-3677,0.5,2,0.1,0.85,True,True,True,False
simpleqa-3636,0.5,4,0.1,0.4,True,True,True,False
simpleqa-398,0.5,4,0.1,0.45,True,True,True,False
simpleqa-4320,0.5,2,0.35,0.5,True,True,True,False
simpleqa-1752,0.5,1,0.15,0.85,True,True,True,False
simpleqa-1442,0.9,2,0.1,0.6,True,True,True,False
simpleqa-3023,0.9,2,0.1,0.8,True,True,True,False
simpleqa-1874,0.9,3,0.3,0.4,True,True,True,False
simpleqa-3589,0.9,1,0.1,0.9,True,True,True,False
simpleqa-299,0.9,2,0.15,0.8,True,True,True,False
simpleqa-2870,0.9,1,0.1,0.8999999999999999,True,True,True,False
simpleqa-583,0.9,2,0.05,0.85,True,True,True,False
simpleqa-2685,0.9,1,0.4,0.6,True,True,True,False
simpleqa-4177,0.9,3,0.1,0.4,True,True,True,False
simpleqa-3211,0.9,1,0.05,0.95,False,False,False,True
simpleqa-2218,0.9,1,0.15,0.85,True,True,True,False
simpleqa-383,0.9,2,0.1,0.85,True,True,True,False
simpleqa-3753,0.9,3,0.05,0.85,True,True,True,False
simpleqa-2076,0.9,4,0.6,0.1,False,False,True,False
simpleqa-1030,0.9,2,0.1,0.6,False,False,True,False
simpleqa-3680,0.9,3,0.02,0.95,True,True,True,False
simpleqa-3668,0.9,3,0.15,0.6,True,True,True,False
simpleqa-13,0.9,2,0.1,0.75,True,True,True,False
simpleqa-2491,0.9,1,0.05,0.95,True,True,True,False
simpleqa-3244,0.9,1,0.05,0.95,True,True,True,False
simpleqa-3550,0.9,3,0.1,0.5,False,False,False,True
simpleqa-3406,0.9,3,0.1,0.45,True,True,True,False
simpleqa-2370,0.9,4,0.6,0.1,True,True,True,False
simpleqa-252,0.9,5,0.25,0.2,True,True,True,False
simpleqa-1219,0.9,1,0.05,0.95,True,True,True,False
simpleqa-4210,0.9,2,0.15,0.8,True,True,True,False
simpleqa-729,0.9,2,0.05,0.9,True,True,True,False
simpleqa-3034,0.9,2,0.1,0.6,True,True,True,False
simpleqa-2740,0.9,3,0.1,0.7,True,True,True,False
simpleqa-1281,0.9,3,0.15,0.4,True,True,True,False
simpleqa-1757,0.9,4,0.3,0.25,True,True,True,False
simpleqa-1993,0.9,3,0.1,0.4,True,True,True,False
simpleqa-41,0.9,2,0.15,0.6,False,False,True,False
simpleqa-1413,0.9,3,0.05,0.85,True,True,True,False
simpleqa-2512,0.9,2,0.1,0.45,True,True,True,False
simpleqa-2017,0.9,1,0.05,0.95,True,True,True,False
simpleqa-2496,0.9,1,0.05,0.95,True,True,True,False
simpleqa-879,0.9,2,0.1,0.75,False,False,False,True
simpleqa-527,0.9,3,0.05,0.9,True,True,True,False
simpleqa-1987,0.9,3,0.1,0.8,True,True,True,False
simpleqa-2968,0.9,4,0.1,0.4,True,True,True,False
simpleqa-120,0.9,0,1.0,,False,False,True,False
simpleqa-3803,0.9,2,0.1,0.75,True,True,True,False
simpleqa-190,0.9,3,0.35,0.4,False,False,True,False
simpleqa-4046,0.9,3,0.1,0.4,True,True,True,False
simpleqa-3578,0.9,3,0.45,0.25,False,False,True,False
simpleqa-3058,0.9,4,0.15,0.35,True,True,True,False
simpleqa-351,0.9,1,0.1,0.9,True,True,True,False
simpleqa-2846,0.9,2,0.1,0.8,True,True,True,False
simpleqa-83,0.9,4,0.2,0.3,False,False,True,False
simpleqa-740,0.9,3,0.1,0.45,True,True,True,False
simpleqa-2061,0.9,2,0.15,0.5,True,True,True,False
simpleqa-4302,0.9,1,0.05,0.95,True,True,True,False
simpleqa-3917,0.9,3,0.1,0.6,True,True,True,False
simpleqa-110,0.9,2,0.03,0.95,True,True,True,False
simpleqa-355,0.9,3,0.35,0.4,True,True,True,False
simpleqa-2599,0.9,3,0.2,0.4,True,True,True,False
simpleqa-3381,0.9,3,0.05,0.8,True,True,True,False
simpleqa-3435,0.9,3,0.05,0.85,True,True,True,False
simpleqa-283,0.9,3,0.1,0.6,True,True,True,False
simpleqa-794,0.9,4,0.05,0.5,True,True,True,False
simpleqa-115,0.9,4,0.1,0.4,False,False,False,True
simpleqa-3096,0.9,3,0.2,0.5,True,True,True,False
simpleqa-3051,0.9,2,0.15,0.7,True,True,True,False
simpleqa-3281,0.9,4,0.1,0.45,True,True,True,False
simpleqa-2623,0.9,3,0.05,0.85,True,True,True,False
simpleqa-3425,0.9,2,0.05,0.85,True,True,True,False
simpleqa-4289,0.9,2,0.1,0.85,True,True,True,False
simpleqa-486,0.9,4,0.8,0.05,False,False,True,False
simpleqa-4257,0.9,3,0.05,0.7,True,True,True,False
simpleqa-743,0.9,3,0.3,0.4,True,True,True,False
simpleqa-1615,0.9,2,0.45,0.4,False,False,True,False
simpleqa-3827,0.9,2,0.1,0.85,True,True,True,False
simpleqa-2542,0.9,3,0.1,0.45,True,True,True,False
simpleqa-3104,0.9,3,0.15,0.6,False,False,True,False
simpleqa-659,0.9,4,0.4,0.25,False,False,True,False
simpleqa-1849,0.9,3,0.2,0.4,True,True,True,False
simpleqa-2713,0.9,5,0.6,0.15,True,False,True,False
simpleqa-2783,0.9,3,0.05,0.8,True,True,True,False
simpleqa-3133,0.9,4,0.1,0.4,True,True,True,False
simpleqa-3037,0.9,4,0.4,0.2,True,True,True,False
simpleqa-2296,0.9,1,0.05,0.95,True,True,True,False
simpleqa-982,0.9,3,0.2,0.45,False,False,True,False
simpleqa-1765,0.9,4,0.2,0.3,True,True,True,False
simpleqa-168,0.9,1,0.2,0.8,False,False,True,False
simpleqa-2739,0.9,2,0.87,0.05,True,True,True,False
simpleqa-3286,0.9,2,0.1,0.8,True,True,True,False
simpleqa-3694,0.9,1,0.2,0.8,True,True,True,False
simpleqa-3393,0.9,3,0.2,0.4,False,False,True,False
simpleqa-135,0.9,1,0.05,0.95,True,True,True,False
simpleqa-559,0.9,3,0.15,0.5,True,True,True,False
simpleqa-1429,0.9,3,0.15,0.7,True,True,True,False
simpleqa-980,0.9,2,0.03,0.95,True,True,True,False
simpleqa-2239,0.9,1,0.6,0.4,False,False,True,False
simpleqa-3114,0.9,2,0.15,0.5,True,True,True,False
simpleqa-2268,0.9,3,0.55,0.2,True,True,True,False
simpleqa-2242,0.9,1,0.2,0.8,True,True,True,False
simpleqa-69,0.9,3,0.1,0.7,True,True,True,False
simpleqa-92,0.9,3,0.0,0.2,False,False,False,True
simpleqa-2234,0.9,1,0.05,0.95,True,True,True,False
simpleqa-1051,0.9,4,0.1,0.5,True,True,True,False
simpleqa-1800,0.9,3,0.1,0.75,False,False,True,False
simpleqa-2185,0.9,2,0.15,0.5,True,True,True,False
simpleqa-966,0.9,3,0.05,0.8,True,True,True,False
simpleqa-1532,0.9,5,0.2,0.4,True,True,True,False
simpleqa-277,0.9,1,0.05,0.95,True,True,True,False
simpleqa-4305,0.9,2,0.1,0.85,True,True,True,False
simpleqa-3117,0.9,2,0.05,0.6,True,True,True,False
simpleqa-2106,0.9,1,0.05,0.95,True,True,True,False
simpleqa-254,0.9,5,0.4,0.15,False,False,True,False
simpleqa-3892,0.9,4,0.1,0.4,False,False,True,False
simpleqa-3946,0.9,1,0.05,0.95,True,True,True,False
simpleqa-1087,0.9,2,0.3,0.4,True,True,True,False
simpleqa-3865,0.9,5,0.05,0.5,True,True,True,False
simpleqa-4301,0.9,2,0.1,0.8,True,True,True,False
simpleqa-1371,0.9,3,0.15,0.4,False,False,True,False
simpleqa-2141,0.9,5,0.1,0.35,True,True,True,False
simpleqa-2832,0.9,2,0.1,0.85,False,False,True,False
simpleqa-18,0.9,2,0.1,0.75,True,True,True,False
simpleqa-889,0.9,2,0.05,0.9,True,True,True,False
simpleqa-718,0.9,3,0.1,0.4,False,False,True,False
simpleqa-653,0.9,3,0.1,0.7,True,True,True,False
simpleqa-1462,0.9,2,0.1,0.8,True,True,True,False
simpleqa-2727,0.9,0,0.95,,False,False,True,False
simpleqa-149,0.9,2,0.1,0.7,True,True,True,False
simpleqa-3929,0.9,2,0.1,0.6,True,True,True,False
simpleqa-1334,0.9,3,0.8,0.1,False,False,True,False
simpleqa-1913,0.9,3,0.1,0.6,True,True,True,False
simpleqa-1058,0.9,4,0.1,0.45,True,True,True,False
simpleqa-3020,0.9,4,0.8,0.05,False,False,True,False
simpleqa-1735,0.9,3,0.15,0.6,True,True,True,False
simpleqa-1447,0.9,4,0.1,0.4,False,False,True,False
simpleqa-1401,0.9,3,0.1,0.8,True,True,True,False
simpleqa-538,0.9,2,0.1,0.45,False,False,False,True
simpleqa-1663,0.9,3,0.1,0.6,True,True,True,False
simpleqa-2591,0.9,2,0.25,0.6,True,True,True,False
simpleqa-4008,0.9,3,0.15,0.4,True,True,True,False
simpleqa-616,0.9,1,0.2,0.8,False,False,True,False
simpleqa-645,0.9,4,0.05,0.4,True,True,True,False
simpleqa-757,0.9,1,0.1,0.9,True,True,True,False
simpleqa-1040,0.9,1,0.05,0.95,True,True,True,False
simpleqa-1539,0.9,1,0.05,0.95,True,True,True,False
simpleqa-3295,0.9,2,0.1,0.85,True,True,True,False
simpleqa-3511,0.9,3,0.1,0.6,True,True,True,False
simpleqa-1764,0.9,2,0.1,0.7,True,True,True,False
simpleqa-307,0.9,2,0.45,0.35,False,False,True,False
simpleqa-4102,0.9,3,0.1,0.7,True,True,True,False
simpleqa-1369,0.9,2,0.1,0.85,True,True,True,False
simpleqa-2865,0.9,2,0.3,0.4,False,False,True,False
simpleqa-2397,0.9,2,0.1,0.7,True,True,True,False
simpleqa-3006,0.9,1,0.05,0.95,True,True,True,False
simpleqa-495,0.9,3,0.1,0.8,True,True,True,False
simpleqa-3786,0.9,2,0.05,0.85,True,True,True,False
simpleqa-561,0.9,2,0.05,0.8,True,True,True,False
simpleqa-2930,0.9,3,0.15,0.7,True,True,True,False
simpleqa-705,0.9,4,0.2,0.4,False,False,True,False
simpleqa-3915,0.9,3,0.05,0.8,True,True,True,False
simpleqa-3239,0.9,3,0.8,0.05,False,False,True,False
simpleqa-2426,0.9,2,0.2,0.6,True,True,True,False
simpleqa-2550,0.9,2,0.15,0.5,True,True,True,False
simpleqa-3885,0.9,1,0.15,0.85,True,True,True,False
simpleqa-483,0.9,3,0.1,0.4,False,False,False,True
simpleqa-2474,0.9,3,0.1,0.6,False,False,True,False
simpleqa-2993,0.9,4,0.1,0.35,False,False,True,False
simpleqa-3163,0.9,5,0.4,0.15,True,True,True,False
simpleqa-3324,0.9,2,0.1,0.85,False,False,True,False
simpleqa-2476,0.9,3,0.2,0.4,False,False,True,False
simpleqa-3577,0.9,1,0.05,0.95,True,True,True,False
simpleqa-596,0.9,1,0.02,0.98,True,True,True,False
simpleqa-3298,0.9,3,0.07,0.85,True,True,True,False
simpleqa-3327,0.9,2,0.05,0.85,True,True,True,False
simpleqa-911,0.9,2,0.2,0.6,False,False,True,False
simpleqa-1989,0.9,5,0.95,0.01,True,False,True,False
simpleqa-1518,0.9,2,0.1,0.85,True,True,True,False
simpleqa-1406,0.9,2,0.1,0.75,True,True,True,False
simpleqa-1479,0.9,3,0.05,0.8,True,True,True,False
simpleqa-3834,0.9,2,0.1,0.75,True,True,True,False
simpleqa-1476,0.9,1,0.15,0.85,True,True,True,False
simpleqa-3610,0.9,2,0.1,0.6,True,True,True,False
simpleqa-2787,0.9,2,0.15,0.7,True,True,True,False
simpleqa-3389,0.9,2,0.1,0.8,True,True,True,False
simpleqa-1597,0.9,1,0.1,0.9,False,False,False,True
simpleqa-813,0.9,4,0.1,0.4,True,True,True,False
simpleqa-2269,0.9,2,0.15,0.5,True,True,True,False
simpleqa-4317,0.9,1,0.2,0.8,False,False,True,False
simpleqa-3292,0.9,2,0.1,0.85,True,True,True,False
simpleqa-3087,0.9,1,0.05,0.95,True,True,True,False
simpleqa-3052,0.9,2,0.15,0.65,True,True,True,False
simpleqa-3519,0.9,4,0.1,0.6,False,False,True,False
simpleqa-2617,0.9,3,0.1,0.4,True,True,True,False
simpleqa-1449,0.9,1,0.1,0.85,True,True,True,False
simpleqa-2495,0.9,3,0.8,0.1,False,False,True,False
simpleqa-2400,0.9,2,0.1,0.85,True,True,True,False
simpleqa-1632,0.9,2,0.1,0.85,True,False,True,False
simpleqa-4111,0.9,2,0.05,0.85,True,True,True,False
simpleqa-2237,0.9,3,0.1,0.5,True,True,True,False
simpleqa-2407,0.9,2,0.1,0.8,True,True,True,False
simpleqa-2899,0.9,1,0.05,0.95,True,True,True,False
simpleqa-2414,0.9,3,0.15,0.5,True,True,True,False
simpleqa-4283,0.9,4,0.05,0.5,True,True,True,False
simpleqa-3115,0.9,4,0.5,0.15,False,False,True,False
simpleqa-256,0.9,4,0.2,0.4,True,True,True,False
simpleqa-2504,0.9,6,0.1,0.25,True,True,True,False
simpleqa-2700,0.9,3,0.2,0.6,True,True,True,False
simpleqa-196,0.9,2,0.1,0.75,True,True,True,False
simpleqa-286,0.9,3,0.1,0.8,True,False,True,False
simpleqa-2282,0.9,3,0.1,0.6,False,False,False,True
simpleqa-2645,0.9,1,0.1,0.9,True,True,True,False
simpleqa-1969,0.9,2,0.1,0.85,True,True,True,False
simpleqa-689,0.9,4,0.8,0.05,False,False,True,False
simpleqa-2605,0.9,5,0.1,0.4,True,True,True,False
simpleqa-4089,0.9,0,1.0,,False,False,True,False
simpleqa-1991,0.9,2,0.1,0.85,False,False,True,False
simpleqa-2988,0.9,2,0.05,0.6,True,True,True,False
simpleqa-261,0.9,2,0.1,0.85,True,True,True,False
simpleqa-4231,0.9,2,0.1,0.8,True,True,True,False
simpleqa-1598,0.9,4,0.15,0.4,True,False,True,False
simpleqa-380,0.9,3,0.03,0.75,True,True,True,False
simpleqa-1287,0.9,1,0.95,0.05,False,False,True,False
simpleqa-2283,0.9,3,0.1,0.8,True,True,True,False
simpleqa-1533,0.9,3,0.6,0.15,False,False,True,False
simpleqa-1818,0.9,4,0.1,0.7,True,True,True,False
simpleqa-1906,0.9,1,0.05,0.95,True,True,True,False
simpleqa-3407,0.9,4,0.15,0.35,True,True,True,False
simpleqa-2094,0.9,4,0.8,0.05,False,False,True,False
simpleqa-1647,0.9,2,0.1,0.5,True,True,True,False
simpleqa-1178,0.9,1,0.4,0.6,False,False,True,False
simpleqa-2679,0.9,2,0.1,0.7,True,True,True,False
simpleqa-1231,0.9,3,0.2,0.5,True,True,True,False
simpleqa-11,0.9,3,0.8,0.1,True,True,True,False
simpleqa-666,0.9,3,0.1,0.6,False,False,False,True
simpleqa-3671,0.9,2,0.1,0.8,True,True,True,False
simpleqa-1477,0.9,3,0.1,0.75,True,True,True,False
simpleqa-2366,0.9,1,0.05,0.95,True,True,True,False
simpleqa-104,0.9,0,1.0,,False,False,True,False
simpleqa-55,0.9,3,0.1,0.4,True,True,True,False
simpleqa-3315,0.9,2,0.4,0.4,False,False,True,False
simpleqa-360,0.9,3,0.1,0.6,True,True,True,False
simpleqa-186,0.9,2,0.1,0.8,True,True,True,False
simpleqa-1267,0.9,4,0.1,0.35,True,True,True,False
simpleqa-3072,0.9,2,0.05,0.85,True,True,True,False
simpleqa-3090,0.9,1,0.05,0.95,True,True,True,False
simpleqa-3247,0.9,4,0.05,0.4,True,True,True,False
simpleqa-1890,0.9,3,0.1,0.4,True,True,True,False
simpleqa-2978,0.9,1,0.05,0.95,True,True,True,False
simpleqa-548,0.9,1,0.05,0.95,True,True,True,False
simpleqa-1588,0.9,4,0.45,0.25,True,True,True,False
simpleqa-3329,0.9,2,0.05,0.8,False,False,False,True
simpleqa-3245,0.9,4,0.15,0.4,True,True,True,False
simpleqa-1870,0.9,3,0.15,0.7,True,True,True,False
simpleqa-2373,0.9,3,0.1,0.6,True,True,True,False
simpleqa-291,0.9,4,0.1,0.4,True,True,True,False
simpleqa-3357,0.9,2,0.25,0.6,False,False,True,False
simpleqa-469,0.9,3,0.05,0.9,True,True,True,False
simpleqa-986,0.9,3,0.15,0.6,False,False,True,False
simpleqa-3697,0.9,2,0.05,0.85,True,True,True,False
simpleqa-3371,0.9,2,0.1,0.85,True,True,True,False
simpleqa-2194,0.9,1,0.1,0.9,True,True,True,False
simpleqa-1039,0.9,1,0.05,0.95,True,True,True,False
simpleqa-1905,0.9,3,0.25,0.4,True,True,True,False
simpleqa-4058,0.9,3,0.15,0.4,True,True,True,False
simpleqa-309,0.9,4,0.35,0.2,True,True,True,False
simpleqa-3097,0.9,5,0.6,0.15,True,True,True,False
simpleqa-1709,0.9,3,0.15,0.4,True,True,True,False
simpleqa-4129,0.9,0,1.0,,False,False,True,False
simpleqa-3168,0.9,1,0.05,0.95,True,True,True,False
simpleqa-3549,0.9,2,0.1,0.85,True,True,True,False
simpleqa-1162,0.9,3,0.1,0.6,True,True,True,False
simpleqa-2629,0.9,2,0.15,0.5,True,True,True,False
simpleqa-1852,0.9,3,0.1,0.6,False,False,False,True
simpleqa-3255,0.9,2,0.05,0.8,True,True,True,False
simpleqa-920,0.9,2,0.05,0.6,False,False,True,False
simpleqa-1629,0.9,3,0.1,0.7,True,True,True,False
simpleqa-4104,0.9,1,0.95,0.05,False,False,True,False
simpleqa-2649,0.9,3,0.15,0.6,True,True,True,False
simpleqa-1796,0.9,3,0.8,0.05,False,False,True,False
simpleqa-1217,0.9,2,0.02,0.95,True,True,True,False
simpleqa-50,0.9,1,0.15,0.8,True,True,True,False
simpleqa-3698,0.9,1,0.7,0.3,False,False,True,False
simpleqa-1045,0.9,3,0.07,0.85,False,False,True,False
simpleqa-1374,0.9,3,0.8,0.1,False,False,True,False
simpleqa-3260,0.9,2,0.9,0.05,False,False,True,False
simpleqa-1653,0.9,3,0.2,0.4,True,True,True,False
simpleqa-1568,0.9,3,0.1,0.4,False,False,False,True
simpleqa-2732,0.9,3,0.1,0.7,True,True,True,False
simpleqa-1676,0.9,2,0.1,0.85,False,False,True,False
simpleqa-3835,0.9,3,0.2,0.6,False,False,True,False
simpleqa-985,0.9,2,0.1,0.85,True,True,True,False
simpleqa-578,0.9,2,0.07,0.85,True,True,True,False
simpleqa-1522,0.9,2,0.45,0.4,False,False,True,False
simpleqa-1976,0.9,0,1.0,,False,False,True,False
simpleqa-893,0.9,1,0.1,0.9,True,True,True,False
simpleqa-3750,0.9,7,0.1,0.4,True,True,True,False
simpleqa-4074,0.9,1,0.1,0.9,True,True,True,False
simpleqa-1373,0.9,3,0.15,0.6,False,False,True,False
simpleqa-1124,0.9,4,0.3,0.25,False,False,True,False
simpleqa-798,0.9,4,0.5,0.15,False,False,True,False
simpleqa-1920,0.9,1,0.6,0.4,False,False,True,False
simpleqa-541,0.9,3,0.15,0.6,True,True,True,False
simpleqa-266,0.9,3,0.05,0.85,True,True,True,False
simpleqa-2941,0.9,2,0.05,0.9,True,True,True,False
simpleqa-2733,0.9,1,0.05,0.95,True,True,True,False
simpleqa-3198,0.9,3,0.1,0.5,True,True,True,False
simpleqa-2403,0.9,2,0.02,0.95,True,True,True,False
simpleqa-273,0.9,1,0.05,0.95,True,True,True,False
simpleqa-3429,0.9,2,0.02,0.95,True,False,False,True
simpleqa-2063,0.9,4,0.2,0.3,True,True,True,False
simpleqa-3903,0.9,2,0.2,0.6,True,True,True,False
simpleqa-2303,0.9,2,0.1,0.5,False,False,True,False
simpleqa-776,0.9,2,0.15,0.75,True,True,True,False
simpleqa-1670,0.9,0,0.95,,False,False,True,False
simpleqa-2342,0.9,2,0.1,0.85,True,True,True,False
simpleqa-4251,0.9,2,0.1,0.8,True,True,True,False
simpleqa-3029,0.9,1,0.05,0.95,True,True,True,False
simpleqa-2715,0.9,2,0.3,0.4,False,False,True,False
simpleqa-857,0.9,2,0.35,0.45,False,False,True,False
simpleqa-1962,0.9,3,0.1,0.8,True,True,True,False
simpleqa-2192,0.9,3,0.1,0.8,True,True,True,False
simpleqa-694,0.9,5,0.25,0.25,True,True,True,False
simpleqa-100,0.9,4,0.1,0.4,True,True,True,False
simpleqa-1383,0.9,3,0.05,0.85,True,True,True,False
simpleqa-876,0.9,1,0.05,0.95,True,True,True,False
simpleqa-1979,0.9,2,0.9,0.05,False,False,True,False
simpleqa-3583,0.9,3,0.6,0.15,True,True,True,False
simpleqa-2557,0.9,1,0.4,0.6,True,True,True,False
simpleqa-755,0.9,1,0.05,0.95,True,True,True,False
simpleqa-3332,0.9,2,0.15,0.6,True,True,True,False
simpleqa-3960,0.9,3,0.8,0.1,True,True,True,False
simpleqa-2622,0.9,2,0.1,0.85,True,True,True,False
simpleqa-2081,0.9,4,0.2,0.4,True,True,True,False
simpleqa-111,0.9,2,0.1,0.5,True,True,True,False
simpleqa-3961,0.9,2,0.1,0.8,False,False,False,True
simpleqa-26,0.9,2,0.4,0.5,False,False,True,False
simpleqa-1575,0.9,3,0.8,0.1,True,True,True,False
simpleqa-4290,0.9,2,0.1,0.85,True,True,True,False
simpleqa-1403,0.9,4,0.05,0.4,True,True,True,False
simpleqa-419,0.9,3,0.1,0.5,True,True,True,False
simpleqa-3524,0.9,2,0.25,0.6,True,True,True,False
simpleqa-2086,0.9,2,0.1,0.5,True,True,True,False
simpleqa-2524,0.9,2,0.1,0.8,False,False,False,True
simpleqa-2134,0.9,1,0.05,0.95,True,True,True,False
simpleqa-2855,0.9,2,0.5,0.3,True,True,True,False
simpleqa-4139,0.9,2,0.05,0.8,True,True,True,False
simpleqa-4045,0.9,2,0.7,0.2,False,False,True,False
simpleqa-1495,0.9,3,0.1,0.8,False,False,True,False
simpleqa-2924,0.9,4,0.1,0.6,True,False,True,False
simpleqa-2412,0.9,3,0.1,0.4,True,True,True,False
simpleqa-562,0.9,3,0.05,0.85,True,True,True,False
simpleqa-222,0.9,1,0.95,0.05,False,False,True,False
simpleqa-2219,0.9,3,0.1,0.7,True,True,True,False
simpleqa-4097,0.9,3,0.3,0.4,False,False,True,False
simpleqa-3249,0.9,0,0.95,,False,False,True,False
simpleqa-376,0.9,1,0.05,0.95,True,True,True,False
simpleqa-3248,0.9,6,0.85,0.03,False,False,True,False
simpleqa-3164,0.9,1,0.05,0.95,True,True,True,False
simpleqa-4000,0.9,2,0.1,0.85,False,False,True,False
simpleqa-2856,0.9,3,0.2,0.6,True,True,True,False
simpleqa-3811,0.9,2,0.1,0.85,True,True,True,False
simpleqa-1243,0.9,3,0.05,0.6,True,True,True,False
simpleqa-1680,0.9,5,0.9,0.02,False,False,True,False
simpleqa-2576,0.9,1,0.05,0.95,True,True,True,False
simpleqa-70,0.9,1,0.05,0.95,True,True,True,False
simpleqa-3465,0.9,3,0.1,0.8,True,True,True,False
simpleqa-1799,0.9,4,0.35,0.25,False,False,True,False
simpleqa-657,0.9,3,0.1,0.7,True,True,True,False
simpleqa-2859,0.9,2,0.1,0.8,True,True,True,False
simpleqa-3428,0.9,2,0.1,0.6,True,True,True,False
simpleqa-1955,0.9,2,0.2,0.5,True,True,True,False
simpleqa-804,0.9,1,0.05,0.95,True,True,True,False
simpleqa-2717,0.9,3,0.05,0.6,True,True,True,False
simpleqa-1382,0.9,3,0.2,0.5,False,False,True,False
simpleqa-3421,0.9,2,0.1,0.85,True,True,True,False
simpleqa-3836,0.9,2,0.1,0.8,True,True,True,False
simpleqa-2080,0.9,2,0.1,0.8,True,True,True,False
simpleqa-3839,0.9,4,0.15,0.3,True,True,True,False
simpleqa-3691,0.9,4,0.4,0.2,False,False,True,False
simpleqa-3806,0.9,1,0.05,0.95,True,True,True,False
simpleqa-2951,0.9,2,0.05,0.8,True,True,True,False
simpleqa-1438,0.9,3,0.15,0.4,True,True,True,False
simpleqa-1094,0.9,2,0.1,0.85,True,True,True,False
simpleqa-2056,0.9,3,0.1,0.5,True,True,True,False
simpleqa-235,0.9,5,0.1,0.4,True,True,True,False
simpleqa-1942,0.9,2,0.05,0.6,True,True,True,False
simpleqa-632,0.9,2,0.1,0.75,False,False,True,False
simpleqa-4280,0.9,4,0.3,0.2,True,True,True,False
simpleqa-3206,0.9,4,0.1,0.4,False,False,False,True
simpleqa-4132,0.9,4,0.25,0.3,True,True,True,False
simpleqa-533,0.9,2,0.05,0.85,True,True,True,False
simpleqa-2809,0.9,4,0.25,0.4,False,False,True,False
simpleqa-2954,0.9,2,0.1,0.85,False,False,True,False
simpleqa-3343,0.9,2,0.1,0.6,True,True,True,False
simpleqa-2168,0.9,2,0.05,0.85,True,True,True,False
simpleqa-3751,0.9,1,0.1,0.85,True,True,True,False
simpleqa-446,0.9,1,0.1,0.85,True,True,True,False
simpleqa-1114,0.9,2,0.1,0.8,True,True,True,False
simpleqa-3921,0.9,1,0.05,0.95,False,False,False,True
simpleqa-690,0.9,3,0.01,0.95,False,False,False,True
simpleqa-1970,0.9,2,0.35,0.4,False,False,True,False
simpleqa-325,0.9,4,0.1,0.4,True,True,True,False
simpleqa-4010,0.9,2,0.1,0.85,True,True,True,False
simpleqa-818,0.9,2,0.1,0.8,True,True,True,False
simpleqa-3503,0.9,6,0.5,0.1,True,True,True,False
simpleqa-1358,0.9,0,1.0,,False,False,True,False
simpleqa-4235,0.9,2,0.15,0.8,False,False,True,False
simpleqa-2238,0.9,3,0.05,0.6,True,True,True,False
simpleqa-1697,0.9,2,0.1,0.6,True,True,True,False
simpleqa-744,0.9,4,0.1,0.6,False,False,True,False
simpleqa-1929,0.9,2,0.1,0.8,True,True,True,False
simpleqa-1821,0.9,2,0.05,0.85,True,True,True,False
simpleqa-2252,0.9,1,0.15,0.85,False,False,True,False
simpleqa-2270,0.9,1,0.05,0.95,True,True,True,False
simpleqa-3755,0.9,3,0.04,0.9,True,True,True,False
simpleqa-738,0.9,3,0.1,0.4,False,False,False,True
simpleqa-825,0.9,3,0.1,0.5,True,True,True,False
simpleqa-3614,0.9,2,0.0,0.45,True,True,True,False
simpleqa-606,0.9,0,1.0,,False,False,True,False
simpleqa-668,0.9,2,0.1,0.5,True,True,True,False
simpleqa-706,0.9,3,0.05,0.85,True,True,True,False
simpleqa-3427,0.9,1,0.05,0.95,False,False,False,True
simpleqa-1384,0.9,3,0.15,0.4,False,False,True,False
simpleqa-201,0.9,2,0.15,0.45,False,False,True,False
simpleqa-560,0.9,3,0.05,0.85,True,True,True,False
simpleqa-2536,0.9,3,0.05,0.5,True,True,True,False
simpleqa-4031,0.9,3,0.2,0.6,True,True,True,False
simpleqa-56,0.9,3,0.1,0.4,True,True,True,False
simpleqa-952,0.9,3,0.05,0.8,True,True,True,False
simpleqa-1169,0.9,2,0.15,0.8,True,True,True,False
simpleqa-2528,0.9,3,0.1,0.8,True,True,True,False
simpleqa-1811,0.9,4,0.15,0.4,False,False,True,False
simpleqa-2096,0.9,2,0.25,0.6,False,False,True,False
simpleqa-661,0.9,1,0.05,0.95,True,True,True,False
simpleqa-4070,0.9,4,0.3,0.25,True,True,True,False
simpleqa-1020,0.9,2,0.2,0.6,False,False,True,False
simpleqa-3540,0.9,1,0.15,0.85,False,False,True,False
simpleqa-1084,0.9,3,0.1,0.6,True,True,True,False
simpleqa-2437,0.9,3,0.07,0.85,True,True,True,False
simpleqa-2616,0.9,3,0.1,0.6,True,True,True,False
simpleqa-3814,0.9,2,0.1,0.6,True,True,True,False
simpleqa-521,0.9,2,0.05,0.85,True,True,True,False
simpleqa-4182,0.9,3,0.15,0.5,False,False,True,False
simpleqa-3797,0.9,2,0.1,0.8,False,False,False,True
simpleqa-946,0.9,2,0.1,0.85,True,True,True,False
simpleqa-838,0.9,1,0.15,0.85,True,True,True,False
simpleqa-3183,0.9,3,0.05,0.85,True,True,True,False
simpleqa-591,0.9,3,0.05,0.85,True,True,True,False
simpleqa-1232,0.9,0,1.0,,False,False,True,False
simpleqa-1837,0.9,4,0.65,0.1,True,True,True,False
simpleqa-1472,0.9,4,0.15,0.35,True,True,True,False
simpleqa-3418,0.9,3,0.15,0.6,False,False,True,False
simpleqa-2620,0.9,2,0.2,0.6,True,True,True,False
simpleqa-1836,0.9,2,0.05,0.85,True,True,True,False
simpleqa-1659,0.9,2,0.1,0.85,True,True,True,False
simpleqa-3415,0.9,2,0.45,0.35,False,False,True,False
simpleqa-3700,0.9,1,0.05,0.95,True,True,True,False
simpleqa-422,0.9,3,0.1,0.5,True,True,True,False
simpleqa-3202,0.9,3,0.1,0.4,True,True,True,False
simpleqa-3804,0.9,2,0.1,0.8,True,True,True,False
simpleqa-4128,0.9,2,0.1,0.75,True,True,True,False
simpleqa-885,0.9,1,0.05,0.95,True,True,True,False
simpleqa-2775,0.9,3,0.1,0.8,True,True,True,False
simpleqa-1318,0.9,1,0.05,0.95,True,True,True,False
simpleqa-89,0.9,2,0.1,0.5,True,True,True,False
simpleqa-502,0.9,3,0.1,0.6,True,True,True,False
simpleqa-2109,0.9,3,0.1,0.8,True,True,True,False
simpleqa-1424,0.9,2,0.1,0.8,True,True,True,False
simpleqa-2323,0.9,5,0.2,0.2,True,True,True,False
simpleqa-2768,0.9,5,0.1,0.3,True,True,True,False
simpleqa-3191,0.9,2,0.1,0.85,True,True,True,False
simpleqa-1839,0.9,1,0.1,0.85,True,True,True,False
simpleqa-1095,0.9,1,0.05,0.95,False,False,False,True
simpleqa-3154,0.9,2,0.9,0.05,False,False,True,False
simpleqa-1090,0.9,3,0.35,0.4,True,True,True,False
simpleqa-195,0.9,3,0.1,0.4,True,False,True,False
simpleqa-3126,0.9,1,0.05,0.95,True,True,True,False
simpleqa-3179,0.9,4,0.1,0.4,False,False,True,False
simpleqa-3666,0.9,3,0.1,0.45,True,True,True,False
simpleqa-3692,0.9,2,0.1,0.85,True,True,True,False
simpleqa-3275,0.9,2,0.25,0.6,True,True,True,False
simpleqa-731,0.9,2,0.1,0.6,True,True,True,False
simpleqa-4133,0.9,2,0.9,0.05,False,False,True,False
simpleqa-3439,0.9,2,0.05,0.8,True,True,True,False
simpleqa-1052,0.9,1,0.85,0.15,False,False,True,False
simpleqa-3344,0.9,2,0.15,0.5,True,True,True,False
simpleqa-1110,0.9,2,0.1,0.75,True,True,True,False
simpleqa-4217,0.9,2,0.6,0.2,True,True,True,False
simpleqa-3450,0.9,5,0.15,0.25,False,False,True,False
simpleqa-636,0.9,3,0.2,0.4,True,True,True,False
simpleqa-1277,0.9,1,0.95,0.05,False,False,True,False
simpleqa-2116,0.9,2,0.1,0.7,True,True,True,False
simpleqa-3906,0.9,1,0.05,0.95,True,True,True,False
simpleqa-732,0.9,1,0.05,0.95,True,True,True,False
simpleqa-4063,0.9,1,0.05,0.95,True,True,True,False
simpleqa-4103,0.9,4,0.1,0.4,True,True,True,False
simpleqa-4294,0.9,3,0.1,0.6,True,True,True,False
simpleqa-586,0.9,2,0.1,0.85,True,True,True,False
simpleqa-3304,0.9,4,0.1,0.4,True,True,True,False
simpleqa-2760,0.9,4,0.1,0.4,True,True,True,False
simpleqa-969,0.9,2,0.1,0.6,True,True,True,False
simpleqa-4082,0.9,4,0.1,0.4,True,True,True,False
simpleqa-2295,0.9,3,0.5,0.25,False,False,True,False
simpleqa-2777,0.9,1,0.02,0.98,True,True,True,False
simpleqa-3687,0.9,2,0.05,0.75,True,True,True,False
simpleqa-211,0.9,1,0.1,0.9,True,True,True,False
simpleqa-1271,0.9,1,0.05,0.95,True,True,True,False
simpleqa-1310,0.9,2,0.2,0.5,True,True,True,False
simpleqa-3192,0.9,5,0.15,0.25,False,False,True,False
simpleqa-611,0.9,2,0.1,0.8,True,True,True,False
simpleqa-3653,0.9,3,0.1,0.5,True,True,True,False
simpleqa-2661,0.9,3,0.1,0.7,True,True,True,False
simpleqa-1327,0.9,5,0.15,0.25,True,True,True,False
simpleqa-2212,0.9,2,0.05,0.9,True,True,True,False
simpleqa-957,0.9,4,0.1,0.4,False,False,True,False
simpleqa-2444,0.9,1,0.05,0.95,True,True,True,False
simpleqa-3667,0.9,1,0.05,0.95,True,True,True,False
simpleqa-2350,0.9,2,0.05,0.9,True,True,True,False
simpleqa-224,0.9,3,0.1,0.45,True,True,True,False
simpleqa-4230,0.9,3,0.8,0.05,False,False,True,False
simpleqa-3641,0.9,2,0.02,0.95,True,True,True,False
simpleqa-4,0.9,3,0.1,0.5,True,True,True,False
simpleqa-3482,0.9,1,0.05,0.95,True,True,True,False
simpleqa-1193,0.9,0,0.95,,False,False,True,False
simpleqa-482,0.9,3,0.07,0.85,True,True,True,False
simpleqa-2509,0.9,1,0.05,0.95,True,True,True,False
simpleqa-3711,0.9,2,0.3,0.4,False,False,True,False
simpleqa-621,0.9,3,0.05,0.85,True,True,True,False
simpleqa-2691,0.9,2,0.05,0.85,True,True,True,False
simpleqa-1107,0.9,0,1.0,,False,False,True,False
simpleqa-2875,0.9,3,0.1,0.6,True,True,True,False
simpleqa-330,0.9,2,0.15,0.5,True,True,True,False
simpleqa-2028,0.9,3,0.7,0.15,False,False,True,False
simpleqa-1201,0.9,3,0.1,0.8,True,True,True,False
simpleqa-3876,0.9,3,0.8,0.1,True,True,True,False
simpleqa-1150,0.9,3,0.1,0.4,True,True,True,False
simpleqa-2450,0.9,1,0.4,0.6,True,True,True,False
simpleqa-3690,0.9,3,0.2,0.35,True,True,True,False
simpleqa-4006,0.9,4,0.1,0.3,True,True,True,False
simpleqa-2022,0.9,1,0.05,0.95,True,True,True,False
simpleqa-2139,0.9,3,0.1,0.6,True,True,True,False
simpleqa-892,0.9,3,0.2,0.4,False,False,True,False
simpleqa-570,0.9,2,0.1,0.7,False,False,True,False
simpleqa-2718,0.9,4,0.3,0.4,False,False,True,False
simpleqa-1189,0.9,2,0.05,0.85,True,True,True,False
simpleqa-4136,0.9,3,0.6,0.15,False,False,True,False
simpleqa-947,0.9,3,0.8,0.1,False,False,True,False
simpleqa-334,0.9,2,0.15,0.8,True,True,True,False
simpleqa-1935,0.9,3,0.1,0.7,True,True,True,False
simpleqa-433,0.9,2,0.95,0.03,False,False,True,False
simpleqa-1747,0.9,3,0.1,0.6,False,False,False,True
simpleqa-33,0.9,1,0.3,0.7,True,True,True,False
simpleqa-1500,0.9,1,0.1,0.9,False,False,False,True
simpleqa-4227,0.9,4,0.1,0.4,True,True,True,False
simpleqa-3509,0.9,3,0.1,0.6,True,True,True,False
simpleqa-122,0.9,3,0.1,0.8,True,True,True,False
simpleqa-1527,0.9,4,0.6,0.1,True,True,True,False
simpleqa-4223,0.9,1,0.25,0.75,True,True,True,False
simpleqa-3673,0.9,3,0.7,0.1,True,True,True,False
simpleqa-2631,0.9,2,0.1,0.5,True,True,True,False
simpleqa-515,0.9,1,0.05,0.95,True,True,True,False
simpleqa-777,0.9,2,0.1,0.45,True,True,True,False
simpleqa-3855,0.9,3,0.07,0.85,True,True,True,False
simpleqa-4034,0.9,1,0.4,0.6,True,True,True,False
simpleqa-1584,0.9,3,0.1,0.6,True,True,True,False
simpleqa-1412,0.9,3,0.15,0.4,True,True,True,False
simpleqa-2299,0.9,1,0.05,0.95,True,True,True,False
simpleqa-1820,0.9,3,0.05,0.7,True,True,True,False
simpleqa-2931,0.9,2,0.05,0.85,True,True,True,False
simpleqa-4038,0.9,1,0.3,0.7,True,True,True,False
simpleqa-1642,0.9,3,0.3,0.4,False,False,True,False
simpleqa-4233,0.9,9,0.1,0.1,True,True,True,False
simpleqa-2051,0.9,4,0.1,0.4,True,True,True,False
simpleqa-1204,0.9,1,0.05,0.95,True,True,True,False
simpleqa-3571,0.9,4,0.5,0.15,False,False,True,False
simpleqa-3688,0.9,3,0.1,0.6,True,True,True,False
simpleqa-3875,0.9,2,0.25,0.5,True,True,True,False
simpleqa-233,0.9,3,0.1,0.6,True,True,True,False
simpleqa-2290,0.9,1,0.05,0.95,True,True,True,False
simpleqa-1941,0.9,4,0.25,0.4,False,False,True,False
simpleqa-2801,0.9,4,0.15,0.4,True,False,True,False
simpleqa-1049,0.9,3,0.1,0.75,True,True,True,False
simpleqa-2302,0.9,2,0.1,0.8,True,True,True,False
simpleqa-2126,0.9,2,0.1,0.8,False,False,False,True
simpleqa-3150,0.9,3,0.1,0.4,True,True,True,False
simpleqa-3995,0.9,2,0.1,0.6,True,True,True,False
simpleqa-1419,0.9,2,0.2,0.6,False,False,True,False
simpleqa-1311,0.9,2,0.25,0.5,True,True,True,False
simpleqa-2367,0.9,1,0.05,0.95,True,True,True,False
simpleqa-399,0.9,1,0.05,0.95,True,True,True,False
simpleqa-3749,0.9,2,0.1,0.8,False,False,False,True
simpleqa-2579,0.9,4,0.2,0.4,False,False,True,False
simpleqa-1288,0.9,1,0.0,0.6,False,False,False,True
simpleqa-2959,0.9,3,0.1,0.8,True,True,True,False
simpleqa-3467,0.9,3,0.1,0.6,False,False,True,False
simpleqa-1998,0.9,0,0.95,,False,False,True,False
simpleqa-2999,0.9,2,0.1,0.45,True,True,True,False
simpleqa-2887,0.9,5,0.3,0.2,True,True,True,False
simpleqa-1285,0.9,3,0.1,0.6,True,True,True,False
simpleqa-4098,0.9,2,0.15,0.6,True,True,True,False
simpleqa-1423,0.9,3,0.2,0.6,True,True,True,False
simpleqa-595,0.9,4,0.2,0.4,False,False,True,False
simpleqa-3128,0.9,1,0.05,0.95,True,True,True,False
simpleqa-2248,0.9,3,0.8,0.1,True,False,True,False
simpleqa-3696,0.9,2,0.1,0.6,True,True,True,False
simpleqa-3724,0.9,1,0.95,0.05,False,False,True,False
simpleqa-747,0.9,2,0.1,0.75,True,True,True,False
simpleqa-3649,0.9,1,0.9,0.05,False,False,True,False
simpleqa-106,0.9,1,0.05,0.95,True,True,True,False
simpleqa-1079,0.9,1,0.1,0.85,True,True,True,False
simpleqa-3493,0.9,3,0.1,0.6,True,True,True,False
simpleqa-3402,0.9,3,0.15,0.5,True,True,True,False
simpleqa-152,0.9,2,0.7,0.15,True,True,True,False
simpleqa-166,0.9,3,0.6,0.2,True,False,True,False
simpleqa-1159,0.9,2,0.1,0.8,True,True,True,False
simpleqa-3862,0.9,2,0.05,0.85,True,True,True,False
simpleqa-674,0.9,1,0.05,0.95,True,True,True,False
simpleqa-3629,0.9,1,0.05,0.95,True,True,True,False
simpleqa-455,0.9,2,0.1,0.85,True,True,True,False
simpleqa-1927,0.9,3,0.1,0.5,True,True,True,False
simpleqa-4164,0.9,4,0.1,0.4,False,False,True,False
simpleqa-850,0.9,4,0.1,0.4,False,False,True,False
simpleqa-27,0.9,1,0.15,0.85,False,False,True,False
simpleqa-553,0.9,0,1.0,,False,False,True,False
simpleqa-1466,0.9,2,0.1,0.8,True,True,True,False
simpleqa-1857,0.9,1,0.05,0.95,False,False,False,True
simpleqa-1509,0.9,3,0.1,0.75,False,False,True,False
simpleqa-4086,0.9,2,0.3,0.4,True,True,True,False
simpleqa-4281,0.9,1,0.05,0.95,False,False,False,True
simpleqa-1044,0.9,2,0.02,0.95,True,True,True,False
simpleqa-4247,0.9,2,0.45,0.4,False,False,True,False
simpleqa-711,0.9,1,0.1,0.9,True,True,True,False
simpleqa-16,0.9,2,0.1,0.75,True,True,True,False
simpleqa-4205,0.9,2,0.15,0.6,False,False,True,False
simpleqa-3564,0.9,0,1.0,,False,False,True,False
simpleqa-2231,0.9,1,0.05,0.95,True,True,True,False
simpleqa-2317,0.9,1,0.15,0.85,True,True,True,False
simpleqa-517,0.9,2,0.1,0.6,True,True,True,False
simpleqa-4052,0.9,3,0.2,0.6,True,True,True,False
simpleqa-3431,0.9,3,0.1,0.6,True,True,True,False
simpleqa-342,0.9,2,0.1,0.8,True,True,True,False
simpleqa-4242,0.9,2,0.1,0.85,True,True,True,False
simpleqa-2767,0.9,1,0.05,0.95,True,True,True,False
simpleqa-1562,0.9,2,0.1,0.7,False,False,True,False
simpleqa-1010,0.9,3,0.08,0.85,True,True,True,False
simpleqa-2998,0.9,3,0.15,0.4,True,True,True,False
simpleqa-2208,0.9,2,0.4,0.4,False,False,True,False
simpleqa-2154,0.9,1,0.15,0.85,True,True,True,False
simpleqa-38,0.9,2,0.1,0.75,True,True,True,False
simpleqa-2632,0.9,1,0.2,0.8,False,False,True,False
simpleqa-2754,0.9,2,0.05,0.85,True,True,True,False
simpleqa-772,0.9,3,0.1,0.6,True,True,True,False
simpleqa-1397,0.9,1,0.05,0.95,True,True,True,False
simpleqa-3717,0.9,1,0.1,0.9,True,True,True,False
simpleqa-2747,0.9,2,0.05,0.9,True,True,True,False
simpleqa-1513,0.9,1,0.05,0.95,False,False,False,True
simpleqa-4206,0.9,4,0.6,0.15,False,False,True,False
simpleqa-2085,0.9,1,0.05,0.95,True,True,True,False
simpleqa-3061,0.9,3,0.04,0.9,False,False,False,True
simpleqa-4093,0.9,3,0.15,0.4,False,False,True,False
simpleqa-1887,0.9,2,0.1,0.75,True,True,True,False
simpleqa-268,0.9,1,0.2,0.8,True,True,True,False
simpleqa-1792,0.9,2,0.05,0.85,True,True,True,False
simpleqa-2891,0.9,4,0.2,0.4,True,True,True,False
simpleqa-2857,0.9,4,0.1,0.75,True,True,True,False
simpleqa-2347,0.9,4,0.1,0.4,False,False,False,True
simpleqa-3841,0.9,3,0.15,0.4,False,False,True,False
simpleqa-4306,0.9,2,0.2,0.6,True,True,True,False
simpleqa-3651,0.9,2,0.05,0.8,True,True,True,False
simpleqa-3635,0.9,1,0.95,0.05,False,False,True,False
simpleqa-464,0.9,2,0.15,0.5,True,True,True,False
simpleqa-4015,0.9,2,0.1,0.8,False,False,False,True
simpleqa-3619,0.9,2,0.05,0.85,True,True,True,False
simpleqa-2027,0.9,0,1.0,,False,False,True,False
simpleqa-1074,0.9,0,1.0,,False,False,True,False
simpleqa-241,0.9,3,0.15,0.7,True,True,True,False
simpleqa-2586,0.9,4,0.1,0.4,True,True,True,False
simpleqa-1999,0.9,1,0.05,0.95,True,True,True,False
simpleqa-4314,0.9,0,1.0,,False,False,True,False
simpleqa-2986,0.9,2,0.1,0.6,True,True,True,False
simpleqa-1547,0.9,0,0.95,,False,False,True,False
simpleqa-176,0.9,3,0.1,0.75,True,True,True,False
simpleqa-824,0.9,1,0.05,0.95,True,True,True,False
simpleqa-4146,0.9,1,0.05,0.95,True,True,True,False
simpleqa-2044,0.9,3,0.05,0.8,True,True,True,False
simpleqa-327,0.9,3,0.15,0.4,True,True,True,False
simpleqa-3684,0.9,4,0.6,0.1,True,True,True,False
simpleqa-1919,0.9,3,0.15,0.5,True,True,True,False
simpleqa-1433,0.9,2,0.15,0.7,True,True,True,False
simpleqa-2828,0.9,2,0.1,0.7,True,True,True,False
simpleqa-3742,0.9,1,0.1,0.9,True,True,True,False
simpleqa-1458,0.9,3,0.6,0.15,False,False,True,False
simpleqa-4118,0.9,2,0.1,0.8,True,True,True,False
simpleqa-1872,0.9,4,0.1,0.4,True,True,True,False
simpleqa-1368,0.9,3,0.1,0.7,True,True,True,False
simpleqa-1364,0.9,2,0.05,0.85,False,False,False,True
simpleqa-3727,0.9,4,0.05,0.4,True,True,True,False
simpleqa-3089,0.9,1,0.05,0.95,True,True,True,False
simpleqa-1328,0.9,2,0.1,0.85,True,True,True,False
simpleqa-644,0.9,4,0.2,0.4,True,True,True,False
simpleqa-793,0.9,2,0.1,0.85,True,True,True,False
simpleqa-923,0.9,2,0.15,0.45,False,False,True,False
simpleqa-194,0.9,2,0.1,0.8,False,False,False,True
simpleqa-2835,0.9,4,0.05,0.4,True,True,True,False
simpleqa-3843,0.9,2,0.1,0.8,True,True,True,False
simpleqa-3030,0.9,0,1.0,,False,False,True,False
simpleqa-2833,0.9,4,0.25,0.4,False,False,True,False
simpleqa-2615,0.9,1,0.05,0.95,True,True,True,False
simpleqa-2037,0.9,1,0.05,0.95,True,True,True,False
simpleqa-258,0.9,1,0.05,0.95,True,True,True,False
simpleqa-4020,0.9,3,0.1,0.7,False,False,True,False
simpleqa-2752,0.9,2,0.2,0.7,False,False,True,False
simpleqa-3284,0.9,3,0.05,0.7,True,True,True,False
simpleqa-3936,0.9,2,0.1,0.8,True,True,True,False
simpleqa-1028,0.9,2,0.9,0.05,False,False,True,False
simpleqa-2669,0.9,3,0.1,0.5,True,True,True,False
simpleqa-2161,0.9,4,0.45,0.15,True,True,True,False
simpleqa-1425,0.9,4,0.2,0.3,True,True,True,False
simpleqa-53,0.9,2,0.05,0.85,True,True,True,False
simpleqa-3914,0.9,4,0.3,0.25,False,False,True,False
simpleqa-1278,0.9,1,0.05,0.95,True,True,True,False
simpleqa-468,0.9,3,0.15,0.35,True,True,True,False
simpleqa-2425,0.9,3,0.1,0.6,True,True,True,False
simpleqa-3144,0.9,2,0.1,0.6,True,True,True,False
simpleqa-3035,0.9,3,0.1,0.6,True,True,True,False
simpleqa-3805,0.9,3,0.35,0.4,False,False,True,False
simpleqa-564,0.9,2,0.05,0.85,True,True,True,False
simpleqa-1707,0.9,1,0.05,0.95,True,True,True,False
simpleqa-4041,0.9,3,0.15,0.4,False,False,True,False
simpleqa-2136,0.9,2,0.1,0.8,True,True,True,False
simpleqa-3659,0.9,3,0.1,0.4,True,True,True,False
simpleqa-3395,0.9,3,0.1,0.4,True,True,True,False
simpleqa-2889,0.9,3,0.1,0.6,False,False,True,False
simpleqa-4279,0.9,0,1.0,,False,False,True,False
simpleqa-1961,0.9,2,0.1,0.8,True,True,True,False
simpleqa-155,0.9,2,0.05,0.85,True,True,True,False
simpleqa-248,0.9,4,0.05,0.85,True,True,True,False
simpleqa-1605,0.9,2,0.1,0.85,True,True,True,False
simpleqa-2447,0.9,1,0.2,0.8,True,True,True,False
simpleqa-2836,0.9,2,0.1,0.85,True,True,True,False
simpleqa-3004,0.9,1,0.02,0.98,True,True,True,False
simpleqa-1843,0.9,4,0.8,0.05,False,False,True,False
simpleqa-2650,0.9,4,0.05,0.45,True,True,True,False
simpleqa-3141,0.9,1,0.05,0.95,True,True,True,False
simpleqa-1237,0.9,2,0.1,0.75,True,True,True,False
simpleqa-45,0.9,3,0.2,0.5,True,True,True,False
simpleqa-800,0.9,2,0.05,0.85,True,True,True,False
simpleqa-2811,0.9,3,0.5,0.25,True,True,True,False
simpleqa-4011,0.9,2,0.15,0.5,True,True,True,False
simpleqa-863,0.9,3,0.1,0.5,True,True,True,False
simpleqa-3535,0.9,2,0.2,0.6,True,True,True,False
simpleqa-2077,0.9,2,0.1,0.6,False,False,True,False
simpleqa-1351,0.9,5,0.05,0.6,False,False,False,True
simpleqa-2235,0.9,2,0.1,0.85,True,True,True,False
simpleqa-3594,0.9,4,0.1,0.45,True,True,True,False
simpleqa-967,0.9,3,0.05,0.85,True,True,True,False
simpleqa-3486,0.9,2,0.1,0.8,True,True,True,False
simpleqa-3000,0.9,2,0.9,0.05,False,False,True,False
simpleqa-696,0.9,4,0.8,0.05,False,False,True,False
simpleqa-915,0.9,2,0.1,0.45,True,True,True,False
simpleqa-1437,0.9,1,0.05,0.95,True,True,True,False
simpleqa-2131,0.9,1,0.6,0.4,True,True,True,False
simpleqa-400,0.9,0,1.0,,False,False,True,False
simpleqa-2894,0.9,2,0.1,0.8,True,True,True,False
simpleqa-2386,0.9,3,0.1,0.5,True,True,True,False
simpleqa-2148,0.9,5,0.6,0.1,True,True,True,False
simpleqa-3818,0.9,3,0.1,0.6,False,False,False,True
simpleqa-2618,0.9,2,0.3,0.4,False,False,True,False
simpleqa-1858,0.9,3,0.1,0.7,True,True,True,False
simpleqa-3325,0.9,3,0.05,0.85,False,False,False,True
simpleqa-3744,0.9,2,0.1,0.8,False,False,False,True
simpleqa-4264,0.9,4,0.1,0.4,False,False,False,True
simpleqa-1864,0.9,1,0.01,0.99,True,True,True,False
simpleqa-2314,0.9,5,0.3,0.15,False,False,True,False
simpleqa-2170,0.9,2,0.1,0.8,True,True,True,False
simpleqa-1414,0.9,4,0.6,0.2,False,False,True,False
simpleqa-2286,0.9,1,0.1,0.9,True,True,True,False
simpleqa-2838,0.9,2,0.05,0.85,True,True,True,False
simpleqa-4186,0.9,2,0.1,0.45,False,False,False,True
simpleqa-3123,0.9,2,0.1,0.6,True,True,True,False
simpleqa-3223,0.9,3,0.2,0.4,True,True,True,False
simpleqa-1586,0.9,2,0.1,0.5,True,True,True,False
simpleqa-1355,0.9,5,0.25,0.15,True,True,True,False
simpleqa-598,0.9,2,0.1,0.8,False,False,False,True
simpleqa-3430,0.9,4,0.35,0.2,False,False,True,False
simpleqa-3538,0.9,3,0.05,0.85,True,True,True,False
simpleqa-3931,0.9,3,0.45,0.25,False,False,True,False
simpleqa-2240,0.9,4,0.8,0.05,False,False,True,False
simpleqa-514,0.9,3,0.45,0.25,True,True,True,False
simpleqa-3963,0.9,1,0.05,0.95,True,True,True,False
simpleqa-3361,0.9,2,0.1,0.45,True,True,True,False
simpleqa-845,0.9,4,0.35,0.3,False,False,True,False
simpleqa-364,0.9,1,0.1,0.9,True,True,True,False
simpleqa-2769,0.9,2,0.1,0.8,False,False,False,True
simpleqa-2663,0.9,3,0.15,0.4,True,True,True,False
simpleqa-2091,0.9,2,0.05,0.85,True,True,True,False
simpleqa-3842,0.9,3,0.1,0.6,True,True,True,False
simpleqa-1690,0.9,2,0.1,0.85,True,False,True,False
simpleqa-1101,0.9,2,0.1,0.85,True,True,True,False
simpleqa-500,0.9,3,0.35,0.3,True,True,True,False
simpleqa-3731,0.9,2,0.05,0.85,True,True,True,False
simpleqa-2625,0.9,2,0.1,0.85,True,True,True,False
simpleqa-4248,0.9,3,0.3,0.4,True,True,True,False
simpleqa-3346,0.9,3,0.1,0.5,False,False,False,True
simpleqa-480,0.9,2,0.1,0.85,True,True,True,False
simpleqa-3772,0.9,2,0.15,0.6,False,False,True,False
simpleqa-2486,0.9,3,0.1,0.4,False,False,False,True
simpleqa-2944,0.9,2,0.1,0.75,True,True,True,False
simpleqa-3409,0.9,1,0.05,0.95,True,True,True,False
simpleqa-1650,0.9,4,0.8,0.05,False,False,True,False
simpleqa-3082,0.9,3,0.05,0.8,True,True,True,False
simpleqa-3323,0.9,4,0.2,0.3,False,False,True,False
simpleqa-3612,0.9,3,0.1,0.75,True,True,True,False
simpleqa-974,0.9,3,0.3,0.4,False,False,True,False
simpleqa-3151,0.9,3,0.1,0.4,True,True,True,False
simpleqa-692,0.9,4,0.25,0.3,False,False,True,False
simpleqa-1845,0.9,3,0.15,0.4,True,True,True,False
simpleqa-257,0.9,4,0.1,0.4,True,True,True,False
simpleqa-3943,0.9,1,0.05,0.95,False,False,False,True
simpleqa-2710,0.9,2,0.05,0.85,False,False,False,True
simpleqa-4087,0.9,3,0.1,0.7,True,True,True,False
simpleqa-640,0.9,2,0.05,0.85,True,True,True,False
simpleqa-2963,0.9,4,0.6,0.1,False,False,True,False
simpleqa-4120,0.9,3,0.6,0.15,False,False,True,False
simpleqa-925,0.9,3,0.1,0.6,True,True,True,False
simpleqa-3060,0.9,2,0.1,0.8,False,False,False,True
simpleqa-2898,0.9,1,0.1,0.85,False,False,True,False
simpleqa-1075,0.9,1,0.05,0.95,True,True,True,False
simpleqa-2253,0.9,3,0.15,0.4,True,True,True,False
simpleqa-3176,0.9,3,0.1,0.4,False,False,False,True
simpleqa-2262,0.9,0,1.0,,False,False,True,False
simpleqa-1948,0.9,1,0.05,0.95,True,True,True,False
simpleqa-1402,0.9,2,0.05,0.85,True,True,True,False
simpleqa-2759,0.9,6,0.6,0.1,False,False,True,False
simpleqa-3821,0.9,1,0.05,0.95,True,True,True,False
simpleqa-4071,0.9,4,0.1,0.4,True,True,True,False
simpleqa-1877,0.9,3,0.45,0.3,False,False,True,False
simpleqa-518,0.9,1,0.05,0.95,True,True,True,False
simpleqa-1353,0.9,2,0.1,0.5,True,True,True,False
simpleqa-854,0.9,1,0.15,0.85,False,False,True,False
simpleqa-722,0.9,1,0.05,0.95,True,True,True,False
simpleqa-2977,0.9,2,0.15,0.6,True,True,True,False
simpleqa-337,0.9,2,0.1,0.85,True,True,True,False
simpleqa-1875,0.9,4,0.15,0.4,True,True,True,False
simpleqa-2863,0.9,3,0.1,0.75,True,True,True,False
simpleqa-2304,0.9,2,0.05,0.85,True,True,True,False
simpleqa-1702,0.9,2,0.1,0.75,True,True,True,False
simpleqa-4173,0.9,3,0.1,0.7,True,True,True,False
simpleqa-3656,0.9,3,0.25,0.4,False,False,True,False
simpleqa-715,0.9,0,1.0,,False,False,True,False
simpleqa-4018,0.9,3,0.2,0.4,True,True,True,False
simpleqa-375,0.9,3,0.1,0.75,True,True,True,False
simpleqa-3299,0.9,2,0.15,0.8,True,True,True,False
simpleqa-3118,0.9,3,0.2,0.35,True,True,True,False
simpleqa-1422,0.9,4,0.1,0.35,False,False,True,False
simpleqa-2762,0.9,2,0.05,0.8,False,False,False,True
simpleqa-1025,0.9,1,0.05,0.95,False,False,False,True
simpleqa-2369,0.9,4,0.1,0.4,False,False,False,True
simpleqa-3384,0.9,3,0.1,0.7,True,True,True,False
simpleqa-1545,0.9,3,0.1,0.6,True,True,True,False
simpleqa-140,0.9,3,0.1,0.6,False,False,False,True
simpleqa-1816,0.9,2,0.1,0.85,True,False,True,False
simpleqa-949,0.9,2,0.9,0.05,False,False,True,False
simpleqa-3380,0.9,4,0.15,0.4,True,True,True,False
simpleqa-281,0.9,2,0.2,0.7,True,True,True,False
simpleqa-2007,0.9,1,0.05,0.95,True,True,True,False
simpleqa-842,0.9,3,0.45,0.25,True,True,True,False
simpleqa-1482,0.9,4,0.1,0.4,True,True,True,False
simpleqa-185,0.9,3,0.05,0.85,True,True,True,False
simpleqa-1280,0.9,4,0.1,0.4,True,True,True,False
simpleqa-2356,0.9,4,0.45,0.15,True,True,True,False
simpleqa-2475,0.9,3,0.15,0.4,True,True,True,False
simpleqa-3901,0.9,3,0.1,0.4,True,True,True,False
simpleqa-3360,0.9,2,0.1,0.5,False,False,False,True
simpleqa-303,0.9,4,0.1,0.4,True,True,True,False
simpleqa-3930,0.9,1,0.15,0.85,True,True,True,False
simpleqa-116,0.9,3,0.1,0.6,False,False,True,False
simpleqa-2753,0.9,3,0.25,0.4,False,False,True,False
simpleqa-1558,0.9,2,0.1,0.85,True,True,True,False
simpleqa-684,0.9,2,0.1,0.55,True,True,True,False
simpleqa-941,0.9,2,0.9,0.05,False,False,True,False
simpleqa-3152,0.9,2,0.15,0.8,True,True,True,False
simpleqa-4053,0.9,1,0.05,0.95,True,True,True,False
simpleqa-94,0.9,2,0.1,0.8,True,True,True,False
simpleqa-472,0.9,1,0.05,0.95,True,True,True,False
simpleqa-3078,0.9,2,0.2,0.6,True,True,True,False
simpleqa-2573,0.9,2,0.2,0.5,False,False,True,False
simpleqa-3530,0.9,2,0.1,0.75,True,True,True,False
simpleqa-40,0.9,1,0.05,0.95,True,True,True,False
simpleqa-1634,0.9,1,0.05,0.95,True,True,True,False
simpleqa-3352,0.9,4,0.15,0.6,True,True,True,False
simpleqa-2455,0.9,5,0.95,0.01,False,False,True,False
simpleqa-3175,0.9,2,0.1,0.8,True,True,True,False
simpleqa-2280,0.9,2,0.15,0.6,True,True,True,False
simpleqa-3305,0.9,3,0.05,0.85,True,True,True,False
simpleqa-1307,0.9,2,0.1,0.8,True,True,True,False
simpleqa-3320,0.9,1,0.05,0.95,True,True,True,False
simpleqa-1153,0.9,3,0.1,0.45,False,False,False,True
simpleqa-1611,0.9,2,0.1,0.45,True,True,True,False
simpleqa-797,0.9,2,0.1,0.85,True,True,True,False
simpleqa-1908,0.9,3,0.1,0.8,True,True,True,False
simpleqa-1940,0.9,3,0.1,0.8,True,True,True,False
simpleqa-2973,0.9,3,0.05,0.6,True,True,True,False
simpleqa-1715,0.9,2,0.9,0.05,False,False,True,False
simpleqa-1180,0.9,2,0.9,0.05,True,False,True,False
simpleqa-3319,0.9,1,0.4,0.6,False,False,True,False
simpleqa-173,0.9,6,0.1,0.3,True,True,True,False
simpleqa-3719,0.9,5,0.2,0.25,False,False,True,False
simpleqa-1149,0.9,2,0.15,0.75,False,False,True,False
simpleqa-2549,0.9,4,0.7,0.1,True,True,True,False
simpleqa-837,0.9,4,0.1,0.45,True,True,True,False
simpleqa-3981,0.9,2,0.1,0.8,False,False,False,True
simpleqa-170,0.9,3,0.45,0.25,False,False,True,False
simpleqa-2326,0.9,4,0.3,0.25,True,True,True,False
simpleqa-2803,0.9,3,0.1,0.8,True,True,True,False
simpleqa-733,0.9,2,0.2,0.4,False,False,True,False
simpleqa-3243,0.9,4,0.1,0.4,True,True,True,False
simpleqa-2069,0.9,3,0.45,0.25,True,True,True,False
simpleqa-270,0.9,1,0.05,0.95,True,True,True,False
simpleqa-4171,0.9,4,0.1,0.4,False,False,True,False
simpleqa-2413,0.9,3,0.1,0.7,True,True,True,False
simpleqa-2688,0.9,3,0.1,0.6,True,True,True,False
simpleqa-4049,0.9,1,0.1,0.9,True,True,True,False
simpleqa-3057,0.9,3,0.1,0.75,True,True,True,False
simpleqa-2820,0.9,4,0.1,0.4,True,True,True,False
simpleqa-577,0.9,1,0.1,0.9,True,True,True,False
simpleqa-1493,0.9,3,0.1,0.6,True,True,True,False
simpleqa-1012,0.9,1,0.15,0.85,True,True,True,False
simpleqa-3736,0.9,2,0.1,0.7,True,True,True,False
simpleqa-3178,0.9,2,0.1,0.6,False,False,True,False
simpleqa-2766,0.9,1,0.05,0.95,True,True,True,False
simpleqa-4060,0.9,1,0.1,0.9,True,True,True,False
simpleqa-4127,0.9,5,0.95,0.01,True,False,True,False
simpleqa-3770,0.9,3,0.1,0.6,True,True,True,False
simpleqa-1032,0.9,2,0.3,0.4,True,True,True,False
simpleqa-1003,0.9,1,0.05,0.95,True,True,True,False
simpleqa-3230,0.9,2,0.1,0.85,True,True,True,False
simpleqa-3116,0.9,4,0.5,0.15,False,False,True,False
simpleqa-607,0.9,2,0.9,0.05,True,False,True,False
simpleqa-2971,0.9,2,0.1,0.85,True,True,True,False
simpleqa-3348,0.9,1,0.2,0.8,False,False,True,False
simpleqa-1652,0.9,2,0.15,0.8,True,True,True,False
simpleqa-3854,0.9,0,1.0,,False,False,True,False
simpleqa-353,0.9,1,0.05,0.95,True,True,True,False
simpleqa-943,0.9,5,0.35,0.2,True,True,True,False
simpleqa-1434,0.9,4,0.1,0.5,True,True,True,False
simpleqa-4272,0.9,3,0.05,0.8,True,True,True,False
simpleqa-1746,0.9,4,0.1,0.4,True,True,True,False
simpleqa-1958,0.9,3,0.6,0.15,False,False,True,False
simpleqa-2144,0.9,1,0.05,0.95,True,True,True,False
simpleqa-51,0.9,4,0.2,0.4,True,True,True,False
simpleqa-1171,0.9,2,0.05,0.85,True,True,True,False
simpleqa-2,0.9,2,0.05,0.85,True,True,True,False
simpleqa-2936,0.9,0,1.0,,False,False,True,False
simpleqa-2153,0.9,1,0.1,0.9,True,True,True,False
simpleqa-2635,0.9,3,0.1,0.8,True,True,True,False
simpleqa-3774,0.9,2,0.1,0.6,True,True,True,False
simpleqa-3278,0.9,3,0.1,0.6,True,True,True,False
simpleqa-1561,0.9,1,0.4,0.6,True,True,True,False
simpleqa-1207,0.9,1,0.4,0.6,False,False,True,False
simpleqa-457,0.9,2,0.1,0.85,True,True,True,False
simpleqa-243,0.9,2,0.4,0.4,True,True,True,False
simpleqa-1283,0.9,2,0.1,0.8,False,False,False,True
simpleqa-2090,0.9,2,0.1,0.75,True,True,True,False
simpleqa-1420,0.9,1,0.4,0.6,True,True,True,False
simpleqa-812,0.9,4,0.15,0.5,True,True,True,False
simpleqa-1947,0.9,1,0.7,0.3,False,False,True,False
simpleqa-1461,0.9,1,0.85,0.1,False,False,True,False
simpleqa-1854,0.9,3,0.08,0.85,True,True,True,False
simpleqa-3675,0.9,2,0.05,0.85,True,True,True,False
simpleqa-3172,0.9,1,0.05,0.95,True,True,True,False
simpleqa-1620,0.9,1,0.15,0.85,True,True,True,False
simpleqa-4274,0.9,3,0.1,0.45,True,True,True,False
simpleqa-1460,0.9,2,0.1,0.8,False,False,False,True
simpleqa-3520,0.9,2,0.1,0.8,True,True,True,False
simpleqa-2588,0.9,4,0.1,0.35,False,False,True,False
simpleqa-1432,0.9,3,0.1,0.5,False,False,True,False
simpleqa-3533,0.9,2,0.1,0.6,True,True,True,False
simpleqa-2032,0.9,1,0.4,0.6,False,False,True,False
simpleqa-3924,0.9,3,0.1,0.6,False,False,False,True
simpleqa-1808,0.9,2,0.1,0.85,True,True,True,False
simpleqa-1067,0.9,2,0.1,0.6,True,True,True,False
simpleqa-3603,0.9,3,0.2,0.4,True,True,True,False
simpleqa-870,0.9,3,0.1,0.6,True,True,True,False
simpleqa-1873,0.9,1,0.05,0.95,True,True,True,False
simpleqa-4142,0.9,5,0.6,0.1,True,True,True,False
simpleqa-3441,0.9,2,0.15,0.6,False,False,True,False
simpleqa-597,0.9,1,0.05,0.95,False,False,False,True
simpleqa-3028,0.9,0,1.0,,False,False,True,False
simpleqa-978,0.9,2,0.02,0.95,True,True,True,False
simpleqa-1689,0.9,2,0.1,0.85,True,True,True,False
simpleqa-1579,0.9,5,0.95,0.01,False,False,True,False
simpleqa-296,0.9,3,0.1,0.6,True,True,True,False
simpleqa-162,0.9,3,0.2,0.4,True,True,True,False
simpleqa-2933,0.9,3,0.1,0.4,True,True,True,False
simpleqa-1179,0.9,3,0.1,0.7,True,True,True,False
simpleqa-4007,0.9,3,0.1,0.8,True,True,True,False
simpleqa-2145,0.9,2,0.1,0.8,True,True,True,False
simpleqa-3677,0.9,2,0.1,0.85,True,True,True,False
simpleqa-3636,0.9,4,0.1,0.4,True,True,True,False
simpleqa-398,0.9,3,0.1,0.6,True,True,True,False
simpleqa-4320,0.9,2,0.2,0.6,True,True,True,False
simpleqa-1752,0.9,3,0.1,0.6,True,True,True,False
