seed,alpha,method,threshold,supported,n_calibration_answered,k_calibration_incorrect,calibration_upper,n_test,n_answered,n_incorrect,answer_rate,observed_error,error_lo,error_hi,model_key
20260913,0.1,selected,,False,0.0,0.0,,2163,0,0,0.0,,,,gemini35flash
20260913,0.1,fixed,0.9,False,,,,2163,388,71,0.1793804900601017,0.18298969072164947,0.14577263411962194,0.2251237394006561,gemini35flash
20260913,0.14285714285714285,selected,,False,0.0,0.0,,2163,0,0,0.0,,,,gemini35flash
20260913,0.14285714285714285,fixed,0.8571428571428572,False,,,,2163,388,71,0.1793804900601017,0.18298969072164947,0.14577263411962194,0.2251237394006561,gemini35flash
20260913,0.2,selected,,False,0.0,0.0,,2163,0,0,0.0,,,,gemini35flash
20260913,0.2,fixed,0.8,False,,,,2163,1080,311,0.49930651872399445,0.287962962962963,0.26110247575360496,0.31598398457057053,gemini35flash
20260913,0.25,selected,0.91,True,326.0,50.0,0.22854069070389402,2163,330,57,0.15256588072122051,0.17272727272727273,0.13352578990525577,0.21791956422246667,gemini35flash
20260913,0.25,fixed,0.75,False,,,,2163,1112,321,0.5141007859454462,0.2886690647482014,0.2621740066547471,0.3162871778677309,gemini35flash
20260914,0.1,selected,,False,0.0,0.0,,2163,0,0,0.0,,,,gemini35flash
20260914,0.1,fixed,0.9,False,,,,2163,368,67,0.1701340730466944,0.18206521739130435,0.14397460544781168,0.22536020336019913,gemini35flash
20260914,0.14285714285714285,selected,,False,0.0,0.0,,2163,0,0,0.0,,,,gemini35flash
20260914,0.14285714285714285,fixed,0.8571428571428572,False,,,,2163,368,67,0.1701340730466944,0.18206521739130435,0.14397460544781168,0.22536020336019913,gemini35flash
20260914,0.2,selected,,False,0.0,0.0,,2163,0,0,0.0,,,,gemini35flash
20260914,0.2,fixed,0.8,False,,,,2163,1083,315,0.5006934812760055,0.29085872576177285,0.26394737864698326,0.3189114833657787,gemini35flash
20260914,0.25,selected,0.8571428571428571,True,396.0,71.0,0.24999874240270278,2163,368,67,0.1701340730466944,0.18206521739130435,0.14397460544781168,0.22536020336019913,gemini35flash
20260914,0.25,fixed,0.75,False,,,,2163,1119,324,0.5173370319001387,0.289544235924933,0.2631055071725964,0.3170942855009287,gemini35flash
20260915,0.1,selected,,False,0.0,0.0,,2163,0,0,0.0,,,,gemini35flash
20260915,0.1,fixed,0.9,False,,,,2163,363,57,0.1678224687933426,0.15702479338842976,0.12115042381696486,0.1986065506458748,gemini35flash
20260915,0.14285714285714285,selected,,False,0.0,0.0,,2163,0,0,0.0,,,,gemini35flash
20260915,0.14285714285714285,fixed,0.8571428571428572,False,,,,2163,363,57,0.1678224687933426,0.15702479338842976,0.12115042381696486,0.1986065506458748,gemini35flash
20260915,0.2,selected,,False,0.0,0.0,,2163,0,0,0.0,,,,gemini35flash
20260915,0.2,fixed,0.8,False,,,,2163,1111,322,0.5136384650947757,0.28982898289828984,0.2632873571305185,0.3174884859266523,gemini35flash
20260915,0.25,selected,,False,0.0,0.0,,2163,0,0,0.0,,,,gemini35flash
20260915,0.25,fixed,0.75,False,,,,2163,1144,330,0.5288950531668978,0.28846153846153844,0.2623433533068664,0.3156721505367821,gemini35flash
20260916,0.1,selected,,False,0.0,0.0,,2163,0,0,0.0,,,,gemini35flash
20260916,0.1,fixed,0.9,False,,,,2163,359,70,0.1659731853906611,0.19498607242339833,0.1552730150528988,0.2398137085537891,gemini35flash
20260916,0.14285714285714285,selected,,False,0.0,0.0,,2163,0,0,0.0,,,,gemini35flash
20260916,0.14285714285714285,fixed,0.8571428571428572,False,,,,2163,359,70,0.1659731853906611,0.19498607242339833,0.1552730150528988,0.2398137085537891,gemini35flash
20260916,0.2,selected,,False,0.0,0.0,,2163,0,0,0.0,,,,gemini35flash
20260916,0.2,fixed,0.8,False,,,,2163,1069,310,0.49422098936662046,0.2899906454630496,0.26293119242602325,0.3182114235526051,gemini35flash
20260916,0.25,selected,0.81,True,635.0,120.0,0.2445639192048793,2163,596,136,0.2755432269995377,0.22818791946308725,0.19507369557307722,0.2640214457237928,gemini35flash
20260916,0.25,fixed,0.75,False,,,,2163,1102,320,0.5094775774387424,0.29038112522686027,0.26371552263629583,0.3181708467268354,gemini35flash
20260917,0.1,selected,,False,0.0,0.0,,2163,0,0,0.0,,,,gemini35flash
20260917,0.1,fixed,0.9,False,,,,2163,387,69,0.17891816920943135,0.17829457364341086,0.1414542275190036,0.2201399160741656,gemini35flash
20260917,0.14285714285714285,selected,,False,0.0,0.0,,2163,0,0,0.0,,,,gemini35flash
20260917,0.14285714285714285,fixed,0.8571428571428572,False,,,,2163,387,69,0.17891816920943135,0.17829457364341086,0.1414542275190036,0.2201399160741656,gemini35flash
20260917,0.2,selected,,False,0.0,0.0,,2163,0,0,0.0,,,,gemini35flash
20260917,0.2,fixed,0.8,False,,,,2163,1092,321,0.5048543689320388,0.29395604395604397,0.26706304056078256,0.3219641235438049,gemini35flash
20260917,0.25,selected,0.91,True,319.0,54.0,0.2476164782631776,2163,337,53,0.1558021266759131,0.1572700296735905,0.12007955737111509,0.20061203103690772,gemini35flash
20260917,0.25,fixed,0.75,False,,,,2163,1123,332,0.5191863153028201,0.2956366874443455,0.2690666098724554,0.32328189480798647,gemini35flash
20260918,0.1,selected,,False,0.0,0.0,,2163,0,0,0.0,,,,gemini35flash
20260918,0.1,fixed,0.9,False,,,,2163,369,70,0.17059639389736478,0.1897018970189702,0.1509726250549383,0.23349321806355922,gemini35flash
20260918,0.14285714285714285,selected,,False,0.0,0.0,,2163,0,0,0.0,,,,gemini35flash
20260918,0.14285714285714285,fixed,0.8571428571428572,False,,,,2163,369,70,0.17059639389736478,0.1897018970189702,0.1509726250549383,0.23349321806355922,gemini35flash
20260918,0.2,selected,,False,0.0,0.0,,2163,0,0,0.0,,,,gemini35flash
20260918,0.2,fixed,0.8,False,,,,2163,1078,304,0.49838187702265374,0.2820037105751391,0.25530394624854374,0.3098990250466089,gemini35flash
20260918,0.25,selected,0.8571428571428571,True,395.0,68.0,0.24210580851577823,2163,369,70,0.17059639389736478,0.1897018970189702,0.1509726250549383,0.23349321806355922,gemini35flash
20260918,0.25,fixed,0.75,False,,,,2163,1113,314,0.5145631067961165,0.2821203953279425,0.2558370298077797,0.30956073830841163,gemini35flash
20260919,0.1,selected,,False,0.0,0.0,,2163,0,0,0.0,,,,gemini35flash
20260919,0.1,fixed,0.9,False,,,,2163,383,58,0.17706888580674987,0.1514360313315927,0.11704345346705362,0.19132434767383885,gemini35flash
20260919,0.14285714285714285,selected,,False,0.0,0.0,,2163,0,0,0.0,,,,gemini35flash
20260919,0.14285714285714285,fixed,0.8571428571428572,False,,,,2163,383,58,0.17706888580674987,0.1514360313315927,0.11704345346705362,0.19132434767383885,gemini35flash
20260919,0.2,selected,,False,0.0,0.0,,2163,0,0,0.0,,,,gemini35flash
20260919,0.2,fixed,0.8,False,,,,2163,1081,312,0.49976883957466484,0.28862164662349676,0.2617533839934062,0.3166457409441308,gemini35flash
20260919,0.25,selected,,False,0.0,0.0,,2163,0,0,0.0,,,,gemini35flash
20260919,0.25,fixed,0.75,False,,,,2163,1116,325,0.5159500693481276,0.29121863799283154,0.26469492125139,0.31884778511161865,gemini35flash
20260920,0.1,selected,,False,0.0,0.0,,2163,0,0,0.0,,,,gemini35flash
20260920,0.1,fixed,0.9,False,,,,2163,381,70,0.17614424410540916,0.1837270341207349,0.14611678795620145,0.22633415956122818,gemini35flash
20260920,0.14285714285714285,selected,,False,0.0,0.0,,2163,0,0,0.0,,,,gemini35flash
20260920,0.14285714285714285,fixed,0.8571428571428572,False,,,,2163,381,70,0.17614424410540916,0.1837270341207349,0.14611678795620145,0.22633415956122818,gemini35flash
20260920,0.2,selected,,False,0.0,0.0,,2163,0,0,0.0,,,,gemini35flash
20260920,0.2,fixed,0.8,False,,,,2163,1096,322,0.5067036523347203,0.2937956204379562,0.2669561537630893,0.32174692410701583,gemini35flash
20260920,0.25,selected,0.8571428571428571,True,383.0,68.0,0.24935153178047167,2163,381,70,0.17614424410540916,0.1837270341207349,0.14611678795620145,0.22633415956122818,gemini35flash
20260920,0.25,fixed,0.75,False,,,,2163,1130,333,0.5224225612575127,0.29469026548672567,0.268229335166994,0.3222245726807398,gemini35flash
20260921,0.1,selected,,False,0.0,0.0,,2163,0,0,0.0,,,,gemini35flash
20260921,0.1,fixed,0.9,False,,,,2163,364,70,0.16828478964401294,0.19230769230769232,0.15309259193562821,0.23661134487276736,gemini35flash
20260921,0.14285714285714285,selected,,False,0.0,0.0,,2163,0,0,0.0,,,,gemini35flash
20260921,0.14285714285714285,fixed,0.8571428571428572,False,,,,2163,364,70,0.16828478964401294,0.19230769230769232,0.15309259193562821,0.23661134487276736,gemini35flash
20260921,0.2,selected,,False,0.0,0.0,,2163,0,0,0.0,,,,gemini35flash
20260921,0.2,fixed,0.8,False,,,,2163,1096,333,0.5067036523347203,0.30383211678832117,0.2767049313737549,0.3320168050268255,gemini35flash
20260921,0.25,selected,0.8571428571428571,True,400.0,68.0,0.2392091797247055,2163,364,70,0.16828478964401294,0.19230769230769232,0.15309259193562821,0.23661134487276736,gemini35flash
20260921,0.25,fixed,0.75,False,,,,2163,1133,345,0.5238095238095238,0.30450132391879964,0.27780019659258115,0.3322216024840072,gemini35flash
20260922,0.1,selected,,False,0.0,0.0,,2163,0,0,0.0,,,,gemini35flash
20260922,0.1,fixed,0.9,False,,,,2163,384,68,0.17753120665742025,0.17708333333333334,0.14021626401328993,0.219014713001069,gemini35flash
20260922,0.14285714285714285,selected,,False,0.0,0.0,,2163,0,0,0.0,,,,gemini35flash
20260922,0.14285714285714285,fixed,0.8571428571428572,False,,,,2163,384,68,0.17753120665742025,0.17708333333333334,0.14021626401328993,0.219014713001069,gemini35flash
20260922,0.2,selected,,False,0.0,0.0,,2163,0,0,0.0,,,,gemini35flash
20260922,0.2,fixed,0.8,False,,,,2163,1092,318,0.5048543689320388,0.29120879120879123,0.26439736412497267,0.31915022926318115,gemini35flash
20260922,0.25,selected,0.91,True,330.0,52.0,0.2328394158612112,2163,326,55,0.15071659731853906,0.1687116564417178,0.1296980274703275,0.2138679366597348,gemini35flash
20260922,0.25,fixed,0.75,False,,,,2163,1123,328,0.5191863153028201,0.2920747996438112,0.2656081868707545,0.3196353631321439,gemini35flash
20260923,0.1,selected,,False,0.0,0.0,,2163,0,0,0.0,,,,gemini35flash
20260923,0.1,fixed,0.9,False,,,,2163,393,63,0.18169209431345354,0.16030534351145037,0.12543567155793212,0.20038702488654342,gemini35flash
20260923,0.14285714285714285,selected,,False,0.0,0.0,,2163,0,0,0.0,,,,gemini35flash
20260923,0.14285714285714285,fixed,0.8571428571428572,False,,,,2163,393,63,0.18169209431345354,0.16030534351145037,0.12543567155793212,0.20038702488654342,gemini35flash
20260923,0.2,selected,,False,0.0,0.0,,2163,0,0,0.0,,,,gemini35flash
20260923,0.2,fixed,0.8,False,,,,2163,1095,309,0.5062413314840499,0.2821917808219178,0.25569263632247896,0.3098667171658585,gemini35flash
20260923,0.25,selected,,False,0.0,0.0,,2163,0,0,0.0,,,,gemini35flash
20260923,0.25,fixed,0.75,False,,,,2163,1127,318,0.5210355987055016,0.2821650399290151,0.25604285930652687,0.3094294549166295,gemini35flash
20260924,0.1,selected,,False,0.0,0.0,,2163,0,0,0.0,,,,gemini35flash
20260924,0.1,fixed,0.9,False,,,,2163,379,72,0.17521960240406842,0.18997361477572558,0.15171583626190815,0.23315327620943932,gemini35flash
20260924,0.14285714285714285,selected,,False,0.0,0.0,,2163,0,0,0.0,,,,gemini35flash
20260924,0.14285714285714285,fixed,0.8571428571428572,False,,,,2163,379,72,0.17521960240406842,0.18997361477572558,0.15171583626190815,0.23315327620943932,gemini35flash
20260924,0.2,selected,,False,0.0,0.0,,2163,0,0,0.0,,,,gemini35flash
20260924,0.2,fixed,0.8,False,,,,2163,1079,310,0.49884419787332407,0.2873030583873957,0.2604504569461421,0.3153209126607459,gemini35flash
20260924,0.25,selected,0.8571428571428571,True,385.0,66.0,0.24228807740331884,2163,379,72,0.17521960240406842,0.18997361477572558,0.15171583626190815,0.23315327620943932,gemini35flash
20260924,0.25,fixed,0.75,False,,,,2163,1113,324,0.5145631067961165,0.29110512129380056,0.2645492725086431,0.318770013507757,gemini35flash
20260925,0.1,selected,,False,0.0,0.0,,2163,0,0,0.0,,,,gemini35flash
20260925,0.1,fixed,0.9,False,,,,2163,373,70,0.17244567730004623,0.1876675603217158,0.14931850693325216,0.23105716166717197,gemini35flash
20260925,0.14285714285714285,selected,,False,0.0,0.0,,2163,0,0,0.0,,,,gemini35flash
20260925,0.14285714285714285,fixed,0.8571428571428572,False,,,,2163,373,70,0.17244567730004623,0.1876675603217158,0.14931850693325216,0.23105716166717197,gemini35flash
20260925,0.2,selected,,False,0.0,0.0,,2163,0,0,0.0,,,,gemini35flash
20260925,0.2,fixed,0.8,False,,,,2163,1087,298,0.502542764678687,0.27414903403863844,0.24781139836810623,0.3017151773567281,gemini35flash
20260925,0.25,selected,0.8571428571428571,True,391.0,68.0,0.24447395372539157,2163,373,70,0.17244567730004623,0.1876675603217158,0.14931850693325216,0.23105716166717197,gemini35flash
20260925,0.25,fixed,0.75,False,,,,2163,1118,308,0.5168747110494684,0.27549194991055453,0.2494758151000397,0.3026950652440532,gemini35flash
20260926,0.1,selected,,False,0.0,0.0,,2163,0,0,0.0,,,,gemini35flash
20260926,0.1,fixed,0.9,False,,,,2163,392,78,0.18122977346278318,0.1989795918367347,0.16058434133680244,0.2419895013443787,gemini35flash
20260926,0.14285714285714285,selected,,False,0.0,0.0,,2163,0,0,0.0,,,,gemini35flash
20260926,0.14285714285714285,fixed,0.8571428571428572,False,,,,2163,392,78,0.18122977346278318,0.1989795918367347,0.16058434133680244,0.2419895013443787,gemini35flash
20260926,0.2,selected,,False,0.0,0.0,,2163,0,0,0.0,,,,gemini35flash
20260926,0.2,fixed,0.8,False,,,,2163,1092,302,0.5048543689320388,0.2765567765567766,0.25020080429263974,0.3041224688494623,gemini35flash
20260926,0.25,selected,0.8571428571428571,True,372.0,60.0,0.23219547006727104,2163,392,78,0.18122977346278318,0.1989795918367347,0.16058434133680244,0.2419895013443787,gemini35flash
20260926,0.25,fixed,0.75,False,,,,2163,1123,311,0.5191863153028201,0.2769367764915405,0.2509321396001531,0.3041154130659533,gemini35flash
20260927,0.1,selected,,False,0.0,0.0,,2163,0,0,0.0,,,,gemini35flash
20260927,0.1,fixed,0.9,False,,,,2163,375,75,0.17337031900138697,0.2,0.1606886217047999,0.24412194227935366,gemini35flash
20260927,0.14285714285714285,selected,,False,0.0,0.0,,2163,0,0,0.0,,,,gemini35flash
20260927,0.14285714285714285,fixed,0.8571428571428572,False,,,,2163,375,75,0.17337031900138697,0.2,0.1606886217047999,0.24412194227935366,gemini35flash
20260927,0.2,selected,,False,0.0,0.0,,2163,0,0,0.0,,,,gemini35flash
20260927,0.2,fixed,0.8,False,,,,2163,1094,321,0.5057790106333796,0.29341864716636196,0.26656593286870384,0.32138729565452695,gemini35flash
20260927,0.25,selected,0.81,True,623.0,118.0,0.24560652163037414,2163,608,138,0.2810910772075821,0.22697368421052633,0.19424971582286835,0.26237465227428647,gemini35flash
20260927,0.25,fixed,0.75,False,,,,2163,1128,329,0.521497919556172,0.2916666666666667,0.2652703612678881,0.3191541756537638,gemini35flash
20260928,0.1,selected,,False,0.0,0.0,,2163,0,0,0.0,,,,gemini35flash
20260928,0.1,fixed,0.9,False,,,,2163,357,64,0.1650485436893204,0.1792717086834734,0.14088529920745468,0.2230741648464529,gemini35flash
20260928,0.14285714285714285,selected,,False,0.0,0.0,,2163,0,0,0.0,,,,gemini35flash
20260928,0.14285714285714285,fixed,0.8571428571428572,False,,,,2163,357,64,0.1650485436893204,0.1792717086834734,0.14088529920745468,0.2230741648464529,gemini35flash
20260928,0.2,selected,,False,0.0,0.0,,2163,0,0,0.0,,,,gemini35flash
20260928,0.2,fixed,0.8,False,,,,2163,1087,311,0.502542764678687,0.2861085556577737,0.2593909366997632,0.3139892968102526,gemini35flash
20260928,0.25,selected,0.91,True,349.0,57.0,0.23706322829601717,2163,307,50,0.14193250115580214,0.16286644951140064,0.1233641627836415,0.20901834024674007,gemini35flash
20260928,0.25,fixed,0.75,False,,,,2163,1122,320,0.5187239944521498,0.28520499108734404,0.25893189673114164,0.31260936771564135,gemini35flash
20260929,0.1,selected,,False,0.0,0.0,,2163,0,0,0.0,,,,gemini35flash
20260929,0.1,fixed,0.9,False,,,,2163,379,68,0.17521960240406842,0.17941952506596306,0.14210466052846937,0.22182843596096033,gemini35flash
20260929,0.14285714285714285,selected,,False,0.0,0.0,,2163,0,0,0.0,,,,gemini35flash
20260929,0.14285714285714285,fixed,0.8571428571428572,False,,,,2163,379,68,0.17521960240406842,0.17941952506596306,0.14210466052846937,0.22182843596096033,gemini35flash
20260929,0.2,selected,,False,0.0,0.0,,2163,0,0,0.0,,,,gemini35flash
20260929,0.2,fixed,0.8,False,,,,2163,1096,319,0.5067036523347203,0.29105839416058393,0.26430011117986246,0.31894333965051713,gemini35flash
20260929,0.25,selected,0.91,True,327.0,53.0,0.23836516932404692,2163,329,54,0.15210355987055016,0.1641337386018237,0.1257724897119587,0.20866778405102102,gemini35flash
20260929,0.25,fixed,0.75,False,,,,2163,1133,330,0.5238095238095238,0.2912621359223301,0.26493561596542026,0.31867711785173913,gemini35flash
20260930,0.1,selected,,False,0.0,0.0,,2163,0,0,0.0,,,,gemini35flash
20260930,0.1,fixed,0.9,False,,,,2163,383,65,0.17706888580674987,0.16971279373368145,0.13349124331325837,0.21113163752042635,gemini35flash
20260930,0.14285714285714285,selected,,False,0.0,0.0,,2163,0,0,0.0,,,,gemini35flash
20260930,0.14285714285714285,fixed,0.8571428571428572,False,,,,2163,383,65,0.17706888580674987,0.16971279373368145,0.13349124331325837,0.21113163752042635,gemini35flash
20260930,0.2,selected,,False,0.0,0.0,,2163,0,0,0.0,,,,gemini35flash
20260930,0.2,fixed,0.8,False,,,,2163,1098,307,0.507628294036061,0.2795992714025501,0.25321767362722675,0.3071674469260942,gemini35flash
20260930,0.25,selected,,False,0.0,0.0,,2163,0,0,0.0,,,,gemini35flash
20260930,0.25,fixed,0.75,False,,,,2163,1124,314,0.5196486361534906,0.2793594306049822,0.25328991314262655,0.306589087116291,gemini35flash
20260931,0.1,selected,,False,0.0,0.0,,2163,0,0,0.0,,,,gemini35flash
20260931,0.1,fixed,0.9,False,,,,2163,377,65,0.17429496070272768,0.1724137931034483,0.13565898417150213,0.21440547645621538,gemini35flash
20260931,0.14285714285714285,selected,,False,0.0,0.0,,2163,0,0,0.0,,,,gemini35flash
20260931,0.14285714285714285,fixed,0.8571428571428572,False,,,,2163,377,65,0.17429496070272768,0.1724137931034483,0.13565898417150213,0.21440547645621538,gemini35flash
20260931,0.2,selected,,False,0.0,0.0,,2163,0,0,0.0,,,,gemini35flash
20260931,0.2,fixed,0.8,False,,,,2163,1084,309,0.5011558021266759,0.28505535055350556,0.25833362327631215,0.31294922132075864,gemini35flash
20260931,0.25,selected,,False,0.0,0.0,,2163,0,0,0.0,,,,gemini35flash
20260931,0.25,fixed,0.75,False,,,,2163,1115,318,0.5154877484974573,0.2852017937219731,0.25884703376675317,0.3126950225553906,gemini35flash
20260932,0.1,selected,,False,0.0,0.0,,2163,0,0,0.0,,,,gemini35flash
20260932,0.1,fixed,0.9,False,,,,2163,381,62,0.17614424410540916,0.16272965879265092,0.12709813503335587,0.20370050862239106,gemini35flash
20260932,0.14285714285714285,selected,,False,0.0,0.0,,2163,0,0,0.0,,,,gemini35flash
20260932,0.14285714285714285,fixed,0.8571428571428572,False,,,,2163,381,62,0.17614424410540916,0.16272965879265092,0.12709813503335587,0.20370050862239106,gemini35flash
20260932,0.2,selected,,False,0.0,0.0,,2163,0,0,0.0,,,,gemini35flash
20260932,0.2,fixed,0.8,False,,,,2163,1081,313,0.49976883957466484,0.2895467160037003,0.2626503185689022,0.3175938630276406,gemini35flash
20260932,0.25,selected,0.91,True,340.0,57.0,0.2430462937449597,2163,316,50,0.14609338881183542,0.15822784810126583,0.11977782686567066,0.2032270013906863,gemini35flash
20260932,0.25,fixed,0.75,False,,,,2163,1117,322,0.5164123901987979,0.288272157564906,0.2618479663419553,0.31581643893622713,gemini35flash
20260933,0.1,selected,,False,0.0,0.0,,2163,0,0,0.0,,,,gemini35flash
20260933,0.1,fixed,0.9,False,,,,2163,380,69,0.17568192325473878,0.18157894736842106,0.1441146762842756,0.2240884417901194,gemini35flash
20260933,0.14285714285714285,selected,,False,0.0,0.0,,2163,0,0,0.0,,,,gemini35flash
20260933,0.14285714285714285,fixed,0.8571428571428572,False,,,,2163,380,69,0.17568192325473878,0.18157894736842106,0.1441146762842756,0.2240884417901194,gemini35flash
20260933,0.2,selected,,False,0.0,0.0,,2163,0,0,0.0,,,,gemini35flash
20260933,0.2,fixed,0.8,False,,,,2163,1087,303,0.502542764678687,0.27874885004599814,0.2522622880435082,0.3064387632471413,gemini35flash
20260933,0.25,selected,0.91,True,330.0,54.0,0.23975018264919157,2163,326,53,0.15071659731853906,0.16257668711656442,0.1242155091266881,0.2071984977242867,gemini35flash
20260933,0.25,fixed,0.75,False,,,,2163,1119,312,0.5173370319001387,0.27882037533512066,0.252710073765337,0.3060989112792569,gemini35flash
20260934,0.1,selected,,False,0.0,0.0,,2163,0,0,0.0,,,,gemini35flash
20260934,0.1,fixed,0.9,False,,,,2163,386,73,0.178455848358761,0.18911917098445596,0.15127090460980225,0.23181226346654443,gemini35flash
20260934,0.14285714285714285,selected,,False,0.0,0.0,,2163,0,0,0.0,,,,gemini35flash
20260934,0.14285714285714285,fixed,0.8571428571428572,False,,,,2163,386,73,0.178455848358761,0.18911917098445596,0.15127090460980225,0.23181226346654443,gemini35flash
20260934,0.2,selected,,False,0.0,0.0,,2163,0,0,0.0,,,,gemini35flash
20260934,0.2,fixed,0.8,False,,,,2163,1086,327,0.5020804438280166,0.3011049723756906,0.2739308585380949,0.32936131555952414,gemini35flash
20260934,0.25,selected,0.8571428571428571,True,378.0,65.0,0.24360324298686178,2163,386,73,0.178455848358761,0.18911917098445596,0.15127090460980225,0.23181226346654443,gemini35flash
20260934,0.25,fixed,0.75,False,,,,2163,1116,337,0.5159500693481276,0.30197132616487454,0.275138728351359,0.3298521885488621,gemini35flash
20260935,0.1,selected,,False,0.0,0.0,,2163,0,0,0.0,,,,gemini35flash
20260935,0.1,fixed,0.9,False,,,,2163,381,62,0.17614424410540916,0.16272965879265092,0.12709813503335587,0.20370050862239106,gemini35flash
20260935,0.14285714285714285,selected,,False,0.0,0.0,,2163,0,0,0.0,,,,gemini35flash
20260935,0.14285714285714285,fixed,0.8571428571428572,False,,,,2163,381,62,0.17614424410540916,0.16272965879265092,0.12709813503335587,0.20370050862239106,gemini35flash
20260935,0.2,selected,,False,0.0,0.0,,2163,0,0,0.0,,,,gemini35flash
20260935,0.2,fixed,0.8,False,,,,2163,1070,294,0.4946833102172908,0.27476635514018694,0.24820171875363545,0.3025757777019298,gemini35flash
20260935,0.25,selected,,False,0.0,0.0,,2163,0,0,0.0,,,,gemini35flash
20260935,0.25,fixed,0.75,False,,,,2163,1103,303,0.5099398982894129,0.2747053490480508,0.2485397882143582,0.30207842764266807,gemini35flash
20260936,0.1,selected,,False,0.0,0.0,,2163,0,0,0.0,,,,gemini35flash
20260936,0.1,fixed,0.9,False,,,,2163,382,72,0.17660656495607951,0.18848167539267016,0.15049870716925584,0.23137133646264293,gemini35flash
20260936,0.14285714285714285,selected,,False,0.0,0.0,,2163,0,0,0.0,,,,gemini35flash
20260936,0.14285714285714285,fixed,0.8571428571428572,False,,,,2163,382,72,0.17660656495607951,0.18848167539267016,0.15049870716925584,0.23137133646264293,gemini35flash
20260936,0.2,selected,,False,0.0,0.0,,2163,0,0,0.0,,,,gemini35flash
20260936,0.2,fixed,0.8,False,,,,2163,1062,306,0.4909847434119279,0.288135593220339,0.2610446824382523,0.31640593310683895,gemini35flash
20260936,0.25,selected,0.8571428571428571,True,382.0,66.0,0.2441065682093703,2163,382,72,0.17660656495607951,0.18848167539267016,0.15049870716925584,0.23137133646264293,gemini35flash
20260936,0.25,fixed,0.75,False,,,,2163,1090,316,0.5039297272306981,0.28990825688073396,0.2631114753141527,0.3178442268104791,gemini35flash
20260937,0.1,selected,,False,0.0,0.0,,2163,0,0,0.0,,,,gemini35flash
20260937,0.1,fixed,0.9,False,,,,2163,401,71,0.18539066111881647,0.1770573566084788,0.14095132054782694,0.21800988512392533,gemini35flash
20260937,0.14285714285714285,selected,,False,0.0,0.0,,2163,0,0,0.0,,,,gemini35flash
20260937,0.14285714285714285,fixed,0.8571428571428572,False,,,,2163,401,71,0.18539066111881647,0.1770573566084788,0.14095132054782694,0.21800988512392533,gemini35flash
20260937,0.2,selected,,False,0.0,0.0,,2163,0,0,0.0,,,,gemini35flash
20260937,0.2,fixed,0.8,False,,,,2163,1105,327,0.5108645399907535,0.29592760180995475,0.26913483971512314,0.32381161012400633,gemini35flash
20260937,0.25,selected,0.91,True,312.0,50.0,0.23830596200246756,2163,344,57,0.15903837263060563,0.16569767441860464,0.12797942494794107,0.2092863037580434,gemini35flash
20260937,0.25,fixed,0.75,False,,,,2163,1134,334,0.5242718446601942,0.2945326278659612,0.2681226647048828,0.32201297128866385,gemini35flash
20260938,0.1,selected,,False,0.0,0.0,,2163,0,0,0.0,,,,gemini35flash
20260938,0.1,fixed,0.9,False,,,,2163,381,70,0.17614424410540916,0.1837270341207349,0.14611678795620145,0.22633415956122818,gemini35flash
20260938,0.14285714285714285,selected,,False,0.0,0.0,,2163,0,0,0.0,,,,gemini35flash
20260938,0.14285714285714285,fixed,0.8571428571428572,False,,,,2163,381,70,0.17614424410540916,0.1837270341207349,0.14611678795620145,0.22633415956122818,gemini35flash
20260938,0.2,selected,,False,0.0,0.0,,2163,0,0,0.0,,,,gemini35flash
20260938,0.2,fixed,0.8,False,,,,2163,1075,306,0.49699491447064265,0.2846511627906977,0.2578312239095034,0.3126553868168018,gemini35flash
20260938,0.25,selected,0.8571428571428571,True,383.0,68.0,0.24935153178047167,2163,381,70,0.17614424410540916,0.1837270341207349,0.14611678795620145,0.22633415956122818,gemini35flash
20260938,0.25,fixed,0.75,False,,,,2163,1108,313,0.5122515025427646,0.2824909747292419,0.2561372895703452,0.3100049213585375,gemini35flash
20260939,0.1,selected,,False,0.0,0.0,,2163,0,0,0.0,,,,gemini35flash
20260939,0.1,fixed,0.9,False,,,,2163,373,69,0.17244567730004623,0.18498659517426275,0.1468772243418065,0.22818094006272627,gemini35flash
20260939,0.14285714285714285,selected,,False,0.0,0.0,,2163,0,0,0.0,,,,gemini35flash
20260939,0.14285714285714285,fixed,0.8571428571428572,False,,,,2163,373,69,0.17244567730004623,0.18498659517426275,0.1468772243418065,0.22818094006272627,gemini35flash
20260939,0.2,selected,,False,0.0,0.0,,2163,0,0,0.0,,,,gemini35flash
20260939,0.2,fixed,0.8,False,,,,2163,1108,324,0.5122515025427646,0.2924187725631769,0.2657645905366776,0.3201800124858258,gemini35flash
20260939,0.25,selected,0.8571428571428571,True,391.0,69.0,0.2473381318269586,2163,373,69,0.17244567730004623,0.18498659517426275,0.1468772243418065,0.22818094006272627,gemini35flash
20260939,0.25,fixed,0.75,False,,,,2163,1134,330,0.5242718446601942,0.291005291005291,0.26469783716460865,0.3184015821425839,gemini35flash
20260940,0.1,selected,,False,0.0,0.0,,2163,0,0,0.0,,,,gemini35flash
20260940,0.1,fixed,0.9,False,,,,2163,395,63,0.18261673601479428,0.15949367088607594,0.12478853287097351,0.19939680945421612,gemini35flash
20260940,0.14285714285714285,selected,,False,0.0,0.0,,2163,0,0,0.0,,,,gemini35flash
20260940,0.14285714285714285,fixed,0.8571428571428572,False,,,,2163,395,63,0.18261673601479428,0.15949367088607594,0.12478853287097351,0.19939680945421612,gemini35flash
20260940,0.2,selected,,False,0.0,0.0,,2163,0,0,0.0,,,,gemini35flash
20260940,0.2,fixed,0.8,False,,,,2163,1074,293,0.49653259361997226,0.27281191806331473,0.24636094344678522,0.3005138202167425,gemini35flash
20260940,0.25,selected,,False,0.0,0.0,,2163,0,0,0.0,,,,gemini35flash
20260940,0.25,fixed,0.75,False,,,,2163,1109,306,0.5127138233934351,0.27592425608656446,0.24978972518530285,0.3032531760457332,gemini35flash
20260941,0.1,selected,,False,0.0,0.0,,2163,0,0,0.0,,,,gemini35flash
20260941,0.1,fixed,0.9,False,,,,2163,373,63,0.17244567730004623,0.16890080428954424,0.13229674761490634,0.21085749496657877,gemini35flash
20260941,0.14285714285714285,selected,,False,0.0,0.0,,2163,0,0,0.0,,,,gemini35flash
20260941,0.14285714285714285,fixed,0.8571428571428572,False,,,,2163,373,63,0.17244567730004623,0.16890080428954424,0.13229674761490634,0.21085749496657877,gemini35flash
20260941,0.2,selected,,False,0.0,0.0,,2163,0,0,0.0,,,,gemini35flash
20260941,0.2,fixed,0.8,False,,,,2163,1102,304,0.5094775774387424,0.27586206896551724,0.24964734071116315,0.3032791816668954,gemini35flash
20260941,0.25,selected,0.91,True,329.0,54.0,0.24044465640069534,2163,327,53,0.15117891816920942,0.1620795107033639,0.12382776704092455,0.20658193770831537,gemini35flash
20260941,0.25,fixed,0.75,False,,,,2163,1133,314,0.5238095238095238,0.27714033539276256,0.25124338502105015,0.3041997579707692,gemini35flash
20260942,0.1,selected,,False,0.0,0.0,,2163,0,0,0.0,,,,gemini35flash
20260942,0.1,fixed,0.9,False,,,,2163,387,72,0.17891816920943135,0.18604651162790697,0.14851302803884545,0.22846109698086162,gemini35flash
20260942,0.14285714285714285,selected,,False,0.0,0.0,,2163,0,0,0.0,,,,gemini35flash
20260942,0.14285714285714285,fixed,0.8571428571428572,False,,,,2163,387,72,0.17891816920943135,0.18604651162790697,0.14851302803884545,0.22846109698086162,gemini35flash
20260942,0.2,selected,,False,0.0,0.0,,2163,0,0,0.0,,,,gemini35flash
20260942,0.2,fixed,0.8,False,,,,2163,1083,311,0.5006934812760055,0.2871652816251154,0.2603661965291658,0.315126030289478,gemini35flash
20260942,0.25,selected,0.8571428571428571,True,377.0,66.0,0.24719861396654177,2163,387,72,0.17891816920943135,0.18604651162790697,0.14851302803884545,0.22846109698086162,gemini35flash
20260942,0.25,fixed,0.75,False,,,,2163,1119,320,0.5173370319001387,0.28596961572832885,0.2596383289279077,0.3134311889021417,gemini35flash
20260943,0.1,selected,,False,0.0,0.0,,2163,0,0,0.0,,,,gemini35flash
20260943,0.1,fixed,0.9,False,,,,2163,383,57,0.17706888580674987,0.14882506527415143,0.11470798483155353,0.18848079156873213,gemini35flash
20260943,0.14285714285714285,selected,,False,0.0,0.0,,2163,0,0,0.0,,,,gemini35flash
20260943,0.14285714285714285,fixed,0.8571428571428572,False,,,,2163,383,57,0.17706888580674987,0.14882506527415143,0.11470798483155353,0.18848079156873213,gemini35flash
20260943,0.2,selected,,False,0.0,0.0,,2163,0,0,0.0,,,,gemini35flash
20260943,0.2,fixed,0.8,False,,,,2163,1099,310,0.5080906148867314,0.2820746132848044,0.25562703976387097,0.3096942916982154,gemini35flash
20260943,0.25,selected,,False,0.0,0.0,,2163,0,0,0.0,,,,gemini35flash
20260943,0.25,fixed,0.75,False,,,,2163,1134,321,0.5242718446601942,0.2830687830687831,0.25699906179260784,0.310268888734279,gemini35flash
20260944,0.1,selected,,False,0.0,0.0,,2163,0,0,0.0,,,,gemini35flash
20260944,0.1,fixed,0.9,False,,,,2163,379,66,0.17521960240406842,0.1741424802110818,0.1373174431413623,0.21614794071392007,gemini35flash
20260944,0.14285714285714285,selected,,False,0.0,0.0,,2163,0,0,0.0,,,,gemini35flash
20260944,0.14285714285714285,fixed,0.8571428571428572,False,,,,2163,379,66,0.17521960240406842,0.1741424802110818,0.1373174431413623,0.21614794071392007,gemini35flash
20260944,0.2,selected,,False,0.0,0.0,,2163,0,0,0.0,,,,gemini35flash
20260944,0.2,fixed,0.8,False,,,,2163,1101,321,0.5090152565880721,0.29155313351498635,0.26484056005152096,0.3193845370913994,gemini35flash
20260944,0.25,selected,0.91,True,335.0,58.0,0.24987571139163392,2163,321,49,0.14840499306518723,0.1526479750778816,0.11511272841763472,0.19673816362714813,gemini35flash
20260944,0.25,fixed,0.75,False,,,,2163,1136,332,0.5251964863615349,0.29225352112676056,0.26593262865387096,0.3196547956580149,gemini35flash
20260945,0.1,selected,,False,0.0,0.0,,2163,0,0,0.0,,,,gemini35flash
20260945,0.1,fixed,0.9,False,,,,2163,380,63,0.17568192325473878,0.16578947368421051,0.12981152646807737,0.20707078298351533,gemini35flash
20260945,0.14285714285714285,selected,,False,0.0,0.0,,2163,0,0,0.0,,,,gemini35flash
20260945,0.14285714285714285,fixed,0.8571428571428572,False,,,,2163,380,63,0.17568192325473878,0.16578947368421051,0.12981152646807737,0.20707078298351533,gemini35flash
20260945,0.2,selected,,False,0.0,0.0,,2163,0,0,0.0,,,,gemini35flash
20260945,0.2,fixed,0.8,False,,,,2163,1088,313,0.5030050855293574,0.28768382352941174,0.2609301062986774,0.3155909843677534,gemini35flash
20260945,0.25,selected,,False,0.0,0.0,,2163,0,0,0.0,,,,gemini35flash
20260945,0.25,fixed,0.75,False,,,,2163,1125,321,0.5201109570041609,0.2853333333333333,0.25909115107883307,0.312703075279578,gemini35flash
20260946,0.1,selected,,False,0.0,0.0,,2163,0,0,0.0,,,,gemini35flash
20260946,0.1,fixed,0.9,False,,,,2163,382,63,0.17660656495607951,0.1649214659685864,0.12911853570303358,0.2060136822411217,gemini35flash
20260946,0.14285714285714285,selected,,False,0.0,0.0,,2163,0,0,0.0,,,,gemini35flash
20260946,0.14285714285714285,fixed,0.8571428571428572,False,,,,2163,382,63,0.17660656495607951,0.1649214659685864,0.12911853570303358,0.2060136822411217,gemini35flash
20260946,0.2,selected,,False,0.0,0.0,,2163,0,0,0.0,,,,gemini35flash
20260946,0.2,fixed,0.8,False,,,,2163,1106,313,0.511326860841424,0.283001808318264,0.256608620743251,0.31055463182703036,gemini35flash
20260946,0.25,selected,,False,0.0,0.0,,2163,0,0,0.0,,,,gemini35flash
20260946,0.25,fixed,0.75,False,,,,2163,1141,325,0.5275080906148867,0.2848378615249781,0.25879398793403086,0.3119959137231223,gemini35flash
20260947,0.1,selected,,False,0.0,0.0,,2163,0,0,0.0,,,,gemini35flash
20260947,0.1,fixed,0.9,False,,,,2163,376,64,0.17383263985205732,0.1702127659574468,0.13362193408564205,0.21209105829898792,gemini35flash
20260947,0.14285714285714285,selected,,False,0.0,0.0,,2163,0,0,0.0,,,,gemini35flash
20260947,0.14285714285714285,fixed,0.8571428571428572,False,,,,2163,376,64,0.17383263985205732,0.1702127659574468,0.13362193408564205,0.21209105829898792,gemini35flash
20260947,0.2,selected,,False,0.0,0.0,,2163,0,0,0.0,,,,gemini35flash
20260947,0.2,fixed,0.8,False,,,,2163,1106,313,0.511326860841424,0.283001808318264,0.256608620743251,0.31055463182703036,gemini35flash
20260947,0.25,selected,,False,0.0,0.0,,2163,0,0,0.0,,,,gemini35flash
20260947,0.25,fixed,0.75,False,,,,2163,1130,319,0.5224225612575127,0.28230088495575223,0.2562089693799609,0.3095312598199007,gemini35flash
20260948,0.1,selected,,False,0.0,0.0,,2163,0,0,0.0,,,,gemini35flash
20260948,0.1,fixed,0.9,False,,,,2163,376,61,0.17383263985205732,0.1622340425531915,0.12642673192533044,0.2034611784490224,gemini35flash
20260948,0.14285714285714285,selected,,False,0.0,0.0,,2163,0,0,0.0,,,,gemini35flash
20260948,0.14285714285714285,fixed,0.8571428571428572,False,,,,2163,376,61,0.17383263985205732,0.1622340425531915,0.12642673192533044,0.2034611784490224,gemini35flash
20260948,0.2,selected,,False,0.0,0.0,,2163,0,0,0.0,,,,gemini35flash
20260948,0.2,fixed,0.8,False,,,,2163,1083,295,0.5006934812760055,0.2723915050784857,0.24606363341793253,0.29996211662637406,gemini35flash
20260948,0.25,selected,,False,0.0,0.0,,2163,0,0,0.0,,,,gemini35flash
20260948,0.25,fixed,0.75,False,,,,2163,1112,305,0.5141007859454462,0.27428057553956836,0.24823396713521706,0.301527105726144,gemini35flash
20260949,0.1,selected,,False,0.0,0.0,,2163,0,0,0.0,,,,gemini35flash
20260949,0.1,fixed,0.9,False,,,,2163,373,84,0.17244567730004623,0.225201072386059,0.18379700404969976,0.2710280624715081,gemini35flash
20260949,0.14285714285714285,selected,,False,0.0,0.0,,2163,0,0,0.0,,,,gemini35flash
20260949,0.14285714285714285,fixed,0.8571428571428572,False,,,,2163,373,84,0.17244567730004623,0.225201072386059,0.18379700404969976,0.2710280624715081,gemini35flash
20260949,0.2,selected,0.91,True,340.0,44.0,0.19907069623595203,2163,316,63,0.14609338881183542,0.19936708860759494,0.15673521183662648,0.24773632601743026,gemini35flash
20260949,0.2,fixed,0.8,False,,,,2163,1045,329,0.4831252889505317,0.31483253588516746,0.28674908522671977,0.3439631519080119,gemini35flash
20260949,0.25,selected,0.81,True,641.0,116.0,0.23553439810334506,2163,590,140,0.2727693018955155,0.23728813559322035,0.20350057170727692,0.27372992177819777,gemini35flash
20260949,0.25,fixed,0.75,False,,,,2163,1077,341,0.49791955617198336,0.3166202414113278,0.2889082628311873,0.34533814546374575,gemini35flash
20260950,0.1,selected,,False,0.0,0.0,,2163,0,0,0.0,,,,gemini35flash
20260950,0.1,fixed,0.9,False,,,,2163,380,68,0.17568192325473878,0.17894736842105263,0.14172291900634834,0.22125993219263648,gemini35flash
20260950,0.14285714285714285,selected,,False,0.0,0.0,,2163,0,0,0.0,,,,gemini35flash
20260950,0.14285714285714285,fixed,0.8571428571428572,False,,,,2163,380,68,0.17568192325473878,0.17894736842105263,0.14172291900634834,0.22125993219263648,gemini35flash
20260950,0.2,selected,,False,0.0,0.0,,2163,0,0,0.0,,,,gemini35flash
20260950,0.2,fixed,0.8,False,,,,2163,1093,302,0.5053166897827092,0.27630375114364136,0.24996790926074866,0.3038495717106739,gemini35flash
20260950,0.25,selected,,False,0.0,0.0,,2163,0,0,0.0,,,,gemini35flash
20260950,0.25,fixed,0.75,False,,,,2163,1127,314,0.5210355987055016,0.27861579414374443,0.25260403697623995,0.3057884928635721,gemini35flash
20260951,0.1,selected,,False,0.0,0.0,,2163,0,0,0.0,,,,gemini35flash
20260951,0.1,fixed,0.9,False,,,,2163,400,74,0.18492834026814609,0.185,0.14814913614304728,0.22658691489622318,gemini35flash
20260951,0.14285714285714285,selected,,False,0.0,0.0,,2163,0,0,0.0,,,,gemini35flash
20260951,0.14285714285714285,fixed,0.8571428571428572,False,,,,2163,400,74,0.18492834026814609,0.185,0.14814913614304728,0.22658691489622318,gemini35flash
20260951,0.2,selected,,False,0.0,0.0,,2163,0,0,0.0,,,,gemini35flash
20260951,0.2,fixed,0.8,False,,,,2163,1129,320,0.5219602404068423,0.283436669619132,0.25729843385878154,0.3107084081375574,gemini35flash
20260951,0.25,selected,0.8571428571428571,True,364.0,64.0,0.24945765434943237,2163,400,74,0.18492834026814609,0.185,0.14814913614304728,0.22658691489622318,gemini35flash
20260951,0.25,fixed,0.75,False,,,,2163,1162,326,0.5372168284789643,0.28055077452667815,0.2548713138847484,0.30734599491139347,gemini35flash
20260952,0.1,selected,,False,0.0,0.0,,2163,0,0,0.0,,,,gemini35flash
20260952,0.1,fixed,0.9,False,,,,2163,382,65,0.17660656495607951,0.17015706806282724,0.13384770535798954,0.21167032743061256,gemini35flash
20260952,0.14285714285714285,selected,,False,0.0,0.0,,2163,0,0,0.0,,,,gemini35flash
20260952,0.14285714285714285,fixed,0.8571428571428572,False,,,,2163,382,65,0.17660656495607951,0.17015706806282724,0.13384770535798954,0.21167032743061256,gemini35flash
20260952,0.2,selected,,False,0.0,0.0,,2163,0,0,0.0,,,,gemini35flash
20260952,0.2,fixed,0.8,False,,,,2163,1089,306,0.5034674063800277,0.2809917355371901,0.25445803617730167,0.30871431502058816,gemini35flash
20260952,0.25,selected,,False,0.0,0.0,,2163,0,0,0.0,,,,gemini35flash
20260952,0.25,fixed,0.75,False,,,,2163,1122,313,0.5187239944521498,0.2789661319073084,0.2528859108180074,0.3062106622486262,gemini35flash
20260953,0.1,selected,,False,0.0,0.0,,2163,0,0,0.0,,,,gemini35flash
20260953,0.1,fixed,0.9,False,,,,2163,389,72,0.1798428109107721,0.18508997429305912,0.14773336594332367,0.22731736157955845,gemini35flash
20260953,0.14285714285714285,selected,,False,0.0,0.0,,2163,0,0,0.0,,,,gemini35flash
20260953,0.14285714285714285,fixed,0.8571428571428572,False,,,,2163,389,72,0.1798428109107721,0.18508997429305912,0.14773336594332367,0.22731736157955845,gemini35flash
20260953,0.2,selected,,False,0.0,0.0,,2163,0,0,0.0,,,,gemini35flash
20260953,0.2,fixed,0.8,False,,,,2163,1084,303,0.5011558021266759,0.279520295202952,0.2529727251236993,0.30727034911050966,gemini35flash
20260953,0.25,selected,0.8571428571428571,True,375.0,66.0,0.2484574037674193,2163,389,72,0.1798428109107721,0.18508997429305912,0.14773336594332367,0.22731736157955845,gemini35flash
20260953,0.25,fixed,0.75,False,,,,2163,1115,315,0.5154877484974573,0.2825112107623318,0.2562391462565586,0.30993607574840776,gemini35flash
20260954,0.1,selected,,False,0.0,0.0,,2163,0,0,0.0,,,,gemini35flash
20260954,0.1,fixed,0.9,False,,,,2163,373,60,0.17244567730004623,0.16085790884718498,0.1250524196447993,0.20215066725368522,gemini35flash
20260954,0.14285714285714285,selected,,False,0.0,0.0,,2163,0,0,0.0,,,,gemini35flash
20260954,0.14285714285714285,fixed,0.8571428571428572,False,,,,2163,373,60,0.17244567730004623,0.16085790884718498,0.1250524196447993,0.20215066725368522,gemini35flash
20260954,0.2,selected,,False,0.0,0.0,,2163,0,0,0.0,,,,gemini35flash
20260954,0.2,fixed,0.8,False,,,,2163,1081,321,0.49976883957466484,0.2969472710453284,0.2698306775840623,0.325173970639103,gemini35flash
20260954,0.25,selected,,False,0.0,0.0,,2163,0,0,0.0,,,,gemini35flash
20260954,0.25,fixed,0.75,False,,,,2163,1118,334,0.5168747110494684,0.29874776386404295,0.2720297000190803,0.32652930169431227,gemini35flash
20260955,0.1,selected,,False,0.0,0.0,,2163,0,0,0.0,,,,gemini35flash
20260955,0.1,fixed,0.9,False,,,,2163,376,65,0.17383263985205732,0.17287234042553193,0.13602714392131318,0.21496099690719803,gemini35flash
20260955,0.14285714285714285,selected,,False,0.0,0.0,,2163,0,0,0.0,,,,gemini35flash
20260955,0.14285714285714285,fixed,0.8571428571428572,False,,,,2163,376,65,0.17383263985205732,0.17287234042553193,0.13602714392131318,0.21496099690719803,gemini35flash
20260955,0.2,selected,,False,0.0,0.0,,2163,0,0,0.0,,,,gemini35flash
20260955,0.2,fixed,0.8,False,,,,2163,1074,287,0.49653259361997226,0.2672253258845438,0.2409624716651097,0.29477005408315504,gemini35flash
20260955,0.25,selected,,False,0.0,0.0,,2163,0,0,0.0,,,,gemini35flash
20260955,0.25,fixed,0.75,False,,,,2163,1106,297,0.511326860841424,0.26853526220614826,0.24260776693271416,0.29570014086740126,gemini35flash
20260956,0.1,selected,,False,0.0,0.0,,2163,0,0,0.0,,,,gemini35flash
20260956,0.1,fixed,0.9,False,,,,2163,360,63,0.1664355062413315,0.175,0.13717417413534622,0.2182696805789275,gemini35flash
20260956,0.14285714285714285,selected,,False,0.0,0.0,,2163,0,0,0.0,,,,gemini35flash
20260956,0.14285714285714285,fixed,0.8571428571428572,False,,,,2163,360,63,0.1664355062413315,0.175,0.13717417413534622,0.2182696805789275,gemini35flash
20260956,0.2,selected,,False,0.0,0.0,,2163,0,0,0.0,,,,gemini35flash
20260956,0.2,fixed,0.8,False,,,,2163,1091,318,0.5043920480813685,0.2914757103574702,0.26464409655857435,0.3194369281836768,gemini35flash
20260956,0.25,selected,,False,0.0,0.0,,2163,0,0,0.0,,,,gemini35flash
20260956,0.25,fixed,0.75,False,,,,2163,1121,324,0.5182616736014795,0.28902765388046386,0.26262775343034983,0.3165396092982983,gemini35flash
20260957,0.1,selected,,False,0.0,0.0,,2163,0,0,0.0,,,,gemini35flash
20260957,0.1,fixed,0.9,False,,,,2163,370,70,0.17105871474803513,0.1891891891891892,0.15055566550782323,0.2328794100488907,gemini35flash
20260957,0.14285714285714285,selected,,False,0.0,0.0,,2163,0,0,0.0,,,,gemini35flash
20260957,0.14285714285714285,fixed,0.8571428571428572,False,,,,2163,370,70,0.17105871474803513,0.1891891891891892,0.15055566550782323,0.2328794100488907,gemini35flash
20260957,0.2,selected,,False,0.0,0.0,,2163,0,0,0.0,,,,gemini35flash
20260957,0.2,fixed,0.8,False,,,,2163,1083,324,0.5006934812760055,0.29916897506925205,0.27201291958919693,0.32742089302953054,gemini35flash
20260957,0.25,selected,0.8571428571428571,True,394.0,68.0,0.24269354667142828,2163,370,70,0.17105871474803513,0.1891891891891892,0.15055566550782323,0.2328794100488907,gemini35flash
20260957,0.25,fixed,0.75,False,,,,2163,1120,338,0.517799352750809,0.30178571428571427,0.27500599344706167,0.3296109040398388,gemini35flash
20260958,0.1,selected,,False,0.0,0.0,,2163,0,0,0.0,,,,gemini35flash
20260958,0.1,fixed,0.9,False,,,,2163,367,53,0.16967175219602404,0.1444141689373297,0.11008389672584187,0.18460504013179194,gemini35flash
20260958,0.14285714285714285,selected,,False,0.0,0.0,,2163,0,0,0.0,,,,gemini35flash
20260958,0.14285714285714285,fixed,0.8571428571428572,False,,,,2163,367,53,0.16967175219602404,0.1444141689373297,0.11008389672584187,0.18460504013179194,gemini35flash
20260958,0.2,selected,,False,0.0,0.0,,2163,0,0,0.0,,,,gemini35flash
20260958,0.2,fixed,0.8,False,,,,2163,1089,309,0.5034674063800277,0.2837465564738292,0.2571264321962135,0.3115405306390256,gemini35flash
20260958,0.25,selected,,False,0.0,0.0,,2163,0,0,0.0,,,,gemini35flash
20260958,0.25,fixed,0.75,False,,,,2163,1113,315,0.5145631067961165,0.2830188679245283,0.25670767551914403,0.3104822427827923,gemini35flash
20260959,0.1,selected,,False,0.0,0.0,,2163,0,0,0.0,,,,gemini35flash
20260959,0.1,fixed,0.9,False,,,,2163,389,74,0.1798428109107721,0.19023136246786632,0.15242829879225914,0.2328236511161674,gemini35flash
20260959,0.14285714285714285,selected,,False,0.0,0.0,,2163,0,0,0.0,,,,gemini35flash
20260959,0.14285714285714285,fixed,0.8571428571428572,False,,,,2163,389,74,0.1798428109107721,0.19023136246786632,0.15242829879225914,0.2328236511161674,gemini35flash
20260959,0.2,selected,,False,0.0,0.0,,2163,0,0,0.0,,,,gemini35flash
20260959,0.2,fixed,0.8,False,,,,2163,1070,320,0.4946833102172908,0.29906542056074764,0.27174884441726327,0.32749187444588324,gemini35flash
20260959,0.25,selected,0.8571428571428571,True,375.0,64.0,0.24246654659794098,2163,389,74,0.1798428109107721,0.19023136246786632,0.15242829879225914,0.2328236511161674,gemini35flash
20260959,0.25,fixed,0.75,False,,,,2163,1103,332,0.5099398982894129,0.30099728014505894,0.274035286761999,0.32902524703373903,gemini35flash
20260960,0.1,selected,,False,0.0,0.0,,2163,0,0,0.0,,,,gemini35flash
20260960,0.1,fixed,0.9,False,,,,2163,371,63,0.1715210355987055,0.16981132075471697,0.13302440060095683,0.2119649441926134,gemini35flash
20260960,0.14285714285714285,selected,,False,0.0,0.0,,2163,0,0,0.0,,,,gemini35flash
20260960,0.14285714285714285,fixed,0.8571428571428572,False,,,,2163,371,63,0.1715210355987055,0.16981132075471697,0.13302440060095683,0.2119649441926134,gemini35flash
20260960,0.2,selected,,False,0.0,0.0,,2163,0,0,0.0,,,,gemini35flash
20260960,0.2,fixed,0.8,False,,,,2163,1045,276,0.4831252889505317,0.2641148325358852,0.23760211255326305,0.2919630787082109,gemini35flash
20260960,0.25,selected,,False,0.0,0.0,,2163,0,0,0.0,,,,gemini35flash
20260960,0.25,fixed,0.75,False,,,,2163,1081,287,0.49976883957466484,0.26549491211840887,0.23937559274022038,0.29289724964172476,gemini35flash
20260961,0.1,selected,,False,0.0,0.0,,2163,0,0,0.0,,,,gemini35flash
20260961,0.1,fixed,0.9,False,,,,2163,384,75,0.17753120665742025,0.1953125,0.15683951971471652,0.23855657357625776,gemini35flash
20260961,0.14285714285714285,selected,,False,0.0,0.0,,2163,0,0,0.0,,,,gemini35flash
20260961,0.14285714285714285,fixed,0.8571428571428572,False,,,,2163,384,75,0.17753120665742025,0.1953125,0.15683951971471652,0.23855657357625776,gemini35flash
20260961,0.2,selected,,False,0.0,0.0,,2163,0,0,0.0,,,,gemini35flash
20260961,0.2,fixed,0.8,False,,,,2163,1120,326,0.517799352750809,0.2910714285714286,0.264599159479765,0.318645923182354,gemini35flash
20260961,0.25,selected,0.8571428571428571,True,380.0,63.0,0.23644931254792614,2163,384,75,0.17753120665742025,0.1953125,0.15683951971471652,0.23855657357625776,gemini35flash
20260961,0.25,fixed,0.75,False,,,,2163,1149,331,0.5312066574202496,0.28807658833768496,0.2620262949877203,0.31521649893813236,gemini35flash
20260962,0.1,selected,,False,0.0,0.0,,2163,0,0,0.0,,,,gemini35flash
20260962,0.1,fixed,0.9,False,,,,2163,386,78,0.178455848358761,0.20207253886010362,0.16313652284507463,0.24564687961895315,gemini35flash
20260962,0.14285714285714285,selected,,False,0.0,0.0,,2163,0,0,0.0,,,,gemini35flash
20260962,0.14285714285714285,fixed,0.8571428571428572,False,,,,2163,386,78,0.178455848358761,0.20207253886010362,0.16313652284507463,0.24564687961895315,gemini35flash
20260962,0.2,selected,,False,0.0,0.0,,2163,0,0,0.0,,,,gemini35flash
20260962,0.2,fixed,0.8,False,,,,2163,1127,335,0.5210355987055016,0.2972493345164153,0.27068006043252624,0.3248813980261497,gemini35flash
20260962,0.25,selected,0.8571428571428571,True,378.0,60.0,0.22866731756238712,2163,386,78,0.178455848358761,0.20207253886010362,0.16313652284507463,0.24564687961895315,gemini35flash
20260962,0.25,fixed,0.75,False,,,,2163,1159,346,0.5358298659269533,0.2985332182916307,0.2722953449941219,0.3257977008330892,gemini35flash
20260963,0.1,selected,,False,0.0,0.0,,2163,0,0,0.0,,,,gemini35flash
20260963,0.1,fixed,0.9,False,,,,2163,386,74,0.178455848358761,0.19170984455958548,0.15363863409748363,0.23458450325361105,gemini35flash
20260963,0.14285714285714285,selected,,False,0.0,0.0,,2163,0,0,0.0,,,,gemini35flash
20260963,0.14285714285714285,fixed,0.8571428571428572,False,,,,2163,386,74,0.178455848358761,0.19170984455958548,0.15363863409748363,0.23458450325361105,gemini35flash
20260963,0.2,selected,,False,0.0,0.0,,2163,0,0,0.0,,,,gemini35flash
20260963,0.2,fixed,0.8,False,,,,2163,1081,322,0.49976883957466484,0.2978723404255319,0.27072882714647684,0.32612088102471054,gemini35flash
20260963,0.25,selected,0.8571428571428571,True,378.0,64.0,0.2406271610816626,2163,386,74,0.178455848358761,0.19170984455958548,0.15363863409748363,0.23458450325361105,gemini35flash
20260963,0.25,fixed,0.75,False,,,,2163,1114,330,0.5150254276467868,0.296229802513465,0.2695361339248469,0.3240042092494937,gemini35flash
20260964,0.1,selected,,False,0.0,0.0,,2163,0,0,0.0,,,,gemini35flash
20260964,0.1,fixed,0.9,False,,,,2163,388,72,0.1793804900601017,0.18556701030927836,0.1481221699657566,0.22788779677900403,gemini35flash
20260964,0.14285714285714285,selected,,False,0.0,0.0,,2163,0,0,0.0,,,,gemini35flash
20260964,0.14285714285714285,fixed,0.8571428571428572,False,,,,2163,388,72,0.1793804900601017,0.18556701030927836,0.1481221699657566,0.22788779677900403,gemini35flash
20260964,0.2,selected,,False,0.0,0.0,,2163,0,0,0.0,,,,gemini35flash
20260964,0.2,fixed,0.8,False,,,,2163,1080,294,0.49930651872399445,0.2722222222222222,0.24586374159582322,0.29982786067643824,gemini35flash
20260964,0.25,selected,0.8571428571428571,True,376.0,66.0,0.24782641573024264,2163,388,72,0.1793804900601017,0.18556701030927836,0.1481221699657566,0.22788779677900403,gemini35flash
20260964,0.25,fixed,0.75,False,,,,2163,1105,300,0.5108645399907535,0.27149321266968324,0.24545600516397187,0.2987530142843603,gemini35flash
20260965,0.1,selected,,False,0.0,0.0,,2163,0,0,0.0,,,,gemini35flash
20260965,0.1,fixed,0.9,False,,,,2163,384,71,0.17753120665742025,0.18489583333333334,0.1473232467751683,0.22740680043407993,gemini35flash
20260965,0.14285714285714285,selected,,False,0.0,0.0,,2163,0,0,0.0,,,,gemini35flash
20260965,0.14285714285714285,fixed,0.8571428571428572,False,,,,2163,384,71,0.17753120665742025,0.18489583333333334,0.1473232467751683,0.22740680043407993,gemini35flash
20260965,0.2,selected,,False,0.0,0.0,,2163,0,0,0.0,,,,gemini35flash
20260965,0.2,fixed,0.8,False,,,,2163,1106,303,0.511326860841424,0.2739602169981917,0.24785403474282783,0.3012746152347643,gemini35flash
20260965,0.25,selected,0.8571428571428571,True,380.0,67.0,0.2482851131867875,2163,384,71,0.17753120665742025,0.18489583333333334,0.1473232467751683,0.22740680043407993,gemini35flash
20260965,0.25,fixed,0.75,False,,,,2163,1135,312,0.5247341655108645,0.2748898678414097,0.2490869037555761,0.3018650178890625,gemini35flash
20260966,0.1,selected,,False,0.0,0.0,,2163,0,0,0.0,,,,gemini35flash
20260966,0.1,fixed,0.9,False,,,,2163,383,62,0.17706888580674987,0.1618798955613577,0.12642157881795157,0.2026630292605748,gemini35flash
20260966,0.14285714285714285,selected,,False,0.0,0.0,,2163,0,0,0.0,,,,gemini35flash
20260966,0.14285714285714285,fixed,0.8571428571428572,False,,,,2163,383,62,0.17706888580674987,0.1618798955613577,0.12642157881795157,0.2026630292605748,gemini35flash
20260966,0.2,selected,,False,0.0,0.0,,2163,0,0,0.0,,,,gemini35flash
20260966,0.2,fixed,0.8,False,,,,2163,1100,309,0.5085529357374018,0.2809090909090909,0.25450998401863495,0.30848552215329783,gemini35flash
20260966,0.25,selected,,False,0.0,0.0,,2163,0,0,0.0,,,,gemini35flash
20260966,0.25,fixed,0.75,False,,,,2163,1138,320,0.5261211280628756,0.281195079086116,0.25522835370252966,0.3082979560546396,gemini35flash
20260967,0.1,selected,,False,0.0,0.0,,2163,0,0,0.0,,,,gemini35flash
20260967,0.1,fixed,0.9,False,,,,2163,393,73,0.18169209431345354,0.18575063613231552,0.14851977975136563,0.22779150427947517,gemini35flash
20260967,0.14285714285714285,selected,,False,0.0,0.0,,2163,0,0,0.0,,,,gemini35flash
20260967,0.14285714285714285,fixed,0.8571428571428572,False,,,,2163,393,73,0.18169209431345354,0.18575063613231552,0.14851977975136563,0.22779150427947517,gemini35flash
20260967,0.2,selected,,False,0.0,0.0,,2163,0,0,0.0,,,,gemini35flash
20260967,0.2,fixed,0.8,False,,,,2163,1095,311,0.5062413314840499,0.28401826484018267,0.25746220772291945,0.311740204432699,gemini35flash
20260967,0.25,selected,0.8571428571428571,True,371.0,65.0,0.24799115066341856,2163,393,73,0.18169209431345354,0.18575063613231552,0.14851977975136563,0.22779150427947517,gemini35flash
20260967,0.25,fixed,0.75,False,,,,2163,1130,320,0.5224225612575127,0.2831858407079646,0.2570667655674706,0.3104387242227436,gemini35flash
20260968,0.1,selected,,False,0.0,0.0,,2163,0,0,0.0,,,,gemini35flash
20260968,0.1,fixed,0.9,False,,,,2163,368,72,0.1701340730466944,0.1956521739130435,0.15635242263956486,0.2399282277177422,gemini35flash
20260968,0.14285714285714285,selected,,False,0.0,0.0,,2163,0,0,0.0,,,,gemini35flash
20260968,0.14285714285714285,fixed,0.8571428571428572,False,,,,2163,368,72,0.1701340730466944,0.1956521739130435,0.15635242263956486,0.2399282277177422,gemini35flash
20260968,0.2,selected,,False,0.0,0.0,,2163,0,0,0.0,,,,gemini35flash
20260968,0.2,fixed,0.8,False,,,,2163,1085,305,0.5016181229773463,0.28110599078341014,0.2545201832016393,0.30888447788794404,gemini35flash
20260968,0.25,selected,0.8571428571428571,True,396.0,66.0,0.2358452498074786,2163,368,72,0.1701340730466944,0.1956521739130435,0.15635242263956486,0.2399282277177422,gemini35flash
20260968,0.25,fixed,0.75,False,,,,2163,1113,314,0.5145631067961165,0.2821203953279425,0.2558370298077797,0.30956073830841163,gemini35flash
20260969,0.1,selected,,False,0.0,0.0,,2163,0,0,0.0,,,,gemini35flash
20260969,0.1,fixed,0.9,False,,,,2163,368,61,0.1701340730466944,0.16576086956521738,0.12923012013796878,0.20777148425261668,gemini35flash
20260969,0.14285714285714285,selected,,False,0.0,0.0,,2163,0,0,0.0,,,,gemini35flash
20260969,0.14285714285714285,fixed,0.8571428571428572,False,,,,2163,368,61,0.1701340730466944,0.16576086956521738,0.12923012013796878,0.20777148425261668,gemini35flash
20260969,0.2,selected,,False,0.0,0.0,,2163,0,0,0.0,,,,gemini35flash
20260969,0.2,fixed,0.8,False,,,,2163,1076,308,0.497457235321313,0.2862453531598513,0.25938824804509664,0.3142768303019062,gemini35flash
20260969,0.25,selected,,False,0.0,0.0,,2163,0,0,0.0,,,,gemini35flash
20260969,0.25,fixed,0.75,False,,,,2163,1116,319,0.5159500693481276,0.28584229390681004,0.25947975502093373,0.3133388637788424,gemini35flash
20260970,0.1,selected,,False,0.0,0.0,,2163,0,0,0.0,,,,gemini35flash
20260970,0.1,fixed,0.9,False,,,,2163,387,64,0.17891816920943135,0.165374677002584,0.1297494942625563,0.2062123242125613,gemini35flash
20260970,0.14285714285714285,selected,,False,0.0,0.0,,2163,0,0,0.0,,,,gemini35flash
20260970,0.14285714285714285,fixed,0.8571428571428572,False,,,,2163,387,64,0.17891816920943135,0.165374677002584,0.1297494942625563,0.2062123242125613,gemini35flash
20260970,0.2,selected,,False,0.0,0.0,,2163,0,0,0.0,,,,gemini35flash
20260970,0.2,fixed,0.8,False,,,,2163,1081,304,0.49976883957466484,0.28122109158186864,0.25458286938409785,0.3090558163425689,gemini35flash
20260970,0.25,selected,,False,0.0,0.0,,2163,0,0,0.0,,,,gemini35flash
20260970,0.25,fixed,0.75,False,,,,2163,1111,312,0.5136384650947757,0.2808280828082808,0.2545615370278818,0.30826061872321575,gemini35flash
20260971,0.1,selected,,False,0.0,0.0,,2163,0,0,0.0,,,,gemini35flash
20260971,0.1,fixed,0.9,False,,,,2163,382,69,0.17660656495607951,0.1806282722513089,0.143344380879127,0.22294593631943663,gemini35flash
20260971,0.14285714285714285,selected,,False,0.0,0.0,,2163,0,0,0.0,,,,gemini35flash
20260971,0.14285714285714285,fixed,0.8571428571428572,False,,,,2163,382,69,0.17660656495607951,0.1806282722513089,0.143344380879127,0.22294593631943663,gemini35flash
20260971,0.2,selected,,False,0.0,0.0,,2163,0,0,0.0,,,,gemini35flash
20260971,0.2,fixed,0.8,False,,,,2163,1091,323,0.5043920480813685,0.29605866177818513,0.269091746474618,0.3241302461738099,gemini35flash
20260971,0.25,selected,0.91,True,327.0,52.0,0.23487643590701143,2163,329,55,0.15210355987055016,0.16717325227963525,0.12849037562130994,0.21197102464431397,gemini35flash
20260971,0.25,fixed,0.75,False,,,,2163,1125,331,0.5201109570041609,0.2942222222222222,0.2677164463710414,0.3218086586644996,gemini35flash
20260972,0.1,selected,,False,0.0,0.0,,2163,0,0,0.0,,,,gemini35flash
20260972,0.1,fixed,0.9,False,,,,2163,358,67,0.16551086453999075,0.1871508379888268,0.14808467832550126,0.23148127986197004,gemini35flash
20260972,0.14285714285714285,selected,,False,0.0,0.0,,2163,0,0,0.0,,,,gemini35flash
20260972,0.14285714285714285,fixed,0.8571428571428572,False,,,,2163,358,67,0.16551086453999075,0.1871508379888268,0.14808467832550126,0.23148127986197004,gemini35flash
20260972,0.2,selected,,False,0.0,0.0,,2163,0,0,0.0,,,,gemini35flash
20260972,0.2,fixed,0.8,False,,,,2163,1068,320,0.49375866851595007,0.299625468164794,0.2722672381305777,0.3280925619103252,gemini35flash
20260972,0.25,selected,0.8571428571428571,True,406.0,71.0,0.244106934075615,2163,358,67,0.16551086453999075,0.1871508379888268,0.14808467832550126,0.23148127986197004,gemini35flash
20260972,0.25,fixed,0.75,False,,,,2163,1088,326,0.5030050855293574,0.29963235294117646,0.27252511891759684,0.32782783885022077,gemini35flash
20260973,0.1,selected,,False,0.0,0.0,,2163,0,0,0.0,,,,gemini35flash
20260973,0.1,fixed,0.9,False,,,,2163,354,68,0.1636615811373093,0.192090395480226,0.15236563195034716,0.23705367574415342,gemini35flash
20260973,0.14285714285714285,selected,,False,0.0,0.0,,2163,0,0,0.0,,,,gemini35flash
20260973,0.14285714285714285,fixed,0.8571428571428572,False,,,,2163,354,68,0.1636615811373093,0.192090395480226,0.15236563195034716,0.23705367574415342,gemini35flash
20260973,0.2,selected,,False,0.0,0.0,,2163,0,0,0.0,,,,gemini35flash
20260973,0.2,fixed,0.8,False,,,,2163,1065,300,0.492371705963939,0.28169014084507044,0.2548391357409455,0.3097531813675412,gemini35flash
20260973,0.25,selected,0.8571428571428571,True,410.0,70.0,0.2390952493869838,2163,354,68,0.1636615811373093,0.192090395480226,0.15236563195034716,0.23705367574415342,gemini35flash
20260973,0.25,fixed,0.75,False,,,,2163,1102,312,0.5094775774387424,0.2831215970961887,0.256677182842659,0.31072925094349263,gemini35flash
20260974,0.1,selected,,False,0.0,0.0,,2163,0,0,0.0,,,,gemini35flash
20260974,0.1,fixed,0.9,False,,,,2163,405,73,0.18723994452149792,0.18024691358024691,0.14402955794561254,0.2212133830719261,gemini35flash
20260974,0.14285714285714285,selected,,False,0.0,0.0,,2163,0,0,0.0,,,,gemini35flash
20260974,0.14285714285714285,fixed,0.8571428571428572,False,,,,2163,405,73,0.18723994452149792,0.18024691358024691,0.14402955794561254,0.2212133830719261,gemini35flash
20260974,0.2,selected,,False,0.0,0.0,,2163,0,0,0.0,,,,gemini35flash
20260974,0.2,fixed,0.8,False,,,,2163,1119,320,0.5173370319001387,0.28596961572832885,0.2596383289279077,0.3134311889021417,gemini35flash
20260974,0.25,selected,0.91,True,306.0,47.0,0.2315114684865692,2163,350,60,0.16181229773462782,0.17142857142857143,0.13344168831463596,0.21508116140935046,gemini35flash
20260974,0.25,fixed,0.75,False,,,,2163,1149,330,0.5312066574202496,0.28720626631853785,0.2611817746323548,0.31432487094281236,gemini35flash
20260975,0.1,selected,,False,0.0,0.0,,2163,0,0,0.0,,,,gemini35flash
20260975,0.1,fixed,0.9,False,,,,2163,378,61,0.17475728155339806,0.16137566137566137,0.12574480190133336,0.20241136148934158,gemini35flash
20260975,0.14285714285714285,selected,,False,0.0,0.0,,2163,0,0,0.0,,,,gemini35flash
20260975,0.14285714285714285,fixed,0.8571428571428572,False,,,,2163,378,61,0.17475728155339806,0.16137566137566137,0.12574480190133336,0.20241136148934158,gemini35flash
20260975,0.2,selected,,False,0.0,0.0,,2163,0,0,0.0,,,,gemini35flash
20260975,0.2,fixed,0.8,False,,,,2163,1076,290,0.497457235321313,0.2695167286245353,0.24320034215136246,0.2970999118535636,gemini35flash
20260975,0.25,selected,,False,0.0,0.0,,2163,0,0,0.0,,,,gemini35flash
20260975,0.25,fixed,0.75,False,,,,2163,1113,301,0.5145631067961165,0.27044025157232704,0.2445305998835062,0.2975692505658785,gemini35flash
20260976,0.1,selected,,False,0.0,0.0,,2163,0,0,0.0,,,,gemini35flash
20260976,0.1,fixed,0.9,False,,,,2163,398,71,0.18400369856680537,0.17839195979899497,0.14203537968790259,0.21961141186460703,gemini35flash
20260976,0.14285714285714285,selected,,False,0.0,0.0,,2163,0,0,0.0,,,,gemini35flash
20260976,0.14285714285714285,fixed,0.8571428571428572,False,,,,2163,398,71,0.18400369856680537,0.17839195979899497,0.14203537968790259,0.21961141186460703,gemini35flash
20260976,0.2,selected,,False,0.0,0.0,,2163,0,0,0.0,,,,gemini35flash
20260976,0.2,fixed,0.8,False,,,,2163,1115,332,0.5154877484974573,0.29775784753363227,0.27103226238500416,0.32555506166594794,gemini35flash
20260976,0.25,selected,0.91,True,312.0,51.0,0.24196688352791446,2163,344,56,0.15903837263060563,0.16279069767441862,0.12537485620735173,0.20612984296543876,gemini35flash
20260976,0.25,fixed,0.75,False,,,,2163,1151,343,0.5321312991215904,0.29800173761946136,0.27168821760438616,0.3253518065116159,gemini35flash
20260977,0.1,selected,,False,0.0,0.0,,2163,0,0,0.0,,,,gemini35flash
20260977,0.1,fixed,0.9,False,,,,2163,365,71,0.1687471104946833,0.19452054794520549,0.15516367513544319,0.23891440911529557,gemini35flash
20260977,0.14285714285714285,selected,,False,0.0,0.0,,2163,0,0,0.0,,,,gemini35flash
20260977,0.14285714285714285,fixed,0.8571428571428572,False,,,,2163,365,71,0.1687471104946833,0.19452054794520549,0.15516367513544319,0.23891440911529557,gemini35flash
20260977,0.2,selected,,False,0.0,0.0,,2163,0,0,0.0,,,,gemini35flash
20260977,0.2,fixed,0.8,False,,,,2163,1094,324,0.5057790106333796,0.2961608775137112,0.2692277650496627,0.3241950467899815,gemini35flash
20260977,0.25,selected,0.81,True,645.0,123.0,0.24597404265915826,2163,586,133,0.27092001849283404,0.22696245733788395,0.193643152769393,0.2630607190255432,gemini35flash
20260977,0.25,fixed,0.75,False,,,,2163,1120,334,0.517799352750809,0.2982142857142857,0.27153509387355396,0.3259578603582884,gemini35flash
20260978,0.1,selected,,False,0.0,0.0,,2163,0,0,0.0,,,,gemini35flash
20260978,0.1,fixed,0.9,False,,,,2163,372,58,0.17198335644937587,0.15591397849462366,0.1205705170962588,0.19684301988485484,gemini35flash
20260978,0.14285714285714285,selected,,False,0.0,0.0,,2163,0,0,0.0,,,,gemini35flash
20260978,0.14285714285714285,fixed,0.8571428571428572,False,,,,2163,372,58,0.17198335644937587,0.15591397849462366,0.1205705170962588,0.19684301988485484,gemini35flash
20260978,0.2,selected,,False,0.0,0.0,,2163,0,0,0.0,,,,gemini35flash
20260978,0.2,fixed,0.8,False,,,,2163,1091,301,0.5043920480813685,0.2758936755270394,0.2495471755322352,0.3034546281879958,gemini35flash
20260978,0.25,selected,,False,0.0,0.0,,2163,0,0,0.0,,,,gemini35flash
20260978,0.25,fixed,0.75,False,,,,2163,1129,313,0.5219602404068423,0.27723649247121346,0.2512910275855269,0.3043480813002439,gemini35flash
20260979,0.1,selected,,False,0.0,0.0,,2163,0,0,0.0,,,,gemini35flash
20260979,0.1,fixed,0.9,False,,,,2163,369,68,0.17059639389736478,0.1842818428184282,0.14603843507986075,0.22767809232910216,gemini35flash
20260979,0.14285714285714285,selected,,False,0.0,0.0,,2163,0,0,0.0,,,,gemini35flash
20260979,0.14285714285714285,fixed,0.8571428571428572,False,,,,2163,369,68,0.17059639389736478,0.1842818428184282,0.14603843507986075,0.22767809232910216,gemini35flash
20260979,0.2,selected,,False,0.0,0.0,,2163,0,0,0.0,,,,gemini35flash
20260979,0.2,fixed,0.8,False,,,,2163,1094,305,0.5057790106333796,0.27879341864716634,0.2523896437318972,0.3063925290955098,gemini35flash
20260979,0.25,selected,0.8571428571428571,True,395.0,70.0,0.2477756313845059,2163,369,68,0.17059639389736478,0.1842818428184282,0.14603843507986075,0.22767809232910216,gemini35flash
20260979,0.25,fixed,0.75,False,,,,2163,1133,318,0.5238095238095238,0.28067078552515445,0.25466346861368894,0.30782206384855004,gemini35flash
20260980,0.1,selected,,False,0.0,0.0,,2163,0,0,0.0,,,,gemini35flash
20260980,0.1,fixed,0.9,False,,,,2163,375,76,0.17337031900138697,0.20266666666666666,0.16313394033010747,0.2469662532943179,gemini35flash
20260980,0.14285714285714285,selected,,False,0.0,0.0,,2163,0,0,0.0,,,,gemini35flash
20260980,0.14285714285714285,fixed,0.8571428571428572,False,,,,2163,375,76,0.17337031900138697,0.20266666666666666,0.16313394033010747,0.2469662532943179,gemini35flash
20260980,0.2,selected,,False,0.0,0.0,,2163,0,0,0.0,,,,gemini35flash
20260980,0.2,fixed,0.8,False,,,,2163,1090,322,0.5039297272306981,0.29541284403669726,0.26845251242360924,0.3234823842663704,gemini35flash
20260980,0.25,selected,0.8571428571428571,True,389.0,62.0,0.2283027088997756,2163,375,76,0.17337031900138697,0.20266666666666666,0.16313394033010747,0.2469662532943179,gemini35flash
20260980,0.25,fixed,0.75,False,,,,2163,1127,335,0.5210355987055016,0.2972493345164153,0.27068006043252624,0.3248813980261497,gemini35flash
20260981,0.1,selected,,False,0.0,0.0,,2163,0,0,0.0,,,,gemini35flash
20260981,0.1,fixed,0.9,False,,,,2163,374,62,0.17290799815071659,0.1657754010695187,0.12952424463813966,0.20741673509424163,gemini35flash
20260981,0.14285714285714285,selected,,False,0.0,0.0,,2163,0,0,0.0,,,,gemini35flash
20260981,0.14285714285714285,fixed,0.8571428571428572,False,,,,2163,374,62,0.17290799815071659,0.1657754010695187,0.12952424463813966,0.20741673509424163,gemini35flash
20260981,0.2,selected,,False,0.0,0.0,,2163,0,0,0.0,,,,gemini35flash
20260981,0.2,fixed,0.8,False,,,,2163,1074,311,0.49653259361997226,0.28957169459962756,0.26258761915532147,0.3177139536077856,gemini35flash
20260981,0.25,selected,0.91,True,326.0,56.0,0.24950911651177368,2163,330,51,0.15256588072122051,0.15454545454545454,0.11728505886289979,0.19814236823064588,gemini35flash
20260981,0.25,fixed,0.75,False,,,,2163,1111,324,0.5136384650947757,0.29162916291629165,0.2650340611896776,0.31933252354932284,gemini35flash
20260982,0.1,selected,,False,0.0,0.0,,2163,0,0,0.0,,,,gemini35flash
20260982,0.1,fixed,0.9,False,,,,2163,388,57,0.1793804900601017,0.14690721649484537,0.11320310077599438,0.18610845702655476,gemini35flash
20260982,0.14285714285714285,selected,,False,0.0,0.0,,2163,0,0,0.0,,,,gemini35flash
20260982,0.14285714285714285,fixed,0.8571428571428572,False,,,,2163,388,57,0.1793804900601017,0.14690721649484537,0.11320310077599438,0.18610845702655476,gemini35flash
20260982,0.2,selected,,False,0.0,0.0,,2163,0,0,0.0,,,,gemini35flash
20260982,0.2,fixed,0.8,False,,,,2163,1091,307,0.5043920480813685,0.28139321723189736,0.25487100475694174,0.3090999228621556,gemini35flash
20260982,0.25,selected,,False,0.0,0.0,,2163,0,0,0.0,,,,gemini35flash
20260982,0.25,fixed,0.75,False,,,,2163,1123,312,0.5191863153028201,0.2778272484416741,0.25179442042702066,0.30502936452358953,gemini35flash
20260983,0.1,selected,,False,0.0,0.0,,2163,0,0,0.0,,,,gemini35flash
20260983,0.1,fixed,0.9,False,,,,2163,375,78,0.17337031900138697,0.208,0.16803282694618457,0.2526467403847276,gemini35flash
20260983,0.14285714285714285,selected,,False,0.0,0.0,,2163,0,0,0.0,,,,gemini35flash
20260983,0.14285714285714285,fixed,0.8571428571428572,False,,,,2163,375,78,0.17337031900138697,0.208,0.16803282694618457,0.2526467403847276,gemini35flash
20260983,0.2,selected,,False,0.0,0.0,,2163,0,0,0.0,,,,gemini35flash
20260983,0.2,fixed,0.8,False,,,,2163,1091,324,0.5043920480813685,0.29697525206232817,0.26998167034488135,0.32506851692986866,gemini35flash
20260983,0.25,selected,0.81,True,610.0,112.0,0.23990669028865422,2163,621,144,0.2871012482662968,0.2318840579710145,0.19922623255610078,0.2671144134952236,gemini35flash
20260983,0.25,fixed,0.75,False,,,,2163,1126,334,0.5205732778548312,0.2966252220248668,0.27006202734087736,0.3242554469318556,gemini35flash
20260984,0.1,selected,,False,0.0,0.0,,2163,0,0,0.0,,,,gemini35flash
20260984,0.1,fixed,0.9,False,,,,2163,386,69,0.178455848358761,0.17875647668393782,0.14182825596952056,0.220695464645936,gemini35flash
20260984,0.14285714285714285,selected,,False,0.0,0.0,,2163,0,0,0.0,,,,gemini35flash
20260984,0.14285714285714285,fixed,0.8571428571428572,False,,,,2163,386,69,0.178455848358761,0.17875647668393782,0.14182825596952056,0.220695464645936,gemini35flash
20260984,0.2,selected,,False,0.0,0.0,,2163,0,0,0.0,,,,gemini35flash
20260984,0.2,fixed,0.8,False,,,,2163,1073,317,0.4960702727693019,0.2954333643988816,0.26826099780273027,0.32373256760730845,gemini35flash
20260984,0.25,selected,0.91,True,324.0,55.0,0.24748016694236666,2163,332,52,0.15349052242256125,0.1566265060240964,0.11924212432395423,0.20026900427749525,gemini35flash
20260984,0.25,fixed,0.75,False,,,,2163,1109,328,0.5127138233934351,0.2957619477006312,0.269022054496386,0.3235900006550808,gemini35flash
20260985,0.1,selected,,False,0.0,0.0,,2163,0,0,0.0,,,,gemini35flash
20260985,0.1,fixed,0.9,False,,,,2163,367,65,0.16967175219602404,0.1771117166212534,0.13943284407617174,0.22009309073429068,gemini35flash
20260985,0.14285714285714285,selected,,False,0.0,0.0,,2163,0,0,0.0,,,,gemini35flash
20260985,0.14285714285714285,fixed,0.8571428571428572,False,,,,2163,367,65,0.16967175219602404,0.1771117166212534,0.13943284407617174,0.22009309073429068,gemini35flash
20260985,0.2,selected,,False,0.0,0.0,,2163,0,0,0.0,,,,gemini35flash
20260985,0.2,fixed,0.8,False,,,,2163,1073,320,0.4960702727693019,0.2982292637465051,0.2709749513222311,0.32659494630605923,gemini35flash
20260985,0.25,selected,0.91,True,339.0,57.0,0.2437297112892637,2163,317,50,0.14655570966250578,0.15772870662460567,0.1193921856173264,0.2026032380728992,gemini35flash
20260985,0.25,fixed,0.75,False,,,,2163,1112,332,0.5141007859454462,0.29856115107913667,0.27177682004634135,0.32641574349820424,gemini35flash
20260986,0.1,selected,,False,0.0,0.0,,2163,0,0,0.0,,,,gemini35flash
20260986,0.1,fixed,0.9,False,,,,2163,364,65,0.16828478964401294,0.17857142857142858,0.14060633100660186,0.221858587058345,gemini35flash
20260986,0.14285714285714285,selected,,False,0.0,0.0,,2163,0,0,0.0,,,,gemini35flash
20260986,0.14285714285714285,fixed,0.8571428571428572,False,,,,2163,364,65,0.16828478964401294,0.17857142857142858,0.14060633100660186,0.221858587058345,gemini35flash
20260986,0.2,selected,,False,0.0,0.0,,2163,0,0,0.0,,,,gemini35flash
20260986,0.2,fixed,0.8,False,,,,2163,1069,309,0.49422098936662046,0.2890551917680075,0.2620242968056124,0.3172526091221444,gemini35flash
20260986,0.25,selected,0.91,True,350.0,61.0,0.24933613405325922,2163,306,46,0.14147018030513175,0.1503267973856209,0.1122075156532638,0.19537677100281467,gemini35flash
20260986,0.25,fixed,0.75,False,,,,2163,1101,322,0.5090152565880721,0.2924613987284287,0.2657218939505122,0.3203148366630804,gemini35flash
20260987,0.1,selected,,False,0.0,0.0,,2163,0,0,0.0,,,,gemini35flash
20260987,0.1,fixed,0.9,False,,,,2163,389,71,0.1798428109107721,0.18251928020565553,0.1453900728737548,0.22456010664595066,gemini35flash
20260987,0.14285714285714285,selected,,False,0.0,0.0,,2163,0,0,0.0,,,,gemini35flash
20260987,0.14285714285714285,fixed,0.8571428571428572,False,,,,2163,389,71,0.1798428109107721,0.18251928020565553,0.1453900728737548,0.22456010664595066,gemini35flash
20260987,0.2,selected,,False,0.0,0.0,,2163,0,0,0.0,,,,gemini35flash
20260987,0.2,fixed,0.8,False,,,,2163,1097,328,0.5071659731853907,0.29899726526891524,0.27201897907532624,0.3270582264251064,gemini35flash
20260987,0.25,selected,,False,0.0,0.0,,2163,0,0,0.0,,,,gemini35flash
20260987,0.25,fixed,0.75,False,,,,2163,1129,335,0.5219602404068423,0.2967227635075288,0.2701918970241705,0.32431728600375453,gemini35flash
20260988,0.1,selected,,False,0.0,0.0,,2163,0,0,0.0,,,,gemini35flash
20260988,0.1,fixed,0.9,False,,,,2163,380,71,0.17568192325473878,0.1868421052631579,0.14890723776910436,0.2297365577156093,gemini35flash
20260988,0.14285714285714285,selected,,False,0.0,0.0,,2163,0,0,0.0,,,,gemini35flash
20260988,0.14285714285714285,fixed,0.8571428571428572,False,,,,2163,380,71,0.17568192325473878,0.1868421052631579,0.14890723776910436,0.2297365577156093,gemini35flash
20260988,0.2,selected,,False,0.0,0.0,,2163,0,0,0.0,,,,gemini35flash
20260988,0.2,fixed,0.8,False,,,,2163,1104,332,0.5104022191400832,0.3007246376811594,0.2737824907329834,0.3287332485169173,gemini35flash
20260988,0.25,selected,0.8571428571428571,True,384.0,67.0,0.24581377247802452,2163,380,71,0.17568192325473878,0.1868421052631579,0.14890723776910436,0.2297365577156093,gemini35flash
20260988,0.25,fixed,0.75,False,,,,2163,1142,341,0.5279704114655571,0.29859894921190894,0.2721657381808788,0.32607385222249863,gemini35flash
20260989,0.1,selected,,False,0.0,0.0,,2163,0,0,0.0,,,,gemini35flash
20260989,0.1,fixed,0.9,False,,,,2163,401,71,0.18539066111881647,0.1770573566084788,0.14095132054782694,0.21800988512392533,gemini35flash
20260989,0.14285714285714285,selected,,False,0.0,0.0,,2163,0,0,0.0,,,,gemini35flash
20260989,0.14285714285714285,fixed,0.8571428571428572,False,,,,2163,401,71,0.18539066111881647,0.1770573566084788,0.14095132054782694,0.21800988512392533,gemini35flash
20260989,0.2,selected,,False,0.0,0.0,,2163,0,0,0.0,,,,gemini35flash
20260989,0.2,fixed,0.8,False,,,,2163,1142,324,0.5279704114655571,0.28371278458844135,0.2577142961998509,0.31083031607122824,gemini35flash
20260989,0.25,selected,0.91,True,309.0,49.0,0.23680467553252765,2163,347,58,0.16042533518261673,0.16714697406340057,0.12943600025050345,0.21065054817343856,gemini35flash
20260989,0.25,fixed,0.75,False,,,,2163,1176,334,0.5436893203883495,0.28401360544217685,0.2583820860880517,0.3107299987679091,gemini35flash
20260990,0.1,selected,,False,0.0,0.0,,2163,0,0,0.0,,,,gemini35flash
20260990,0.1,fixed,0.9,False,,,,2163,390,66,0.18030513176144244,0.16923076923076924,0.13336757666874693,0.2102040708817189,gemini35flash
20260990,0.14285714285714285,selected,,False,0.0,0.0,,2163,0,0,0.0,,,,gemini35flash
20260990,0.14285714285714285,fixed,0.8571428571428572,False,,,,2163,390,66,0.18030513176144244,0.16923076923076924,0.13336757666874693,0.2102040708817189,gemini35flash
20260990,0.2,selected,,False,0.0,0.0,,2163,0,0,0.0,,,,gemini35flash
20260990,0.2,fixed,0.8,False,,,,2163,1088,292,0.5030050855293574,0.26838235294117646,0.24224833785861496,0.29577525963556,gemini35flash
20260990,0.25,selected,,False,0.0,0.0,,2163,0,0,0.0,,,,gemini35flash
20260990,0.25,fixed,0.75,False,,,,2163,1116,300,0.5159500693481276,0.26881720430107525,0.2429957387897393,0.2958633562873713,gemini35flash
20260991,0.1,selected,,False,0.0,0.0,,2163,0,0,0.0,,,,gemini35flash
20260991,0.1,fixed,0.9,False,,,,2163,381,64,0.17614424410540916,0.1679790026246719,0.1318334383423862,0.20937794848744018,gemini35flash
20260991,0.14285714285714285,selected,,False,0.0,0.0,,2163,0,0,0.0,,,,gemini35flash
20260991,0.14285714285714285,fixed,0.8571428571428572,False,,,,2163,381,64,0.17614424410540916,0.1679790026246719,0.1318334383423862,0.20937794848744018,gemini35flash
20260991,0.2,selected,,False,0.0,0.0,,2163,0,0,0.0,,,,gemini35flash
20260991,0.2,fixed,0.8,False,,,,2163,1112,312,0.5141007859454462,0.2805755395683453,0.25432861952656705,0.3079887404347428,gemini35flash
20260991,0.25,selected,,False,0.0,0.0,,2163,0,0,0.0,,,,gemini35flash
20260991,0.25,fixed,0.75,False,,,,2163,1147,324,0.5302820157189089,0.28247602441150826,0.2565714458580768,0.30950112444720457,gemini35flash
20260992,0.1,selected,,False,0.0,0.0,,2163,0,0,0.0,,,,gemini35flash
20260992,0.1,fixed,0.9,False,,,,2163,407,78,0.18816458622283866,0.19164619164619165,0.15454047227114265,0.23330457912614697,gemini35flash
20260992,0.14285714285714285,selected,,False,0.0,0.0,,2163,0,0,0.0,,,,gemini35flash
20260992,0.14285714285714285,fixed,0.8571428571428572,False,,,,2163,407,78,0.18816458622283866,0.19164619164619165,0.15454047227114265,0.23330457912614697,gemini35flash
20260992,0.2,selected,,False,0.0,0.0,,2163,0,0,0.0,,,,gemini35flash
20260992,0.2,fixed,0.8,False,,,,2163,1102,312,0.5094775774387424,0.2831215970961887,0.256677182842659,0.31072925094349263,gemini35flash
20260992,0.25,selected,0.8571428571428571,True,357.0,60.0,0.24150971280095054,2163,407,78,0.18816458622283866,0.19164619164619165,0.15454047227114265,0.23330457912614697,gemini35flash
20260992,0.25,fixed,0.75,False,,,,2163,1137,325,0.5256588072122053,0.2858399296394019,0.25972036472100346,0.3130723972735364,gemini35flash
20260993,0.1,selected,,False,0.0,0.0,,2163,0,0,0.0,,,,gemini35flash
20260993,0.1,fixed,0.9,False,,,,2163,372,68,0.17198335644937587,0.1827956989247312,0.14483559973517132,0.22589111290246472,gemini35flash
20260993,0.14285714285714285,selected,,False,0.0,0.0,,2163,0,0,0.0,,,,gemini35flash
20260993,0.14285714285714285,fixed,0.8571428571428572,False,,,,2163,372,68,0.17198335644937587,0.1827956989247312,0.14483559973517132,0.22589111290246472,gemini35flash
20260993,0.2,selected,,False,0.0,0.0,,2163,0,0,0.0,,,,gemini35flash
20260993,0.2,fixed,0.8,False,,,,2163,1100,312,0.5085529357374018,0.28363636363636363,0.2571521185177912,0.3112832036266802,gemini35flash
20260993,0.25,selected,0.8571428571428571,True,392.0,70.0,0.24958764506898495,2163,372,68,0.17198335644937587,0.1827956989247312,0.14483559973517132,0.22589111290246472,gemini35flash
20260993,0.25,fixed,0.75,False,,,,2163,1132,322,0.5233472029588534,0.284452296819788,0.25831752537081737,0.31171221116368825,gemini35flash
20260994,0.1,selected,,False,0.0,0.0,,2163,0,0,0.0,,,,gemini35flash
20260994,0.1,fixed,0.9,False,,,,2163,391,73,0.1807674526121128,0.1867007672634271,0.1492955402913529,0.22892601474124388,gemini35flash
20260994,0.14285714285714285,selected,,False,0.0,0.0,,2163,0,0,0.0,,,,gemini35flash
20260994,0.14285714285714285,fixed,0.8571428571428572,False,,,,2163,391,73,0.1807674526121128,0.1867007672634271,0.1492955402913529,0.22892601474124388,gemini35flash
20260994,0.2,selected,,False,0.0,0.0,,2163,0,0,0.0,,,,gemini35flash
20260994,0.2,fixed,0.8,False,,,,2163,1103,318,0.5099398982894129,0.2883046237533998,0.26171341376181073,0.3160301012530348,gemini35flash
20260994,0.25,selected,0.8571428571428571,True,373.0,65.0,0.2467214681395043,2163,391,73,0.1807674526121128,0.1867007672634271,0.1492955402913529,0.22892601474124388,gemini35flash
20260994,0.25,fixed,0.75,False,,,,2163,1131,326,0.5228848821081831,0.28824049513704686,0.2619802098571121,0.31560704224292685,gemini35flash
20260995,0.1,selected,,False,0.0,0.0,,2163,0,0,0.0,,,,gemini35flash
20260995,0.1,fixed,0.9,False,,,,2163,355,68,0.16412390198797966,0.19154929577464788,0.1519267916420001,0.23640472735807463,gemini35flash
20260995,0.14285714285714285,selected,,False,0.0,0.0,,2163,0,0,0.0,,,,gemini35flash
20260995,0.14285714285714285,fixed,0.8571428571428572,False,,,,2163,355,68,0.16412390198797966,0.19154929577464788,0.1519267916420001,0.23640472735807463,gemini35flash
20260995,0.2,selected,,False,0.0,0.0,,2163,0,0,0.0,,,,gemini35flash
20260995,0.2,fixed,0.8,False,,,,2163,1077,318,0.49791955617198336,0.29526462395543174,0.2681474291409875,0.32350536065227814,gemini35flash
20260995,0.25,selected,0.8571428571428571,True,409.0,70.0,0.23965503236434166,2163,355,68,0.16412390198797966,0.19154929577464788,0.1519267916420001,0.23640472735807463,gemini35flash
20260995,0.25,fixed,0.75,False,,,,2163,1116,329,0.5159500693481276,0.2948028673835125,0.2681742118682097,0.32251789291382116,gemini35flash
20260996,0.1,selected,,False,0.0,0.0,,2163,0,0,0.0,,,,gemini35flash
20260996,0.1,fixed,0.9,False,,,,2163,371,68,0.1715210355987055,0.18328840970350405,0.14523433493969476,0.2264836533584736,gemini35flash
20260996,0.14285714285714285,selected,,False,0.0,0.0,,2163,0,0,0.0,,,,gemini35flash
20260996,0.14285714285714285,fixed,0.8571428571428572,False,,,,2163,371,68,0.1715210355987055,0.18328840970350405,0.14523433493969476,0.2264836533584736,gemini35flash
20260996,0.2,selected,,False,0.0,0.0,,2163,0,0,0.0,,,,gemini35flash
20260996,0.2,fixed,0.8,False,,,,2163,1061,299,0.4905224225612575,0.28180961357210177,0.2549046161403415,0.3099305909024538,gemini35flash
20260996,0.25,selected,0.8571428571428571,True,393.0,70.0,0.24898071255399098,2163,371,68,0.1715210355987055,0.18328840970350405,0.14523433493969476,0.2264836533584736,gemini35flash
20260996,0.25,fixed,0.75,False,,,,2163,1099,311,0.5080906148867314,0.2829845313921747,0.2565085765793433,0.3106276723869659,gemini35flash
20260997,0.1,selected,,False,0.0,0.0,,2163,0,0,0.0,,,,gemini35flash
20260997,0.1,fixed,0.9,False,,,,2163,367,77,0.16967175219602404,0.2098092643051771,0.16927648541932178,0.2550950221790525,gemini35flash
20260997,0.14285714285714285,selected,,False,0.0,0.0,,2163,0,0,0.0,,,,gemini35flash
20260997,0.14285714285714285,fixed,0.8571428571428572,False,,,,2163,367,77,0.16967175219602404,0.2098092643051771,0.16927648541932178,0.2550950221790525,gemini35flash
20260997,0.2,selected,,False,0.0,0.0,,2163,0,0,0.0,,,,gemini35flash
20260997,0.2,fixed,0.8,False,,,,2163,1101,346,0.5090152565880721,0.3142597638510445,0.2869119099270465,0.34260412091789016,gemini35flash
20260997,0.25,selected,0.81,True,633.0,117.0,0.24013582222993066,2163,598,139,0.2764678687008784,0.23244147157190637,0.19914270944137652,0.26840738089384764,gemini35flash
20260997,0.25,fixed,0.75,False,,,,2163,1131,352,0.5228848821081831,0.3112290008841733,0.28432393857866767,0.33911977363019097,gemini35flash
20260998,0.1,selected,,False,0.0,0.0,,2163,0,0,0.0,,,,gemini35flash
20260998,0.1,fixed,0.9,False,,,,2163,395,77,0.18261673601479428,0.1949367088607595,0.15701565852957347,0.23749972597088945,gemini35flash
20260998,0.14285714285714285,selected,,False,0.0,0.0,,2163,0,0,0.0,,,,gemini35flash
20260998,0.14285714285714285,fixed,0.8571428571428572,False,,,,2163,395,77,0.18261673601479428,0.1949367088607595,0.15701565852957347,0.23749972597088945,gemini35flash
20260998,0.2,selected,,False,0.0,0.0,,2163,0,0,0.0,,,,gemini35flash
20260998,0.2,fixed,0.8,False,,,,2163,1090,318,0.5039297272306981,0.29174311926605506,0.2648912907094488,0.31972414150470674,gemini35flash
20260998,0.25,selected,0.8571428571428571,True,369.0,61.0,0.23706691280668357,2163,395,77,0.18261673601479428,0.1949367088607595,0.15701565852957347,0.23749972597088945,gemini35flash
20260998,0.25,fixed,0.75,False,,,,2163,1125,331,0.5201109570041609,0.2942222222222222,0.2677164463710414,0.3218086586644996,gemini35flash
20260999,0.1,selected,,False,0.0,0.0,,2163,0,0,0.0,,,,gemini35flash
20260999,0.1,fixed,0.9,False,,,,2163,388,67,0.1793804900601017,0.17268041237113402,0.13640350510574806,0.21403895399514306,gemini35flash
20260999,0.14285714285714285,selected,,False,0.0,0.0,,2163,0,0,0.0,,,,gemini35flash
20260999,0.14285714285714285,fixed,0.8571428571428572,False,,,,2163,388,67,0.1793804900601017,0.17268041237113402,0.13640350510574806,0.21403895399514306,gemini35flash
20260999,0.2,selected,,False,0.0,0.0,,2163,0,0,0.0,,,,gemini35flash
20260999,0.2,fixed,0.8,False,,,,2163,1094,317,0.5057790106333796,0.2897623400365631,0.26301865827653065,0.31764179740423326,gemini35flash
20260999,0.25,selected,,False,0.0,0.0,,2163,0,0,0.0,,,,gemini35flash
20260999,0.25,fixed,0.75,False,,,,2163,1121,325,0.5182616736014795,0.28991971454058874,0.2634932683337204,0.31745349197954403,gemini35flash
20261000,0.1,selected,,False,0.0,0.0,,2163,0,0,0.0,,,,gemini35flash
20261000,0.1,fixed,0.9,False,,,,2163,372,72,0.17198335644937587,0.1935483870967742,0.1546339246876509,0.23741961799572994,gemini35flash
20261000,0.14285714285714285,selected,,False,0.0,0.0,,2163,0,0,0.0,,,,gemini35flash
20261000,0.14285714285714285,fixed,0.8571428571428572,False,,,,2163,372,72,0.17198335644937587,0.1935483870967742,0.1546339246876509,0.23741961799572994,gemini35flash
20261000,0.2,selected,,False,0.0,0.0,,2163,0,0,0.0,,,,gemini35flash
20261000,0.2,fixed,0.8,False,,,,2163,1086,311,0.5020804438280166,0.2863720073664825,0.25963406493332536,0.3142727123163408,gemini35flash
20261000,0.25,selected,0.8571428571428571,True,392.0,66.0,0.2381481840944076,2163,372,72,0.17198335644937587,0.1935483870967742,0.1546339246876509,0.23741961799572994,gemini35flash
20261000,0.25,fixed,0.75,False,,,,2163,1122,321,0.5187239944521498,0.28609625668449196,0.2597961162271089,0.31352296268801455,gemini35flash
20261001,0.1,selected,,False,0.0,0.0,,2163,0,0,0.0,,,,gemini35flash
20261001,0.1,fixed,0.9,False,,,,2163,388,71,0.1793804900601017,0.18298969072164947,0.14577263411962194,0.2251237394006561,gemini35flash
20261001,0.14285714285714285,selected,,False,0.0,0.0,,2163,0,0,0.0,,,,gemini35flash
20261001,0.14285714285714285,fixed,0.8571428571428572,False,,,,2163,388,71,0.1793804900601017,0.18298969072164947,0.14577263411962194,0.2251237394006561,gemini35flash
20261001,0.2,selected,,False,0.0,0.0,,2163,0,0,0.0,,,,gemini35flash
20261001,0.2,fixed,0.8,False,,,,2163,1115,317,0.5154877484974573,0.284304932735426,0.25797760937041486,0.3117755018201582,gemini35flash
20261001,0.25,selected,,False,0.0,0.0,,2163,0,0,0.0,,,,gemini35flash
20261001,0.25,fixed,0.75,False,,,,2163,1149,326,0.5312066574202496,0.28372497824194953,0.25780487709112015,0.3107571782424577,gemini35flash
20261002,0.1,selected,,False,0.0,0.0,,2163,0,0,0.0,,,,gemini35flash
20261002,0.1,fixed,0.9,False,,,,2163,367,65,0.16967175219602404,0.1771117166212534,0.13943284407617174,0.22009309073429068,gemini35flash
20261002,0.14285714285714285,selected,,False,0.0,0.0,,2163,0,0,0.0,,,,gemini35flash
20261002,0.14285714285714285,fixed,0.8571428571428572,False,,,,2163,367,65,0.16967175219602404,0.1771117166212534,0.13943284407617174,0.22009309073429068,gemini35flash
20261002,0.2,selected,,False,0.0,0.0,,2163,0,0,0.0,,,,gemini35flash
20261002,0.2,fixed,0.8,False,,,,2163,1064,315,0.4919093851132686,0.29605263157894735,0.26874795384134503,0.3244903133010938,gemini35flash
20261002,0.25,selected,0.91,True,339.0,57.0,0.2437297112892637,2163,317,50,0.14655570966250578,0.15772870662460567,0.1193921856173264,0.2026032380728992,gemini35flash
20261002,0.25,fixed,0.75,False,,,,2163,1099,325,0.5080906148867314,0.29572338489535943,0.2688639605693412,0.3236811720098138,gemini35flash
20261003,0.1,selected,,False,0.0,0.0,,2163,0,0,0.0,,,,gemini35flash
20261003,0.1,fixed,0.9,False,,,,2163,376,58,0.17383263985205732,0.15425531914893617,0.1192636018613809,0.19479982478255925,gemini35flash
20261003,0.14285714285714285,selected,,False,0.0,0.0,,2163,0,0,0.0,,,,gemini35flash
20261003,0.14285714285714285,fixed,0.8571428571428572,False,,,,2163,376,58,0.17383263985205732,0.15425531914893617,0.1192636018613809,0.19479982478255925,gemini35flash
20261003,0.2,selected,,False,0.0,0.0,,2163,0,0,0.0,,,,gemini35flash
20261003,0.2,fixed,0.8,False,,,,2163,1100,314,0.5085529357374018,0.28545454545454546,0.25891420788014796,0.31314766014137413,gemini35flash
20261003,0.25,selected,,False,0.0,0.0,,2163,0,0,0.0,,,,gemini35flash
20261003,0.25,fixed,0.75,False,,,,2163,1133,323,0.5238095238095238,0.2850838481906443,0.25894137972003733,0.31234714745814246,gemini35flash
20261004,0.1,selected,,False,0.0,0.0,,2163,0,0,0.0,,,,gemini35flash
20261004,0.1,fixed,0.9,False,,,,2163,381,63,0.17614424410540916,0.16535433070866143,0.12946410296107513,0.20654088202760473,gemini35flash
20261004,0.14285714285714285,selected,,False,0.0,0.0,,2163,0,0,0.0,,,,gemini35flash
20261004,0.14285714285714285,fixed,0.8571428571428572,False,,,,2163,381,63,0.17614424410540916,0.16535433070866143,0.12946410296107513,0.20654088202760473,gemini35flash
20261004,0.2,selected,,False,0.0,0.0,,2163,0,0,0.0,,,,gemini35flash
20261004,0.2,fixed,0.8,False,,,,2163,1083,295,0.5006934812760055,0.2723915050784857,0.24606363341793253,0.29996211662637406,gemini35flash
20261004,0.25,selected,,False,0.0,0.0,,2163,0,0,0.0,,,,gemini35flash
20261004,0.25,fixed,0.75,False,,,,2163,1115,305,0.5154877484974573,0.273542600896861,0.2475546424853641,0.3007311559969301,gemini35flash
20261005,0.1,selected,,False,0.0,0.0,,2163,0,0,0.0,,,,gemini35flash
20261005,0.1,fixed,0.9,False,,,,2163,384,70,0.17753120665742025,0.18229166666666666,0.14495129515276045,0.2246123484881695,gemini35flash
20261005,0.14285714285714285,selected,,False,0.0,0.0,,2163,0,0,0.0,,,,gemini35flash
20261005,0.14285714285714285,fixed,0.8571428571428572,False,,,,2163,384,70,0.17753120665742025,0.18229166666666666,0.14495129515276045,0.2246123484881695,gemini35flash
20261005,0.2,selected,,False,0.0,0.0,,2163,0,0,0.0,,,,gemini35flash
20261005,0.2,fixed,0.8,False,,,,2163,1093,313,0.5053166897827092,0.28636779505946935,0.2597151373424203,0.31417572056594817,gemini35flash
20261005,0.25,selected,0.91,True,322.0,52.0,0.23835158569537374,2163,334,55,0.154415164123902,0.16467065868263472,0.12652687850234604,0.2088830735047269,gemini35flash
20261005,0.25,fixed,0.75,False,,,,2163,1124,323,0.5196486361534906,0.2873665480427046,0.2610513613327815,0.3147995669510283,gemini35flash
20261006,0.1,selected,,False,0.0,0.0,,2163,0,0,0.0,,,,gemini35flash
20261006,0.1,fixed,0.9,False,,,,2163,388,71,0.1793804900601017,0.18298969072164947,0.14577263411962194,0.2251237394006561,gemini35flash
20261006,0.14285714285714285,selected,,False,0.0,0.0,,2163,0,0,0.0,,,,gemini35flash
20261006,0.14285714285714285,fixed,0.8571428571428572,False,,,,2163,388,71,0.1793804900601017,0.18298969072164947,0.14577263411962194,0.2251237394006561,gemini35flash
20261006,0.2,selected,,False,0.0,0.0,,2163,0,0,0.0,,,,gemini35flash
20261006,0.2,fixed,0.8,False,,,,2163,1088,305,0.5030050855293574,0.2803308823529412,0.2538060116619635,0.3080493458765874,gemini35flash
20261006,0.25,selected,0.91,True,320.0,50.0,0.23262636724698194,2163,336,57,0.1553398058252427,0.16964285714285715,0.1310909309477188,0.21413403841997602,gemini35flash
20261006,0.25,fixed,0.75,False,,,,2163,1123,318,0.5191863153028201,0.2831700801424755,0.2569707980861853,0.31051038828053756,gemini35flash
20261007,0.1,selected,,False,0.0,0.0,,2163,0,0,0.0,,,,gemini35flash
20261007,0.1,fixed,0.9,False,,,,2163,387,61,0.17891816920943135,0.15762273901808785,0.12276506392371053,0.19781803152896774,gemini35flash
20261007,0.14285714285714285,selected,,False,0.0,0.0,,2163,0,0,0.0,,,,gemini35flash
20261007,0.14285714285714285,fixed,0.8571428571428572,False,,,,2163,387,61,0.17891816920943135,0.15762273901808785,0.12276506392371053,0.19781803152896774,gemini35flash
20261007,0.2,selected,,False,0.0,0.0,,2163,0,0,0.0,,,,gemini35flash
20261007,0.2,fixed,0.8,False,,,,2163,1096,318,0.5067036523347203,0.29014598540145986,0.2634150257357562,0.31800855012199825,gemini35flash
20261007,0.25,selected,,False,0.0,0.0,,2163,0,0,0.0,,,,gemini35flash
20261007,0.25,fixed,0.75,False,,,,2163,1128,329,0.521497919556172,0.2916666666666667,0.2652703612678881,0.3191541756537638,gemini35flash
20261008,0.1,selected,,False,0.0,0.0,,2163,0,0,0.0,,,,gemini35flash
20261008,0.1,fixed,0.9,False,,,,2163,377,82,0.17429496070272768,0.21750663129973474,0.17689637674232098,0.26261683153003845,gemini35flash
20261008,0.14285714285714285,selected,,False,0.0,0.0,,2163,0,0,0.0,,,,gemini35flash
20261008,0.14285714285714285,fixed,0.8571428571428572,False,,,,2163,377,82,0.17429496070272768,0.21750663129973474,0.17689637674232098,0.26261683153003845,gemini35flash
20261008,0.2,selected,,False,0.0,0.0,,2163,0,0,0.0,,,,gemini35flash
20261008,0.2,fixed,0.8,False,,,,2163,1089,327,0.5034674063800277,0.3002754820936639,0.27316223974104525,0.3284724636049053,gemini35flash
20261008,0.25,selected,0.81,True,621.0,119.0,0.24812531096133503,2163,610,137,0.2820157189089228,0.22459016393442624,0.19205409036463353,0.25981794829035976,gemini35flash
20261008,0.25,fixed,0.75,False,,,,2163,1125,337,0.5201109570041609,0.2995555555555556,0.27289749259312746,0.32726615494622113,gemini35flash
20261009,0.1,selected,,False,0.0,0.0,,2163,0,0,0.0,,,,gemini35flash
20261009,0.1,fixed,0.9,False,,,,2163,392,67,0.18122977346278318,0.17091836734693877,0.13498392740499449,0.21190963394058943,gemini35flash
20261009,0.14285714285714285,selected,,False,0.0,0.0,,2163,0,0,0.0,,,,gemini35flash
20261009,0.14285714285714285,fixed,0.8571428571428572,False,,,,2163,392,67,0.18122977346278318,0.17091836734693877,0.13498392740499449,0.21190963394058943,gemini35flash
20261009,0.2,selected,,False,0.0,0.0,,2163,0,0,0.0,,,,gemini35flash
20261009,0.2,fixed,0.8,False,,,,2163,1097,317,0.5071659731853907,0.2889699179580675,0.26228645998639877,0.3167903051141714,gemini35flash
20261009,0.25,selected,0.91,True,314.0,53.0,0.24775172966088113,2163,342,54,0.15811373092926492,0.15789473684210525,0.1208959506073387,0.20094197755507567,gemini35flash
20261009,0.25,fixed,0.75,False,,,,2163,1126,327,0.5205732778548312,0.29040852575488457,0.2640259783014372,0.3178908646471887,gemini35flash
20261010,0.1,selected,,False,0.0,0.0,,2163,0,0,0.0,,,,gemini35flash
20261010,0.1,fixed,0.9,False,,,,2163,380,78,0.17568192325473878,0.20526315789473684,0.1657712434151952,0.24941626855920104,gemini35flash
20261010,0.14285714285714285,selected,,False,0.0,0.0,,2163,0,0,0.0,,,,gemini35flash
20261010,0.14285714285714285,fixed,0.8571428571428572,False,,,,2163,380,78,0.17568192325473878,0.20526315789473684,0.1657712434151952,0.24941626855920104,gemini35flash
20261010,0.2,selected,,False,0.0,0.0,,2163,0,0,0.0,,,,gemini35flash
20261010,0.2,fixed,0.8,False,,,,2163,1107,338,0.5117891816920943,0.3053297199638663,0.27829557286015727,0.33340274150552474,gemini35flash
20261010,0.25,selected,0.81,True,615.0,110.0,0.23445845987281244,2163,616,146,0.284789644012945,0.237012987012987,0.2039475918248199,0.2726218624379168,gemini35flash
20261010,0.25,fixed,0.75,False,,,,2163,1143,347,0.5284327323162274,0.30358705161854765,0.27702730323916946,0.3311616951889146,gemini35flash
20261011,0.1,selected,,False,0.0,0.0,,2163,0,0,0.0,,,,gemini35flash
20261011,0.1,fixed,0.9,False,,,,2163,385,85,0.1779935275080906,0.22077922077922077,0.18033417324639825,0.26557734394465404,gemini35flash
20261011,0.14285714285714285,selected,,False,0.0,0.0,,2163,0,0,0.0,,,,gemini35flash
20261011,0.14285714285714285,fixed,0.8571428571428572,False,,,,2163,385,85,0.1779935275080906,0.22077922077922077,0.18033417324639825,0.26557734394465404,gemini35flash
20261011,0.2,selected,,False,0.0,0.0,,2163,0,0,0.0,,,,gemini35flash
20261011,0.2,fixed,0.8,False,,,,2163,1078,325,0.49838187702265374,0.3014842300556586,0.2741992014678635,0.3298575078318437,gemini35flash
20261011,0.25,selected,0.81,True,607.0,112.0,0.24105038995202693,2163,624,144,0.2884882108183079,0.23076923076923078,0.19824937339911775,0.2658598678236193,gemini35flash
20261011,0.25,fixed,0.75,False,,,,2163,1117,339,0.5164123901987979,0.3034914950760967,0.2766286244557098,0.3313936121396609,gemini35flash
20261012,0.1,selected,,False,0.0,0.0,,2163,0,0,0.0,,,,gemini35flash
20261012,0.1,fixed,0.9,False,,,,2163,397,77,0.183541377716135,0.19395465994962216,0.15620757587696332,0.2363351675191881,gemini35flash
20261012,0.14285714285714285,selected,,False,0.0,0.0,,2163,0,0,0.0,,,,gemini35flash
20261012,0.14285714285714285,fixed,0.8571428571428572,False,,,,2163,397,77,0.183541377716135,0.19395465994962216,0.15620757587696332,0.2363351675191881,gemini35flash
20261012,0.2,selected,,False,0.0,0.0,,2163,0,0,0.0,,,,gemini35flash
20261012,0.2,fixed,0.8,False,,,,2163,1101,326,0.5090152565880721,0.296094459582198,0.2692485185224033,0.3240347493971096,gemini35flash
20261012,0.25,selected,0.81,True,602.0,110.0,0.23934249848773148,2163,629,146,0.29079981507165975,0.23211446740858505,0.1996485331488927,0.2671175892664979,gemini35flash
20261012,0.25,fixed,0.75,False,,,,2163,1133,339,0.5238095238095238,0.2992056487202118,0.2726511711644476,0.3268069938363785,gemini35flash
20260913,0.1,selected,,False,0.0,0.0,,2163,0,0,0.0,,,,sonnet46
20260913,0.1,fixed,0.9,False,,,,2163,53,8,0.024503005085529356,0.1509433962264151,0.06749253811596384,0.2759211788547169,sonnet46
20260913,0.14285714285714285,selected,,False,0.0,0.0,,2163,0,0,0.0,,,,sonnet46
20260913,0.14285714285714285,fixed,0.8571428571428572,False,,,,2163,91,15,0.042071197411003236,0.16483516483516483,0.09529597021048704,0.2572573365797312,sonnet46
20260913,0.2,selected,,False,0.0,0.0,,2163,0,0,0.0,,,,sonnet46
20260913,0.2,fixed,0.8,False,,,,2163,237,48,0.10957004160887657,0.20253164556962025,0.15326952900781235,0.25939965364733897,sonnet46
20260913,0.25,selected,,False,0.0,0.0,,2163,0,0,0.0,,,,sonnet46
20260913,0.25,fixed,0.75,False,,,,2163,351,95,0.1622746185852982,0.2706552706552707,0.22485786136046032,0.32036975926726485,sonnet46
20260914,0.1,selected,,False,0.0,0.0,,2163,0,0,0.0,,,,sonnet46
20260914,0.1,fixed,0.9,False,,,,2163,40,5,0.01849283402681461,0.125,0.04185962613861671,0.2680329173617204,sonnet46
20260914,0.14285714285714285,selected,,False,0.0,0.0,,2163,0,0,0.0,,,,sonnet46
20260914,0.14285714285714285,fixed,0.8571428571428572,False,,,,2163,76,10,0.03513638465094776,0.13157894736842105,0.06494156767608715,0.22869579260761233,sonnet46
20260914,0.2,selected,,False,0.0,0.0,,2163,0,0,0.0,,,,sonnet46
20260914,0.2,fixed,0.8,False,,,,2163,207,40,0.0957004160887656,0.1932367149758454,0.14178581411703542,0.2536989116500627,sonnet46
20260914,0.25,selected,,False,0.0,0.0,,2163,0,0,0.0,,,,sonnet46
20260914,0.25,fixed,0.75,False,,,,2163,334,93,0.154415164123902,0.27844311377245506,0.23102881204963932,0.32983565705166906,sonnet46
20260915,0.1,selected,,False,0.0,0.0,,2163,0,0,0.0,,,,sonnet46
20260915,0.1,fixed,0.9,False,,,,2163,50,7,0.02311604253351826,0.14,0.0581917003403721,0.2673960024970084,sonnet46
20260915,0.14285714285714285,selected,,False,0.0,0.0,,2163,0,0,0.0,,,,sonnet46
20260915,0.14285714285714285,fixed,0.8571428571428572,False,,,,2163,80,13,0.03698566805362922,0.1625,0.08946164172252927,0.2618368938251129,sonnet46
20260915,0.2,selected,,False,0.0,0.0,,2163,0,0,0.0,,,,sonnet46
20260915,0.2,fixed,0.8,False,,,,2163,217,47,0.10032362459546926,0.21658986175115208,0.16369639676912773,0.27740076310437084,sonnet46
20260915,0.25,selected,,False,0.0,0.0,,2163,0,0,0.0,,,,sonnet46
20260915,0.25,fixed,0.75,False,,,,2163,333,83,0.1539528432732316,0.24924924924924924,0.20369897439292128,0.29932190586529817,sonnet46
20260916,0.1,selected,,False,0.0,0.0,,2163,0,0,0.0,,,,sonnet46
20260916,0.1,fixed,0.9,False,,,,2163,43,5,0.019879796578825704,0.11627906976744186,0.03885231477806172,0.2508324253456527,sonnet46
20260916,0.14285714285714285,selected,,False,0.0,0.0,,2163,0,0,0.0,,,,sonnet46
20260916,0.14285714285714285,fixed,0.8571428571428572,False,,,,2163,82,14,0.03791030975496995,0.17073170731707318,0.09660528025795481,0.26983618987108193,sonnet46
20260916,0.2,selected,,False,0.0,0.0,,2163,0,0,0.0,,,,sonnet46
20260916,0.2,fixed,0.8,False,,,,2163,242,55,0.11188164586222839,0.22727272727272727,0.17604238880199985,0.28531609711688416,sonnet46
20260916,0.25,selected,,False,0.0,0.0,,2163,0,0,0.0,,,,sonnet46
20260916,0.25,fixed,0.75,False,,,,2163,364,102,0.16828478964401294,0.2802197802197802,0.23466198472295124,0.3293938930959951,sonnet46
20260917,0.1,selected,,False,0.0,0.0,,2163,0,0,0.0,,,,sonnet46
20260917,0.1,fixed,0.9,False,,,,2163,53,7,0.024503005085529356,0.1320754716981132,0.054790101853181096,0.25336823286373644,sonnet46
20260917,0.14285714285714285,selected,,False,0.0,0.0,,2163,0,0,0.0,,,,sonnet46
20260917,0.14285714285714285,fixed,0.8571428571428572,False,,,,2163,83,11,0.038372630605640314,0.13253012048192772,0.06805736753793111,0.2247717400643409,sonnet46
20260917,0.2,selected,,False,0.0,0.0,,2163,0,0,0.0,,,,sonnet46
20260917,0.2,fixed,0.8,False,,,,2163,220,44,0.10171058714748035,0.2,0.14924212215791133,0.25903458558177134,sonnet46
20260917,0.25,selected,,False,0.0,0.0,,2163,0,0,0.0,,,,sonnet46
20260917,0.25,fixed,0.75,False,,,,2163,331,86,0.1530282015718909,0.2598187311178248,0.21340097797872118,0.3105924820018135,sonnet46
20260918,0.1,selected,,False,0.0,0.0,,2163,0,0,0.0,,,,sonnet46
20260918,0.1,fixed,0.9,False,,,,2163,44,6,0.02034211742949607,0.13636363636363635,0.05173082948627347,0.27350689090382385,sonnet46
20260918,0.14285714285714285,selected,,False,0.0,0.0,,2163,0,0,0.0,,,,sonnet46
20260918,0.14285714285714285,fixed,0.8571428571428572,False,,,,2163,82,13,0.03791030975496995,0.15853658536585366,0.08720490466392349,0.2558332729123665,sonnet46
20260918,0.2,selected,,False,0.0,0.0,,2163,0,0,0.0,,,,sonnet46
20260918,0.2,fixed,0.8,False,,,,2163,215,48,0.09939898289412853,0.22325581395348837,0.16943699349324115,0.2848748638656853,sonnet46
20260918,0.25,selected,,False,0.0,0.0,,2163,0,0,0.0,,,,sonnet46
20260918,0.25,fixed,0.75,False,,,,2163,339,92,0.15672676837725383,0.2713864306784661,0.22475532470119192,0.32206228267757075,sonnet46
20260919,0.1,selected,,False,0.0,0.0,,2163,0,0,0.0,,,,sonnet46
20260919,0.1,fixed,0.9,False,,,,2163,44,5,0.02034211742949607,0.11363636363636363,0.03794371293927479,0.24557677631553135,sonnet46
20260919,0.14285714285714285,selected,,False,0.0,0.0,,2163,0,0,0.0,,,,sonnet46
20260919,0.14285714285714285,fixed,0.8571428571428572,False,,,,2163,73,10,0.03374942209893666,0.136986301369863,0.06769406687686605,0.23752865473670326,sonnet46
20260919,0.2,selected,,False,0.0,0.0,,2163,0,0,0.0,,,,sonnet46
20260919,0.2,fixed,0.8,False,,,,2163,213,48,0.09847434119278779,0.22535211267605634,0.1710778506499156,0.28744023357907456,sonnet46
20260919,0.25,selected,,False,0.0,0.0,,2163,0,0,0.0,,,,sonnet46
20260919,0.25,fixed,0.75,False,,,,2163,335,96,0.15487748497457235,0.2865671641791045,0.23873204009839186,0.3382217877394099,sonnet46
20260920,0.1,selected,,False,0.0,0.0,,2163,0,0,0.0,,,,sonnet46
20260920,0.1,fixed,0.9,False,,,,2163,47,7,0.021729079981507166,0.14893617021276595,0.06204411812199809,0.2830575342432974,sonnet46
20260920,0.14285714285714285,selected,,False,0.0,0.0,,2163,0,0,0.0,,,,sonnet46
20260920,0.14285714285714285,fixed,0.8571428571428572,False,,,,2163,77,11,0.03559870550161812,0.14285714285714285,0.07353001410247413,0.24125061288575772,sonnet46
20260920,0.2,selected,,False,0.0,0.0,,2163,0,0,0.0,,,,sonnet46
20260920,0.2,fixed,0.8,False,,,,2163,212,41,0.09801202034211742,0.19339622641509435,0.1425042259321025,0.253078230363144,sonnet46
20260920,0.25,selected,,False,0.0,0.0,,2163,0,0,0.0,,,,sonnet46
20260920,0.25,fixed,0.75,False,,,,2163,329,90,0.15210355987055016,0.2735562310030395,0.22609727021357848,0.3251447604913687,sonnet46
20260921,0.1,selected,,False,0.0,0.0,,2163,0,0,0.0,,,,sonnet46
20260921,0.1,fixed,0.9,False,,,,2163,44,5,0.02034211742949607,0.11363636363636363,0.03794371293927479,0.24557677631553135,sonnet46
20260921,0.14285714285714285,selected,,False,0.0,0.0,,2163,0,0,0.0,,,,sonnet46
20260921,0.14285714285714285,fixed,0.8571428571428572,False,,,,2163,77,13,0.03559870550161812,0.16883116883116883,0.09307490342120993,0.27138722370917256,sonnet46
20260921,0.2,selected,,False,0.0,0.0,,2163,0,0,0.0,,,,sonnet46
20260921,0.2,fixed,0.8,False,,,,2163,215,48,0.09939898289412853,0.22325581395348837,0.16943699349324115,0.2848748638656853,sonnet46
20260921,0.25,selected,,False,0.0,0.0,,2163,0,0,0.0,,,,sonnet46
20260921,0.25,fixed,0.75,False,,,,2163,334,93,0.154415164123902,0.27844311377245506,0.23102881204963932,0.32983565705166906,sonnet46
20260922,0.1,selected,,False,0.0,0.0,,2163,0,0,0.0,,,,sonnet46
20260922,0.1,fixed,0.9,False,,,,2163,48,8,0.022191400832177532,0.16666666666666666,0.0748108603995931,0.3022224135298802,sonnet46
20260922,0.14285714285714285,selected,,False,0.0,0.0,,2163,0,0,0.0,,,,sonnet46
20260922,0.14285714285714285,fixed,0.8571428571428572,False,,,,2163,91,17,0.042071197411003236,0.18681318681318682,0.11275900038616295,0.282170270399428,sonnet46
20260922,0.2,selected,,False,0.0,0.0,,2163,0,0,0.0,,,,sonnet46
20260922,0.2,fixed,0.8,False,,,,2163,232,55,0.10725843735552473,0.23706896551724138,0.18386823825046386,0.29712140075206905,sonnet46
20260922,0.25,selected,,False,0.0,0.0,,2163,0,0,0.0,,,,sonnet46
20260922,0.25,fixed,0.75,False,,,,2163,355,100,0.16412390198797966,0.28169014084507044,0.23548201691769247,0.33158256291852617,sonnet46
20260923,0.1,selected,,False,0.0,0.0,,2163,0,0,0.0,,,,sonnet46
20260923,0.1,fixed,0.9,False,,,,2163,40,4,0.01849283402681461,0.1,0.027925415294219307,0.23663739987609986,sonnet46
20260923,0.14285714285714285,selected,,False,0.0,0.0,,2163,0,0,0.0,,,,sonnet46
20260923,0.14285714285714285,fixed,0.8571428571428572,False,,,,2163,71,9,0.03282478039759593,0.1267605633802817,0.059635762200013744,0.22704045419493038,sonnet46
20260923,0.2,selected,,False,0.0,0.0,,2163,0,0,0.0,,,,sonnet46
20260923,0.2,fixed,0.8,False,,,,2163,216,46,0.09986130374479889,0.21296296296296297,0.16033636106379603,0.27364859292312493,sonnet46
20260923,0.25,selected,,False,0.0,0.0,,2163,0,0,0.0,,,,sonnet46
20260923,0.25,fixed,0.75,False,,,,2163,338,100,0.15626444752658344,0.2958579881656805,0.24769731883839438,0.34763772720291,sonnet46
20260924,0.1,selected,,False,0.0,0.0,,2163,0,0,0.0,,,,sonnet46
20260924,0.1,fixed,0.9,False,,,,2163,47,7,0.021729079981507166,0.14893617021276595,0.06204411812199809,0.2830575342432974,sonnet46
20260924,0.14285714285714285,selected,,False,0.0,0.0,,2163,0,0,0.0,,,,sonnet46
20260924,0.14285714285714285,fixed,0.8571428571428572,False,,,,2163,89,11,0.041146555709662504,0.12359550561797752,0.06334345595793729,0.2103940387128191,sonnet46
20260924,0.2,selected,,False,0.0,0.0,,2163,0,0,0.0,,,,sonnet46
20260924,0.2,fixed,0.8,False,,,,2163,223,48,0.10309754969949145,0.21524663677130046,0.16317721181870296,0.27505401940342855,sonnet46
20260924,0.25,selected,,False,0.0,0.0,,2163,0,0,0.0,,,,sonnet46
20260924,0.25,fixed,0.75,False,,,,2163,334,92,0.154415164123902,0.2754491017964072,0.2282207148187595,0.32671000267654315,sonnet46
20260925,0.1,selected,,False,0.0,0.0,,2163,0,0,0.0,,,,sonnet46
20260925,0.1,fixed,0.9,False,,,,2163,37,4,0.017105871474803514,0.10810810810810811,0.030251965068749623,0.25417593607747896,sonnet46
20260925,0.14285714285714285,selected,,False,0.0,0.0,,2163,0,0,0.0,,,,sonnet46
20260925,0.14285714285714285,fixed,0.8571428571428572,False,,,,2163,72,8,0.033287101248266296,0.1111111111111111,0.04920803927064098,0.2072468706667488,sonnet46
20260925,0.2,selected,,False,0.0,0.0,,2163,0,0,0.0,,,,sonnet46
20260925,0.2,fixed,0.8,False,,,,2163,236,55,0.1091077207582062,0.2330508474576271,0.1806557025341817,0.29228438349889785,sonnet46
20260925,0.25,selected,,False,0.0,0.0,,2163,0,0,0.0,,,,sonnet46
20260925,0.25,fixed,0.75,False,,,,2163,358,104,0.16551086453999075,0.2905027932960894,0.24398211815181162,0.34052780542129296,sonnet46
20260926,0.1,selected,,False,0.0,0.0,,2163,0,0,0.0,,,,sonnet46
20260926,0.1,fixed,0.9,False,,,,2163,50,9,0.02311604253351826,0.18,0.08576207810966363,0.31436941128565027,sonnet46
20260926,0.14285714285714285,selected,,False,0.0,0.0,,2163,0,0,0.0,,,,sonnet46
20260926,0.14285714285714285,fixed,0.8571428571428572,False,,,,2163,84,14,0.038834951456310676,0.16666666666666666,0.09422373965582413,0.26379964690859015,sonnet46
20260926,0.2,selected,,False,0.0,0.0,,2163,0,0,0.0,,,,sonnet46
20260926,0.2,fixed,0.8,False,,,,2163,223,51,0.10309754969949145,0.22869955156950672,0.17527665085366884,0.2894870532721142,sonnet46
20260926,0.25,selected,,False,0.0,0.0,,2163,0,0,0.0,,,,sonnet46
20260926,0.25,fixed,0.75,False,,,,2163,329,88,0.15210355987055016,0.2674772036474164,0.2204108480704399,0.31878514666060886,sonnet46
20260927,0.1,selected,,False,0.0,0.0,,2163,0,0,0.0,,,,sonnet46
20260927,0.1,fixed,0.9,False,,,,2163,50,8,0.02311604253351826,0.16,0.07170076718328619,0.2911263065951108,sonnet46
20260927,0.14285714285714285,selected,,False,0.0,0.0,,2163,0,0,0.0,,,,sonnet46
20260927,0.14285714285714285,fixed,0.8571428571428572,False,,,,2163,84,16,0.038834951456310676,0.19047619047619047,0.11297586302495535,0.29081016518809755,sonnet46
20260927,0.2,selected,,False,0.0,0.0,,2163,0,0,0.0,,,,sonnet46
20260927,0.2,fixed,0.8,False,,,,2163,208,51,0.09616273693943597,0.24519230769230768,0.1883415071201392,0.3094592370737525,sonnet46
20260927,0.25,selected,,False,0.0,0.0,,2163,0,0,0.0,,,,sonnet46
20260927,0.25,fixed,0.75,False,,,,2163,337,100,0.1558021266759131,0.29673590504451036,0.24845556592779378,0.3486304810300564,sonnet46
20260928,0.1,selected,,False,0.0,0.0,,2163,0,0,0.0,,,,sonnet46
20260928,0.1,fixed,0.9,False,,,,2163,41,5,0.018955154877484975,0.12195121951219512,0.040806726247427184,0.26204467554830974,sonnet46
20260928,0.14285714285714285,selected,,False,0.0,0.0,,2163,0,0,0.0,,,,sonnet46
20260928,0.14285714285714285,fixed,0.8571428571428572,False,,,,2163,76,10,0.03513638465094776,0.13157894736842105,0.06494156767608715,0.22869579260761233,sonnet46
20260928,0.2,selected,,False,0.0,0.0,,2163,0,0,0.0,,,,sonnet46
20260928,0.2,fixed,0.8,False,,,,2163,223,50,0.10309754969949145,0.2242152466367713,0.17123438742267852,0.2846849758086485,sonnet46
20260928,0.25,selected,,False,0.0,0.0,,2163,0,0,0.0,,,,sonnet46
20260928,0.25,fixed,0.75,False,,,,2163,332,90,0.15349052242256125,0.2710843373493976,0.2239934686997952,0.32231202468366466,sonnet46
20260929,0.1,selected,,False,0.0,0.0,,2163,0,0,0.0,,,,sonnet46
20260929,0.1,fixed,0.9,False,,,,2163,47,8,0.021729079981507166,0.1702127659574468,0.07646947801106857,0.30809127462581226,sonnet46
20260929,0.14285714285714285,selected,,False,0.0,0.0,,2163,0,0,0.0,,,,sonnet46
20260929,0.14285714285714285,fixed,0.8571428571428572,False,,,,2163,72,11,0.033287101248266296,0.1527777777777778,0.07881196318794177,0.25694012324827803,sonnet46
20260929,0.2,selected,,False,0.0,0.0,,2163,0,0,0.0,,,,sonnet46
20260929,0.2,fixed,0.8,False,,,,2163,210,47,0.0970873786407767,0.22380952380952382,0.16932398401946516,0.2862680659185906,sonnet46
20260929,0.25,selected,,False,0.0,0.0,,2163,0,0,0.0,,,,sonnet46
20260929,0.25,fixed,0.75,False,,,,2163,334,91,0.154415164123902,0.27245508982035926,0.22541530214571293,0.3235816896280467,sonnet46
20260930,0.1,selected,,False,0.0,0.0,,2163,0,0,0.0,,,,sonnet46
20260930,0.1,fixed,0.9,False,,,,2163,45,5,0.020804438280166437,0.1111111111111111,0.03707666130719137,0.2405358084955141,sonnet46
20260930,0.14285714285714285,selected,,False,0.0,0.0,,2163,0,0,0.0,,,,sonnet46
20260930,0.14285714285714285,fixed,0.8571428571428572,False,,,,2163,84,12,0.038834951456310676,0.14285714285714285,0.07605370643259635,0.23624949427787717,sonnet46
20260930,0.2,selected,,False,0.0,0.0,,2163,0,0,0.0,,,,sonnet46
20260930,0.2,fixed,0.8,False,,,,2163,225,46,0.10402219140083217,0.20444444444444446,0.1537392952911837,0.26311585861977416,sonnet46
20260930,0.25,selected,,False,0.0,0.0,,2163,0,0,0.0,,,,sonnet46
20260930,0.25,fixed,0.75,False,,,,2163,347,89,0.16042533518261673,0.2564841498559078,0.21134666926018025,0.3058321560017192,sonnet46
20260931,0.1,selected,,False,0.0,0.0,,2163,0,0,0.0,,,,sonnet46
20260931,0.1,fixed,0.9,False,,,,2163,53,6,0.024503005085529356,0.11320754716981132,0.04269639493627369,0.23028991637086313,sonnet46
20260931,0.14285714285714285,selected,,False,0.0,0.0,,2163,0,0,0.0,,,,sonnet46
20260931,0.14285714285714285,fixed,0.8571428571428572,False,,,,2163,89,11,0.041146555709662504,0.12359550561797752,0.06334345595793729,0.2103940387128191,sonnet46
20260931,0.2,selected,,False,0.0,0.0,,2163,0,0,0.0,,,,sonnet46
20260931,0.2,fixed,0.8,False,,,,2163,245,43,0.11326860841423948,0.17551020408163265,0.13002541206846863,0.2290377921084508,sonnet46
20260931,0.25,selected,,False,0.0,0.0,,2163,0,0,0.0,,,,sonnet46
20260931,0.25,fixed,0.75,False,,,,2163,360,90,0.1664355062413315,0.25,0.20609854564757482,0.29806704844028287,sonnet46
20260932,0.1,selected,,False,0.0,0.0,,2163,0,0,0.0,,,,sonnet46
20260932,0.1,fixed,0.9,False,,,,2163,49,4,0.022653721682847898,0.08163265306122448,0.02269088064307327,0.19601418347889,sonnet46
20260932,0.14285714285714285,selected,,False,0.0,0.0,,2163,0,0,0.0,,,,sonnet46
20260932,0.14285714285714285,fixed,0.8571428571428572,False,,,,2163,81,6,0.03744798890429958,0.07407407407407407,0.02766836052440393,0.1542861687152946,sonnet46
20260932,0.2,selected,,False,0.0,0.0,,2163,0,0,0.0,,,,sonnet46
20260932,0.2,fixed,0.8,False,,,,2163,221,40,0.10217290799815072,0.18099547511312217,0.13256636580570663,0.23820226600687638,sonnet46
20260932,0.25,selected,,False,0.0,0.0,,2163,0,0,0.0,,,,sonnet46
20260932,0.25,fixed,0.75,False,,,,2163,349,94,0.16134997688395747,0.2693409742120344,0.22349740617446237,0.3191472053254857,sonnet46
20260933,0.1,selected,,False,0.0,0.0,,2163,0,0,0.0,,,,sonnet46
20260933,0.1,fixed,0.9,False,,,,2163,37,7,0.017105871474803514,0.1891891891891892,0.07962112085287686,0.35155237836925407,sonnet46
20260933,0.14285714285714285,selected,,False,0.0,0.0,,2163,0,0,0.0,,,,sonnet46
20260933,0.14285714285714285,fixed,0.8571428571428572,False,,,,2163,79,13,0.036523347202958856,0.16455696202531644,0.09063444194523965,0.26494512304560686,sonnet46
20260933,0.2,selected,,False,0.0,0.0,,2163,0,0,0.0,,,,sonnet46
20260933,0.2,fixed,0.8,False,,,,2163,217,54,0.10032362459546926,0.2488479262672811,0.1928124767546074,0.31188313401954865,sonnet46
20260933,0.25,selected,,False,0.0,0.0,,2163,0,0,0.0,,,,sonnet46
20260933,0.25,fixed,0.75,False,,,,2163,338,100,0.15626444752658344,0.2958579881656805,0.24769731883839438,0.34763772720291,sonnet46
20260934,0.1,selected,,False,0.0,0.0,,2163,0,0,0.0,,,,sonnet46
20260934,0.1,fixed,0.9,False,,,,2163,47,8,0.021729079981507166,0.1702127659574468,0.07646947801106857,0.30809127462581226,sonnet46
20260934,0.14285714285714285,selected,,False,0.0,0.0,,2163,0,0,0.0,,,,sonnet46
20260934,0.14285714285714285,fixed,0.8571428571428572,False,,,,2163,91,18,0.042071197411003236,0.1978021978021978,0.12164987777798857,0.29447699729174937,sonnet46
20260934,0.2,selected,,False,0.0,0.0,,2163,0,0,0.0,,,,sonnet46
20260934,0.2,fixed,0.8,False,,,,2163,212,48,0.09801202034211742,0.22641509433962265,0.17191027780490428,0.28874025773309514,sonnet46
20260934,0.25,selected,0.8571428571428571,True,78.0,7.0,0.24274794848190107,2163,91,18,0.042071197411003236,0.1978021978021978,0.12164987777798857,0.29447699729174937,sonnet46
20260934,0.25,fixed,0.75,False,,,,2163,311,85,0.1437817845584836,0.2733118971061093,0.22454300977760575,0.3264578131787047,sonnet46
20260935,0.1,selected,,False,0.0,0.0,,2163,0,0,0.0,,,,sonnet46
20260935,0.1,fixed,0.9,False,,,,2163,49,7,0.022653721682847898,0.14285714285714285,0.05942150569031297,0.27242151269559745,sonnet46
20260935,0.14285714285714285,selected,,False,0.0,0.0,,2163,0,0,0.0,,,,sonnet46
20260935,0.14285714285714285,fixed,0.8571428571428572,False,,,,2163,81,12,0.03744798890429958,0.14814814814814814,0.0789620081339392,0.24448893510714662,sonnet46
20260935,0.2,selected,,False,0.0,0.0,,2163,0,0,0.0,,,,sonnet46
20260935,0.2,fixed,0.8,False,,,,2163,221,44,0.10217290799815072,0.19909502262443438,0.14854775109090895,0.25790641461104846,sonnet46
20260935,0.25,selected,,False,0.0,0.0,,2163,0,0,0.0,,,,sonnet46
20260935,0.25,fixed,0.75,False,,,,2163,341,90,0.15765141007859454,0.26392961876832843,0.21791110481038636,0.31410135018756224,sonnet46
20260936,0.1,selected,,False,0.0,0.0,,2163,0,0,0.0,,,,sonnet46
20260936,0.1,fixed,0.9,False,,,,2163,49,3,0.022653721682847898,0.061224489795918366,0.012808421318278845,0.16865890070230113,sonnet46
20260936,0.14285714285714285,selected,,False,0.0,0.0,,2163,0,0,0.0,,,,sonnet46
20260936,0.14285714285714285,fixed,0.8571428571428572,False,,,,2163,91,9,0.042071197411003236,0.0989010989010989,0.046229859893912956,0.1794585301958546,sonnet46
20260936,0.2,selected,,False,0.0,0.0,,2163,0,0,0.0,,,,sonnet46
20260936,0.2,fixed,0.8,False,,,,2163,220,45,0.10171058714748035,0.20454545454545456,0.15328370029378816,0.26395505912076084,sonnet46
20260936,0.25,selected,,False,0.0,0.0,,2163,0,0,0.0,,,,sonnet46
20260936,0.25,fixed,0.75,False,,,,2163,340,94,0.15718908922792418,0.27647058823529413,0.22958965495437192,0.32729364909715547,sonnet46
20260937,0.1,selected,,False,0.0,0.0,,2163,0,0,0.0,,,,sonnet46
20260937,0.1,fixed,0.9,False,,,,2163,46,9,0.0212667591308368,0.1956521739130435,0.09357573442140868,0.33914759951099843,sonnet46
20260937,0.14285714285714285,selected,,False,0.0,0.0,,2163,0,0,0.0,,,,sonnet46
20260937,0.14285714285714285,fixed,0.8571428571428572,False,,,,2163,73,18,0.03374942209893666,0.2465753424657534,0.15315537682894872,0.36141429960587446,sonnet46
20260937,0.2,selected,,False,0.0,0.0,,2163,0,0,0.0,,,,sonnet46
20260937,0.2,fixed,0.8,False,,,,2163,218,54,0.10078594544613963,0.24770642201834864,0.1918985073772766,0.310513615328119,sonnet46
20260937,0.25,selected,0.8571428571428571,True,96.0,7.0,0.20054683694390546,2163,73,18,0.03374942209893666,0.2465753424657534,0.15315537682894872,0.36141429960587446,sonnet46
20260937,0.25,fixed,0.75,False,,,,2163,345,104,0.15950069348127602,0.30144927536231886,0.25346587314571484,0.3528795128472644,sonnet46
20260938,0.1,selected,,False,0.0,0.0,,2163,0,0,0.0,,,,sonnet46
20260938,0.1,fixed,0.9,False,,,,2163,47,7,0.021729079981507166,0.14893617021276595,0.06204411812199809,0.2830575342432974,sonnet46
20260938,0.14285714285714285,selected,,False,0.0,0.0,,2163,0,0,0.0,,,,sonnet46
20260938,0.14285714285714285,fixed,0.8571428571428572,False,,,,2163,78,11,0.036061026352288486,0.14102564102564102,0.07255753785560352,0.23833899066268613,sonnet46
20260938,0.2,selected,,False,0.0,0.0,,2163,0,0,0.0,,,,sonnet46
20260938,0.2,fixed,0.8,False,,,,2163,219,45,0.10124826629680998,0.2054794520547945,0.15400391192980667,0.2651141685498507,sonnet46
20260938,0.25,selected,,False,0.0,0.0,,2163,0,0,0.0,,,,sonnet46
20260938,0.25,fixed,0.75,False,,,,2163,348,93,0.1608876560332871,0.2672413793103448,0.22146606339563235,0.3170274635106041,sonnet46
20260939,0.1,selected,,False,0.0,0.0,,2163,0,0,0.0,,,,sonnet46
20260939,0.1,fixed,0.9,False,,,,2163,47,4,0.021729079981507166,0.0851063829787234,0.023677092103897728,0.2037926964125336,sonnet46
20260939,0.14285714285714285,selected,,False,0.0,0.0,,2163,0,0,0.0,,,,sonnet46
20260939,0.14285714285714285,fixed,0.8571428571428572,False,,,,2163,83,12,0.038372630605640314,0.14457831325301204,0.0769990170544987,0.2389338015568766,sonnet46
20260939,0.2,selected,,False,0.0,0.0,,2163,0,0,0.0,,,,sonnet46
20260939,0.2,fixed,0.8,False,,,,2163,235,54,0.10864539990753583,0.2297872340425532,0.1775902546781741,0.28893778514077595,sonnet46
20260939,0.25,selected,,False,0.0,0.0,,2163,0,0,0.0,,,,sonnet46
20260939,0.25,fixed,0.75,False,,,,2163,360,99,0.1664355062413315,0.275,0.2295038134397299,0.32424091686305634,sonnet46
20260940,0.1,selected,,False,0.0,0.0,,2163,0,0,0.0,,,,sonnet46
20260940,0.1,fixed,0.9,False,,,,2163,50,5,0.02311604253351826,0.1,0.03327509358902247,0.21813536643420225,sonnet46
20260940,0.14285714285714285,selected,,False,0.0,0.0,,2163,0,0,0.0,,,,sonnet46
20260940,0.14285714285714285,fixed,0.8571428571428572,False,,,,2163,90,11,0.04160887656033287,0.12222222222222222,0.06262060940084171,0.2081742046346001,sonnet46
20260940,0.2,selected,,False,0.0,0.0,,2163,0,0,0.0,,,,sonnet46
20260940,0.2,fixed,0.8,False,,,,2163,215,38,0.09939898289412853,0.17674418604651163,0.1282146127678142,0.234426109764552,sonnet46
20260940,0.25,selected,,False,0.0,0.0,,2163,0,0,0.0,,,,sonnet46
20260940,0.25,fixed,0.75,False,,,,2163,333,82,0.1539528432732316,0.24624624624624625,0.20091034807770589,0.29615941971348797,sonnet46
20260941,0.1,selected,,False,0.0,0.0,,2163,0,0,0.0,,,,sonnet46
20260941,0.1,fixed,0.9,False,,,,2163,52,5,0.024040684234858993,0.09615384615384616,0.03196423637692165,0.21029747193932533,sonnet46
20260941,0.14285714285714285,selected,,False,0.0,0.0,,2163,0,0,0.0,,,,sonnet46
20260941,0.14285714285714285,fixed,0.8571428571428572,False,,,,2163,96,13,0.044382801664355064,0.13541666666666666,0.07411955309502555,0.2204295889034942,sonnet46
20260941,0.2,selected,,False,0.0,0.0,,2163,0,0,0.0,,,,sonnet46
20260941,0.2,fixed,0.8,False,,,,2163,234,51,0.10818307905686546,0.21794871794871795,0.16679388535034712,0.27639986516282333,sonnet46
20260941,0.25,selected,,False,0.0,0.0,,2163,0,0,0.0,,,,sonnet46
20260941,0.25,fixed,0.75,False,,,,2163,363,99,0.1678224687933426,0.2727272727272727,0.22755264818443616,0.3216531001520259,sonnet46
20260942,0.1,selected,,False,0.0,0.0,,2163,0,0,0.0,,,,sonnet46
20260942,0.1,fixed,0.9,False,,,,2163,53,8,0.024503005085529356,0.1509433962264151,0.06749253811596384,0.2759211788547169,sonnet46
20260942,0.14285714285714285,selected,,False,0.0,0.0,,2163,0,0,0.0,,,,sonnet46
20260942,0.14285714285714285,fixed,0.8571428571428572,False,,,,2163,85,12,0.039297272306981046,0.1411764705882353,0.07513134654649183,0.2336246188550202,sonnet46
20260942,0.2,selected,,False,0.0,0.0,,2163,0,0,0.0,,,,sonnet46
20260942,0.2,fixed,0.8,False,,,,2163,236,52,0.1091077207582062,0.22033898305084745,0.16915644397665383,0.27869226456451573,sonnet46
20260942,0.25,selected,,False,0.0,0.0,,2163,0,0,0.0,,,,sonnet46
20260942,0.25,fixed,0.75,False,,,,2163,344,91,0.15903837263060563,0.26453488372093026,0.21867390141403864,0.3145016579033188,sonnet46
20260943,0.1,selected,,False,0.0,0.0,,2163,0,0,0.0,,,,sonnet46
20260943,0.1,fixed,0.9,False,,,,2163,58,8,0.026814609338881183,0.13793103448275862,0.06147966296573545,0.2538097552764781,sonnet46
20260943,0.14285714285714285,selected,,False,0.0,0.0,,2163,0,0,0.0,,,,sonnet46
20260943,0.14285714285714285,fixed,0.8571428571428572,False,,,,2163,88,12,0.04068423485899214,0.13636363636363635,0.0724938996271756,0.22608755366085753,sonnet46
20260943,0.2,selected,,False,0.0,0.0,,2163,0,0,0.0,,,,sonnet46
20260943,0.2,fixed,0.8,False,,,,2163,224,44,0.10355987055016182,0.19642857142857142,0.1465029261104003,0.2545799380368182,sonnet46
20260943,0.25,selected,,False,0.0,0.0,,2163,0,0,0.0,,,,sonnet46
20260943,0.25,fixed,0.75,False,,,,2163,351,88,0.1622746185852982,0.25071225071225073,0.20621614685604825,0.2994700521437481,sonnet46
20260944,0.1,selected,,False,0.0,0.0,,2163,0,0,0.0,,,,sonnet46
20260944,0.1,fixed,0.9,False,,,,2163,44,5,0.02034211742949607,0.11363636363636363,0.03794371293927479,0.24557677631553135,sonnet46
20260944,0.14285714285714285,selected,,False,0.0,0.0,,2163,0,0,0.0,,,,sonnet46
20260944,0.14285714285714285,fixed,0.8571428571428572,False,,,,2163,80,9,0.03698566805362922,0.1125,0.05275151314568754,0.20284659191699014,sonnet46
20260944,0.2,selected,,False,0.0,0.0,,2163,0,0,0.0,,,,sonnet46
20260944,0.2,fixed,0.8,False,,,,2163,222,40,0.10263522884882108,0.18018018018018017,0.13195355509438075,0.23716731112040415,sonnet46
20260944,0.25,selected,,False,0.0,0.0,,2163,0,0,0.0,,,,sonnet46
20260944,0.25,fixed,0.75,False,,,,2163,365,93,0.1687471104946833,0.2547945205479452,0.2108695783297796,0.302747417494945,sonnet46
20260945,0.1,selected,,False,0.0,0.0,,2163,0,0,0.0,,,,sonnet46
20260945,0.1,fixed,0.9,False,,,,2163,48,6,0.022191400832177532,0.125,0.04728376042117952,0.2524605086419528,sonnet46
20260945,0.14285714285714285,selected,,False,0.0,0.0,,2163,0,0,0.0,,,,sonnet46
20260945,0.14285714285714285,fixed,0.8571428571428572,False,,,,2163,79,9,0.036523347202958856,0.11392405063291139,0.05343687230155916,0.205277848127638,sonnet46
20260945,0.2,selected,,False,0.0,0.0,,2163,0,0,0.0,,,,sonnet46
20260945,0.2,fixed,0.8,False,,,,2163,221,46,0.10217290799815072,0.2081447963800905,0.15660294611445638,0.2676955533614785,sonnet46
20260945,0.25,selected,,False,0.0,0.0,,2163,0,0,0.0,,,,sonnet46
20260945,0.25,fixed,0.75,False,,,,2163,344,94,0.15903837263060563,0.27325581395348836,0.2268413787928301,0.3236224381182624,sonnet46
20260946,0.1,selected,,False,0.0,0.0,,2163,0,0,0.0,,,,sonnet46
20260946,0.1,fixed,0.9,False,,,,2163,56,7,0.025889967637540454,0.125,0.051764504879200396,0.24073257965206885,sonnet46
20260946,0.14285714285714285,selected,,False,0.0,0.0,,2163,0,0,0.0,,,,sonnet46
20260946,0.14285714285714285,fixed,0.8571428571428572,False,,,,2163,89,13,0.041146555709662504,0.14606741573033707,0.0801310169341979,0.23682024363591436,sonnet46
20260946,0.2,selected,,False,0.0,0.0,,2163,0,0,0.0,,,,sonnet46
20260946,0.2,fixed,0.8,False,,,,2163,222,48,0.10263522884882108,0.21621621621621623,0.16393422892316467,0.2762445598110499,sonnet46
20260946,0.25,selected,,False,0.0,0.0,,2163,0,0,0.0,,,,sonnet46
20260946,0.25,fixed,0.75,False,,,,2163,343,96,0.15857605177993528,0.27988338192419826,0.2329965408143918,0.3306171701475195,sonnet46
20260947,0.1,selected,,False,0.0,0.0,,2163,0,0,0.0,,,,sonnet46
20260947,0.1,fixed,0.9,False,,,,2163,38,2,0.01756819232547388,0.05263157894736842,0.006438716715091909,0.17749059034764078,sonnet46
20260947,0.14285714285714285,selected,,False,0.0,0.0,,2163,0,0,0.0,,,,sonnet46
20260947,0.14285714285714285,fixed,0.8571428571428572,False,,,,2163,78,12,0.036061026352288486,0.15384615384615385,0.08210183828695895,0.2533213341036672,sonnet46
20260947,0.2,selected,,False,0.0,0.0,,2163,0,0,0.0,,,,sonnet46
20260947,0.2,fixed,0.8,False,,,,2163,216,49,0.09986130374479889,0.22685185185185186,0.17278927603343514,0.2885748803932019,sonnet46
20260947,0.25,selected,,False,0.0,0.0,,2163,0,0,0.0,,,,sonnet46
20260947,0.25,fixed,0.75,False,,,,2163,327,88,0.15117891816920942,0.2691131498470948,0.2217990132826422,0.320664861395346,sonnet46
20260948,0.1,selected,,False,0.0,0.0,,2163,0,0,0.0,,,,sonnet46
20260948,0.1,fixed,0.9,False,,,,2163,46,4,0.0212667591308368,0.08695652173913043,0.024203070802934584,0.2079173248839477,sonnet46
20260948,0.14285714285714285,selected,,False,0.0,0.0,,2163,0,0,0.0,,,,sonnet46
20260948,0.14285714285714285,fixed,0.8571428571428572,False,,,,2163,87,11,0.04022191400832178,0.12643678160919541,0.06484043395710111,0.21497840027825463,sonnet46
20260948,0.2,selected,,False,0.0,0.0,,2163,0,0,0.0,,,,sonnet46
20260948,0.2,fixed,0.8,False,,,,2163,235,48,0.10864539990753583,0.20425531914893616,0.15461049462669332,0.26152632596365316,sonnet46
20260948,0.25,selected,,False,0.0,0.0,,2163,0,0,0.0,,,,sonnet46
20260948,0.25,fixed,0.75,False,,,,2163,350,92,0.16181229773462782,0.26285714285714284,0.21749072717726278,0.31228699175407554,sonnet46
20260949,0.1,selected,,False,0.0,0.0,,2163,0,0,0.0,,,,sonnet46
20260949,0.1,fixed,0.9,False,,,,2163,42,6,0.019417475728155338,0.14285714285714285,0.05428385837876481,0.28539384191327116,sonnet46
20260949,0.14285714285714285,selected,,False,0.0,0.0,,2163,0,0,0.0,,,,sonnet46
20260949,0.14285714285714285,fixed,0.8571428571428572,False,,,,2163,78,11,0.036061026352288486,0.14102564102564102,0.07255753785560352,0.23833899066268613,sonnet46
20260949,0.2,selected,,False,0.0,0.0,,2163,0,0,0.0,,,,sonnet46
20260949,0.2,fixed,0.8,False,,,,2163,205,47,0.09477577438742488,0.22926829268292684,0.17358702761833192,0.2929556634976684,sonnet46
20260949,0.25,selected,,False,0.0,0.0,,2163,0,0,0.0,,,,sonnet46
20260949,0.25,fixed,0.75,False,,,,2163,337,101,0.1558021266759131,0.2997032640949555,0.25125770244763623,0.3517099211512196,sonnet46
20260950,0.1,selected,,False,0.0,0.0,,2163,0,0,0.0,,,,sonnet46
20260950,0.1,fixed,0.9,False,,,,2163,56,7,0.025889967637540454,0.125,0.051764504879200396,0.24073257965206885,sonnet46
20260950,0.14285714285714285,selected,,False,0.0,0.0,,2163,0,0,0.0,,,,sonnet46
20260950,0.14285714285714285,fixed,0.8571428571428572,False,,,,2163,99,18,0.04576976421636616,0.18181818181818182,0.11146544740950745,0.2720442183788536,sonnet46
20260950,0.2,selected,,False,0.0,0.0,,2163,0,0,0.0,,,,sonnet46
20260950,0.2,fixed,0.8,False,,,,2163,237,53,0.10957004160887657,0.22362869198312235,0.17223007686796557,0.28208149716104386,sonnet46
20260950,0.25,selected,,False,0.0,0.0,,2163,0,0,0.0,,,,sonnet46
20260950,0.25,fixed,0.75,False,,,,2163,362,100,0.1673601479426722,0.27624309392265195,0.23079623774656477,0.32539293022950444,sonnet46
20260951,0.1,selected,,False,0.0,0.0,,2163,0,0,0.0,,,,sonnet46
20260951,0.1,fixed,0.9,False,,,,2163,57,7,0.026352288488210817,0.12280701754385964,0.050828940158567204,0.2367949993624274,sonnet46
20260951,0.14285714285714285,selected,,False,0.0,0.0,,2163,0,0,0.0,,,,sonnet46
20260951,0.14285714285714285,fixed,0.8571428571428572,False,,,,2163,99,15,0.04576976421636616,0.15151515151515152,0.0873548349089584,0.23756028158463746,sonnet46
20260951,0.2,selected,,False,0.0,0.0,,2163,0,0,0.0,,,,sonnet46
20260951,0.2,fixed,0.8,False,,,,2163,245,47,0.11326860841423948,0.19183673469387755,0.14449224305384314,0.2468062522234327,sonnet46
20260951,0.25,selected,,False,0.0,0.0,,2163,0,0,0.0,,,,sonnet46
20260951,0.25,fixed,0.75,False,,,,2163,369,93,0.17059639389736478,0.25203252032520324,0.20852230182282527,0.2995718027435675,sonnet46
20260952,0.1,selected,,False,0.0,0.0,,2163,0,0,0.0,,,,sonnet46
20260952,0.1,fixed,0.9,False,,,,2163,43,6,0.019879796578825704,0.13953488372093023,0.052976573866817166,0.27932480031414914,sonnet46
20260952,0.14285714285714285,selected,,False,0.0,0.0,,2163,0,0,0.0,,,,sonnet46
20260952,0.14285714285714285,fixed,0.8571428571428572,False,,,,2163,82,10,0.03791030975496995,0.12195121951219512,0.06005801300595538,0.21285882683135973,sonnet46
20260952,0.2,selected,,False,0.0,0.0,,2163,0,0,0.0,,,,sonnet46
20260952,0.2,fixed,0.8,False,,,,2163,223,48,0.10309754969949145,0.21524663677130046,0.16317721181870296,0.27505401940342855,sonnet46
20260952,0.25,selected,,False,0.0,0.0,,2163,0,0,0.0,,,,sonnet46
20260952,0.25,fixed,0.75,False,,,,2163,354,97,0.1636615811373093,0.2740112994350282,0.228198418062431,0.3236502052044405,sonnet46
20260953,0.1,selected,,False,0.0,0.0,,2163,0,0,0.0,,,,sonnet46
20260953,0.1,fixed,0.9,False,,,,2163,49,2,0.022653721682847898,0.04081632653061224,0.0049818418349712994,0.1397871870224638,sonnet46
20260953,0.14285714285714285,selected,,False,0.0,0.0,,2163,0,0,0.0,,,,sonnet46
20260953,0.14285714285714285,fixed,0.8571428571428572,False,,,,2163,86,8,0.03975959315765141,0.09302325581395349,0.04102185927381871,0.17508921402968255,sonnet46
20260953,0.2,selected,,False,0.0,0.0,,2163,0,0,0.0,,,,sonnet46
20260953,0.2,fixed,0.8,False,,,,2163,233,49,0.1077207582061951,0.21030042918454936,0.15981844605476428,0.26831404992860436,sonnet46
20260953,0.25,selected,,False,0.0,0.0,,2163,0,0,0.0,,,,sonnet46
20260953,0.25,fixed,0.75,False,,,,2163,351,94,0.1622746185852982,0.2678062678062678,0.222187323067087,0.31739144886147225,sonnet46
20260954,0.1,selected,,False,0.0,0.0,,2163,0,0,0.0,,,,sonnet46
20260954,0.1,fixed,0.9,False,,,,2163,47,8,0.021729079981507166,0.1702127659574468,0.07646947801106857,0.30809127462581226,sonnet46
20260954,0.14285714285714285,selected,,False,0.0,0.0,,2163,0,0,0.0,,,,sonnet46
20260954,0.14285714285714285,fixed,0.8571428571428572,False,,,,2163,82,11,0.03791030975496995,0.13414634146341464,0.06891214514776967,0.22736062472321755,sonnet46
20260954,0.2,selected,,False,0.0,0.0,,2163,0,0,0.0,,,,sonnet46
20260954,0.2,fixed,0.8,False,,,,2163,220,44,0.10171058714748035,0.2,0.14924212215791133,0.25903458558177134,sonnet46
20260954,0.25,selected,,False,0.0,0.0,,2163,0,0,0.0,,,,sonnet46
20260954,0.25,fixed,0.75,False,,,,2163,338,94,0.15626444752658344,0.2781065088757396,0.23098898009780292,0.3291605395719622,sonnet46
20260955,0.1,selected,,False,0.0,0.0,,2163,0,0,0.0,,,,sonnet46
20260955,0.1,fixed,0.9,False,,,,2163,46,9,0.0212667591308368,0.1956521739130435,0.09357573442140868,0.33914759951099843,sonnet46
20260955,0.14285714285714285,selected,,False,0.0,0.0,,2163,0,0,0.0,,,,sonnet46
20260955,0.14285714285714285,fixed,0.8571428571428572,False,,,,2163,86,15,0.03975959315765141,0.1744186046511628,0.10103762171340079,0.27130919384326213,sonnet46
20260955,0.2,selected,,False,0.0,0.0,,2163,0,0,0.0,,,,sonnet46
20260955,0.2,fixed,0.8,False,,,,2163,217,51,0.10032362459546926,0.2350230414746544,0.18027841932033892,0.29715963895304703,sonnet46
20260955,0.25,selected,,False,0.0,0.0,,2163,0,0,0.0,,,,sonnet46
20260955,0.25,fixed,0.75,False,,,,2163,335,98,0.15487748497457235,0.29253731343283584,0.24435403121008062,0.34443240385385415,sonnet46
20260956,0.1,selected,,False,0.0,0.0,,2163,0,0,0.0,,,,sonnet46
20260956,0.1,fixed,0.9,False,,,,2163,44,3,0.02034211742949607,0.06818181818181818,0.014287668426975389,0.18656201007202233,sonnet46
20260956,0.14285714285714285,selected,,False,0.0,0.0,,2163,0,0,0.0,,,,sonnet46
20260956,0.14285714285714285,fixed,0.8571428571428572,False,,,,2163,81,8,0.03744798890429958,0.09876543209876543,0.0436129272920858,0.18536405009631235,sonnet46
20260956,0.2,selected,,False,0.0,0.0,,2163,0,0,0.0,,,,sonnet46
20260956,0.2,fixed,0.8,False,,,,2163,225,42,0.10402219140083217,0.18666666666666668,0.13796949634479982,0.24382400546140892,sonnet46
20260956,0.25,selected,,False,0.0,0.0,,2163,0,0,0.0,,,,sonnet46
20260956,0.25,fixed,0.75,False,,,,2163,343,86,0.15857605177993528,0.25072886297376096,0.20572818209971888,0.30009186516519787,sonnet46
20260957,0.1,selected,,False,0.0,0.0,,2163,0,0,0.0,,,,sonnet46
20260957,0.1,fixed,0.9,False,,,,2163,49,7,0.022653721682847898,0.14285714285714285,0.05942150569031297,0.27242151269559745,sonnet46
20260957,0.14285714285714285,selected,,False,0.0,0.0,,2163,0,0,0.0,,,,sonnet46
20260957,0.14285714285714285,fixed,0.8571428571428572,False,,,,2163,87,15,0.04022191400832178,0.1724137931034483,0.09983452459943042,0.2683779077093829,sonnet46
20260957,0.2,selected,,False,0.0,0.0,,2163,0,0,0.0,,,,sonnet46
20260957,0.2,fixed,0.8,False,,,,2163,216,51,0.09986130374479889,0.2361111111111111,0.1811399910876742,0.298477961356406,sonnet46
20260957,0.25,selected,,False,0.0,0.0,,2163,0,0,0.0,,,,sonnet46
20260957,0.25,fixed,0.75,False,,,,2163,346,104,0.15996301433194637,0.30057803468208094,0.2527101798156524,0.35189780667793713,sonnet46
20260958,0.1,selected,,False,0.0,0.0,,2163,0,0,0.0,,,,sonnet46
20260958,0.1,fixed,0.9,False,,,,2163,46,2,0.0212667591308368,0.043478260869565216,0.005309482849429967,0.14838677592011587,sonnet46
20260958,0.14285714285714285,selected,,False,0.0,0.0,,2163,0,0,0.0,,,,sonnet46
20260958,0.14285714285714285,fixed,0.8571428571428572,False,,,,2163,84,8,0.038834951456310676,0.09523809523809523,0.04202042654282605,0.1790596532827076,sonnet46
20260958,0.2,selected,,False,0.0,0.0,,2163,0,0,0.0,,,,sonnet46
20260958,0.2,fixed,0.8,False,,,,2163,237,50,0.10957004160887657,0.2109704641350211,0.16082899392831598,0.26849664207010815,sonnet46
20260958,0.25,selected,,False,0.0,0.0,,2163,0,0,0.0,,,,sonnet46
20260958,0.25,fixed,0.75,False,,,,2163,367,96,0.16967175219602404,0.2615803814713896,0.21733576625958964,0.3097185804138998,sonnet46
20260959,0.1,selected,,False,0.0,0.0,,2163,0,0,0.0,,,,sonnet46
20260959,0.1,fixed,0.9,False,,,,2163,43,9,0.019879796578825704,0.20930232558139536,0.10044114667792947,0.3604247520941668,sonnet46
20260959,0.14285714285714285,selected,,False,0.0,0.0,,2163,0,0,0.0,,,,sonnet46
20260959,0.14285714285714285,fixed,0.8571428571428572,False,,,,2163,84,15,0.038834951456310676,0.17857142857142858,0.10353308810747712,0.27736716567807496,sonnet46
20260959,0.2,selected,,False,0.0,0.0,,2163,0,0,0.0,,,,sonnet46
20260959,0.2,fixed,0.8,False,,,,2163,217,41,0.10032362459546926,0.1889400921658986,0.13913068120045224,0.24746190451951233,sonnet46
20260959,0.25,selected,,False,0.0,0.0,,2163,0,0,0.0,,,,sonnet46
20260959,0.25,fixed,0.75,False,,,,2163,339,87,0.15672676837725383,0.25663716814159293,0.21097206983845246,0.3066109254668569,sonnet46
20260960,0.1,selected,,False,0.0,0.0,,2163,0,0,0.0,,,,sonnet46
20260960,0.1,fixed,0.9,False,,,,2163,51,8,0.023578363384188627,0.1568627450980392,0.07024083345730879,0.2858762867315592,sonnet46
20260960,0.14285714285714285,selected,,False,0.0,0.0,,2163,0,0,0.0,,,,sonnet46
20260960,0.14285714285714285,fixed,0.8571428571428572,False,,,,2163,84,15,0.038834951456310676,0.17857142857142858,0.10353308810747712,0.27736716567807496,sonnet46
20260960,0.2,selected,,False,0.0,0.0,,2163,0,0,0.0,,,,sonnet46
20260960,0.2,fixed,0.8,False,,,,2163,202,42,0.09338881183541378,0.2079207920792079,0.15415113005556014,0.2704742615249913,sonnet46
20260960,0.25,selected,,False,0.0,0.0,,2163,0,0,0.0,,,,sonnet46
20260960,0.25,fixed,0.75,False,,,,2163,322,86,0.1488673139158576,0.2670807453416149,0.21954286139395823,0.3189612979509196,sonnet46
20260961,0.1,selected,,False,0.0,0.0,,2163,0,0,0.0,,,,sonnet46
20260961,0.1,fixed,0.9,False,,,,2163,48,6,0.022191400832177532,0.125,0.04728376042117952,0.2524605086419528,sonnet46
20260961,0.14285714285714285,selected,,False,0.0,0.0,,2163,0,0,0.0,,,,sonnet46
20260961,0.14285714285714285,fixed,0.8571428571428572,False,,,,2163,90,15,0.04160887656033287,0.16666666666666666,0.09639142758918184,0.2599505536084196,sonnet46
20260961,0.2,selected,,False,0.0,0.0,,2163,0,0,0.0,,,,sonnet46
20260961,0.2,fixed,0.8,False,,,,2163,228,52,0.10540915395284327,0.22807017543859648,0.17527397238224054,0.28808370112523235,sonnet46
20260961,0.25,selected,,False,0.0,0.0,,2163,0,0,0.0,,,,sonnet46
20260961,0.25,fixed,0.75,False,,,,2163,360,97,0.1664355062413315,0.26944444444444443,0.22428645591099855,0.318440532754479,sonnet46
20260962,0.1,selected,,False,0.0,0.0,,2163,0,0,0.0,,,,sonnet46
20260962,0.1,fixed,0.9,False,,,,2163,41,7,0.018955154877484975,0.17073170731707318,0.0715152881522945,0.3205608794489096,sonnet46
20260962,0.14285714285714285,selected,,False,0.0,0.0,,2163,0,0,0.0,,,,sonnet46
20260962,0.14285714285714285,fixed,0.8571428571428572,False,,,,2163,74,13,0.03421174294960703,0.17567567567567569,0.09699276945158891,0.28165670107764,sonnet46
20260962,0.2,selected,,False,0.0,0.0,,2163,0,0,0.0,,,,sonnet46
20260962,0.2,fixed,0.8,False,,,,2163,222,50,0.10263522884882108,0.22522522522522523,0.17202948607913163,0.2859160368812028,sonnet46
20260962,0.25,selected,,False,0.0,0.0,,2163,0,0,0.0,,,,sonnet46
20260962,0.25,fixed,0.75,False,,,,2163,346,98,0.15996301433194637,0.2832369942196532,0.2363505797288679,0.3338779154812644,sonnet46
20260963,0.1,selected,,False,0.0,0.0,,2163,0,0,0.0,,,,sonnet46
20260963,0.1,fixed,0.9,False,,,,2163,41,8,0.018955154877484975,0.1951219512195122,0.08820610166285123,0.34866546745137966,sonnet46
20260963,0.14285714285714285,selected,,False,0.0,0.0,,2163,0,0,0.0,,,,sonnet46
20260963,0.14285714285714285,fixed,0.8571428571428572,False,,,,2163,77,15,0.03559870550161812,0.19480519480519481,0.113331729193535,0.3008671469477934,sonnet46
20260963,0.2,selected,,False,0.0,0.0,,2163,0,0,0.0,,,,sonnet46
20260963,0.2,fixed,0.8,False,,,,2163,213,52,0.09847434119278779,0.24413145539906103,0.18802651186492733,0.30750610533244255,sonnet46
20260963,0.25,selected,,False,0.0,0.0,,2163,0,0,0.0,,,,sonnet46
20260963,0.25,fixed,0.75,False,,,,2163,335,99,0.15487748497457235,0.2955223880597015,0.24716882227759082,0.3475339491874271,sonnet46
20260964,0.1,selected,,False,0.0,0.0,,2163,0,0,0.0,,,,sonnet46
20260964,0.1,fixed,0.9,False,,,,2163,51,5,0.023578363384188627,0.09803921568627451,0.03260648955189093,0.21414498254568093,sonnet46
20260964,0.14285714285714285,selected,,False,0.0,0.0,,2163,0,0,0.0,,,,sonnet46
20260964,0.14285714285714285,fixed,0.8571428571428572,False,,,,2163,90,13,0.04160887656033287,0.14444444444444443,0.07921316249743608,0.23433156234070568,sonnet46
20260964,0.2,selected,,False,0.0,0.0,,2163,0,0,0.0,,,,sonnet46
20260964,0.2,fixed,0.8,False,,,,2163,220,50,0.10171058714748035,0.22727272727272727,0.1736420849093523,0.2884102596880829,sonnet46
20260964,0.25,selected,,False,0.0,0.0,,2163,0,0,0.0,,,,sonnet46
20260964,0.25,fixed,0.75,False,,,,2163,347,102,0.16042533518261673,0.29394812680115273,0.24651306359825706,0.344940284863559,sonnet46
20260965,0.1,selected,,False,0.0,0.0,,2163,0,0,0.0,,,,sonnet46
20260965,0.1,fixed,0.9,False,,,,2163,46,8,0.0212667591308368,0.17391304347826086,0.07820342380635298,0.31419065007529945,sonnet46
20260965,0.14285714285714285,selected,,False,0.0,0.0,,2163,0,0,0.0,,,,sonnet46
20260965,0.14285714285714285,fixed,0.8571428571428572,False,,,,2163,85,16,0.039297272306981046,0.18823529411764706,0.11159509712119586,0.2876061249687529,sonnet46
20260965,0.2,selected,,False,0.0,0.0,,2163,0,0,0.0,,,,sonnet46
20260965,0.2,fixed,0.8,False,,,,2163,221,46,0.10217290799815072,0.2081447963800905,0.15660294611445638,0.2676955533614785,sonnet46
20260965,0.25,selected,,False,0.0,0.0,,2163,0,0,0.0,,,,sonnet46
20260965,0.25,fixed,0.75,False,,,,2163,348,92,0.1608876560332871,0.26436781609195403,0.21877634836866092,0.314020097551115,sonnet46
20260966,0.1,selected,,False,0.0,0.0,,2163,0,0,0.0,,,,sonnet46
20260966,0.1,fixed,0.9,False,,,,2163,44,7,0.02034211742949607,0.1590909090909091,0.0664434612028956,0.3006532137716878,sonnet46
20260966,0.14285714285714285,selected,,False,0.0,0.0,,2163,0,0,0.0,,,,sonnet46
20260966,0.14285714285714285,fixed,0.8571428571428572,False,,,,2163,79,13,0.036523347202958856,0.16455696202531644,0.09063444194523965,0.26494512304560686,sonnet46
20260966,0.2,selected,,False,0.0,0.0,,2163,0,0,0.0,,,,sonnet46
20260966,0.2,fixed,0.8,False,,,,2163,235,54,0.10864539990753583,0.2297872340425532,0.1775902546781741,0.28893778514077595,sonnet46
20260966,0.25,selected,,False,0.0,0.0,,2163,0,0,0.0,,,,sonnet46
20260966,0.25,fixed,0.75,False,,,,2163,350,98,0.16181229773462782,0.28,0.23356901513333053,0.3301978731651017,sonnet46
20260967,0.1,selected,,False,0.0,0.0,,2163,0,0,0.0,,,,sonnet46
20260967,0.1,fixed,0.9,False,,,,2163,38,3,0.01756819232547388,0.07894736842105263,0.016586475864529524,0.21377329118061816,sonnet46
20260967,0.14285714285714285,selected,,False,0.0,0.0,,2163,0,0,0.0,,,,sonnet46
20260967,0.14285714285714285,fixed,0.8571428571428572,False,,,,2163,77,9,0.03559870550161812,0.11688311688311688,0.05486247681175015,0.21031896808670633,sonnet46
20260967,0.2,selected,,False,0.0,0.0,,2163,0,0,0.0,,,,sonnet46
20260967,0.2,fixed,0.8,False,,,,2163,229,45,0.10587147480351364,0.1965065502183406,0.14709309342253868,0.2539606650223742,sonnet46
20260967,0.25,selected,,False,0.0,0.0,,2163,0,0,0.0,,,,sonnet46
20260967,0.25,fixed,0.75,False,,,,2163,353,96,0.16319926028663892,0.2719546742209632,0.22620430641593342,0.32157732166988784,sonnet46
20260968,0.1,selected,,False,0.0,0.0,,2163,0,0,0.0,,,,sonnet46
20260968,0.1,fixed,0.9,False,,,,2163,53,8,0.024503005085529356,0.1509433962264151,0.06749253811596384,0.2759211788547169,sonnet46
20260968,0.14285714285714285,selected,,False,0.0,0.0,,2163,0,0,0.0,,,,sonnet46
20260968,0.14285714285714285,fixed,0.8571428571428572,False,,,,2163,90,13,0.04160887656033287,0.14444444444444443,0.07921316249743608,0.23433156234070568,sonnet46
20260968,0.2,selected,,False,0.0,0.0,,2163,0,0,0.0,,,,sonnet46
20260968,0.2,fixed,0.8,False,,,,2163,232,46,0.10725843735552473,0.19827586206896552,0.14897244657627756,0.25546644529648044,sonnet46
20260968,0.25,selected,,False,0.0,0.0,,2163,0,0,0.0,,,,sonnet46
20260968,0.25,fixed,0.75,False,,,,2163,342,88,0.15811373092926492,0.2573099415204678,0.2117956278784136,0.3070826064601964,sonnet46
20260969,0.1,selected,,False,0.0,0.0,,2163,0,0,0.0,,,,sonnet46
20260969,0.1,fixed,0.9,False,,,,2163,43,7,0.019879796578825704,0.16279069767441862,0.06805209446146919,0.30701087236490987,sonnet46
20260969,0.14285714285714285,selected,,False,0.0,0.0,,2163,0,0,0.0,,,,sonnet46
20260969,0.14285714285714285,fixed,0.8571428571428572,False,,,,2163,80,14,0.03698566805362922,0.175,0.09911050983942865,0.27615403952101353,sonnet46
20260969,0.2,selected,,False,0.0,0.0,,2163,0,0,0.0,,,,sonnet46
20260969,0.2,fixed,0.8,False,,,,2163,238,57,0.11003236245954692,0.23949579831932774,0.18672737167828896,0.2988775789548693,sonnet46
20260969,0.25,selected,,False,0.0,0.0,,2163,0,0,0.0,,,,sonnet46
20260969,0.25,fixed,0.75,False,,,,2163,349,98,0.16134997688395747,0.2808022922636103,0.234258234708116,0.3311102886846157,sonnet46
20260970,0.1,selected,,False,0.0,0.0,,2163,0,0,0.0,,,,sonnet46
20260970,0.1,fixed,0.9,False,,,,2163,49,4,0.022653721682847898,0.08163265306122448,0.02269088064307327,0.19601418347889,sonnet46
20260970,0.14285714285714285,selected,,False,0.0,0.0,,2163,0,0,0.0,,,,sonnet46
20260970,0.14285714285714285,fixed,0.8571428571428572,False,,,,2163,83,11,0.038372630605640314,0.13253012048192772,0.06805736753793111,0.2247717400643409,sonnet46
20260970,0.2,selected,,False,0.0,0.0,,2163,0,0,0.0,,,,sonnet46
20260970,0.2,fixed,0.8,False,,,,2163,218,46,0.10078594544613963,0.21100917431192662,0.15882180108477345,0.27123598767798074,sonnet46
20260970,0.25,selected,,False,0.0,0.0,,2163,0,0,0.0,,,,sonnet46
20260970,0.25,fixed,0.75,False,,,,2163,339,87,0.15672676837725383,0.25663716814159293,0.21097206983845246,0.3066109254668569,sonnet46
20260971,0.1,selected,,False,0.0,0.0,,2163,0,0,0.0,,,,sonnet46
20260971,0.1,fixed,0.9,False,,,,2163,48,6,0.022191400832177532,0.125,0.04728376042117952,0.2524605086419528,sonnet46
20260971,0.14285714285714285,selected,,False,0.0,0.0,,2163,0,0,0.0,,,,sonnet46
20260971,0.14285714285714285,fixed,0.8571428571428572,False,,,,2163,85,12,0.039297272306981046,0.1411764705882353,0.07513134654649183,0.2336246188550202,sonnet46
20260971,0.2,selected,,False,0.0,0.0,,2163,0,0,0.0,,,,sonnet46
20260971,0.2,fixed,0.8,False,,,,2163,232,50,0.10725843735552473,0.21551724137931033,0.16439656433180802,0.2740631644653549,sonnet46
20260971,0.25,selected,,False,0.0,0.0,,2163,0,0,0.0,,,,sonnet46
20260971,0.25,fixed,0.75,False,,,,2163,360,100,0.1664355062413315,0.2777777777777778,0.23211584766426466,0.3271377838135491,sonnet46
20260972,0.1,selected,,False,0.0,0.0,,2163,0,0,0.0,,,,sonnet46
20260972,0.1,fixed,0.9,False,,,,2163,42,7,0.019417475728155338,0.16666666666666666,0.06974066365567509,0.31364086688067117,sonnet46
20260972,0.14285714285714285,selected,,False,0.0,0.0,,2163,0,0,0.0,,,,sonnet46
20260972,0.14285714285714285,fixed,0.8571428571428572,False,,,,2163,79,15,0.036523347202958856,0.189873417721519,0.11034752443700825,0.29375845961872643,sonnet46
20260972,0.2,selected,,False,0.0,0.0,,2163,0,0,0.0,,,,sonnet46
20260972,0.2,fixed,0.8,False,,,,2163,227,53,0.10494683310217291,0.23348017621145375,0.18005460420082142,0.29400840917004667,sonnet46
20260972,0.25,selected,,False,0.0,0.0,,2163,0,0,0.0,,,,sonnet46
20260972,0.25,fixed,0.75,False,,,,2163,357,108,0.1650485436893204,0.3025210084033613,0.25528330406412153,0.3530699920397167,sonnet46
20260973,0.1,selected,,False,0.0,0.0,,2163,0,0,0.0,,,,sonnet46
20260973,0.1,fixed,0.9,False,,,,2163,53,7,0.024503005085529356,0.1320754716981132,0.054790101853181096,0.25336823286373644,sonnet46
20260973,0.14285714285714285,selected,,False,0.0,0.0,,2163,0,0,0.0,,,,sonnet46
20260973,0.14285714285714285,fixed,0.8571428571428572,False,,,,2163,99,12,0.04576976421636616,0.12121212121212122,0.06422779037888428,0.20216260313739945,sonnet46
20260973,0.2,selected,,False,0.0,0.0,,2163,0,0,0.0,,,,sonnet46
20260973,0.2,fixed,0.8,False,,,,2163,224,48,0.10355987055016182,0.21428571428571427,0.16242716577905655,0.2738736630714526,sonnet46
20260973,0.25,selected,,False,0.0,0.0,,2163,0,0,0.0,,,,sonnet46
20260973,0.25,fixed,0.75,False,,,,2163,328,91,0.1516412390198798,0.2774390243902439,0.22966392267428842,0.32928476033367393,sonnet46
20260974,0.1,selected,,False,0.0,0.0,,2163,0,0,0.0,,,,sonnet46
20260974,0.1,fixed,0.9,False,,,,2163,53,7,0.024503005085529356,0.1320754716981132,0.054790101853181096,0.25336823286373644,sonnet46
20260974,0.14285714285714285,selected,,False,0.0,0.0,,2163,0,0,0.0,,,,sonnet46
20260974,0.14285714285714285,fixed,0.8571428571428572,False,,,,2163,87,13,0.04022191400832178,0.14942528735632185,0.08203211894680172,0.2419590271137287,sonnet46
20260974,0.2,selected,,False,0.0,0.0,,2163,0,0,0.0,,,,sonnet46
20260974,0.2,fixed,0.8,False,,,,2163,227,55,0.10494683310217291,0.2422907488986784,0.18804858189659399,0.30339663650636733,sonnet46
20260974,0.25,selected,,False,0.0,0.0,,2163,0,0,0.0,,,,sonnet46
20260974,0.25,fixed,0.75,False,,,,2163,364,106,0.16828478964401294,0.29120879120879123,0.2450282208252737,0.340823423392513,sonnet46
20260975,0.1,selected,,False,0.0,0.0,,2163,0,0,0.0,,,,sonnet46
20260975,0.1,fixed,0.9,False,,,,2163,41,4,0.018955154877484975,0.0975609756097561,0.027227466798360835,0.2313145493094612,sonnet46
20260975,0.14285714285714285,selected,,False,0.0,0.0,,2163,0,0,0.0,,,,sonnet46
20260975,0.14285714285714285,fixed,0.8571428571428572,False,,,,2163,78,9,0.036061026352288486,0.11538461538461539,0.05414028572545803,0.2077679224062687,sonnet46
20260975,0.2,selected,,False,0.0,0.0,,2163,0,0,0.0,,,,sonnet46
20260975,0.2,fixed,0.8,False,,,,2163,217,45,0.10032362459546926,0.2073732718894009,0.1554648639326929,0.2674631006638379,sonnet46
20260975,0.25,selected,,False,0.0,0.0,,2163,0,0,0.0,,,,sonnet46
20260975,0.25,fixed,0.75,False,,,,2163,341,97,0.15765141007859454,0.2844574780058651,0.23716212090274497,0.33554155833681887,sonnet46
20260976,0.1,selected,,False,0.0,0.0,,2163,0,0,0.0,,,,sonnet46
20260976,0.1,fixed,0.9,False,,,,2163,54,5,0.024965325936199722,0.09259259259259259,0.03075278526752303,0.20300154718629004,sonnet46
20260976,0.14285714285714285,selected,,False,0.0,0.0,,2163,0,0,0.0,,,,sonnet46
20260976,0.14285714285714285,fixed,0.8571428571428572,False,,,,2163,88,12,0.04068423485899214,0.13636363636363635,0.0724938996271756,0.22608755366085753,sonnet46
20260976,0.2,selected,,False,0.0,0.0,,2163,0,0,0.0,,,,sonnet46
20260976,0.2,fixed,0.8,False,,,,2163,219,56,0.10124826629680998,0.2557077625570776,0.19931200459281054,0.31884598001152376,sonnet46
20260976,0.25,selected,,False,0.0,0.0,,2163,0,0,0.0,,,,sonnet46
20260976,0.25,fixed,0.75,False,,,,2163,343,107,0.15857605177993528,0.3119533527696793,0.26327743858236674,0.36391190886729446,sonnet46
20260977,0.1,selected,,False,0.0,0.0,,2163,0,0,0.0,,,,sonnet46
20260977,0.1,fixed,0.9,False,,,,2163,46,9,0.0212667591308368,0.1956521739130435,0.09357573442140868,0.33914759951099843,sonnet46
20260977,0.14285714285714285,selected,,False,0.0,0.0,,2163,0,0,0.0,,,,sonnet46
20260977,0.14285714285714285,fixed,0.8571428571428572,False,,,,2163,86,16,0.03975959315765141,0.18604651162790697,0.11024772886270931,0.28447154356376697,sonnet46
20260977,0.2,selected,,False,0.0,0.0,,2163,0,0,0.0,,,,sonnet46
20260977,0.2,fixed,0.8,False,,,,2163,225,52,0.10402219140083217,0.2311111111111111,0.17768391518432697,0.29177014649041977,sonnet46
20260977,0.25,selected,,False,0.0,0.0,,2163,0,0,0.0,,,,sonnet46
20260977,0.25,fixed,0.75,False,,,,2163,338,94,0.15626444752658344,0.2781065088757396,0.23098898009780292,0.3291605395719622,sonnet46
20260978,0.1,selected,,False,0.0,0.0,,2163,0,0,0.0,,,,sonnet46
20260978,0.1,fixed,0.9,False,,,,2163,46,6,0.0212667591308368,0.13043478260869565,0.049407346573710056,0.2625650161876269,sonnet46
20260978,0.14285714285714285,selected,,False,0.0,0.0,,2163,0,0,0.0,,,,sonnet46
20260978,0.14285714285714285,fixed,0.8571428571428572,False,,,,2163,79,8,0.036523347202958856,0.10126582278481013,0.044743424114658634,0.18981893800531272,sonnet46
20260978,0.2,selected,,False,0.0,0.0,,2163,0,0,0.0,,,,sonnet46
20260978,0.2,fixed,0.8,False,,,,2163,208,44,0.09616273693943597,0.21153846153846154,0.15811189163165293,0.27338245353366103,sonnet46
20260978,0.25,selected,,False,0.0,0.0,,2163,0,0,0.0,,,,sonnet46
20260978,0.25,fixed,0.75,False,,,,2163,333,92,0.1539528432732316,0.27627627627627627,0.22892668771312127,0.327655624833906,sonnet46
20260979,0.1,selected,,False,0.0,0.0,,2163,0,0,0.0,,,,sonnet46
20260979,0.1,fixed,0.9,False,,,,2163,47,6,0.021729079981507166,0.1276595744680851,0.04832221546162145,0.2574141767892446,sonnet46
20260979,0.14285714285714285,selected,,False,0.0,0.0,,2163,0,0,0.0,,,,sonnet46
20260979,0.14285714285714285,fixed,0.8571428571428572,False,,,,2163,83,11,0.038372630605640314,0.13253012048192772,0.06805736753793111,0.2247717400643409,sonnet46
20260979,0.2,selected,,False,0.0,0.0,,2163,0,0,0.0,,,,sonnet46
20260979,0.2,fixed,0.8,False,,,,2163,232,49,0.10725843735552473,0.21120689655172414,0.16052720278032195,0.2694270326756662,sonnet46
20260979,0.25,selected,,False,0.0,0.0,,2163,0,0,0.0,,,,sonnet46
20260979,0.25,fixed,0.75,False,,,,2163,346,89,0.15996301433194637,0.25722543352601157,0.21197462786332288,0.3066861094302138,sonnet46
20260980,0.1,selected,,False,0.0,0.0,,2163,0,0,0.0,,,,sonnet46
20260980,0.1,fixed,0.9,False,,,,2163,46,5,0.0212667591308368,0.10869565217391304,0.03624837189102243,0.23569670071747312,sonnet46
20260980,0.14285714285714285,selected,,False,0.0,0.0,,2163,0,0,0.0,,,,sonnet46
20260980,0.14285714285714285,fixed,0.8571428571428572,False,,,,2163,81,10,0.03744798890429958,0.12345679012345678,0.06082024925131718,0.21534469804755527,sonnet46
20260980,0.2,selected,,False,0.0,0.0,,2163,0,0,0.0,,,,sonnet46
20260980,0.2,fixed,0.8,False,,,,2163,224,38,0.10355987055016182,0.16964285714285715,0.12293391984960665,0.22532977753762015,sonnet46
20260980,0.25,selected,,False,0.0,0.0,,2163,0,0,0.0,,,,sonnet46
20260980,0.25,fixed,0.75,False,,,,2163,339,89,0.15672676837725383,0.26253687315634217,0.21647727640855396,0.31279948048791123,sonnet46
20260981,0.1,selected,,False,0.0,0.0,,2163,0,0,0.0,,,,sonnet46
20260981,0.1,fixed,0.9,False,,,,2163,42,3,0.019417475728155338,0.07142857142857142,0.01497969167071,0.19483119815649128,sonnet46
20260981,0.14285714285714285,selected,,False,0.0,0.0,,2163,0,0,0.0,,,,sonnet46
20260981,0.14285714285714285,fixed,0.8571428571428572,False,,,,2163,78,10,0.036061026352288486,0.1282051282051282,0.0632277341214987,0.22316214674524615,sonnet46
20260981,0.2,selected,,False,0.0,0.0,,2163,0,0,0.0,,,,sonnet46
20260981,0.2,fixed,0.8,False,,,,2163,216,44,0.09986130374479889,0.2037037037037037,0.15208585950779321,0.26364741940976816,sonnet46
20260981,0.25,selected,,False,0.0,0.0,,2163,0,0,0.0,,,,sonnet46
20260981,0.25,fixed,0.75,False,,,,2163,343,94,0.15857605177993528,0.27405247813411077,0.2275222460618788,0.3245325286032644,sonnet46
20260982,0.1,selected,,False,0.0,0.0,,2163,0,0,0.0,,,,sonnet46
20260982,0.1,fixed,0.9,False,,,,2163,50,5,0.02311604253351826,0.1,0.03327509358902247,0.21813536643420225,sonnet46
20260982,0.14285714285714285,selected,,False,0.0,0.0,,2163,0,0,0.0,,,,sonnet46
20260982,0.14285714285714285,fixed,0.8571428571428572,False,,,,2163,87,11,0.04022191400832178,0.12643678160919541,0.06484043395710111,0.21497840027825463,sonnet46
20260982,0.2,selected,,False,0.0,0.0,,2163,0,0,0.0,,,,sonnet46
20260982,0.2,fixed,0.8,False,,,,2163,228,47,0.10540915395284327,0.20614035087719298,0.1555724327363136,0.26452150994886875,sonnet46
20260982,0.25,selected,,False,0.0,0.0,,2163,0,0,0.0,,,,sonnet46
20260982,0.25,fixed,0.75,False,,,,2163,357,97,0.1650485436893204,0.27170868347338933,0.22622548719112553,0.32102431434451156,sonnet46
20260983,0.1,selected,,False,0.0,0.0,,2163,0,0,0.0,,,,sonnet46
20260983,0.1,fixed,0.9,False,,,,2163,41,4,0.018955154877484975,0.0975609756097561,0.027227466798360835,0.2313145493094612,sonnet46
20260983,0.14285714285714285,selected,,False,0.0,0.0,,2163,0,0,0.0,,,,sonnet46
20260983,0.14285714285714285,fixed,0.8571428571428572,False,,,,2163,80,11,0.03698566805362922,0.1375,0.07068783270387868,0.23272087082472567,sonnet46
20260983,0.2,selected,,False,0.0,0.0,,2163,0,0,0.0,,,,sonnet46
20260983,0.2,fixed,0.8,False,,,,2163,222,52,0.10263522884882108,0.23423423423423423,0.18016118827143549,0.2955517928258237,sonnet46
20260983,0.25,selected,,False,0.0,0.0,,2163,0,0,0.0,,,,sonnet46
20260983,0.25,fixed,0.75,False,,,,2163,342,101,0.15811373092926492,0.2953216374269006,0.24746919145514434,0.34675968817357705,sonnet46
20260984,0.1,selected,,False,0.0,0.0,,2163,0,0,0.0,,,,sonnet46
20260984,0.1,fixed,0.9,False,,,,2163,53,6,0.024503005085529356,0.11320754716981132,0.04269639493627369,0.23028991637086313,sonnet46
20260984,0.14285714285714285,selected,,False,0.0,0.0,,2163,0,0,0.0,,,,sonnet46
20260984,0.14285714285714285,fixed,0.8571428571428572,False,,,,2163,92,14,0.0425335182616736,0.15217391304347827,0.08576753870138788,0.24212308005386116,sonnet46
20260984,0.2,selected,,False,0.0,0.0,,2163,0,0,0.0,,,,sonnet46
20260984,0.2,fixed,0.8,False,,,,2163,236,45,0.1091077207582062,0.1906779661016949,0.1426137924851768,0.24669419776751214,sonnet46
20260984,0.25,selected,,False,0.0,0.0,,2163,0,0,0.0,,,,sonnet46
20260984,0.25,fixed,0.75,False,,,,2163,363,97,0.1678224687933426,0.26721763085399447,0.22238045573159326,0.3158978601405498,sonnet46
20260985,0.1,selected,,False,0.0,0.0,,2163,0,0,0.0,,,,sonnet46
20260985,0.1,fixed,0.9,False,,,,2163,41,7,0.018955154877484975,0.17073170731707318,0.0715152881522945,0.3205608794489096,sonnet46
20260985,0.14285714285714285,selected,,False,0.0,0.0,,2163,0,0,0.0,,,,sonnet46
20260985,0.14285714285714285,fixed,0.8571428571428572,False,,,,2163,75,11,0.03467406380027739,0.14666666666666667,0.07555540584264837,0.24729171444579945,sonnet46
20260985,0.2,selected,,False,0.0,0.0,,2163,0,0,0.0,,,,sonnet46
20260985,0.2,fixed,0.8,False,,,,2163,216,49,0.09986130374479889,0.22685185185185186,0.17278927603343514,0.2885748803932019,sonnet46
20260985,0.25,selected,,False,0.0,0.0,,2163,0,0,0.0,,,,sonnet46
20260985,0.25,fixed,0.75,False,,,,2163,341,97,0.15765141007859454,0.2844574780058651,0.23716212090274497,0.33554155833681887,sonnet46
20260986,0.1,selected,,False,0.0,0.0,,2163,0,0,0.0,,,,sonnet46
20260986,0.1,fixed,0.9,False,,,,2163,50,9,0.02311604253351826,0.18,0.08576207810966363,0.31436941128565027,sonnet46
20260986,0.14285714285714285,selected,,False,0.0,0.0,,2163,0,0,0.0,,,,sonnet46
20260986,0.14285714285714285,fixed,0.8571428571428572,False,,,,2163,84,12,0.038834951456310676,0.14285714285714285,0.07605370643259635,0.23624949427787717,sonnet46
20260986,0.2,selected,,False,0.0,0.0,,2163,0,0,0.0,,,,sonnet46
20260986,0.2,fixed,0.8,False,,,,2163,228,48,0.10540915395284327,0.21052631578947367,0.15949479793877322,0.2692515187229913,sonnet46
20260986,0.25,selected,,False,0.0,0.0,,2163,0,0,0.0,,,,sonnet46
20260986,0.25,fixed,0.75,False,,,,2163,361,102,0.16689782709200185,0.28254847645429365,0.23666963217204992,0.33203515003727085,sonnet46
20260987,0.1,selected,,False,0.0,0.0,,2163,0,0,0.0,,,,sonnet46
20260987,0.1,fixed,0.9,False,,,,2163,47,5,0.021729079981507166,0.10638297872340426,0.03545630080721555,0.23104762675098328,sonnet46
20260987,0.14285714285714285,selected,,False,0.0,0.0,,2163,0,0,0.0,,,,sonnet46
20260987,0.14285714285714285,fixed,0.8571428571428572,False,,,,2163,86,12,0.03975959315765141,0.13953488372093023,0.07423111083017232,0.2310572309670674,sonnet46
20260987,0.2,selected,,False,0.0,0.0,,2163,0,0,0.0,,,,sonnet46
20260987,0.2,fixed,0.8,False,,,,2163,216,38,0.09986130374479889,0.17592592592592593,0.12760554663857657,0.2333793869690785,sonnet46
20260987,0.25,selected,,False,0.0,0.0,,2163,0,0,0.0,,,,sonnet46
20260987,0.25,fixed,0.75,False,,,,2163,331,82,0.1530282015718909,0.24773413897280966,0.20215807037106662,0.2978881977179994,sonnet46
20260988,0.1,selected,,False,0.0,0.0,,2163,0,0,0.0,,,,sonnet46
20260988,0.1,fixed,0.9,False,,,,2163,50,7,0.02311604253351826,0.14,0.0581917003403721,0.2673960024970084,sonnet46
20260988,0.14285714285714285,selected,,False,0.0,0.0,,2163,0,0,0.0,,,,sonnet46
20260988,0.14285714285714285,fixed,0.8571428571428572,False,,,,2163,91,14,0.042071197411003236,0.15384615384615385,0.08674052457210973,0.24463656562486,sonnet46
20260988,0.2,selected,,False,0.0,0.0,,2163,0,0,0.0,,,,sonnet46
20260988,0.2,fixed,0.8,False,,,,2163,230,59,0.10633379565418401,0.2565217391304348,0.20137940562717066,0.31805708972422025,sonnet46
20260988,0.25,selected,,False,0.0,0.0,,2163,0,0,0.0,,,,sonnet46
20260988,0.25,fixed,0.75,False,,,,2163,357,106,0.1650485436893204,0.2969187675070028,0.24998055289321092,0.34726285698588816,sonnet46
20260989,0.1,selected,,False,0.0,0.0,,2163,0,0,0.0,,,,sonnet46
20260989,0.1,fixed,0.9,False,,,,2163,57,10,0.026352288488210817,0.17543859649122806,0.08747322881027376,0.2990576594568134,sonnet46
20260989,0.14285714285714285,selected,,False,0.0,0.0,,2163,0,0,0.0,,,,sonnet46
20260989,0.14285714285714285,fixed,0.8571428571428572,False,,,,2163,99,18,0.04576976421636616,0.18181818181818182,0.11146544740950745,0.2720442183788536,sonnet46
20260989,0.2,selected,,False,0.0,0.0,,2163,0,0,0.0,,,,sonnet46
20260989,0.2,fixed,0.8,False,,,,2163,252,55,0.11650485436893204,0.21825396825396826,0.16885659797287905,0.27441014703409733,sonnet46
20260989,0.25,selected,,False,0.0,0.0,,2163,0,0,0.0,,,,sonnet46
20260989,0.25,fixed,0.75,False,,,,2163,374,97,0.17290799815071659,0.25935828877005346,0.2156611295072388,0.3069110969396249,sonnet46
20260990,0.1,selected,,False,0.0,0.0,,2163,0,0,0.0,,,,sonnet46
20260990,0.1,fixed,0.9,False,,,,2163,42,6,0.019417475728155338,0.14285714285714285,0.05428385837876481,0.28539384191327116,sonnet46
20260990,0.14285714285714285,selected,,False,0.0,0.0,,2163,0,0,0.0,,,,sonnet46
20260990,0.14285714285714285,fixed,0.8571428571428572,False,,,,2163,80,12,0.03698566805362922,0.15,0.0799815613097138,0.2473641115928976,sonnet46
20260990,0.2,selected,,False,0.0,0.0,,2163,0,0,0.0,,,,sonnet46
20260990,0.2,fixed,0.8,False,,,,2163,222,45,0.10263522884882108,0.20270270270270271,0.15186332866316518,0.26166689236230173,sonnet46
20260990,0.25,selected,,False,0.0,0.0,,2163,0,0,0.0,,,,sonnet46
20260990,0.25,fixed,0.75,False,,,,2163,346,92,0.15996301433194637,0.2658959537572254,0.22007729323410133,0.31577247592803454,sonnet46
20260991,0.1,selected,,False,0.0,0.0,,2163,0,0,0.0,,,,sonnet46
20260991,0.1,fixed,0.9,False,,,,2163,49,6,0.022653721682847898,0.12244897959183673,0.046289031081895755,0.24769296835968285,sonnet46
20260991,0.14285714285714285,selected,,False,0.0,0.0,,2163,0,0,0.0,,,,sonnet46
20260991,0.14285714285714285,fixed,0.8571428571428572,False,,,,2163,77,7,0.03559870550161812,0.09090909090909091,0.037335894699944264,0.17837855664248323,sonnet46
20260991,0.2,selected,,False,0.0,0.0,,2163,0,0,0.0,,,,sonnet46
20260991,0.2,fixed,0.8,False,,,,2163,215,45,0.09939898289412853,0.20930232558139536,0.1569538451297829,0.26985389259475384,sonnet46
20260991,0.25,selected,,False,0.0,0.0,,2163,0,0,0.0,,,,sonnet46
20260991,0.25,fixed,0.75,False,,,,2163,343,96,0.15857605177993528,0.27988338192419826,0.2329965408143918,0.3306171701475195,sonnet46
20260992,0.1,selected,,False,0.0,0.0,,2163,0,0,0.0,,,,sonnet46
20260992,0.1,fixed,0.9,False,,,,2163,49,7,0.022653721682847898,0.14285714285714285,0.05942150569031297,0.27242151269559745,sonnet46
20260992,0.14285714285714285,selected,,False,0.0,0.0,,2163,0,0,0.0,,,,sonnet46
20260992,0.14285714285714285,fixed,0.8571428571428572,False,,,,2163,88,12,0.04068423485899214,0.13636363636363635,0.0724938996271756,0.22608755366085753,sonnet46
20260992,0.2,selected,,False,0.0,0.0,,2163,0,0,0.0,,,,sonnet46
20260992,0.2,fixed,0.8,False,,,,2163,246,47,0.11373092926490985,0.1910569105691057,0.14388947721602718,0.24583759373628164,sonnet46
20260992,0.25,selected,,False,0.0,0.0,,2163,0,0,0.0,,,,sonnet46
20260992,0.25,fixed,0.75,False,,,,2163,371,98,0.1715210355987055,0.2641509433962264,0.21997966330533925,0.3121312565515705,sonnet46
20260993,0.1,selected,,False,0.0,0.0,,2163,0,0,0.0,,,,sonnet46
20260993,0.1,fixed,0.9,False,,,,2163,45,7,0.020804438280166437,0.15555555555555556,0.0649092120083776,0.2945516010980533,sonnet46
20260993,0.14285714285714285,selected,,False,0.0,0.0,,2163,0,0,0.0,,,,sonnet46
20260993,0.14285714285714285,fixed,0.8571428571428572,False,,,,2163,90,15,0.04160887656033287,0.16666666666666666,0.09639142758918184,0.2599505536084196,sonnet46
20260993,0.2,selected,,False,0.0,0.0,,2163,0,0,0.0,,,,sonnet46
20260993,0.2,fixed,0.8,False,,,,2163,228,48,0.10540915395284327,0.21052631578947367,0.15949479793877322,0.2692515187229913,sonnet46
20260993,0.25,selected,,False,0.0,0.0,,2163,0,0,0.0,,,,sonnet46
20260993,0.25,fixed,0.75,False,,,,2163,344,89,0.15903837263060563,0.25872093023255816,0.21324183072974454,0.3084083527454159,sonnet46
20260994,0.1,selected,,False,0.0,0.0,,2163,0,0,0.0,,,,sonnet46
20260994,0.1,fixed,0.9,False,,,,2163,41,5,0.018955154877484975,0.12195121951219512,0.040806726247427184,0.26204467554830974,sonnet46
20260994,0.14285714285714285,selected,,False,0.0,0.0,,2163,0,0,0.0,,,,sonnet46
20260994,0.14285714285714285,fixed,0.8571428571428572,False,,,,2163,82,10,0.03791030975496995,0.12195121951219512,0.06005801300595538,0.21285882683135973,sonnet46
20260994,0.2,selected,,False,0.0,0.0,,2163,0,0,0.0,,,,sonnet46
20260994,0.2,fixed,0.8,False,,,,2163,234,45,0.10818307905686546,0.19230769230769232,0.143865473433951,0.2487276638211837,sonnet46
20260994,0.25,selected,,False,0.0,0.0,,2163,0,0,0.0,,,,sonnet46
20260994,0.25,fixed,0.75,False,,,,2163,354,88,0.1636615811373093,0.24858757062146894,0.2044212035293751,0.29701545113182304,sonnet46
20260995,0.1,selected,,False,0.0,0.0,,2163,0,0,0.0,,,,sonnet46
20260995,0.1,fixed,0.9,False,,,,2163,48,9,0.022191400832177532,0.1875,0.08949838184937278,0.3262930239567135,sonnet46
20260995,0.14285714285714285,selected,,False,0.0,0.0,,2163,0,0,0.0,,,,sonnet46
20260995,0.14285714285714285,fixed,0.8571428571428572,False,,,,2163,85,14,0.039297272306981046,0.16470588235294117,0.09307652127195809,0.26088108992065623,sonnet46
20260995,0.2,selected,,False,0.0,0.0,,2163,0,0,0.0,,,,sonnet46
20260995,0.2,fixed,0.8,False,,,,2163,226,58,0.10448451225150254,0.25663716814159293,0.20101431259817482,0.31876497513028024,sonnet46
20260995,0.25,selected,,False,0.0,0.0,,2163,0,0,0.0,,,,sonnet46
20260995,0.25,fixed,0.75,False,,,,2163,339,97,0.15672676837725383,0.2861356932153392,0.23860420002364152,0.3374486609331833,sonnet46
20260996,0.1,selected,,False,0.0,0.0,,2163,0,0,0.0,,,,sonnet46
20260996,0.1,fixed,0.9,False,,,,2163,43,6,0.019879796578825704,0.13953488372093023,0.052976573866817166,0.27932480031414914,sonnet46
20260996,0.14285714285714285,selected,,False,0.0,0.0,,2163,0,0,0.0,,,,sonnet46
20260996,0.14285714285714285,fixed,0.8571428571428572,False,,,,2163,77,11,0.03559870550161812,0.14285714285714285,0.07353001410247413,0.24125061288575772,sonnet46
20260996,0.2,selected,,False,0.0,0.0,,2163,0,0,0.0,,,,sonnet46
20260996,0.2,fixed,0.8,False,,,,2163,210,50,0.0970873786407767,0.23809523809523808,0.1821818733526123,0.30156112051057615,sonnet46
20260996,0.25,selected,,False,0.0,0.0,,2163,0,0,0.0,,,,sonnet46
20260996,0.25,fixed,0.75,False,,,,2163,332,102,0.15349052242256125,0.3072289156626506,0.25801350804788004,0.35992307254535844,sonnet46
20260997,0.1,selected,,False,0.0,0.0,,2163,0,0,0.0,,,,sonnet46
20260997,0.1,fixed,0.9,False,,,,2163,44,6,0.02034211742949607,0.13636363636363635,0.05173082948627347,0.27350689090382385,sonnet46
20260997,0.14285714285714285,selected,,False,0.0,0.0,,2163,0,0,0.0,,,,sonnet46
20260997,0.14285714285714285,fixed,0.8571428571428572,False,,,,2163,83,12,0.038372630605640314,0.14457831325301204,0.0769990170544987,0.2389338015568766,sonnet46
20260997,0.2,selected,,False,0.0,0.0,,2163,0,0,0.0,,,,sonnet46
20260997,0.2,fixed,0.8,False,,,,2163,206,45,0.09523809523809523,0.21844660194174756,0.16402376912229263,0.28116159554289755,sonnet46
20260997,0.25,selected,,False,0.0,0.0,,2163,0,0,0.0,,,,sonnet46
20260997,0.25,fixed,0.75,False,,,,2163,321,91,0.14840499306518723,0.2834890965732087,0.23482816067100837,0.3361966318503747,sonnet46
20260998,0.1,selected,,False,0.0,0.0,,2163,0,0,0.0,,,,sonnet46
20260998,0.1,fixed,0.9,False,,,,2163,46,7,0.0212667591308368,0.15217391304347827,0.06344429812504679,0.28869100406004927,sonnet46
20260998,0.14285714285714285,selected,,False,0.0,0.0,,2163,0,0,0.0,,,,sonnet46
20260998,0.14285714285714285,fixed,0.8571428571428572,False,,,,2163,82,14,0.03791030975496995,0.17073170731707318,0.09660528025795481,0.26983618987108193,sonnet46
20260998,0.2,selected,,False,0.0,0.0,,2163,0,0,0.0,,,,sonnet46
20260998,0.2,fixed,0.8,False,,,,2163,217,54,0.10032362459546926,0.2488479262672811,0.1928124767546074,0.31188313401954865,sonnet46
20260998,0.25,selected,,False,0.0,0.0,,2163,0,0,0.0,,,,sonnet46
20260998,0.25,fixed,0.75,False,,,,2163,339,98,0.15672676837725383,0.2890855457227139,0.2413815653923371,0.3405184153017658,sonnet46
20260999,0.1,selected,,False,0.0,0.0,,2163,0,0,0.0,,,,sonnet46
20260999,0.1,fixed,0.9,False,,,,2163,45,4,0.020804438280166437,0.08888888888888889,0.024752957783469056,0.21221173695433954,sonnet46
20260999,0.14285714285714285,selected,,False,0.0,0.0,,2163,0,0,0.0,,,,sonnet46
20260999,0.14285714285714285,fixed,0.8571428571428572,False,,,,2163,80,10,0.03698566805362922,0.125,0.06160209655843425,0.21788913406943627,sonnet46
20260999,0.2,selected,,False,0.0,0.0,,2163,0,0,0.0,,,,sonnet46
20260999,0.2,fixed,0.8,False,,,,2163,236,39,0.1091077207582062,0.1652542372881356,0.12022869824363615,0.21891017416118702,sonnet46
20260999,0.25,selected,,False,0.0,0.0,,2163,0,0,0.0,,,,sonnet46
20260999,0.25,fixed,0.75,False,,,,2163,346,75,0.15996301433194637,0.21676300578034682,0.17448882698585114,0.263960125651088,sonnet46
20261000,0.1,selected,,False,0.0,0.0,,2163,0,0,0.0,,,,sonnet46
20261000,0.1,fixed,0.9,False,,,,2163,48,6,0.022191400832177532,0.125,0.04728376042117952,0.2524605086419528,sonnet46
20261000,0.14285714285714285,selected,,False,0.0,0.0,,2163,0,0,0.0,,,,sonnet46
20261000,0.14285714285714285,fixed,0.8571428571428572,False,,,,2163,82,14,0.03791030975496995,0.17073170731707318,0.09660528025795481,0.26983618987108193,sonnet46
20261000,0.2,selected,,False,0.0,0.0,,2163,0,0,0.0,,,,sonnet46
20261000,0.2,fixed,0.8,False,,,,2163,210,53,0.0970873786407767,0.2523809523809524,0.1951286364829065,0.31676701428525766,sonnet46
20261000,0.25,selected,,False,0.0,0.0,,2163,0,0,0.0,,,,sonnet46
20261000,0.25,fixed,0.75,False,,,,2163,332,98,0.15349052242256125,0.29518072289156627,0.24663200935852864,0.3474271789757159,sonnet46
20261001,0.1,selected,,False,0.0,0.0,,2163,0,0,0.0,,,,sonnet46
20261001,0.1,fixed,0.9,False,,,,2163,46,6,0.0212667591308368,0.13043478260869565,0.049407346573710056,0.2625650161876269,sonnet46
20261001,0.14285714285714285,selected,,False,0.0,0.0,,2163,0,0,0.0,,,,sonnet46
20261001,0.14285714285714285,fixed,0.8571428571428572,False,,,,2163,88,13,0.04068423485899214,0.14772727272727273,0.08107041302048262,0.23936215888574816,sonnet46
20261001,0.2,selected,,False,0.0,0.0,,2163,0,0,0.0,,,,sonnet46
20261001,0.2,fixed,0.8,False,,,,2163,223,41,0.10309754969949145,0.18385650224215247,0.1352876963855146,0.2410420003206429,sonnet46
20261001,0.25,selected,,False,0.0,0.0,,2163,0,0,0.0,,,,sonnet46
20261001,0.25,fixed,0.75,False,,,,2163,349,84,0.16134997688395747,0.24068767908309455,0.1967711572757379,0.289065435945716,sonnet46
20261002,0.1,selected,,False,0.0,0.0,,2163,0,0,0.0,,,,sonnet46
20261002,0.1,fixed,0.9,False,,,,2163,38,4,0.01756819232547388,0.10526315789473684,0.029434517445787737,0.24804937921702191,sonnet46
20261002,0.14285714285714285,selected,,False,0.0,0.0,,2163,0,0,0.0,,,,sonnet46
20261002,0.14285714285714285,fixed,0.8571428571428572,False,,,,2163,78,11,0.036061026352288486,0.14102564102564102,0.07255753785560352,0.23833899066268613,sonnet46
20261002,0.2,selected,,False,0.0,0.0,,2163,0,0,0.0,,,,sonnet46
20261002,0.2,fixed,0.8,False,,,,2163,213,50,0.09847434119278779,0.2347417840375587,0.17953284294521243,0.29749213229622673,sonnet46
20261002,0.25,selected,,False,0.0,0.0,,2163,0,0,0.0,,,,sonnet46
20261002,0.25,fixed,0.75,False,,,,2163,337,99,0.1558021266759131,0.29376854599406527,0.24565588395444357,0.3455486067164204,sonnet46
20261003,0.1,selected,,False,0.0,0.0,,2163,0,0,0.0,,,,sonnet46
20261003,0.1,fixed,0.9,False,,,,2163,42,6,0.019417475728155338,0.14285714285714285,0.05428385837876481,0.28539384191327116,sonnet46
20261003,0.14285714285714285,selected,,False,0.0,0.0,,2163,0,0,0.0,,,,sonnet46
20261003,0.14285714285714285,fixed,0.8571428571428572,False,,,,2163,76,10,0.03513638465094776,0.13157894736842105,0.06494156767608715,0.22869579260761233,sonnet46
20261003,0.2,selected,,False,0.0,0.0,,2163,0,0,0.0,,,,sonnet46
20261003,0.2,fixed,0.8,False,,,,2163,222,45,0.10263522884882108,0.20270270270270271,0.15186332866316518,0.26166689236230173,sonnet46
20261003,0.25,selected,,False,0.0,0.0,,2163,0,0,0.0,,,,sonnet46
20261003,0.25,fixed,0.75,False,,,,2163,346,98,0.15996301433194637,0.2832369942196532,0.2363505797288679,0.3338779154812644,sonnet46
20261004,0.1,selected,,False,0.0,0.0,,2163,0,0,0.0,,,,sonnet46
20261004,0.1,fixed,0.9,False,,,,2163,55,9,0.025427646786870088,0.16363636363636364,0.07765881910622005,0.28803000230782755,sonnet46
20261004,0.14285714285714285,selected,,False,0.0,0.0,,2163,0,0,0.0,,,,sonnet46
20261004,0.14285714285714285,fixed,0.8571428571428572,False,,,,2163,96,15,0.044382801664355064,0.15625,0.0901724828613885,0.24458411530148869,sonnet46
20261004,0.2,selected,,False,0.0,0.0,,2163,0,0,0.0,,,,sonnet46
20261004,0.2,fixed,0.8,False,,,,2163,237,47,0.10957004160887657,0.19831223628691982,0.1495027396639877,0.25483849461782365,sonnet46
20261004,0.25,selected,,False,0.0,0.0,,2163,0,0,0.0,,,,sonnet46
20261004,0.25,fixed,0.75,False,,,,2163,347,92,0.16042533518261673,0.26512968299711814,0.21942488822652878,0.31489385772136513,sonnet46
20261005,0.1,selected,,False,0.0,0.0,,2163,0,0,0.0,,,,sonnet46
20261005,0.1,fixed,0.9,False,,,,2163,41,4,0.018955154877484975,0.0975609756097561,0.027227466798360835,0.2313145493094612,sonnet46
20261005,0.14285714285714285,selected,,False,0.0,0.0,,2163,0,0,0.0,,,,sonnet46
20261005,0.14285714285714285,fixed,0.8571428571428572,False,,,,2163,79,9,0.036523347202958856,0.11392405063291139,0.05343687230155916,0.205277848127638,sonnet46
20261005,0.2,selected,,False,0.0,0.0,,2163,0,0,0.0,,,,sonnet46
20261005,0.2,fixed,0.8,False,,,,2163,212,47,0.09801202034211742,0.22169811320754718,0.16767693164595474,0.2836774352215862,sonnet46
20261005,0.25,selected,,False,0.0,0.0,,2163,0,0,0.0,,,,sonnet46
20261005,0.25,fixed,0.75,False,,,,2163,330,84,0.15256588072122051,0.2545454545454545,0.20842108991369032,0.30513632031108867,sonnet46
20261006,0.1,selected,,False,0.0,0.0,,2163,0,0,0.0,,,,sonnet46
20261006,0.1,fixed,0.9,False,,,,2163,49,6,0.022653721682847898,0.12244897959183673,0.046289031081895755,0.24769296835968285,sonnet46
20261006,0.14285714285714285,selected,,False,0.0,0.0,,2163,0,0,0.0,,,,sonnet46
20261006,0.14285714285714285,fixed,0.8571428571428572,False,,,,2163,80,10,0.03698566805362922,0.125,0.06160209655843425,0.21788913406943627,sonnet46
20261006,0.2,selected,,False,0.0,0.0,,2163,0,0,0.0,,,,sonnet46
20261006,0.2,fixed,0.8,False,,,,2163,220,47,0.10171058714748035,0.21363636363636362,0.16139766786681142,0.27376589596412876,sonnet46
20261006,0.25,selected,,False,0.0,0.0,,2163,0,0,0.0,,,,sonnet46
20261006,0.25,fixed,0.75,False,,,,2163,354,97,0.1636615811373093,0.2740112994350282,0.228198418062431,0.3236502052044405,sonnet46
20261007,0.1,selected,,False,0.0,0.0,,2163,0,0,0.0,,,,sonnet46
20261007,0.1,fixed,0.9,False,,,,2163,47,5,0.021729079981507166,0.10638297872340426,0.03545630080721555,0.23104762675098328,sonnet46
20261007,0.14285714285714285,selected,,False,0.0,0.0,,2163,0,0,0.0,,,,sonnet46
20261007,0.14285714285714285,fixed,0.8571428571428572,False,,,,2163,88,7,0.04068423485899214,0.07954545454545454,0.03258000737499969,0.15704870808753912,sonnet46
20261007,0.2,selected,,False,0.0,0.0,,2163,0,0,0.0,,,,sonnet46
20261007,0.2,fixed,0.8,False,,,,2163,228,43,0.10540915395284327,0.18859649122807018,0.13997922285615824,0.24550740567207308,sonnet46
20261007,0.25,selected,,False,0.0,0.0,,2163,0,0,0.0,,,,sonnet46
20261007,0.25,fixed,0.75,False,,,,2163,346,90,0.15996301433194637,0.26011560693641617,0.21467292908745164,0.3097174590023408,sonnet46
20261008,0.1,selected,,False,0.0,0.0,,2163,0,0,0.0,,,,sonnet46
20261008,0.1,fixed,0.9,False,,,,2163,51,8,0.023578363384188627,0.1568627450980392,0.07024083345730879,0.2858762867315592,sonnet46
20261008,0.14285714285714285,selected,,False,0.0,0.0,,2163,0,0,0.0,,,,sonnet46
20261008,0.14285714285714285,fixed,0.8571428571428572,False,,,,2163,87,11,0.04022191400832178,0.12643678160919541,0.06484043395710111,0.21497840027825463,sonnet46
20261008,0.2,selected,,False,0.0,0.0,,2163,0,0,0.0,,,,sonnet46
20261008,0.2,fixed,0.8,False,,,,2163,230,46,0.10633379565418401,0.2,0.15030392619967559,0.2576063580683248,sonnet46
20261008,0.25,selected,,False,0.0,0.0,,2163,0,0,0.0,,,,sonnet46
20261008,0.25,fixed,0.75,False,,,,2163,358,97,0.16551086453999075,0.2709497206703911,0.2255754203193741,0.3201584250606973,sonnet46
20261009,0.1,selected,,False,0.0,0.0,,2163,0,0,0.0,,,,sonnet46
20261009,0.1,fixed,0.9,False,,,,2163,52,4,0.024040684234858993,0.07692307692307693,0.021356586491383694,0.18539660438341096,sonnet46
20261009,0.14285714285714285,selected,,False,0.0,0.0,,2163,0,0,0.0,,,,sonnet46
20261009,0.14285714285714285,fixed,0.8571428571428572,False,,,,2163,88,12,0.04068423485899214,0.13636363636363635,0.0724938996271756,0.22608755366085753,sonnet46
20261009,0.2,selected,,False,0.0,0.0,,2163,0,0,0.0,,,,sonnet46
20261009,0.2,fixed,0.8,False,,,,2163,239,52,0.11049468331021729,0.2175732217573222,0.16697122871650663,0.2753259215645153,sonnet46
20261009,0.25,selected,,False,0.0,0.0,,2163,0,0,0.0,,,,sonnet46
20261009,0.25,fixed,0.75,False,,,,2163,354,103,0.1636615811373093,0.2909604519774011,0.24415606180342914,0.3413015387023819,sonnet46
20261010,0.1,selected,,False,0.0,0.0,,2163,0,0,0.0,,,,sonnet46
20261010,0.1,fixed,0.9,False,,,,2163,45,7,0.020804438280166437,0.15555555555555556,0.0649092120083776,0.2945516010980533,sonnet46
20261010,0.14285714285714285,selected,,False,0.0,0.0,,2163,0,0,0.0,,,,sonnet46
20261010,0.14285714285714285,fixed,0.8571428571428572,False,,,,2163,75,8,0.03467406380027739,0.10666666666666667,0.04718995174005831,0.1994017442026715,sonnet46
20261010,0.2,selected,,False,0.0,0.0,,2163,0,0,0.0,,,,sonnet46
20261010,0.2,fixed,0.8,False,,,,2163,206,37,0.09523809523809523,0.1796116504854369,0.1297284332999563,0.23896722187941957,sonnet46
20261010,0.25,selected,,False,0.0,0.0,,2163,0,0,0.0,,,,sonnet46
20261010,0.25,fixed,0.75,False,,,,2163,333,83,0.1539528432732316,0.24924924924924924,0.20369897439292128,0.29932190586529817,sonnet46
20261011,0.1,selected,,False,0.0,0.0,,2163,0,0,0.0,,,,sonnet46
20261011,0.1,fixed,0.9,False,,,,2163,42,5,0.019417475728155338,0.11904761904761904,0.03980552894268835,0.2563166776063778,sonnet46
20261011,0.14285714285714285,selected,,False,0.0,0.0,,2163,0,0,0.0,,,,sonnet46
20261011,0.14285714285714285,fixed,0.8571428571428572,False,,,,2163,83,12,0.038372630605640314,0.14457831325301204,0.0769990170544987,0.2389338015568766,sonnet46
20261011,0.2,selected,,False,0.0,0.0,,2163,0,0,0.0,,,,sonnet46
20261011,0.2,fixed,0.8,False,,,,2163,220,52,0.10171058714748035,0.23636363636363636,0.18185151908240907,0.2981276079770181,sonnet46
20261011,0.25,selected,,False,0.0,0.0,,2163,0,0,0.0,,,,sonnet46
20261011,0.25,fixed,0.75,False,,,,2163,342,104,0.15811373092926492,0.30409356725146197,0.25576039850889215,0.35585761220402795,sonnet46
20261012,0.1,selected,,False,0.0,0.0,,2163,0,0,0.0,,,,sonnet46
20261012,0.1,fixed,0.9,False,,,,2163,46,7,0.0212667591308368,0.15217391304347827,0.06344429812504679,0.28869100406004927,sonnet46
20261012,0.14285714285714285,selected,,False,0.0,0.0,,2163,0,0,0.0,,,,sonnet46
20261012,0.14285714285714285,fixed,0.8571428571428572,False,,,,2163,83,13,0.038372630605640314,0.1566265060240964,0.0861187487432563,0.25293310212057785,sonnet46
20261012,0.2,selected,,False,0.0,0.0,,2163,0,0,0.0,,,,sonnet46
20261012,0.2,fixed,0.8,False,,,,2163,231,48,0.10679611650485436,0.2077922077922078,0.1573641839837419,0.2658857046472097,sonnet46
20261012,0.25,selected,,False,0.0,0.0,,2163,0,0,0.0,,,,sonnet46
20261012,0.25,fixed,0.75,False,,,,2163,345,91,0.15950069348127602,0.263768115942029,0.21802192173461626,0.3136215009712597,sonnet46
20260913,0.1,selected,,False,0.0,0.0,,2163,0,0,0.0,,,,deepseekv32maas
20260913,0.1,fixed,0.9,False,,,,2163,40,23,0.01849283402681461,0.575,0.4089005804269633,0.7295709687311371,deepseekv32maas
20260913,0.14285714285714285,selected,,False,0.0,0.0,,2163,0,0,0.0,,,,deepseekv32maas
20260913,0.14285714285714285,fixed,0.8571428571428572,False,,,,2163,40,23,0.01849283402681461,0.575,0.4089005804269633,0.7295709687311371,deepseekv32maas
20260913,0.2,selected,,False,0.0,0.0,,2163,0,0,0.0,,,,deepseekv32maas
20260913,0.2,fixed,0.8,False,,,,2163,523,340,0.241793804900601,0.6500956022944551,0.6075053432814509,0.6909784545632598,deepseekv32maas
20260913,0.25,selected,,False,0.0,0.0,,2163,0,0,0.0,,,,deepseekv32maas
20260913,0.25,fixed,0.75,False,,,,2163,531,345,0.24549237170596394,0.6497175141242938,0.6074536476899983,0.6903042466613505,deepseekv32maas
20260914,0.1,selected,,False,0.0,0.0,,2163,0,0,0.0,,,,deepseekv32maas
20260914,0.1,fixed,0.9,False,,,,2163,38,22,0.01756819232547388,0.5789473684210527,0.40821445411990515,0.7369017627485158,deepseekv32maas
20260914,0.14285714285714285,selected,,False,0.0,0.0,,2163,0,0,0.0,,,,deepseekv32maas
20260914,0.14285714285714285,fixed,0.8571428571428572,False,,,,2163,38,22,0.01756819232547388,0.5789473684210527,0.40821445411990515,0.7369017627485158,deepseekv32maas
20260914,0.2,selected,,False,0.0,0.0,,2163,0,0,0.0,,,,deepseekv32maas
20260914,0.2,fixed,0.8,False,,,,2163,495,346,0.2288488210818308,0.6989898989898989,0.656467997559073,0.739115731529643,deepseekv32maas
20260914,0.25,selected,,False,0.0,0.0,,2163,0,0,0.0,,,,deepseekv32maas
20260914,0.25,fixed,0.75,False,,,,2163,504,354,0.23300970873786409,0.7023809523809523,0.6603674849288289,0.7420013380301602,deepseekv32maas
20260915,0.1,selected,,False,0.0,0.0,,2163,0,0,0.0,,,,deepseekv32maas
20260915,0.1,fixed,0.9,False,,,,2163,23,13,0.0106333795654184,0.5652173913043478,0.3449466074523746,0.7680858004617686,deepseekv32maas
20260915,0.14285714285714285,selected,,False,0.0,0.0,,2163,0,0,0.0,,,,deepseekv32maas
20260915,0.14285714285714285,fixed,0.8571428571428572,False,,,,2163,23,13,0.0106333795654184,0.5652173913043478,0.3449466074523746,0.7680858004617686,deepseekv32maas
20260915,0.2,selected,,False,0.0,0.0,,2163,0,0,0.0,,,,deepseekv32maas
20260915,0.2,fixed,0.8,False,,,,2163,519,328,0.23994452149791956,0.6319845857418112,0.5888723061029028,0.6735842604851352,deepseekv32maas
20260915,0.25,selected,,False,0.0,0.0,,2163,0,0,0.0,,,,deepseekv32maas
20260915,0.25,fixed,0.75,False,,,,2163,526,332,0.2431807674526121,0.6311787072243346,0.5883503190891786,0.67252398507255,deepseekv32maas
20260916,0.1,selected,,False,0.0,0.0,,2163,0,0,0.0,,,,deepseekv32maas
20260916,0.1,fixed,0.9,False,,,,2163,32,17,0.014794267221451687,0.53125,0.3474368092863928,0.7090601770939847,deepseekv32maas
20260916,0.14285714285714285,selected,,False,0.0,0.0,,2163,0,0,0.0,,,,deepseekv32maas
20260916,0.14285714285714285,fixed,0.8571428571428572,False,,,,2163,32,17,0.014794267221451687,0.53125,0.3474368092863928,0.7090601770939847,deepseekv32maas
20260916,0.2,selected,,False,0.0,0.0,,2163,0,0,0.0,,,,deepseekv32maas
20260916,0.2,fixed,0.8,False,,,,2163,552,364,0.2552011095700416,0.6594202898550725,0.6182079916156005,0.6989151572892695,deepseekv32maas
20260916,0.25,selected,,False,0.0,0.0,,2163,0,0,0.0,,,,deepseekv32maas
20260916,0.25,fixed,0.75,False,,,,2163,560,370,0.2588996763754045,0.6607142857142857,0.6198380259219831,0.6998841505274253,deepseekv32maas
20260917,0.1,selected,,False,0.0,0.0,,2163,0,0,0.0,,,,deepseekv32maas
20260917,0.1,fixed,0.9,False,,,,2163,38,23,0.01756819232547388,0.6052631578947368,0.4338615386095295,0.7596121063559645,deepseekv32maas
20260917,0.14285714285714285,selected,,False,0.0,0.0,,2163,0,0,0.0,,,,deepseekv32maas
20260917,0.14285714285714285,fixed,0.8571428571428572,False,,,,2163,38,23,0.01756819232547388,0.6052631578947368,0.4338615386095295,0.7596121063559645,deepseekv32maas
20260917,0.2,selected,,False,0.0,0.0,,2163,0,0,0.0,,,,deepseekv32maas
20260917,0.2,fixed,0.8,False,,,,2163,519,339,0.23994452149791956,0.653179190751445,0.6104850960459398,0.6941171058134052,deepseekv32maas
20260917,0.25,selected,,False,0.0,0.0,,2163,0,0,0.0,,,,deepseekv32maas
20260917,0.25,fixed,0.75,False,,,,2163,530,348,0.24503005085529359,0.6566037735849056,0.6144475182294,0.6970021682271508,deepseekv32maas
20260918,0.1,selected,,False,0.0,0.0,,2163,0,0,0.0,,,,deepseekv32maas
20260918,0.1,fixed,0.9,False,,,,2163,35,20,0.016181229773462782,0.5714285714285714,0.3935309422600038,0.736772764301183,deepseekv32maas
20260918,0.14285714285714285,selected,,False,0.0,0.0,,2163,0,0,0.0,,,,deepseekv32maas
20260918,0.14285714285714285,fixed,0.8571428571428572,False,,,,2163,35,20,0.016181229773462782,0.5714285714285714,0.3935309422600038,0.736772764301183,deepseekv32maas
20260918,0.2,selected,,False,0.0,0.0,,2163,0,0,0.0,,,,deepseekv32maas
20260918,0.2,fixed,0.8,False,,,,2163,517,342,0.23901987979657882,0.6615087040618955,0.618917652237676,0.7022405116040035,deepseekv32maas
20260918,0.25,selected,,False,0.0,0.0,,2163,0,0,0.0,,,,deepseekv32maas
20260918,0.25,fixed,0.75,False,,,,2163,521,344,0.2408691631992603,0.6602687140115163,0.6178191810802325,0.7008876591128685,deepseekv32maas
20260919,0.1,selected,,False,0.0,0.0,,2163,0,0,0.0,,,,deepseekv32maas
20260919,0.1,fixed,0.9,False,,,,2163,28,15,0.012944983818770227,0.5357142857142857,0.33869907611460004,0.7248914397034039,deepseekv32maas
20260919,0.14285714285714285,selected,,False,0.0,0.0,,2163,0,0,0.0,,,,deepseekv32maas
20260919,0.14285714285714285,fixed,0.8571428571428572,False,,,,2163,28,15,0.012944983818770227,0.5357142857142857,0.33869907611460004,0.7248914397034039,deepseekv32maas
20260919,0.2,selected,,False,0.0,0.0,,2163,0,0,0.0,,,,deepseekv32maas
20260919,0.2,fixed,0.8,False,,,,2163,498,316,0.2302357836338419,0.6345381526104418,0.5905399915623417,0.6769285711342738,deepseekv32maas
20260919,0.25,selected,,False,0.0,0.0,,2163,0,0,0.0,,,,deepseekv32maas
20260919,0.25,fixed,0.75,False,,,,2163,506,324,0.2339343504392048,0.6403162055335968,0.5967890887702426,0.682193187668116,deepseekv32maas
20260920,0.1,selected,,False,0.0,0.0,,2163,0,0,0.0,,,,deepseekv32maas
20260920,0.1,fixed,0.9,False,,,,2163,29,17,0.013407304669440592,0.5862068965517241,0.38936279139690627,0.7647597902471015,deepseekv32maas
20260920,0.14285714285714285,selected,,False,0.0,0.0,,2163,0,0,0.0,,,,deepseekv32maas
20260920,0.14285714285714285,fixed,0.8571428571428572,False,,,,2163,29,17,0.013407304669440592,0.5862068965517241,0.38936279139690627,0.7647597902471015,deepseekv32maas
20260920,0.2,selected,,False,0.0,0.0,,2163,0,0,0.0,,,,deepseekv32maas
20260920,0.2,fixed,0.8,False,,,,2163,505,332,0.23347202958853444,0.6574257425742575,0.6142159582678723,0.6987798567685937,deepseekv32maas
20260920,0.25,selected,,False,0.0,0.0,,2163,0,0,0.0,,,,deepseekv32maas
20260920,0.25,fixed,0.75,False,,,,2163,514,337,0.23763291724456773,0.6556420233463035,0.6127871363925915,0.6966948389116925,deepseekv32maas
20260921,0.1,selected,,False,0.0,0.0,,2163,0,0,0.0,,,,deepseekv32maas
20260921,0.1,fixed,0.9,False,,,,2163,35,19,0.016181229773462782,0.5428571428571428,0.3664580171214521,0.711728556209243,deepseekv32maas
20260921,0.14285714285714285,selected,,False,0.0,0.0,,2163,0,0,0.0,,,,deepseekv32maas
20260921,0.14285714285714285,fixed,0.8571428571428572,False,,,,2163,35,19,0.016181229773462782,0.5428571428571428,0.3664580171214521,0.711728556209243,deepseekv32maas
20260921,0.2,selected,,False,0.0,0.0,,2163,0,0,0.0,,,,deepseekv32maas
20260921,0.2,fixed,0.8,False,,,,2163,518,357,0.23948220064724918,0.6891891891891891,0.6473698384537991,0.728833461314977,deepseekv32maas
20260921,0.25,selected,,False,0.0,0.0,,2163,0,0,0.0,,,,deepseekv32maas
20260921,0.25,fixed,0.75,False,,,,2163,526,363,0.2431807674526121,0.6901140684410646,0.6486552876282115,0.7294207322295976,deepseekv32maas
20260922,0.1,selected,,False,0.0,0.0,,2163,0,0,0.0,,,,deepseekv32maas
20260922,0.1,fixed,0.9,False,,,,2163,34,19,0.01571890892279242,0.5588235294117647,0.3788576439570714,0.728149803585133,deepseekv32maas
20260922,0.14285714285714285,selected,,False,0.0,0.0,,2163,0,0,0.0,,,,deepseekv32maas
20260922,0.14285714285714285,fixed,0.8571428571428572,False,,,,2163,34,19,0.01571890892279242,0.5588235294117647,0.3788576439570714,0.728149803585133,deepseekv32maas
20260922,0.2,selected,,False,0.0,0.0,,2163,0,0,0.0,,,,deepseekv32maas
20260922,0.2,fixed,0.8,False,,,,2163,518,338,0.23948220064724918,0.6525096525096525,0.6097581953662645,0.6935092136821026,deepseekv32maas
20260922,0.25,selected,,False,0.0,0.0,,2163,0,0,0.0,,,,deepseekv32maas
20260922,0.25,fixed,0.75,False,,,,2163,524,343,0.2422561257512714,0.6545801526717557,0.6121288046617619,0.6952763210946225,deepseekv32maas
20260923,0.1,selected,,False,0.0,0.0,,2163,0,0,0.0,,,,deepseekv32maas
20260923,0.1,fixed,0.9,False,,,,2163,34,18,0.01571890892279242,0.5294117647058824,0.351292837051412,0.7022133335818035,deepseekv32maas
20260923,0.14285714285714285,selected,,False,0.0,0.0,,2163,0,0,0.0,,,,deepseekv32maas
20260923,0.14285714285714285,fixed,0.8571428571428572,False,,,,2163,34,18,0.01571890892279242,0.5294117647058824,0.351292837051412,0.7022133335818035,deepseekv32maas
20260923,0.2,selected,,False,0.0,0.0,,2163,0,0,0.0,,,,deepseekv32maas
20260923,0.2,fixed,0.8,False,,,,2163,500,337,0.2311604253351826,0.674,0.6309747231418457,0.7149527056599976,deepseekv32maas
20260923,0.25,selected,,False,0.0,0.0,,2163,0,0,0.0,,,,deepseekv32maas
20260923,0.25,fixed,0.75,False,,,,2163,511,345,0.23624595469255663,0.675146771037182,0.6326371820821611,0.7156155256847867,deepseekv32maas
20260924,0.1,selected,,False,0.0,0.0,,2163,0,0,0.0,,,,deepseekv32maas
20260924,0.1,fixed,0.9,False,,,,2163,33,15,0.015256588072122053,0.45454545454545453,0.28106619429381613,0.6364934689851531,deepseekv32maas
20260924,0.14285714285714285,selected,,False,0.0,0.0,,2163,0,0,0.0,,,,deepseekv32maas
20260924,0.14285714285714285,fixed,0.8571428571428572,False,,,,2163,33,15,0.015256588072122053,0.45454545454545453,0.28106619429381613,0.6364934689851531,deepseekv32maas
20260924,0.2,selected,,False,0.0,0.0,,2163,0,0,0.0,,,,deepseekv32maas
20260924,0.2,fixed,0.8,False,,,,2163,496,313,0.22931114193250116,0.6310483870967742,0.5868951668023841,0.6736292706942283,deepseekv32maas
20260924,0.25,selected,,False,0.0,0.0,,2163,0,0,0.0,,,,deepseekv32maas
20260924,0.25,fixed,0.75,False,,,,2163,501,317,0.231622746185853,0.6327345309381237,0.5888402757957276,0.6750522561668972,deepseekv32maas
20260925,0.1,selected,,False,0.0,0.0,,2163,0,0,0.0,,,,deepseekv32maas
20260925,0.1,fixed,0.9,False,,,,2163,38,21,0.01756819232547388,0.5526315789473685,0.38299075116428966,0.7137585009994039,deepseekv32maas
20260925,0.14285714285714285,selected,,False,0.0,0.0,,2163,0,0,0.0,,,,deepseekv32maas
20260925,0.14285714285714285,fixed,0.8571428571428572,False,,,,2163,38,21,0.01756819232547388,0.5526315789473685,0.38299075116428966,0.7137585009994039,deepseekv32maas
20260925,0.2,selected,,False,0.0,0.0,,2163,0,0,0.0,,,,deepseekv32maas
20260925,0.2,fixed,0.8,False,,,,2163,527,337,0.2436430883032825,0.6394686907020873,0.5968335355131813,0.6805298158704021,deepseekv32maas
20260925,0.25,selected,,False,0.0,0.0,,2163,0,0,0.0,,,,deepseekv32maas
20260925,0.25,fixed,0.75,False,,,,2163,536,343,0.24780397595931578,0.6399253731343284,0.5976713770902455,0.680626996351982,deepseekv32maas
20260926,0.1,selected,,False,0.0,0.0,,2163,0,0,0.0,,,,deepseekv32maas
20260926,0.1,fixed,0.9,False,,,,2163,26,13,0.012020342117429497,0.5,0.2992721794415965,0.7007278205584035,deepseekv32maas
20260926,0.14285714285714285,selected,,False,0.0,0.0,,2163,0,0,0.0,,,,deepseekv32maas
20260926,0.14285714285714285,fixed,0.8571428571428572,False,,,,2163,26,13,0.012020342117429497,0.5,0.2992721794415965,0.7007278205584035,deepseekv32maas
20260926,0.2,selected,,False,0.0,0.0,,2163,0,0,0.0,,,,deepseekv32maas
20260926,0.2,fixed,0.8,False,,,,2163,508,330,0.23485899214054554,0.6496062992125984,0.6063570941836245,0.6911028217260347,deepseekv32maas
20260926,0.25,selected,,False,0.0,0.0,,2163,0,0,0.0,,,,deepseekv32maas
20260926,0.25,fixed,0.75,False,,,,2163,516,335,0.23855755894590847,0.6492248062015504,0.6063170886336003,0.690411748171307,deepseekv32maas
20260927,0.1,selected,,False,0.0,0.0,,2163,0,0,0.0,,,,deepseekv32maas
20260927,0.1,fixed,0.9,False,,,,2163,32,15,0.014794267221451687,0.46875,0.2909398229060152,0.6525631907136071,deepseekv32maas
20260927,0.14285714285714285,selected,,False,0.0,0.0,,2163,0,0,0.0,,,,deepseekv32maas
20260927,0.14285714285714285,fixed,0.8571428571428572,False,,,,2163,32,15,0.014794267221451687,0.46875,0.2909398229060152,0.6525631907136071,deepseekv32maas
20260927,0.2,selected,,False,0.0,0.0,,2163,0,0,0.0,,,,deepseekv32maas
20260927,0.2,fixed,0.8,False,,,,2163,493,325,0.22792417938049006,0.6592292089249493,0.6155173906861182,0.7010177788784059,deepseekv32maas
20260927,0.25,selected,,False,0.0,0.0,,2163,0,0,0.0,,,,deepseekv32maas
20260927,0.25,fixed,0.75,False,,,,2163,507,335,0.23439667128987518,0.6607495069033531,0.6177054865936584,0.7019061102229449,deepseekv32maas
20260928,0.1,selected,,False,0.0,0.0,,2163,0,0,0.0,,,,deepseekv32maas
20260928,0.1,fixed,0.9,False,,,,2163,27,15,0.012482662968099861,0.5555555555555556,0.35326423032200543,0.7452011933682622,deepseekv32maas
20260928,0.14285714285714285,selected,,False,0.0,0.0,,2163,0,0,0.0,,,,deepseekv32maas
20260928,0.14285714285714285,fixed,0.8571428571428572,False,,,,2163,27,15,0.012482662968099861,0.5555555555555556,0.35326423032200543,0.7452011933682622,deepseekv32maas
20260928,0.2,selected,,False,0.0,0.0,,2163,0,0,0.0,,,,deepseekv32maas
20260928,0.2,fixed,0.8,False,,,,2163,510,339,0.23578363384188628,0.6647058823529411,0.6218882129753718,0.7056010291088964,deepseekv32maas
20260928,0.25,selected,,False,0.0,0.0,,2163,0,0,0.0,,,,deepseekv32maas
20260928,0.25,fixed,0.75,False,,,,2163,521,347,0.2408691631992603,0.6660268714011516,0.6237141699024555,0.706442980089022,deepseekv32maas
20260929,0.1,selected,,False,0.0,0.0,,2163,0,0,0.0,,,,deepseekv32maas
20260929,0.1,fixed,0.9,False,,,,2163,30,16,0.013869625520110958,0.5333333333333333,0.3432552381607341,0.7165819208164629,deepseekv32maas
20260929,0.14285714285714285,selected,,False,0.0,0.0,,2163,0,0,0.0,,,,deepseekv32maas
20260929,0.14285714285714285,fixed,0.8571428571428572,False,,,,2163,30,16,0.013869625520110958,0.5333333333333333,0.3432552381607341,0.7165819208164629,deepseekv32maas
20260929,0.2,selected,,False,0.0,0.0,,2163,0,0,0.0,,,,deepseekv32maas
20260929,0.2,fixed,0.8,False,,,,2163,515,337,0.23809523809523808,0.654368932038835,0.6115290236876457,0.6954250672554364,deepseekv32maas
20260929,0.25,selected,,False,0.0,0.0,,2163,0,0,0.0,,,,deepseekv32maas
20260929,0.25,fixed,0.75,False,,,,2163,520,340,0.24040684234858992,0.6538461538461539,0.6112093073190341,0.6947225830427388,deepseekv32maas
20260930,0.1,selected,,False,0.0,0.0,,2163,0,0,0.0,,,,deepseekv32maas
20260930,0.1,fixed,0.9,False,,,,2163,37,24,0.017105871474803514,0.6486486486486487,0.4746112556260257,0.7979001847159973,deepseekv32maas
20260930,0.14285714285714285,selected,,False,0.0,0.0,,2163,0,0,0.0,,,,deepseekv32maas
20260930,0.14285714285714285,fixed,0.8571428571428572,False,,,,2163,37,24,0.017105871474803514,0.6486486486486487,0.4746112556260257,0.7979001847159973,deepseekv32maas
20260930,0.2,selected,,False,0.0,0.0,,2163,0,0,0.0,,,,deepseekv32maas
20260930,0.2,fixed,0.8,False,,,,2163,548,356,0.25335182616736013,0.6496350364963503,0.6080549740323884,0.6895914905656506,deepseekv32maas
20260930,0.25,selected,,False,0.0,0.0,,2163,0,0,0.0,,,,deepseekv32maas
20260930,0.25,fixed,0.75,False,,,,2163,555,361,0.2565880721220527,0.6504504504504505,0.6091601220410348,0.6901291257187894,deepseekv32maas
20260931,0.1,selected,,False,0.0,0.0,,2163,0,0,0.0,,,,deepseekv32maas
20260931,0.1,fixed,0.9,False,,,,2163,36,15,0.016643550624133148,0.4166666666666667,0.2551410483264677,0.5924347591082235,deepseekv32maas
20260931,0.14285714285714285,selected,,False,0.0,0.0,,2163,0,0,0.0,,,,deepseekv32maas
20260931,0.14285714285714285,fixed,0.8571428571428572,False,,,,2163,36,15,0.016643550624133148,0.4166666666666667,0.2551410483264677,0.5924347591082235,deepseekv32maas
20260931,0.2,selected,,False,0.0,0.0,,2163,0,0,0.0,,,,deepseekv32maas
20260931,0.2,fixed,0.8,False,,,,2163,531,342,0.24549237170596394,0.6440677966101694,0.6016886763144362,0.6848332407868699,deepseekv32maas
20260931,0.25,selected,,False,0.0,0.0,,2163,0,0,0.0,,,,deepseekv32maas
20260931,0.25,fixed,0.75,False,,,,2163,539,349,0.24919093851132687,0.647495361781076,0.6055123970738893,0.6878509621225664,deepseekv32maas
20260932,0.1,selected,,False,0.0,0.0,,2163,0,0,0.0,,,,deepseekv32maas
20260932,0.1,fixed,0.9,False,,,,2163,29,19,0.013407304669440592,0.6551724137931034,0.4566942723320567,0.8206163507648881,deepseekv32maas
20260932,0.14285714285714285,selected,,False,0.0,0.0,,2163,0,0,0.0,,,,deepseekv32maas
20260932,0.14285714285714285,fixed,0.8571428571428572,False,,,,2163,29,19,0.013407304669440592,0.6551724137931034,0.4566942723320567,0.8206163507648881,deepseekv32maas
20260932,0.2,selected,,False,0.0,0.0,,2163,0,0,0.0,,,,deepseekv32maas
20260932,0.2,fixed,0.8,False,,,,2163,496,325,0.22931114193250116,0.655241935483871,0.6115762803596501,0.6970441373466871,deepseekv32maas
20260932,0.25,selected,,False,0.0,0.0,,2163,0,0,0.0,,,,deepseekv32maas
20260932,0.25,fixed,0.75,False,,,,2163,505,332,0.23347202958853444,0.6574257425742575,0.6142159582678723,0.6987798567685937,deepseekv32maas
20260933,0.1,selected,,False,0.0,0.0,,2163,0,0,0.0,,,,deepseekv32maas
20260933,0.1,fixed,0.9,False,,,,2163,23,15,0.0106333795654184,0.6521739130434783,0.42734396303649436,0.8362364016250501,deepseekv32maas
20260933,0.14285714285714285,selected,,False,0.0,0.0,,2163,0,0,0.0,,,,deepseekv32maas
20260933,0.14285714285714285,fixed,0.8571428571428572,False,,,,2163,23,15,0.0106333795654184,0.6521739130434783,0.42734396303649436,0.8362364016250501,deepseekv32maas
20260933,0.2,selected,,False,0.0,0.0,,2163,0,0,0.0,,,,deepseekv32maas
20260933,0.2,fixed,0.8,False,,,,2163,517,356,0.23901987979657882,0.688588007736944,0.6467088423707734,0.7282947955105814,deepseekv32maas
20260933,0.25,selected,,False,0.0,0.0,,2163,0,0,0.0,,,,deepseekv32maas
20260933,0.25,fixed,0.75,False,,,,2163,527,364,0.2436430883032825,0.6907020872865275,0.64930167064351,0.7299478431084032,deepseekv32maas
20260934,0.1,selected,,False,0.0,0.0,,2163,0,0,0.0,,,,deepseekv32maas
20260934,0.1,fixed,0.9,False,,,,2163,28,16,0.012944983818770227,0.5714285714285714,0.3717936286120959,0.7553760636978534,deepseekv32maas
20260934,0.14285714285714285,selected,,False,0.0,0.0,,2163,0,0,0.0,,,,deepseekv32maas
20260934,0.14285714285714285,fixed,0.8571428571428572,False,,,,2163,28,16,0.012944983818770227,0.5714285714285714,0.3717936286120959,0.7553760636978534,deepseekv32maas
20260934,0.2,selected,,False,0.0,0.0,,2163,0,0,0.0,,,,deepseekv32maas
20260934,0.2,fixed,0.8,False,,,,2163,495,327,0.2288488210818308,0.6606060606060606,0.6170186709543983,0.7022614476124922,deepseekv32maas
20260934,0.25,selected,,False,0.0,0.0,,2163,0,0,0.0,,,,deepseekv32maas
20260934,0.25,fixed,0.75,False,,,,2163,505,335,0.23347202958853444,0.6633663366336634,0.6202960106662563,0.7045107226656206,deepseekv32maas
20260935,0.1,selected,,False,0.0,0.0,,2163,0,0,0.0,,,,deepseekv32maas
20260935,0.1,fixed,0.9,False,,,,2163,30,15,0.013869625520110958,0.5,0.3129702858680275,0.6870297141319726,deepseekv32maas
20260935,0.14285714285714285,selected,,False,0.0,0.0,,2163,0,0,0.0,,,,deepseekv32maas
20260935,0.14285714285714285,fixed,0.8571428571428572,False,,,,2163,30,15,0.013869625520110958,0.5,0.3129702858680275,0.6870297141319726,deepseekv32maas
20260935,0.2,selected,,False,0.0,0.0,,2163,0,0,0.0,,,,deepseekv32maas
20260935,0.2,fixed,0.8,False,,,,2163,509,319,0.2353213129912159,0.6267190569744597,0.5830791184744077,0.6688779916778586,deepseekv32maas
20260935,0.25,selected,,False,0.0,0.0,,2163,0,0,0.0,,,,deepseekv32maas
20260935,0.25,fixed,0.75,False,,,,2163,516,324,0.23855755894590847,0.627906976744186,0.5845944088092108,0.6697451455768225,deepseekv32maas
20260936,0.1,selected,,False,0.0,0.0,,2163,0,0,0.0,,,,deepseekv32maas
20260936,0.1,fixed,0.9,False,,,,2163,27,12,0.012482662968099861,0.4444444444444444,0.25479880663173776,0.6467357696779945,deepseekv32maas
20260936,0.14285714285714285,selected,,False,0.0,0.0,,2163,0,0,0.0,,,,deepseekv32maas
20260936,0.14285714285714285,fixed,0.8571428571428572,False,,,,2163,27,12,0.012482662968099861,0.4444444444444444,0.25479880663173776,0.6467357696779945,deepseekv32maas
20260936,0.2,selected,,False,0.0,0.0,,2163,0,0,0.0,,,,deepseekv32maas
20260936,0.2,fixed,0.8,False,,,,2163,492,334,0.2274618585298197,0.6788617886178862,0.6356045374383343,0.7199532266356428,deepseekv32maas
20260936,0.25,selected,,False,0.0,0.0,,2163,0,0,0.0,,,,deepseekv32maas
20260936,0.25,fixed,0.75,False,,,,2163,499,340,0.23069810448451225,0.6813627254509018,0.6384926864650543,0.722067716455888,deepseekv32maas
20260937,0.1,selected,,False,0.0,0.0,,2163,0,0,0.0,,,,deepseekv32maas
20260937,0.1,fixed,0.9,False,,,,2163,33,23,0.015256588072122053,0.696969696969697,0.5128893024616066,0.8440833976030142,deepseekv32maas
20260937,0.14285714285714285,selected,,False,0.0,0.0,,2163,0,0,0.0,,,,deepseekv32maas
20260937,0.14285714285714285,fixed,0.8571428571428572,False,,,,2163,33,23,0.015256588072122053,0.696969696969697,0.5128893024616066,0.8440833976030142,deepseekv32maas
20260937,0.2,selected,,False,0.0,0.0,,2163,0,0,0.0,,,,deepseekv32maas
20260937,0.2,fixed,0.8,False,,,,2163,523,337,0.241793804900601,0.6443594646271511,0.6016511875306312,0.6854257632809063,deepseekv32maas
20260937,0.25,selected,,False,0.0,0.0,,2163,0,0,0.0,,,,deepseekv32maas
20260937,0.25,fixed,0.75,False,,,,2163,531,343,0.24549237170596394,0.6459510357815442,0.6036096477585969,0.6866575975106729,deepseekv32maas
20260938,0.1,selected,,False,0.0,0.0,,2163,0,0,0.0,,,,deepseekv32maas
20260938,0.1,fixed,0.9,False,,,,2163,39,18,0.018030513176144243,0.46153846153846156,0.30094780300750784,0.6281892527934811,deepseekv32maas
20260938,0.14285714285714285,selected,,False,0.0,0.0,,2163,0,0,0.0,,,,deepseekv32maas
20260938,0.14285714285714285,fixed,0.8571428571428572,False,,,,2163,39,18,0.018030513176144243,0.46153846153846156,0.30094780300750784,0.6281892527934811,deepseekv32maas
20260938,0.2,selected,,False,0.0,0.0,,2163,0,0,0.0,,,,deepseekv32maas
20260938,0.2,fixed,0.8,False,,,,2163,547,362,0.2528895053166898,0.6617915904936015,0.6204381522428754,0.7013858459502673,deepseekv32maas
20260938,0.25,selected,,False,0.0,0.0,,2163,0,0,0.0,,,,deepseekv32maas
20260938,0.25,fixed,0.75,False,,,,2163,556,370,0.2570503929727231,0.6654676258992805,0.6245490467437415,0.7046163778301584,deepseekv32maas
20260939,0.1,selected,,False,0.0,0.0,,2163,0,0,0.0,,,,deepseekv32maas
20260939,0.1,fixed,0.9,False,,,,2163,39,24,0.018030513176144243,0.6153846153846154,0.44619056822199377,0.7663606749341801,deepseekv32maas
20260939,0.14285714285714285,selected,,False,0.0,0.0,,2163,0,0,0.0,,,,deepseekv32maas
20260939,0.14285714285714285,fixed,0.8571428571428572,False,,,,2163,39,24,0.018030513176144243,0.6153846153846154,0.44619056822199377,0.7663606749341801,deepseekv32maas
20260939,0.2,selected,,False,0.0,0.0,,2163,0,0,0.0,,,,deepseekv32maas
20260939,0.2,fixed,0.8,False,,,,2163,511,334,0.23624595469255663,0.6536203522504892,0.6105899561159234,0.6948615900077402,deepseekv32maas
20260939,0.25,selected,,False,0.0,0.0,,2163,0,0,0.0,,,,deepseekv32maas
20260939,0.25,fixed,0.75,False,,,,2163,521,342,0.2408691631992603,0.6564299424184261,0.6138928889070101,0.6971803965408758,deepseekv32maas
20260940,0.1,selected,,False,0.0,0.0,,2163,0,0,0.0,,,,deepseekv32maas
20260940,0.1,fixed,0.9,False,,,,2163,32,19,0.014794267221451687,0.59375,0.40644924657647635,0.7630158994482569,deepseekv32maas
20260940,0.14285714285714285,selected,,False,0.0,0.0,,2163,0,0,0.0,,,,deepseekv32maas
20260940,0.14285714285714285,fixed,0.8571428571428572,False,,,,2163,32,19,0.014794267221451687,0.59375,0.40644924657647635,0.7630158994482569,deepseekv32maas
20260940,0.2,selected,,False,0.0,0.0,,2163,0,0,0.0,,,,deepseekv32maas
20260940,0.2,fixed,0.8,False,,,,2163,516,324,0.23855755894590847,0.627906976744186,0.5845944088092108,0.6697451455768225,deepseekv32maas
20260940,0.25,selected,,False,0.0,0.0,,2163,0,0,0.0,,,,deepseekv32maas
20260940,0.25,fixed,0.75,False,,,,2163,520,328,0.24040684234858992,0.6307692307692307,0.5876785598367802,0.67236417090512,deepseekv32maas
20260941,0.1,selected,,False,0.0,0.0,,2163,0,0,0.0,,,,deepseekv32maas
20260941,0.1,fixed,0.9,False,,,,2163,37,20,0.017105871474803514,0.5405405405405406,0.3692195701065401,0.7051268717713555,deepseekv32maas
20260941,0.14285714285714285,selected,,False,0.0,0.0,,2163,0,0,0.0,,,,deepseekv32maas
20260941,0.14285714285714285,fixed,0.8571428571428572,False,,,,2163,37,20,0.017105871474803514,0.5405405405405406,0.3692195701065401,0.7051268717713555,deepseekv32maas
20260941,0.2,selected,,False,0.0,0.0,,2163,0,0,0.0,,,,deepseekv32maas
20260941,0.2,fixed,0.8,False,,,,2163,521,330,0.2408691631992603,0.6333973128598849,0.5903959529823912,0.674875779107735,deepseekv32maas
20260941,0.25,selected,,False,0.0,0.0,,2163,0,0,0.0,,,,deepseekv32maas
20260941,0.25,fixed,0.75,False,,,,2163,532,338,0.2459546925566343,0.6353383458646616,0.5928346359619465,0.6763292699558391,deepseekv32maas
20260942,0.1,selected,,False,0.0,0.0,,2163,0,0,0.0,,,,deepseekv32maas
20260942,0.1,fixed,0.9,False,,,,2163,36,16,0.016643550624133148,0.4444444444444444,0.2793541919668475,0.6190232059106163,deepseekv32maas
20260942,0.14285714285714285,selected,,False,0.0,0.0,,2163,0,0,0.0,,,,deepseekv32maas
20260942,0.14285714285714285,fixed,0.8571428571428572,False,,,,2163,36,16,0.016643550624133148,0.4444444444444444,0.2793541919668475,0.6190232059106163,deepseekv32maas
20260942,0.2,selected,,False,0.0,0.0,,2163,0,0,0.0,,,,deepseekv32maas
20260942,0.2,fixed,0.8,False,,,,2163,524,343,0.2422561257512714,0.6545801526717557,0.6121288046617619,0.6952763210946225,deepseekv32maas
20260942,0.25,selected,,False,0.0,0.0,,2163,0,0,0.0,,,,deepseekv32maas
20260942,0.25,fixed,0.75,False,,,,2163,533,351,0.24641701340730468,0.6585365853658537,0.6165471891175525,0.6987564902503643,deepseekv32maas
20260943,0.1,selected,,False,0.0,0.0,,2163,0,0,0.0,,,,deepseekv32maas
20260943,0.1,fixed,0.9,False,,,,2163,41,18,0.018955154877484975,0.43902439024390244,0.2846870768079256,0.6025015626192409,deepseekv32maas
20260943,0.14285714285714285,selected,,False,0.0,0.0,,2163,0,0,0.0,,,,deepseekv32maas
20260943,0.14285714285714285,fixed,0.8571428571428572,False,,,,2163,41,18,0.018955154877484975,0.43902439024390244,0.2846870768079256,0.6025015626192409,deepseekv32maas
20260943,0.2,selected,,False,0.0,0.0,,2163,0,0,0.0,,,,deepseekv32maas
20260943,0.2,fixed,0.8,False,,,,2163,538,348,0.2487286176606565,0.6468401486988847,0.6048033820463858,0.6872537531880298,deepseekv32maas
20260943,0.25,selected,,False,0.0,0.0,,2163,0,0,0.0,,,,deepseekv32maas
20260943,0.25,fixed,0.75,False,,,,2163,544,352,0.2515025427646787,0.6470588235294118,0.6052675980832916,0.6872426006341124,deepseekv32maas
20260944,0.1,selected,,False,0.0,0.0,,2163,0,0,0.0,,,,deepseekv32maas
20260944,0.1,fixed,0.9,False,,,,2163,39,22,0.018030513176144243,0.5641025641025641,0.3962080170142713,0.7218923703235907,deepseekv32maas
20260944,0.14285714285714285,selected,,False,0.0,0.0,,2163,0,0,0.0,,,,deepseekv32maas
20260944,0.14285714285714285,fixed,0.8571428571428572,False,,,,2163,39,22,0.018030513176144243,0.5641025641025641,0.3962080170142713,0.7218923703235907,deepseekv32maas
20260944,0.2,selected,,False,0.0,0.0,,2163,0,0,0.0,,,,deepseekv32maas
20260944,0.2,fixed,0.8,False,,,,2163,523,351,0.241793804900601,0.6711281070745698,0.6290263727049408,0.7112823168700781,deepseekv32maas
20260944,0.25,selected,,False,0.0,0.0,,2163,0,0,0.0,,,,deepseekv32maas
20260944,0.25,fixed,0.75,False,,,,2163,529,355,0.2445677300046232,0.6710775047258979,0.62922391882608,0.7110064909628392,deepseekv32maas
20260945,0.1,selected,,False,0.0,0.0,,2163,0,0,0.0,,,,deepseekv32maas
20260945,0.1,fixed,0.9,False,,,,2163,33,20,0.015256588072122053,0.6060606060606061,0.42139372138825043,0.7709337616357992,deepseekv32maas
20260945,0.14285714285714285,selected,,False,0.0,0.0,,2163,0,0,0.0,,,,deepseekv32maas
20260945,0.14285714285714285,fixed,0.8571428571428572,False,,,,2163,33,20,0.015256588072122053,0.6060606060606061,0.42139372138825043,0.7709337616357992,deepseekv32maas
20260945,0.2,selected,,False,0.0,0.0,,2163,0,0,0.0,,,,deepseekv32maas
20260945,0.2,fixed,0.8,False,,,,2163,508,333,0.23485899214054554,0.655511811023622,0.6123916146225348,0.6968099253839644,deepseekv32maas
20260945,0.25,selected,,False,0.0,0.0,,2163,0,0,0.0,,,,deepseekv32maas
20260945,0.25,fixed,0.75,False,,,,2163,514,338,0.23763291724456773,0.6575875486381323,0.6147765590692948,0.6985738680230439,deepseekv32maas
20260946,0.1,selected,,False,0.0,0.0,,2163,0,0,0.0,,,,deepseekv32maas
20260946,0.1,fixed,0.9,False,,,,2163,36,19,0.016643550624133148,0.5277777777777778,0.35486379853731,0.6959494112837337,deepseekv32maas
20260946,0.14285714285714285,selected,,False,0.0,0.0,,2163,0,0,0.0,,,,deepseekv32maas
20260946,0.14285714285714285,fixed,0.8571428571428572,False,,,,2163,36,19,0.016643550624133148,0.5277777777777778,0.35486379853731,0.6959494112837337,deepseekv32maas
20260946,0.2,selected,,False,0.0,0.0,,2163,0,0,0.0,,,,deepseekv32maas
20260946,0.2,fixed,0.8,False,,,,2163,514,337,0.23763291724456773,0.6556420233463035,0.6127871363925915,0.6966948389116925,deepseekv32maas
20260946,0.25,selected,,False,0.0,0.0,,2163,0,0,0.0,,,,deepseekv32maas
20260946,0.25,fixed,0.75,False,,,,2163,524,345,0.2422561257512714,0.6583969465648855,0.6160310235942347,0.6989642126069301,deepseekv32maas
20260947,0.1,selected,,False,0.0,0.0,,2163,0,0,0.0,,,,deepseekv32maas
20260947,0.1,fixed,0.9,False,,,,2163,29,11,0.013407304669440592,0.3793103448275862,0.20686869948650707,0.5773953593355988,deepseekv32maas
20260947,0.14285714285714285,selected,,False,0.0,0.0,,2163,0,0,0.0,,,,deepseekv32maas
20260947,0.14285714285714285,fixed,0.8571428571428572,False,,,,2163,29,11,0.013407304669440592,0.3793103448275862,0.20686869948650707,0.5773953593355988,deepseekv32maas
20260947,0.2,selected,,False,0.0,0.0,,2163,0,0,0.0,,,,deepseekv32maas
20260947,0.2,fixed,0.8,False,,,,2163,500,325,0.2311604253351826,0.65,0.6064011333593087,0.691813101259391,deepseekv32maas
20260947,0.25,selected,,False,0.0,0.0,,2163,0,0,0.0,,,,deepseekv32maas
20260947,0.25,fixed,0.75,False,,,,2163,507,330,0.23439667128987518,0.650887573964497,0.6076214997211989,0.6923823823980377,deepseekv32maas
20260948,0.1,selected,,False,0.0,0.0,,2163,0,0,0.0,,,,deepseekv32maas
20260948,0.1,fixed,0.9,False,,,,2163,33,15,0.015256588072122053,0.45454545454545453,0.28106619429381613,0.6364934689851531,deepseekv32maas
20260948,0.14285714285714285,selected,,False,0.0,0.0,,2163,0,0,0.0,,,,deepseekv32maas
20260948,0.14285714285714285,fixed,0.8571428571428572,False,,,,2163,33,15,0.015256588072122053,0.45454545454545453,0.28106619429381613,0.6364934689851531,deepseekv32maas
20260948,0.2,selected,,False,0.0,0.0,,2163,0,0,0.0,,,,deepseekv32maas
20260948,0.2,fixed,0.8,False,,,,2163,536,342,0.24780397595931578,0.6380597014925373,0.5957705896636332,0.6788171881868177,deepseekv32maas
20260948,0.25,selected,,False,0.0,0.0,,2163,0,0,0.0,,,,deepseekv32maas
20260948,0.25,fixed,0.75,False,,,,2163,541,346,0.2501155802126676,0.6395563770794824,0.5974982073754451,0.6800807527903203,deepseekv32maas
20260949,0.1,selected,,False,0.0,0.0,,2163,0,0,0.0,,,,deepseekv32maas
20260949,0.1,fixed,0.9,False,,,,2163,35,18,0.016181229773462782,0.5142857142857142,0.33989141539097784,0.6861714907852767,deepseekv32maas
20260949,0.14285714285714285,selected,,False,0.0,0.0,,2163,0,0,0.0,,,,deepseekv32maas
20260949,0.14285714285714285,fixed,0.8571428571428572,False,,,,2163,35,18,0.016181229773462782,0.5142857142857142,0.33989141539097784,0.6861714907852767,deepseekv32maas
20260949,0.2,selected,,False,0.0,0.0,,2163,0,0,0.0,,,,deepseekv32maas
20260949,0.2,fixed,0.8,False,,,,2163,519,346,0.23994452149791956,0.6666666666666666,0.6242848014519564,0.7071371780954456,deepseekv32maas
20260949,0.25,selected,,False,0.0,0.0,,2163,0,0,0.0,,,,deepseekv32maas
20260949,0.25,fixed,0.75,False,,,,2163,524,351,0.2422561257512714,0.6698473282442748,0.6277551922341437,0.7100103052491021,deepseekv32maas
20260950,0.1,selected,,False,0.0,0.0,,2163,0,0,0.0,,,,deepseekv32maas
20260950,0.1,fixed,0.9,False,,,,2163,34,18,0.01571890892279242,0.5294117647058824,0.351292837051412,0.7022133335818035,deepseekv32maas
20260950,0.14285714285714285,selected,,False,0.0,0.0,,2163,0,0,0.0,,,,deepseekv32maas
20260950,0.14285714285714285,fixed,0.8571428571428572,False,,,,2163,34,18,0.01571890892279242,0.5294117647058824,0.351292837051412,0.7022133335818035,deepseekv32maas
20260950,0.2,selected,,False,0.0,0.0,,2163,0,0,0.0,,,,deepseekv32maas
20260950,0.2,fixed,0.8,False,,,,2163,510,332,0.23578363384188628,0.6509803921568628,0.6078487154351431,0.6923502603314379,deepseekv32maas
20260950,0.25,selected,,False,0.0,0.0,,2163,0,0,0.0,,,,deepseekv32maas
20260950,0.25,fixed,0.75,False,,,,2163,518,338,0.23948220064724918,0.6525096525096525,0.6097581953662645,0.6935092136821026,deepseekv32maas
20260951,0.1,selected,,False,0.0,0.0,,2163,0,0,0.0,,,,deepseekv32maas
20260951,0.1,fixed,0.9,False,,,,2163,39,20,0.018030513176144243,0.5128205128205128,0.34780220935734085,0.6758192190343923,deepseekv32maas
20260951,0.14285714285714285,selected,,False,0.0,0.0,,2163,0,0,0.0,,,,deepseekv32maas
20260951,0.14285714285714285,fixed,0.8571428571428572,False,,,,2163,39,20,0.018030513176144243,0.5128205128205128,0.34780220935734085,0.6758192190343923,deepseekv32maas
20260951,0.2,selected,,False,0.0,0.0,,2163,0,0,0.0,,,,deepseekv32maas
20260951,0.2,fixed,0.8,False,,,,2163,533,342,0.24641701340730468,0.6416510318949343,0.5993070905093718,0.682414458584309,deepseekv32maas
20260951,0.25,selected,,False,0.0,0.0,,2163,0,0,0.0,,,,deepseekv32maas
20260951,0.25,fixed,0.75,False,,,,2163,539,347,0.24919093851132687,0.6437847866419295,0.6017274178430052,0.6842558386772004,deepseekv32maas
20260952,0.1,selected,,False,0.0,0.0,,2163,0,0,0.0,,,,deepseekv32maas
20260952,0.1,fixed,0.9,False,,,,2163,38,24,0.01756819232547388,0.631578947368421,0.4599427859244378,0.7818749649038482,deepseekv32maas
20260952,0.14285714285714285,selected,,False,0.0,0.0,,2163,0,0,0.0,,,,deepseekv32maas
20260952,0.14285714285714285,fixed,0.8571428571428572,False,,,,2163,38,24,0.01756819232547388,0.631578947368421,0.4599427859244378,0.7818749649038482,deepseekv32maas
20260952,0.2,selected,,False,0.0,0.0,,2163,0,0,0.0,,,,deepseekv32maas
20260952,0.2,fixed,0.8,False,,,,2163,525,342,0.24271844660194175,0.6514285714285715,0.6089509346880289,0.6921902337678023,deepseekv32maas
20260952,0.25,selected,,False,0.0,0.0,,2163,0,0,0.0,,,,deepseekv32maas
20260952,0.25,fixed,0.75,False,,,,2163,534,350,0.24687933425797504,0.6554307116104869,0.6134128615345822,0.6957171322650391,deepseekv32maas
20260953,0.1,selected,,False,0.0,0.0,,2163,0,0,0.0,,,,deepseekv32maas
20260953,0.1,fixed,0.9,False,,,,2163,36,17,0.016643550624133148,0.4722222222222222,0.30405058871626633,0.64513620146269,deepseekv32maas
20260953,0.14285714285714285,selected,,False,0.0,0.0,,2163,0,0,0.0,,,,deepseekv32maas
20260953,0.14285714285714285,fixed,0.8571428571428572,False,,,,2163,36,17,0.016643550624133148,0.4722222222222222,0.30405058871626633,0.64513620146269,deepseekv32maas
20260953,0.2,selected,,False,0.0,0.0,,2163,0,0,0.0,,,,deepseekv32maas
20260953,0.2,fixed,0.8,False,,,,2163,518,335,0.23948220064724918,0.6467181467181468,0.6038444152977078,0.6879066980348552,deepseekv32maas
20260953,0.25,selected,,False,0.0,0.0,,2163,0,0,0.0,,,,deepseekv32maas
20260953,0.25,fixed,0.75,False,,,,2163,526,342,0.2431807674526121,0.6501901140684411,0.6077281361392549,0.6909534662732538,deepseekv32maas
20260954,0.1,selected,,False,0.0,0.0,,2163,0,0,0.0,,,,deepseekv32maas
20260954,0.1,fixed,0.9,False,,,,2163,36,23,0.016643550624133148,0.6388888888888888,0.46220900016816396,0.7917770529134073,deepseekv32maas
20260954,0.14285714285714285,selected,,False,0.0,0.0,,2163,0,0,0.0,,,,deepseekv32maas
20260954,0.14285714285714285,fixed,0.8571428571428572,False,,,,2163,36,23,0.016643550624133148,0.6388888888888888,0.46220900016816396,0.7917770529134073,deepseekv32maas
20260954,0.2,selected,,False,0.0,0.0,,2163,0,0,0.0,,,,deepseekv32maas
20260954,0.2,fixed,0.8,False,,,,2163,522,352,0.24133148404993066,0.6743295019157088,0.6322680397526863,0.7144030112345615,deepseekv32maas
20260954,0.25,selected,,False,0.0,0.0,,2163,0,0,0.0,,,,deepseekv32maas
20260954,0.25,fixed,0.75,False,,,,2163,532,360,0.2459546925566343,0.6766917293233082,0.635105802810386,0.7163009815964738,deepseekv32maas
20260955,0.1,selected,,False,0.0,0.0,,2163,0,0,0.0,,,,deepseekv32maas
20260955,0.1,fixed,0.9,False,,,,2163,30,19,0.013869625520110958,0.6333333333333333,0.43855984901195755,0.8007013749879655,deepseekv32maas
20260955,0.14285714285714285,selected,,False,0.0,0.0,,2163,0,0,0.0,,,,deepseekv32maas
20260955,0.14285714285714285,fixed,0.8571428571428572,False,,,,2163,30,19,0.013869625520110958,0.6333333333333333,0.43855984901195755,0.8007013749879655,deepseekv32maas
20260955,0.2,selected,,False,0.0,0.0,,2163,0,0,0.0,,,,deepseekv32maas
20260955,0.2,fixed,0.8,False,,,,2163,505,330,0.23347202958853444,0.6534653465346535,0.610166565831417,0.6949552875416218,deepseekv32maas
20260955,0.25,selected,,False,0.0,0.0,,2163,0,0,0.0,,,,deepseekv32maas
20260955,0.25,fixed,0.75,False,,,,2163,513,335,0.23717059639389737,0.6530214424951267,0.6100651788665779,0.6942025753585772,deepseekv32maas
20260956,0.1,selected,,False,0.0,0.0,,2163,0,0,0.0,,,,deepseekv32maas
20260956,0.1,fixed,0.9,False,,,,2163,35,18,0.016181229773462782,0.5142857142857142,0.33989141539097784,0.6861714907852767,deepseekv32maas
20260956,0.14285714285714285,selected,,False,0.0,0.0,,2163,0,0,0.0,,,,deepseekv32maas
20260956,0.14285714285714285,fixed,0.8571428571428572,False,,,,2163,35,18,0.016181229773462782,0.5142857142857142,0.33989141539097784,0.6861714907852767,deepseekv32maas
20260956,0.2,selected,,False,0.0,0.0,,2163,0,0,0.0,,,,deepseekv32maas
20260956,0.2,fixed,0.8,False,,,,2163,520,323,0.24040684234858992,0.6211538461538462,0.5779041712564525,0.6630179775869458,deepseekv32maas
20260956,0.25,selected,,False,0.0,0.0,,2163,0,0,0.0,,,,deepseekv32maas
20260956,0.25,fixed,0.75,False,,,,2163,528,330,0.24410540915395285,0.625,0.5821515252117225,0.6664407736739082,deepseekv32maas
20260957,0.1,selected,,False,0.0,0.0,,2163,0,0,0.0,,,,deepseekv32maas
20260957,0.1,fixed,0.9,False,,,,2163,39,19,0.018030513176144243,0.48717948717948717,0.32418078096560754,0.6521977906426591,deepseekv32maas
20260957,0.14285714285714285,selected,,False,0.0,0.0,,2163,0,0,0.0,,,,deepseekv32maas
20260957,0.14285714285714285,fixed,0.8571428571428572,False,,,,2163,39,19,0.018030513176144243,0.48717948717948717,0.32418078096560754,0.6521977906426591,deepseekv32maas
20260957,0.2,selected,,False,0.0,0.0,,2163,0,0,0.0,,,,deepseekv32maas
20260957,0.2,fixed,0.8,False,,,,2163,521,340,0.2408691631992603,0.6525911708253359,0.6099695293252776,0.6934701899851011,deepseekv32maas
20260957,0.25,selected,,False,0.0,0.0,,2163,0,0,0.0,,,,deepseekv32maas
20260957,0.25,fixed,0.75,False,,,,2163,532,349,0.2459546925566343,0.6560150375939849,0.6139281216545929,0.6963573835380501,deepseekv32maas
20260958,0.1,selected,,False,0.0,0.0,,2163,0,0,0.0,,,,deepseekv32maas
20260958,0.1,fixed,0.9,False,,,,2163,33,16,0.015256588072122053,0.48484848484848486,0.3079634436047322,0.6645555216114442,deepseekv32maas
20260958,0.14285714285714285,selected,,False,0.0,0.0,,2163,0,0,0.0,,,,deepseekv32maas
20260958,0.14285714285714285,fixed,0.8571428571428572,False,,,,2163,33,16,0.015256588072122053,0.48484848484848486,0.3079634436047322,0.6645555216114442,deepseekv32maas
20260958,0.2,selected,,False,0.0,0.0,,2163,0,0,0.0,,,,deepseekv32maas
20260958,0.2,fixed,0.8,False,,,,2163,543,360,0.2510402219140083,0.6629834254143646,0.6214996263266012,0.7026818290552951,deepseekv32maas
20260958,0.25,selected,,False,0.0,0.0,,2163,0,0,0.0,,,,deepseekv32maas
20260958,0.25,fixed,0.75,False,,,,2163,550,367,0.2542764678687009,0.6672727272727272,0.6261658226983875,0.7065706781636838,deepseekv32maas
20260959,0.1,selected,,False,0.0,0.0,,2163,0,0,0.0,,,,deepseekv32maas
20260959,0.1,fixed,0.9,False,,,,2163,31,15,0.014331946370781322,0.4838709677419355,0.30154565071234124,0.6693940269482427,deepseekv32maas
20260959,0.14285714285714285,selected,,False,0.0,0.0,,2163,0,0,0.0,,,,deepseekv32maas
20260959,0.14285714285714285,fixed,0.8571428571428572,False,,,,2163,31,15,0.014331946370781322,0.4838709677419355,0.30154565071234124,0.6693940269482427,deepseekv32maas
20260959,0.2,selected,,False,0.0,0.0,,2163,0,0,0.0,,,,deepseekv32maas
20260959,0.2,fixed,0.8,False,,,,2163,507,324,0.23439667128987518,0.6390532544378699,0.5955462927883944,0.6809282344337423,deepseekv32maas
20260959,0.25,selected,,False,0.0,0.0,,2163,0,0,0.0,,,,deepseekv32maas
20260959,0.25,fixed,0.75,False,,,,2163,511,328,0.23624595469255663,0.6418786692759295,0.5986034925312826,0.6835018090596912,deepseekv32maas
20260960,0.1,selected,,False,0.0,0.0,,2163,0,0,0.0,,,,deepseekv32maas
20260960,0.1,fixed,0.9,False,,,,2163,28,15,0.012944983818770227,0.5357142857142857,0.33869907611460004,0.7248914397034039,deepseekv32maas
20260960,0.14285714285714285,selected,,False,0.0,0.0,,2163,0,0,0.0,,,,deepseekv32maas
20260960,0.14285714285714285,fixed,0.8571428571428572,False,,,,2163,28,15,0.012944983818770227,0.5357142857142857,0.33869907611460004,0.7248914397034039,deepseekv32maas
20260960,0.2,selected,,False,0.0,0.0,,2163,0,0,0.0,,,,deepseekv32maas
20260960,0.2,fixed,0.8,False,,,,2163,498,317,0.2302357836338419,0.6365461847389559,0.5925854115594547,0.6788751624245726,deepseekv32maas
20260960,0.25,selected,,False,0.0,0.0,,2163,0,0,0.0,,,,deepseekv32maas
20260960,0.25,fixed,0.75,False,,,,2163,505,323,0.23347202958853444,0.6396039603960396,0.5960183443771592,0.6815445491297203,deepseekv32maas
20260961,0.1,selected,,False,0.0,0.0,,2163,0,0,0.0,,,,deepseekv32maas
20260961,0.1,fixed,0.9,False,,,,2163,36,22,0.016643550624133148,0.6111111111111112,0.4346380474484255,0.7685755983378573,deepseekv32maas
20260961,0.14285714285714285,selected,,False,0.0,0.0,,2163,0,0,0.0,,,,deepseekv32maas
20260961,0.14285714285714285,fixed,0.8571428571428572,False,,,,2163,36,22,0.016643550624133148,0.6111111111111112,0.4346380474484255,0.7685755983378573,deepseekv32maas
20260961,0.2,selected,,False,0.0,0.0,,2163,0,0,0.0,,,,deepseekv32maas
20260961,0.2,fixed,0.8,False,,,,2163,529,350,0.2445677300046232,0.6616257088846881,0.6195426863399476,0.7018908408553425,deepseekv32maas
20260961,0.25,selected,,False,0.0,0.0,,2163,0,0,0.0,,,,deepseekv32maas
20260961,0.25,fixed,0.75,False,,,,2163,537,356,0.24826629680998613,0.6629422718808193,0.6212171322462691,0.7028622874459107,deepseekv32maas
20260962,0.1,selected,,False,0.0,0.0,,2163,0,0,0.0,,,,deepseekv32maas
20260962,0.1,fixed,0.9,False,,,,2163,35,24,0.016181229773462782,0.6857142857142857,0.507119999684825,0.8314828492529975,deepseekv32maas
20260962,0.14285714285714285,selected,,False,0.0,0.0,,2163,0,0,0.0,,,,deepseekv32maas
20260962,0.14285714285714285,fixed,0.8571428571428572,False,,,,2163,35,24,0.016181229773462782,0.6857142857142857,0.507119999684825,0.8314828492529975,deepseekv32maas
20260962,0.2,selected,,False,0.0,0.0,,2163,0,0,0.0,,,,deepseekv32maas
20260962,0.2,fixed,0.8,False,,,,2163,513,348,0.23717059639389737,0.6783625730994152,0.6360253845775325,0.7186294960269276,deepseekv32maas
20260962,0.25,selected,,False,0.0,0.0,,2163,0,0,0.0,,,,deepseekv32maas
20260962,0.25,fixed,0.75,False,,,,2163,519,351,0.23994452149791956,0.6763005780346821,0.6341643731879649,0.7164144958376404,deepseekv32maas
20260963,0.1,selected,,False,0.0,0.0,,2163,0,0,0.0,,,,deepseekv32maas
20260963,0.1,fixed,0.9,False,,,,2163,40,19,0.01849283402681461,0.475,0.31511970663498606,0.6387198647359378,deepseekv32maas
20260963,0.14285714285714285,selected,,False,0.0,0.0,,2163,0,0,0.0,,,,deepseekv32maas
20260963,0.14285714285714285,fixed,0.8571428571428572,False,,,,2163,40,19,0.01849283402681461,0.475,0.31511970663498606,0.6387198647359378,deepseekv32maas
20260963,0.2,selected,,False,0.0,0.0,,2163,0,0,0.0,,,,deepseekv32maas
20260963,0.2,fixed,0.8,False,,,,2163,524,341,0.2422561257512714,0.6507633587786259,0.6082294657259169,0.6915855386199872,deepseekv32maas
20260963,0.25,selected,,False,0.0,0.0,,2163,0,0,0.0,,,,deepseekv32maas
20260963,0.25,fixed,0.75,False,,,,2163,533,349,0.24641701340730468,0.6547842401500938,0.6127112533576639,0.6951297479730261,deepseekv32maas
20260964,0.1,selected,,False,0.0,0.0,,2163,0,0,0.0,,,,deepseekv32maas
20260964,0.1,fixed,0.9,False,,,,2163,35,19,0.016181229773462782,0.5428571428571428,0.3664580171214521,0.711728556209243,deepseekv32maas
20260964,0.14285714285714285,selected,,False,0.0,0.0,,2163,0,0,0.0,,,,deepseekv32maas
20260964,0.14285714285714285,fixed,0.8571428571428572,False,,,,2163,35,19,0.016181229773462782,0.5428571428571428,0.3664580171214521,0.711728556209243,deepseekv32maas
20260964,0.2,selected,,False,0.0,0.0,,2163,0,0,0.0,,,,deepseekv32maas
20260964,0.2,fixed,0.8,False,,,,2163,533,351,0.24641701340730468,0.6585365853658537,0.6165471891175525,0.6987564902503643,deepseekv32maas
20260964,0.25,selected,,False,0.0,0.0,,2163,0,0,0.0,,,,deepseekv32maas
20260964,0.25,fixed,0.75,False,,,,2163,542,357,0.25057790106333794,0.6586715867158671,0.6170490173527099,0.6985529054359516,deepseekv32maas
20260965,0.1,selected,,False,0.0,0.0,,2163,0,0,0.0,,,,deepseekv32maas
20260965,0.1,fixed,0.9,False,,,,2163,33,20,0.015256588072122053,0.6060606060606061,0.42139372138825043,0.7709337616357992,deepseekv32maas
20260965,0.14285714285714285,selected,,False,0.0,0.0,,2163,0,0,0.0,,,,deepseekv32maas
20260965,0.14285714285714285,fixed,0.8571428571428572,False,,,,2163,33,20,0.015256588072122053,0.6060606060606061,0.42139372138825043,0.7709337616357992,deepseekv32maas
20260965,0.2,selected,,False,0.0,0.0,,2163,0,0,0.0,,,,deepseekv32maas
20260965,0.2,fixed,0.8,False,,,,2163,498,338,0.2302357836338419,0.678714859437751,0.6357264953869013,0.7195655906654926,deepseekv32maas
20260965,0.25,selected,,False,0.0,0.0,,2163,0,0,0.0,,,,deepseekv32maas
20260965,0.25,fixed,0.75,False,,,,2163,506,345,0.2339343504392048,0.6818181818181818,0.6392715887483997,0.7222246594904159,deepseekv32maas
20260966,0.1,selected,,False,0.0,0.0,,2163,0,0,0.0,,,,deepseekv32maas
20260966,0.1,fixed,0.9,False,,,,2163,33,15,0.015256588072122053,0.45454545454545453,0.28106619429381613,0.6364934689851531,deepseekv32maas
20260966,0.14285714285714285,selected,,False,0.0,0.0,,2163,0,0,0.0,,,,deepseekv32maas
20260966,0.14285714285714285,fixed,0.8571428571428572,False,,,,2163,33,15,0.015256588072122053,0.45454545454545453,0.28106619429381613,0.6364934689851531,deepseekv32maas
20260966,0.2,selected,,False,0.0,0.0,,2163,0,0,0.0,,,,deepseekv32maas
20260966,0.2,fixed,0.8,False,,,,2163,531,343,0.24549237170596394,0.6459510357815442,0.6036096477585969,0.6866575975106729,deepseekv32maas
20260966,0.25,selected,,False,0.0,0.0,,2163,0,0,0.0,,,,deepseekv32maas
20260966,0.25,fixed,0.75,False,,,,2163,541,350,0.2501155802126676,0.6469500924214417,0.6050366246515251,0.6872482921366734,deepseekv32maas
20260967,0.1,selected,,False,0.0,0.0,,2163,0,0,0.0,,,,deepseekv32maas
20260967,0.1,fixed,0.9,False,,,,2163,32,18,0.014794267221451687,0.5625,0.37662573159009394,0.7363618755890153,deepseekv32maas
20260967,0.14285714285714285,selected,,False,0.0,0.0,,2163,0,0,0.0,,,,deepseekv32maas
20260967,0.14285714285714285,fixed,0.8571428571428572,False,,,,2163,32,18,0.014794267221451687,0.5625,0.37662573159009394,0.7363618755890153,deepseekv32maas
20260967,0.2,selected,,False,0.0,0.0,,2163,0,0,0.0,,,,deepseekv32maas
20260967,0.2,fixed,0.8,False,,,,2163,520,338,0.24040684234858992,0.65,0.6072803135620843,0.6910034091188371,deepseekv32maas
20260967,0.25,selected,,False,0.0,0.0,,2163,0,0,0.0,,,,deepseekv32maas
20260967,0.25,fixed,0.75,False,,,,2163,527,342,0.2436430883032825,0.6489563567362429,0.6065103487250916,0.6897209667594082,deepseekv32maas
20260968,0.1,selected,,False,0.0,0.0,,2163,0,0,0.0,,,,deepseekv32maas
20260968,0.1,fixed,0.9,False,,,,2163,29,17,0.013407304669440592,0.5862068965517241,0.38936279139690627,0.7647597902471015,deepseekv32maas
20260968,0.14285714285714285,selected,,False,0.0,0.0,,2163,0,0,0.0,,,,deepseekv32maas
20260968,0.14285714285714285,fixed,0.8571428571428572,False,,,,2163,29,17,0.013407304669440592,0.5862068965517241,0.38936279139690627,0.7647597902471015,deepseekv32maas
20260968,0.2,selected,,False,0.0,0.0,,2163,0,0,0.0,,,,deepseekv32maas
20260968,0.2,fixed,0.8,False,,,,2163,531,357,0.24549237170596394,0.672316384180791,0.6305763472961412,0.712125218281068,deepseekv32maas
20260968,0.25,selected,,False,0.0,0.0,,2163,0,0,0.0,,,,deepseekv32maas
20260968,0.25,fixed,0.75,False,,,,2163,537,361,0.24826629680998613,0.6722532588454376,0.6307551953190828,0.7118426566204201,deepseekv32maas
20260969,0.1,selected,,False,0.0,0.0,,2163,0,0,0.0,,,,deepseekv32maas
20260969,0.1,fixed,0.9,False,,,,2163,32,18,0.014794267221451687,0.5625,0.37662573159009394,0.7363618755890153,deepseekv32maas
20260969,0.14285714285714285,selected,,False,0.0,0.0,,2163,0,0,0.0,,,,deepseekv32maas
20260969,0.14285714285714285,fixed,0.8571428571428572,False,,,,2163,32,18,0.014794267221451687,0.5625,0.37662573159009394,0.7363618755890153,deepseekv32maas
20260969,0.2,selected,,False,0.0,0.0,,2163,0,0,0.0,,,,deepseekv32maas
20260969,0.2,fixed,0.8,False,,,,2163,506,336,0.2339343504392048,0.6640316205533597,0.6210216835768165,0.7051116142937994,deepseekv32maas
20260969,0.25,selected,,False,0.0,0.0,,2163,0,0,0.0,,,,deepseekv32maas
20260969,0.25,fixed,0.75,False,,,,2163,514,341,0.23763291724456773,0.6634241245136187,0.6207494001453497,0.7042063639630327,deepseekv32maas
20260970,0.1,selected,,False,0.0,0.0,,2163,0,0,0.0,,,,deepseekv32maas
20260970,0.1,fixed,0.9,False,,,,2163,33,17,0.015256588072122053,0.5151515151515151,0.3354444783885558,0.6920365563952677,deepseekv32maas
20260970,0.14285714285714285,selected,,False,0.0,0.0,,2163,0,0,0.0,,,,deepseekv32maas
20260970,0.14285714285714285,fixed,0.8571428571428572,False,,,,2163,33,17,0.015256588072122053,0.5151515151515151,0.3354444783885558,0.6920365563952677,deepseekv32maas
20260970,0.2,selected,,False,0.0,0.0,,2163,0,0,0.0,,,,deepseekv32maas
20260970,0.2,fixed,0.8,False,,,,2163,505,332,0.23347202958853444,0.6574257425742575,0.6142159582678723,0.6987798567685937,deepseekv32maas
20260970,0.25,selected,,False,0.0,0.0,,2163,0,0,0.0,,,,deepseekv32maas
20260970,0.25,fixed,0.75,False,,,,2163,513,338,0.23717059639389737,0.6588693957115009,0.6160443922010058,0.6998512087460069,deepseekv32maas
20260971,0.1,selected,,False,0.0,0.0,,2163,0,0,0.0,,,,deepseekv32maas
20260971,0.1,fixed,0.9,False,,,,2163,39,20,0.018030513176144243,0.5128205128205128,0.34780220935734085,0.6758192190343923,deepseekv32maas
20260971,0.14285714285714285,selected,,False,0.0,0.0,,2163,0,0,0.0,,,,deepseekv32maas
20260971,0.14285714285714285,fixed,0.8571428571428572,False,,,,2163,39,20,0.018030513176144243,0.5128205128205128,0.34780220935734085,0.6758192190343923,deepseekv32maas
20260971,0.2,selected,,False,0.0,0.0,,2163,0,0,0.0,,,,deepseekv32maas
20260971,0.2,fixed,0.8,False,,,,2163,534,356,0.24687933425797504,0.6666666666666666,0.6249087125281948,0.7065675909007805,deepseekv32maas
20260971,0.25,selected,,False,0.0,0.0,,2163,0,0,0.0,,,,deepseekv32maas
20260971,0.25,fixed,0.75,False,,,,2163,541,361,0.2501155802126676,0.66728280961183,0.6258217809209923,0.7069043204534669,deepseekv32maas
20260972,0.1,selected,,False,0.0,0.0,,2163,0,0,0.0,,,,deepseekv32maas
20260972,0.1,fixed,0.9,False,,,,2163,40,20,0.01849283402681461,0.5,0.3380178137372346,0.6619821862627655,deepseekv32maas
20260972,0.14285714285714285,selected,,False,0.0,0.0,,2163,0,0,0.0,,,,deepseekv32maas
20260972,0.14285714285714285,fixed,0.8571428571428572,False,,,,2163,40,20,0.01849283402681461,0.5,0.3380178137372346,0.6619821862627655,deepseekv32maas
20260972,0.2,selected,,False,0.0,0.0,,2163,0,0,0.0,,,,deepseekv32maas
20260972,0.2,fixed,0.8,False,,,,2163,512,316,0.236708275543227,0.6171875,0.5735289250900193,0.6594847838999012,deepseekv32maas
20260972,0.25,selected,,False,0.0,0.0,,2163,0,0,0.0,,,,deepseekv32maas
20260972,0.25,fixed,0.75,False,,,,2163,523,324,0.241793804900601,0.6195028680688337,0.5763561078150232,0.661290929046519,deepseekv32maas
20260973,0.1,selected,,False,0.0,0.0,,2163,0,0,0.0,,,,deepseekv32maas
20260973,0.1,fixed,0.9,False,,,,2163,31,16,0.014331946370781322,0.5161290322580645,0.33060597305175726,0.6984543492876587,deepseekv32maas
20260973,0.14285714285714285,selected,,False,0.0,0.0,,2163,0,0,0.0,,,,deepseekv32maas
20260973,0.14285714285714285,fixed,0.8571428571428572,False,,,,2163,31,16,0.014331946370781322,0.5161290322580645,0.33060597305175726,0.6984543492876587,deepseekv32maas
20260973,0.2,selected,,False,0.0,0.0,,2163,0,0,0.0,,,,deepseekv32maas
20260973,0.2,fixed,0.8,False,,,,2163,510,332,0.23578363384188628,0.6509803921568628,0.6078487154351431,0.6923502603314379,deepseekv32maas
20260973,0.25,selected,,False,0.0,0.0,,2163,0,0,0.0,,,,deepseekv32maas
20260973,0.25,fixed,0.75,False,,,,2163,519,339,0.23994452149791956,0.653179190751445,0.6104850960459398,0.6941171058134052,deepseekv32maas
20260974,0.1,selected,,False,0.0,0.0,,2163,0,0,0.0,,,,deepseekv32maas
20260974,0.1,fixed,0.9,False,,,,2163,37,22,0.017105871474803514,0.5945945945945946,0.4209972493731196,0.7524576235233262,deepseekv32maas
20260974,0.14285714285714285,selected,,False,0.0,0.0,,2163,0,0,0.0,,,,deepseekv32maas
20260974,0.14285714285714285,fixed,0.8571428571428572,False,,,,2163,37,22,0.017105871474803514,0.5945945945945946,0.4209972493731196,0.7524576235233262,deepseekv32maas
20260974,0.2,selected,,False,0.0,0.0,,2163,0,0,0.0,,,,deepseekv32maas
20260974,0.2,fixed,0.8,False,,,,2163,528,335,0.24410540915395285,0.634469696969697,0.5917837640952857,0.6756410553234722,deepseekv32maas
20260974,0.25,selected,,False,0.0,0.0,,2163,0,0,0.0,,,,deepseekv32maas
20260974,0.25,fixed,0.75,False,,,,2163,536,342,0.24780397595931578,0.6380597014925373,0.5957705896636332,0.6788171881868177,deepseekv32maas
20260975,0.1,selected,,False,0.0,0.0,,2163,0,0,0.0,,,,deepseekv32maas
20260975,0.1,fixed,0.9,False,,,,2163,32,17,0.014794267221451687,0.53125,0.3474368092863928,0.7090601770939847,deepseekv32maas
20260975,0.14285714285714285,selected,,False,0.0,0.0,,2163,0,0,0.0,,,,deepseekv32maas
20260975,0.14285714285714285,fixed,0.8571428571428572,False,,,,2163,32,17,0.014794267221451687,0.53125,0.3474368092863928,0.7090601770939847,deepseekv32maas
20260975,0.2,selected,,False,0.0,0.0,,2163,0,0,0.0,,,,deepseekv32maas
20260975,0.2,fixed,0.8,False,,,,2163,512,335,0.236708275543227,0.654296875,0.6113251009684748,0.6954751388622815,deepseekv32maas
20260975,0.25,selected,,False,0.0,0.0,,2163,0,0,0.0,,,,deepseekv32maas
20260975,0.25,fixed,0.75,False,,,,2163,520,342,0.24040684234858992,0.6576923076923077,0.6151412322598406,0.6984388146020262,deepseekv32maas
20260976,0.1,selected,,False,0.0,0.0,,2163,0,0,0.0,,,,deepseekv32maas
20260976,0.1,fixed,0.9,False,,,,2163,37,21,0.017105871474803514,0.5675675675675675,0.39488442141776015,0.7290206268187072,deepseekv32maas
20260976,0.14285714285714285,selected,,False,0.0,0.0,,2163,0,0,0.0,,,,deepseekv32maas
20260976,0.14285714285714285,fixed,0.8571428571428572,False,,,,2163,37,21,0.017105871474803514,0.5675675675675675,0.39488442141776015,0.7290206268187072,deepseekv32maas
20260976,0.2,selected,,False,0.0,0.0,,2163,0,0,0.0,,,,deepseekv32maas
20260976,0.2,fixed,0.8,False,,,,2163,515,339,0.23809523809523808,0.658252427184466,0.6154998459324565,0.6991762151588246,deepseekv32maas
20260976,0.25,selected,,False,0.0,0.0,,2163,0,0,0.0,,,,deepseekv32maas
20260976,0.25,fixed,0.75,False,,,,2163,524,345,0.2422561257512714,0.6583969465648855,0.6160310235942347,0.6989642126069301,deepseekv32maas
20260977,0.1,selected,,False,0.0,0.0,,2163,0,0,0.0,,,,deepseekv32maas
20260977,0.1,fixed,0.9,False,,,,2163,35,19,0.016181229773462782,0.5428571428571428,0.3664580171214521,0.711728556209243,deepseekv32maas
20260977,0.14285714285714285,selected,,False,0.0,0.0,,2163,0,0,0.0,,,,deepseekv32maas
20260977,0.14285714285714285,fixed,0.8571428571428572,False,,,,2163,35,19,0.016181229773462782,0.5428571428571428,0.3664580171214521,0.711728556209243,deepseekv32maas
20260977,0.2,selected,,False,0.0,0.0,,2163,0,0,0.0,,,,deepseekv32maas
20260977,0.2,fixed,0.8,False,,,,2163,495,335,0.2288488210818308,0.6767676767676768,0.633590351527608,0.7178177895946685,deepseekv32maas
20260977,0.25,selected,,False,0.0,0.0,,2163,0,0,0.0,,,,deepseekv32maas
20260977,0.25,fixed,0.75,False,,,,2163,506,343,0.2339343504392048,0.6778656126482213,0.6352103080676068,0.7184275330963721,deepseekv32maas
20260978,0.1,selected,,False,0.0,0.0,,2163,0,0,0.0,,,,deepseekv32maas
20260978,0.1,fixed,0.9,False,,,,2163,34,17,0.01571890892279242,0.5,0.3242692700213209,0.675730729978679,deepseekv32maas
20260978,0.14285714285714285,selected,,False,0.0,0.0,,2163,0,0,0.0,,,,deepseekv32maas
20260978,0.14285714285714285,fixed,0.8571428571428572,False,,,,2163,34,17,0.01571890892279242,0.5,0.3242692700213209,0.675730729978679,deepseekv32maas
20260978,0.2,selected,,False,0.0,0.0,,2163,0,0,0.0,,,,deepseekv32maas
20260978,0.2,fixed,0.8,False,,,,2163,502,330,0.23208506703652335,0.6573705179282868,0.6140253498666655,0.6988494489688397,deepseekv32maas
20260978,0.25,selected,,False,0.0,0.0,,2163,0,0,0.0,,,,deepseekv32maas
20260978,0.25,fixed,0.75,False,,,,2163,510,338,0.23578363384188628,0.6627450980392157,0.6198802359178467,0.7037104061765416,deepseekv32maas
20260979,0.1,selected,,False,0.0,0.0,,2163,0,0,0.0,,,,deepseekv32maas
20260979,0.1,fixed,0.9,False,,,,2163,30,15,0.013869625520110958,0.5,0.3129702858680275,0.6870297141319726,deepseekv32maas
20260979,0.14285714285714285,selected,,False,0.0,0.0,,2163,0,0,0.0,,,,deepseekv32maas
20260979,0.14285714285714285,fixed,0.8571428571428572,False,,,,2163,30,15,0.013869625520110958,0.5,0.3129702858680275,0.6870297141319726,deepseekv32maas
20260979,0.2,selected,,False,0.0,0.0,,2163,0,0,0.0,,,,deepseekv32maas
20260979,0.2,fixed,0.8,False,,,,2163,517,332,0.23901987979657882,0.6421663442940039,0.5991580423432853,0.6835386888448913,deepseekv32maas
20260979,0.25,selected,,False,0.0,0.0,,2163,0,0,0.0,,,,deepseekv32maas
20260979,0.25,fixed,0.75,False,,,,2163,528,342,0.24410540915395285,0.6477272727272727,0.6052975405256829,0.688492714761189,deepseekv32maas
20260980,0.1,selected,,False,0.0,0.0,,2163,0,0,0.0,,,,deepseekv32maas
20260980,0.1,fixed,0.9,False,,,,2163,37,19,0.017105871474803514,0.5135135135135135,0.34399681566576623,0.6807858935184596,deepseekv32maas
20260980,0.14285714285714285,selected,,False,0.0,0.0,,2163,0,0,0.0,,,,deepseekv32maas
20260980,0.14285714285714285,fixed,0.8571428571428572,False,,,,2163,37,19,0.017105871474803514,0.5135135135135135,0.34399681566576623,0.6807858935184596,deepseekv32maas
20260980,0.2,selected,,False,0.0,0.0,,2163,0,0,0.0,,,,deepseekv32maas
20260980,0.2,fixed,0.8,False,,,,2163,514,326,0.23763291724456773,0.6342412451361867,0.5909528228454424,0.6759759992374357,deepseekv32maas
20260980,0.25,selected,,False,0.0,0.0,,2163,0,0,0.0,,,,deepseekv32maas
20260980,0.25,fixed,0.75,False,,,,2163,526,334,0.2431807674526121,0.6349809885931559,0.5922203455386936,0.6762154367640225,deepseekv32maas
20260981,0.1,selected,,False,0.0,0.0,,2163,0,0,0.0,,,,deepseekv32maas
20260981,0.1,fixed,0.9,False,,,,2163,39,20,0.018030513176144243,0.5128205128205128,0.34780220935734085,0.6758192190343923,deepseekv32maas
20260981,0.14285714285714285,selected,,False,0.0,0.0,,2163,0,0,0.0,,,,deepseekv32maas
20260981,0.14285714285714285,fixed,0.8571428571428572,False,,,,2163,39,20,0.018030513176144243,0.5128205128205128,0.34780220935734085,0.6758192190343923,deepseekv32maas
20260981,0.2,selected,,False,0.0,0.0,,2163,0,0,0.0,,,,deepseekv32maas
20260981,0.2,fixed,0.8,False,,,,2163,530,346,0.24503005085529359,0.6528301886792452,0.6105911413575256,0.6933538623478934,deepseekv32maas
20260981,0.25,selected,,False,0.0,0.0,,2163,0,0,0.0,,,,deepseekv32maas
20260981,0.25,fixed,0.75,False,,,,2163,541,354,0.2501155802126676,0.6543438077634011,0.6125855223723999,0.6944053146364445,deepseekv32maas
20260982,0.1,selected,,False,0.0,0.0,,2163,0,0,0.0,,,,deepseekv32maas
20260982,0.1,fixed,0.9,False,,,,2163,37,16,0.017105871474803514,0.43243243243243246,0.27097937318129295,0.60511557858224,deepseekv32maas
20260982,0.14285714285714285,selected,,False,0.0,0.0,,2163,0,0,0.0,,,,deepseekv32maas
20260982,0.14285714285714285,fixed,0.8571428571428572,False,,,,2163,37,16,0.017105871474803514,0.43243243243243246,0.27097937318129295,0.60511557858224,deepseekv32maas
20260982,0.2,selected,,False,0.0,0.0,,2163,0,0,0.0,,,,deepseekv32maas
20260982,0.2,fixed,0.8,False,,,,2163,540,338,0.24965325936199723,0.6259259259259259,0.5835875109809573,0.6668780671484751,deepseekv32maas
20260982,0.25,selected,,False,0.0,0.0,,2163,0,0,0.0,,,,deepseekv32maas
20260982,0.25,fixed,0.75,False,,,,2163,549,345,0.2538141470180305,0.6284153005464481,0.5864781601790381,0.6689621487258424,deepseekv32maas
20260983,0.1,selected,,False,0.0,0.0,,2163,0,0,0.0,,,,deepseekv32maas
20260983,0.1,fixed,0.9,False,,,,2163,30,16,0.013869625520110958,0.5333333333333333,0.3432552381607341,0.7165819208164629,deepseekv32maas
20260983,0.14285714285714285,selected,,False,0.0,0.0,,2163,0,0,0.0,,,,deepseekv32maas
20260983,0.14285714285714285,fixed,0.8571428571428572,False,,,,2163,30,16,0.013869625520110958,0.5333333333333333,0.3432552381607341,0.7165819208164629,deepseekv32maas
20260983,0.2,selected,,False,0.0,0.0,,2163,0,0,0.0,,,,deepseekv32maas
20260983,0.2,fixed,0.8,False,,,,2163,498,323,0.2302357836338419,0.6485943775100401,0.6048746218095682,0.6905379605387513,deepseekv32maas
20260983,0.25,selected,,False,0.0,0.0,,2163,0,0,0.0,,,,deepseekv32maas
20260983,0.25,fixed,0.75,False,,,,2163,510,333,0.23578363384188628,0.6529411764705882,0.6098520392252034,0.694245555200449,deepseekv32maas
20260984,0.1,selected,,False,0.0,0.0,,2163,0,0,0.0,,,,deepseekv32maas
20260984,0.1,fixed,0.9,False,,,,2163,35,20,0.016181229773462782,0.5714285714285714,0.3935309422600038,0.736772764301183,deepseekv32maas
20260984,0.14285714285714285,selected,,False,0.0,0.0,,2163,0,0,0.0,,,,deepseekv32maas
20260984,0.14285714285714285,fixed,0.8571428571428572,False,,,,2163,35,20,0.016181229773462782,0.5714285714285714,0.3935309422600038,0.736772764301183,deepseekv32maas
20260984,0.2,selected,,False,0.0,0.0,,2163,0,0,0.0,,,,deepseekv32maas
20260984,0.2,fixed,0.8,False,,,,2163,522,342,0.24133148404993066,0.6551724137931034,0.612649720735385,0.6959263503661264,deepseekv32maas
20260984,0.25,selected,,False,0.0,0.0,,2163,0,0,0.0,,,,deepseekv32maas
20260984,0.25,fixed,0.75,False,,,,2163,529,346,0.2445677300046232,0.6540642722117203,0.6118105633780804,0.6945854062507419,deepseekv32maas
20260985,0.1,selected,,False,0.0,0.0,,2163,0,0,0.0,,,,deepseekv32maas
20260985,0.1,fixed,0.9,False,,,,2163,37,20,0.017105871474803514,0.5405405405405406,0.3692195701065401,0.7051268717713555,deepseekv32maas
20260985,0.14285714285714285,selected,,False,0.0,0.0,,2163,0,0,0.0,,,,deepseekv32maas
20260985,0.14285714285714285,fixed,0.8571428571428572,False,,,,2163,37,20,0.017105871474803514,0.5405405405405406,0.3692195701065401,0.7051268717713555,deepseekv32maas
20260985,0.2,selected,,False,0.0,0.0,,2163,0,0,0.0,,,,deepseekv32maas
20260985,0.2,fixed,0.8,False,,,,2163,530,353,0.24503005085529359,0.6660377358490566,0.6241008076324249,0.7061105377739658,deepseekv32maas
20260985,0.25,selected,,False,0.0,0.0,,2163,0,0,0.0,,,,deepseekv32maas
20260985,0.25,fixed,0.75,False,,,,2163,537,358,0.24826629680998613,0.6666666666666666,0.6250302696003904,0.7064565315415284,deepseekv32maas
20260986,0.1,selected,,False,0.0,0.0,,2163,0,0,0.0,,,,deepseekv32maas
20260986,0.1,fixed,0.9,False,,,,2163,31,15,0.014331946370781322,0.4838709677419355,0.30154565071234124,0.6693940269482427,deepseekv32maas
20260986,0.14285714285714285,selected,,False,0.0,0.0,,2163,0,0,0.0,,,,deepseekv32maas
20260986,0.14285714285714285,fixed,0.8571428571428572,False,,,,2163,31,15,0.014331946370781322,0.4838709677419355,0.30154565071234124,0.6693940269482427,deepseekv32maas
20260986,0.2,selected,,False,0.0,0.0,,2163,0,0,0.0,,,,deepseekv32maas
20260986,0.2,fixed,0.8,False,,,,2163,513,347,0.23717059639389737,0.6764132553606238,0.6340237433862757,0.7167552248831597,deepseekv32maas
20260986,0.25,selected,,False,0.0,0.0,,2163,0,0,0.0,,,,deepseekv32maas
20260986,0.25,fixed,0.75,False,,,,2163,519,350,0.23994452149791956,0.674373795761079,0.6321869254935221,0.7145605723837296,deepseekv32maas
20260987,0.1,selected,,False,0.0,0.0,,2163,0,0,0.0,,,,deepseekv32maas
20260987,0.1,fixed,0.9,False,,,,2163,37,19,0.017105871474803514,0.5135135135135135,0.34399681566576623,0.6807858935184596,deepseekv32maas
20260987,0.14285714285714285,selected,,False,0.0,0.0,,2163,0,0,0.0,,,,deepseekv32maas
20260987,0.14285714285714285,fixed,0.8571428571428572,False,,,,2163,37,19,0.017105871474803514,0.5135135135135135,0.34399681566576623,0.6807858935184596,deepseekv32maas
20260987,0.2,selected,,False,0.0,0.0,,2163,0,0,0.0,,,,deepseekv32maas
20260987,0.2,fixed,0.8,False,,,,2163,510,332,0.23578363384188628,0.6509803921568628,0.6078487154351431,0.6923502603314379,deepseekv32maas
20260987,0.25,selected,,False,0.0,0.0,,2163,0,0,0.0,,,,deepseekv32maas
20260987,0.25,fixed,0.75,False,,,,2163,516,336,0.23855755894590847,0.6511627906976745,0.6082962660469369,0.6922861264448481,deepseekv32maas
20260988,0.1,selected,,False,0.0,0.0,,2163,0,0,0.0,,,,deepseekv32maas
20260988,0.1,fixed,0.9,False,,,,2163,41,25,0.018955154877484975,0.6097560975609756,0.44504782337068916,0.7579890328213116,deepseekv32maas
20260988,0.14285714285714285,selected,,False,0.0,0.0,,2163,0,0,0.0,,,,deepseekv32maas
20260988,0.14285714285714285,fixed,0.8571428571428572,False,,,,2163,41,25,0.018955154877484975,0.6097560975609756,0.44504782337068916,0.7579890328213116,deepseekv32maas
20260988,0.2,selected,,False,0.0,0.0,,2163,0,0,0.0,,,,deepseekv32maas
20260988,0.2,fixed,0.8,False,,,,2163,537,359,0.24826629680998613,0.6685288640595903,0.6269378793040823,0.7082526083389413,deepseekv32maas
20260988,0.25,selected,,False,0.0,0.0,,2163,0,0,0.0,,,,deepseekv32maas
20260988,0.25,fixed,0.75,False,,,,2163,541,362,0.2501155802126676,0.6691312384473198,0.6277153857599651,0.7086871712312911,deepseekv32maas
20260989,0.1,selected,,False,0.0,0.0,,2163,0,0,0.0,,,,deepseekv32maas
20260989,0.1,fixed,0.9,False,,,,2163,45,22,0.020804438280166437,0.4888888888888889,0.3370337483927935,0.6422596143299697,deepseekv32maas
20260989,0.14285714285714285,selected,,False,0.0,0.0,,2163,0,0,0.0,,,,deepseekv32maas
20260989,0.14285714285714285,fixed,0.8571428571428572,False,,,,2163,45,22,0.020804438280166437,0.4888888888888889,0.3370337483927935,0.6422596143299697,deepseekv32maas
20260989,0.2,selected,,False,0.0,0.0,,2163,0,0,0.0,,,,deepseekv32maas
20260989,0.2,fixed,0.8,False,,,,2163,546,352,0.2524271844660194,0.6446886446886447,0.6029294652323572,0.6848722119953787,deepseekv32maas
20260989,0.25,selected,,False,0.0,0.0,,2163,0,0,0.0,,,,deepseekv32maas
20260989,0.25,fixed,0.75,False,,,,2163,555,359,0.2565880721220527,0.6468468468468469,0.6054829505119558,0.68663779744368,deepseekv32maas
20260990,0.1,selected,,False,0.0,0.0,,2163,0,0,0.0,,,,deepseekv32maas
20260990,0.1,fixed,0.9,False,,,,2163,41,22,0.018955154877484975,0.5365853658536586,0.3742484283137492,0.6934405671485986,deepseekv32maas
20260990,0.14285714285714285,selected,,False,0.0,0.0,,2163,0,0,0.0,,,,deepseekv32maas
20260990,0.14285714285714285,fixed,0.8571428571428572,False,,,,2163,41,22,0.018955154877484975,0.5365853658536586,0.3742484283137492,0.6934405671485986,deepseekv32maas
20260990,0.2,selected,,False,0.0,0.0,,2163,0,0,0.0,,,,deepseekv32maas
20260990,0.2,fixed,0.8,False,,,,2163,505,326,0.23347202958853444,0.6455445544554456,0.6020772082629844,0.6872966852594992,deepseekv32maas
20260990,0.25,selected,,False,0.0,0.0,,2163,0,0,0.0,,,,deepseekv32maas
20260990,0.25,fixed,0.75,False,,,,2163,512,330,0.236708275543227,0.64453125,0.6013528240639734,0.6860299965554918,deepseekv32maas
20260991,0.1,selected,,False,0.0,0.0,,2163,0,0,0.0,,,,deepseekv32maas
20260991,0.1,fixed,0.9,False,,,,2163,33,15,0.015256588072122053,0.45454545454545453,0.28106619429381613,0.6364934689851531,deepseekv32maas
20260991,0.14285714285714285,selected,,False,0.0,0.0,,2163,0,0,0.0,,,,deepseekv32maas
20260991,0.14285714285714285,fixed,0.8571428571428572,False,,,,2163,33,15,0.015256588072122053,0.45454545454545453,0.28106619429381613,0.6364934689851531,deepseekv32maas
20260991,0.2,selected,,False,0.0,0.0,,2163,0,0,0.0,,,,deepseekv32maas
20260991,0.2,fixed,0.8,False,,,,2163,506,331,0.2339343504392048,0.6541501976284585,0.6109110673722932,0.6955760248650966,deepseekv32maas
20260991,0.25,selected,,False,0.0,0.0,,2163,0,0,0.0,,,,deepseekv32maas
20260991,0.25,fixed,0.75,False,,,,2163,517,339,0.23901987979657882,0.655705996131528,0.612981973340322,0.6966377904564167,deepseekv32maas
20260992,0.1,selected,,False,0.0,0.0,,2163,0,0,0.0,,,,deepseekv32maas
20260992,0.1,fixed,0.9,False,,,,2163,33,20,0.015256588072122053,0.6060606060606061,0.42139372138825043,0.7709337616357992,deepseekv32maas
20260992,0.14285714285714285,selected,,False,0.0,0.0,,2163,0,0,0.0,,,,deepseekv32maas
20260992,0.14285714285714285,fixed,0.8571428571428572,False,,,,2163,33,20,0.015256588072122053,0.6060606060606061,0.42139372138825043,0.7709337616357992,deepseekv32maas
20260992,0.2,selected,,False,0.0,0.0,,2163,0,0,0.0,,,,deepseekv32maas
20260992,0.2,fixed,0.8,False,,,,2163,529,342,0.2445677300046232,0.6465028355387523,0.6040896799090615,0.6872686899187204,deepseekv32maas
20260992,0.25,selected,,False,0.0,0.0,,2163,0,0,0.0,,,,deepseekv32maas
20260992,0.25,fixed,0.75,False,,,,2163,535,346,0.2473416551086454,0.6467289719626168,0.6045678347235599,0.6872589775045495,deepseekv32maas
20260993,0.1,selected,,False,0.0,0.0,,2163,0,0,0.0,,,,deepseekv32maas
20260993,0.1,fixed,0.9,False,,,,2163,30,19,0.013869625520110958,0.6333333333333333,0.43855984901195755,0.8007013749879655,deepseekv32maas
20260993,0.14285714285714285,selected,,False,0.0,0.0,,2163,0,0,0.0,,,,deepseekv32maas
20260993,0.14285714285714285,fixed,0.8571428571428572,False,,,,2163,30,19,0.013869625520110958,0.6333333333333333,0.43855984901195755,0.8007013749879655,deepseekv32maas
20260993,0.2,selected,,False,0.0,0.0,,2163,0,0,0.0,,,,deepseekv32maas
20260993,0.2,fixed,0.8,False,,,,2163,505,331,0.23347202958853444,0.6554455445544555,0.6121908666425544,0.6968679691340123,deepseekv32maas
20260993,0.25,selected,,False,0.0,0.0,,2163,0,0,0.0,,,,deepseekv32maas
20260993,0.25,fixed,0.75,False,,,,2163,512,337,0.236708275543227,0.658203125,0.6153193276949387,0.699247859469202,deepseekv32maas
20260994,0.1,selected,,False,0.0,0.0,,2163,0,0,0.0,,,,deepseekv32maas
20260994,0.1,fixed,0.9,False,,,,2163,38,22,0.01756819232547388,0.5789473684210527,0.40821445411990515,0.7369017627485158,deepseekv32maas
20260994,0.14285714285714285,selected,,False,0.0,0.0,,2163,0,0,0.0,,,,deepseekv32maas
20260994,0.14285714285714285,fixed,0.8571428571428572,False,,,,2163,38,22,0.01756819232547388,0.5789473684210527,0.40821445411990515,0.7369017627485158,deepseekv32maas
20260994,0.2,selected,,False,0.0,0.0,,2163,0,0,0.0,,,,deepseekv32maas
20260994,0.2,fixed,0.8,False,,,,2163,526,342,0.2431807674526121,0.6501901140684411,0.6077281361392549,0.6909534662732538,deepseekv32maas
20260994,0.25,selected,,False,0.0,0.0,,2163,0,0,0.0,,,,deepseekv32maas
20260994,0.25,fixed,0.75,False,,,,2163,531,344,0.24549237170596394,0.647834274952919,0.6055313040612182,0.6884812669732725,deepseekv32maas
20260995,0.1,selected,,False,0.0,0.0,,2163,0,0,0.0,,,,deepseekv32maas
20260995,0.1,fixed,0.9,False,,,,2163,30,18,0.013869625520110958,0.6,0.4060349300518187,0.7734423511714064,deepseekv32maas
20260995,0.14285714285714285,selected,,False,0.0,0.0,,2163,0,0,0.0,,,,deepseekv32maas
20260995,0.14285714285714285,fixed,0.8571428571428572,False,,,,2163,30,18,0.013869625520110958,0.6,0.4060349300518187,0.7734423511714064,deepseekv32maas
20260995,0.2,selected,,False,0.0,0.0,,2163,0,0,0.0,,,,deepseekv32maas
20260995,0.2,fixed,0.8,False,,,,2163,519,337,0.23994452149791956,0.649325626204239,0.6065489852047062,0.6903903970494256,deepseekv32maas
20260995,0.25,selected,,False,0.0,0.0,,2163,0,0,0.0,,,,deepseekv32maas
20260995,0.25,fixed,0.75,False,,,,2163,532,348,0.2459546925566343,0.6541353383458647,0.6120071064283821,0.6945400838100785,deepseekv32maas
20260996,0.1,selected,,False,0.0,0.0,,2163,0,0,0.0,,,,deepseekv32maas
20260996,0.1,fixed,0.9,False,,,,2163,36,18,0.016643550624133148,0.5,0.3292217994577103,0.6707782005422898,deepseekv32maas
20260996,0.14285714285714285,selected,,False,0.0,0.0,,2163,0,0,0.0,,,,deepseekv32maas
20260996,0.14285714285714285,fixed,0.8571428571428572,False,,,,2163,36,18,0.016643550624133148,0.5,0.3292217994577103,0.6707782005422898,deepseekv32maas
20260996,0.2,selected,,False,0.0,0.0,,2163,0,0,0.0,,,,deepseekv32maas
20260996,0.2,fixed,0.8,False,,,,2163,514,341,0.23763291724456773,0.6634241245136187,0.6207494001453497,0.7042063639630327,deepseekv32maas
20260996,0.25,selected,,False,0.0,0.0,,2163,0,0,0.0,,,,deepseekv32maas
20260996,0.25,fixed,0.75,False,,,,2163,523,347,0.241793804900601,0.6634799235181644,0.6211902651673775,0.7039094142721543,deepseekv32maas
20260997,0.1,selected,,False,0.0,0.0,,2163,0,0,0.0,,,,deepseekv32maas
20260997,0.1,fixed,0.9,False,,,,2163,38,24,0.01756819232547388,0.631578947368421,0.4599427859244378,0.7818749649038482,deepseekv32maas
20260997,0.14285714285714285,selected,,False,0.0,0.0,,2163,0,0,0.0,,,,deepseekv32maas
20260997,0.14285714285714285,fixed,0.8571428571428572,False,,,,2163,38,24,0.01756819232547388,0.631578947368421,0.4599427859244378,0.7818749649038482,deepseekv32maas
20260997,0.2,selected,,False,0.0,0.0,,2163,0,0,0.0,,,,deepseekv32maas
20260997,0.2,fixed,0.8,False,,,,2163,513,349,0.23717059639389737,0.6803118908382066,0.6380278261301957,0.7205029630905455,deepseekv32maas
20260997,0.25,selected,,False,0.0,0.0,,2163,0,0,0.0,,,,deepseekv32maas
20260997,0.25,fixed,0.75,False,,,,2163,520,353,0.24040684234858992,0.6788461538461539,0.6368202971154895,0.7188243906437102,deepseekv32maas
20260998,0.1,selected,,False,0.0,0.0,,2163,0,0,0.0,,,,deepseekv32maas
20260998,0.1,fixed,0.9,False,,,,2163,30,19,0.013869625520110958,0.6333333333333333,0.43855984901195755,0.8007013749879655,deepseekv32maas
20260998,0.14285714285714285,selected,,False,0.0,0.0,,2163,0,0,0.0,,,,deepseekv32maas
20260998,0.14285714285714285,fixed,0.8571428571428572,False,,,,2163,30,19,0.013869625520110958,0.6333333333333333,0.43855984901195755,0.8007013749879655,deepseekv32maas
20260998,0.2,selected,,False,0.0,0.0,,2163,0,0,0.0,,,,deepseekv32maas
20260998,0.2,fixed,0.8,False,,,,2163,523,341,0.241793804900601,0.6520076481835564,0.6094581589599086,0.6928279160155475,deepseekv32maas
20260998,0.25,selected,,False,0.0,0.0,,2163,0,0,0.0,,,,deepseekv32maas
20260998,0.25,fixed,0.75,False,,,,2163,533,349,0.24641701340730468,0.6547842401500938,0.6127112533576639,0.6951297479730261,deepseekv32maas
20260999,0.1,selected,,False,0.0,0.0,,2163,0,0,0.0,,,,deepseekv32maas
20260999,0.1,fixed,0.9,False,,,,2163,37,18,0.017105871474803514,0.4864864864864865,0.3192141064815403,0.6560031843342338,deepseekv32maas
20260999,0.14285714285714285,selected,,False,0.0,0.0,,2163,0,0,0.0,,,,deepseekv32maas
20260999,0.14285714285714285,fixed,0.8571428571428572,False,,,,2163,37,18,0.017105871474803514,0.4864864864864865,0.3192141064815403,0.6560031843342338,deepseekv32maas
20260999,0.2,selected,,False,0.0,0.0,,2163,0,0,0.0,,,,deepseekv32maas
20260999,0.2,fixed,0.8,False,,,,2163,514,330,0.23763291724456773,0.642023346303502,0.5988822117910528,0.6835205211463651,deepseekv32maas
20260999,0.25,selected,,False,0.0,0.0,,2163,0,0,0.0,,,,deepseekv32maas
20260999,0.25,fixed,0.75,False,,,,2163,523,337,0.241793804900601,0.6443594646271511,0.6016511875306312,0.6854257632809063,deepseekv32maas
20261000,0.1,selected,,False,0.0,0.0,,2163,0,0,0.0,,,,deepseekv32maas
20261000,0.1,fixed,0.9,False,,,,2163,39,23,0.018030513176144243,0.5897435897435898,0.4209986694048529,0.7443322031137672,deepseekv32maas
20261000,0.14285714285714285,selected,,False,0.0,0.0,,2163,0,0,0.0,,,,deepseekv32maas
20261000,0.14285714285714285,fixed,0.8571428571428572,False,,,,2163,39,23,0.018030513176144243,0.5897435897435898,0.4209986694048529,0.7443322031137672,deepseekv32maas
20261000,0.2,selected,,False,0.0,0.0,,2163,0,0,0.0,,,,deepseekv32maas
20261000,0.2,fixed,0.8,False,,,,2163,513,339,0.23717059639389737,0.6608187134502924,0.6180389908779034,0.7017325528975922,deepseekv32maas
20261000,0.25,selected,,False,0.0,0.0,,2163,0,0,0.0,,,,deepseekv32maas
20261000,0.25,fixed,0.75,False,,,,2163,523,345,0.241793804900601,0.6596558317399618,0.6172766464968167,0.7002185095815644,deepseekv32maas
20261001,0.1,selected,,False,0.0,0.0,,2163,0,0,0.0,,,,deepseekv32maas
20261001,0.1,fixed,0.9,False,,,,2163,34,20,0.01571890892279242,0.5882352941176471,0.4069694329708481,0.7535292647022493,deepseekv32maas
20261001,0.14285714285714285,selected,,False,0.0,0.0,,2163,0,0,0.0,,,,deepseekv32maas
20261001,0.14285714285714285,fixed,0.8571428571428572,False,,,,2163,34,20,0.01571890892279242,0.5882352941176471,0.4069694329708481,0.7535292647022493,deepseekv32maas
20261001,0.2,selected,,False,0.0,0.0,,2163,0,0,0.0,,,,deepseekv32maas
20261001,0.2,fixed,0.8,False,,,,2163,516,332,0.23855755894590847,0.6434108527131783,0.6003839866752175,0.6847841668218396,deepseekv32maas
20261001,0.25,selected,,False,0.0,0.0,,2163,0,0,0.0,,,,deepseekv32maas
20261001,0.25,fixed,0.75,False,,,,2163,528,341,0.24410540915395285,0.6458333333333334,0.6033649297975923,0.6866588417670643,deepseekv32maas
20261002,0.1,selected,,False,0.0,0.0,,2163,0,0,0.0,,,,deepseekv32maas
20261002,0.1,fixed,0.9,False,,,,2163,28,16,0.012944983818770227,0.5714285714285714,0.3717936286120959,0.7553760636978534,deepseekv32maas
20261002,0.14285714285714285,selected,,False,0.0,0.0,,2163,0,0,0.0,,,,deepseekv32maas
20261002,0.14285714285714285,fixed,0.8571428571428572,False,,,,2163,28,16,0.012944983818770227,0.5714285714285714,0.3717936286120959,0.7553760636978534,deepseekv32maas
20261002,0.2,selected,,False,0.0,0.0,,2163,0,0,0.0,,,,deepseekv32maas
20261002,0.2,fixed,0.8,False,,,,2163,517,343,0.23901987979657882,0.6634429400386848,0.6208977185023093,0.7041065726154592,deepseekv32maas
20261002,0.25,selected,,False,0.0,0.0,,2163,0,0,0.0,,,,deepseekv32maas
20261002,0.25,fixed,0.75,False,,,,2163,528,352,0.24410540915395285,0.6666666666666666,0.6246624198899913,0.7067925273444815,deepseekv32maas
20261003,0.1,selected,,False,0.0,0.0,,2163,0,0,0.0,,,,deepseekv32maas
20261003,0.1,fixed,0.9,False,,,,2163,37,21,0.017105871474803514,0.5675675675675675,0.39488442141776015,0.7290206268187072,deepseekv32maas
20261003,0.14285714285714285,selected,,False,0.0,0.0,,2163,0,0,0.0,,,,deepseekv32maas
20261003,0.14285714285714285,fixed,0.8571428571428572,False,,,,2163,37,21,0.017105871474803514,0.5675675675675675,0.39488442141776015,0.7290206268187072,deepseekv32maas
20261003,0.2,selected,,False,0.0,0.0,,2163,0,0,0.0,,,,deepseekv32maas
20261003,0.2,fixed,0.8,False,,,,2163,534,350,0.24687933425797504,0.6554307116104869,0.6134128615345822,0.6957171322650391,deepseekv32maas
20261003,0.25,selected,,False,0.0,0.0,,2163,0,0,0.0,,,,deepseekv32maas
20261003,0.25,fixed,0.75,False,,,,2163,542,357,0.25057790106333794,0.6586715867158671,0.6170490173527099,0.6985529054359516,deepseekv32maas
20261004,0.1,selected,,False,0.0,0.0,,2163,0,0,0.0,,,,deepseekv32maas
20261004,0.1,fixed,0.9,False,,,,2163,34,16,0.01571890892279242,0.47058823529411764,0.2977866664181964,0.6487071629485879,deepseekv32maas
20261004,0.14285714285714285,selected,,False,0.0,0.0,,2163,0,0,0.0,,,,deepseekv32maas
20261004,0.14285714285714285,fixed,0.8571428571428572,False,,,,2163,34,16,0.01571890892279242,0.47058823529411764,0.2977866664181964,0.6487071629485879,deepseekv32maas
20261004,0.2,selected,,False,0.0,0.0,,2163,0,0,0.0,,,,deepseekv32maas
20261004,0.2,fixed,0.8,False,,,,2163,517,328,0.23901987979657882,0.6344294003868471,0.5912747048410023,0.676037379300523,deepseekv32maas
20261004,0.25,selected,,False,0.0,0.0,,2163,0,0,0.0,,,,deepseekv32maas
20261004,0.25,fixed,0.75,False,,,,2163,526,336,0.2431807674526121,0.6387832699619772,0.596093121667488,0.6799041298885864,deepseekv32maas
20261005,0.1,selected,,False,0.0,0.0,,2163,0,0,0.0,,,,deepseekv32maas
20261005,0.1,fixed,0.9,False,,,,2163,34,20,0.01571890892279242,0.5882352941176471,0.4069694329708481,0.7535292647022493,deepseekv32maas
20261005,0.14285714285714285,selected,,False,0.0,0.0,,2163,0,0,0.0,,,,deepseekv32maas
20261005,0.14285714285714285,fixed,0.8571428571428572,False,,,,2163,34,20,0.01571890892279242,0.5882352941176471,0.4069694329708481,0.7535292647022493,deepseekv32maas
20261005,0.2,selected,,False,0.0,0.0,,2163,0,0,0.0,,,,deepseekv32maas
20261005,0.2,fixed,0.8,False,,,,2163,523,330,0.241793804900601,0.6309751434034416,0.5880161976306575,0.6724446916780373,deepseekv32maas
20261005,0.25,selected,,False,0.0,0.0,,2163,0,0,0.0,,,,deepseekv32maas
20261005,0.25,fixed,0.75,False,,,,2163,533,337,0.24641701340730468,0.6322701688555347,0.5897529306414382,0.6733117977978771,deepseekv32maas
20261006,0.1,selected,,False,0.0,0.0,,2163,0,0,0.0,,,,deepseekv32maas
20261006,0.1,fixed,0.9,False,,,,2163,37,18,0.017105871474803514,0.4864864864864865,0.3192141064815403,0.6560031843342338,deepseekv32maas
20261006,0.14285714285714285,selected,,False,0.0,0.0,,2163,0,0,0.0,,,,deepseekv32maas
20261006,0.14285714285714285,fixed,0.8571428571428572,False,,,,2163,37,18,0.017105871474803514,0.4864864864864865,0.3192141064815403,0.6560031843342338,deepseekv32maas
20261006,0.2,selected,,False,0.0,0.0,,2163,0,0,0.0,,,,deepseekv32maas
20261006,0.2,fixed,0.8,False,,,,2163,533,344,0.24641701340730468,0.6454033771106942,0.6031334501472985,0.6860508116049862,deepseekv32maas
20261006,0.25,selected,,False,0.0,0.0,,2163,0,0,0.0,,,,deepseekv32maas
20261006,0.25,fixed,0.75,False,,,,2163,542,350,0.25057790106333794,0.6457564575645757,0.6038590662828577,0.6860547266817276,deepseekv32maas
20261007,0.1,selected,,False,0.0,0.0,,2163,0,0,0.0,,,,deepseekv32maas
20261007,0.1,fixed,0.9,False,,,,2163,27,14,0.012482662968099861,0.5185185185185185,0.3194965461333835,0.7133274518680603,deepseekv32maas
20261007,0.14285714285714285,selected,,False,0.0,0.0,,2163,0,0,0.0,,,,deepseekv32maas
20261007,0.14285714285714285,fixed,0.8571428571428572,False,,,,2163,27,14,0.012482662968099861,0.5185185185185185,0.3194965461333835,0.7133274518680603,deepseekv32maas
20261007,0.2,selected,,False,0.0,0.0,,2163,0,0,0.0,,,,deepseekv32maas
20261007,0.2,fixed,0.8,False,,,,2163,520,347,0.24040684234858992,0.6673076923076923,0.6249840229907653,0.7077163633427996,deepseekv32maas
20261007,0.25,selected,,False,0.0,0.0,,2163,0,0,0.0,,,,deepseekv32maas
20261007,0.25,fixed,0.75,False,,,,2163,530,354,0.24503005085529359,0.6679245283018868,0.6260336050057533,0.7079300635612326,deepseekv32maas
20261008,0.1,selected,,False,0.0,0.0,,2163,0,0,0.0,,,,deepseekv32maas
20261008,0.1,fixed,0.9,False,,,,2163,35,21,0.016181229773462782,0.6,0.42111772188209984,0.7612918895466584,deepseekv32maas
20261008,0.14285714285714285,selected,,False,0.0,0.0,,2163,0,0,0.0,,,,deepseekv32maas
20261008,0.14285714285714285,fixed,0.8571428571428572,False,,,,2163,35,21,0.016181229773462782,0.6,0.42111772188209984,0.7612918895466584,deepseekv32maas
20261008,0.2,selected,,False,0.0,0.0,,2163,0,0,0.0,,,,deepseekv32maas
20261008,0.2,fixed,0.8,False,,,,2163,537,359,0.24826629680998613,0.6685288640595903,0.6269378793040823,0.7082526083389413,deepseekv32maas
20261008,0.25,selected,,False,0.0,0.0,,2163,0,0,0.0,,,,deepseekv32maas
20261008,0.25,fixed,0.75,False,,,,2163,544,364,0.2515025427646787,0.6691176470588235,0.6278204892445068,0.7085654126312702,deepseekv32maas
20261009,0.1,selected,,False,0.0,0.0,,2163,0,0,0.0,,,,deepseekv32maas
20261009,0.1,fixed,0.9,False,,,,2163,41,21,0.018955154877484975,0.5121951219512195,0.3513423938174159,0.6712209642287262,deepseekv32maas
20261009,0.14285714285714285,selected,,False,0.0,0.0,,2163,0,0,0.0,,,,deepseekv32maas
20261009,0.14285714285714285,fixed,0.8571428571428572,False,,,,2163,41,21,0.018955154877484975,0.5121951219512195,0.3513423938174159,0.6712209642287262,deepseekv32maas
20261009,0.2,selected,,False,0.0,0.0,,2163,0,0,0.0,,,,deepseekv32maas
20261009,0.2,fixed,0.8,False,,,,2163,523,352,0.241793804900601,0.6730401529636711,0.6309872660270829,0.7131236681227537,deepseekv32maas
20261009,0.25,selected,,False,0.0,0.0,,2163,0,0,0.0,,,,deepseekv32maas
20261009,0.25,fixed,0.75,False,,,,2163,531,359,0.24549237170596394,0.6760828625235404,0.6344401261425117,0.7157520102590225,deepseekv32maas
20261010,0.1,selected,,False,0.0,0.0,,2163,0,0,0.0,,,,deepseekv32maas
20261010,0.1,fixed,0.9,False,,,,2163,31,17,0.014331946370781322,0.5483870967741935,0.36034232716081716,0.7268350139962649,deepseekv32maas
20261010,0.14285714285714285,selected,,False,0.0,0.0,,2163,0,0,0.0,,,,deepseekv32maas
20261010,0.14285714285714285,fixed,0.8571428571428572,False,,,,2163,31,17,0.014331946370781322,0.5483870967741935,0.36034232716081716,0.7268350139962649,deepseekv32maas
20261010,0.2,selected,,False,0.0,0.0,,2163,0,0,0.0,,,,deepseekv32maas
20261010,0.2,fixed,0.8,False,,,,2163,508,350,0.23485899214054554,0.6889763779527559,0.6467224305652528,0.7290144043827885,deepseekv32maas
20261010,0.25,selected,,False,0.0,0.0,,2163,0,0,0.0,,,,deepseekv32maas
20261010,0.25,fixed,0.75,False,,,,2163,520,360,0.24040684234858992,0.6923076923076923,0.6506645978624066,0.731748278195977,deepseekv32maas
20261011,0.1,selected,,False,0.0,0.0,,2163,0,0,0.0,,,,deepseekv32maas
20261011,0.1,fixed,0.9,False,,,,2163,39,25,0.018030513176144243,0.6410256410256411,0.47179511362541193,0.7879628144392001,deepseekv32maas
20261011,0.14285714285714285,selected,,False,0.0,0.0,,2163,0,0,0.0,,,,deepseekv32maas
20261011,0.14285714285714285,fixed,0.8571428571428572,False,,,,2163,39,25,0.018030513176144243,0.6410256410256411,0.47179511362541193,0.7879628144392001,deepseekv32maas
20261011,0.2,selected,,False,0.0,0.0,,2163,0,0,0.0,,,,deepseekv32maas
20261011,0.2,fixed,0.8,False,,,,2163,519,339,0.23994452149791956,0.653179190751445,0.6104850960459398,0.6941171058134052,deepseekv32maas
20261011,0.25,selected,,False,0.0,0.0,,2163,0,0,0.0,,,,deepseekv32maas
20261011,0.25,fixed,0.75,False,,,,2163,525,343,0.24271844660194175,0.6533333333333333,0.6108967530429124,0.694032289709937,deepseekv32maas
20261012,0.1,selected,,False,0.0,0.0,,2163,0,0,0.0,,,,deepseekv32maas
20261012,0.1,fixed,0.9,False,,,,2163,36,20,0.016643550624133148,0.5555555555555556,0.3809767940893837,0.7206458080331524,deepseekv32maas
20261012,0.14285714285714285,selected,,False,0.0,0.0,,2163,0,0,0.0,,,,deepseekv32maas
20261012,0.14285714285714285,fixed,0.8571428571428572,False,,,,2163,36,20,0.016643550624133148,0.5555555555555556,0.3809767940893837,0.7206458080331524,deepseekv32maas
20261012,0.2,selected,,False,0.0,0.0,,2163,0,0,0.0,,,,deepseekv32maas
20261012,0.2,fixed,0.8,False,,,,2163,520,349,0.24040684234858992,0.6711538461538461,0.6289263957120557,0.7114221045006839,deepseekv32maas
20261012,0.25,selected,,False,0.0,0.0,,2163,0,0,0.0,,,,deepseekv32maas
20261012,0.25,fixed,0.75,False,,,,2163,526,354,0.2431807674526121,0.6730038022813688,0.6310751356950928,0.712974877364158,deepseekv32maas
