question_id,allocation,split,common_test
simpleqa-0,50-50,selection,False
simpleqa-1,50-50,selection,False
simpleqa-10,50-50,selection,False
simpleqa-100,50-50,test,False
simpleqa-1000,50-50,selection,False
simpleqa-1001,50-50,test,False
simpleqa-1002,50-50,test,False
simpleqa-1003,50-50,test,False
simpleqa-1004,50-50,test,True
simpleqa-1005,50-50,selection,False
simpleqa-1006,50-50,test,False
simpleqa-1007,50-50,test,True
simpleqa-1008,50-50,test,True
simpleqa-1009,50-50,selection,False
simpleqa-101,50-50,test,True
simpleqa-1010,50-50,test,False
simpleqa-1011,50-50,selection,False
simpleqa-1012,50-50,selection,False
simpleqa-1013,50-50,selection,False
simpleqa-1014,50-50,selection,False
simpleqa-1015,50-50,test,False
simpleqa-1016,50-50,selection,False
simpleqa-1017,50-50,test,False
simpleqa-1018,50-50,selection,False
simpleqa-1019,50-50,selection,False
simpleqa-102,50-50,test,True
simpleqa-1020,50-50,test,True
simpleqa-1021,50-50,test,True
simpleqa-1022,50-50,selection,False
simpleqa-1023,50-50,test,True
simpleqa-1024,50-50,test,True
simpleqa-1025,50-50,selection,False
simpleqa-1026,50-50,test,True
simpleqa-1027,50-50,test,True
simpleqa-1028,50-50,test,False
simpleqa-1029,50-50,selection,False
simpleqa-103,50-50,selection,False
simpleqa-1030,50-50,selection,False
simpleqa-1031,50-50,test,True
simpleqa-1032,50-50,test,True
simpleqa-1033,50-50,selection,False
simpleqa-1034,50-50,selection,False
simpleqa-1035,50-50,selection,False
simpleqa-1036,50-50,selection,False
simpleqa-1037,50-50,selection,False
simpleqa-1038,50-50,selection,False
simpleqa-1039,50-50,test,True
simpleqa-104,50-50,selection,False
simpleqa-1040,50-50,test,True
simpleqa-1041,50-50,selection,False
simpleqa-1042,50-50,test,True
simpleqa-1043,50-50,test,False
simpleqa-1044,50-50,selection,False
simpleqa-1045,50-50,selection,False
simpleqa-1046,50-50,selection,False
simpleqa-1047,50-50,selection,False
simpleqa-1048,50-50,test,False
simpleqa-1049,50-50,selection,False
simpleqa-105,50-50,test,True
simpleqa-1050,50-50,selection,False
simpleqa-1051,50-50,selection,False
simpleqa-1052,50-50,selection,False
simpleqa-1053,50-50,test,True
simpleqa-1054,50-50,selection,False
simpleqa-1055,50-50,selection,False
simpleqa-1056,50-50,selection,False
simpleqa-1057,50-50,selection,False
simpleqa-1058,50-50,selection,False
simpleqa-1059,50-50,selection,False
simpleqa-106,50-50,test,True
simpleqa-1060,50-50,test,False
simpleqa-1061,50-50,test,True
simpleqa-1062,50-50,selection,False
simpleqa-1063,50-50,test,True
simpleqa-1064,50-50,test,True
simpleqa-1065,50-50,selection,False
simpleqa-1066,50-50,selection,False
simpleqa-1067,50-50,test,False
simpleqa-1068,50-50,test,True
simpleqa-1069,50-50,test,True
simpleqa-107,50-50,selection,False
simpleqa-1070,50-50,selection,False
simpleqa-1071,50-50,test,True
simpleqa-1072,50-50,test,True
simpleqa-1073,50-50,test,False
simpleqa-1074,50-50,test,False
simpleqa-1075,50-50,selection,False
simpleqa-1076,50-50,selection,False
simpleqa-1077,50-50,selection,False
simpleqa-1078,50-50,selection,False
simpleqa-1079,50-50,test,False
simpleqa-108,50-50,selection,False
simpleqa-1080,50-50,selection,False
simpleqa-1081,50-50,selection,False
simpleqa-1082,50-50,test,True
simpleqa-1083,50-50,test,True
simpleqa-1084,50-50,test,False
simpleqa-1085,50-50,selection,False
simpleqa-1086,50-50,selection,False
simpleqa-1087,50-50,selection,False
simpleqa-1088,50-50,selection,False
simpleqa-1089,50-50,selection,False
simpleqa-109,50-50,selection,False
simpleqa-1090,50-50,test,False
simpleqa-1091,50-50,selection,False
simpleqa-1092,50-50,selection,False
simpleqa-1093,50-50,test,False
simpleqa-1094,50-50,test,True
simpleqa-1095,50-50,selection,False
simpleqa-1096,50-50,selection,False
simpleqa-1097,50-50,test,True
simpleqa-1098,50-50,selection,False
simpleqa-1099,50-50,test,True
simpleqa-11,50-50,selection,False
simpleqa-110,50-50,test,True
simpleqa-1100,50-50,test,True
simpleqa-1101,50-50,test,True
simpleqa-1102,50-50,test,False
simpleqa-1103,50-50,test,True
simpleqa-1104,50-50,selection,False
simpleqa-1105,50-50,selection,False
simpleqa-1106,50-50,test,False
simpleqa-1107,50-50,selection,False
simpleqa-1108,50-50,test,True
simpleqa-1109,50-50,selection,False
simpleqa-111,50-50,test,True
simpleqa-1110,50-50,selection,False
simpleqa-1111,50-50,selection,False
simpleqa-1112,50-50,test,True
simpleqa-1113,50-50,selection,False
simpleqa-1114,50-50,test,False
simpleqa-1115,50-50,test,False
simpleqa-1116,50-50,test,True
simpleqa-1117,50-50,selection,False
simpleqa-1118,50-50,test,True
simpleqa-1119,50-50,test,True
simpleqa-112,50-50,selection,False
simpleqa-1120,50-50,test,False
simpleqa-1121,50-50,test,True
simpleqa-1122,50-50,selection,False
simpleqa-1123,50-50,test,True
simpleqa-1124,50-50,selection,False
simpleqa-1125,50-50,test,False
simpleqa-1126,50-50,selection,False
simpleqa-1127,50-50,test,True
simpleqa-1128,50-50,test,True
simpleqa-1129,50-50,test,False
simpleqa-113,50-50,selection,False
simpleqa-1130,50-50,selection,False
simpleqa-1131,50-50,selection,False
simpleqa-1132,50-50,selection,False
simpleqa-1133,50-50,test,True
simpleqa-1134,50-50,selection,False
simpleqa-1135,50-50,selection,False
simpleqa-1136,50-50,selection,False
simpleqa-1137,50-50,test,False
simpleqa-1138,50-50,test,True
simpleqa-1139,50-50,test,True
simpleqa-114,50-50,test,True
simpleqa-1140,50-50,test,True
simpleqa-1141,50-50,test,True
simpleqa-1142,50-50,selection,False
simpleqa-1143,50-50,test,False
simpleqa-1144,50-50,test,False
simpleqa-1145,50-50,test,True
simpleqa-1146,50-50,test,True
simpleqa-1147,50-50,selection,False
simpleqa-1148,50-50,selection,False
simpleqa-1149,50-50,test,False
simpleqa-115,50-50,selection,False
simpleqa-1150,50-50,selection,False
simpleqa-1151,50-50,selection,False
simpleqa-1152,50-50,test,False
simpleqa-1153,50-50,test,True
simpleqa-1154,50-50,test,True
simpleqa-1155,50-50,selection,False
simpleqa-1156,50-50,test,True
simpleqa-1157,50-50,test,True
simpleqa-1158,50-50,selection,False
simpleqa-1159,50-50,selection,False
simpleqa-116,50-50,selection,False
simpleqa-1160,50-50,test,False
simpleqa-1161,50-50,selection,False
simpleqa-1162,50-50,test,True
simpleqa-1163,50-50,selection,False
simpleqa-1164,50-50,test,True
simpleqa-1165,50-50,selection,False
simpleqa-1166,50-50,test,True
simpleqa-1167,50-50,test,False
simpleqa-1168,50-50,test,False
simpleqa-1169,50-50,selection,False
simpleqa-117,50-50,test,False
simpleqa-1170,50-50,selection,False
simpleqa-1171,50-50,selection,False
simpleqa-1172,50-50,selection,False
simpleqa-1173,50-50,selection,False
simpleqa-1174,50-50,selection,False
simpleqa-1175,50-50,selection,False
simpleqa-1176,50-50,selection,False
simpleqa-1177,50-50,selection,False
simpleqa-1178,50-50,test,False
simpleqa-1179,50-50,test,True
simpleqa-118,50-50,selection,False
simpleqa-1180,50-50,selection,False
simpleqa-1181,50-50,test,True
simpleqa-1182,50-50,selection,False
simpleqa-1183,50-50,test,True
simpleqa-1184,50-50,test,True
simpleqa-1185,50-50,selection,False
simpleqa-1186,50-50,test,False
simpleqa-1187,50-50,selection,False
simpleqa-1188,50-50,selection,False
simpleqa-1189,50-50,test,True
simpleqa-119,50-50,selection,False
simpleqa-1190,50-50,test,False
simpleqa-1191,50-50,selection,False
simpleqa-1192,50-50,selection,False
simpleqa-1193,50-50,selection,False
simpleqa-1194,50-50,test,True
simpleqa-1195,50-50,test,False
simpleqa-1196,50-50,test,True
simpleqa-1197,50-50,selection,False
simpleqa-1198,50-50,selection,False
simpleqa-1199,50-50,selection,False
simpleqa-12,50-50,selection,False
simpleqa-120,50-50,test,False
simpleqa-1200,50-50,test,False
simpleqa-1201,50-50,selection,False
simpleqa-1202,50-50,test,True
simpleqa-1203,50-50,selection,False
simpleqa-1204,50-50,test,True
simpleqa-1205,50-50,selection,False
simpleqa-1206,50-50,test,True
simpleqa-1207,50-50,selection,False
simpleqa-1208,50-50,selection,False
simpleqa-1209,50-50,test,True
simpleqa-121,50-50,test,True
simpleqa-1210,50-50,test,False
simpleqa-1211,50-50,test,True
simpleqa-1212,50-50,selection,False
simpleqa-1213,50-50,selection,False
simpleqa-1214,50-50,test,True
simpleqa-1215,50-50,test,True
simpleqa-1216,50-50,selection,False
simpleqa-1217,50-50,selection,False
simpleqa-1218,50-50,selection,False
simpleqa-1219,50-50,selection,False
simpleqa-122,50-50,test,True
simpleqa-1220,50-50,test,True
simpleqa-1221,50-50,test,True
simpleqa-1222,50-50,test,False
simpleqa-1223,50-50,selection,False
simpleqa-1224,50-50,selection,False
simpleqa-1225,50-50,selection,False
simpleqa-1226,50-50,test,True
simpleqa-1227,50-50,selection,False
simpleqa-1228,50-50,test,False
simpleqa-1229,50-50,selection,False
simpleqa-123,50-50,selection,False
simpleqa-1230,50-50,selection,False
simpleqa-1231,50-50,selection,False
simpleqa-1232,50-50,test,False
simpleqa-1233,50-50,test,False
simpleqa-1234,50-50,test,True
simpleqa-1235,50-50,test,False
simpleqa-1236,50-50,selection,False
simpleqa-1237,50-50,selection,False
simpleqa-1238,50-50,test,False
simpleqa-1239,50-50,test,True
simpleqa-124,50-50,selection,False
simpleqa-1240,50-50,selection,False
simpleqa-1241,50-50,test,True
simpleqa-1242,50-50,test,True
simpleqa-1243,50-50,test,False
simpleqa-1244,50-50,selection,False
simpleqa-1245,50-50,test,True
simpleqa-1246,50-50,selection,False
simpleqa-1247,50-50,selection,False
simpleqa-1248,50-50,test,True
simpleqa-1249,50-50,test,False
simpleqa-125,50-50,test,False
simpleqa-1250,50-50,selection,False
simpleqa-1251,50-50,selection,False
simpleqa-1252,50-50,selection,False
simpleqa-1253,50-50,selection,False
simpleqa-1254,50-50,selection,False
simpleqa-1255,50-50,test,True
simpleqa-1256,50-50,selection,False
simpleqa-1257,50-50,test,False
simpleqa-1258,50-50,selection,False
simpleqa-1259,50-50,test,True
simpleqa-126,50-50,selection,False
simpleqa-1260,50-50,test,True
simpleqa-1261,50-50,selection,False
simpleqa-1262,50-50,test,True
simpleqa-1263,50-50,selection,False
simpleqa-1264,50-50,test,True
simpleqa-1265,50-50,selection,False
simpleqa-1266,50-50,test,True
simpleqa-1267,50-50,selection,False
simpleqa-1268,50-50,selection,False
simpleqa-1269,50-50,selection,False
simpleqa-127,50-50,selection,False
simpleqa-1270,50-50,selection,False
simpleqa-1271,50-50,selection,False
simpleqa-1272,50-50,selection,False
simpleqa-1273,50-50,test,True
simpleqa-1274,50-50,selection,False
simpleqa-1275,50-50,test,False
simpleqa-1276,50-50,test,False
simpleqa-1277,50-50,test,True
simpleqa-1278,50-50,selection,False
simpleqa-1279,50-50,test,True
simpleqa-128,50-50,test,False
simpleqa-1280,50-50,selection,False
simpleqa-1281,50-50,test,True
simpleqa-1282,50-50,selection,False
simpleqa-1283,50-50,test,False
simpleqa-1284,50-50,selection,False
simpleqa-1285,50-50,selection,False
simpleqa-1286,50-50,test,True
simpleqa-1287,50-50,test,False
simpleqa-1288,50-50,test,False
simpleqa-1289,50-50,selection,False
simpleqa-129,50-50,test,True
simpleqa-1290,50-50,selection,False
simpleqa-1291,50-50,selection,False
simpleqa-1292,50-50,test,True
simpleqa-1293,50-50,selection,False
simpleqa-1294,50-50,test,False
simpleqa-1295,50-50,selection,False
simpleqa-1296,50-50,test,True
simpleqa-1297,50-50,selection,False
simpleqa-1298,50-50,test,True
simpleqa-1299,50-50,test,True
simpleqa-13,50-50,test,False
simpleqa-130,50-50,test,False
simpleqa-1300,50-50,test,True
simpleqa-1301,50-50,test,True
simpleqa-1302,50-50,selection,False
simpleqa-1303,50-50,test,False
simpleqa-1304,50-50,selection,False
simpleqa-1305,50-50,test,False
simpleqa-1306,50-50,test,True
simpleqa-1307,50-50,selection,False
simpleqa-1308,50-50,test,True
simpleqa-1309,50-50,selection,False
simpleqa-131,50-50,selection,False
simpleqa-1310,50-50,selection,False
simpleqa-1311,50-50,selection,False
simpleqa-1312,50-50,selection,False
simpleqa-1313,50-50,selection,False
simpleqa-1314,50-50,selection,False
simpleqa-1315,50-50,selection,False
simpleqa-1316,50-50,test,True
simpleqa-1317,50-50,test,False
simpleqa-1318,50-50,selection,False
simpleqa-1319,50-50,test,True
simpleqa-132,50-50,selection,False
simpleqa-1320,50-50,selection,False
simpleqa-1321,50-50,test,False
simpleqa-1322,50-50,test,False
simpleqa-1323,50-50,test,True
simpleqa-1324,50-50,test,True
simpleqa-1325,50-50,test,True
simpleqa-1326,50-50,selection,False
simpleqa-1327,50-50,selection,False
simpleqa-1328,50-50,selection,False
simpleqa-1329,50-50,test,True
simpleqa-133,50-50,test,True
simpleqa-1330,50-50,test,False
simpleqa-1331,50-50,selection,False
simpleqa-1332,50-50,test,False
simpleqa-1333,50-50,test,True
simpleqa-1334,50-50,selection,False
simpleqa-1335,50-50,selection,False
simpleqa-1336,50-50,selection,False
simpleqa-1337,50-50,test,True
simpleqa-1338,50-50,test,False
simpleqa-1339,50-50,test,False
simpleqa-134,50-50,selection,False
simpleqa-1340,50-50,selection,False
simpleqa-1341,50-50,test,False
simpleqa-1342,50-50,test,False
simpleqa-1343,50-50,selection,False
simpleqa-1344,50-50,selection,False
simpleqa-1345,50-50,selection,False
simpleqa-1346,50-50,test,True
simpleqa-1347,50-50,test,True
simpleqa-1348,50-50,test,True
simpleqa-1349,50-50,test,True
simpleqa-135,50-50,selection,False
simpleqa-1350,50-50,selection,False
simpleqa-1351,50-50,test,True
simpleqa-1352,50-50,test,False
simpleqa-1353,50-50,selection,False
simpleqa-1354,50-50,test,False
simpleqa-1355,50-50,selection,False
simpleqa-1356,50-50,test,True
simpleqa-1357,50-50,selection,False
simpleqa-1358,50-50,test,False
simpleqa-1359,50-50,selection,False
simpleqa-136,50-50,selection,False
simpleqa-1360,50-50,test,True
simpleqa-1361,50-50,selection,False
simpleqa-1362,50-50,selection,False
simpleqa-1363,50-50,selection,False
simpleqa-1364,50-50,selection,False
simpleqa-1365,50-50,test,False
simpleqa-1366,50-50,test,True
simpleqa-1367,50-50,selection,False
simpleqa-1368,50-50,selection,False
simpleqa-1369,50-50,test,False
simpleqa-137,50-50,selection,False
simpleqa-1370,50-50,selection,False
simpleqa-1371,50-50,test,False
simpleqa-1372,50-50,selection,False
simpleqa-1373,50-50,selection,False
simpleqa-1374,50-50,selection,False
simpleqa-1375,50-50,test,True
simpleqa-1376,50-50,test,False
simpleqa-1377,50-50,test,True
simpleqa-1378,50-50,test,False
simpleqa-1379,50-50,test,True
simpleqa-138,50-50,test,True
simpleqa-1380,50-50,selection,False
simpleqa-1381,50-50,test,False
simpleqa-1382,50-50,test,True
simpleqa-1383,50-50,test,True
simpleqa-1384,50-50,test,False
simpleqa-1385,50-50,test,True
simpleqa-1386,50-50,test,False
simpleqa-1387,50-50,test,False
simpleqa-1388,50-50,test,False
simpleqa-1389,50-50,selection,False
simpleqa-139,50-50,test,False
simpleqa-1390,50-50,test,True
simpleqa-1391,50-50,selection,False
simpleqa-1392,50-50,test,True
simpleqa-1393,50-50,selection,False
simpleqa-1394,50-50,test,True
simpleqa-1395,50-50,selection,False
simpleqa-1396,50-50,selection,False
simpleqa-1397,50-50,selection,False
simpleqa-1398,50-50,test,True
simpleqa-1399,50-50,selection,False
simpleqa-14,50-50,test,True
simpleqa-140,50-50,test,True
simpleqa-1400,50-50,test,False
simpleqa-1401,50-50,selection,False
simpleqa-1402,50-50,selection,False
simpleqa-1403,50-50,test,True
simpleqa-1404,50-50,test,True
simpleqa-1405,50-50,selection,False
simpleqa-1406,50-50,test,True
simpleqa-1407,50-50,selection,False
simpleqa-1408,50-50,test,True
simpleqa-1409,50-50,selection,False
simpleqa-141,50-50,selection,False
simpleqa-1410,50-50,test,True
simpleqa-1411,50-50,selection,False
simpleqa-1412,50-50,test,True
simpleqa-1413,50-50,selection,False
simpleqa-1414,50-50,selection,False
simpleqa-1415,50-50,selection,False
simpleqa-1416,50-50,test,False
simpleqa-1417,50-50,selection,False
simpleqa-1418,50-50,selection,False
simpleqa-1419,50-50,test,True
simpleqa-142,50-50,selection,False
simpleqa-1420,50-50,selection,False
simpleqa-1421,50-50,selection,False
simpleqa-1422,50-50,test,True
simpleqa-1423,50-50,test,False
simpleqa-1424,50-50,selection,False
simpleqa-1425,50-50,test,False
simpleqa-1426,50-50,selection,False
simpleqa-1427,50-50,selection,False
simpleqa-1428,50-50,test,True
simpleqa-1429,50-50,selection,False
simpleqa-143,50-50,test,True
simpleqa-1430,50-50,selection,False
simpleqa-1431,50-50,test,True
simpleqa-1432,50-50,selection,False
simpleqa-1433,50-50,selection,False
simpleqa-1434,50-50,test,True
simpleqa-1435,50-50,test,True
simpleqa-1436,50-50,selection,False
simpleqa-1437,50-50,test,True
simpleqa-1438,50-50,test,True
simpleqa-1439,50-50,selection,False
simpleqa-144,50-50,test,False
simpleqa-1440,50-50,test,True
simpleqa-1441,50-50,selection,False
simpleqa-1442,50-50,selection,False
simpleqa-1443,50-50,selection,False
simpleqa-1444,50-50,test,False
simpleqa-1445,50-50,test,True
simpleqa-1446,50-50,selection,False
simpleqa-1447,50-50,test,True
simpleqa-1448,50-50,selection,False
simpleqa-1449,50-50,test,False
simpleqa-145,50-50,test,True
simpleqa-1450,50-50,selection,False
simpleqa-1451,50-50,selection,False
simpleqa-1452,50-50,selection,False
simpleqa-1453,50-50,test,False
simpleqa-1454,50-50,selection,False
simpleqa-1455,50-50,test,False
simpleqa-1456,50-50,test,False
simpleqa-1457,50-50,test,True
simpleqa-1458,50-50,selection,False
simpleqa-1459,50-50,test,False
simpleqa-146,50-50,test,False
simpleqa-1460,50-50,selection,False
simpleqa-1461,50-50,test,False
simpleqa-1462,50-50,test,False
simpleqa-1463,50-50,test,False
simpleqa-1464,50-50,selection,False
simpleqa-1465,50-50,test,False
simpleqa-1466,50-50,test,True
simpleqa-1467,50-50,test,False
simpleqa-1468,50-50,test,True
simpleqa-1469,50-50,test,True
simpleqa-147,50-50,test,True
simpleqa-1470,50-50,selection,False
simpleqa-1471,50-50,selection,False
simpleqa-1472,50-50,test,True
simpleqa-1473,50-50,selection,False
simpleqa-1474,50-50,test,True
simpleqa-1475,50-50,selection,False
simpleqa-1476,50-50,selection,False
simpleqa-1477,50-50,selection,False
simpleqa-1478,50-50,selection,False
simpleqa-1479,50-50,selection,False
simpleqa-148,50-50,test,True
simpleqa-1480,50-50,selection,False
simpleqa-1481,50-50,selection,False
simpleqa-1482,50-50,selection,False
simpleqa-1483,50-50,selection,False
simpleqa-1484,50-50,selection,False
simpleqa-1485,50-50,test,True
simpleqa-1486,50-50,selection,False
simpleqa-1487,50-50,test,False
simpleqa-1488,50-50,test,False
simpleqa-1489,50-50,test,False
simpleqa-149,50-50,selection,False
simpleqa-1490,50-50,test,False
simpleqa-1491,50-50,selection,False
simpleqa-1492,50-50,test,True
simpleqa-1493,50-50,selection,False
simpleqa-1494,50-50,test,False
simpleqa-1495,50-50,test,True
simpleqa-1496,50-50,test,True
simpleqa-1497,50-50,test,False
simpleqa-1498,50-50,selection,False
simpleqa-1499,50-50,test,True
simpleqa-15,50-50,test,True
simpleqa-150,50-50,test,True
simpleqa-1500,50-50,selection,False
simpleqa-1501,50-50,selection,False
simpleqa-1502,50-50,test,False
simpleqa-1503,50-50,test,True
simpleqa-1504,50-50,selection,False
simpleqa-1505,50-50,selection,False
simpleqa-1506,50-50,test,True
simpleqa-1507,50-50,test,True
simpleqa-1508,50-50,selection,False
simpleqa-1509,50-50,test,True
simpleqa-151,50-50,test,False
simpleqa-1510,50-50,test,False
simpleqa-1511,50-50,selection,False
simpleqa-1512,50-50,selection,False
simpleqa-1513,50-50,test,True
simpleqa-1514,50-50,test,True
simpleqa-1515,50-50,selection,False
simpleqa-1516,50-50,test,True
simpleqa-1517,50-50,test,True
simpleqa-1518,50-50,selection,False
simpleqa-1519,50-50,test,True
simpleqa-152,50-50,selection,False
simpleqa-1520,50-50,selection,False
simpleqa-1521,50-50,test,True
simpleqa-1522,50-50,selection,False
simpleqa-1523,50-50,test,False
simpleqa-1524,50-50,selection,False
simpleqa-1525,50-50,test,False
simpleqa-1526,50-50,test,True
simpleqa-1527,50-50,selection,False
simpleqa-1528,50-50,selection,False
simpleqa-1529,50-50,selection,False
simpleqa-153,50-50,selection,False
simpleqa-1530,50-50,selection,False
simpleqa-1531,50-50,selection,False
simpleqa-1532,50-50,test,True
simpleqa-1533,50-50,test,False
simpleqa-1534,50-50,test,False
simpleqa-1535,50-50,test,True
simpleqa-1536,50-50,test,False
simpleqa-1537,50-50,selection,False
simpleqa-1538,50-50,selection,False
simpleqa-1539,50-50,selection,False
simpleqa-154,50-50,test,True
simpleqa-1540,50-50,selection,False
simpleqa-1541,50-50,selection,False
simpleqa-1542,50-50,selection,False
simpleqa-1543,50-50,test,True
simpleqa-1544,50-50,test,False
simpleqa-1545,50-50,test,True
simpleqa-1546,50-50,selection,False
simpleqa-1547,50-50,test,True
simpleqa-1548,50-50,selection,False
simpleqa-1549,50-50,selection,False
simpleqa-155,50-50,test,True
simpleqa-1550,50-50,test,False
simpleqa-1551,50-50,selection,False
simpleqa-1552,50-50,test,False
simpleqa-1553,50-50,test,False
simpleqa-1554,50-50,selection,False
simpleqa-1555,50-50,test,True
simpleqa-1556,50-50,test,True
simpleqa-1557,50-50,test,True
simpleqa-1558,50-50,selection,False
simpleqa-1559,50-50,selection,False
simpleqa-156,50-50,selection,False
simpleqa-1560,50-50,test,True
simpleqa-1561,50-50,selection,False
simpleqa-1562,50-50,selection,False
simpleqa-1563,50-50,test,True
simpleqa-1564,50-50,test,False
simpleqa-1565,50-50,test,False
simpleqa-1566,50-50,selection,False
simpleqa-1567,50-50,test,True
simpleqa-1568,50-50,selection,False
simpleqa-1569,50-50,test,True
simpleqa-157,50-50,test,True
simpleqa-1570,50-50,test,True
simpleqa-1571,50-50,test,False
simpleqa-1572,50-50,test,True
simpleqa-1573,50-50,selection,False
simpleqa-1574,50-50,test,False
simpleqa-1575,50-50,selection,False
simpleqa-1576,50-50,selection,False
simpleqa-1577,50-50,test,True
simpleqa-1578,50-50,selection,False
simpleqa-1579,50-50,test,True
simpleqa-158,50-50,test,True
simpleqa-1580,50-50,test,False
simpleqa-1581,50-50,test,False
simpleqa-1582,50-50,test,True
simpleqa-1583,50-50,test,True
simpleqa-1584,50-50,selection,False
simpleqa-1585,50-50,selection,False
simpleqa-1586,50-50,selection,False
simpleqa-1587,50-50,selection,False
simpleqa-1588,50-50,selection,False
simpleqa-1589,50-50,selection,False
simpleqa-159,50-50,test,True
simpleqa-1590,50-50,selection,False
simpleqa-1591,50-50,selection,False
simpleqa-1592,50-50,selection,False
simpleqa-1593,50-50,test,True
simpleqa-1594,50-50,test,True
simpleqa-1595,50-50,test,True
simpleqa-1596,50-50,test,True
simpleqa-1597,50-50,test,True
simpleqa-1598,50-50,selection,False
simpleqa-1599,50-50,selection,False
simpleqa-16,50-50,test,False
simpleqa-160,50-50,selection,False
simpleqa-1600,50-50,selection,False
simpleqa-1601,50-50,test,True
simpleqa-1602,50-50,selection,False
simpleqa-1603,50-50,selection,False
simpleqa-1604,50-50,test,True
simpleqa-1605,50-50,test,False
simpleqa-1606,50-50,selection,False
simpleqa-1607,50-50,selection,False
simpleqa-1608,50-50,test,False
simpleqa-1609,50-50,test,False
simpleqa-161,50-50,selection,False
simpleqa-1610,50-50,test,False
simpleqa-1611,50-50,test,True
simpleqa-1612,50-50,test,True
simpleqa-1613,50-50,selection,False
simpleqa-1614,50-50,selection,False
simpleqa-1615,50-50,test,False
simpleqa-1616,50-50,test,False
simpleqa-1617,50-50,selection,False
simpleqa-1618,50-50,test,False
simpleqa-1619,50-50,test,False
simpleqa-162,50-50,selection,False
simpleqa-1620,50-50,selection,False
simpleqa-1621,50-50,test,False
simpleqa-1622,50-50,selection,False
simpleqa-1623,50-50,test,True
simpleqa-1624,50-50,test,True
simpleqa-1625,50-50,test,True
simpleqa-1626,50-50,selection,False
simpleqa-1627,50-50,selection,False
simpleqa-1628,50-50,test,False
simpleqa-1629,50-50,test,False
simpleqa-163,50-50,selection,False
simpleqa-1630,50-50,selection,False
simpleqa-1631,50-50,test,False
simpleqa-1632,50-50,selection,False
simpleqa-1633,50-50,test,True
simpleqa-1634,50-50,test,True
simpleqa-1635,50-50,selection,False
simpleqa-1636,50-50,selection,False
simpleqa-1637,50-50,selection,False
simpleqa-1638,50-50,selection,False
simpleqa-1639,50-50,selection,False
simpleqa-164,50-50,selection,False
simpleqa-1640,50-50,test,True
simpleqa-1641,50-50,test,False
simpleqa-1642,50-50,selection,False
simpleqa-1643,50-50,selection,False
simpleqa-1644,50-50,selection,False
simpleqa-1645,50-50,selection,False
simpleqa-1646,50-50,test,False
simpleqa-1647,50-50,selection,False
simpleqa-1648,50-50,test,True
simpleqa-1649,50-50,test,True
simpleqa-165,50-50,selection,False
simpleqa-1650,50-50,test,True
simpleqa-1651,50-50,test,False
simpleqa-1652,50-50,selection,False
simpleqa-1653,50-50,selection,False
simpleqa-1654,50-50,selection,False
simpleqa-1655,50-50,selection,False
simpleqa-1656,50-50,selection,False
simpleqa-1657,50-50,selection,False
simpleqa-1658,50-50,test,True
simpleqa-1659,50-50,selection,False
simpleqa-166,50-50,test,True
simpleqa-1660,50-50,test,True
simpleqa-1661,50-50,selection,False
simpleqa-1662,50-50,test,False
simpleqa-1663,50-50,selection,False
simpleqa-1664,50-50,test,False
simpleqa-1665,50-50,test,False
simpleqa-1666,50-50,test,False
simpleqa-1667,50-50,test,True
simpleqa-1668,50-50,selection,False
simpleqa-1669,50-50,selection,False
simpleqa-167,50-50,test,True
simpleqa-1670,50-50,selection,False
simpleqa-1671,50-50,selection,False
simpleqa-1672,50-50,selection,False
simpleqa-1673,50-50,selection,False
simpleqa-1674,50-50,test,True
simpleqa-1675,50-50,selection,False
simpleqa-1676,50-50,test,False
simpleqa-1677,50-50,selection,False
simpleqa-1678,50-50,test,False
simpleqa-1679,50-50,selection,False
simpleqa-168,50-50,selection,False
simpleqa-1680,50-50,selection,False
simpleqa-1681,50-50,test,True
simpleqa-1682,50-50,selection,False
simpleqa-1683,50-50,test,False
simpleqa-1684,50-50,test,False
simpleqa-1685,50-50,test,True
simpleqa-1686,50-50,test,False
simpleqa-1687,50-50,selection,False
simpleqa-1688,50-50,selection,False
simpleqa-1689,50-50,test,True
simpleqa-169,50-50,test,True
simpleqa-1690,50-50,selection,False
simpleqa-1691,50-50,selection,False
simpleqa-1692,50-50,test,False
simpleqa-1693,50-50,test,False
simpleqa-1694,50-50,selection,False
simpleqa-1695,50-50,selection,False
simpleqa-1696,50-50,test,True
simpleqa-1697,50-50,test,True
simpleqa-1698,50-50,selection,False
simpleqa-1699,50-50,selection,False
simpleqa-17,50-50,test,False
simpleqa-170,50-50,test,True
simpleqa-1700,50-50,test,False
simpleqa-1701,50-50,test,True
simpleqa-1702,50-50,selection,False
simpleqa-1703,50-50,selection,False
simpleqa-1704,50-50,selection,False
simpleqa-1705,50-50,test,False
simpleqa-1706,50-50,test,True
simpleqa-1707,50-50,selection,False
simpleqa-1708,50-50,test,True
simpleqa-1709,50-50,test,False
simpleqa-171,50-50,test,False
simpleqa-1710,50-50,selection,False
simpleqa-1711,50-50,test,True
simpleqa-1712,50-50,test,False
simpleqa-1713,50-50,test,True
simpleqa-1714,50-50,selection,False
simpleqa-1715,50-50,selection,False
simpleqa-1716,50-50,selection,False
simpleqa-1717,50-50,test,True
simpleqa-1718,50-50,test,False
simpleqa-1719,50-50,selection,False
simpleqa-172,50-50,selection,False
simpleqa-1720,50-50,test,False
simpleqa-1721,50-50,selection,False
simpleqa-1722,50-50,test,True
simpleqa-1723,50-50,selection,False
simpleqa-1724,50-50,test,False
simpleqa-1725,50-50,test,False
simpleqa-1726,50-50,test,False
simpleqa-1727,50-50,test,True
simpleqa-1728,50-50,selection,False
simpleqa-1729,50-50,test,False
simpleqa-173,50-50,test,False
simpleqa-1730,50-50,test,True
simpleqa-1731,50-50,selection,False
simpleqa-1732,50-50,test,False
simpleqa-1733,50-50,test,True
simpleqa-1734,50-50,test,False
simpleqa-1735,50-50,selection,False
simpleqa-1736,50-50,test,True
simpleqa-1737,50-50,test,True
simpleqa-1738,50-50,test,True
simpleqa-1739,50-50,selection,False
simpleqa-174,50-50,test,False
simpleqa-1740,50-50,selection,False
simpleqa-1741,50-50,selection,False
simpleqa-1742,50-50,test,True
simpleqa-1743,50-50,test,True
simpleqa-1744,50-50,selection,False
simpleqa-1745,50-50,test,True
simpleqa-1746,50-50,test,True
simpleqa-1747,50-50,selection,False
simpleqa-1748,50-50,test,False
simpleqa-1749,50-50,selection,False
simpleqa-175,50-50,selection,False
simpleqa-1750,50-50,selection,False
simpleqa-1751,50-50,test,False
simpleqa-1752,50-50,selection,False
simpleqa-1753,50-50,selection,False
simpleqa-1754,50-50,test,False
simpleqa-1755,50-50,test,False
simpleqa-1756,50-50,selection,False
simpleqa-1757,50-50,selection,False
simpleqa-1758,50-50,test,True
simpleqa-1759,50-50,test,True
simpleqa-176,50-50,selection,False
simpleqa-1760,50-50,test,True
simpleqa-1761,50-50,selection,False
simpleqa-1762,50-50,selection,False
simpleqa-1763,50-50,test,False
simpleqa-1764,50-50,test,False
simpleqa-1765,50-50,selection,False
simpleqa-1766,50-50,selection,False
simpleqa-1767,50-50,selection,False
simpleqa-1768,50-50,selection,False
simpleqa-1769,50-50,selection,False
simpleqa-177,50-50,selection,False
simpleqa-1770,50-50,selection,False
simpleqa-1771,50-50,test,True
simpleqa-1772,50-50,test,True
simpleqa-1773,50-50,selection,False
simpleqa-1774,50-50,selection,False
simpleqa-1775,50-50,selection,False
simpleqa-1776,50-50,selection,False
simpleqa-1777,50-50,test,False
simpleqa-1778,50-50,selection,False
simpleqa-1779,50-50,selection,False
simpleqa-178,50-50,test,False
simpleqa-1780,50-50,test,True
simpleqa-1781,50-50,selection,False
simpleqa-1782,50-50,test,False
simpleqa-1783,50-50,selection,False
simpleqa-1784,50-50,test,True
simpleqa-1785,50-50,test,True
simpleqa-1786,50-50,test,False
simpleqa-1787,50-50,test,False
simpleqa-1788,50-50,test,True
simpleqa-1789,50-50,selection,False
simpleqa-179,50-50,test,False
simpleqa-1790,50-50,test,True
simpleqa-1791,50-50,selection,False
simpleqa-1792,50-50,test,True
simpleqa-1793,50-50,test,True
simpleqa-1794,50-50,test,True
simpleqa-1795,50-50,selection,False
simpleqa-1796,50-50,selection,False
simpleqa-1797,50-50,selection,False
simpleqa-1798,50-50,test,True
simpleqa-1799,50-50,selection,False
simpleqa-18,50-50,test,False
simpleqa-180,50-50,selection,False
simpleqa-1800,50-50,selection,False
simpleqa-1801,50-50,test,False
simpleqa-1802,50-50,selection,False
simpleqa-1803,50-50,test,True
simpleqa-1804,50-50,selection,False
simpleqa-1805,50-50,selection,False
simpleqa-1806,50-50,selection,False
simpleqa-1807,50-50,test,False
simpleqa-1808,50-50,selection,False
simpleqa-1809,50-50,selection,False
simpleqa-181,50-50,test,False
simpleqa-1810,50-50,selection,False
simpleqa-1811,50-50,test,False
simpleqa-1812,50-50,selection,False
simpleqa-1813,50-50,test,True
simpleqa-1814,50-50,test,True
simpleqa-1815,50-50,test,True
simpleqa-1816,50-50,test,True
simpleqa-1817,50-50,selection,False
simpleqa-1818,50-50,test,True
simpleqa-1819,50-50,test,False
simpleqa-182,50-50,test,True
simpleqa-1820,50-50,test,False
simpleqa-1821,50-50,test,True
simpleqa-1822,50-50,test,True
simpleqa-1823,50-50,test,True
simpleqa-1824,50-50,selection,False
simpleqa-1825,50-50,selection,False
simpleqa-1826,50-50,selection,False
simpleqa-1827,50-50,test,False
simpleqa-1828,50-50,selection,False
simpleqa-1829,50-50,test,True
simpleqa-183,50-50,test,False
simpleqa-1830,50-50,selection,False
simpleqa-1831,50-50,test,False
simpleqa-1832,50-50,selection,False
simpleqa-1833,50-50,test,False
simpleqa-1834,50-50,selection,False
simpleqa-1835,50-50,selection,False
simpleqa-1836,50-50,selection,False
simpleqa-1837,50-50,selection,False
simpleqa-1838,50-50,test,False
simpleqa-1839,50-50,selection,False
simpleqa-184,50-50,selection,False
simpleqa-1840,50-50,selection,False
simpleqa-1841,50-50,selection,False
simpleqa-1842,50-50,selection,False
simpleqa-1843,50-50,test,True
simpleqa-1844,50-50,test,False
simpleqa-1845,50-50,test,True
simpleqa-1846,50-50,test,True
simpleqa-1847,50-50,selection,False
simpleqa-1848,50-50,selection,False
simpleqa-1849,50-50,test,True
simpleqa-185,50-50,test,True
simpleqa-1850,50-50,selection,False
simpleqa-1851,50-50,test,True
simpleqa-1852,50-50,test,False
simpleqa-1853,50-50,selection,False
simpleqa-1854,50-50,test,True
simpleqa-1855,50-50,selection,False
simpleqa-1856,50-50,selection,False
simpleqa-1857,50-50,selection,False
simpleqa-1858,50-50,selection,False
simpleqa-1859,50-50,selection,False
simpleqa-186,50-50,selection,False
simpleqa-1860,50-50,selection,False
simpleqa-1861,50-50,test,False
simpleqa-1862,50-50,selection,False
simpleqa-1863,50-50,selection,False
simpleqa-1864,50-50,test,True
simpleqa-1865,50-50,test,True
simpleqa-1866,50-50,selection,False
simpleqa-1867,50-50,test,True
simpleqa-1868,50-50,test,False
simpleqa-1869,50-50,test,True
simpleqa-187,50-50,test,True
simpleqa-1870,50-50,selection,False
simpleqa-1871,50-50,selection,False
simpleqa-1872,50-50,test,True
simpleqa-1873,50-50,test,True
simpleqa-1874,50-50,selection,False
simpleqa-1875,50-50,selection,False
simpleqa-1876,50-50,test,True
simpleqa-1877,50-50,selection,False
simpleqa-1878,50-50,test,False
simpleqa-1879,50-50,selection,False
simpleqa-188,50-50,selection,False
simpleqa-1880,50-50,selection,False
simpleqa-1881,50-50,test,True
simpleqa-1882,50-50,test,True
simpleqa-1883,50-50,selection,False
simpleqa-1884,50-50,test,True
simpleqa-1885,50-50,selection,False
simpleqa-1886,50-50,test,True
simpleqa-1887,50-50,selection,False
simpleqa-1888,50-50,selection,False
simpleqa-1889,50-50,selection,False
simpleqa-189,50-50,test,True
simpleqa-1890,50-50,test,True
simpleqa-1891,50-50,selection,False
simpleqa-1892,50-50,selection,False
simpleqa-1893,50-50,selection,False
simpleqa-1894,50-50,test,False
simpleqa-1895,50-50,selection,False
simpleqa-1896,50-50,test,False
simpleqa-1897,50-50,selection,False
simpleqa-1898,50-50,test,True
simpleqa-1899,50-50,selection,False
simpleqa-19,50-50,test,True
simpleqa-190,50-50,selection,False
simpleqa-1900,50-50,test,True
simpleqa-1901,50-50,selection,False
simpleqa-1902,50-50,selection,False
simpleqa-1903,50-50,selection,False
simpleqa-1904,50-50,test,False
simpleqa-1905,50-50,test,True
simpleqa-1906,50-50,selection,False
simpleqa-1907,50-50,test,False
simpleqa-1908,50-50,selection,False
simpleqa-1909,50-50,test,True
simpleqa-191,50-50,test,True
simpleqa-1910,50-50,test,True
simpleqa-1911,50-50,test,False
simpleqa-1912,50-50,selection,False
simpleqa-1913,50-50,selection,False
simpleqa-1914,50-50,test,True
simpleqa-1915,50-50,test,True
simpleqa-1916,50-50,selection,False
simpleqa-1917,50-50,test,True
simpleqa-1918,50-50,selection,False
simpleqa-1919,50-50,selection,False
simpleqa-192,50-50,selection,False
simpleqa-1920,50-50,selection,False
simpleqa-1921,50-50,test,False
simpleqa-1922,50-50,test,True
simpleqa-1923,50-50,test,True
simpleqa-1924,50-50,test,False
simpleqa-1925,50-50,test,False
simpleqa-1926,50-50,selection,False
simpleqa-1927,50-50,selection,False
simpleqa-1928,50-50,selection,False
simpleqa-1929,50-50,selection,False
simpleqa-193,50-50,selection,False
simpleqa-1930,50-50,selection,False
simpleqa-1931,50-50,selection,False
simpleqa-1932,50-50,selection,False
simpleqa-1933,50-50,test,False
simpleqa-1934,50-50,selection,False
simpleqa-1935,50-50,selection,False
simpleqa-1936,50-50,test,True
simpleqa-1937,50-50,test,True
simpleqa-1938,50-50,test,True
simpleqa-1939,50-50,selection,False
simpleqa-194,50-50,selection,False
simpleqa-1940,50-50,test,True
simpleqa-1941,50-50,selection,False
simpleqa-1942,50-50,selection,False
simpleqa-1943,50-50,test,True
simpleqa-1944,50-50,test,False
simpleqa-1945,50-50,selection,False
simpleqa-1946,50-50,test,False
simpleqa-1947,50-50,selection,False
simpleqa-1948,50-50,test,True
simpleqa-1949,50-50,test,False
simpleqa-195,50-50,selection,False
simpleqa-1950,50-50,selection,False
simpleqa-1951,50-50,selection,False
simpleqa-1952,50-50,selection,False
simpleqa-1953,50-50,selection,False
simpleqa-1954,50-50,selection,False
simpleqa-1955,50-50,selection,False
simpleqa-1956,50-50,selection,False
simpleqa-1957,50-50,test,True
simpleqa-1958,50-50,test,True
simpleqa-1959,50-50,selection,False
simpleqa-196,50-50,selection,False
simpleqa-1960,50-50,selection,False
simpleqa-1961,50-50,test,True
simpleqa-1962,50-50,selection,False
simpleqa-1963,50-50,test,True
simpleqa-1964,50-50,test,False
simpleqa-1965,50-50,test,False
simpleqa-1966,50-50,selection,False
simpleqa-1967,50-50,test,False
simpleqa-1968,50-50,selection,False
simpleqa-1969,50-50,selection,False
simpleqa-197,50-50,test,True
simpleqa-1970,50-50,selection,False
simpleqa-1971,50-50,test,True
simpleqa-1972,50-50,selection,False
simpleqa-1973,50-50,selection,False
simpleqa-1974,50-50,test,True
simpleqa-1975,50-50,test,True
simpleqa-1976,50-50,selection,False
simpleqa-1977,50-50,selection,False
simpleqa-1978,50-50,test,True
simpleqa-1979,50-50,selection,False
simpleqa-198,50-50,test,False
simpleqa-1980,50-50,test,False
simpleqa-1981,50-50,test,False
simpleqa-1982,50-50,selection,False
simpleqa-1983,50-50,test,False
simpleqa-1984,50-50,selection,False
simpleqa-1985,50-50,test,True
simpleqa-1986,50-50,test,False
simpleqa-1987,50-50,test,True
simpleqa-1988,50-50,test,False
simpleqa-1989,50-50,selection,False
simpleqa-199,50-50,selection,False
simpleqa-1990,50-50,selection,False
simpleqa-1991,50-50,selection,False
simpleqa-1992,50-50,selection,False
simpleqa-1993,50-50,selection,False
simpleqa-1994,50-50,selection,False
simpleqa-1995,50-50,selection,False
simpleqa-1996,50-50,selection,False
simpleqa-1997,50-50,test,True
simpleqa-1998,50-50,selection,False
simpleqa-1999,50-50,selection,False
simpleqa-2,50-50,test,False
simpleqa-20,50-50,selection,False
simpleqa-200,50-50,test,True
simpleqa-2000,50-50,selection,False
simpleqa-2001,50-50,selection,False
simpleqa-2002,50-50,selection,False
simpleqa-2003,50-50,selection,False
simpleqa-2004,50-50,test,False
simpleqa-2005,50-50,test,True
simpleqa-2006,50-50,selection,False
simpleqa-2007,50-50,selection,False
simpleqa-2008,50-50,selection,False
simpleqa-2009,50-50,selection,False
simpleqa-201,50-50,test,True
simpleqa-2010,50-50,test,False
simpleqa-2011,50-50,test,True
simpleqa-2012,50-50,test,False
simpleqa-2013,50-50,test,True
simpleqa-2014,50-50,test,True
simpleqa-2015,50-50,selection,False
simpleqa-2016,50-50,selection,False
simpleqa-2017,50-50,selection,False
simpleqa-2018,50-50,selection,False
simpleqa-2019,50-50,test,True
simpleqa-202,50-50,test,True
simpleqa-2020,50-50,selection,False
simpleqa-2021,50-50,selection,False
simpleqa-2022,50-50,test,False
simpleqa-2023,50-50,test,False
simpleqa-2024,50-50,test,True
simpleqa-2025,50-50,test,True
simpleqa-2026,50-50,selection,False
simpleqa-2027,50-50,selection,False
simpleqa-2028,50-50,test,True
simpleqa-2029,50-50,test,False
simpleqa-203,50-50,selection,False
simpleqa-2030,50-50,selection,False
simpleqa-2031,50-50,selection,False
simpleqa-2032,50-50,selection,False
simpleqa-2033,50-50,test,False
simpleqa-2034,50-50,selection,False
simpleqa-2035,50-50,selection,False
simpleqa-2036,50-50,test,True
simpleqa-2037,50-50,test,True
simpleqa-2038,50-50,test,False
simpleqa-2039,50-50,test,False
simpleqa-204,50-50,test,True
simpleqa-2040,50-50,test,True
simpleqa-2041,50-50,test,True
simpleqa-2042,50-50,selection,False
simpleqa-2043,50-50,selection,False
simpleqa-2044,50-50,test,True
simpleqa-2045,50-50,test,True
simpleqa-2046,50-50,test,False
simpleqa-2047,50-50,test,True
simpleqa-2048,50-50,selection,False
simpleqa-2049,50-50,test,True
simpleqa-205,50-50,selection,False
simpleqa-2050,50-50,test,False
simpleqa-2051,50-50,test,True
simpleqa-2052,50-50,selection,False
simpleqa-2053,50-50,test,False
simpleqa-2054,50-50,selection,False
simpleqa-2055,50-50,selection,False
simpleqa-2056,50-50,selection,False
simpleqa-2057,50-50,test,False
simpleqa-2058,50-50,test,True
simpleqa-2059,50-50,selection,False
simpleqa-206,50-50,test,True
simpleqa-2060,50-50,selection,False
simpleqa-2061,50-50,selection,False
simpleqa-2062,50-50,test,True
simpleqa-2063,50-50,selection,False
simpleqa-2064,50-50,selection,False
simpleqa-2065,50-50,test,True
simpleqa-2066,50-50,selection,False
simpleqa-2067,50-50,test,False
simpleqa-2068,50-50,selection,False
simpleqa-2069,50-50,test,True
simpleqa-207,50-50,selection,False
simpleqa-2070,50-50,test,False
simpleqa-2071,50-50,test,True
simpleqa-2072,50-50,test,True
simpleqa-2073,50-50,test,True
simpleqa-2074,50-50,test,False
simpleqa-2075,50-50,test,False
simpleqa-2076,50-50,test,False
simpleqa-2077,50-50,selection,False
simpleqa-2078,50-50,selection,False
simpleqa-2079,50-50,selection,False
simpleqa-208,50-50,test,True
simpleqa-2080,50-50,selection,False
simpleqa-2081,50-50,selection,False
simpleqa-2082,50-50,test,False
simpleqa-2083,50-50,selection,False
simpleqa-2084,50-50,test,False
simpleqa-2085,50-50,test,True
simpleqa-2086,50-50,selection,False
simpleqa-2087,50-50,selection,False
simpleqa-2088,50-50,test,False
simpleqa-2089,50-50,test,False
simpleqa-209,50-50,selection,False
simpleqa-2090,50-50,selection,False
simpleqa-2091,50-50,test,False
simpleqa-2092,50-50,test,True
simpleqa-2093,50-50,test,True
simpleqa-2094,50-50,test,False
simpleqa-2095,50-50,test,True
simpleqa-2096,50-50,test,True
simpleqa-2097,50-50,selection,False
simpleqa-2098,50-50,selection,False
simpleqa-2099,50-50,selection,False
simpleqa-21,50-50,test,False
simpleqa-210,50-50,test,True
simpleqa-2100,50-50,test,True
simpleqa-2101,50-50,test,False
simpleqa-2102,50-50,selection,False
simpleqa-2103,50-50,selection,False
simpleqa-2104,50-50,test,False
simpleqa-2105,50-50,selection,False
simpleqa-2106,50-50,selection,False
simpleqa-2107,50-50,test,True
simpleqa-2108,50-50,selection,False
simpleqa-2109,50-50,selection,False
simpleqa-211,50-50,test,False
simpleqa-2110,50-50,selection,False
simpleqa-2111,50-50,test,True
simpleqa-2112,50-50,selection,False
simpleqa-2113,50-50,selection,False
simpleqa-2114,50-50,test,True
simpleqa-2115,50-50,selection,False
simpleqa-2116,50-50,selection,False
simpleqa-2117,50-50,selection,False
simpleqa-2118,50-50,test,True
simpleqa-2119,50-50,test,True
simpleqa-212,50-50,test,True
simpleqa-2120,50-50,selection,False
simpleqa-2121,50-50,test,True
simpleqa-2122,50-50,selection,False
simpleqa-2123,50-50,test,True
simpleqa-2124,50-50,test,False
simpleqa-2125,50-50,test,True
simpleqa-2126,50-50,test,True
simpleqa-2127,50-50,test,True
simpleqa-2128,50-50,selection,False
simpleqa-2129,50-50,selection,False
simpleqa-213,50-50,selection,False
simpleqa-2130,50-50,selection,False
simpleqa-2131,50-50,test,False
simpleqa-2132,50-50,selection,False
simpleqa-2133,50-50,selection,False
simpleqa-2134,50-50,test,True
simpleqa-2135,50-50,test,True
simpleqa-2136,50-50,selection,False
simpleqa-2137,50-50,selection,False
simpleqa-2138,50-50,test,False
simpleqa-2139,50-50,selection,False
simpleqa-214,50-50,test,False
simpleqa-2140,50-50,selection,False
simpleqa-2141,50-50,test,True
simpleqa-2142,50-50,selection,False
simpleqa-2143,50-50,selection,False
simpleqa-2144,50-50,test,False
simpleqa-2145,50-50,test,True
simpleqa-2146,50-50,selection,False
simpleqa-2147,50-50,selection,False
simpleqa-2148,50-50,test,False
simpleqa-2149,50-50,selection,False
simpleqa-215,50-50,test,False
simpleqa-2150,50-50,selection,False
simpleqa-2151,50-50,test,False
simpleqa-2152,50-50,selection,False
simpleqa-2153,50-50,test,True
simpleqa-2154,50-50,test,True
simpleqa-2155,50-50,selection,False
simpleqa-2156,50-50,test,True
simpleqa-2157,50-50,test,True
simpleqa-2158,50-50,selection,False
simpleqa-2159,50-50,test,True
simpleqa-216,50-50,selection,False
simpleqa-2160,50-50,test,True
simpleqa-2161,50-50,test,False
simpleqa-2162,50-50,test,True
simpleqa-2163,50-50,test,True
simpleqa-2164,50-50,test,False
simpleqa-2165,50-50,test,True
simpleqa-2166,50-50,selection,False
simpleqa-2167,50-50,selection,False
simpleqa-2168,50-50,test,False
simpleqa-2169,50-50,test,False
simpleqa-217,50-50,test,False
simpleqa-2170,50-50,selection,False
simpleqa-2171,50-50,selection,False
simpleqa-2172,50-50,test,True
simpleqa-2173,50-50,test,False
simpleqa-2174,50-50,test,True
simpleqa-2175,50-50,selection,False
simpleqa-2176,50-50,test,False
simpleqa-2177,50-50,selection,False
simpleqa-2178,50-50,selection,False
simpleqa-2179,50-50,test,True
simpleqa-218,50-50,test,True
simpleqa-2180,50-50,test,True
simpleqa-2181,50-50,test,True
simpleqa-2182,50-50,selection,False
simpleqa-2183,50-50,test,True
simpleqa-2184,50-50,selection,False
simpleqa-2185,50-50,selection,False
simpleqa-2186,50-50,test,True
simpleqa-2187,50-50,test,True
simpleqa-2188,50-50,test,True
simpleqa-2189,50-50,selection,False
simpleqa-219,50-50,selection,False
simpleqa-2190,50-50,selection,False
simpleqa-2191,50-50,test,False
simpleqa-2192,50-50,selection,False
simpleqa-2193,50-50,selection,False
simpleqa-2194,50-50,test,True
simpleqa-2195,50-50,selection,False
simpleqa-2196,50-50,selection,False
simpleqa-2197,50-50,test,True
simpleqa-2198,50-50,test,True
simpleqa-2199,50-50,test,True
simpleqa-22,50-50,selection,False
simpleqa-220,50-50,selection,False
simpleqa-2200,50-50,test,True
simpleqa-2201,50-50,selection,False
simpleqa-2202,50-50,test,True
simpleqa-2203,50-50,selection,False
simpleqa-2204,50-50,selection,False
simpleqa-2205,50-50,selection,False
simpleqa-2206,50-50,selection,False
simpleqa-2207,50-50,test,True
simpleqa-2208,50-50,selection,False
simpleqa-2209,50-50,test,False
simpleqa-221,50-50,test,True
simpleqa-2210,50-50,test,True
simpleqa-2211,50-50,selection,False
simpleqa-2212,50-50,selection,False
simpleqa-2213,50-50,test,True
simpleqa-2214,50-50,selection,False
simpleqa-2215,50-50,test,False
simpleqa-2216,50-50,test,True
simpleqa-2217,50-50,test,True
simpleqa-2218,50-50,test,False
simpleqa-2219,50-50,test,False
simpleqa-222,50-50,test,False
simpleqa-2220,50-50,test,False
simpleqa-2221,50-50,test,True
simpleqa-2222,50-50,test,True
simpleqa-2223,50-50,selection,False
simpleqa-2224,50-50,selection,False
simpleqa-2225,50-50,selection,False
simpleqa-2226,50-50,selection,False
simpleqa-2227,50-50,selection,False
simpleqa-2228,50-50,test,True
simpleqa-2229,50-50,selection,False
simpleqa-223,50-50,selection,False
simpleqa-2230,50-50,selection,False
simpleqa-2231,50-50,test,True
simpleqa-2232,50-50,test,False
simpleqa-2233,50-50,selection,False
simpleqa-2234,50-50,test,False
simpleqa-2235,50-50,test,True
simpleqa-2236,50-50,test,False
simpleqa-2237,50-50,selection,False
simpleqa-2238,50-50,selection,False
simpleqa-2239,50-50,test,True
simpleqa-224,50-50,selection,False
simpleqa-2240,50-50,test,False
simpleqa-2241,50-50,test,False
simpleqa-2242,50-50,test,False
simpleqa-2243,50-50,selection,False
simpleqa-2244,50-50,test,True
simpleqa-2245,50-50,test,True
simpleqa-2246,50-50,selection,False
simpleqa-2247,50-50,test,True
simpleqa-2248,50-50,selection,False
simpleqa-2249,50-50,selection,False
simpleqa-225,50-50,test,True
simpleqa-2250,50-50,test,True
simpleqa-2251,50-50,selection,False
simpleqa-2252,50-50,selection,False
simpleqa-2253,50-50,selection,False
simpleqa-2254,50-50,selection,False
simpleqa-2255,50-50,test,False
simpleqa-2256,50-50,selection,False
simpleqa-2257,50-50,selection,False
simpleqa-2258,50-50,test,True
simpleqa-2259,50-50,test,True
simpleqa-226,50-50,test,True
simpleqa-2260,50-50,test,True
simpleqa-2261,50-50,test,False
simpleqa-2262,50-50,selection,False
simpleqa-2263,50-50,selection,False
simpleqa-2264,50-50,selection,False
simpleqa-2265,50-50,test,True
simpleqa-2266,50-50,selection,False
simpleqa-2267,50-50,selection,False
simpleqa-2268,50-50,test,False
simpleqa-2269,50-50,test,True
simpleqa-227,50-50,selection,False
simpleqa-2270,50-50,test,False
simpleqa-2271,50-50,selection,False
simpleqa-2272,50-50,test,True
simpleqa-2273,50-50,selection,False
simpleqa-2274,50-50,test,True
simpleqa-2275,50-50,selection,False
simpleqa-2276,50-50,selection,False
simpleqa-2277,50-50,test,False
simpleqa-2278,50-50,selection,False
simpleqa-2279,50-50,selection,False
simpleqa-228,50-50,selection,False
simpleqa-2280,50-50,test,False
simpleqa-2281,50-50,selection,False
simpleqa-2282,50-50,test,True
simpleqa-2283,50-50,selection,False
simpleqa-2284,50-50,selection,False
simpleqa-2285,50-50,selection,False
simpleqa-2286,50-50,selection,False
simpleqa-2287,50-50,test,False
simpleqa-2288,50-50,selection,False
simpleqa-2289,50-50,selection,False
simpleqa-229,50-50,selection,False
simpleqa-2290,50-50,selection,False
simpleqa-2291,50-50,test,True
simpleqa-2292,50-50,test,True
simpleqa-2293,50-50,selection,False
simpleqa-2294,50-50,selection,False
simpleqa-2295,50-50,test,True
simpleqa-2296,50-50,selection,False
simpleqa-2297,50-50,selection,False
simpleqa-2298,50-50,selection,False
simpleqa-2299,50-50,selection,False
simpleqa-23,50-50,selection,False
simpleqa-230,50-50,test,True
simpleqa-2300,50-50,test,True
simpleqa-2301,50-50,test,False
simpleqa-2302,50-50,test,True
simpleqa-2303,50-50,test,False
simpleqa-2304,50-50,test,True
simpleqa-2305,50-50,test,True
simpleqa-2306,50-50,test,False
simpleqa-2307,50-50,selection,False
simpleqa-2308,50-50,test,False
simpleqa-2309,50-50,test,True
simpleqa-231,50-50,test,False
simpleqa-2310,50-50,selection,False
simpleqa-2311,50-50,test,False
simpleqa-2312,50-50,selection,False
simpleqa-2313,50-50,test,True
simpleqa-2314,50-50,test,True
simpleqa-2315,50-50,test,False
simpleqa-2316,50-50,selection,False
simpleqa-2317,50-50,test,False
simpleqa-2318,50-50,selection,False
simpleqa-2319,50-50,test,True
simpleqa-232,50-50,selection,False
simpleqa-2320,50-50,selection,False
simpleqa-2321,50-50,test,True
simpleqa-2322,50-50,selection,False
simpleqa-2323,50-50,selection,False
simpleqa-2324,50-50,test,True
simpleqa-2325,50-50,selection,False
simpleqa-2326,50-50,selection,False
simpleqa-2327,50-50,test,False
simpleqa-2328,50-50,selection,False
simpleqa-2329,50-50,selection,False
simpleqa-233,50-50,test,False
simpleqa-2330,50-50,test,True
simpleqa-2331,50-50,test,False
simpleqa-2332,50-50,selection,False
simpleqa-2333,50-50,selection,False
simpleqa-2334,50-50,selection,False
simpleqa-2335,50-50,selection,False
simpleqa-2336,50-50,selection,False
simpleqa-2337,50-50,test,True
simpleqa-2338,50-50,selection,False
simpleqa-2339,50-50,test,True
simpleqa-234,50-50,test,True
simpleqa-2340,50-50,selection,False
simpleqa-2341,50-50,selection,False
simpleqa-2342,50-50,test,True
simpleqa-2343,50-50,selection,False
simpleqa-2344,50-50,test,True
simpleqa-2345,50-50,test,True
simpleqa-2346,50-50,test,True
simpleqa-2347,50-50,test,True
simpleqa-2348,50-50,selection,False
simpleqa-2349,50-50,selection,False
simpleqa-235,50-50,selection,False
simpleqa-2350,50-50,selection,False
simpleqa-2351,50-50,selection,False
simpleqa-2352,50-50,test,True
simpleqa-2353,50-50,selection,False
simpleqa-2354,50-50,selection,False
simpleqa-2355,50-50,test,False
simpleqa-2356,50-50,test,True
simpleqa-2357,50-50,selection,False
simpleqa-2358,50-50,selection,False
simpleqa-2359,50-50,test,False
simpleqa-236,50-50,test,True
simpleqa-2360,50-50,test,False
simpleqa-2361,50-50,test,False
simpleqa-2362,50-50,selection,False
simpleqa-2363,50-50,test,True
simpleqa-2364,50-50,test,True
simpleqa-2365,50-50,selection,False
simpleqa-2366,50-50,selection,False
simpleqa-2367,50-50,selection,False
simpleqa-2368,50-50,test,True
simpleqa-2369,50-50,selection,False
simpleqa-237,50-50,selection,False
simpleqa-2370,50-50,selection,False
simpleqa-2371,50-50,selection,False
simpleqa-2372,50-50,selection,False
simpleqa-2373,50-50,test,True
simpleqa-2374,50-50,test,False
simpleqa-2375,50-50,selection,False
simpleqa-2376,50-50,selection,False
simpleqa-2377,50-50,selection,False
simpleqa-2378,50-50,test,False
simpleqa-2379,50-50,selection,False
simpleqa-238,50-50,test,True
simpleqa-2380,50-50,selection,False
simpleqa-2381,50-50,selection,False
simpleqa-2382,50-50,test,True
simpleqa-2383,50-50,selection,False
simpleqa-2384,50-50,test,False
simpleqa-2385,50-50,selection,False
simpleqa-2386,50-50,test,False
simpleqa-2387,50-50,test,True
simpleqa-2388,50-50,test,True
simpleqa-2389,50-50,selection,False
simpleqa-239,50-50,test,True
simpleqa-2390,50-50,selection,False
simpleqa-2391,50-50,selection,False
simpleqa-2392,50-50,test,False
simpleqa-2393,50-50,selection,False
simpleqa-2394,50-50,selection,False
simpleqa-2395,50-50,selection,False
simpleqa-2396,50-50,test,False
simpleqa-2397,50-50,test,True
simpleqa-2398,50-50,selection,False
simpleqa-2399,50-50,test,True
simpleqa-24,50-50,test,True
simpleqa-240,50-50,test,True
simpleqa-2400,50-50,test,False
simpleqa-2401,50-50,selection,False
simpleqa-2402,50-50,selection,False
simpleqa-2403,50-50,test,True
simpleqa-2404,50-50,selection,False
simpleqa-2405,50-50,test,False
simpleqa-2406,50-50,selection,False
simpleqa-2407,50-50,test,True
simpleqa-2408,50-50,selection,False
simpleqa-2409,50-50,test,True
simpleqa-241,50-50,selection,False
simpleqa-2410,50-50,selection,False
simpleqa-2411,50-50,selection,False
simpleqa-2412,50-50,test,True
simpleqa-2413,50-50,test,True
simpleqa-2414,50-50,test,True
simpleqa-2415,50-50,selection,False
simpleqa-2416,50-50,test,True
simpleqa-2417,50-50,test,True
simpleqa-2418,50-50,selection,False
simpleqa-2419,50-50,test,True
simpleqa-242,50-50,test,False
simpleqa-2420,50-50,test,False
simpleqa-2421,50-50,test,False
simpleqa-2422,50-50,selection,False
simpleqa-2423,50-50,selection,False
simpleqa-2424,50-50,test,False
simpleqa-2425,50-50,selection,False
simpleqa-2426,50-50,selection,False
simpleqa-2427,50-50,selection,False
simpleqa-2428,50-50,selection,False
simpleqa-2429,50-50,selection,False
simpleqa-243,50-50,test,False
simpleqa-2430,50-50,test,False
simpleqa-2431,50-50,test,True
simpleqa-2432,50-50,selection,False
simpleqa-2433,50-50,selection,False
simpleqa-2434,50-50,selection,False
simpleqa-2435,50-50,selection,False
simpleqa-2436,50-50,test,True
simpleqa-2437,50-50,selection,False
simpleqa-2438,50-50,selection,False
simpleqa-2439,50-50,selection,False
simpleqa-244,50-50,selection,False
simpleqa-2440,50-50,test,True
simpleqa-2441,50-50,test,True
simpleqa-2442,50-50,selection,False
simpleqa-2443,50-50,selection,False
simpleqa-2444,50-50,selection,False
simpleqa-2445,50-50,test,True
simpleqa-2446,50-50,test,True
simpleqa-2447,50-50,selection,False
simpleqa-2448,50-50,selection,False
simpleqa-2449,50-50,selection,False
simpleqa-245,50-50,test,False
simpleqa-2450,50-50,selection,False
simpleqa-2451,50-50,test,True
simpleqa-2452,50-50,test,True
simpleqa-2453,50-50,selection,False
simpleqa-2454,50-50,test,False
simpleqa-2455,50-50,selection,False
simpleqa-2456,50-50,selection,False
simpleqa-2457,50-50,test,True
simpleqa-2458,50-50,test,True
simpleqa-2459,50-50,test,True
simpleqa-246,50-50,test,True
simpleqa-2460,50-50,test,True
simpleqa-2461,50-50,selection,False
simpleqa-2462,50-50,test,True
simpleqa-2463,50-50,test,True
simpleqa-2464,50-50,selection,False
simpleqa-2465,50-50,test,True
simpleqa-2466,50-50,test,True
simpleqa-2467,50-50,selection,False
simpleqa-2468,50-50,test,True
simpleqa-2469,50-50,test,True
simpleqa-247,50-50,test,False
simpleqa-2470,50-50,test,False
simpleqa-2471,50-50,test,True
simpleqa-2472,50-50,selection,False
simpleqa-2473,50-50,selection,False
simpleqa-2474,50-50,selection,False
simpleqa-2475,50-50,test,True
simpleqa-2476,50-50,selection,False
simpleqa-2477,50-50,test,True
simpleqa-2478,50-50,test,False
simpleqa-2479,50-50,selection,False
simpleqa-248,50-50,test,True
simpleqa-2480,50-50,test,False
simpleqa-2481,50-50,test,True
simpleqa-2482,50-50,test,False
simpleqa-2483,50-50,selection,False
simpleqa-2484,50-50,selection,False
simpleqa-2485,50-50,test,True
simpleqa-2486,50-50,test,True
simpleqa-2487,50-50,selection,False
simpleqa-2488,50-50,selection,False
simpleqa-2489,50-50,selection,False
simpleqa-249,50-50,test,True
simpleqa-2490,50-50,selection,False
simpleqa-2491,50-50,selection,False
simpleqa-2492,50-50,test,True
simpleqa-2493,50-50,test,True
simpleqa-2494,50-50,selection,False
simpleqa-2495,50-50,selection,False
simpleqa-2496,50-50,selection,False
simpleqa-2497,50-50,test,False
simpleqa-2498,50-50,test,True
simpleqa-2499,50-50,selection,False
simpleqa-25,50-50,test,True
simpleqa-250,50-50,selection,False
simpleqa-2500,50-50,test,False
simpleqa-2501,50-50,selection,False
simpleqa-2502,50-50,selection,False
simpleqa-2503,50-50,test,False
simpleqa-2504,50-50,test,True
simpleqa-2505,50-50,test,False
simpleqa-2506,50-50,test,True
simpleqa-2507,50-50,test,True
simpleqa-2508,50-50,selection,False
simpleqa-2509,50-50,selection,False
simpleqa-251,50-50,selection,False
simpleqa-2510,50-50,test,False
simpleqa-2511,50-50,test,False
simpleqa-2512,50-50,test,False
simpleqa-2513,50-50,test,True
simpleqa-2514,50-50,selection,False
simpleqa-2515,50-50,test,True
simpleqa-2516,50-50,test,True
simpleqa-2517,50-50,selection,False
simpleqa-2518,50-50,selection,False
simpleqa-2519,50-50,test,False
simpleqa-252,50-50,selection,False
simpleqa-2520,50-50,test,True
simpleqa-2521,50-50,selection,False
simpleqa-2522,50-50,test,False
simpleqa-2523,50-50,selection,False
simpleqa-2524,50-50,selection,False
simpleqa-2525,50-50,test,True
simpleqa-2526,50-50,test,True
simpleqa-2527,50-50,test,True
simpleqa-2528,50-50,test,True
simpleqa-2529,50-50,selection,False
simpleqa-253,50-50,test,True
simpleqa-2530,50-50,selection,False
simpleqa-2531,50-50,selection,False
simpleqa-2532,50-50,selection,False
simpleqa-2533,50-50,test,False
simpleqa-2534,50-50,test,True
simpleqa-2535,50-50,test,False
simpleqa-2536,50-50,selection,False
simpleqa-2537,50-50,test,False
simpleqa-2538,50-50,selection,False
simpleqa-2539,50-50,selection,False
simpleqa-254,50-50,test,True
simpleqa-2540,50-50,test,True
simpleqa-2541,50-50,test,False
simpleqa-2542,50-50,test,False
simpleqa-2543,50-50,test,True
simpleqa-2544,50-50,test,True
simpleqa-2545,50-50,test,False
simpleqa-2546,50-50,selection,False
simpleqa-2547,50-50,test,False
simpleqa-2548,50-50,test,False
simpleqa-2549,50-50,selection,False
simpleqa-255,50-50,test,False
simpleqa-2550,50-50,selection,False
simpleqa-2551,50-50,test,False
simpleqa-2552,50-50,test,True
simpleqa-2553,50-50,selection,False
simpleqa-2554,50-50,selection,False
simpleqa-2555,50-50,selection,False
simpleqa-2556,50-50,selection,False
simpleqa-2557,50-50,test,True
simpleqa-2558,50-50,selection,False
simpleqa-2559,50-50,test,True
simpleqa-256,50-50,test,True
simpleqa-2560,50-50,test,True
simpleqa-2561,50-50,test,True
simpleqa-2562,50-50,selection,False
simpleqa-2563,50-50,selection,False
simpleqa-2564,50-50,test,True
simpleqa-2565,50-50,test,True
simpleqa-2566,50-50,test,True
simpleqa-2567,50-50,test,True
simpleqa-2568,50-50,test,True
simpleqa-2569,50-50,selection,False
simpleqa-257,50-50,selection,False
simpleqa-2570,50-50,selection,False
simpleqa-2571,50-50,selection,False
simpleqa-2572,50-50,selection,False
simpleqa-2573,50-50,test,True
simpleqa-2574,50-50,selection,False
simpleqa-2575,50-50,selection,False
simpleqa-2576,50-50,test,True
simpleqa-2577,50-50,selection,False
simpleqa-2578,50-50,selection,False
simpleqa-2579,50-50,test,False
simpleqa-258,50-50,test,True
simpleqa-2580,50-50,selection,False
simpleqa-2581,50-50,test,True
simpleqa-2582,50-50,test,True
simpleqa-2583,50-50,test,False
simpleqa-2584,50-50,test,True
simpleqa-2585,50-50,selection,False
simpleqa-2586,50-50,selection,False
simpleqa-2587,50-50,test,True
simpleqa-2588,50-50,selection,False
simpleqa-2589,50-50,selection,False
simpleqa-259,50-50,selection,False
simpleqa-2590,50-50,selection,False
simpleqa-2591,50-50,selection,False
simpleqa-2592,50-50,test,True
simpleqa-2593,50-50,selection,False
simpleqa-2594,50-50,test,False
simpleqa-2595,50-50,test,False
simpleqa-2596,50-50,selection,False
simpleqa-2597,50-50,test,False
simpleqa-2598,50-50,selection,False
simpleqa-2599,50-50,test,True
simpleqa-26,50-50,selection,False
simpleqa-260,50-50,selection,False
simpleqa-2600,50-50,test,True
simpleqa-2601,50-50,selection,False
simpleqa-2602,50-50,test,False
simpleqa-2603,50-50,test,False
simpleqa-2604,50-50,selection,False
simpleqa-2605,50-50,test,True
simpleqa-2606,50-50,selection,False
simpleqa-2607,50-50,test,False
simpleqa-2608,50-50,test,False
simpleqa-2609,50-50,test,True
simpleqa-261,50-50,selection,False
simpleqa-2610,50-50,selection,False
simpleqa-2611,50-50,test,False
simpleqa-2612,50-50,test,True
simpleqa-2613,50-50,selection,False
simpleqa-2614,50-50,selection,False
simpleqa-2615,50-50,selection,False
simpleqa-2616,50-50,selection,False
simpleqa-2617,50-50,test,False
simpleqa-2618,50-50,test,True
simpleqa-2619,50-50,test,False
simpleqa-262,50-50,test,True
simpleqa-2620,50-50,test,True
simpleqa-2621,50-50,test,False
simpleqa-2622,50-50,selection,False
simpleqa-2623,50-50,test,True
simpleqa-2624,50-50,selection,False
simpleqa-2625,50-50,test,True
simpleqa-2626,50-50,test,False
simpleqa-2627,50-50,test,True
simpleqa-2628,50-50,test,True
simpleqa-2629,50-50,test,True
simpleqa-263,50-50,selection,False
simpleqa-2630,50-50,test,False
simpleqa-2631,50-50,selection,False
simpleqa-2632,50-50,selection,False
simpleqa-2633,50-50,selection,False
simpleqa-2634,50-50,selection,False
simpleqa-2635,50-50,selection,False
simpleqa-2636,50-50,selection,False
simpleqa-2637,50-50,test,False
simpleqa-2638,50-50,selection,False
simpleqa-2639,50-50,selection,False
simpleqa-264,50-50,test,True
simpleqa-2640,50-50,test,False
simpleqa-2641,50-50,selection,False
simpleqa-2642,50-50,selection,False
simpleqa-2643,50-50,selection,False
simpleqa-2644,50-50,selection,False
simpleqa-2645,50-50,selection,False
simpleqa-2646,50-50,selection,False
simpleqa-2647,50-50,test,False
simpleqa-2648,50-50,selection,False
simpleqa-2649,50-50,test,True
simpleqa-265,50-50,selection,False
simpleqa-2650,50-50,test,False
simpleqa-2651,50-50,selection,False
simpleqa-2652,50-50,selection,False
simpleqa-2653,50-50,selection,False
simpleqa-2654,50-50,test,True
simpleqa-2655,50-50,test,True
simpleqa-2656,50-50,selection,False
simpleqa-2657,50-50,selection,False
simpleqa-2658,50-50,test,True
simpleqa-2659,50-50,selection,False
simpleqa-266,50-50,selection,False
simpleqa-2660,50-50,selection,False
simpleqa-2661,50-50,selection,False
simpleqa-2662,50-50,selection,False
simpleqa-2663,50-50,selection,False
simpleqa-2664,50-50,test,True
simpleqa-2665,50-50,selection,False
simpleqa-2666,50-50,selection,False
simpleqa-2667,50-50,selection,False
simpleqa-2668,50-50,test,False
simpleqa-2669,50-50,test,True
simpleqa-267,50-50,test,True
simpleqa-2670,50-50,test,True
simpleqa-2671,50-50,selection,False
simpleqa-2672,50-50,selection,False
simpleqa-2673,50-50,selection,False
simpleqa-2674,50-50,test,True
simpleqa-2675,50-50,test,False
simpleqa-2676,50-50,test,False
simpleqa-2677,50-50,test,True
simpleqa-2678,50-50,test,True
simpleqa-2679,50-50,selection,False
simpleqa-268,50-50,test,False
simpleqa-2680,50-50,test,True
simpleqa-2681,50-50,selection,False
simpleqa-2682,50-50,test,True
simpleqa-2683,50-50,test,False
simpleqa-2684,50-50,test,True
simpleqa-2685,50-50,test,False
simpleqa-2686,50-50,test,True
simpleqa-2687,50-50,selection,False
simpleqa-2688,50-50,selection,False
simpleqa-2689,50-50,selection,False
simpleqa-269,50-50,test,True
simpleqa-2690,50-50,test,True
simpleqa-2691,50-50,selection,False
simpleqa-2692,50-50,test,False
simpleqa-2693,50-50,selection,False
simpleqa-2694,50-50,test,True
simpleqa-2695,50-50,test,True
simpleqa-2696,50-50,selection,False
simpleqa-2697,50-50,selection,False
simpleqa-2698,50-50,test,True
simpleqa-2699,50-50,selection,False
simpleqa-27,50-50,test,True
simpleqa-270,50-50,selection,False
simpleqa-2700,50-50,test,True
simpleqa-2701,50-50,selection,False
simpleqa-2702,50-50,selection,False
simpleqa-2703,50-50,test,False
simpleqa-2704,50-50,test,False
simpleqa-2705,50-50,selection,False
simpleqa-2706,50-50,selection,False
simpleqa-2707,50-50,selection,False
simpleqa-2708,50-50,selection,False
simpleqa-2709,50-50,selection,False
simpleqa-271,50-50,selection,False
simpleqa-2710,50-50,selection,False
simpleqa-2711,50-50,test,True
simpleqa-2712,50-50,test,False
simpleqa-2713,50-50,selection,False
simpleqa-2714,50-50,selection,False
simpleqa-2715,50-50,selection,False
simpleqa-2716,50-50,test,False
simpleqa-2717,50-50,selection,False
simpleqa-2718,50-50,test,True
simpleqa-2719,50-50,test,True
simpleqa-272,50-50,selection,False
simpleqa-2720,50-50,selection,False
simpleqa-2721,50-50,selection,False
simpleqa-2722,50-50,test,True
simpleqa-2723,50-50,selection,False
simpleqa-2724,50-50,selection,False
simpleqa-2725,50-50,selection,False
simpleqa-2726,50-50,test,False
simpleqa-2727,50-50,test,True
simpleqa-2728,50-50,selection,False
simpleqa-2729,50-50,selection,False
simpleqa-273,50-50,test,False
simpleqa-2730,50-50,test,False
simpleqa-2731,50-50,selection,False
simpleqa-2732,50-50,test,True
simpleqa-2733,50-50,selection,False
simpleqa-2734,50-50,test,True
simpleqa-2735,50-50,selection,False
simpleqa-2736,50-50,selection,False
simpleqa-2737,50-50,test,True
simpleqa-2738,50-50,selection,False
simpleqa-2739,50-50,test,False
simpleqa-274,50-50,test,True
simpleqa-2740,50-50,test,False
simpleqa-2741,50-50,selection,False
simpleqa-2742,50-50,selection,False
simpleqa-2743,50-50,test,True
simpleqa-2744,50-50,selection,False
simpleqa-2745,50-50,test,False
simpleqa-2746,50-50,selection,False
simpleqa-2747,50-50,selection,False
simpleqa-2748,50-50,test,False
simpleqa-2749,50-50,test,False
simpleqa-275,50-50,test,False
simpleqa-2750,50-50,test,False
simpleqa-2751,50-50,selection,False
simpleqa-2752,50-50,test,True
simpleqa-2753,50-50,test,True
simpleqa-2754,50-50,selection,False
simpleqa-2755,50-50,test,False
simpleqa-2756,50-50,test,False
simpleqa-2757,50-50,test,True
simpleqa-2758,50-50,test,True
simpleqa-2759,50-50,test,True
simpleqa-276,50-50,selection,False
simpleqa-2760,50-50,test,True
simpleqa-2761,50-50,selection,False
simpleqa-2762,50-50,test,True
simpleqa-2763,50-50,test,True
simpleqa-2764,50-50,test,True
simpleqa-2765,50-50,test,True
simpleqa-2766,50-50,selection,False
simpleqa-2767,50-50,test,True
simpleqa-2768,50-50,test,False
simpleqa-2769,50-50,test,True
simpleqa-277,50-50,selection,False
simpleqa-2770,50-50,test,False
simpleqa-2771,50-50,test,True
simpleqa-2772,50-50,test,True
simpleqa-2773,50-50,selection,False
simpleqa-2774,50-50,selection,False
simpleqa-2775,50-50,test,True
simpleqa-2776,50-50,test,True
simpleqa-2777,50-50,test,True
simpleqa-2778,50-50,test,True
simpleqa-2779,50-50,selection,False
simpleqa-278,50-50,test,False
simpleqa-2780,50-50,test,False
simpleqa-2781,50-50,test,True
simpleqa-2782,50-50,test,True
simpleqa-2783,50-50,test,False
simpleqa-2784,50-50,test,False
simpleqa-2785,50-50,selection,False
simpleqa-2786,50-50,test,True
simpleqa-2787,50-50,selection,False
simpleqa-2788,50-50,test,False
simpleqa-2789,50-50,selection,False
simpleqa-279,50-50,selection,False
simpleqa-2790,50-50,test,True
simpleqa-2791,50-50,test,True
simpleqa-2792,50-50,test,True
simpleqa-2793,50-50,selection,False
simpleqa-2794,50-50,test,False
simpleqa-2795,50-50,selection,False
simpleqa-2796,50-50,test,True
simpleqa-2797,50-50,test,True
simpleqa-2798,50-50,test,True
simpleqa-2799,50-50,selection,False
simpleqa-28,50-50,test,True
simpleqa-280,50-50,selection,False
simpleqa-2800,50-50,test,False
simpleqa-2801,50-50,selection,False
simpleqa-2802,50-50,test,True
simpleqa-2803,50-50,test,True
simpleqa-2804,50-50,selection,False
simpleqa-2805,50-50,test,False
simpleqa-2806,50-50,selection,False
simpleqa-2807,50-50,selection,False
simpleqa-2808,50-50,selection,False
simpleqa-2809,50-50,selection,False
simpleqa-281,50-50,selection,False
simpleqa-2810,50-50,selection,False
simpleqa-2811,50-50,test,True
simpleqa-2812,50-50,selection,False
simpleqa-2813,50-50,selection,False
simpleqa-2814,50-50,test,True
simpleqa-2815,50-50,test,False
simpleqa-2816,50-50,selection,False
simpleqa-2817,50-50,selection,False
simpleqa-2818,50-50,test,True
simpleqa-2819,50-50,selection,False
simpleqa-282,50-50,selection,False
simpleqa-2820,50-50,test,True
simpleqa-2821,50-50,selection,False
simpleqa-2822,50-50,test,True
simpleqa-2823,50-50,selection,False
simpleqa-2824,50-50,test,False
simpleqa-2825,50-50,selection,False
simpleqa-2826,50-50,test,True
simpleqa-2827,50-50,selection,False
simpleqa-2828,50-50,test,False
simpleqa-2829,50-50,selection,False
simpleqa-283,50-50,selection,False
simpleqa-2830,50-50,test,False
simpleqa-2831,50-50,test,False
simpleqa-2832,50-50,test,False
simpleqa-2833,50-50,test,True
simpleqa-2834,50-50,test,False
simpleqa-2835,50-50,test,True
simpleqa-2836,50-50,test,False
simpleqa-2837,50-50,test,False
simpleqa-2838,50-50,selection,False
simpleqa-2839,50-50,selection,False
simpleqa-284,50-50,test,True
simpleqa-2840,50-50,test,False
simpleqa-2841,50-50,selection,False
simpleqa-2842,50-50,selection,False
simpleqa-2843,50-50,selection,False
simpleqa-2844,50-50,test,True
simpleqa-2845,50-50,test,False
simpleqa-2846,50-50,test,True
simpleqa-2847,50-50,selection,False
simpleqa-2848,50-50,test,False
simpleqa-2849,50-50,test,True
simpleqa-285,50-50,test,False
simpleqa-2850,50-50,selection,False
simpleqa-2851,50-50,selection,False
simpleqa-2852,50-50,test,True
simpleqa-2853,50-50,test,True
simpleqa-2854,50-50,selection,False
simpleqa-2855,50-50,selection,False
simpleqa-2856,50-50,selection,False
simpleqa-2857,50-50,test,False
simpleqa-2858,50-50,test,True
simpleqa-2859,50-50,selection,False
simpleqa-286,50-50,test,True
simpleqa-2860,50-50,selection,False
simpleqa-2861,50-50,selection,False
simpleqa-2862,50-50,test,True
simpleqa-2863,50-50,test,False
simpleqa-2864,50-50,selection,False
simpleqa-2865,50-50,test,True
simpleqa-2866,50-50,test,True
simpleqa-2867,50-50,test,True
simpleqa-2868,50-50,selection,False
simpleqa-2869,50-50,test,False
simpleqa-287,50-50,selection,False
simpleqa-2870,50-50,test,True
simpleqa-2871,50-50,test,True
simpleqa-2872,50-50,test,False
simpleqa-2873,50-50,selection,False
simpleqa-2874,50-50,test,False
simpleqa-2875,50-50,selection,False
simpleqa-2876,50-50,selection,False
simpleqa-2877,50-50,selection,False
simpleqa-2878,50-50,selection,False
simpleqa-2879,50-50,selection,False
simpleqa-288,50-50,selection,False
simpleqa-2880,50-50,selection,False
simpleqa-2881,50-50,selection,False
simpleqa-2882,50-50,selection,False
simpleqa-2883,50-50,test,True
simpleqa-2884,50-50,selection,False
simpleqa-2885,50-50,selection,False
simpleqa-2886,50-50,selection,False
simpleqa-2887,50-50,test,False
simpleqa-2888,50-50,selection,False
simpleqa-2889,50-50,test,True
simpleqa-289,50-50,test,False
simpleqa-2890,50-50,test,False
simpleqa-2891,50-50,selection,False
simpleqa-2892,50-50,selection,False
simpleqa-2893,50-50,test,False
simpleqa-2894,50-50,test,False
simpleqa-2895,50-50,selection,False
simpleqa-2896,50-50,selection,False
simpleqa-2897,50-50,selection,False
simpleqa-2898,50-50,test,False
simpleqa-2899,50-50,test,True
simpleqa-29,50-50,selection,False
simpleqa-290,50-50,selection,False
simpleqa-2900,50-50,selection,False
simpleqa-2901,50-50,selection,False
simpleqa-2902,50-50,test,True
simpleqa-2903,50-50,selection,False
simpleqa-2904,50-50,selection,False
simpleqa-2905,50-50,test,False
simpleqa-2906,50-50,selection,False
simpleqa-2907,50-50,test,False
simpleqa-2908,50-50,test,True
simpleqa-2909,50-50,test,True
simpleqa-291,50-50,selection,False
simpleqa-2910,50-50,test,True
simpleqa-2911,50-50,selection,False
simpleqa-2912,50-50,selection,False
simpleqa-2913,50-50,selection,False
simpleqa-2914,50-50,selection,False
simpleqa-2915,50-50,test,True
simpleqa-2916,50-50,selection,False
simpleqa-2917,50-50,test,False
simpleqa-2918,50-50,selection,False
simpleqa-2919,50-50,test,True
simpleqa-292,50-50,test,True
simpleqa-2920,50-50,selection,False
simpleqa-2921,50-50,test,False
simpleqa-2922,50-50,selection,False
simpleqa-2923,50-50,test,False
simpleqa-2924,50-50,test,True
simpleqa-2925,50-50,test,False
simpleqa-2926,50-50,test,False
simpleqa-2927,50-50,test,True
simpleqa-2928,50-50,test,True
simpleqa-2929,50-50,selection,False
simpleqa-293,50-50,selection,False
simpleqa-2930,50-50,test,True
simpleqa-2931,50-50,test,False
simpleqa-2932,50-50,test,False
simpleqa-2933,50-50,selection,False
simpleqa-2934,50-50,test,False
simpleqa-2935,50-50,test,False
simpleqa-2936,50-50,selection,False
simpleqa-2937,50-50,test,True
simpleqa-2938,50-50,test,True
simpleqa-2939,50-50,selection,False
simpleqa-294,50-50,test,True
simpleqa-2940,50-50,selection,False
simpleqa-2941,50-50,test,False
simpleqa-2942,50-50,selection,False
simpleqa-2943,50-50,test,True
simpleqa-2944,50-50,selection,False
simpleqa-2945,50-50,test,False
simpleqa-2946,50-50,selection,False
simpleqa-2947,50-50,test,True
simpleqa-2948,50-50,test,True
simpleqa-2949,50-50,selection,False
simpleqa-295,50-50,test,True
simpleqa-2950,50-50,selection,False
simpleqa-2951,50-50,test,False
simpleqa-2952,50-50,test,True
simpleqa-2953,50-50,selection,False
simpleqa-2954,50-50,selection,False
simpleqa-2955,50-50,selection,False
simpleqa-2956,50-50,test,True
simpleqa-2957,50-50,selection,False
simpleqa-2958,50-50,test,False
simpleqa-2959,50-50,test,True
simpleqa-296,50-50,test,True
simpleqa-2960,50-50,selection,False
simpleqa-2961,50-50,test,True
simpleqa-2962,50-50,selection,False
simpleqa-2963,50-50,selection,False
simpleqa-2964,50-50,selection,False
simpleqa-2965,50-50,test,False
simpleqa-2966,50-50,test,True
simpleqa-2967,50-50,selection,False
simpleqa-2968,50-50,test,False
simpleqa-2969,50-50,test,False
simpleqa-297,50-50,selection,False
simpleqa-2970,50-50,test,True
simpleqa-2971,50-50,selection,False
simpleqa-2972,50-50,selection,False
simpleqa-2973,50-50,selection,False
simpleqa-2974,50-50,test,True
simpleqa-2975,50-50,selection,False
simpleqa-2976,50-50,test,False
simpleqa-2977,50-50,test,True
simpleqa-2978,50-50,test,False
simpleqa-2979,50-50,selection,False
simpleqa-298,50-50,selection,False
simpleqa-2980,50-50,test,False
simpleqa-2981,50-50,test,True
simpleqa-2982,50-50,selection,False
simpleqa-2983,50-50,test,True
simpleqa-2984,50-50,selection,False
simpleqa-2985,50-50,selection,False
simpleqa-2986,50-50,test,False
simpleqa-2987,50-50,selection,False
simpleqa-2988,50-50,test,False
simpleqa-2989,50-50,test,True
simpleqa-299,50-50,selection,False
simpleqa-2990,50-50,test,True
simpleqa-2991,50-50,selection,False
simpleqa-2992,50-50,test,False
simpleqa-2993,50-50,selection,False
simpleqa-2994,50-50,test,False
simpleqa-2995,50-50,test,False
simpleqa-2996,50-50,selection,False
simpleqa-2997,50-50,selection,False
simpleqa-2998,50-50,selection,False
simpleqa-2999,50-50,selection,False
simpleqa-3,50-50,test,False
simpleqa-30,50-50,test,False
simpleqa-300,50-50,selection,False
simpleqa-3000,50-50,selection,False
simpleqa-3001,50-50,selection,False
simpleqa-3002,50-50,selection,False
simpleqa-3003,50-50,selection,False
simpleqa-3004,50-50,test,False
simpleqa-3005,50-50,test,True
simpleqa-3006,50-50,test,True
simpleqa-3007,50-50,selection,False
simpleqa-3008,50-50,test,False
simpleqa-3009,50-50,selection,False
simpleqa-301,50-50,selection,False
simpleqa-3010,50-50,test,True
simpleqa-3011,50-50,selection,False
simpleqa-3012,50-50,test,False
simpleqa-3013,50-50,test,True
simpleqa-3014,50-50,selection,False
simpleqa-3015,50-50,test,True
simpleqa-3016,50-50,test,True
simpleqa-3017,50-50,test,False
simpleqa-3018,50-50,selection,False
simpleqa-3019,50-50,test,True
simpleqa-302,50-50,selection,False
simpleqa-3020,50-50,test,False
simpleqa-3021,50-50,selection,False
simpleqa-3022,50-50,selection,False
simpleqa-3023,50-50,selection,False
simpleqa-3024,50-50,selection,False
simpleqa-3025,50-50,test,False
simpleqa-3026,50-50,selection,False
simpleqa-3027,50-50,selection,False
simpleqa-3028,50-50,selection,False
simpleqa-3029,50-50,test,True
simpleqa-303,50-50,selection,False
simpleqa-3030,50-50,selection,False
simpleqa-3031,50-50,test,True
simpleqa-3032,50-50,selection,False
simpleqa-3033,50-50,test,False
simpleqa-3034,50-50,test,True
simpleqa-3035,50-50,test,True
simpleqa-3036,50-50,selection,False
simpleqa-3037,50-50,selection,False
simpleqa-3038,50-50,test,False
simpleqa-3039,50-50,selection,False
simpleqa-304,50-50,selection,False
simpleqa-3040,50-50,selection,False
simpleqa-3041,50-50,selection,False
simpleqa-3042,50-50,test,False
simpleqa-3043,50-50,selection,False
simpleqa-3044,50-50,test,False
simpleqa-3045,50-50,test,True
simpleqa-3046,50-50,selection,False
simpleqa-3047,50-50,selection,False
simpleqa-3048,50-50,selection,False
simpleqa-3049,50-50,selection,False
simpleqa-305,50-50,test,True
simpleqa-3050,50-50,test,True
simpleqa-3051,50-50,test,True
simpleqa-3052,50-50,selection,False
simpleqa-3053,50-50,selection,False
simpleqa-3054,50-50,selection,False
simpleqa-3055,50-50,selection,False
simpleqa-3056,50-50,test,True
simpleqa-3057,50-50,test,True
simpleqa-3058,50-50,test,False
simpleqa-3059,50-50,selection,False
simpleqa-306,50-50,selection,False
simpleqa-3060,50-50,test,False
simpleqa-3061,50-50,selection,False
simpleqa-3062,50-50,test,True
simpleqa-3063,50-50,test,True
simpleqa-3064,50-50,selection,False
simpleqa-3065,50-50,test,True
simpleqa-3066,50-50,test,True
simpleqa-3067,50-50,selection,False
simpleqa-3068,50-50,selection,False
simpleqa-3069,50-50,selection,False
simpleqa-307,50-50,selection,False
simpleqa-3070,50-50,test,False
simpleqa-3071,50-50,selection,False
simpleqa-3072,50-50,test,False
simpleqa-3073,50-50,selection,False
simpleqa-3074,50-50,test,True
simpleqa-3075,50-50,selection,False
simpleqa-3076,50-50,selection,False
simpleqa-3077,50-50,selection,False
simpleqa-3078,50-50,test,False
simpleqa-3079,50-50,selection,False
simpleqa-308,50-50,selection,False
simpleqa-3080,50-50,test,True
simpleqa-3081,50-50,test,True
simpleqa-3082,50-50,test,False
simpleqa-3083,50-50,selection,False
simpleqa-3084,50-50,test,False
simpleqa-3085,50-50,selection,False
simpleqa-3086,50-50,test,True
simpleqa-3087,50-50,selection,False
simpleqa-3088,50-50,selection,False
simpleqa-3089,50-50,selection,False
simpleqa-309,50-50,selection,False
simpleqa-3090,50-50,test,True
simpleqa-3091,50-50,test,True
simpleqa-3092,50-50,test,True
simpleqa-3093,50-50,test,True
simpleqa-3094,50-50,test,True
simpleqa-3095,50-50,test,True
simpleqa-3096,50-50,test,True
simpleqa-3097,50-50,test,False
simpleqa-3098,50-50,test,True
simpleqa-3099,50-50,selection,False
simpleqa-31,50-50,test,True
simpleqa-310,50-50,test,False
simpleqa-3100,50-50,selection,False
simpleqa-3101,50-50,test,True
simpleqa-3102,50-50,selection,False
simpleqa-3103,50-50,selection,False
simpleqa-3104,50-50,selection,False
simpleqa-3105,50-50,selection,False
simpleqa-3106,50-50,test,True
simpleqa-3107,50-50,test,False
simpleqa-3108,50-50,selection,False
simpleqa-3109,50-50,selection,False
simpleqa-311,50-50,test,True
simpleqa-3110,50-50,selection,False
simpleqa-3111,50-50,test,False
simpleqa-3112,50-50,test,True
simpleqa-3113,50-50,selection,False
simpleqa-3114,50-50,selection,False
simpleqa-3115,50-50,test,True
simpleqa-3116,50-50,test,False
simpleqa-3117,50-50,selection,False
simpleqa-3118,50-50,test,True
simpleqa-3119,50-50,test,True
simpleqa-312,50-50,test,True
simpleqa-3120,50-50,selection,False
simpleqa-3121,50-50,test,True
simpleqa-3122,50-50,selection,False
simpleqa-3123,50-50,test,True
simpleqa-3124,50-50,test,True
simpleqa-3125,50-50,selection,False
simpleqa-3126,50-50,test,True
simpleqa-3127,50-50,test,True
simpleqa-3128,50-50,selection,False
simpleqa-3129,50-50,selection,False
simpleqa-313,50-50,selection,False
simpleqa-3130,50-50,selection,False
simpleqa-3131,50-50,selection,False
simpleqa-3132,50-50,selection,False
simpleqa-3133,50-50,test,False
simpleqa-3134,50-50,test,True
simpleqa-3135,50-50,selection,False
simpleqa-3136,50-50,selection,False
simpleqa-3137,50-50,test,False
simpleqa-3138,50-50,test,True
simpleqa-3139,50-50,test,True
simpleqa-314,50-50,selection,False
simpleqa-3140,50-50,test,True
simpleqa-3141,50-50,selection,False
simpleqa-3142,50-50,test,True
simpleqa-3143,50-50,test,False
simpleqa-3144,50-50,test,True
simpleqa-3145,50-50,test,False
simpleqa-3146,50-50,selection,False
simpleqa-3147,50-50,selection,False
simpleqa-3148,50-50,test,True
simpleqa-3149,50-50,selection,False
simpleqa-315,50-50,test,True
simpleqa-3150,50-50,selection,False
simpleqa-3151,50-50,test,True
simpleqa-3152,50-50,test,True
simpleqa-3153,50-50,test,False
simpleqa-3154,50-50,test,False
simpleqa-3155,50-50,test,True
simpleqa-3156,50-50,test,False
simpleqa-3157,50-50,selection,False
simpleqa-3158,50-50,selection,False
simpleqa-3159,50-50,test,True
simpleqa-316,50-50,test,True
simpleqa-3160,50-50,selection,False
simpleqa-3161,50-50,selection,False
simpleqa-3162,50-50,selection,False
simpleqa-3163,50-50,selection,False
simpleqa-3164,50-50,test,True
simpleqa-3165,50-50,selection,False
simpleqa-3166,50-50,selection,False
simpleqa-3167,50-50,test,True
simpleqa-3168,50-50,test,True
simpleqa-3169,50-50,test,True
simpleqa-317,50-50,test,True
simpleqa-3170,50-50,test,False
simpleqa-3171,50-50,test,True
simpleqa-3172,50-50,test,False
simpleqa-3173,50-50,selection,False
simpleqa-3174,50-50,test,True
simpleqa-3175,50-50,selection,False
simpleqa-3176,50-50,selection,False
simpleqa-3177,50-50,test,True
simpleqa-3178,50-50,test,False
simpleqa-3179,50-50,test,True
simpleqa-318,50-50,test,True
simpleqa-3180,50-50,test,True
simpleqa-3181,50-50,test,True
simpleqa-3182,50-50,test,True
simpleqa-3183,50-50,test,False
simpleqa-3184,50-50,test,False
simpleqa-3185,50-50,selection,False
simpleqa-3186,50-50,test,False
simpleqa-3187,50-50,selection,False
simpleqa-3188,50-50,test,True
simpleqa-3189,50-50,selection,False
simpleqa-319,50-50,test,True
simpleqa-3190,50-50,test,True
simpleqa-3191,50-50,selection,False
simpleqa-3192,50-50,test,False
simpleqa-3193,50-50,selection,False
simpleqa-3194,50-50,selection,False
simpleqa-3195,50-50,test,False
simpleqa-3196,50-50,test,True
simpleqa-3197,50-50,selection,False
simpleqa-3198,50-50,test,True
simpleqa-3199,50-50,test,True
simpleqa-32,50-50,selection,False
simpleqa-320,50-50,selection,False
simpleqa-3200,50-50,test,True
simpleqa-3201,50-50,test,True
simpleqa-3202,50-50,selection,False
simpleqa-3203,50-50,test,True
simpleqa-3204,50-50,test,False
simpleqa-3205,50-50,selection,False
simpleqa-3206,50-50,selection,False
simpleqa-3207,50-50,selection,False
simpleqa-3208,50-50,test,True
simpleqa-3209,50-50,selection,False
simpleqa-321,50-50,test,False
simpleqa-3210,50-50,test,True
simpleqa-3211,50-50,test,True
simpleqa-3212,50-50,test,False
simpleqa-3213,50-50,selection,False
simpleqa-3214,50-50,test,True
simpleqa-3215,50-50,selection,False
simpleqa-3216,50-50,test,True
simpleqa-3217,50-50,selection,False
simpleqa-3218,50-50,selection,False
simpleqa-3219,50-50,selection,False
simpleqa-322,50-50,test,True
simpleqa-3220,50-50,test,True
simpleqa-3221,50-50,test,False
simpleqa-3222,50-50,selection,False
simpleqa-3223,50-50,test,False
simpleqa-3224,50-50,test,True
simpleqa-3225,50-50,selection,False
simpleqa-3226,50-50,selection,False
simpleqa-3227,50-50,selection,False
simpleqa-3228,50-50,selection,False
simpleqa-3229,50-50,test,False
simpleqa-323,50-50,test,True
simpleqa-3230,50-50,selection,False
simpleqa-3231,50-50,test,True
simpleqa-3232,50-50,selection,False
simpleqa-3233,50-50,selection,False
simpleqa-3234,50-50,selection,False
simpleqa-3235,50-50,test,True
simpleqa-3236,50-50,selection,False
simpleqa-3237,50-50,test,False
simpleqa-3238,50-50,selection,False
simpleqa-3239,50-50,test,True
simpleqa-324,50-50,selection,False
simpleqa-3240,50-50,selection,False
simpleqa-3241,50-50,selection,False
simpleqa-3242,50-50,selection,False
simpleqa-3243,50-50,test,False
simpleqa-3244,50-50,test,False
simpleqa-3245,50-50,test,True
simpleqa-3246,50-50,test,True
simpleqa-3247,50-50,test,False
simpleqa-3248,50-50,test,True
simpleqa-3249,50-50,selection,False
simpleqa-325,50-50,test,False
simpleqa-3250,50-50,test,True
simpleqa-3251,50-50,selection,False
simpleqa-3252,50-50,selection,False
simpleqa-3253,50-50,test,True
simpleqa-3254,50-50,test,True
simpleqa-3255,50-50,test,True
simpleqa-3256,50-50,test,True
simpleqa-3257,50-50,selection,False
simpleqa-3258,50-50,selection,False
simpleqa-3259,50-50,test,False
simpleqa-326,50-50,test,True
simpleqa-3260,50-50,selection,False
simpleqa-3261,50-50,test,False
simpleqa-3262,50-50,test,True
simpleqa-3263,50-50,selection,False
simpleqa-3264,50-50,test,True
simpleqa-3265,50-50,selection,False
simpleqa-3266,50-50,test,True
simpleqa-3267,50-50,test,True
simpleqa-3268,50-50,selection,False
simpleqa-3269,50-50,test,True
simpleqa-327,50-50,test,True
simpleqa-3270,50-50,test,False
simpleqa-3271,50-50,selection,False
simpleqa-3272,50-50,test,True
simpleqa-3273,50-50,selection,False
simpleqa-3274,50-50,test,True
simpleqa-3275,50-50,test,True
simpleqa-3276,50-50,test,True
simpleqa-3277,50-50,test,False
simpleqa-3278,50-50,test,True
simpleqa-3279,50-50,test,True
simpleqa-328,50-50,test,True
simpleqa-3280,50-50,test,False
simpleqa-3281,50-50,test,False
simpleqa-3282,50-50,selection,False
simpleqa-3283,50-50,selection,False
simpleqa-3284,50-50,selection,False
simpleqa-3285,50-50,selection,False
simpleqa-3286,50-50,selection,False
simpleqa-3287,50-50,test,True
simpleqa-3288,50-50,test,False
simpleqa-3289,50-50,test,False
simpleqa-329,50-50,test,True
simpleqa-3290,50-50,test,True
simpleqa-3291,50-50,test,False
simpleqa-3292,50-50,selection,False
simpleqa-3293,50-50,test,False
simpleqa-3294,50-50,test,True
simpleqa-3295,50-50,selection,False
simpleqa-3296,50-50,selection,False
simpleqa-3297,50-50,selection,False
simpleqa-3298,50-50,selection,False
simpleqa-3299,50-50,selection,False
simpleqa-33,50-50,test,True
simpleqa-330,50-50,selection,False
simpleqa-3300,50-50,selection,False
simpleqa-3301,50-50,test,True
simpleqa-3302,50-50,selection,False
simpleqa-3303,50-50,selection,False
simpleqa-3304,50-50,test,True
simpleqa-3305,50-50,test,False
simpleqa-3306,50-50,test,False
simpleqa-3307,50-50,selection,False
simpleqa-3308,50-50,selection,False
simpleqa-3309,50-50,selection,False
simpleqa-331,50-50,test,False
simpleqa-3310,50-50,test,True
simpleqa-3311,50-50,test,False
simpleqa-3312,50-50,test,True
simpleqa-3313,50-50,test,True
simpleqa-3314,50-50,selection,False
simpleqa-3315,50-50,selection,False
simpleqa-3316,50-50,test,False
simpleqa-3317,50-50,selection,False
simpleqa-3318,50-50,selection,False
simpleqa-3319,50-50,test,False
simpleqa-332,50-50,selection,False
simpleqa-3320,50-50,selection,False
simpleqa-3321,50-50,selection,False
simpleqa-3322,50-50,selection,False
simpleqa-3323,50-50,selection,False
simpleqa-3324,50-50,selection,False
simpleqa-3325,50-50,test,False
simpleqa-3326,50-50,test,False
simpleqa-3327,50-50,test,False
simpleqa-3328,50-50,test,True
simpleqa-3329,50-50,selection,False
simpleqa-333,50-50,selection,False
simpleqa-3330,50-50,selection,False
simpleqa-3331,50-50,selection,False
simpleqa-3332,50-50,test,True
simpleqa-3333,50-50,test,True
simpleqa-3334,50-50,selection,False
simpleqa-3335,50-50,selection,False
simpleqa-3336,50-50,test,False
simpleqa-3337,50-50,selection,False
simpleqa-3338,50-50,test,True
simpleqa-3339,50-50,test,False
simpleqa-334,50-50,selection,False
simpleqa-3340,50-50,selection,False
simpleqa-3341,50-50,selection,False
simpleqa-3342,50-50,test,True
simpleqa-3343,50-50,test,False
simpleqa-3344,50-50,selection,False
simpleqa-3345,50-50,selection,False
simpleqa-3346,50-50,selection,False
simpleqa-3347,50-50,selection,False
simpleqa-3348,50-50,selection,False
simpleqa-3349,50-50,selection,False
simpleqa-335,50-50,selection,False
simpleqa-3350,50-50,selection,False
simpleqa-3351,50-50,test,True
simpleqa-3352,50-50,test,False
simpleqa-3353,50-50,selection,False
simpleqa-3354,50-50,selection,False
simpleqa-3355,50-50,selection,False
simpleqa-3356,50-50,selection,False
simpleqa-3357,50-50,selection,False
simpleqa-3358,50-50,test,False
simpleqa-3359,50-50,selection,False
simpleqa-336,50-50,test,True
simpleqa-3360,50-50,selection,False
simpleqa-3361,50-50,selection,False
simpleqa-3362,50-50,test,False
simpleqa-3363,50-50,test,False
simpleqa-3364,50-50,selection,False
simpleqa-3365,50-50,test,False
simpleqa-3366,50-50,test,False
simpleqa-3367,50-50,selection,False
simpleqa-3368,50-50,test,False
simpleqa-3369,50-50,test,False
simpleqa-337,50-50,test,True
simpleqa-3370,50-50,test,True
simpleqa-3371,50-50,test,True
simpleqa-3372,50-50,selection,False
simpleqa-3373,50-50,selection,False
simpleqa-3374,50-50,test,True
simpleqa-3375,50-50,test,True
simpleqa-3376,50-50,selection,False
simpleqa-3377,50-50,test,False
simpleqa-3378,50-50,selection,False
simpleqa-3379,50-50,selection,False
simpleqa-338,50-50,selection,False
simpleqa-3380,50-50,test,True
simpleqa-3381,50-50,selection,False
simpleqa-3382,50-50,test,True
simpleqa-3383,50-50,selection,False
simpleqa-3384,50-50,test,False
simpleqa-3385,50-50,selection,False
simpleqa-3386,50-50,test,False
simpleqa-3387,50-50,selection,False
simpleqa-3388,50-50,selection,False
simpleqa-3389,50-50,selection,False
simpleqa-339,50-50,test,False
simpleqa-3390,50-50,test,True
simpleqa-3391,50-50,test,False
simpleqa-3392,50-50,test,False
simpleqa-3393,50-50,test,False
simpleqa-3394,50-50,selection,False
simpleqa-3395,50-50,selection,False
simpleqa-3396,50-50,test,True
simpleqa-3397,50-50,selection,False
simpleqa-3398,50-50,test,False
simpleqa-3399,50-50,selection,False
simpleqa-34,50-50,selection,False
simpleqa-340,50-50,selection,False
simpleqa-3400,50-50,selection,False
simpleqa-3401,50-50,test,True
simpleqa-3402,50-50,test,False
simpleqa-3403,50-50,test,False
simpleqa-3404,50-50,selection,False
simpleqa-3405,50-50,test,False
simpleqa-3406,50-50,selection,False
simpleqa-3407,50-50,selection,False
simpleqa-3408,50-50,selection,False
simpleqa-3409,50-50,test,True
simpleqa-341,50-50,test,True
simpleqa-3410,50-50,test,True
simpleqa-3411,50-50,selection,False
simpleqa-3412,50-50,test,True
simpleqa-3413,50-50,test,True
simpleqa-3414,50-50,selection,False
simpleqa-3415,50-50,test,True
simpleqa-3416,50-50,selection,False
simpleqa-3417,50-50,test,True
simpleqa-3418,50-50,selection,False
simpleqa-3419,50-50,selection,False
simpleqa-342,50-50,test,True
simpleqa-3420,50-50,test,True
simpleqa-3421,50-50,test,False
simpleqa-3422,50-50,selection,False
simpleqa-3423,50-50,selection,False
simpleqa-3424,50-50,selection,False
simpleqa-3425,50-50,selection,False
simpleqa-3426,50-50,selection,False
simpleqa-3427,50-50,selection,False
simpleqa-3428,50-50,test,False
simpleqa-3429,50-50,selection,False
simpleqa-343,50-50,selection,False
simpleqa-3430,50-50,selection,False
simpleqa-3431,50-50,test,False
simpleqa-3432,50-50,selection,False
simpleqa-3433,50-50,selection,False
simpleqa-3434,50-50,selection,False
simpleqa-3435,50-50,selection,False
simpleqa-3436,50-50,test,False
simpleqa-3437,50-50,test,False
simpleqa-3438,50-50,selection,False
simpleqa-3439,50-50,test,True
simpleqa-344,50-50,selection,False
simpleqa-3440,50-50,selection,False
simpleqa-3441,50-50,test,True
simpleqa-3442,50-50,test,True
simpleqa-3443,50-50,selection,False
simpleqa-3444,50-50,selection,False
simpleqa-3445,50-50,test,True
simpleqa-3446,50-50,test,True
simpleqa-3447,50-50,test,True
simpleqa-3448,50-50,test,False
simpleqa-3449,50-50,test,True
simpleqa-345,50-50,test,True
simpleqa-3450,50-50,selection,False
simpleqa-3451,50-50,test,True
simpleqa-3452,50-50,test,False
simpleqa-3453,50-50,test,False
simpleqa-3454,50-50,selection,False
simpleqa-3455,50-50,test,True
simpleqa-3456,50-50,test,False
simpleqa-3457,50-50,test,False
simpleqa-3458,50-50,selection,False
simpleqa-3459,50-50,selection,False
simpleqa-346,50-50,test,True
simpleqa-3460,50-50,selection,False
simpleqa-3461,50-50,selection,False
simpleqa-3462,50-50,selection,False
simpleqa-3463,50-50,test,False
simpleqa-3464,50-50,selection,False
simpleqa-3465,50-50,selection,False
simpleqa-3466,50-50,selection,False
simpleqa-3467,50-50,selection,False
simpleqa-3468,50-50,selection,False
simpleqa-3469,50-50,selection,False
simpleqa-347,50-50,selection,False
simpleqa-3470,50-50,test,False
simpleqa-3471,50-50,selection,False
simpleqa-3472,50-50,selection,False
simpleqa-3473,50-50,selection,False
simpleqa-3474,50-50,selection,False
simpleqa-3475,50-50,selection,False
simpleqa-3476,50-50,selection,False
simpleqa-3477,50-50,test,True
simpleqa-3478,50-50,test,True
simpleqa-3479,50-50,selection,False
simpleqa-348,50-50,test,False
simpleqa-3480,50-50,selection,False
simpleqa-3481,50-50,selection,False
simpleqa-3482,50-50,test,True
simpleqa-3483,50-50,selection,False
simpleqa-3484,50-50,test,False
simpleqa-3485,50-50,test,True
simpleqa-3486,50-50,test,True
simpleqa-3487,50-50,selection,False
simpleqa-3488,50-50,selection,False
simpleqa-3489,50-50,selection,False
simpleqa-349,50-50,selection,False
simpleqa-3490,50-50,test,False
simpleqa-3491,50-50,test,False
simpleqa-3492,50-50,test,True
simpleqa-3493,50-50,selection,False
simpleqa-3494,50-50,test,True
simpleqa-3495,50-50,test,True
simpleqa-3496,50-50,test,False
simpleqa-3497,50-50,test,False
simpleqa-3498,50-50,selection,False
simpleqa-3499,50-50,selection,False
simpleqa-35,50-50,test,True
simpleqa-350,50-50,test,True
simpleqa-3500,50-50,selection,False
simpleqa-3501,50-50,selection,False
simpleqa-3502,50-50,selection,False
simpleqa-3503,50-50,test,True
simpleqa-3504,50-50,test,True
simpleqa-3505,50-50,selection,False
simpleqa-3506,50-50,selection,False
simpleqa-3507,50-50,test,True
simpleqa-3508,50-50,selection,False
simpleqa-3509,50-50,test,False
simpleqa-351,50-50,selection,False
simpleqa-3510,50-50,selection,False
simpleqa-3511,50-50,selection,False
simpleqa-3512,50-50,test,False
simpleqa-3513,50-50,test,True
simpleqa-3514,50-50,selection,False
simpleqa-3515,50-50,test,False
simpleqa-3516,50-50,test,True
simpleqa-3517,50-50,test,True
simpleqa-3518,50-50,test,True
simpleqa-3519,50-50,selection,False
simpleqa-352,50-50,selection,False
simpleqa-3520,50-50,selection,False
simpleqa-3521,50-50,test,True
simpleqa-3522,50-50,test,False
simpleqa-3523,50-50,test,True
simpleqa-3524,50-50,test,True
simpleqa-3525,50-50,test,False
simpleqa-3526,50-50,test,False
simpleqa-3527,50-50,test,True
simpleqa-3528,50-50,test,False
simpleqa-3529,50-50,selection,False
simpleqa-353,50-50,test,False
simpleqa-3530,50-50,test,False
simpleqa-3531,50-50,selection,False
simpleqa-3532,50-50,selection,False
simpleqa-3533,50-50,selection,False
simpleqa-3534,50-50,selection,False
simpleqa-3535,50-50,test,True
simpleqa-3536,50-50,selection,False
simpleqa-3537,50-50,selection,False
simpleqa-3538,50-50,test,False
simpleqa-3539,50-50,test,True
simpleqa-354,50-50,selection,False
simpleqa-3540,50-50,test,True
simpleqa-3541,50-50,test,True
simpleqa-3542,50-50,selection,False
simpleqa-3543,50-50,selection,False
simpleqa-3544,50-50,test,False
simpleqa-3545,50-50,test,False
simpleqa-3546,50-50,test,True
simpleqa-3547,50-50,test,True
simpleqa-3548,50-50,test,True
simpleqa-3549,50-50,selection,False
simpleqa-355,50-50,selection,False
simpleqa-3550,50-50,test,True
simpleqa-3551,50-50,selection,False
simpleqa-3552,50-50,test,True
simpleqa-3553,50-50,test,True
simpleqa-3554,50-50,selection,False
simpleqa-3555,50-50,selection,False
simpleqa-3556,50-50,test,False
simpleqa-3557,50-50,test,False
simpleqa-3558,50-50,selection,False
simpleqa-3559,50-50,test,True
simpleqa-356,50-50,test,True
simpleqa-3560,50-50,selection,False
simpleqa-3561,50-50,selection,False
simpleqa-3562,50-50,selection,False
simpleqa-3563,50-50,test,False
simpleqa-3564,50-50,selection,False
simpleqa-3565,50-50,selection,False
simpleqa-3566,50-50,selection,False
simpleqa-3567,50-50,selection,False
simpleqa-3568,50-50,test,False
simpleqa-3569,50-50,test,True
simpleqa-357,50-50,selection,False
simpleqa-3570,50-50,selection,False
simpleqa-3571,50-50,test,True
simpleqa-3572,50-50,test,False
simpleqa-3573,50-50,selection,False
simpleqa-3574,50-50,test,True
simpleqa-3575,50-50,selection,False
simpleqa-3576,50-50,selection,False
simpleqa-3577,50-50,selection,False
simpleqa-3578,50-50,test,True
simpleqa-3579,50-50,selection,False
simpleqa-358,50-50,test,False
simpleqa-3580,50-50,selection,False
simpleqa-3581,50-50,selection,False
simpleqa-3582,50-50,test,True
simpleqa-3583,50-50,selection,False
simpleqa-3584,50-50,test,False
simpleqa-3585,50-50,test,True
simpleqa-3586,50-50,test,True
simpleqa-3587,50-50,selection,False
simpleqa-3588,50-50,selection,False
simpleqa-3589,50-50,test,False
simpleqa-359,50-50,selection,False
simpleqa-3590,50-50,test,False
simpleqa-3591,50-50,test,True
simpleqa-3592,50-50,selection,False
simpleqa-3593,50-50,selection,False
simpleqa-3594,50-50,test,False
simpleqa-3595,50-50,test,True
simpleqa-3596,50-50,selection,False
simpleqa-3597,50-50,selection,False
simpleqa-3598,50-50,test,True
simpleqa-3599,50-50,selection,False
simpleqa-36,50-50,selection,False
simpleqa-360,50-50,selection,False
simpleqa-3600,50-50,selection,False
simpleqa-3601,50-50,selection,False
simpleqa-3602,50-50,selection,False
simpleqa-3603,50-50,selection,False
simpleqa-3604,50-50,test,True
simpleqa-3605,50-50,selection,False
simpleqa-3606,50-50,test,False
simpleqa-3607,50-50,selection,False
simpleqa-3608,50-50,test,False
simpleqa-3609,50-50,test,True
simpleqa-361,50-50,test,True
simpleqa-3610,50-50,selection,False
simpleqa-3611,50-50,selection,False
simpleqa-3612,50-50,selection,False
simpleqa-3613,50-50,selection,False
simpleqa-3614,50-50,test,False
simpleqa-3615,50-50,test,False
simpleqa-3616,50-50,selection,False
simpleqa-3617,50-50,test,True
simpleqa-3618,50-50,test,True
simpleqa-3619,50-50,selection,False
simpleqa-362,50-50,test,False
simpleqa-3620,50-50,selection,False
simpleqa-3621,50-50,selection,False
simpleqa-3622,50-50,test,True
simpleqa-3623,50-50,selection,False
simpleqa-3624,50-50,selection,False
simpleqa-3625,50-50,selection,False
simpleqa-3626,50-50,test,False
simpleqa-3627,50-50,selection,False
simpleqa-3628,50-50,test,True
simpleqa-3629,50-50,selection,False
simpleqa-363,50-50,selection,False
simpleqa-3630,50-50,test,True
simpleqa-3631,50-50,test,False
simpleqa-3632,50-50,selection,False
simpleqa-3633,50-50,selection,False
simpleqa-3634,50-50,selection,False
simpleqa-3635,50-50,selection,False
simpleqa-3636,50-50,selection,False
simpleqa-3637,50-50,test,True
simpleqa-3638,50-50,test,True
simpleqa-3639,50-50,test,False
simpleqa-364,50-50,selection,False
simpleqa-3640,50-50,test,True
simpleqa-3641,50-50,test,True
simpleqa-3642,50-50,selection,False
simpleqa-3643,50-50,selection,False
simpleqa-3644,50-50,test,False
simpleqa-3645,50-50,selection,False
simpleqa-3646,50-50,test,False
simpleqa-3647,50-50,test,False
simpleqa-3648,50-50,selection,False
simpleqa-3649,50-50,selection,False
simpleqa-365,50-50,test,False
simpleqa-3650,50-50,test,False
simpleqa-3651,50-50,selection,False
simpleqa-3652,50-50,selection,False
simpleqa-3653,50-50,selection,False
simpleqa-3654,50-50,selection,False
simpleqa-3655,50-50,selection,False
simpleqa-3656,50-50,selection,False
simpleqa-3657,50-50,selection,False
simpleqa-3658,50-50,selection,False
simpleqa-3659,50-50,test,True
simpleqa-366,50-50,test,True
simpleqa-3660,50-50,test,False
simpleqa-3661,50-50,selection,False
simpleqa-3662,50-50,selection,False
simpleqa-3663,50-50,selection,False
simpleqa-3664,50-50,test,False
simpleqa-3665,50-50,selection,False
simpleqa-3666,50-50,selection,False
simpleqa-3667,50-50,test,True
simpleqa-3668,50-50,selection,False
simpleqa-3669,50-50,test,False
simpleqa-367,50-50,selection,False
simpleqa-3670,50-50,selection,False
simpleqa-3671,50-50,test,False
simpleqa-3672,50-50,test,False
simpleqa-3673,50-50,test,False
simpleqa-3674,50-50,selection,False
simpleqa-3675,50-50,selection,False
simpleqa-3676,50-50,selection,False
simpleqa-3677,50-50,test,False
simpleqa-3678,50-50,selection,False
simpleqa-3679,50-50,selection,False
simpleqa-368,50-50,selection,False
simpleqa-3680,50-50,selection,False
simpleqa-3681,50-50,test,False
simpleqa-3682,50-50,test,False
simpleqa-3683,50-50,selection,False
simpleqa-3684,50-50,selection,False
simpleqa-3685,50-50,selection,False
simpleqa-3686,50-50,selection,False
simpleqa-3687,50-50,selection,False
simpleqa-3688,50-50,selection,False
simpleqa-3689,50-50,test,False
simpleqa-369,50-50,test,True
simpleqa-3690,50-50,selection,False
simpleqa-3691,50-50,test,True
simpleqa-3692,50-50,selection,False
simpleqa-3693,50-50,test,False
simpleqa-3694,50-50,selection,False
simpleqa-3695,50-50,test,False
simpleqa-3696,50-50,test,False
simpleqa-3697,50-50,selection,False
simpleqa-3698,50-50,test,True
simpleqa-3699,50-50,selection,False
simpleqa-37,50-50,test,False
simpleqa-370,50-50,test,True
simpleqa-3700,50-50,test,False
simpleqa-3701,50-50,selection,False
simpleqa-3702,50-50,test,False
simpleqa-3703,50-50,test,True
simpleqa-3704,50-50,test,True
simpleqa-3705,50-50,test,True
simpleqa-3706,50-50,test,True
simpleqa-3707,50-50,test,True
simpleqa-3708,50-50,test,False
simpleqa-3709,50-50,selection,False
simpleqa-371,50-50,selection,False
simpleqa-3710,50-50,test,True
simpleqa-3711,50-50,selection,False
simpleqa-3712,50-50,selection,False
simpleqa-3713,50-50,selection,False
simpleqa-3714,50-50,selection,False
simpleqa-3715,50-50,selection,False
simpleqa-3716,50-50,test,True
simpleqa-3717,50-50,test,False
simpleqa-3718,50-50,test,False
simpleqa-3719,50-50,selection,False
simpleqa-372,50-50,test,False
simpleqa-3720,50-50,test,False
simpleqa-3721,50-50,test,False
simpleqa-3722,50-50,test,True
simpleqa-3723,50-50,selection,False
simpleqa-3724,50-50,test,False
simpleqa-3725,50-50,selection,False
simpleqa-3726,50-50,selection,False
simpleqa-3727,50-50,selection,False
simpleqa-3728,50-50,test,True
simpleqa-3729,50-50,test,True
simpleqa-373,50-50,selection,False
simpleqa-3730,50-50,selection,False
simpleqa-3731,50-50,test,True
simpleqa-3732,50-50,selection,False
simpleqa-3733,50-50,test,False
simpleqa-3734,50-50,test,False
simpleqa-3735,50-50,selection,False
simpleqa-3736,50-50,test,True
simpleqa-3737,50-50,selection,False
simpleqa-3738,50-50,test,True
simpleqa-3739,50-50,test,True
simpleqa-374,50-50,selection,False
simpleqa-3740,50-50,test,False
simpleqa-3741,50-50,test,True
simpleqa-3742,50-50,test,True
simpleqa-3743,50-50,test,True
simpleqa-3744,50-50,selection,False
simpleqa-3745,50-50,test,True
simpleqa-3746,50-50,test,False
simpleqa-3747,50-50,selection,False
simpleqa-3748,50-50,test,False
simpleqa-3749,50-50,test,True
simpleqa-375,50-50,test,False
simpleqa-3750,50-50,test,True
simpleqa-3751,50-50,test,True
simpleqa-3752,50-50,test,False
simpleqa-3753,50-50,test,True
simpleqa-3754,50-50,selection,False
simpleqa-3755,50-50,selection,False
simpleqa-3756,50-50,test,False
simpleqa-3757,50-50,test,True
simpleqa-3758,50-50,test,True
simpleqa-3759,50-50,selection,False
simpleqa-376,50-50,selection,False
simpleqa-3760,50-50,test,True
simpleqa-3761,50-50,selection,False
simpleqa-3762,50-50,test,False
simpleqa-3763,50-50,test,False
simpleqa-3764,50-50,selection,False
simpleqa-3765,50-50,selection,False
simpleqa-3766,50-50,selection,False
simpleqa-3767,50-50,selection,False
simpleqa-3768,50-50,selection,False
simpleqa-3769,50-50,selection,False
simpleqa-377,50-50,test,False
simpleqa-3770,50-50,selection,False
simpleqa-3771,50-50,test,False
simpleqa-3772,50-50,selection,False
simpleqa-3773,50-50,test,False
simpleqa-3774,50-50,test,True
simpleqa-3775,50-50,selection,False
simpleqa-3776,50-50,selection,False
simpleqa-3777,50-50,selection,False
simpleqa-3778,50-50,test,True
simpleqa-3779,50-50,selection,False
simpleqa-378,50-50,test,True
simpleqa-3780,50-50,selection,False
simpleqa-3781,50-50,test,True
simpleqa-3782,50-50,selection,False
simpleqa-3783,50-50,test,True
simpleqa-3784,50-50,selection,False
simpleqa-3785,50-50,selection,False
simpleqa-3786,50-50,selection,False
simpleqa-3787,50-50,selection,False
simpleqa-3788,50-50,test,True
simpleqa-3789,50-50,test,True
simpleqa-379,50-50,test,True
simpleqa-3790,50-50,test,True
simpleqa-3791,50-50,selection,False
simpleqa-3792,50-50,test,True
simpleqa-3793,50-50,selection,False
simpleqa-3794,50-50,selection,False
simpleqa-3795,50-50,selection,False
simpleqa-3796,50-50,selection,False
simpleqa-3797,50-50,test,False
simpleqa-3798,50-50,selection,False
simpleqa-3799,50-50,selection,False
simpleqa-38,50-50,test,True
simpleqa-380,50-50,test,False
simpleqa-3800,50-50,selection,False
simpleqa-3801,50-50,test,False
simpleqa-3802,50-50,test,True
simpleqa-3803,50-50,test,True
simpleqa-3804,50-50,selection,False
simpleqa-3805,50-50,test,True
simpleqa-3806,50-50,test,True
simpleqa-3807,50-50,test,True
simpleqa-3808,50-50,test,True
simpleqa-3809,50-50,test,True
simpleqa-381,50-50,selection,False
simpleqa-3810,50-50,selection,False
simpleqa-3811,50-50,test,False
simpleqa-3812,50-50,selection,False
simpleqa-3813,50-50,test,True
simpleqa-3814,50-50,test,True
simpleqa-3815,50-50,test,False
simpleqa-3816,50-50,test,True
simpleqa-3817,50-50,selection,False
simpleqa-3818,50-50,test,True
simpleqa-3819,50-50,test,False
simpleqa-382,50-50,test,False
simpleqa-3820,50-50,test,True
simpleqa-3821,50-50,test,False
simpleqa-3822,50-50,test,False
simpleqa-3823,50-50,selection,False
simpleqa-3824,50-50,test,False
simpleqa-3825,50-50,test,False
simpleqa-3826,50-50,test,False
simpleqa-3827,50-50,selection,False
simpleqa-3828,50-50,selection,False
simpleqa-3829,50-50,selection,False
simpleqa-383,50-50,selection,False
simpleqa-3830,50-50,test,True
simpleqa-3831,50-50,selection,False
simpleqa-3832,50-50,test,True
simpleqa-3833,50-50,selection,False
simpleqa-3834,50-50,test,True
simpleqa-3835,50-50,test,False
simpleqa-3836,50-50,test,False
simpleqa-3837,50-50,selection,False
simpleqa-3838,50-50,test,False
simpleqa-3839,50-50,selection,False
simpleqa-384,50-50,test,False
simpleqa-3840,50-50,selection,False
simpleqa-3841,50-50,selection,False
simpleqa-3842,50-50,selection,False
simpleqa-3843,50-50,test,False
simpleqa-3844,50-50,test,True
simpleqa-3845,50-50,selection,False
simpleqa-3846,50-50,test,True
simpleqa-3847,50-50,selection,False
simpleqa-3848,50-50,test,True
simpleqa-3849,50-50,test,False
simpleqa-385,50-50,selection,False
simpleqa-3850,50-50,selection,False
simpleqa-3851,50-50,selection,False
simpleqa-3852,50-50,selection,False
simpleqa-3853,50-50,selection,False
simpleqa-3854,50-50,selection,False
simpleqa-3855,50-50,test,True
simpleqa-3856,50-50,selection,False
simpleqa-3857,50-50,test,False
simpleqa-3858,50-50,test,False
simpleqa-3859,50-50,test,True
simpleqa-386,50-50,selection,False
simpleqa-3860,50-50,selection,False
simpleqa-3861,50-50,test,True
simpleqa-3862,50-50,selection,False
simpleqa-3863,50-50,selection,False
simpleqa-3864,50-50,selection,False
simpleqa-3865,50-50,selection,False
simpleqa-3866,50-50,selection,False
simpleqa-3867,50-50,test,True
simpleqa-3868,50-50,test,True
simpleqa-3869,50-50,selection,False
simpleqa-387,50-50,selection,False
simpleqa-3870,50-50,test,True
simpleqa-3871,50-50,test,True
simpleqa-3872,50-50,selection,False
simpleqa-3873,50-50,test,True
simpleqa-3874,50-50,test,False
simpleqa-3875,50-50,selection,False
simpleqa-3876,50-50,selection,False
simpleqa-3877,50-50,selection,False
simpleqa-3878,50-50,selection,False
simpleqa-3879,50-50,selection,False
simpleqa-388,50-50,selection,False
simpleqa-3880,50-50,selection,False
simpleqa-3881,50-50,selection,False
simpleqa-3882,50-50,test,True
simpleqa-3883,50-50,test,True
simpleqa-3884,50-50,test,False
simpleqa-3885,50-50,test,True
simpleqa-3886,50-50,test,False
simpleqa-3887,50-50,test,True
simpleqa-3888,50-50,selection,False
simpleqa-3889,50-50,selection,False
simpleqa-389,50-50,test,True
simpleqa-3890,50-50,selection,False
simpleqa-3891,50-50,test,True
simpleqa-3892,50-50,selection,False
simpleqa-3893,50-50,selection,False
simpleqa-3894,50-50,test,True
simpleqa-3895,50-50,selection,False
simpleqa-3896,50-50,test,True
simpleqa-3897,50-50,selection,False
simpleqa-3898,50-50,selection,False
simpleqa-3899,50-50,test,True
simpleqa-39,50-50,selection,False
simpleqa-390,50-50,test,True
simpleqa-3900,50-50,test,True
simpleqa-3901,50-50,selection,False
simpleqa-3902,50-50,selection,False
simpleqa-3903,50-50,test,True
simpleqa-3904,50-50,selection,False
simpleqa-3905,50-50,test,True
simpleqa-3906,50-50,test,False
simpleqa-3907,50-50,selection,False
simpleqa-3908,50-50,test,False
simpleqa-3909,50-50,selection,False
simpleqa-391,50-50,test,False
simpleqa-3910,50-50,test,False
simpleqa-3911,50-50,test,True
simpleqa-3912,50-50,selection,False
simpleqa-3913,50-50,test,False
simpleqa-3914,50-50,selection,False
simpleqa-3915,50-50,selection,False
simpleqa-3916,50-50,test,True
simpleqa-3917,50-50,selection,False
simpleqa-3918,50-50,test,False
simpleqa-3919,50-50,test,False
simpleqa-392,50-50,selection,False
simpleqa-3920,50-50,selection,False
simpleqa-3921,50-50,selection,False
simpleqa-3922,50-50,test,True
simpleqa-3923,50-50,selection,False
simpleqa-3924,50-50,test,True
simpleqa-3925,50-50,test,True
simpleqa-3926,50-50,test,False
simpleqa-3927,50-50,test,True
simpleqa-3928,50-50,selection,False
simpleqa-3929,50-50,selection,False
simpleqa-393,50-50,test,True
simpleqa-3930,50-50,selection,False
simpleqa-3931,50-50,selection,False
simpleqa-3932,50-50,selection,False
simpleqa-3933,50-50,selection,False
simpleqa-3934,50-50,test,False
simpleqa-3935,50-50,test,True
simpleqa-3936,50-50,selection,False
simpleqa-3937,50-50,test,True
simpleqa-3938,50-50,selection,False
simpleqa-3939,50-50,test,True
simpleqa-394,50-50,selection,False
simpleqa-3940,50-50,selection,False
simpleqa-3941,50-50,selection,False
simpleqa-3942,50-50,selection,False
simpleqa-3943,50-50,test,False
simpleqa-3944,50-50,selection,False
simpleqa-3945,50-50,test,True
simpleqa-3946,50-50,test,False
simpleqa-3947,50-50,selection,False
simpleqa-3948,50-50,selection,False
simpleqa-3949,50-50,test,True
simpleqa-395,50-50,selection,False
simpleqa-3950,50-50,test,False
simpleqa-3951,50-50,test,False
simpleqa-3952,50-50,test,True
simpleqa-3953,50-50,selection,False
simpleqa-3954,50-50,test,False
simpleqa-3955,50-50,test,True
simpleqa-3956,50-50,test,True
simpleqa-3957,50-50,selection,False
simpleqa-3958,50-50,test,True
simpleqa-3959,50-50,selection,False
simpleqa-396,50-50,selection,False
simpleqa-3960,50-50,selection,False
simpleqa-3961,50-50,test,True
simpleqa-3962,50-50,test,False
simpleqa-3963,50-50,test,False
simpleqa-3964,50-50,selection,False
simpleqa-3965,50-50,test,True
simpleqa-3966,50-50,selection,False
simpleqa-3967,50-50,selection,False
simpleqa-3968,50-50,selection,False
simpleqa-3969,50-50,test,True
simpleqa-397,50-50,test,True
simpleqa-3970,50-50,test,True
simpleqa-3971,50-50,selection,False
simpleqa-3972,50-50,selection,False
simpleqa-3973,50-50,test,False
simpleqa-3974,50-50,test,True
simpleqa-3975,50-50,selection,False
simpleqa-3976,50-50,test,True
simpleqa-3977,50-50,test,True
simpleqa-3978,50-50,test,True
simpleqa-3979,50-50,selection,False
simpleqa-398,50-50,selection,False
simpleqa-3980,50-50,selection,False
simpleqa-3981,50-50,test,True
simpleqa-3982,50-50,selection,False
simpleqa-3983,50-50,test,False
simpleqa-3984,50-50,test,True
simpleqa-3985,50-50,selection,False
simpleqa-3986,50-50,test,True
simpleqa-3987,50-50,selection,False
simpleqa-3988,50-50,selection,False
simpleqa-3989,50-50,selection,False
simpleqa-399,50-50,selection,False
simpleqa-3990,50-50,selection,False
simpleqa-3991,50-50,test,False
simpleqa-3992,50-50,test,True
simpleqa-3993,50-50,test,False
simpleqa-3994,50-50,selection,False
simpleqa-3995,50-50,test,False
simpleqa-3996,50-50,selection,False
simpleqa-3997,50-50,test,False
simpleqa-3998,50-50,test,False
simpleqa-3999,50-50,test,False
simpleqa-4,50-50,test,True
simpleqa-40,50-50,test,False
simpleqa-400,50-50,test,True
simpleqa-4000,50-50,test,False
simpleqa-4001,50-50,test,True
simpleqa-4002,50-50,selection,False
simpleqa-4003,50-50,selection,False
simpleqa-4004,50-50,test,True
simpleqa-4005,50-50,test,True
simpleqa-4006,50-50,test,True
simpleqa-4007,50-50,test,True
simpleqa-4008,50-50,selection,False
simpleqa-4009,50-50,selection,False
simpleqa-401,50-50,selection,False
simpleqa-4010,50-50,test,True
simpleqa-4011,50-50,selection,False
simpleqa-4012,50-50,test,False
simpleqa-4013,50-50,selection,False
simpleqa-4014,50-50,selection,False
simpleqa-4015,50-50,test,False
simpleqa-4016,50-50,test,True
simpleqa-4017,50-50,selection,False
simpleqa-4018,50-50,selection,False
simpleqa-4019,50-50,selection,False
simpleqa-402,50-50,test,True
simpleqa-4020,50-50,selection,False
simpleqa-4021,50-50,selection,False
simpleqa-4022,50-50,test,False
simpleqa-4023,50-50,selection,False
simpleqa-4024,50-50,test,True
simpleqa-4025,50-50,selection,False
simpleqa-4026,50-50,test,False
simpleqa-4027,50-50,test,True
simpleqa-4028,50-50,test,False
simpleqa-4029,50-50,selection,False
simpleqa-403,50-50,selection,False
simpleqa-4030,50-50,selection,False
simpleqa-4031,50-50,selection,False
simpleqa-4032,50-50,selection,False
simpleqa-4033,50-50,selection,False
simpleqa-4034,50-50,test,False
simpleqa-4035,50-50,test,True
simpleqa-4036,50-50,test,True
simpleqa-4037,50-50,test,False
simpleqa-4038,50-50,test,False
simpleqa-4039,50-50,test,True
simpleqa-404,50-50,test,True
simpleqa-4040,50-50,selection,False
simpleqa-4041,50-50,selection,False
simpleqa-4042,50-50,test,True
simpleqa-4043,50-50,test,False
simpleqa-4044,50-50,test,False
simpleqa-4045,50-50,test,True
simpleqa-4046,50-50,test,True
simpleqa-4047,50-50,selection,False
simpleqa-4048,50-50,selection,False
simpleqa-4049,50-50,test,True
simpleqa-405,50-50,test,True
simpleqa-4050,50-50,selection,False
simpleqa-4051,50-50,selection,False
simpleqa-4052,50-50,test,True
simpleqa-4053,50-50,test,False
simpleqa-4054,50-50,selection,False
simpleqa-4055,50-50,selection,False
simpleqa-4056,50-50,selection,False
simpleqa-4057,50-50,selection,False
simpleqa-4058,50-50,test,True
simpleqa-4059,50-50,selection,False
simpleqa-406,50-50,selection,False
simpleqa-4060,50-50,selection,False
simpleqa-4061,50-50,test,True
simpleqa-4062,50-50,test,True
simpleqa-4063,50-50,test,False
simpleqa-4064,50-50,test,True
simpleqa-4065,50-50,test,True
simpleqa-4066,50-50,test,True
simpleqa-4067,50-50,selection,False
simpleqa-4068,50-50,test,True
simpleqa-4069,50-50,selection,False
simpleqa-407,50-50,test,False
simpleqa-4070,50-50,test,False
simpleqa-4071,50-50,selection,False
simpleqa-4072,50-50,selection,False
simpleqa-4073,50-50,test,True
simpleqa-4074,50-50,selection,False
simpleqa-4075,50-50,test,True
simpleqa-4076,50-50,selection,False
simpleqa-4077,50-50,selection,False
simpleqa-4078,50-50,test,True
simpleqa-4079,50-50,selection,False
simpleqa-408,50-50,selection,False
simpleqa-4080,50-50,selection,False
simpleqa-4081,50-50,selection,False
simpleqa-4082,50-50,test,True
simpleqa-4083,50-50,test,False
simpleqa-4084,50-50,test,False
simpleqa-4085,50-50,test,True
simpleqa-4086,50-50,selection,False
simpleqa-4087,50-50,test,True
simpleqa-4088,50-50,selection,False
simpleqa-4089,50-50,test,True
simpleqa-409,50-50,selection,False
simpleqa-4090,50-50,selection,False
simpleqa-4091,50-50,test,True
simpleqa-4092,50-50,test,True
simpleqa-4093,50-50,test,True
simpleqa-4094,50-50,test,False
simpleqa-4095,50-50,selection,False
simpleqa-4096,50-50,selection,False
simpleqa-4097,50-50,test,True
simpleqa-4098,50-50,test,True
simpleqa-4099,50-50,test,False
simpleqa-41,50-50,selection,False
simpleqa-410,50-50,selection,False
simpleqa-4100,50-50,selection,False
simpleqa-4101,50-50,selection,False
simpleqa-4102,50-50,test,True
simpleqa-4103,50-50,test,True
simpleqa-4104,50-50,test,True
simpleqa-4105,50-50,selection,False
simpleqa-4106,50-50,selection,False
simpleqa-4107,50-50,selection,False
simpleqa-4108,50-50,selection,False
simpleqa-4109,50-50,selection,False
simpleqa-411,50-50,test,True
simpleqa-4110,50-50,test,False
simpleqa-4111,50-50,selection,False
simpleqa-4112,50-50,test,False
simpleqa-4113,50-50,test,True
simpleqa-4114,50-50,test,False
simpleqa-4115,50-50,selection,False
simpleqa-4116,50-50,selection,False
simpleqa-4117,50-50,selection,False
simpleqa-4118,50-50,selection,False
simpleqa-4119,50-50,selection,False
simpleqa-412,50-50,selection,False
simpleqa-4120,50-50,selection,False
simpleqa-4121,50-50,test,True
simpleqa-4122,50-50,selection,False
simpleqa-4123,50-50,test,True
simpleqa-4124,50-50,test,True
simpleqa-4125,50-50,selection,False
simpleqa-4126,50-50,selection,False
simpleqa-4127,50-50,selection,False
simpleqa-4128,50-50,selection,False
simpleqa-4129,50-50,selection,False
simpleqa-413,50-50,selection,False
simpleqa-4130,50-50,selection,False
simpleqa-4131,50-50,selection,False
simpleqa-4132,50-50,selection,False
simpleqa-4133,50-50,selection,False
simpleqa-4134,50-50,selection,False
simpleqa-4135,50-50,test,True
simpleqa-4136,50-50,test,True
simpleqa-4137,50-50,test,True
simpleqa-4138,50-50,selection,False
simpleqa-4139,50-50,test,False
simpleqa-414,50-50,test,True
simpleqa-4140,50-50,selection,False
simpleqa-4141,50-50,test,False
simpleqa-4142,50-50,test,False
simpleqa-4143,50-50,selection,False
simpleqa-4144,50-50,test,True
simpleqa-4145,50-50,test,False
simpleqa-4146,50-50,test,True
simpleqa-4147,50-50,test,False
simpleqa-4148,50-50,selection,False
simpleqa-4149,50-50,selection,False
simpleqa-415,50-50,test,True
simpleqa-4150,50-50,test,False
simpleqa-4151,50-50,selection,False
simpleqa-4152,50-50,test,False
simpleqa-4153,50-50,selection,False
simpleqa-4154,50-50,selection,False
simpleqa-4155,50-50,test,False
simpleqa-4156,50-50,test,True
simpleqa-4157,50-50,test,False
simpleqa-4158,50-50,selection,False
simpleqa-4159,50-50,test,True
simpleqa-416,50-50,selection,False
simpleqa-4160,50-50,test,False
simpleqa-4161,50-50,test,False
simpleqa-4162,50-50,test,True
simpleqa-4163,50-50,selection,False
simpleqa-4164,50-50,selection,False
simpleqa-4165,50-50,selection,False
simpleqa-4166,50-50,selection,False
simpleqa-4167,50-50,selection,False
simpleqa-4168,50-50,selection,False
simpleqa-4169,50-50,selection,False
simpleqa-417,50-50,selection,False
simpleqa-4170,50-50,selection,False
simpleqa-4171,50-50,selection,False
simpleqa-4172,50-50,selection,False
simpleqa-4173,50-50,selection,False
simpleqa-4174,50-50,test,False
simpleqa-4175,50-50,selection,False
simpleqa-4176,50-50,test,False
simpleqa-4177,50-50,test,False
simpleqa-4178,50-50,test,True
simpleqa-4179,50-50,test,False
simpleqa-418,50-50,test,True
simpleqa-4180,50-50,selection,False
simpleqa-4181,50-50,test,True
simpleqa-4182,50-50,test,True
simpleqa-4183,50-50,selection,False
simpleqa-4184,50-50,test,True
simpleqa-4185,50-50,selection,False
simpleqa-4186,50-50,selection,False
simpleqa-4187,50-50,test,True
simpleqa-4188,50-50,test,False
simpleqa-4189,50-50,selection,False
simpleqa-419,50-50,test,True
simpleqa-4190,50-50,selection,False
simpleqa-4191,50-50,test,True
simpleqa-4192,50-50,selection,False
simpleqa-4193,50-50,selection,False
simpleqa-4194,50-50,test,True
simpleqa-4195,50-50,test,True
simpleqa-4196,50-50,selection,False
simpleqa-4197,50-50,test,True
simpleqa-4198,50-50,selection,False
simpleqa-4199,50-50,selection,False
simpleqa-42,50-50,selection,False
simpleqa-420,50-50,test,True
simpleqa-4200,50-50,selection,False
simpleqa-4201,50-50,selection,False
simpleqa-4202,50-50,selection,False
simpleqa-4203,50-50,test,True
simpleqa-4204,50-50,selection,False
simpleqa-4205,50-50,selection,False
simpleqa-4206,50-50,selection,False
simpleqa-4207,50-50,selection,False
simpleqa-4208,50-50,test,True
simpleqa-4209,50-50,test,True
simpleqa-421,50-50,selection,False
simpleqa-4210,50-50,selection,False
simpleqa-4211,50-50,selection,False
simpleqa-4212,50-50,test,False
simpleqa-4213,50-50,selection,False
simpleqa-4214,50-50,test,True
simpleqa-4215,50-50,test,False
simpleqa-4216,50-50,test,False
simpleqa-4217,50-50,test,False
simpleqa-4218,50-50,test,True
simpleqa-4219,50-50,selection,False
simpleqa-422,50-50,test,False
simpleqa-4220,50-50,test,True
simpleqa-4221,50-50,test,False
simpleqa-4222,50-50,test,True
simpleqa-4223,50-50,selection,False
simpleqa-4224,50-50,selection,False
simpleqa-4225,50-50,selection,False
simpleqa-4226,50-50,test,False
simpleqa-4227,50-50,test,True
simpleqa-4228,50-50,selection,False
simpleqa-4229,50-50,test,False
simpleqa-423,50-50,test,True
simpleqa-4230,50-50,test,False
simpleqa-4231,50-50,selection,False
simpleqa-4232,50-50,test,True
simpleqa-4233,50-50,selection,False
simpleqa-4234,50-50,test,True
simpleqa-4235,50-50,test,True
simpleqa-4236,50-50,selection,False
simpleqa-4237,50-50,test,False
simpleqa-4238,50-50,selection,False
simpleqa-4239,50-50,selection,False
simpleqa-424,50-50,test,False
simpleqa-4240,50-50,selection,False
simpleqa-4241,50-50,test,True
simpleqa-4242,50-50,selection,False
simpleqa-4243,50-50,test,False
simpleqa-4244,50-50,selection,False
simpleqa-4245,50-50,test,False
simpleqa-4246,50-50,test,False
simpleqa-4247,50-50,selection,False
simpleqa-4248,50-50,test,False
simpleqa-4249,50-50,test,True
simpleqa-425,50-50,test,True
simpleqa-4250,50-50,test,True
simpleqa-4251,50-50,selection,False
simpleqa-4252,50-50,selection,False
simpleqa-4253,50-50,test,True
simpleqa-4254,50-50,selection,False
simpleqa-4255,50-50,selection,False
simpleqa-4256,50-50,selection,False
simpleqa-4257,50-50,selection,False
simpleqa-4258,50-50,test,True
simpleqa-4259,50-50,selection,False
simpleqa-426,50-50,selection,False
simpleqa-4260,50-50,test,False
simpleqa-4261,50-50,test,True
simpleqa-4262,50-50,selection,False
simpleqa-4263,50-50,selection,False
simpleqa-4264,50-50,test,True
simpleqa-4265,50-50,selection,False
simpleqa-4266,50-50,test,False
simpleqa-4267,50-50,selection,False
simpleqa-4268,50-50,selection,False
simpleqa-4269,50-50,test,True
simpleqa-427,50-50,selection,False
simpleqa-4270,50-50,selection,False
simpleqa-4271,50-50,selection,False
simpleqa-4272,50-50,selection,False
simpleqa-4273,50-50,selection,False
simpleqa-4274,50-50,selection,False
simpleqa-4275,50-50,selection,False
simpleqa-4276,50-50,selection,False
simpleqa-4277,50-50,test,True
simpleqa-4278,50-50,test,True
simpleqa-4279,50-50,selection,False
simpleqa-428,50-50,test,True
simpleqa-4280,50-50,selection,False
simpleqa-4281,50-50,selection,False
simpleqa-4282,50-50,selection,False
simpleqa-4283,50-50,test,True
simpleqa-4284,50-50,test,True
simpleqa-4285,50-50,test,True
simpleqa-4286,50-50,test,True
simpleqa-4287,50-50,test,False
simpleqa-4288,50-50,selection,False
simpleqa-4289,50-50,selection,False
simpleqa-429,50-50,test,True
simpleqa-4290,50-50,test,True
simpleqa-4291,50-50,selection,False
simpleqa-4292,50-50,test,True
simpleqa-4293,50-50,selection,False
simpleqa-4294,50-50,selection,False
simpleqa-4295,50-50,selection,False
simpleqa-4296,50-50,test,True
simpleqa-4297,50-50,test,True
simpleqa-4298,50-50,test,True
simpleqa-4299,50-50,selection,False
simpleqa-43,50-50,selection,False
simpleqa-430,50-50,selection,False
simpleqa-4300,50-50,test,False
simpleqa-4301,50-50,selection,False
simpleqa-4302,50-50,test,False
simpleqa-4303,50-50,test,True
simpleqa-4304,50-50,test,False
simpleqa-4305,50-50,selection,False
simpleqa-4306,50-50,selection,False
simpleqa-4307,50-50,test,True
simpleqa-4308,50-50,test,True
simpleqa-4309,50-50,test,False
simpleqa-431,50-50,selection,False
simpleqa-4310,50-50,test,True
simpleqa-4311,50-50,test,True
simpleqa-4312,50-50,test,True
simpleqa-4313,50-50,selection,False
simpleqa-4314,50-50,test,True
simpleqa-4315,50-50,test,False
simpleqa-4316,50-50,selection,False
simpleqa-4317,50-50,selection,False
simpleqa-4318,50-50,selection,False
simpleqa-4319,50-50,test,True
simpleqa-432,50-50,test,True
simpleqa-4320,50-50,test,True
simpleqa-4321,50-50,selection,False
simpleqa-4322,50-50,selection,False
simpleqa-4323,50-50,selection,False
simpleqa-4324,50-50,test,False
simpleqa-4325,50-50,test,True
simpleqa-433,50-50,test,False
simpleqa-434,50-50,test,False
simpleqa-435,50-50,selection,False
simpleqa-436,50-50,test,True
simpleqa-437,50-50,selection,False
simpleqa-438,50-50,selection,False
simpleqa-439,50-50,test,True
simpleqa-44,50-50,test,True
simpleqa-440,50-50,test,False
simpleqa-441,50-50,test,True
simpleqa-442,50-50,selection,False
simpleqa-443,50-50,selection,False
simpleqa-444,50-50,selection,False
simpleqa-445,50-50,selection,False
simpleqa-446,50-50,test,False
simpleqa-447,50-50,selection,False
simpleqa-448,50-50,selection,False
simpleqa-449,50-50,test,True
simpleqa-45,50-50,selection,False
simpleqa-450,50-50,selection,False
simpleqa-451,50-50,selection,False
simpleqa-452,50-50,selection,False
simpleqa-453,50-50,selection,False
simpleqa-454,50-50,test,True
simpleqa-455,50-50,test,False
simpleqa-456,50-50,selection,False
simpleqa-457,50-50,selection,False
simpleqa-458,50-50,selection,False
simpleqa-459,50-50,selection,False
simpleqa-46,50-50,selection,False
simpleqa-460,50-50,selection,False
simpleqa-461,50-50,test,True
simpleqa-462,50-50,selection,False
simpleqa-463,50-50,selection,False
simpleqa-464,50-50,test,False
simpleqa-465,50-50,test,True
simpleqa-466,50-50,test,True
simpleqa-467,50-50,test,False
simpleqa-468,50-50,test,False
simpleqa-469,50-50,selection,False
simpleqa-47,50-50,test,True
simpleqa-470,50-50,test,True
simpleqa-471,50-50,selection,False
simpleqa-472,50-50,selection,False
simpleqa-473,50-50,selection,False
simpleqa-474,50-50,selection,False
simpleqa-475,50-50,selection,False
simpleqa-476,50-50,test,False
simpleqa-477,50-50,test,False
simpleqa-478,50-50,selection,False
simpleqa-479,50-50,selection,False
simpleqa-48,50-50,test,False
simpleqa-480,50-50,selection,False
simpleqa-481,50-50,test,False
simpleqa-482,50-50,test,False
simpleqa-483,50-50,test,False
simpleqa-484,50-50,selection,False
simpleqa-485,50-50,selection,False
simpleqa-486,50-50,test,True
simpleqa-487,50-50,test,False
simpleqa-488,50-50,test,True
simpleqa-489,50-50,selection,False
simpleqa-49,50-50,selection,False
simpleqa-490,50-50,selection,False
simpleqa-491,50-50,test,True
simpleqa-492,50-50,test,True
simpleqa-493,50-50,test,False
simpleqa-494,50-50,selection,False
simpleqa-495,50-50,test,False
simpleqa-496,50-50,selection,False
simpleqa-497,50-50,selection,False
simpleqa-498,50-50,selection,False
simpleqa-499,50-50,selection,False
simpleqa-5,50-50,selection,False
simpleqa-50,50-50,test,True
simpleqa-500,50-50,selection,False
simpleqa-501,50-50,test,False
simpleqa-502,50-50,test,False
simpleqa-503,50-50,test,False
simpleqa-504,50-50,test,True
simpleqa-505,50-50,selection,False
simpleqa-506,50-50,test,True
simpleqa-507,50-50,test,False
simpleqa-508,50-50,test,True
simpleqa-509,50-50,selection,False
simpleqa-51,50-50,test,True
simpleqa-510,50-50,test,False
simpleqa-511,50-50,selection,False
simpleqa-512,50-50,selection,False
simpleqa-513,50-50,selection,False
simpleqa-514,50-50,test,True
simpleqa-515,50-50,test,False
simpleqa-516,50-50,test,True
simpleqa-517,50-50,test,False
simpleqa-518,50-50,test,True
simpleqa-519,50-50,selection,False
simpleqa-52,50-50,selection,False
simpleqa-520,50-50,test,False
simpleqa-521,50-50,selection,False
simpleqa-522,50-50,test,True
simpleqa-523,50-50,selection,False
simpleqa-524,50-50,selection,False
simpleqa-525,50-50,test,True
simpleqa-526,50-50,selection,False
simpleqa-527,50-50,selection,False
simpleqa-528,50-50,selection,False
simpleqa-529,50-50,selection,False
simpleqa-53,50-50,test,True
simpleqa-530,50-50,test,True
simpleqa-531,50-50,selection,False
simpleqa-532,50-50,selection,False
simpleqa-533,50-50,test,False
simpleqa-534,50-50,test,True
simpleqa-535,50-50,selection,False
simpleqa-536,50-50,selection,False
simpleqa-537,50-50,selection,False
simpleqa-538,50-50,test,False
simpleqa-539,50-50,selection,False
simpleqa-54,50-50,selection,False
simpleqa-540,50-50,selection,False
simpleqa-541,50-50,selection,False
simpleqa-542,50-50,selection,False
simpleqa-543,50-50,selection,False
simpleqa-544,50-50,selection,False
simpleqa-545,50-50,test,False
simpleqa-546,50-50,test,True
simpleqa-547,50-50,selection,False
simpleqa-548,50-50,selection,False
simpleqa-549,50-50,selection,False
simpleqa-55,50-50,selection,False
simpleqa-550,50-50,test,True
simpleqa-551,50-50,selection,False
simpleqa-552,50-50,test,False
simpleqa-553,50-50,selection,False
simpleqa-554,50-50,test,False
simpleqa-555,50-50,test,True
simpleqa-556,50-50,selection,False
simpleqa-557,50-50,selection,False
simpleqa-558,50-50,selection,False
simpleqa-559,50-50,selection,False
simpleqa-56,50-50,selection,False
simpleqa-560,50-50,test,False
simpleqa-561,50-50,test,True
simpleqa-562,50-50,selection,False
simpleqa-563,50-50,selection,False
simpleqa-564,50-50,test,True
simpleqa-565,50-50,test,True
simpleqa-566,50-50,test,False
simpleqa-567,50-50,test,True
simpleqa-568,50-50,test,False
simpleqa-569,50-50,test,True
simpleqa-57,50-50,test,False
simpleqa-570,50-50,test,False
simpleqa-571,50-50,test,True
simpleqa-572,50-50,selection,False
simpleqa-573,50-50,selection,False
simpleqa-574,50-50,selection,False
simpleqa-575,50-50,test,False
simpleqa-576,50-50,selection,False
simpleqa-577,50-50,test,False
simpleqa-578,50-50,selection,False
simpleqa-579,50-50,selection,False
simpleqa-58,50-50,test,True
simpleqa-580,50-50,selection,False
simpleqa-581,50-50,selection,False
simpleqa-582,50-50,test,False
simpleqa-583,50-50,test,False
simpleqa-584,50-50,selection,False
simpleqa-585,50-50,test,False
simpleqa-586,50-50,selection,False
simpleqa-587,50-50,selection,False
simpleqa-588,50-50,test,True
simpleqa-589,50-50,selection,False
simpleqa-59,50-50,selection,False
simpleqa-590,50-50,test,False
simpleqa-591,50-50,test,False
simpleqa-592,50-50,test,False
simpleqa-593,50-50,selection,False
simpleqa-594,50-50,test,True
simpleqa-595,50-50,test,True
simpleqa-596,50-50,test,True
simpleqa-597,50-50,selection,False
simpleqa-598,50-50,test,False
simpleqa-599,50-50,selection,False
simpleqa-6,50-50,selection,False
simpleqa-60,50-50,selection,False
simpleqa-600,50-50,test,False
simpleqa-601,50-50,test,True
simpleqa-602,50-50,selection,False
simpleqa-603,50-50,test,False
simpleqa-604,50-50,test,True
simpleqa-605,50-50,selection,False
simpleqa-606,50-50,test,False
simpleqa-607,50-50,selection,False
simpleqa-608,50-50,selection,False
simpleqa-609,50-50,test,True
simpleqa-61,50-50,selection,False
simpleqa-610,50-50,selection,False
simpleqa-611,50-50,test,True
simpleqa-612,50-50,test,False
simpleqa-613,50-50,selection,False
simpleqa-614,50-50,test,True
simpleqa-615,50-50,selection,False
simpleqa-616,50-50,selection,False
simpleqa-617,50-50,test,False
simpleqa-618,50-50,selection,False
simpleqa-619,50-50,test,True
simpleqa-62,50-50,selection,False
simpleqa-620,50-50,test,True
simpleqa-621,50-50,selection,False
simpleqa-622,50-50,test,True
simpleqa-623,50-50,selection,False
simpleqa-624,50-50,selection,False
simpleqa-625,50-50,test,False
simpleqa-626,50-50,selection,False
simpleqa-627,50-50,selection,False
simpleqa-628,50-50,test,True
simpleqa-629,50-50,test,False
simpleqa-63,50-50,selection,False
simpleqa-630,50-50,selection,False
simpleqa-631,50-50,test,True
simpleqa-632,50-50,selection,False
simpleqa-633,50-50,selection,False
simpleqa-634,50-50,test,True
simpleqa-635,50-50,selection,False
simpleqa-636,50-50,selection,False
simpleqa-637,50-50,selection,False
simpleqa-638,50-50,selection,False
simpleqa-639,50-50,test,False
simpleqa-64,50-50,test,False
simpleqa-640,50-50,selection,False
simpleqa-641,50-50,selection,False
simpleqa-642,50-50,test,True
simpleqa-643,50-50,selection,False
simpleqa-644,50-50,test,True
simpleqa-645,50-50,test,True
simpleqa-646,50-50,test,True
simpleqa-647,50-50,selection,False
simpleqa-648,50-50,selection,False
simpleqa-649,50-50,test,True
simpleqa-65,50-50,test,False
simpleqa-650,50-50,selection,False
simpleqa-651,50-50,test,False
simpleqa-652,50-50,selection,False
simpleqa-653,50-50,test,True
simpleqa-654,50-50,selection,False
simpleqa-655,50-50,test,True
simpleqa-656,50-50,test,True
simpleqa-657,50-50,selection,False
simpleqa-658,50-50,test,False
simpleqa-659,50-50,test,False
simpleqa-66,50-50,selection,False
simpleqa-660,50-50,test,True
simpleqa-661,50-50,test,True
simpleqa-662,50-50,test,False
simpleqa-663,50-50,selection,False
simpleqa-664,50-50,test,True
simpleqa-665,50-50,test,True
simpleqa-666,50-50,selection,False
simpleqa-667,50-50,selection,False
simpleqa-668,50-50,test,True
simpleqa-669,50-50,selection,False
simpleqa-67,50-50,selection,False
simpleqa-670,50-50,selection,False
simpleqa-671,50-50,selection,False
simpleqa-672,50-50,test,False
simpleqa-673,50-50,selection,False
simpleqa-674,50-50,test,True
simpleqa-675,50-50,selection,False
simpleqa-676,50-50,test,True
simpleqa-677,50-50,test,False
simpleqa-678,50-50,test,True
simpleqa-679,50-50,selection,False
simpleqa-68,50-50,test,True
simpleqa-680,50-50,test,True
simpleqa-681,50-50,test,True
simpleqa-682,50-50,selection,False
simpleqa-683,50-50,selection,False
simpleqa-684,50-50,selection,False
simpleqa-685,50-50,selection,False
simpleqa-686,50-50,test,True
simpleqa-687,50-50,test,True
simpleqa-688,50-50,selection,False
simpleqa-689,50-50,test,True
simpleqa-69,50-50,selection,False
simpleqa-690,50-50,selection,False
simpleqa-691,50-50,test,False
simpleqa-692,50-50,selection,False
simpleqa-693,50-50,selection,False
simpleqa-694,50-50,test,False
simpleqa-695,50-50,test,True
simpleqa-696,50-50,selection,False
simpleqa-697,50-50,selection,False
simpleqa-698,50-50,test,False
simpleqa-699,50-50,selection,False
simpleqa-7,50-50,test,True
simpleqa-70,50-50,test,False
simpleqa-700,50-50,test,False
simpleqa-701,50-50,selection,False
simpleqa-702,50-50,test,False
simpleqa-703,50-50,selection,False
simpleqa-704,50-50,test,True
simpleqa-705,50-50,selection,False
simpleqa-706,50-50,test,False
simpleqa-707,50-50,test,False
simpleqa-708,50-50,test,True
simpleqa-709,50-50,test,False
simpleqa-71,50-50,test,True
simpleqa-710,50-50,selection,False
simpleqa-711,50-50,selection,False
simpleqa-712,50-50,test,True
simpleqa-713,50-50,test,True
simpleqa-714,50-50,test,True
simpleqa-715,50-50,test,True
simpleqa-716,50-50,selection,False
simpleqa-717,50-50,test,True
simpleqa-718,50-50,selection,False
simpleqa-719,50-50,test,True
simpleqa-72,50-50,test,False
simpleqa-720,50-50,test,True
simpleqa-721,50-50,selection,False
simpleqa-722,50-50,test,False
simpleqa-723,50-50,selection,False
simpleqa-724,50-50,selection,False
simpleqa-725,50-50,selection,False
simpleqa-726,50-50,selection,False
simpleqa-727,50-50,selection,False
simpleqa-728,50-50,selection,False
simpleqa-729,50-50,test,False
simpleqa-73,50-50,selection,False
simpleqa-730,50-50,test,False
simpleqa-731,50-50,test,False
simpleqa-732,50-50,selection,False
simpleqa-733,50-50,test,True
simpleqa-734,50-50,test,True
simpleqa-735,50-50,test,True
simpleqa-736,50-50,test,False
simpleqa-737,50-50,test,False
simpleqa-738,50-50,selection,False
simpleqa-739,50-50,test,False
simpleqa-74,50-50,test,False
simpleqa-740,50-50,selection,False
simpleqa-741,50-50,test,True
simpleqa-742,50-50,selection,False
simpleqa-743,50-50,selection,False
simpleqa-744,50-50,test,True
simpleqa-745,50-50,selection,False
simpleqa-746,50-50,test,True
simpleqa-747,50-50,selection,False
simpleqa-748,50-50,selection,False
simpleqa-749,50-50,test,True
simpleqa-75,50-50,selection,False
simpleqa-750,50-50,test,True
simpleqa-751,50-50,selection,False
simpleqa-752,50-50,selection,False
simpleqa-753,50-50,test,True
simpleqa-754,50-50,selection,False
simpleqa-755,50-50,selection,False
simpleqa-756,50-50,selection,False
simpleqa-757,50-50,test,False
simpleqa-758,50-50,test,True
simpleqa-759,50-50,selection,False
simpleqa-76,50-50,test,False
simpleqa-760,50-50,selection,False
simpleqa-761,50-50,test,True
simpleqa-762,50-50,selection,False
simpleqa-763,50-50,selection,False
simpleqa-764,50-50,selection,False
simpleqa-765,50-50,test,True
simpleqa-766,50-50,test,True
simpleqa-767,50-50,test,True
simpleqa-768,50-50,test,False
simpleqa-769,50-50,selection,False
simpleqa-77,50-50,selection,False
simpleqa-770,50-50,test,False
simpleqa-771,50-50,test,False
simpleqa-772,50-50,test,True
simpleqa-773,50-50,selection,False
simpleqa-774,50-50,selection,False
simpleqa-775,50-50,selection,False
simpleqa-776,50-50,selection,False
simpleqa-777,50-50,selection,False
simpleqa-778,50-50,selection,False
simpleqa-779,50-50,test,True
simpleqa-78,50-50,test,True
simpleqa-780,50-50,selection,False
simpleqa-781,50-50,selection,False
simpleqa-782,50-50,test,False
simpleqa-783,50-50,test,True
simpleqa-784,50-50,selection,False
simpleqa-785,50-50,test,True
simpleqa-786,50-50,test,False
simpleqa-787,50-50,test,False
simpleqa-788,50-50,selection,False
simpleqa-789,50-50,test,False
simpleqa-79,50-50,selection,False
simpleqa-790,50-50,test,True
simpleqa-791,50-50,test,True
simpleqa-792,50-50,selection,False
simpleqa-793,50-50,test,True
simpleqa-794,50-50,test,False
simpleqa-795,50-50,selection,False
simpleqa-796,50-50,test,False
simpleqa-797,50-50,test,True
simpleqa-798,50-50,selection,False
simpleqa-799,50-50,test,True
simpleqa-8,50-50,test,False
simpleqa-80,50-50,selection,False
simpleqa-800,50-50,selection,False
simpleqa-801,50-50,selection,False
simpleqa-802,50-50,test,True
simpleqa-803,50-50,selection,False
simpleqa-804,50-50,test,True
simpleqa-805,50-50,selection,False
simpleqa-806,50-50,test,False
simpleqa-807,50-50,test,False
simpleqa-808,50-50,selection,False
simpleqa-809,50-50,selection,False
simpleqa-81,50-50,test,True
simpleqa-810,50-50,selection,False
simpleqa-811,50-50,selection,False
simpleqa-812,50-50,test,True
simpleqa-813,50-50,test,True
simpleqa-814,50-50,selection,False
simpleqa-815,50-50,test,True
simpleqa-816,50-50,selection,False
simpleqa-817,50-50,test,True
simpleqa-818,50-50,selection,False
simpleqa-819,50-50,selection,False
simpleqa-82,50-50,selection,False
simpleqa-820,50-50,selection,False
simpleqa-821,50-50,test,True
simpleqa-822,50-50,test,True
simpleqa-823,50-50,test,False
simpleqa-824,50-50,selection,False
simpleqa-825,50-50,test,True
simpleqa-826,50-50,test,False
simpleqa-827,50-50,test,True
simpleqa-828,50-50,selection,False
simpleqa-829,50-50,selection,False
simpleqa-83,50-50,test,True
simpleqa-830,50-50,test,False
simpleqa-831,50-50,selection,False
simpleqa-832,50-50,test,False
simpleqa-833,50-50,selection,False
simpleqa-834,50-50,test,True
simpleqa-835,50-50,test,True
simpleqa-836,50-50,test,True
simpleqa-837,50-50,test,True
simpleqa-838,50-50,test,False
simpleqa-839,50-50,test,True
simpleqa-84,50-50,test,True
simpleqa-840,50-50,selection,False
simpleqa-841,50-50,selection,False
simpleqa-842,50-50,test,False
simpleqa-843,50-50,selection,False
simpleqa-844,50-50,test,False
simpleqa-845,50-50,selection,False
simpleqa-846,50-50,test,True
simpleqa-847,50-50,test,True
simpleqa-848,50-50,selection,False
simpleqa-849,50-50,selection,False
simpleqa-85,50-50,test,False
simpleqa-850,50-50,selection,False
simpleqa-851,50-50,test,True
simpleqa-852,50-50,test,True
simpleqa-853,50-50,selection,False
simpleqa-854,50-50,selection,False
simpleqa-855,50-50,test,True
simpleqa-856,50-50,test,False
simpleqa-857,50-50,test,False
simpleqa-858,50-50,selection,False
simpleqa-859,50-50,selection,False
simpleqa-86,50-50,selection,False
simpleqa-860,50-50,test,False
simpleqa-861,50-50,selection,False
simpleqa-862,50-50,selection,False
simpleqa-863,50-50,test,True
simpleqa-864,50-50,selection,False
simpleqa-865,50-50,test,True
simpleqa-866,50-50,selection,False
simpleqa-867,50-50,selection,False
simpleqa-868,50-50,test,False
simpleqa-869,50-50,selection,False
simpleqa-87,50-50,test,True
simpleqa-870,50-50,test,True
simpleqa-871,50-50,test,True
simpleqa-872,50-50,test,False
simpleqa-873,50-50,test,True
simpleqa-874,50-50,test,False
simpleqa-875,50-50,test,False
simpleqa-876,50-50,test,True
simpleqa-877,50-50,test,False
simpleqa-878,50-50,selection,False
simpleqa-879,50-50,test,True
simpleqa-88,50-50,selection,False
simpleqa-880,50-50,test,False
simpleqa-881,50-50,selection,False
simpleqa-882,50-50,selection,False
simpleqa-883,50-50,test,True
simpleqa-884,50-50,test,False
simpleqa-885,50-50,test,True
simpleqa-886,50-50,selection,False
simpleqa-887,50-50,selection,False
simpleqa-888,50-50,selection,False
simpleqa-889,50-50,test,False
simpleqa-89,50-50,test,True
simpleqa-890,50-50,test,True
simpleqa-891,50-50,selection,False
simpleqa-892,50-50,selection,False
simpleqa-893,50-50,test,False
simpleqa-894,50-50,test,False
simpleqa-895,50-50,test,True
simpleqa-896,50-50,test,True
simpleqa-897,50-50,selection,False
simpleqa-898,50-50,selection,False
simpleqa-899,50-50,test,True
simpleqa-9,50-50,test,True
simpleqa-90,50-50,selection,False
simpleqa-900,50-50,test,False
simpleqa-901,50-50,test,True
simpleqa-902,50-50,selection,False
simpleqa-903,50-50,test,True
simpleqa-904,50-50,selection,False
simpleqa-905,50-50,test,False
simpleqa-906,50-50,selection,False
simpleqa-907,50-50,test,False
simpleqa-908,50-50,selection,False
simpleqa-909,50-50,test,True
simpleqa-91,50-50,selection,False
simpleqa-910,50-50,test,True
simpleqa-911,50-50,test,False
simpleqa-912,50-50,test,True
simpleqa-913,50-50,selection,False
simpleqa-914,50-50,test,True
simpleqa-915,50-50,selection,False
simpleqa-916,50-50,test,False
simpleqa-917,50-50,test,True
simpleqa-918,50-50,selection,False
simpleqa-919,50-50,selection,False
simpleqa-92,50-50,selection,False
simpleqa-920,50-50,test,True
simpleqa-921,50-50,selection,False
simpleqa-922,50-50,selection,False
simpleqa-923,50-50,test,False
simpleqa-924,50-50,test,False
simpleqa-925,50-50,selection,False
simpleqa-926,50-50,test,False
simpleqa-927,50-50,test,False
simpleqa-928,50-50,selection,False
simpleqa-929,50-50,selection,False
simpleqa-93,50-50,selection,False
simpleqa-930,50-50,test,True
simpleqa-931,50-50,selection,False
simpleqa-932,50-50,test,False
simpleqa-933,50-50,selection,False
simpleqa-934,50-50,selection,False
simpleqa-935,50-50,test,True
simpleqa-936,50-50,selection,False
simpleqa-937,50-50,test,True
simpleqa-938,50-50,test,False
simpleqa-939,50-50,test,False
simpleqa-94,50-50,test,False
simpleqa-940,50-50,selection,False
simpleqa-941,50-50,selection,False
simpleqa-942,50-50,test,False
simpleqa-943,50-50,selection,False
simpleqa-944,50-50,selection,False
simpleqa-945,50-50,test,True
simpleqa-946,50-50,selection,False
simpleqa-947,50-50,selection,False
simpleqa-948,50-50,selection,False
simpleqa-949,50-50,selection,False
simpleqa-95,50-50,selection,False
simpleqa-950,50-50,selection,False
simpleqa-951,50-50,selection,False
simpleqa-952,50-50,selection,False
simpleqa-953,50-50,selection,False
simpleqa-954,50-50,selection,False
simpleqa-955,50-50,selection,False
simpleqa-956,50-50,test,True
simpleqa-957,50-50,selection,False
simpleqa-958,50-50,test,True
simpleqa-959,50-50,test,True
simpleqa-96,50-50,test,False
simpleqa-960,50-50,test,False
simpleqa-961,50-50,selection,False
simpleqa-962,50-50,selection,False
simpleqa-963,50-50,selection,False
simpleqa-964,50-50,test,False
simpleqa-965,50-50,selection,False
simpleqa-966,50-50,selection,False
simpleqa-967,50-50,selection,False
simpleqa-968,50-50,selection,False
simpleqa-969,50-50,test,True
simpleqa-97,50-50,test,True
simpleqa-970,50-50,test,True
simpleqa-971,50-50,selection,False
simpleqa-972,50-50,test,False
simpleqa-973,50-50,test,True
simpleqa-974,50-50,selection,False
simpleqa-975,50-50,test,False
simpleqa-976,50-50,selection,False
simpleqa-977,50-50,selection,False
simpleqa-978,50-50,selection,False
simpleqa-979,50-50,selection,False
simpleqa-98,50-50,test,False
simpleqa-980,50-50,test,False
simpleqa-981,50-50,selection,False
simpleqa-982,50-50,test,True
simpleqa-983,50-50,test,True
simpleqa-984,50-50,selection,False
simpleqa-985,50-50,selection,False
simpleqa-986,50-50,selection,False
simpleqa-987,50-50,selection,False
simpleqa-988,50-50,test,True
simpleqa-989,50-50,selection,False
simpleqa-99,50-50,selection,False
simpleqa-990,50-50,selection,False
simpleqa-991,50-50,selection,False
simpleqa-992,50-50,test,True
simpleqa-993,50-50,test,True
simpleqa-994,50-50,selection,False
simpleqa-995,50-50,selection,False
simpleqa-996,50-50,selection,False
simpleqa-997,50-50,selection,False
simpleqa-998,50-50,test,True
simpleqa-999,50-50,test,True
simpleqa-0,70-30,selection,False
simpleqa-1,70-30,selection,False
simpleqa-10,70-30,selection,False
simpleqa-100,70-30,selection,False
simpleqa-1000,70-30,selection,False
simpleqa-1001,70-30,selection,False
simpleqa-1002,70-30,selection,False
simpleqa-1003,70-30,selection,False
simpleqa-1004,70-30,test,True
simpleqa-1005,70-30,selection,False
simpleqa-1006,70-30,selection,False
simpleqa-1007,70-30,test,True
simpleqa-1008,70-30,test,True
simpleqa-1009,70-30,selection,False
simpleqa-101,70-30,test,True
simpleqa-1010,70-30,selection,False
simpleqa-1011,70-30,selection,False
simpleqa-1012,70-30,selection,False
simpleqa-1013,70-30,selection,False
simpleqa-1014,70-30,selection,False
simpleqa-1015,70-30,selection,False
simpleqa-1016,70-30,selection,False
simpleqa-1017,70-30,selection,False
simpleqa-1018,70-30,selection,False
simpleqa-1019,70-30,selection,False
simpleqa-102,70-30,test,True
simpleqa-1020,70-30,test,True
simpleqa-1021,70-30,test,True
simpleqa-1022,70-30,selection,False
simpleqa-1023,70-30,test,True
simpleqa-1024,70-30,test,True
simpleqa-1025,70-30,selection,False
simpleqa-1026,70-30,test,True
simpleqa-1027,70-30,test,True
simpleqa-1028,70-30,selection,False
simpleqa-1029,70-30,selection,False
simpleqa-103,70-30,selection,False
simpleqa-1030,70-30,selection,False
simpleqa-1031,70-30,test,True
simpleqa-1032,70-30,test,True
simpleqa-1033,70-30,selection,False
simpleqa-1034,70-30,selection,False
simpleqa-1035,70-30,selection,False
simpleqa-1036,70-30,selection,False
simpleqa-1037,70-30,selection,False
simpleqa-1038,70-30,selection,False
simpleqa-1039,70-30,test,True
simpleqa-104,70-30,selection,False
simpleqa-1040,70-30,test,True
simpleqa-1041,70-30,selection,False
simpleqa-1042,70-30,test,True
simpleqa-1043,70-30,selection,False
simpleqa-1044,70-30,selection,False
simpleqa-1045,70-30,selection,False
simpleqa-1046,70-30,selection,False
simpleqa-1047,70-30,selection,False
simpleqa-1048,70-30,selection,False
simpleqa-1049,70-30,selection,False
simpleqa-105,70-30,test,True
simpleqa-1050,70-30,selection,False
simpleqa-1051,70-30,selection,False
simpleqa-1052,70-30,selection,False
simpleqa-1053,70-30,test,True
simpleqa-1054,70-30,selection,False
simpleqa-1055,70-30,selection,False
simpleqa-1056,70-30,selection,False
simpleqa-1057,70-30,selection,False
simpleqa-1058,70-30,selection,False
simpleqa-1059,70-30,selection,False
simpleqa-106,70-30,test,True
simpleqa-1060,70-30,selection,False
simpleqa-1061,70-30,test,True
simpleqa-1062,70-30,selection,False
simpleqa-1063,70-30,test,True
simpleqa-1064,70-30,test,True
simpleqa-1065,70-30,selection,False
simpleqa-1066,70-30,selection,False
simpleqa-1067,70-30,selection,False
simpleqa-1068,70-30,test,True
simpleqa-1069,70-30,test,True
simpleqa-107,70-30,selection,False
simpleqa-1070,70-30,selection,False
simpleqa-1071,70-30,test,True
simpleqa-1072,70-30,test,True
simpleqa-1073,70-30,selection,False
simpleqa-1074,70-30,selection,False
simpleqa-1075,70-30,selection,False
simpleqa-1076,70-30,selection,False
simpleqa-1077,70-30,selection,False
simpleqa-1078,70-30,selection,False
simpleqa-1079,70-30,selection,False
simpleqa-108,70-30,selection,False
simpleqa-1080,70-30,selection,False
simpleqa-1081,70-30,selection,False
simpleqa-1082,70-30,test,True
simpleqa-1083,70-30,test,True
simpleqa-1084,70-30,selection,False
simpleqa-1085,70-30,selection,False
simpleqa-1086,70-30,selection,False
simpleqa-1087,70-30,selection,False
simpleqa-1088,70-30,selection,False
simpleqa-1089,70-30,selection,False
simpleqa-109,70-30,selection,False
simpleqa-1090,70-30,selection,False
simpleqa-1091,70-30,selection,False
simpleqa-1092,70-30,selection,False
simpleqa-1093,70-30,selection,False
simpleqa-1094,70-30,test,True
simpleqa-1095,70-30,selection,False
simpleqa-1096,70-30,selection,False
simpleqa-1097,70-30,test,True
simpleqa-1098,70-30,selection,False
simpleqa-1099,70-30,test,True
simpleqa-11,70-30,selection,False
simpleqa-110,70-30,test,True
simpleqa-1100,70-30,test,True
simpleqa-1101,70-30,test,True
simpleqa-1102,70-30,selection,False
simpleqa-1103,70-30,test,True
simpleqa-1104,70-30,selection,False
simpleqa-1105,70-30,selection,False
simpleqa-1106,70-30,selection,False
simpleqa-1107,70-30,selection,False
simpleqa-1108,70-30,test,True
simpleqa-1109,70-30,selection,False
simpleqa-111,70-30,test,True
simpleqa-1110,70-30,selection,False
simpleqa-1111,70-30,selection,False
simpleqa-1112,70-30,test,True
simpleqa-1113,70-30,selection,False
simpleqa-1114,70-30,selection,False
simpleqa-1115,70-30,selection,False
simpleqa-1116,70-30,test,True
simpleqa-1117,70-30,selection,False
simpleqa-1118,70-30,test,True
simpleqa-1119,70-30,test,True
simpleqa-112,70-30,selection,False
simpleqa-1120,70-30,selection,False
simpleqa-1121,70-30,test,True
simpleqa-1122,70-30,selection,False
simpleqa-1123,70-30,test,True
simpleqa-1124,70-30,selection,False
simpleqa-1125,70-30,selection,False
simpleqa-1126,70-30,selection,False
simpleqa-1127,70-30,test,True
simpleqa-1128,70-30,test,True
simpleqa-1129,70-30,selection,False
simpleqa-113,70-30,selection,False
simpleqa-1130,70-30,selection,False
simpleqa-1131,70-30,selection,False
simpleqa-1132,70-30,selection,False
simpleqa-1133,70-30,test,True
simpleqa-1134,70-30,selection,False
simpleqa-1135,70-30,selection,False
simpleqa-1136,70-30,selection,False
simpleqa-1137,70-30,selection,False
simpleqa-1138,70-30,test,True
simpleqa-1139,70-30,test,True
simpleqa-114,70-30,test,True
simpleqa-1140,70-30,test,True
simpleqa-1141,70-30,test,True
simpleqa-1142,70-30,selection,False
simpleqa-1143,70-30,selection,False
simpleqa-1144,70-30,selection,False
simpleqa-1145,70-30,test,True
simpleqa-1146,70-30,test,True
simpleqa-1147,70-30,selection,False
simpleqa-1148,70-30,selection,False
simpleqa-1149,70-30,selection,False
simpleqa-115,70-30,selection,False
simpleqa-1150,70-30,selection,False
simpleqa-1151,70-30,selection,False
simpleqa-1152,70-30,selection,False
simpleqa-1153,70-30,test,True
simpleqa-1154,70-30,test,True
simpleqa-1155,70-30,selection,False
simpleqa-1156,70-30,test,True
simpleqa-1157,70-30,test,True
simpleqa-1158,70-30,selection,False
simpleqa-1159,70-30,selection,False
simpleqa-116,70-30,selection,False
simpleqa-1160,70-30,selection,False
simpleqa-1161,70-30,selection,False
simpleqa-1162,70-30,test,True
simpleqa-1163,70-30,selection,False
simpleqa-1164,70-30,test,True
simpleqa-1165,70-30,selection,False
simpleqa-1166,70-30,test,True
simpleqa-1167,70-30,selection,False
simpleqa-1168,70-30,selection,False
simpleqa-1169,70-30,selection,False
simpleqa-117,70-30,selection,False
simpleqa-1170,70-30,selection,False
simpleqa-1171,70-30,selection,False
simpleqa-1172,70-30,selection,False
simpleqa-1173,70-30,selection,False
simpleqa-1174,70-30,selection,False
simpleqa-1175,70-30,selection,False
simpleqa-1176,70-30,selection,False
simpleqa-1177,70-30,selection,False
simpleqa-1178,70-30,selection,False
simpleqa-1179,70-30,test,True
simpleqa-118,70-30,selection,False
simpleqa-1180,70-30,selection,False
simpleqa-1181,70-30,test,True
simpleqa-1182,70-30,selection,False
simpleqa-1183,70-30,test,True
simpleqa-1184,70-30,test,True
simpleqa-1185,70-30,selection,False
simpleqa-1186,70-30,selection,False
simpleqa-1187,70-30,selection,False
simpleqa-1188,70-30,selection,False
simpleqa-1189,70-30,test,True
simpleqa-119,70-30,selection,False
simpleqa-1190,70-30,selection,False
simpleqa-1191,70-30,selection,False
simpleqa-1192,70-30,selection,False
simpleqa-1193,70-30,selection,False
simpleqa-1194,70-30,test,True
simpleqa-1195,70-30,selection,False
simpleqa-1196,70-30,test,True
simpleqa-1197,70-30,selection,False
simpleqa-1198,70-30,selection,False
simpleqa-1199,70-30,selection,False
simpleqa-12,70-30,selection,False
simpleqa-120,70-30,selection,False
simpleqa-1200,70-30,selection,False
simpleqa-1201,70-30,selection,False
simpleqa-1202,70-30,test,True
simpleqa-1203,70-30,selection,False
simpleqa-1204,70-30,test,True
simpleqa-1205,70-30,selection,False
simpleqa-1206,70-30,test,True
simpleqa-1207,70-30,selection,False
simpleqa-1208,70-30,selection,False
simpleqa-1209,70-30,test,True
simpleqa-121,70-30,test,True
simpleqa-1210,70-30,selection,False
simpleqa-1211,70-30,test,True
simpleqa-1212,70-30,selection,False
simpleqa-1213,70-30,selection,False
simpleqa-1214,70-30,test,True
simpleqa-1215,70-30,test,True
simpleqa-1216,70-30,selection,False
simpleqa-1217,70-30,selection,False
simpleqa-1218,70-30,selection,False
simpleqa-1219,70-30,selection,False
simpleqa-122,70-30,test,True
simpleqa-1220,70-30,test,True
simpleqa-1221,70-30,test,True
simpleqa-1222,70-30,selection,False
simpleqa-1223,70-30,selection,False
simpleqa-1224,70-30,selection,False
simpleqa-1225,70-30,selection,False
simpleqa-1226,70-30,test,True
simpleqa-1227,70-30,selection,False
simpleqa-1228,70-30,selection,False
simpleqa-1229,70-30,selection,False
simpleqa-123,70-30,selection,False
simpleqa-1230,70-30,selection,False
simpleqa-1231,70-30,selection,False
simpleqa-1232,70-30,selection,False
simpleqa-1233,70-30,selection,False
simpleqa-1234,70-30,test,True
simpleqa-1235,70-30,selection,False
simpleqa-1236,70-30,selection,False
simpleqa-1237,70-30,selection,False
simpleqa-1238,70-30,selection,False
simpleqa-1239,70-30,test,True
simpleqa-124,70-30,selection,False
simpleqa-1240,70-30,selection,False
simpleqa-1241,70-30,test,True
simpleqa-1242,70-30,test,True
simpleqa-1243,70-30,selection,False
simpleqa-1244,70-30,selection,False
simpleqa-1245,70-30,test,True
simpleqa-1246,70-30,selection,False
simpleqa-1247,70-30,selection,False
simpleqa-1248,70-30,test,True
simpleqa-1249,70-30,selection,False
simpleqa-125,70-30,selection,False
simpleqa-1250,70-30,selection,False
simpleqa-1251,70-30,selection,False
simpleqa-1252,70-30,selection,False
simpleqa-1253,70-30,selection,False
simpleqa-1254,70-30,selection,False
simpleqa-1255,70-30,test,True
simpleqa-1256,70-30,selection,False
simpleqa-1257,70-30,selection,False
simpleqa-1258,70-30,selection,False
simpleqa-1259,70-30,test,True
simpleqa-126,70-30,selection,False
simpleqa-1260,70-30,test,True
simpleqa-1261,70-30,selection,False
simpleqa-1262,70-30,test,True
simpleqa-1263,70-30,selection,False
simpleqa-1264,70-30,test,True
simpleqa-1265,70-30,selection,False
simpleqa-1266,70-30,test,True
simpleqa-1267,70-30,selection,False
simpleqa-1268,70-30,selection,False
simpleqa-1269,70-30,selection,False
simpleqa-127,70-30,selection,False
simpleqa-1270,70-30,selection,False
simpleqa-1271,70-30,selection,False
simpleqa-1272,70-30,selection,False
simpleqa-1273,70-30,test,True
simpleqa-1274,70-30,selection,False
simpleqa-1275,70-30,selection,False
simpleqa-1276,70-30,selection,False
simpleqa-1277,70-30,test,True
simpleqa-1278,70-30,selection,False
simpleqa-1279,70-30,test,True
simpleqa-128,70-30,selection,False
simpleqa-1280,70-30,selection,False
simpleqa-1281,70-30,test,True
simpleqa-1282,70-30,selection,False
simpleqa-1283,70-30,selection,False
simpleqa-1284,70-30,selection,False
simpleqa-1285,70-30,selection,False
simpleqa-1286,70-30,test,True
simpleqa-1287,70-30,selection,False
simpleqa-1288,70-30,selection,False
simpleqa-1289,70-30,selection,False
simpleqa-129,70-30,test,True
simpleqa-1290,70-30,selection,False
simpleqa-1291,70-30,selection,False
simpleqa-1292,70-30,test,True
simpleqa-1293,70-30,selection,False
simpleqa-1294,70-30,selection,False
simpleqa-1295,70-30,selection,False
simpleqa-1296,70-30,test,True
simpleqa-1297,70-30,selection,False
simpleqa-1298,70-30,test,True
simpleqa-1299,70-30,test,True
simpleqa-13,70-30,selection,False
simpleqa-130,70-30,selection,False
simpleqa-1300,70-30,test,True
simpleqa-1301,70-30,test,True
simpleqa-1302,70-30,selection,False
simpleqa-1303,70-30,selection,False
simpleqa-1304,70-30,selection,False
simpleqa-1305,70-30,selection,False
simpleqa-1306,70-30,test,True
simpleqa-1307,70-30,selection,False
simpleqa-1308,70-30,test,True
simpleqa-1309,70-30,selection,False
simpleqa-131,70-30,selection,False
simpleqa-1310,70-30,selection,False
simpleqa-1311,70-30,selection,False
simpleqa-1312,70-30,selection,False
simpleqa-1313,70-30,selection,False
simpleqa-1314,70-30,selection,False
simpleqa-1315,70-30,selection,False
simpleqa-1316,70-30,test,True
simpleqa-1317,70-30,selection,False
simpleqa-1318,70-30,selection,False
simpleqa-1319,70-30,test,True
simpleqa-132,70-30,selection,False
simpleqa-1320,70-30,selection,False
simpleqa-1321,70-30,selection,False
simpleqa-1322,70-30,selection,False
simpleqa-1323,70-30,test,True
simpleqa-1324,70-30,test,True
simpleqa-1325,70-30,test,True
simpleqa-1326,70-30,selection,False
simpleqa-1327,70-30,selection,False
simpleqa-1328,70-30,selection,False
simpleqa-1329,70-30,test,True
simpleqa-133,70-30,test,True
simpleqa-1330,70-30,selection,False
simpleqa-1331,70-30,selection,False
simpleqa-1332,70-30,selection,False
simpleqa-1333,70-30,test,True
simpleqa-1334,70-30,selection,False
simpleqa-1335,70-30,selection,False
simpleqa-1336,70-30,selection,False
simpleqa-1337,70-30,test,True
simpleqa-1338,70-30,selection,False
simpleqa-1339,70-30,selection,False
simpleqa-134,70-30,selection,False
simpleqa-1340,70-30,selection,False
simpleqa-1341,70-30,selection,False
simpleqa-1342,70-30,selection,False
simpleqa-1343,70-30,selection,False
simpleqa-1344,70-30,selection,False
simpleqa-1345,70-30,selection,False
simpleqa-1346,70-30,test,True
simpleqa-1347,70-30,test,True
simpleqa-1348,70-30,test,True
simpleqa-1349,70-30,test,True
simpleqa-135,70-30,selection,False
simpleqa-1350,70-30,selection,False
simpleqa-1351,70-30,test,True
simpleqa-1352,70-30,selection,False
simpleqa-1353,70-30,selection,False
simpleqa-1354,70-30,selection,False
simpleqa-1355,70-30,selection,False
simpleqa-1356,70-30,test,True
simpleqa-1357,70-30,selection,False
simpleqa-1358,70-30,selection,False
simpleqa-1359,70-30,selection,False
simpleqa-136,70-30,selection,False
simpleqa-1360,70-30,test,True
simpleqa-1361,70-30,selection,False
simpleqa-1362,70-30,selection,False
simpleqa-1363,70-30,selection,False
simpleqa-1364,70-30,selection,False
simpleqa-1365,70-30,selection,False
simpleqa-1366,70-30,test,True
simpleqa-1367,70-30,selection,False
simpleqa-1368,70-30,selection,False
simpleqa-1369,70-30,selection,False
simpleqa-137,70-30,selection,False
simpleqa-1370,70-30,selection,False
simpleqa-1371,70-30,selection,False
simpleqa-1372,70-30,selection,False
simpleqa-1373,70-30,selection,False
simpleqa-1374,70-30,selection,False
simpleqa-1375,70-30,test,True
simpleqa-1376,70-30,selection,False
simpleqa-1377,70-30,test,True
simpleqa-1378,70-30,selection,False
simpleqa-1379,70-30,test,True
simpleqa-138,70-30,test,True
simpleqa-1380,70-30,selection,False
simpleqa-1381,70-30,selection,False
simpleqa-1382,70-30,test,True
simpleqa-1383,70-30,test,True
simpleqa-1384,70-30,selection,False
simpleqa-1385,70-30,test,True
simpleqa-1386,70-30,selection,False
simpleqa-1387,70-30,selection,False
simpleqa-1388,70-30,selection,False
simpleqa-1389,70-30,selection,False
simpleqa-139,70-30,selection,False
simpleqa-1390,70-30,test,True
simpleqa-1391,70-30,selection,False
simpleqa-1392,70-30,test,True
simpleqa-1393,70-30,selection,False
simpleqa-1394,70-30,test,True
simpleqa-1395,70-30,selection,False
simpleqa-1396,70-30,selection,False
simpleqa-1397,70-30,selection,False
simpleqa-1398,70-30,test,True
simpleqa-1399,70-30,selection,False
simpleqa-14,70-30,test,True
simpleqa-140,70-30,test,True
simpleqa-1400,70-30,selection,False
simpleqa-1401,70-30,selection,False
simpleqa-1402,70-30,selection,False
simpleqa-1403,70-30,test,True
simpleqa-1404,70-30,test,True
simpleqa-1405,70-30,selection,False
simpleqa-1406,70-30,test,True
simpleqa-1407,70-30,selection,False
simpleqa-1408,70-30,test,True
simpleqa-1409,70-30,selection,False
simpleqa-141,70-30,selection,False
simpleqa-1410,70-30,test,True
simpleqa-1411,70-30,selection,False
simpleqa-1412,70-30,test,True
simpleqa-1413,70-30,selection,False
simpleqa-1414,70-30,selection,False
simpleqa-1415,70-30,selection,False
simpleqa-1416,70-30,selection,False
simpleqa-1417,70-30,selection,False
simpleqa-1418,70-30,selection,False
simpleqa-1419,70-30,test,True
simpleqa-142,70-30,selection,False
simpleqa-1420,70-30,selection,False
simpleqa-1421,70-30,selection,False
simpleqa-1422,70-30,test,True
simpleqa-1423,70-30,selection,False
simpleqa-1424,70-30,selection,False
simpleqa-1425,70-30,selection,False
simpleqa-1426,70-30,selection,False
simpleqa-1427,70-30,selection,False
simpleqa-1428,70-30,test,True
simpleqa-1429,70-30,selection,False
simpleqa-143,70-30,test,True
simpleqa-1430,70-30,selection,False
simpleqa-1431,70-30,test,True
simpleqa-1432,70-30,selection,False
simpleqa-1433,70-30,selection,False
simpleqa-1434,70-30,test,True
simpleqa-1435,70-30,test,True
simpleqa-1436,70-30,selection,False
simpleqa-1437,70-30,test,True
simpleqa-1438,70-30,test,True
simpleqa-1439,70-30,selection,False
simpleqa-144,70-30,selection,False
simpleqa-1440,70-30,test,True
simpleqa-1441,70-30,selection,False
simpleqa-1442,70-30,selection,False
simpleqa-1443,70-30,selection,False
simpleqa-1444,70-30,selection,False
simpleqa-1445,70-30,test,True
simpleqa-1446,70-30,selection,False
simpleqa-1447,70-30,test,True
simpleqa-1448,70-30,selection,False
simpleqa-1449,70-30,selection,False
simpleqa-145,70-30,test,True
simpleqa-1450,70-30,selection,False
simpleqa-1451,70-30,selection,False
simpleqa-1452,70-30,selection,False
simpleqa-1453,70-30,selection,False
simpleqa-1454,70-30,selection,False
simpleqa-1455,70-30,selection,False
simpleqa-1456,70-30,selection,False
simpleqa-1457,70-30,test,True
simpleqa-1458,70-30,selection,False
simpleqa-1459,70-30,selection,False
simpleqa-146,70-30,selection,False
simpleqa-1460,70-30,selection,False
simpleqa-1461,70-30,selection,False
simpleqa-1462,70-30,selection,False
simpleqa-1463,70-30,selection,False
simpleqa-1464,70-30,selection,False
simpleqa-1465,70-30,selection,False
simpleqa-1466,70-30,test,True
simpleqa-1467,70-30,selection,False
simpleqa-1468,70-30,test,True
simpleqa-1469,70-30,test,True
simpleqa-147,70-30,test,True
simpleqa-1470,70-30,selection,False
simpleqa-1471,70-30,selection,False
simpleqa-1472,70-30,test,True
simpleqa-1473,70-30,selection,False
simpleqa-1474,70-30,test,True
simpleqa-1475,70-30,selection,False
simpleqa-1476,70-30,selection,False
simpleqa-1477,70-30,selection,False
simpleqa-1478,70-30,selection,False
simpleqa-1479,70-30,selection,False
simpleqa-148,70-30,test,True
simpleqa-1480,70-30,selection,False
simpleqa-1481,70-30,selection,False
simpleqa-1482,70-30,selection,False
simpleqa-1483,70-30,selection,False
simpleqa-1484,70-30,selection,False
simpleqa-1485,70-30,test,True
simpleqa-1486,70-30,selection,False
simpleqa-1487,70-30,selection,False
simpleqa-1488,70-30,selection,False
simpleqa-1489,70-30,selection,False
simpleqa-149,70-30,selection,False
simpleqa-1490,70-30,selection,False
simpleqa-1491,70-30,selection,False
simpleqa-1492,70-30,test,True
simpleqa-1493,70-30,selection,False
simpleqa-1494,70-30,selection,False
simpleqa-1495,70-30,test,True
simpleqa-1496,70-30,test,True
simpleqa-1497,70-30,selection,False
simpleqa-1498,70-30,selection,False
simpleqa-1499,70-30,test,True
simpleqa-15,70-30,test,True
simpleqa-150,70-30,test,True
simpleqa-1500,70-30,selection,False
simpleqa-1501,70-30,selection,False
simpleqa-1502,70-30,selection,False
simpleqa-1503,70-30,test,True
simpleqa-1504,70-30,selection,False
simpleqa-1505,70-30,selection,False
simpleqa-1506,70-30,test,True
simpleqa-1507,70-30,test,True
simpleqa-1508,70-30,selection,False
simpleqa-1509,70-30,test,True
simpleqa-151,70-30,selection,False
simpleqa-1510,70-30,selection,False
simpleqa-1511,70-30,selection,False
simpleqa-1512,70-30,selection,False
simpleqa-1513,70-30,test,True
simpleqa-1514,70-30,test,True
simpleqa-1515,70-30,selection,False
simpleqa-1516,70-30,test,True
simpleqa-1517,70-30,test,True
simpleqa-1518,70-30,selection,False
simpleqa-1519,70-30,test,True
simpleqa-152,70-30,selection,False
simpleqa-1520,70-30,selection,False
simpleqa-1521,70-30,test,True
simpleqa-1522,70-30,selection,False
simpleqa-1523,70-30,selection,False
simpleqa-1524,70-30,selection,False
simpleqa-1525,70-30,selection,False
simpleqa-1526,70-30,test,True
simpleqa-1527,70-30,selection,False
simpleqa-1528,70-30,selection,False
simpleqa-1529,70-30,selection,False
simpleqa-153,70-30,selection,False
simpleqa-1530,70-30,selection,False
simpleqa-1531,70-30,selection,False
simpleqa-1532,70-30,test,True
simpleqa-1533,70-30,selection,False
simpleqa-1534,70-30,selection,False
simpleqa-1535,70-30,test,True
simpleqa-1536,70-30,selection,False
simpleqa-1537,70-30,selection,False
simpleqa-1538,70-30,selection,False
simpleqa-1539,70-30,selection,False
simpleqa-154,70-30,test,True
simpleqa-1540,70-30,selection,False
simpleqa-1541,70-30,selection,False
simpleqa-1542,70-30,selection,False
simpleqa-1543,70-30,test,True
simpleqa-1544,70-30,selection,False
simpleqa-1545,70-30,test,True
simpleqa-1546,70-30,selection,False
simpleqa-1547,70-30,test,True
simpleqa-1548,70-30,selection,False
simpleqa-1549,70-30,selection,False
simpleqa-155,70-30,test,True
simpleqa-1550,70-30,selection,False
simpleqa-1551,70-30,selection,False
simpleqa-1552,70-30,selection,False
simpleqa-1553,70-30,selection,False
simpleqa-1554,70-30,selection,False
simpleqa-1555,70-30,test,True
simpleqa-1556,70-30,test,True
simpleqa-1557,70-30,test,True
simpleqa-1558,70-30,selection,False
simpleqa-1559,70-30,selection,False
simpleqa-156,70-30,selection,False
simpleqa-1560,70-30,test,True
simpleqa-1561,70-30,selection,False
simpleqa-1562,70-30,selection,False
simpleqa-1563,70-30,test,True
simpleqa-1564,70-30,selection,False
simpleqa-1565,70-30,selection,False
simpleqa-1566,70-30,selection,False
simpleqa-1567,70-30,test,True
simpleqa-1568,70-30,selection,False
simpleqa-1569,70-30,test,True
simpleqa-157,70-30,test,True
simpleqa-1570,70-30,test,True
simpleqa-1571,70-30,selection,False
simpleqa-1572,70-30,test,True
simpleqa-1573,70-30,selection,False
simpleqa-1574,70-30,selection,False
simpleqa-1575,70-30,selection,False
simpleqa-1576,70-30,selection,False
simpleqa-1577,70-30,test,True
simpleqa-1578,70-30,selection,False
simpleqa-1579,70-30,test,True
simpleqa-158,70-30,test,True
simpleqa-1580,70-30,selection,False
simpleqa-1581,70-30,selection,False
simpleqa-1582,70-30,test,True
simpleqa-1583,70-30,test,True
simpleqa-1584,70-30,selection,False
simpleqa-1585,70-30,selection,False
simpleqa-1586,70-30,selection,False
simpleqa-1587,70-30,selection,False
simpleqa-1588,70-30,selection,False
simpleqa-1589,70-30,selection,False
simpleqa-159,70-30,test,True
simpleqa-1590,70-30,selection,False
simpleqa-1591,70-30,selection,False
simpleqa-1592,70-30,selection,False
simpleqa-1593,70-30,test,True
simpleqa-1594,70-30,test,True
simpleqa-1595,70-30,test,True
simpleqa-1596,70-30,test,True
simpleqa-1597,70-30,test,True
simpleqa-1598,70-30,selection,False
simpleqa-1599,70-30,selection,False
simpleqa-16,70-30,selection,False
simpleqa-160,70-30,selection,False
simpleqa-1600,70-30,selection,False
simpleqa-1601,70-30,test,True
simpleqa-1602,70-30,selection,False
simpleqa-1603,70-30,selection,False
simpleqa-1604,70-30,test,True
simpleqa-1605,70-30,selection,False
simpleqa-1606,70-30,selection,False
simpleqa-1607,70-30,selection,False
simpleqa-1608,70-30,selection,False
simpleqa-1609,70-30,selection,False
simpleqa-161,70-30,selection,False
simpleqa-1610,70-30,selection,False
simpleqa-1611,70-30,test,True
simpleqa-1612,70-30,test,True
simpleqa-1613,70-30,selection,False
simpleqa-1614,70-30,selection,False
simpleqa-1615,70-30,selection,False
simpleqa-1616,70-30,selection,False
simpleqa-1617,70-30,selection,False
simpleqa-1618,70-30,selection,False
simpleqa-1619,70-30,selection,False
simpleqa-162,70-30,selection,False
simpleqa-1620,70-30,selection,False
simpleqa-1621,70-30,selection,False
simpleqa-1622,70-30,selection,False
simpleqa-1623,70-30,test,True
simpleqa-1624,70-30,test,True
simpleqa-1625,70-30,test,True
simpleqa-1626,70-30,selection,False
simpleqa-1627,70-30,selection,False
simpleqa-1628,70-30,selection,False
simpleqa-1629,70-30,selection,False
simpleqa-163,70-30,selection,False
simpleqa-1630,70-30,selection,False
simpleqa-1631,70-30,selection,False
simpleqa-1632,70-30,selection,False
simpleqa-1633,70-30,test,True
simpleqa-1634,70-30,test,True
simpleqa-1635,70-30,selection,False
simpleqa-1636,70-30,selection,False
simpleqa-1637,70-30,selection,False
simpleqa-1638,70-30,selection,False
simpleqa-1639,70-30,selection,False
simpleqa-164,70-30,selection,False
simpleqa-1640,70-30,test,True
simpleqa-1641,70-30,selection,False
simpleqa-1642,70-30,selection,False
simpleqa-1643,70-30,selection,False
simpleqa-1644,70-30,selection,False
simpleqa-1645,70-30,selection,False
simpleqa-1646,70-30,selection,False
simpleqa-1647,70-30,selection,False
simpleqa-1648,70-30,test,True
simpleqa-1649,70-30,test,True
simpleqa-165,70-30,selection,False
simpleqa-1650,70-30,test,True
simpleqa-1651,70-30,selection,False
simpleqa-1652,70-30,selection,False
simpleqa-1653,70-30,selection,False
simpleqa-1654,70-30,selection,False
simpleqa-1655,70-30,selection,False
simpleqa-1656,70-30,selection,False
simpleqa-1657,70-30,selection,False
simpleqa-1658,70-30,test,True
simpleqa-1659,70-30,selection,False
simpleqa-166,70-30,test,True
simpleqa-1660,70-30,test,True
simpleqa-1661,70-30,selection,False
simpleqa-1662,70-30,selection,False
simpleqa-1663,70-30,selection,False
simpleqa-1664,70-30,selection,False
simpleqa-1665,70-30,selection,False
simpleqa-1666,70-30,selection,False
simpleqa-1667,70-30,test,True
simpleqa-1668,70-30,selection,False
simpleqa-1669,70-30,selection,False
simpleqa-167,70-30,test,True
simpleqa-1670,70-30,selection,False
simpleqa-1671,70-30,selection,False
simpleqa-1672,70-30,selection,False
simpleqa-1673,70-30,selection,False
simpleqa-1674,70-30,test,True
simpleqa-1675,70-30,selection,False
simpleqa-1676,70-30,selection,False
simpleqa-1677,70-30,selection,False
simpleqa-1678,70-30,selection,False
simpleqa-1679,70-30,selection,False
simpleqa-168,70-30,selection,False
simpleqa-1680,70-30,selection,False
simpleqa-1681,70-30,test,True
simpleqa-1682,70-30,selection,False
simpleqa-1683,70-30,selection,False
simpleqa-1684,70-30,selection,False
simpleqa-1685,70-30,test,True
simpleqa-1686,70-30,selection,False
simpleqa-1687,70-30,selection,False
simpleqa-1688,70-30,selection,False
simpleqa-1689,70-30,test,True
simpleqa-169,70-30,test,True
simpleqa-1690,70-30,selection,False
simpleqa-1691,70-30,selection,False
simpleqa-1692,70-30,selection,False
simpleqa-1693,70-30,selection,False
simpleqa-1694,70-30,selection,False
simpleqa-1695,70-30,selection,False
simpleqa-1696,70-30,test,True
simpleqa-1697,70-30,test,True
simpleqa-1698,70-30,selection,False
simpleqa-1699,70-30,selection,False
simpleqa-17,70-30,selection,False
simpleqa-170,70-30,test,True
simpleqa-1700,70-30,selection,False
simpleqa-1701,70-30,test,True
simpleqa-1702,70-30,selection,False
simpleqa-1703,70-30,selection,False
simpleqa-1704,70-30,selection,False
simpleqa-1705,70-30,selection,False
simpleqa-1706,70-30,test,True
simpleqa-1707,70-30,selection,False
simpleqa-1708,70-30,test,True
simpleqa-1709,70-30,selection,False
simpleqa-171,70-30,selection,False
simpleqa-1710,70-30,selection,False
simpleqa-1711,70-30,test,True
simpleqa-1712,70-30,selection,False
simpleqa-1713,70-30,test,True
simpleqa-1714,70-30,selection,False
simpleqa-1715,70-30,selection,False
simpleqa-1716,70-30,selection,False
simpleqa-1717,70-30,test,True
simpleqa-1718,70-30,selection,False
simpleqa-1719,70-30,selection,False
simpleqa-172,70-30,selection,False
simpleqa-1720,70-30,selection,False
simpleqa-1721,70-30,selection,False
simpleqa-1722,70-30,test,True
simpleqa-1723,70-30,selection,False
simpleqa-1724,70-30,selection,False
simpleqa-1725,70-30,selection,False
simpleqa-1726,70-30,selection,False
simpleqa-1727,70-30,test,True
simpleqa-1728,70-30,selection,False
simpleqa-1729,70-30,selection,False
simpleqa-173,70-30,selection,False
simpleqa-1730,70-30,test,True
simpleqa-1731,70-30,selection,False
simpleqa-1732,70-30,selection,False
simpleqa-1733,70-30,test,True
simpleqa-1734,70-30,selection,False
simpleqa-1735,70-30,selection,False
simpleqa-1736,70-30,test,True
simpleqa-1737,70-30,test,True
simpleqa-1738,70-30,test,True
simpleqa-1739,70-30,selection,False
simpleqa-174,70-30,selection,False
simpleqa-1740,70-30,selection,False
simpleqa-1741,70-30,selection,False
simpleqa-1742,70-30,test,True
simpleqa-1743,70-30,test,True
simpleqa-1744,70-30,selection,False
simpleqa-1745,70-30,test,True
simpleqa-1746,70-30,test,True
simpleqa-1747,70-30,selection,False
simpleqa-1748,70-30,selection,False
simpleqa-1749,70-30,selection,False
simpleqa-175,70-30,selection,False
simpleqa-1750,70-30,selection,False
simpleqa-1751,70-30,selection,False
simpleqa-1752,70-30,selection,False
simpleqa-1753,70-30,selection,False
simpleqa-1754,70-30,selection,False
simpleqa-1755,70-30,selection,False
simpleqa-1756,70-30,selection,False
simpleqa-1757,70-30,selection,False
simpleqa-1758,70-30,test,True
simpleqa-1759,70-30,test,True
simpleqa-176,70-30,selection,False
simpleqa-1760,70-30,test,True
simpleqa-1761,70-30,selection,False
simpleqa-1762,70-30,selection,False
simpleqa-1763,70-30,selection,False
simpleqa-1764,70-30,selection,False
simpleqa-1765,70-30,selection,False
simpleqa-1766,70-30,selection,False
simpleqa-1767,70-30,selection,False
simpleqa-1768,70-30,selection,False
simpleqa-1769,70-30,selection,False
simpleqa-177,70-30,selection,False
simpleqa-1770,70-30,selection,False
simpleqa-1771,70-30,test,True
simpleqa-1772,70-30,test,True
simpleqa-1773,70-30,selection,False
simpleqa-1774,70-30,selection,False
simpleqa-1775,70-30,selection,False
simpleqa-1776,70-30,selection,False
simpleqa-1777,70-30,selection,False
simpleqa-1778,70-30,selection,False
simpleqa-1779,70-30,selection,False
simpleqa-178,70-30,selection,False
simpleqa-1780,70-30,test,True
simpleqa-1781,70-30,selection,False
simpleqa-1782,70-30,selection,False
simpleqa-1783,70-30,selection,False
simpleqa-1784,70-30,test,True
simpleqa-1785,70-30,test,True
simpleqa-1786,70-30,selection,False
simpleqa-1787,70-30,selection,False
simpleqa-1788,70-30,test,True
simpleqa-1789,70-30,selection,False
simpleqa-179,70-30,selection,False
simpleqa-1790,70-30,test,True
simpleqa-1791,70-30,selection,False
simpleqa-1792,70-30,test,True
simpleqa-1793,70-30,test,True
simpleqa-1794,70-30,test,True
simpleqa-1795,70-30,selection,False
simpleqa-1796,70-30,selection,False
simpleqa-1797,70-30,selection,False
simpleqa-1798,70-30,test,True
simpleqa-1799,70-30,selection,False
simpleqa-18,70-30,selection,False
simpleqa-180,70-30,selection,False
simpleqa-1800,70-30,selection,False
simpleqa-1801,70-30,selection,False
simpleqa-1802,70-30,selection,False
simpleqa-1803,70-30,test,True
simpleqa-1804,70-30,selection,False
simpleqa-1805,70-30,selection,False
simpleqa-1806,70-30,selection,False
simpleqa-1807,70-30,selection,False
simpleqa-1808,70-30,selection,False
simpleqa-1809,70-30,selection,False
simpleqa-181,70-30,selection,False
simpleqa-1810,70-30,selection,False
simpleqa-1811,70-30,selection,False
simpleqa-1812,70-30,selection,False
simpleqa-1813,70-30,test,True
simpleqa-1814,70-30,test,True
simpleqa-1815,70-30,test,True
simpleqa-1816,70-30,test,True
simpleqa-1817,70-30,selection,False
simpleqa-1818,70-30,test,True
simpleqa-1819,70-30,selection,False
simpleqa-182,70-30,test,True
simpleqa-1820,70-30,selection,False
simpleqa-1821,70-30,test,True
simpleqa-1822,70-30,test,True
simpleqa-1823,70-30,test,True
simpleqa-1824,70-30,selection,False
simpleqa-1825,70-30,selection,False
simpleqa-1826,70-30,selection,False
simpleqa-1827,70-30,selection,False
simpleqa-1828,70-30,selection,False
simpleqa-1829,70-30,test,True
simpleqa-183,70-30,selection,False
simpleqa-1830,70-30,selection,False
simpleqa-1831,70-30,selection,False
simpleqa-1832,70-30,selection,False
simpleqa-1833,70-30,selection,False
simpleqa-1834,70-30,selection,False
simpleqa-1835,70-30,selection,False
simpleqa-1836,70-30,selection,False
simpleqa-1837,70-30,selection,False
simpleqa-1838,70-30,selection,False
simpleqa-1839,70-30,selection,False
simpleqa-184,70-30,selection,False
simpleqa-1840,70-30,selection,False
simpleqa-1841,70-30,selection,False
simpleqa-1842,70-30,selection,False
simpleqa-1843,70-30,test,True
simpleqa-1844,70-30,selection,False
simpleqa-1845,70-30,test,True
simpleqa-1846,70-30,test,True
simpleqa-1847,70-30,selection,False
simpleqa-1848,70-30,selection,False
simpleqa-1849,70-30,test,True
simpleqa-185,70-30,test,True
simpleqa-1850,70-30,selection,False
simpleqa-1851,70-30,test,True
simpleqa-1852,70-30,selection,False
simpleqa-1853,70-30,selection,False
simpleqa-1854,70-30,test,True
simpleqa-1855,70-30,selection,False
simpleqa-1856,70-30,selection,False
simpleqa-1857,70-30,selection,False
simpleqa-1858,70-30,selection,False
simpleqa-1859,70-30,selection,False
simpleqa-186,70-30,selection,False
simpleqa-1860,70-30,selection,False
simpleqa-1861,70-30,selection,False
simpleqa-1862,70-30,selection,False
simpleqa-1863,70-30,selection,False
simpleqa-1864,70-30,test,True
simpleqa-1865,70-30,test,True
simpleqa-1866,70-30,selection,False
simpleqa-1867,70-30,test,True
simpleqa-1868,70-30,selection,False
simpleqa-1869,70-30,test,True
simpleqa-187,70-30,test,True
simpleqa-1870,70-30,selection,False
simpleqa-1871,70-30,selection,False
simpleqa-1872,70-30,test,True
simpleqa-1873,70-30,test,True
simpleqa-1874,70-30,selection,False
simpleqa-1875,70-30,selection,False
simpleqa-1876,70-30,test,True
simpleqa-1877,70-30,selection,False
simpleqa-1878,70-30,selection,False
simpleqa-1879,70-30,selection,False
simpleqa-188,70-30,selection,False
simpleqa-1880,70-30,selection,False
simpleqa-1881,70-30,test,True
simpleqa-1882,70-30,test,True
simpleqa-1883,70-30,selection,False
simpleqa-1884,70-30,test,True
simpleqa-1885,70-30,selection,False
simpleqa-1886,70-30,test,True
simpleqa-1887,70-30,selection,False
simpleqa-1888,70-30,selection,False
simpleqa-1889,70-30,selection,False
simpleqa-189,70-30,test,True
simpleqa-1890,70-30,test,True
simpleqa-1891,70-30,selection,False
simpleqa-1892,70-30,selection,False
simpleqa-1893,70-30,selection,False
simpleqa-1894,70-30,selection,False
simpleqa-1895,70-30,selection,False
simpleqa-1896,70-30,selection,False
simpleqa-1897,70-30,selection,False
simpleqa-1898,70-30,test,True
simpleqa-1899,70-30,selection,False
simpleqa-19,70-30,test,True
simpleqa-190,70-30,selection,False
simpleqa-1900,70-30,test,True
simpleqa-1901,70-30,selection,False
simpleqa-1902,70-30,selection,False
simpleqa-1903,70-30,selection,False
simpleqa-1904,70-30,selection,False
simpleqa-1905,70-30,test,True
simpleqa-1906,70-30,selection,False
simpleqa-1907,70-30,selection,False
simpleqa-1908,70-30,selection,False
simpleqa-1909,70-30,test,True
simpleqa-191,70-30,test,True
simpleqa-1910,70-30,test,True
simpleqa-1911,70-30,selection,False
simpleqa-1912,70-30,selection,False
simpleqa-1913,70-30,selection,False
simpleqa-1914,70-30,test,True
simpleqa-1915,70-30,test,True
simpleqa-1916,70-30,selection,False
simpleqa-1917,70-30,test,True
simpleqa-1918,70-30,selection,False
simpleqa-1919,70-30,selection,False
simpleqa-192,70-30,selection,False
simpleqa-1920,70-30,selection,False
simpleqa-1921,70-30,selection,False
simpleqa-1922,70-30,test,True
simpleqa-1923,70-30,test,True
simpleqa-1924,70-30,selection,False
simpleqa-1925,70-30,selection,False
simpleqa-1926,70-30,selection,False
simpleqa-1927,70-30,selection,False
simpleqa-1928,70-30,selection,False
simpleqa-1929,70-30,selection,False
simpleqa-193,70-30,selection,False
simpleqa-1930,70-30,selection,False
simpleqa-1931,70-30,selection,False
simpleqa-1932,70-30,selection,False
simpleqa-1933,70-30,selection,False
simpleqa-1934,70-30,selection,False
simpleqa-1935,70-30,selection,False
simpleqa-1936,70-30,test,True
simpleqa-1937,70-30,test,True
simpleqa-1938,70-30,test,True
simpleqa-1939,70-30,selection,False
simpleqa-194,70-30,selection,False
simpleqa-1940,70-30,test,True
simpleqa-1941,70-30,selection,False
simpleqa-1942,70-30,selection,False
simpleqa-1943,70-30,test,True
simpleqa-1944,70-30,selection,False
simpleqa-1945,70-30,selection,False
simpleqa-1946,70-30,selection,False
simpleqa-1947,70-30,selection,False
simpleqa-1948,70-30,test,True
simpleqa-1949,70-30,selection,False
simpleqa-195,70-30,selection,False
simpleqa-1950,70-30,selection,False
simpleqa-1951,70-30,selection,False
simpleqa-1952,70-30,selection,False
simpleqa-1953,70-30,selection,False
simpleqa-1954,70-30,selection,False
simpleqa-1955,70-30,selection,False
simpleqa-1956,70-30,selection,False
simpleqa-1957,70-30,test,True
simpleqa-1958,70-30,test,True
simpleqa-1959,70-30,selection,False
simpleqa-196,70-30,selection,False
simpleqa-1960,70-30,selection,False
simpleqa-1961,70-30,test,True
simpleqa-1962,70-30,selection,False
simpleqa-1963,70-30,test,True
simpleqa-1964,70-30,selection,False
simpleqa-1965,70-30,selection,False
simpleqa-1966,70-30,selection,False
simpleqa-1967,70-30,selection,False
simpleqa-1968,70-30,selection,False
simpleqa-1969,70-30,selection,False
simpleqa-197,70-30,test,True
simpleqa-1970,70-30,selection,False
simpleqa-1971,70-30,test,True
simpleqa-1972,70-30,selection,False
simpleqa-1973,70-30,selection,False
simpleqa-1974,70-30,test,True
simpleqa-1975,70-30,test,True
simpleqa-1976,70-30,selection,False
simpleqa-1977,70-30,selection,False
simpleqa-1978,70-30,test,True
simpleqa-1979,70-30,selection,False
simpleqa-198,70-30,selection,False
simpleqa-1980,70-30,selection,False
simpleqa-1981,70-30,selection,False
simpleqa-1982,70-30,selection,False
simpleqa-1983,70-30,selection,False
simpleqa-1984,70-30,selection,False
simpleqa-1985,70-30,test,True
simpleqa-1986,70-30,selection,False
simpleqa-1987,70-30,test,True
simpleqa-1988,70-30,selection,False
simpleqa-1989,70-30,selection,False
simpleqa-199,70-30,selection,False
simpleqa-1990,70-30,selection,False
simpleqa-1991,70-30,selection,False
simpleqa-1992,70-30,selection,False
simpleqa-1993,70-30,selection,False
simpleqa-1994,70-30,selection,False
simpleqa-1995,70-30,selection,False
simpleqa-1996,70-30,selection,False
simpleqa-1997,70-30,test,True
simpleqa-1998,70-30,selection,False
simpleqa-1999,70-30,selection,False
simpleqa-2,70-30,selection,False
simpleqa-20,70-30,selection,False
simpleqa-200,70-30,test,True
simpleqa-2000,70-30,selection,False
simpleqa-2001,70-30,selection,False
simpleqa-2002,70-30,selection,False
simpleqa-2003,70-30,selection,False
simpleqa-2004,70-30,selection,False
simpleqa-2005,70-30,test,True
simpleqa-2006,70-30,selection,False
simpleqa-2007,70-30,selection,False
simpleqa-2008,70-30,selection,False
simpleqa-2009,70-30,selection,False
simpleqa-201,70-30,test,True
simpleqa-2010,70-30,selection,False
simpleqa-2011,70-30,test,True
simpleqa-2012,70-30,selection,False
simpleqa-2013,70-30,test,True
simpleqa-2014,70-30,test,True
simpleqa-2015,70-30,selection,False
simpleqa-2016,70-30,selection,False
simpleqa-2017,70-30,selection,False
simpleqa-2018,70-30,selection,False
simpleqa-2019,70-30,test,True
simpleqa-202,70-30,test,True
simpleqa-2020,70-30,selection,False
simpleqa-2021,70-30,selection,False
simpleqa-2022,70-30,selection,False
simpleqa-2023,70-30,selection,False
simpleqa-2024,70-30,test,True
simpleqa-2025,70-30,test,True
simpleqa-2026,70-30,selection,False
simpleqa-2027,70-30,selection,False
simpleqa-2028,70-30,test,True
simpleqa-2029,70-30,selection,False
simpleqa-203,70-30,selection,False
simpleqa-2030,70-30,selection,False
simpleqa-2031,70-30,selection,False
simpleqa-2032,70-30,selection,False
simpleqa-2033,70-30,selection,False
simpleqa-2034,70-30,selection,False
simpleqa-2035,70-30,selection,False
simpleqa-2036,70-30,test,True
simpleqa-2037,70-30,test,True
simpleqa-2038,70-30,selection,False
simpleqa-2039,70-30,selection,False
simpleqa-204,70-30,test,True
simpleqa-2040,70-30,test,True
simpleqa-2041,70-30,test,True
simpleqa-2042,70-30,selection,False
simpleqa-2043,70-30,selection,False
simpleqa-2044,70-30,test,True
simpleqa-2045,70-30,test,True
simpleqa-2046,70-30,selection,False
simpleqa-2047,70-30,test,True
simpleqa-2048,70-30,selection,False
simpleqa-2049,70-30,test,True
simpleqa-205,70-30,selection,False
simpleqa-2050,70-30,selection,False
simpleqa-2051,70-30,test,True
simpleqa-2052,70-30,selection,False
simpleqa-2053,70-30,selection,False
simpleqa-2054,70-30,selection,False
simpleqa-2055,70-30,selection,False
simpleqa-2056,70-30,selection,False
simpleqa-2057,70-30,selection,False
simpleqa-2058,70-30,test,True
simpleqa-2059,70-30,selection,False
simpleqa-206,70-30,test,True
simpleqa-2060,70-30,selection,False
simpleqa-2061,70-30,selection,False
simpleqa-2062,70-30,test,True
simpleqa-2063,70-30,selection,False
simpleqa-2064,70-30,selection,False
simpleqa-2065,70-30,test,True
simpleqa-2066,70-30,selection,False
simpleqa-2067,70-30,selection,False
simpleqa-2068,70-30,selection,False
simpleqa-2069,70-30,test,True
simpleqa-207,70-30,selection,False
simpleqa-2070,70-30,selection,False
simpleqa-2071,70-30,test,True
simpleqa-2072,70-30,test,True
simpleqa-2073,70-30,test,True
simpleqa-2074,70-30,selection,False
simpleqa-2075,70-30,selection,False
simpleqa-2076,70-30,selection,False
simpleqa-2077,70-30,selection,False
simpleqa-2078,70-30,selection,False
simpleqa-2079,70-30,selection,False
simpleqa-208,70-30,test,True
simpleqa-2080,70-30,selection,False
simpleqa-2081,70-30,selection,False
simpleqa-2082,70-30,selection,False
simpleqa-2083,70-30,selection,False
simpleqa-2084,70-30,selection,False
simpleqa-2085,70-30,test,True
simpleqa-2086,70-30,selection,False
simpleqa-2087,70-30,selection,False
simpleqa-2088,70-30,selection,False
simpleqa-2089,70-30,selection,False
simpleqa-209,70-30,selection,False
simpleqa-2090,70-30,selection,False
simpleqa-2091,70-30,selection,False
simpleqa-2092,70-30,test,True
simpleqa-2093,70-30,test,True
simpleqa-2094,70-30,selection,False
simpleqa-2095,70-30,test,True
simpleqa-2096,70-30,test,True
simpleqa-2097,70-30,selection,False
simpleqa-2098,70-30,selection,False
simpleqa-2099,70-30,selection,False
simpleqa-21,70-30,selection,False
simpleqa-210,70-30,test,True
simpleqa-2100,70-30,test,True
simpleqa-2101,70-30,selection,False
simpleqa-2102,70-30,selection,False
simpleqa-2103,70-30,selection,False
simpleqa-2104,70-30,selection,False
simpleqa-2105,70-30,selection,False
simpleqa-2106,70-30,selection,False
simpleqa-2107,70-30,test,True
simpleqa-2108,70-30,selection,False
simpleqa-2109,70-30,selection,False
simpleqa-211,70-30,selection,False
simpleqa-2110,70-30,selection,False
simpleqa-2111,70-30,test,True
simpleqa-2112,70-30,selection,False
simpleqa-2113,70-30,selection,False
simpleqa-2114,70-30,test,True
simpleqa-2115,70-30,selection,False
simpleqa-2116,70-30,selection,False
simpleqa-2117,70-30,selection,False
simpleqa-2118,70-30,test,True
simpleqa-2119,70-30,test,True
simpleqa-212,70-30,test,True
simpleqa-2120,70-30,selection,False
simpleqa-2121,70-30,test,True
simpleqa-2122,70-30,selection,False
simpleqa-2123,70-30,test,True
simpleqa-2124,70-30,selection,False
simpleqa-2125,70-30,test,True
simpleqa-2126,70-30,test,True
simpleqa-2127,70-30,test,True
simpleqa-2128,70-30,selection,False
simpleqa-2129,70-30,selection,False
simpleqa-213,70-30,selection,False
simpleqa-2130,70-30,selection,False
simpleqa-2131,70-30,selection,False
simpleqa-2132,70-30,selection,False
simpleqa-2133,70-30,selection,False
simpleqa-2134,70-30,test,True
simpleqa-2135,70-30,test,True
simpleqa-2136,70-30,selection,False
simpleqa-2137,70-30,selection,False
simpleqa-2138,70-30,selection,False
simpleqa-2139,70-30,selection,False
simpleqa-214,70-30,selection,False
simpleqa-2140,70-30,selection,False
simpleqa-2141,70-30,test,True
simpleqa-2142,70-30,selection,False
simpleqa-2143,70-30,selection,False
simpleqa-2144,70-30,selection,False
simpleqa-2145,70-30,test,True
simpleqa-2146,70-30,selection,False
simpleqa-2147,70-30,selection,False
simpleqa-2148,70-30,selection,False
simpleqa-2149,70-30,selection,False
simpleqa-215,70-30,selection,False
simpleqa-2150,70-30,selection,False
simpleqa-2151,70-30,selection,False
simpleqa-2152,70-30,selection,False
simpleqa-2153,70-30,test,True
simpleqa-2154,70-30,test,True
simpleqa-2155,70-30,selection,False
simpleqa-2156,70-30,test,True
simpleqa-2157,70-30,test,True
simpleqa-2158,70-30,selection,False
simpleqa-2159,70-30,test,True
simpleqa-216,70-30,selection,False
simpleqa-2160,70-30,test,True
simpleqa-2161,70-30,selection,False
simpleqa-2162,70-30,test,True
simpleqa-2163,70-30,test,True
simpleqa-2164,70-30,selection,False
simpleqa-2165,70-30,test,True
simpleqa-2166,70-30,selection,False
simpleqa-2167,70-30,selection,False
simpleqa-2168,70-30,selection,False
simpleqa-2169,70-30,selection,False
simpleqa-217,70-30,selection,False
simpleqa-2170,70-30,selection,False
simpleqa-2171,70-30,selection,False
simpleqa-2172,70-30,test,True
simpleqa-2173,70-30,selection,False
simpleqa-2174,70-30,test,True
simpleqa-2175,70-30,selection,False
simpleqa-2176,70-30,selection,False
simpleqa-2177,70-30,selection,False
simpleqa-2178,70-30,selection,False
simpleqa-2179,70-30,test,True
simpleqa-218,70-30,test,True
simpleqa-2180,70-30,test,True
simpleqa-2181,70-30,test,True
simpleqa-2182,70-30,selection,False
simpleqa-2183,70-30,test,True
simpleqa-2184,70-30,selection,False
simpleqa-2185,70-30,selection,False
simpleqa-2186,70-30,test,True
simpleqa-2187,70-30,test,True
simpleqa-2188,70-30,test,True
simpleqa-2189,70-30,selection,False
simpleqa-219,70-30,selection,False
simpleqa-2190,70-30,selection,False
simpleqa-2191,70-30,selection,False
simpleqa-2192,70-30,selection,False
simpleqa-2193,70-30,selection,False
simpleqa-2194,70-30,test,True
simpleqa-2195,70-30,selection,False
simpleqa-2196,70-30,selection,False
simpleqa-2197,70-30,test,True
simpleqa-2198,70-30,test,True
simpleqa-2199,70-30,test,True
simpleqa-22,70-30,selection,False
simpleqa-220,70-30,selection,False
simpleqa-2200,70-30,test,True
simpleqa-2201,70-30,selection,False
simpleqa-2202,70-30,test,True
simpleqa-2203,70-30,selection,False
simpleqa-2204,70-30,selection,False
simpleqa-2205,70-30,selection,False
simpleqa-2206,70-30,selection,False
simpleqa-2207,70-30,test,True
simpleqa-2208,70-30,selection,False
simpleqa-2209,70-30,selection,False
simpleqa-221,70-30,test,True
simpleqa-2210,70-30,test,True
simpleqa-2211,70-30,selection,False
simpleqa-2212,70-30,selection,False
simpleqa-2213,70-30,test,True
simpleqa-2214,70-30,selection,False
simpleqa-2215,70-30,selection,False
simpleqa-2216,70-30,test,True
simpleqa-2217,70-30,test,True
simpleqa-2218,70-30,selection,False
simpleqa-2219,70-30,selection,False
simpleqa-222,70-30,selection,False
simpleqa-2220,70-30,selection,False
simpleqa-2221,70-30,test,True
simpleqa-2222,70-30,test,True
simpleqa-2223,70-30,selection,False
simpleqa-2224,70-30,selection,False
simpleqa-2225,70-30,selection,False
simpleqa-2226,70-30,selection,False
simpleqa-2227,70-30,selection,False
simpleqa-2228,70-30,test,True
simpleqa-2229,70-30,selection,False
simpleqa-223,70-30,selection,False
simpleqa-2230,70-30,selection,False
simpleqa-2231,70-30,test,True
simpleqa-2232,70-30,selection,False
simpleqa-2233,70-30,selection,False
simpleqa-2234,70-30,selection,False
simpleqa-2235,70-30,test,True
simpleqa-2236,70-30,selection,False
simpleqa-2237,70-30,selection,False
simpleqa-2238,70-30,selection,False
simpleqa-2239,70-30,test,True
simpleqa-224,70-30,selection,False
simpleqa-2240,70-30,selection,False
simpleqa-2241,70-30,selection,False
simpleqa-2242,70-30,selection,False
simpleqa-2243,70-30,selection,False
simpleqa-2244,70-30,test,True
simpleqa-2245,70-30,test,True
simpleqa-2246,70-30,selection,False
simpleqa-2247,70-30,test,True
simpleqa-2248,70-30,selection,False
simpleqa-2249,70-30,selection,False
simpleqa-225,70-30,test,True
simpleqa-2250,70-30,test,True
simpleqa-2251,70-30,selection,False
simpleqa-2252,70-30,selection,False
simpleqa-2253,70-30,selection,False
simpleqa-2254,70-30,selection,False
simpleqa-2255,70-30,selection,False
simpleqa-2256,70-30,selection,False
simpleqa-2257,70-30,selection,False
simpleqa-2258,70-30,test,True
simpleqa-2259,70-30,test,True
simpleqa-226,70-30,test,True
simpleqa-2260,70-30,test,True
simpleqa-2261,70-30,selection,False
simpleqa-2262,70-30,selection,False
simpleqa-2263,70-30,selection,False
simpleqa-2264,70-30,selection,False
simpleqa-2265,70-30,test,True
simpleqa-2266,70-30,selection,False
simpleqa-2267,70-30,selection,False
simpleqa-2268,70-30,selection,False
simpleqa-2269,70-30,test,True
simpleqa-227,70-30,selection,False
simpleqa-2270,70-30,selection,False
simpleqa-2271,70-30,selection,False
simpleqa-2272,70-30,test,True
simpleqa-2273,70-30,selection,False
simpleqa-2274,70-30,test,True
simpleqa-2275,70-30,selection,False
simpleqa-2276,70-30,selection,False
simpleqa-2277,70-30,selection,False
simpleqa-2278,70-30,selection,False
simpleqa-2279,70-30,selection,False
simpleqa-228,70-30,selection,False
simpleqa-2280,70-30,selection,False
simpleqa-2281,70-30,selection,False
simpleqa-2282,70-30,test,True
simpleqa-2283,70-30,selection,False
simpleqa-2284,70-30,selection,False
simpleqa-2285,70-30,selection,False
simpleqa-2286,70-30,selection,False
simpleqa-2287,70-30,selection,False
simpleqa-2288,70-30,selection,False
simpleqa-2289,70-30,selection,False
simpleqa-229,70-30,selection,False
simpleqa-2290,70-30,selection,False
simpleqa-2291,70-30,test,True
simpleqa-2292,70-30,test,True
simpleqa-2293,70-30,selection,False
simpleqa-2294,70-30,selection,False
simpleqa-2295,70-30,test,True
simpleqa-2296,70-30,selection,False
simpleqa-2297,70-30,selection,False
simpleqa-2298,70-30,selection,False
simpleqa-2299,70-30,selection,False
simpleqa-23,70-30,selection,False
simpleqa-230,70-30,test,True
simpleqa-2300,70-30,test,True
simpleqa-2301,70-30,selection,False
simpleqa-2302,70-30,test,True
simpleqa-2303,70-30,selection,False
simpleqa-2304,70-30,test,True
simpleqa-2305,70-30,test,True
simpleqa-2306,70-30,selection,False
simpleqa-2307,70-30,selection,False
simpleqa-2308,70-30,selection,False
simpleqa-2309,70-30,test,True
simpleqa-231,70-30,selection,False
simpleqa-2310,70-30,selection,False
simpleqa-2311,70-30,selection,False
simpleqa-2312,70-30,selection,False
simpleqa-2313,70-30,test,True
simpleqa-2314,70-30,test,True
simpleqa-2315,70-30,selection,False
simpleqa-2316,70-30,selection,False
simpleqa-2317,70-30,selection,False
simpleqa-2318,70-30,selection,False
simpleqa-2319,70-30,test,True
simpleqa-232,70-30,selection,False
simpleqa-2320,70-30,selection,False
simpleqa-2321,70-30,test,True
simpleqa-2322,70-30,selection,False
simpleqa-2323,70-30,selection,False
simpleqa-2324,70-30,test,True
simpleqa-2325,70-30,selection,False
simpleqa-2326,70-30,selection,False
simpleqa-2327,70-30,selection,False
simpleqa-2328,70-30,selection,False
simpleqa-2329,70-30,selection,False
simpleqa-233,70-30,selection,False
simpleqa-2330,70-30,test,True
simpleqa-2331,70-30,selection,False
simpleqa-2332,70-30,selection,False
simpleqa-2333,70-30,selection,False
simpleqa-2334,70-30,selection,False
simpleqa-2335,70-30,selection,False
simpleqa-2336,70-30,selection,False
simpleqa-2337,70-30,test,True
simpleqa-2338,70-30,selection,False
simpleqa-2339,70-30,test,True
simpleqa-234,70-30,test,True
simpleqa-2340,70-30,selection,False
simpleqa-2341,70-30,selection,False
simpleqa-2342,70-30,test,True
simpleqa-2343,70-30,selection,False
simpleqa-2344,70-30,test,True
simpleqa-2345,70-30,test,True
simpleqa-2346,70-30,test,True
simpleqa-2347,70-30,test,True
simpleqa-2348,70-30,selection,False
simpleqa-2349,70-30,selection,False
simpleqa-235,70-30,selection,False
simpleqa-2350,70-30,selection,False
simpleqa-2351,70-30,selection,False
simpleqa-2352,70-30,test,True
simpleqa-2353,70-30,selection,False
simpleqa-2354,70-30,selection,False
simpleqa-2355,70-30,selection,False
simpleqa-2356,70-30,test,True
simpleqa-2357,70-30,selection,False
simpleqa-2358,70-30,selection,False
simpleqa-2359,70-30,selection,False
simpleqa-236,70-30,test,True
simpleqa-2360,70-30,selection,False
simpleqa-2361,70-30,selection,False
simpleqa-2362,70-30,selection,False
simpleqa-2363,70-30,test,True
simpleqa-2364,70-30,test,True
simpleqa-2365,70-30,selection,False
simpleqa-2366,70-30,selection,False
simpleqa-2367,70-30,selection,False
simpleqa-2368,70-30,test,True
simpleqa-2369,70-30,selection,False
simpleqa-237,70-30,selection,False
simpleqa-2370,70-30,selection,False
simpleqa-2371,70-30,selection,False
simpleqa-2372,70-30,selection,False
simpleqa-2373,70-30,test,True
simpleqa-2374,70-30,selection,False
simpleqa-2375,70-30,selection,False
simpleqa-2376,70-30,selection,False
simpleqa-2377,70-30,selection,False
simpleqa-2378,70-30,selection,False
simpleqa-2379,70-30,selection,False
simpleqa-238,70-30,test,True
simpleqa-2380,70-30,selection,False
simpleqa-2381,70-30,selection,False
simpleqa-2382,70-30,test,True
simpleqa-2383,70-30,selection,False
simpleqa-2384,70-30,selection,False
simpleqa-2385,70-30,selection,False
simpleqa-2386,70-30,selection,False
simpleqa-2387,70-30,test,True
simpleqa-2388,70-30,test,True
simpleqa-2389,70-30,selection,False
simpleqa-239,70-30,test,True
simpleqa-2390,70-30,selection,False
simpleqa-2391,70-30,selection,False
simpleqa-2392,70-30,selection,False
simpleqa-2393,70-30,selection,False
simpleqa-2394,70-30,selection,False
simpleqa-2395,70-30,selection,False
simpleqa-2396,70-30,selection,False
simpleqa-2397,70-30,test,True
simpleqa-2398,70-30,selection,False
simpleqa-2399,70-30,test,True
simpleqa-24,70-30,test,True
simpleqa-240,70-30,test,True
simpleqa-2400,70-30,selection,False
simpleqa-2401,70-30,selection,False
simpleqa-2402,70-30,selection,False
simpleqa-2403,70-30,test,True
simpleqa-2404,70-30,selection,False
simpleqa-2405,70-30,selection,False
simpleqa-2406,70-30,selection,False
simpleqa-2407,70-30,test,True
simpleqa-2408,70-30,selection,False
simpleqa-2409,70-30,test,True
simpleqa-241,70-30,selection,False
simpleqa-2410,70-30,selection,False
simpleqa-2411,70-30,selection,False
simpleqa-2412,70-30,test,True
simpleqa-2413,70-30,test,True
simpleqa-2414,70-30,test,True
simpleqa-2415,70-30,selection,False
simpleqa-2416,70-30,test,True
simpleqa-2417,70-30,test,True
simpleqa-2418,70-30,selection,False
simpleqa-2419,70-30,test,True
simpleqa-242,70-30,selection,False
simpleqa-2420,70-30,selection,False
simpleqa-2421,70-30,selection,False
simpleqa-2422,70-30,selection,False
simpleqa-2423,70-30,selection,False
simpleqa-2424,70-30,selection,False
simpleqa-2425,70-30,selection,False
simpleqa-2426,70-30,selection,False
simpleqa-2427,70-30,selection,False
simpleqa-2428,70-30,selection,False
simpleqa-2429,70-30,selection,False
simpleqa-243,70-30,selection,False
simpleqa-2430,70-30,selection,False
simpleqa-2431,70-30,test,True
simpleqa-2432,70-30,selection,False
simpleqa-2433,70-30,selection,False
simpleqa-2434,70-30,selection,False
simpleqa-2435,70-30,selection,False
simpleqa-2436,70-30,test,True
simpleqa-2437,70-30,selection,False
simpleqa-2438,70-30,selection,False
simpleqa-2439,70-30,selection,False
simpleqa-244,70-30,selection,False
simpleqa-2440,70-30,test,True
simpleqa-2441,70-30,test,True
simpleqa-2442,70-30,selection,False
simpleqa-2443,70-30,selection,False
simpleqa-2444,70-30,selection,False
simpleqa-2445,70-30,test,True
simpleqa-2446,70-30,test,True
simpleqa-2447,70-30,selection,False
simpleqa-2448,70-30,selection,False
simpleqa-2449,70-30,selection,False
simpleqa-245,70-30,selection,False
simpleqa-2450,70-30,selection,False
simpleqa-2451,70-30,test,True
simpleqa-2452,70-30,test,True
simpleqa-2453,70-30,selection,False
simpleqa-2454,70-30,selection,False
simpleqa-2455,70-30,selection,False
simpleqa-2456,70-30,selection,False
simpleqa-2457,70-30,test,True
simpleqa-2458,70-30,test,True
simpleqa-2459,70-30,test,True
simpleqa-246,70-30,test,True
simpleqa-2460,70-30,test,True
simpleqa-2461,70-30,selection,False
simpleqa-2462,70-30,test,True
simpleqa-2463,70-30,test,True
simpleqa-2464,70-30,selection,False
simpleqa-2465,70-30,test,True
simpleqa-2466,70-30,test,True
simpleqa-2467,70-30,selection,False
simpleqa-2468,70-30,test,True
simpleqa-2469,70-30,test,True
simpleqa-247,70-30,selection,False
simpleqa-2470,70-30,selection,False
simpleqa-2471,70-30,test,True
simpleqa-2472,70-30,selection,False
simpleqa-2473,70-30,selection,False
simpleqa-2474,70-30,selection,False
simpleqa-2475,70-30,test,True
simpleqa-2476,70-30,selection,False
simpleqa-2477,70-30,test,True
simpleqa-2478,70-30,selection,False
simpleqa-2479,70-30,selection,False
simpleqa-248,70-30,test,True
simpleqa-2480,70-30,selection,False
simpleqa-2481,70-30,test,True
simpleqa-2482,70-30,selection,False
simpleqa-2483,70-30,selection,False
simpleqa-2484,70-30,selection,False
simpleqa-2485,70-30,test,True
simpleqa-2486,70-30,test,True
simpleqa-2487,70-30,selection,False
simpleqa-2488,70-30,selection,False
simpleqa-2489,70-30,selection,False
simpleqa-249,70-30,test,True
simpleqa-2490,70-30,selection,False
simpleqa-2491,70-30,selection,False
simpleqa-2492,70-30,test,True
simpleqa-2493,70-30,test,True
simpleqa-2494,70-30,selection,False
simpleqa-2495,70-30,selection,False
simpleqa-2496,70-30,selection,False
simpleqa-2497,70-30,selection,False
simpleqa-2498,70-30,test,True
simpleqa-2499,70-30,selection,False
simpleqa-25,70-30,test,True
simpleqa-250,70-30,selection,False
simpleqa-2500,70-30,selection,False
simpleqa-2501,70-30,selection,False
simpleqa-2502,70-30,selection,False
simpleqa-2503,70-30,selection,False
simpleqa-2504,70-30,test,True
simpleqa-2505,70-30,selection,False
simpleqa-2506,70-30,test,True
simpleqa-2507,70-30,test,True
simpleqa-2508,70-30,selection,False
simpleqa-2509,70-30,selection,False
simpleqa-251,70-30,selection,False
simpleqa-2510,70-30,selection,False
simpleqa-2511,70-30,selection,False
simpleqa-2512,70-30,selection,False
simpleqa-2513,70-30,test,True
simpleqa-2514,70-30,selection,False
simpleqa-2515,70-30,test,True
simpleqa-2516,70-30,test,True
simpleqa-2517,70-30,selection,False
simpleqa-2518,70-30,selection,False
simpleqa-2519,70-30,selection,False
simpleqa-252,70-30,selection,False
simpleqa-2520,70-30,test,True
simpleqa-2521,70-30,selection,False
simpleqa-2522,70-30,selection,False
simpleqa-2523,70-30,selection,False
simpleqa-2524,70-30,selection,False
simpleqa-2525,70-30,test,True
simpleqa-2526,70-30,test,True
simpleqa-2527,70-30,test,True
simpleqa-2528,70-30,test,True
simpleqa-2529,70-30,selection,False
simpleqa-253,70-30,test,True
simpleqa-2530,70-30,selection,False
simpleqa-2531,70-30,selection,False
simpleqa-2532,70-30,selection,False
simpleqa-2533,70-30,selection,False
simpleqa-2534,70-30,test,True
simpleqa-2535,70-30,selection,False
simpleqa-2536,70-30,selection,False
simpleqa-2537,70-30,selection,False
simpleqa-2538,70-30,selection,False
simpleqa-2539,70-30,selection,False
simpleqa-254,70-30,test,True
simpleqa-2540,70-30,test,True
simpleqa-2541,70-30,selection,False
simpleqa-2542,70-30,selection,False
simpleqa-2543,70-30,test,True
simpleqa-2544,70-30,test,True
simpleqa-2545,70-30,selection,False
simpleqa-2546,70-30,selection,False
simpleqa-2547,70-30,selection,False
simpleqa-2548,70-30,selection,False
simpleqa-2549,70-30,selection,False
simpleqa-255,70-30,selection,False
simpleqa-2550,70-30,selection,False
simpleqa-2551,70-30,selection,False
simpleqa-2552,70-30,test,True
simpleqa-2553,70-30,selection,False
simpleqa-2554,70-30,selection,False
simpleqa-2555,70-30,selection,False
simpleqa-2556,70-30,selection,False
simpleqa-2557,70-30,test,True
simpleqa-2558,70-30,selection,False
simpleqa-2559,70-30,test,True
simpleqa-256,70-30,test,True
simpleqa-2560,70-30,test,True
simpleqa-2561,70-30,test,True
simpleqa-2562,70-30,selection,False
simpleqa-2563,70-30,selection,False
simpleqa-2564,70-30,test,True
simpleqa-2565,70-30,test,True
simpleqa-2566,70-30,test,True
simpleqa-2567,70-30,test,True
simpleqa-2568,70-30,test,True
simpleqa-2569,70-30,selection,False
simpleqa-257,70-30,selection,False
simpleqa-2570,70-30,selection,False
simpleqa-2571,70-30,selection,False
simpleqa-2572,70-30,selection,False
simpleqa-2573,70-30,test,True
simpleqa-2574,70-30,selection,False
simpleqa-2575,70-30,selection,False
simpleqa-2576,70-30,test,True
simpleqa-2577,70-30,selection,False
simpleqa-2578,70-30,selection,False
simpleqa-2579,70-30,selection,False
simpleqa-258,70-30,test,True
simpleqa-2580,70-30,selection,False
simpleqa-2581,70-30,test,True
simpleqa-2582,70-30,test,True
simpleqa-2583,70-30,selection,False
simpleqa-2584,70-30,test,True
simpleqa-2585,70-30,selection,False
simpleqa-2586,70-30,selection,False
simpleqa-2587,70-30,test,True
simpleqa-2588,70-30,selection,False
simpleqa-2589,70-30,selection,False
simpleqa-259,70-30,selection,False
simpleqa-2590,70-30,selection,False
simpleqa-2591,70-30,selection,False
simpleqa-2592,70-30,test,True
simpleqa-2593,70-30,selection,False
simpleqa-2594,70-30,selection,False
simpleqa-2595,70-30,selection,False
simpleqa-2596,70-30,selection,False
simpleqa-2597,70-30,selection,False
simpleqa-2598,70-30,selection,False
simpleqa-2599,70-30,test,True
simpleqa-26,70-30,selection,False
simpleqa-260,70-30,selection,False
simpleqa-2600,70-30,test,True
simpleqa-2601,70-30,selection,False
simpleqa-2602,70-30,selection,False
simpleqa-2603,70-30,selection,False
simpleqa-2604,70-30,selection,False
simpleqa-2605,70-30,test,True
simpleqa-2606,70-30,selection,False
simpleqa-2607,70-30,selection,False
simpleqa-2608,70-30,selection,False
simpleqa-2609,70-30,test,True
simpleqa-261,70-30,selection,False
simpleqa-2610,70-30,selection,False
simpleqa-2611,70-30,selection,False
simpleqa-2612,70-30,test,True
simpleqa-2613,70-30,selection,False
simpleqa-2614,70-30,selection,False
simpleqa-2615,70-30,selection,False
simpleqa-2616,70-30,selection,False
simpleqa-2617,70-30,selection,False
simpleqa-2618,70-30,test,True
simpleqa-2619,70-30,selection,False
simpleqa-262,70-30,test,True
simpleqa-2620,70-30,test,True
simpleqa-2621,70-30,selection,False
simpleqa-2622,70-30,selection,False
simpleqa-2623,70-30,test,True
simpleqa-2624,70-30,selection,False
simpleqa-2625,70-30,test,True
simpleqa-2626,70-30,selection,False
simpleqa-2627,70-30,test,True
simpleqa-2628,70-30,test,True
simpleqa-2629,70-30,test,True
simpleqa-263,70-30,selection,False
simpleqa-2630,70-30,selection,False
simpleqa-2631,70-30,selection,False
simpleqa-2632,70-30,selection,False
simpleqa-2633,70-30,selection,False
simpleqa-2634,70-30,selection,False
simpleqa-2635,70-30,selection,False
simpleqa-2636,70-30,selection,False
simpleqa-2637,70-30,selection,False
simpleqa-2638,70-30,selection,False
simpleqa-2639,70-30,selection,False
simpleqa-264,70-30,test,True
simpleqa-2640,70-30,selection,False
simpleqa-2641,70-30,selection,False
simpleqa-2642,70-30,selection,False
simpleqa-2643,70-30,selection,False
simpleqa-2644,70-30,selection,False
simpleqa-2645,70-30,selection,False
simpleqa-2646,70-30,selection,False
simpleqa-2647,70-30,selection,False
simpleqa-2648,70-30,selection,False
simpleqa-2649,70-30,test,True
simpleqa-265,70-30,selection,False
simpleqa-2650,70-30,selection,False
simpleqa-2651,70-30,selection,False
simpleqa-2652,70-30,selection,False
simpleqa-2653,70-30,selection,False
simpleqa-2654,70-30,test,True
simpleqa-2655,70-30,test,True
simpleqa-2656,70-30,selection,False
simpleqa-2657,70-30,selection,False
simpleqa-2658,70-30,test,True
simpleqa-2659,70-30,selection,False
simpleqa-266,70-30,selection,False
simpleqa-2660,70-30,selection,False
simpleqa-2661,70-30,selection,False
simpleqa-2662,70-30,selection,False
simpleqa-2663,70-30,selection,False
simpleqa-2664,70-30,test,True
simpleqa-2665,70-30,selection,False
simpleqa-2666,70-30,selection,False
simpleqa-2667,70-30,selection,False
simpleqa-2668,70-30,selection,False
simpleqa-2669,70-30,test,True
simpleqa-267,70-30,test,True
simpleqa-2670,70-30,test,True
simpleqa-2671,70-30,selection,False
simpleqa-2672,70-30,selection,False
simpleqa-2673,70-30,selection,False
simpleqa-2674,70-30,test,True
simpleqa-2675,70-30,selection,False
simpleqa-2676,70-30,selection,False
simpleqa-2677,70-30,test,True
simpleqa-2678,70-30,test,True
simpleqa-2679,70-30,selection,False
simpleqa-268,70-30,selection,False
simpleqa-2680,70-30,test,True
simpleqa-2681,70-30,selection,False
simpleqa-2682,70-30,test,True
simpleqa-2683,70-30,selection,False
simpleqa-2684,70-30,test,True
simpleqa-2685,70-30,selection,False
simpleqa-2686,70-30,test,True
simpleqa-2687,70-30,selection,False
simpleqa-2688,70-30,selection,False
simpleqa-2689,70-30,selection,False
simpleqa-269,70-30,test,True
simpleqa-2690,70-30,test,True
simpleqa-2691,70-30,selection,False
simpleqa-2692,70-30,selection,False
simpleqa-2693,70-30,selection,False
simpleqa-2694,70-30,test,True
simpleqa-2695,70-30,test,True
simpleqa-2696,70-30,selection,False
simpleqa-2697,70-30,selection,False
simpleqa-2698,70-30,test,True
simpleqa-2699,70-30,selection,False
simpleqa-27,70-30,test,True
simpleqa-270,70-30,selection,False
simpleqa-2700,70-30,test,True
simpleqa-2701,70-30,selection,False
simpleqa-2702,70-30,selection,False
simpleqa-2703,70-30,selection,False
simpleqa-2704,70-30,selection,False
simpleqa-2705,70-30,selection,False
simpleqa-2706,70-30,selection,False
simpleqa-2707,70-30,selection,False
simpleqa-2708,70-30,selection,False
simpleqa-2709,70-30,selection,False
simpleqa-271,70-30,selection,False
simpleqa-2710,70-30,selection,False
simpleqa-2711,70-30,test,True
simpleqa-2712,70-30,selection,False
simpleqa-2713,70-30,selection,False
simpleqa-2714,70-30,selection,False
simpleqa-2715,70-30,selection,False
simpleqa-2716,70-30,selection,False
simpleqa-2717,70-30,selection,False
simpleqa-2718,70-30,test,True
simpleqa-2719,70-30,test,True
simpleqa-272,70-30,selection,False
simpleqa-2720,70-30,selection,False
simpleqa-2721,70-30,selection,False
simpleqa-2722,70-30,test,True
simpleqa-2723,70-30,selection,False
simpleqa-2724,70-30,selection,False
simpleqa-2725,70-30,selection,False
simpleqa-2726,70-30,selection,False
simpleqa-2727,70-30,test,True
simpleqa-2728,70-30,selection,False
simpleqa-2729,70-30,selection,False
simpleqa-273,70-30,selection,False
simpleqa-2730,70-30,selection,False
simpleqa-2731,70-30,selection,False
simpleqa-2732,70-30,test,True
simpleqa-2733,70-30,selection,False
simpleqa-2734,70-30,test,True
simpleqa-2735,70-30,selection,False
simpleqa-2736,70-30,selection,False
simpleqa-2737,70-30,test,True
simpleqa-2738,70-30,selection,False
simpleqa-2739,70-30,selection,False
simpleqa-274,70-30,test,True
simpleqa-2740,70-30,selection,False
simpleqa-2741,70-30,selection,False
simpleqa-2742,70-30,selection,False
simpleqa-2743,70-30,test,True
simpleqa-2744,70-30,selection,False
simpleqa-2745,70-30,selection,False
simpleqa-2746,70-30,selection,False
simpleqa-2747,70-30,selection,False
simpleqa-2748,70-30,selection,False
simpleqa-2749,70-30,selection,False
simpleqa-275,70-30,selection,False
simpleqa-2750,70-30,selection,False
simpleqa-2751,70-30,selection,False
simpleqa-2752,70-30,test,True
simpleqa-2753,70-30,test,True
simpleqa-2754,70-30,selection,False
simpleqa-2755,70-30,selection,False
simpleqa-2756,70-30,selection,False
simpleqa-2757,70-30,test,True
simpleqa-2758,70-30,test,True
simpleqa-2759,70-30,test,True
simpleqa-276,70-30,selection,False
simpleqa-2760,70-30,test,True
simpleqa-2761,70-30,selection,False
simpleqa-2762,70-30,test,True
simpleqa-2763,70-30,test,True
simpleqa-2764,70-30,test,True
simpleqa-2765,70-30,test,True
simpleqa-2766,70-30,selection,False
simpleqa-2767,70-30,test,True
simpleqa-2768,70-30,selection,False
simpleqa-2769,70-30,test,True
simpleqa-277,70-30,selection,False
simpleqa-2770,70-30,selection,False
simpleqa-2771,70-30,test,True
simpleqa-2772,70-30,test,True
simpleqa-2773,70-30,selection,False
simpleqa-2774,70-30,selection,False
simpleqa-2775,70-30,test,True
simpleqa-2776,70-30,test,True
simpleqa-2777,70-30,test,True
simpleqa-2778,70-30,test,True
simpleqa-2779,70-30,selection,False
simpleqa-278,70-30,selection,False
simpleqa-2780,70-30,selection,False
simpleqa-2781,70-30,test,True
simpleqa-2782,70-30,test,True
simpleqa-2783,70-30,selection,False
simpleqa-2784,70-30,selection,False
simpleqa-2785,70-30,selection,False
simpleqa-2786,70-30,test,True
simpleqa-2787,70-30,selection,False
simpleqa-2788,70-30,selection,False
simpleqa-2789,70-30,selection,False
simpleqa-279,70-30,selection,False
simpleqa-2790,70-30,test,True
simpleqa-2791,70-30,test,True
simpleqa-2792,70-30,test,True
simpleqa-2793,70-30,selection,False
simpleqa-2794,70-30,selection,False
simpleqa-2795,70-30,selection,False
simpleqa-2796,70-30,test,True
simpleqa-2797,70-30,test,True
simpleqa-2798,70-30,test,True
simpleqa-2799,70-30,selection,False
simpleqa-28,70-30,test,True
simpleqa-280,70-30,selection,False
simpleqa-2800,70-30,selection,False
simpleqa-2801,70-30,selection,False
simpleqa-2802,70-30,test,True
simpleqa-2803,70-30,test,True
simpleqa-2804,70-30,selection,False
simpleqa-2805,70-30,selection,False
simpleqa-2806,70-30,selection,False
simpleqa-2807,70-30,selection,False
simpleqa-2808,70-30,selection,False
simpleqa-2809,70-30,selection,False
simpleqa-281,70-30,selection,False
simpleqa-2810,70-30,selection,False
simpleqa-2811,70-30,test,True
simpleqa-2812,70-30,selection,False
simpleqa-2813,70-30,selection,False
simpleqa-2814,70-30,test,True
simpleqa-2815,70-30,selection,False
simpleqa-2816,70-30,selection,False
simpleqa-2817,70-30,selection,False
simpleqa-2818,70-30,test,True
simpleqa-2819,70-30,selection,False
simpleqa-282,70-30,selection,False
simpleqa-2820,70-30,test,True
simpleqa-2821,70-30,selection,False
simpleqa-2822,70-30,test,True
simpleqa-2823,70-30,selection,False
simpleqa-2824,70-30,selection,False
simpleqa-2825,70-30,selection,False
simpleqa-2826,70-30,test,True
simpleqa-2827,70-30,selection,False
simpleqa-2828,70-30,selection,False
simpleqa-2829,70-30,selection,False
simpleqa-283,70-30,selection,False
simpleqa-2830,70-30,selection,False
simpleqa-2831,70-30,selection,False
simpleqa-2832,70-30,selection,False
simpleqa-2833,70-30,test,True
simpleqa-2834,70-30,selection,False
simpleqa-2835,70-30,test,True
simpleqa-2836,70-30,selection,False
simpleqa-2837,70-30,selection,False
simpleqa-2838,70-30,selection,False
simpleqa-2839,70-30,selection,False
simpleqa-284,70-30,test,True
simpleqa-2840,70-30,selection,False
simpleqa-2841,70-30,selection,False
simpleqa-2842,70-30,selection,False
simpleqa-2843,70-30,selection,False
simpleqa-2844,70-30,test,True
simpleqa-2845,70-30,selection,False
simpleqa-2846,70-30,test,True
simpleqa-2847,70-30,selection,False
simpleqa-2848,70-30,selection,False
simpleqa-2849,70-30,test,True
simpleqa-285,70-30,selection,False
simpleqa-2850,70-30,selection,False
simpleqa-2851,70-30,selection,False
simpleqa-2852,70-30,test,True
simpleqa-2853,70-30,test,True
simpleqa-2854,70-30,selection,False
simpleqa-2855,70-30,selection,False
simpleqa-2856,70-30,selection,False
simpleqa-2857,70-30,selection,False
simpleqa-2858,70-30,test,True
simpleqa-2859,70-30,selection,False
simpleqa-286,70-30,test,True
simpleqa-2860,70-30,selection,False
simpleqa-2861,70-30,selection,False
simpleqa-2862,70-30,test,True
simpleqa-2863,70-30,selection,False
simpleqa-2864,70-30,selection,False
simpleqa-2865,70-30,test,True
simpleqa-2866,70-30,test,True
simpleqa-2867,70-30,test,True
simpleqa-2868,70-30,selection,False
simpleqa-2869,70-30,selection,False
simpleqa-287,70-30,selection,False
simpleqa-2870,70-30,test,True
simpleqa-2871,70-30,test,True
simpleqa-2872,70-30,selection,False
simpleqa-2873,70-30,selection,False
simpleqa-2874,70-30,selection,False
simpleqa-2875,70-30,selection,False
simpleqa-2876,70-30,selection,False
simpleqa-2877,70-30,selection,False
simpleqa-2878,70-30,selection,False
simpleqa-2879,70-30,selection,False
simpleqa-288,70-30,selection,False
simpleqa-2880,70-30,selection,False
simpleqa-2881,70-30,selection,False
simpleqa-2882,70-30,selection,False
simpleqa-2883,70-30,test,True
simpleqa-2884,70-30,selection,False
simpleqa-2885,70-30,selection,False
simpleqa-2886,70-30,selection,False
simpleqa-2887,70-30,selection,False
simpleqa-2888,70-30,selection,False
simpleqa-2889,70-30,test,True
simpleqa-289,70-30,selection,False
simpleqa-2890,70-30,selection,False
simpleqa-2891,70-30,selection,False
simpleqa-2892,70-30,selection,False
simpleqa-2893,70-30,selection,False
simpleqa-2894,70-30,selection,False
simpleqa-2895,70-30,selection,False
simpleqa-2896,70-30,selection,False
simpleqa-2897,70-30,selection,False
simpleqa-2898,70-30,selection,False
simpleqa-2899,70-30,test,True
simpleqa-29,70-30,selection,False
simpleqa-290,70-30,selection,False
simpleqa-2900,70-30,selection,False
simpleqa-2901,70-30,selection,False
simpleqa-2902,70-30,test,True
simpleqa-2903,70-30,selection,False
simpleqa-2904,70-30,selection,False
simpleqa-2905,70-30,selection,False
simpleqa-2906,70-30,selection,False
simpleqa-2907,70-30,selection,False
simpleqa-2908,70-30,test,True
simpleqa-2909,70-30,test,True
simpleqa-291,70-30,selection,False
simpleqa-2910,70-30,test,True
simpleqa-2911,70-30,selection,False
simpleqa-2912,70-30,selection,False
simpleqa-2913,70-30,selection,False
simpleqa-2914,70-30,selection,False
simpleqa-2915,70-30,test,True
simpleqa-2916,70-30,selection,False
simpleqa-2917,70-30,selection,False
simpleqa-2918,70-30,selection,False
simpleqa-2919,70-30,test,True
simpleqa-292,70-30,test,True
simpleqa-2920,70-30,selection,False
simpleqa-2921,70-30,selection,False
simpleqa-2922,70-30,selection,False
simpleqa-2923,70-30,selection,False
simpleqa-2924,70-30,test,True
simpleqa-2925,70-30,selection,False
simpleqa-2926,70-30,selection,False
simpleqa-2927,70-30,test,True
simpleqa-2928,70-30,test,True
simpleqa-2929,70-30,selection,False
simpleqa-293,70-30,selection,False
simpleqa-2930,70-30,test,True
simpleqa-2931,70-30,selection,False
simpleqa-2932,70-30,selection,False
simpleqa-2933,70-30,selection,False
simpleqa-2934,70-30,selection,False
simpleqa-2935,70-30,selection,False
simpleqa-2936,70-30,selection,False
simpleqa-2937,70-30,test,True
simpleqa-2938,70-30,test,True
simpleqa-2939,70-30,selection,False
simpleqa-294,70-30,test,True
simpleqa-2940,70-30,selection,False
simpleqa-2941,70-30,selection,False
simpleqa-2942,70-30,selection,False
simpleqa-2943,70-30,test,True
simpleqa-2944,70-30,selection,False
simpleqa-2945,70-30,selection,False
simpleqa-2946,70-30,selection,False
simpleqa-2947,70-30,test,True
simpleqa-2948,70-30,test,True
simpleqa-2949,70-30,selection,False
simpleqa-295,70-30,test,True
simpleqa-2950,70-30,selection,False
simpleqa-2951,70-30,selection,False
simpleqa-2952,70-30,test,True
simpleqa-2953,70-30,selection,False
simpleqa-2954,70-30,selection,False
simpleqa-2955,70-30,selection,False
simpleqa-2956,70-30,test,True
simpleqa-2957,70-30,selection,False
simpleqa-2958,70-30,selection,False
simpleqa-2959,70-30,test,True
simpleqa-296,70-30,test,True
simpleqa-2960,70-30,selection,False
simpleqa-2961,70-30,test,True
simpleqa-2962,70-30,selection,False
simpleqa-2963,70-30,selection,False
simpleqa-2964,70-30,selection,False
simpleqa-2965,70-30,selection,False
simpleqa-2966,70-30,test,True
simpleqa-2967,70-30,selection,False
simpleqa-2968,70-30,selection,False
simpleqa-2969,70-30,selection,False
simpleqa-297,70-30,selection,False
simpleqa-2970,70-30,test,True
simpleqa-2971,70-30,selection,False
simpleqa-2972,70-30,selection,False
simpleqa-2973,70-30,selection,False
simpleqa-2974,70-30,test,True
simpleqa-2975,70-30,selection,False
simpleqa-2976,70-30,selection,False
simpleqa-2977,70-30,test,True
simpleqa-2978,70-30,selection,False
simpleqa-2979,70-30,selection,False
simpleqa-298,70-30,selection,False
simpleqa-2980,70-30,selection,False
simpleqa-2981,70-30,test,True
simpleqa-2982,70-30,selection,False
simpleqa-2983,70-30,test,True
simpleqa-2984,70-30,selection,False
simpleqa-2985,70-30,selection,False
simpleqa-2986,70-30,selection,False
simpleqa-2987,70-30,selection,False
simpleqa-2988,70-30,selection,False
simpleqa-2989,70-30,test,True
simpleqa-299,70-30,selection,False
simpleqa-2990,70-30,test,True
simpleqa-2991,70-30,selection,False
simpleqa-2992,70-30,selection,False
simpleqa-2993,70-30,selection,False
simpleqa-2994,70-30,selection,False
simpleqa-2995,70-30,selection,False
simpleqa-2996,70-30,selection,False
simpleqa-2997,70-30,selection,False
simpleqa-2998,70-30,selection,False
simpleqa-2999,70-30,selection,False
simpleqa-3,70-30,selection,False
simpleqa-30,70-30,selection,False
simpleqa-300,70-30,selection,False
simpleqa-3000,70-30,selection,False
simpleqa-3001,70-30,selection,False
simpleqa-3002,70-30,selection,False
simpleqa-3003,70-30,selection,False
simpleqa-3004,70-30,selection,False
simpleqa-3005,70-30,test,True
simpleqa-3006,70-30,test,True
simpleqa-3007,70-30,selection,False
simpleqa-3008,70-30,selection,False
simpleqa-3009,70-30,selection,False
simpleqa-301,70-30,selection,False
simpleqa-3010,70-30,test,True
simpleqa-3011,70-30,selection,False
simpleqa-3012,70-30,selection,False
simpleqa-3013,70-30,test,True
simpleqa-3014,70-30,selection,False
simpleqa-3015,70-30,test,True
simpleqa-3016,70-30,test,True
simpleqa-3017,70-30,selection,False
simpleqa-3018,70-30,selection,False
simpleqa-3019,70-30,test,True
simpleqa-302,70-30,selection,False
simpleqa-3020,70-30,selection,False
simpleqa-3021,70-30,selection,False
simpleqa-3022,70-30,selection,False
simpleqa-3023,70-30,selection,False
simpleqa-3024,70-30,selection,False
simpleqa-3025,70-30,selection,False
simpleqa-3026,70-30,selection,False
simpleqa-3027,70-30,selection,False
simpleqa-3028,70-30,selection,False
simpleqa-3029,70-30,test,True
simpleqa-303,70-30,selection,False
simpleqa-3030,70-30,selection,False
simpleqa-3031,70-30,test,True
simpleqa-3032,70-30,selection,False
simpleqa-3033,70-30,selection,False
simpleqa-3034,70-30,test,True
simpleqa-3035,70-30,test,True
simpleqa-3036,70-30,selection,False
simpleqa-3037,70-30,selection,False
simpleqa-3038,70-30,selection,False
simpleqa-3039,70-30,selection,False
simpleqa-304,70-30,selection,False
simpleqa-3040,70-30,selection,False
simpleqa-3041,70-30,selection,False
simpleqa-3042,70-30,selection,False
simpleqa-3043,70-30,selection,False
simpleqa-3044,70-30,selection,False
simpleqa-3045,70-30,test,True
simpleqa-3046,70-30,selection,False
simpleqa-3047,70-30,selection,False
simpleqa-3048,70-30,selection,False
simpleqa-3049,70-30,selection,False
simpleqa-305,70-30,test,True
simpleqa-3050,70-30,test,True
simpleqa-3051,70-30,test,True
simpleqa-3052,70-30,selection,False
simpleqa-3053,70-30,selection,False
simpleqa-3054,70-30,selection,False
simpleqa-3055,70-30,selection,False
simpleqa-3056,70-30,test,True
simpleqa-3057,70-30,test,True
simpleqa-3058,70-30,selection,False
simpleqa-3059,70-30,selection,False
simpleqa-306,70-30,selection,False
simpleqa-3060,70-30,selection,False
simpleqa-3061,70-30,selection,False
simpleqa-3062,70-30,test,True
simpleqa-3063,70-30,test,True
simpleqa-3064,70-30,selection,False
simpleqa-3065,70-30,test,True
simpleqa-3066,70-30,test,True
simpleqa-3067,70-30,selection,False
simpleqa-3068,70-30,selection,False
simpleqa-3069,70-30,selection,False
simpleqa-307,70-30,selection,False
simpleqa-3070,70-30,selection,False
simpleqa-3071,70-30,selection,False
simpleqa-3072,70-30,selection,False
simpleqa-3073,70-30,selection,False
simpleqa-3074,70-30,test,True
simpleqa-3075,70-30,selection,False
simpleqa-3076,70-30,selection,False
simpleqa-3077,70-30,selection,False
simpleqa-3078,70-30,selection,False
simpleqa-3079,70-30,selection,False
simpleqa-308,70-30,selection,False
simpleqa-3080,70-30,test,True
simpleqa-3081,70-30,test,True
simpleqa-3082,70-30,selection,False
simpleqa-3083,70-30,selection,False
simpleqa-3084,70-30,selection,False
simpleqa-3085,70-30,selection,False
simpleqa-3086,70-30,test,True
simpleqa-3087,70-30,selection,False
simpleqa-3088,70-30,selection,False
simpleqa-3089,70-30,selection,False
simpleqa-309,70-30,selection,False
simpleqa-3090,70-30,test,True
simpleqa-3091,70-30,test,True
simpleqa-3092,70-30,test,True
simpleqa-3093,70-30,test,True
simpleqa-3094,70-30,test,True
simpleqa-3095,70-30,test,True
simpleqa-3096,70-30,test,True
simpleqa-3097,70-30,selection,False
simpleqa-3098,70-30,test,True
simpleqa-3099,70-30,selection,False
simpleqa-31,70-30,test,True
simpleqa-310,70-30,selection,False
simpleqa-3100,70-30,selection,False
simpleqa-3101,70-30,test,True
simpleqa-3102,70-30,selection,False
simpleqa-3103,70-30,selection,False
simpleqa-3104,70-30,selection,False
simpleqa-3105,70-30,selection,False
simpleqa-3106,70-30,test,True
simpleqa-3107,70-30,selection,False
simpleqa-3108,70-30,selection,False
simpleqa-3109,70-30,selection,False
simpleqa-311,70-30,test,True
simpleqa-3110,70-30,selection,False
simpleqa-3111,70-30,selection,False
simpleqa-3112,70-30,test,True
simpleqa-3113,70-30,selection,False
simpleqa-3114,70-30,selection,False
simpleqa-3115,70-30,test,True
simpleqa-3116,70-30,selection,False
simpleqa-3117,70-30,selection,False
simpleqa-3118,70-30,test,True
simpleqa-3119,70-30,test,True
simpleqa-312,70-30,test,True
simpleqa-3120,70-30,selection,False
simpleqa-3121,70-30,test,True
simpleqa-3122,70-30,selection,False
simpleqa-3123,70-30,test,True
simpleqa-3124,70-30,test,True
simpleqa-3125,70-30,selection,False
simpleqa-3126,70-30,test,True
simpleqa-3127,70-30,test,True
simpleqa-3128,70-30,selection,False
simpleqa-3129,70-30,selection,False
simpleqa-313,70-30,selection,False
simpleqa-3130,70-30,selection,False
simpleqa-3131,70-30,selection,False
simpleqa-3132,70-30,selection,False
simpleqa-3133,70-30,selection,False
simpleqa-3134,70-30,test,True
simpleqa-3135,70-30,selection,False
simpleqa-3136,70-30,selection,False
simpleqa-3137,70-30,selection,False
simpleqa-3138,70-30,test,True
simpleqa-3139,70-30,test,True
simpleqa-314,70-30,selection,False
simpleqa-3140,70-30,test,True
simpleqa-3141,70-30,selection,False
simpleqa-3142,70-30,test,True
simpleqa-3143,70-30,selection,False
simpleqa-3144,70-30,test,True
simpleqa-3145,70-30,selection,False
simpleqa-3146,70-30,selection,False
simpleqa-3147,70-30,selection,False
simpleqa-3148,70-30,test,True
simpleqa-3149,70-30,selection,False
simpleqa-315,70-30,test,True
simpleqa-3150,70-30,selection,False
simpleqa-3151,70-30,test,True
simpleqa-3152,70-30,test,True
simpleqa-3153,70-30,selection,False
simpleqa-3154,70-30,selection,False
simpleqa-3155,70-30,test,True
simpleqa-3156,70-30,selection,False
simpleqa-3157,70-30,selection,False
simpleqa-3158,70-30,selection,False
simpleqa-3159,70-30,test,True
simpleqa-316,70-30,test,True
simpleqa-3160,70-30,selection,False
simpleqa-3161,70-30,selection,False
simpleqa-3162,70-30,selection,False
simpleqa-3163,70-30,selection,False
simpleqa-3164,70-30,test,True
simpleqa-3165,70-30,selection,False
simpleqa-3166,70-30,selection,False
simpleqa-3167,70-30,test,True
simpleqa-3168,70-30,test,True
simpleqa-3169,70-30,test,True
simpleqa-317,70-30,test,True
simpleqa-3170,70-30,selection,False
simpleqa-3171,70-30,test,True
simpleqa-3172,70-30,selection,False
simpleqa-3173,70-30,selection,False
simpleqa-3174,70-30,test,True
simpleqa-3175,70-30,selection,False
simpleqa-3176,70-30,selection,False
simpleqa-3177,70-30,test,True
simpleqa-3178,70-30,selection,False
simpleqa-3179,70-30,test,True
simpleqa-318,70-30,test,True
simpleqa-3180,70-30,test,True
simpleqa-3181,70-30,test,True
simpleqa-3182,70-30,test,True
simpleqa-3183,70-30,selection,False
simpleqa-3184,70-30,selection,False
simpleqa-3185,70-30,selection,False
simpleqa-3186,70-30,selection,False
simpleqa-3187,70-30,selection,False
simpleqa-3188,70-30,test,True
simpleqa-3189,70-30,selection,False
simpleqa-319,70-30,test,True
simpleqa-3190,70-30,test,True
simpleqa-3191,70-30,selection,False
simpleqa-3192,70-30,selection,False
simpleqa-3193,70-30,selection,False
simpleqa-3194,70-30,selection,False
simpleqa-3195,70-30,selection,False
simpleqa-3196,70-30,test,True
simpleqa-3197,70-30,selection,False
simpleqa-3198,70-30,test,True
simpleqa-3199,70-30,test,True
simpleqa-32,70-30,selection,False
simpleqa-320,70-30,selection,False
simpleqa-3200,70-30,test,True
simpleqa-3201,70-30,test,True
simpleqa-3202,70-30,selection,False
simpleqa-3203,70-30,test,True
simpleqa-3204,70-30,selection,False
simpleqa-3205,70-30,selection,False
simpleqa-3206,70-30,selection,False
simpleqa-3207,70-30,selection,False
simpleqa-3208,70-30,test,True
simpleqa-3209,70-30,selection,False
simpleqa-321,70-30,selection,False
simpleqa-3210,70-30,test,True
simpleqa-3211,70-30,test,True
simpleqa-3212,70-30,selection,False
simpleqa-3213,70-30,selection,False
simpleqa-3214,70-30,test,True
simpleqa-3215,70-30,selection,False
simpleqa-3216,70-30,test,True
simpleqa-3217,70-30,selection,False
simpleqa-3218,70-30,selection,False
simpleqa-3219,70-30,selection,False
simpleqa-322,70-30,test,True
simpleqa-3220,70-30,test,True
simpleqa-3221,70-30,selection,False
simpleqa-3222,70-30,selection,False
simpleqa-3223,70-30,selection,False
simpleqa-3224,70-30,test,True
simpleqa-3225,70-30,selection,False
simpleqa-3226,70-30,selection,False
simpleqa-3227,70-30,selection,False
simpleqa-3228,70-30,selection,False
simpleqa-3229,70-30,selection,False
simpleqa-323,70-30,test,True
simpleqa-3230,70-30,selection,False
simpleqa-3231,70-30,test,True
simpleqa-3232,70-30,selection,False
simpleqa-3233,70-30,selection,False
simpleqa-3234,70-30,selection,False
simpleqa-3235,70-30,test,True
simpleqa-3236,70-30,selection,False
simpleqa-3237,70-30,selection,False
simpleqa-3238,70-30,selection,False
simpleqa-3239,70-30,test,True
simpleqa-324,70-30,selection,False
simpleqa-3240,70-30,selection,False
simpleqa-3241,70-30,selection,False
simpleqa-3242,70-30,selection,False
simpleqa-3243,70-30,selection,False
simpleqa-3244,70-30,selection,False
simpleqa-3245,70-30,test,True
simpleqa-3246,70-30,test,True
simpleqa-3247,70-30,selection,False
simpleqa-3248,70-30,test,True
simpleqa-3249,70-30,selection,False
simpleqa-325,70-30,selection,False
simpleqa-3250,70-30,test,True
simpleqa-3251,70-30,selection,False
simpleqa-3252,70-30,selection,False
simpleqa-3253,70-30,test,True
simpleqa-3254,70-30,test,True
simpleqa-3255,70-30,test,True
simpleqa-3256,70-30,test,True
simpleqa-3257,70-30,selection,False
simpleqa-3258,70-30,selection,False
simpleqa-3259,70-30,selection,False
simpleqa-326,70-30,test,True
simpleqa-3260,70-30,selection,False
simpleqa-3261,70-30,selection,False
simpleqa-3262,70-30,test,True
simpleqa-3263,70-30,selection,False
simpleqa-3264,70-30,test,True
simpleqa-3265,70-30,selection,False
simpleqa-3266,70-30,test,True
simpleqa-3267,70-30,test,True
simpleqa-3268,70-30,selection,False
simpleqa-3269,70-30,test,True
simpleqa-327,70-30,test,True
simpleqa-3270,70-30,selection,False
simpleqa-3271,70-30,selection,False
simpleqa-3272,70-30,test,True
simpleqa-3273,70-30,selection,False
simpleqa-3274,70-30,test,True
simpleqa-3275,70-30,test,True
simpleqa-3276,70-30,test,True
simpleqa-3277,70-30,selection,False
simpleqa-3278,70-30,test,True
simpleqa-3279,70-30,test,True
simpleqa-328,70-30,test,True
simpleqa-3280,70-30,selection,False
simpleqa-3281,70-30,selection,False
simpleqa-3282,70-30,selection,False
simpleqa-3283,70-30,selection,False
simpleqa-3284,70-30,selection,False
simpleqa-3285,70-30,selection,False
simpleqa-3286,70-30,selection,False
simpleqa-3287,70-30,test,True
simpleqa-3288,70-30,selection,False
simpleqa-3289,70-30,selection,False
simpleqa-329,70-30,test,True
simpleqa-3290,70-30,test,True
simpleqa-3291,70-30,selection,False
simpleqa-3292,70-30,selection,False
simpleqa-3293,70-30,selection,False
simpleqa-3294,70-30,test,True
simpleqa-3295,70-30,selection,False
simpleqa-3296,70-30,selection,False
simpleqa-3297,70-30,selection,False
simpleqa-3298,70-30,selection,False
simpleqa-3299,70-30,selection,False
simpleqa-33,70-30,test,True
simpleqa-330,70-30,selection,False
simpleqa-3300,70-30,selection,False
simpleqa-3301,70-30,test,True
simpleqa-3302,70-30,selection,False
simpleqa-3303,70-30,selection,False
simpleqa-3304,70-30,test,True
simpleqa-3305,70-30,selection,False
simpleqa-3306,70-30,selection,False
simpleqa-3307,70-30,selection,False
simpleqa-3308,70-30,selection,False
simpleqa-3309,70-30,selection,False
simpleqa-331,70-30,selection,False
simpleqa-3310,70-30,test,True
simpleqa-3311,70-30,selection,False
simpleqa-3312,70-30,test,True
simpleqa-3313,70-30,test,True
simpleqa-3314,70-30,selection,False
simpleqa-3315,70-30,selection,False
simpleqa-3316,70-30,selection,False
simpleqa-3317,70-30,selection,False
simpleqa-3318,70-30,selection,False
simpleqa-3319,70-30,selection,False
simpleqa-332,70-30,selection,False
simpleqa-3320,70-30,selection,False
simpleqa-3321,70-30,selection,False
simpleqa-3322,70-30,selection,False
simpleqa-3323,70-30,selection,False
simpleqa-3324,70-30,selection,False
simpleqa-3325,70-30,selection,False
simpleqa-3326,70-30,selection,False
simpleqa-3327,70-30,selection,False
simpleqa-3328,70-30,test,True
simpleqa-3329,70-30,selection,False
simpleqa-333,70-30,selection,False
simpleqa-3330,70-30,selection,False
simpleqa-3331,70-30,selection,False
simpleqa-3332,70-30,test,True
simpleqa-3333,70-30,test,True
simpleqa-3334,70-30,selection,False
simpleqa-3335,70-30,selection,False
simpleqa-3336,70-30,selection,False
simpleqa-3337,70-30,selection,False
simpleqa-3338,70-30,test,True
simpleqa-3339,70-30,selection,False
simpleqa-334,70-30,selection,False
simpleqa-3340,70-30,selection,False
simpleqa-3341,70-30,selection,False
simpleqa-3342,70-30,test,True
simpleqa-3343,70-30,selection,False
simpleqa-3344,70-30,selection,False
simpleqa-3345,70-30,selection,False
simpleqa-3346,70-30,selection,False
simpleqa-3347,70-30,selection,False
simpleqa-3348,70-30,selection,False
simpleqa-3349,70-30,selection,False
simpleqa-335,70-30,selection,False
simpleqa-3350,70-30,selection,False
simpleqa-3351,70-30,test,True
simpleqa-3352,70-30,selection,False
simpleqa-3353,70-30,selection,False
simpleqa-3354,70-30,selection,False
simpleqa-3355,70-30,selection,False
simpleqa-3356,70-30,selection,False
simpleqa-3357,70-30,selection,False
simpleqa-3358,70-30,selection,False
simpleqa-3359,70-30,selection,False
simpleqa-336,70-30,test,True
simpleqa-3360,70-30,selection,False
simpleqa-3361,70-30,selection,False
simpleqa-3362,70-30,selection,False
simpleqa-3363,70-30,selection,False
simpleqa-3364,70-30,selection,False
simpleqa-3365,70-30,selection,False
simpleqa-3366,70-30,selection,False
simpleqa-3367,70-30,selection,False
simpleqa-3368,70-30,selection,False
simpleqa-3369,70-30,selection,False
simpleqa-337,70-30,test,True
simpleqa-3370,70-30,test,True
simpleqa-3371,70-30,test,True
simpleqa-3372,70-30,selection,False
simpleqa-3373,70-30,selection,False
simpleqa-3374,70-30,test,True
simpleqa-3375,70-30,test,True
simpleqa-3376,70-30,selection,False
simpleqa-3377,70-30,selection,False
simpleqa-3378,70-30,selection,False
simpleqa-3379,70-30,selection,False
simpleqa-338,70-30,selection,False
simpleqa-3380,70-30,test,True
simpleqa-3381,70-30,selection,False
simpleqa-3382,70-30,test,True
simpleqa-3383,70-30,selection,False
simpleqa-3384,70-30,selection,False
simpleqa-3385,70-30,selection,False
simpleqa-3386,70-30,selection,False
simpleqa-3387,70-30,selection,False
simpleqa-3388,70-30,selection,False
simpleqa-3389,70-30,selection,False
simpleqa-339,70-30,selection,False
simpleqa-3390,70-30,test,True
simpleqa-3391,70-30,selection,False
simpleqa-3392,70-30,selection,False
simpleqa-3393,70-30,selection,False
simpleqa-3394,70-30,selection,False
simpleqa-3395,70-30,selection,False
simpleqa-3396,70-30,test,True
simpleqa-3397,70-30,selection,False
simpleqa-3398,70-30,selection,False
simpleqa-3399,70-30,selection,False
simpleqa-34,70-30,selection,False
simpleqa-340,70-30,selection,False
simpleqa-3400,70-30,selection,False
simpleqa-3401,70-30,test,True
simpleqa-3402,70-30,selection,False
simpleqa-3403,70-30,selection,False
simpleqa-3404,70-30,selection,False
simpleqa-3405,70-30,selection,False
simpleqa-3406,70-30,selection,False
simpleqa-3407,70-30,selection,False
simpleqa-3408,70-30,selection,False
simpleqa-3409,70-30,test,True
simpleqa-341,70-30,test,True
simpleqa-3410,70-30,test,True
simpleqa-3411,70-30,selection,False
simpleqa-3412,70-30,test,True
simpleqa-3413,70-30,test,True
simpleqa-3414,70-30,selection,False
simpleqa-3415,70-30,test,True
simpleqa-3416,70-30,selection,False
simpleqa-3417,70-30,test,True
simpleqa-3418,70-30,selection,False
simpleqa-3419,70-30,selection,False
simpleqa-342,70-30,test,True
simpleqa-3420,70-30,test,True
simpleqa-3421,70-30,selection,False
simpleqa-3422,70-30,selection,False
simpleqa-3423,70-30,selection,False
simpleqa-3424,70-30,selection,False
simpleqa-3425,70-30,selection,False
simpleqa-3426,70-30,selection,False
simpleqa-3427,70-30,selection,False
simpleqa-3428,70-30,selection,False
simpleqa-3429,70-30,selection,False
simpleqa-343,70-30,selection,False
simpleqa-3430,70-30,selection,False
simpleqa-3431,70-30,selection,False
simpleqa-3432,70-30,selection,False
simpleqa-3433,70-30,selection,False
simpleqa-3434,70-30,selection,False
simpleqa-3435,70-30,selection,False
simpleqa-3436,70-30,selection,False
simpleqa-3437,70-30,selection,False
simpleqa-3438,70-30,selection,False
simpleqa-3439,70-30,test,True
simpleqa-344,70-30,selection,False
simpleqa-3440,70-30,selection,False
simpleqa-3441,70-30,test,True
simpleqa-3442,70-30,test,True
simpleqa-3443,70-30,selection,False
simpleqa-3444,70-30,selection,False
simpleqa-3445,70-30,test,True
simpleqa-3446,70-30,test,True
simpleqa-3447,70-30,test,True
simpleqa-3448,70-30,selection,False
simpleqa-3449,70-30,test,True
simpleqa-345,70-30,test,True
simpleqa-3450,70-30,selection,False
simpleqa-3451,70-30,test,True
simpleqa-3452,70-30,selection,False
simpleqa-3453,70-30,selection,False
simpleqa-3454,70-30,selection,False
simpleqa-3455,70-30,test,True
simpleqa-3456,70-30,selection,False
simpleqa-3457,70-30,selection,False
simpleqa-3458,70-30,selection,False
simpleqa-3459,70-30,selection,False
simpleqa-346,70-30,test,True
simpleqa-3460,70-30,selection,False
simpleqa-3461,70-30,selection,False
simpleqa-3462,70-30,selection,False
simpleqa-3463,70-30,selection,False
simpleqa-3464,70-30,selection,False
simpleqa-3465,70-30,selection,False
simpleqa-3466,70-30,selection,False
simpleqa-3467,70-30,selection,False
simpleqa-3468,70-30,selection,False
simpleqa-3469,70-30,selection,False
simpleqa-347,70-30,selection,False
simpleqa-3470,70-30,selection,False
simpleqa-3471,70-30,selection,False
simpleqa-3472,70-30,selection,False
simpleqa-3473,70-30,selection,False
simpleqa-3474,70-30,selection,False
simpleqa-3475,70-30,selection,False
simpleqa-3476,70-30,selection,False
simpleqa-3477,70-30,test,True
simpleqa-3478,70-30,test,True
simpleqa-3479,70-30,selection,False
simpleqa-348,70-30,selection,False
simpleqa-3480,70-30,selection,False
simpleqa-3481,70-30,selection,False
simpleqa-3482,70-30,test,True
simpleqa-3483,70-30,selection,False
simpleqa-3484,70-30,selection,False
simpleqa-3485,70-30,test,True
simpleqa-3486,70-30,test,True
simpleqa-3487,70-30,selection,False
simpleqa-3488,70-30,selection,False
simpleqa-3489,70-30,selection,False
simpleqa-349,70-30,selection,False
simpleqa-3490,70-30,selection,False
simpleqa-3491,70-30,selection,False
simpleqa-3492,70-30,test,True
simpleqa-3493,70-30,selection,False
simpleqa-3494,70-30,test,True
simpleqa-3495,70-30,test,True
simpleqa-3496,70-30,selection,False
simpleqa-3497,70-30,selection,False
simpleqa-3498,70-30,selection,False
simpleqa-3499,70-30,selection,False
simpleqa-35,70-30,test,True
simpleqa-350,70-30,test,True
simpleqa-3500,70-30,selection,False
simpleqa-3501,70-30,selection,False
simpleqa-3502,70-30,selection,False
simpleqa-3503,70-30,test,True
simpleqa-3504,70-30,test,True
simpleqa-3505,70-30,selection,False
simpleqa-3506,70-30,selection,False
simpleqa-3507,70-30,test,True
simpleqa-3508,70-30,selection,False
simpleqa-3509,70-30,selection,False
simpleqa-351,70-30,selection,False
simpleqa-3510,70-30,selection,False
simpleqa-3511,70-30,selection,False
simpleqa-3512,70-30,selection,False
simpleqa-3513,70-30,test,True
simpleqa-3514,70-30,selection,False
simpleqa-3515,70-30,selection,False
simpleqa-3516,70-30,test,True
simpleqa-3517,70-30,test,True
simpleqa-3518,70-30,test,True
simpleqa-3519,70-30,selection,False
simpleqa-352,70-30,selection,False
simpleqa-3520,70-30,selection,False
simpleqa-3521,70-30,test,True
simpleqa-3522,70-30,selection,False
simpleqa-3523,70-30,test,True
simpleqa-3524,70-30,test,True
simpleqa-3525,70-30,selection,False
simpleqa-3526,70-30,selection,False
simpleqa-3527,70-30,test,True
simpleqa-3528,70-30,selection,False
simpleqa-3529,70-30,selection,False
simpleqa-353,70-30,selection,False
simpleqa-3530,70-30,selection,False
simpleqa-3531,70-30,selection,False
simpleqa-3532,70-30,selection,False
simpleqa-3533,70-30,selection,False
simpleqa-3534,70-30,selection,False
simpleqa-3535,70-30,test,True
simpleqa-3536,70-30,selection,False
simpleqa-3537,70-30,selection,False
simpleqa-3538,70-30,selection,False
simpleqa-3539,70-30,test,True
simpleqa-354,70-30,selection,False
simpleqa-3540,70-30,test,True
simpleqa-3541,70-30,test,True
simpleqa-3542,70-30,selection,False
simpleqa-3543,70-30,selection,False
simpleqa-3544,70-30,selection,False
simpleqa-3545,70-30,selection,False
simpleqa-3546,70-30,test,True
simpleqa-3547,70-30,test,True
simpleqa-3548,70-30,test,True
simpleqa-3549,70-30,selection,False
simpleqa-355,70-30,selection,False
simpleqa-3550,70-30,test,True
simpleqa-3551,70-30,selection,False
simpleqa-3552,70-30,test,True
simpleqa-3553,70-30,test,True
simpleqa-3554,70-30,selection,False
simpleqa-3555,70-30,selection,False
simpleqa-3556,70-30,selection,False
simpleqa-3557,70-30,selection,False
simpleqa-3558,70-30,selection,False
simpleqa-3559,70-30,test,True
simpleqa-356,70-30,test,True
simpleqa-3560,70-30,selection,False
simpleqa-3561,70-30,selection,False
simpleqa-3562,70-30,selection,False
simpleqa-3563,70-30,selection,False
simpleqa-3564,70-30,selection,False
simpleqa-3565,70-30,selection,False
simpleqa-3566,70-30,selection,False
simpleqa-3567,70-30,selection,False
simpleqa-3568,70-30,selection,False
simpleqa-3569,70-30,test,True
simpleqa-357,70-30,selection,False
simpleqa-3570,70-30,selection,False
simpleqa-3571,70-30,test,True
simpleqa-3572,70-30,selection,False
simpleqa-3573,70-30,selection,False
simpleqa-3574,70-30,test,True
simpleqa-3575,70-30,selection,False
simpleqa-3576,70-30,selection,False
simpleqa-3577,70-30,selection,False
simpleqa-3578,70-30,test,True
simpleqa-3579,70-30,selection,False
simpleqa-358,70-30,selection,False
simpleqa-3580,70-30,selection,False
simpleqa-3581,70-30,selection,False
simpleqa-3582,70-30,test,True
simpleqa-3583,70-30,selection,False
simpleqa-3584,70-30,selection,False
simpleqa-3585,70-30,test,True
simpleqa-3586,70-30,test,True
simpleqa-3587,70-30,selection,False
simpleqa-3588,70-30,selection,False
simpleqa-3589,70-30,selection,False
simpleqa-359,70-30,selection,False
simpleqa-3590,70-30,selection,False
simpleqa-3591,70-30,test,True
simpleqa-3592,70-30,selection,False
simpleqa-3593,70-30,selection,False
simpleqa-3594,70-30,selection,False
simpleqa-3595,70-30,test,True
simpleqa-3596,70-30,selection,False
simpleqa-3597,70-30,selection,False
simpleqa-3598,70-30,test,True
simpleqa-3599,70-30,selection,False
simpleqa-36,70-30,selection,False
simpleqa-360,70-30,selection,False
simpleqa-3600,70-30,selection,False
simpleqa-3601,70-30,selection,False
simpleqa-3602,70-30,selection,False
simpleqa-3603,70-30,selection,False
simpleqa-3604,70-30,test,True
simpleqa-3605,70-30,selection,False
simpleqa-3606,70-30,selection,False
simpleqa-3607,70-30,selection,False
simpleqa-3608,70-30,selection,False
simpleqa-3609,70-30,test,True
simpleqa-361,70-30,test,True
simpleqa-3610,70-30,selection,False
simpleqa-3611,70-30,selection,False
simpleqa-3612,70-30,selection,False
simpleqa-3613,70-30,selection,False
simpleqa-3614,70-30,selection,False
simpleqa-3615,70-30,selection,False
simpleqa-3616,70-30,selection,False
simpleqa-3617,70-30,test,True
simpleqa-3618,70-30,test,True
simpleqa-3619,70-30,selection,False
simpleqa-362,70-30,selection,False
simpleqa-3620,70-30,selection,False
simpleqa-3621,70-30,selection,False
simpleqa-3622,70-30,test,True
simpleqa-3623,70-30,selection,False
simpleqa-3624,70-30,selection,False
simpleqa-3625,70-30,selection,False
simpleqa-3626,70-30,selection,False
simpleqa-3627,70-30,selection,False
simpleqa-3628,70-30,test,True
simpleqa-3629,70-30,selection,False
simpleqa-363,70-30,selection,False
simpleqa-3630,70-30,test,True
simpleqa-3631,70-30,selection,False
simpleqa-3632,70-30,selection,False
simpleqa-3633,70-30,selection,False
simpleqa-3634,70-30,selection,False
simpleqa-3635,70-30,selection,False
simpleqa-3636,70-30,selection,False
simpleqa-3637,70-30,test,True
simpleqa-3638,70-30,test,True
simpleqa-3639,70-30,selection,False
simpleqa-364,70-30,selection,False
simpleqa-3640,70-30,test,True
simpleqa-3641,70-30,test,True
simpleqa-3642,70-30,selection,False
simpleqa-3643,70-30,selection,False
simpleqa-3644,70-30,selection,False
simpleqa-3645,70-30,selection,False
simpleqa-3646,70-30,selection,False
simpleqa-3647,70-30,selection,False
simpleqa-3648,70-30,selection,False
simpleqa-3649,70-30,selection,False
simpleqa-365,70-30,selection,False
simpleqa-3650,70-30,selection,False
simpleqa-3651,70-30,selection,False
simpleqa-3652,70-30,selection,False
simpleqa-3653,70-30,selection,False
simpleqa-3654,70-30,selection,False
simpleqa-3655,70-30,selection,False
simpleqa-3656,70-30,selection,False
simpleqa-3657,70-30,selection,False
simpleqa-3658,70-30,selection,False
simpleqa-3659,70-30,test,True
simpleqa-366,70-30,test,True
simpleqa-3660,70-30,selection,False
simpleqa-3661,70-30,selection,False
simpleqa-3662,70-30,selection,False
simpleqa-3663,70-30,selection,False
simpleqa-3664,70-30,selection,False
simpleqa-3665,70-30,selection,False
simpleqa-3666,70-30,selection,False
simpleqa-3667,70-30,test,True
simpleqa-3668,70-30,selection,False
simpleqa-3669,70-30,selection,False
simpleqa-367,70-30,selection,False
simpleqa-3670,70-30,selection,False
simpleqa-3671,70-30,selection,False
simpleqa-3672,70-30,selection,False
simpleqa-3673,70-30,selection,False
simpleqa-3674,70-30,selection,False
simpleqa-3675,70-30,selection,False
simpleqa-3676,70-30,selection,False
simpleqa-3677,70-30,selection,False
simpleqa-3678,70-30,selection,False
simpleqa-3679,70-30,selection,False
simpleqa-368,70-30,selection,False
simpleqa-3680,70-30,selection,False
simpleqa-3681,70-30,selection,False
simpleqa-3682,70-30,selection,False
simpleqa-3683,70-30,selection,False
simpleqa-3684,70-30,selection,False
simpleqa-3685,70-30,selection,False
simpleqa-3686,70-30,selection,False
simpleqa-3687,70-30,selection,False
simpleqa-3688,70-30,selection,False
simpleqa-3689,70-30,selection,False
simpleqa-369,70-30,test,True
simpleqa-3690,70-30,selection,False
simpleqa-3691,70-30,test,True
simpleqa-3692,70-30,selection,False
simpleqa-3693,70-30,selection,False
simpleqa-3694,70-30,selection,False
simpleqa-3695,70-30,selection,False
simpleqa-3696,70-30,selection,False
simpleqa-3697,70-30,selection,False
simpleqa-3698,70-30,test,True
simpleqa-3699,70-30,selection,False
simpleqa-37,70-30,selection,False
simpleqa-370,70-30,test,True
simpleqa-3700,70-30,selection,False
simpleqa-3701,70-30,selection,False
simpleqa-3702,70-30,selection,False
simpleqa-3703,70-30,test,True
simpleqa-3704,70-30,test,True
simpleqa-3705,70-30,test,True
simpleqa-3706,70-30,test,True
simpleqa-3707,70-30,test,True
simpleqa-3708,70-30,selection,False
simpleqa-3709,70-30,selection,False
simpleqa-371,70-30,selection,False
simpleqa-3710,70-30,test,True
simpleqa-3711,70-30,selection,False
simpleqa-3712,70-30,selection,False
simpleqa-3713,70-30,selection,False
simpleqa-3714,70-30,selection,False
simpleqa-3715,70-30,selection,False
simpleqa-3716,70-30,test,True
simpleqa-3717,70-30,selection,False
simpleqa-3718,70-30,selection,False
simpleqa-3719,70-30,selection,False
simpleqa-372,70-30,selection,False
simpleqa-3720,70-30,selection,False
simpleqa-3721,70-30,selection,False
simpleqa-3722,70-30,test,True
simpleqa-3723,70-30,selection,False
simpleqa-3724,70-30,selection,False
simpleqa-3725,70-30,selection,False
simpleqa-3726,70-30,selection,False
simpleqa-3727,70-30,selection,False
simpleqa-3728,70-30,test,True
simpleqa-3729,70-30,test,True
simpleqa-373,70-30,selection,False
simpleqa-3730,70-30,selection,False
simpleqa-3731,70-30,test,True
simpleqa-3732,70-30,selection,False
simpleqa-3733,70-30,selection,False
simpleqa-3734,70-30,selection,False
simpleqa-3735,70-30,selection,False
simpleqa-3736,70-30,test,True
simpleqa-3737,70-30,selection,False
simpleqa-3738,70-30,test,True
simpleqa-3739,70-30,test,True
simpleqa-374,70-30,selection,False
simpleqa-3740,70-30,selection,False
simpleqa-3741,70-30,test,True
simpleqa-3742,70-30,test,True
simpleqa-3743,70-30,test,True
simpleqa-3744,70-30,selection,False
simpleqa-3745,70-30,test,True
simpleqa-3746,70-30,selection,False
simpleqa-3747,70-30,selection,False
simpleqa-3748,70-30,selection,False
simpleqa-3749,70-30,test,True
simpleqa-375,70-30,selection,False
simpleqa-3750,70-30,test,True
simpleqa-3751,70-30,test,True
simpleqa-3752,70-30,selection,False
simpleqa-3753,70-30,test,True
simpleqa-3754,70-30,selection,False
simpleqa-3755,70-30,selection,False
simpleqa-3756,70-30,selection,False
simpleqa-3757,70-30,test,True
simpleqa-3758,70-30,test,True
simpleqa-3759,70-30,selection,False
simpleqa-376,70-30,selection,False
simpleqa-3760,70-30,test,True
simpleqa-3761,70-30,selection,False
simpleqa-3762,70-30,selection,False
simpleqa-3763,70-30,selection,False
simpleqa-3764,70-30,selection,False
simpleqa-3765,70-30,selection,False
simpleqa-3766,70-30,selection,False
simpleqa-3767,70-30,selection,False
simpleqa-3768,70-30,selection,False
simpleqa-3769,70-30,selection,False
simpleqa-377,70-30,selection,False
simpleqa-3770,70-30,selection,False
simpleqa-3771,70-30,selection,False
simpleqa-3772,70-30,selection,False
simpleqa-3773,70-30,selection,False
simpleqa-3774,70-30,test,True
simpleqa-3775,70-30,selection,False
simpleqa-3776,70-30,selection,False
simpleqa-3777,70-30,selection,False
simpleqa-3778,70-30,test,True
simpleqa-3779,70-30,selection,False
simpleqa-378,70-30,test,True
simpleqa-3780,70-30,selection,False
simpleqa-3781,70-30,test,True
simpleqa-3782,70-30,selection,False
simpleqa-3783,70-30,test,True
simpleqa-3784,70-30,selection,False
simpleqa-3785,70-30,selection,False
simpleqa-3786,70-30,selection,False
simpleqa-3787,70-30,selection,False
simpleqa-3788,70-30,test,True
simpleqa-3789,70-30,test,True
simpleqa-379,70-30,test,True
simpleqa-3790,70-30,test,True
simpleqa-3791,70-30,selection,False
simpleqa-3792,70-30,test,True
simpleqa-3793,70-30,selection,False
simpleqa-3794,70-30,selection,False
simpleqa-3795,70-30,selection,False
simpleqa-3796,70-30,selection,False
simpleqa-3797,70-30,selection,False
simpleqa-3798,70-30,selection,False
simpleqa-3799,70-30,selection,False
simpleqa-38,70-30,test,True
simpleqa-380,70-30,selection,False
simpleqa-3800,70-30,selection,False
simpleqa-3801,70-30,selection,False
simpleqa-3802,70-30,test,True
simpleqa-3803,70-30,test,True
simpleqa-3804,70-30,selection,False
simpleqa-3805,70-30,test,True
simpleqa-3806,70-30,test,True
simpleqa-3807,70-30,test,True
simpleqa-3808,70-30,test,True
simpleqa-3809,70-30,test,True
simpleqa-381,70-30,selection,False
simpleqa-3810,70-30,selection,False
simpleqa-3811,70-30,selection,False
simpleqa-3812,70-30,selection,False
simpleqa-3813,70-30,test,True
simpleqa-3814,70-30,test,True
simpleqa-3815,70-30,selection,False
simpleqa-3816,70-30,test,True
simpleqa-3817,70-30,selection,False
simpleqa-3818,70-30,test,True
simpleqa-3819,70-30,selection,False
simpleqa-382,70-30,selection,False
simpleqa-3820,70-30,test,True
simpleqa-3821,70-30,selection,False
simpleqa-3822,70-30,selection,False
simpleqa-3823,70-30,selection,False
simpleqa-3824,70-30,selection,False
simpleqa-3825,70-30,selection,False
simpleqa-3826,70-30,selection,False
simpleqa-3827,70-30,selection,False
simpleqa-3828,70-30,selection,False
simpleqa-3829,70-30,selection,False
simpleqa-383,70-30,selection,False
simpleqa-3830,70-30,test,True
simpleqa-3831,70-30,selection,False
simpleqa-3832,70-30,test,True
simpleqa-3833,70-30,selection,False
simpleqa-3834,70-30,test,True
simpleqa-3835,70-30,selection,False
simpleqa-3836,70-30,selection,False
simpleqa-3837,70-30,selection,False
simpleqa-3838,70-30,selection,False
simpleqa-3839,70-30,selection,False
simpleqa-384,70-30,selection,False
simpleqa-3840,70-30,selection,False
simpleqa-3841,70-30,selection,False
simpleqa-3842,70-30,selection,False
simpleqa-3843,70-30,selection,False
simpleqa-3844,70-30,test,True
simpleqa-3845,70-30,selection,False
simpleqa-3846,70-30,test,True
simpleqa-3847,70-30,selection,False
simpleqa-3848,70-30,test,True
simpleqa-3849,70-30,selection,False
simpleqa-385,70-30,selection,False
simpleqa-3850,70-30,selection,False
simpleqa-3851,70-30,selection,False
simpleqa-3852,70-30,selection,False
simpleqa-3853,70-30,selection,False
simpleqa-3854,70-30,selection,False
simpleqa-3855,70-30,test,True
simpleqa-3856,70-30,selection,False
simpleqa-3857,70-30,selection,False
simpleqa-3858,70-30,selection,False
simpleqa-3859,70-30,test,True
simpleqa-386,70-30,selection,False
simpleqa-3860,70-30,selection,False
simpleqa-3861,70-30,test,True
simpleqa-3862,70-30,selection,False
simpleqa-3863,70-30,selection,False
simpleqa-3864,70-30,selection,False
simpleqa-3865,70-30,selection,False
simpleqa-3866,70-30,selection,False
simpleqa-3867,70-30,test,True
simpleqa-3868,70-30,test,True
simpleqa-3869,70-30,selection,False
simpleqa-387,70-30,selection,False
simpleqa-3870,70-30,test,True
simpleqa-3871,70-30,test,True
simpleqa-3872,70-30,selection,False
simpleqa-3873,70-30,test,True
simpleqa-3874,70-30,selection,False
simpleqa-3875,70-30,selection,False
simpleqa-3876,70-30,selection,False
simpleqa-3877,70-30,selection,False
simpleqa-3878,70-30,selection,False
simpleqa-3879,70-30,selection,False
simpleqa-388,70-30,selection,False
simpleqa-3880,70-30,selection,False
simpleqa-3881,70-30,selection,False
simpleqa-3882,70-30,test,True
simpleqa-3883,70-30,test,True
simpleqa-3884,70-30,selection,False
simpleqa-3885,70-30,test,True
simpleqa-3886,70-30,selection,False
simpleqa-3887,70-30,test,True
simpleqa-3888,70-30,selection,False
simpleqa-3889,70-30,selection,False
simpleqa-389,70-30,test,True
simpleqa-3890,70-30,selection,False
simpleqa-3891,70-30,test,True
simpleqa-3892,70-30,selection,False
simpleqa-3893,70-30,selection,False
simpleqa-3894,70-30,test,True
simpleqa-3895,70-30,selection,False
simpleqa-3896,70-30,test,True
simpleqa-3897,70-30,selection,False
simpleqa-3898,70-30,selection,False
simpleqa-3899,70-30,test,True
simpleqa-39,70-30,selection,False
simpleqa-390,70-30,test,True
simpleqa-3900,70-30,test,True
simpleqa-3901,70-30,selection,False
simpleqa-3902,70-30,selection,False
simpleqa-3903,70-30,test,True
simpleqa-3904,70-30,selection,False
simpleqa-3905,70-30,test,True
simpleqa-3906,70-30,selection,False
simpleqa-3907,70-30,selection,False
simpleqa-3908,70-30,selection,False
simpleqa-3909,70-30,selection,False
simpleqa-391,70-30,selection,False
simpleqa-3910,70-30,selection,False
simpleqa-3911,70-30,test,True
simpleqa-3912,70-30,selection,False
simpleqa-3913,70-30,selection,False
simpleqa-3914,70-30,selection,False
simpleqa-3915,70-30,selection,False
simpleqa-3916,70-30,test,True
simpleqa-3917,70-30,selection,False
simpleqa-3918,70-30,selection,False
simpleqa-3919,70-30,selection,False
simpleqa-392,70-30,selection,False
simpleqa-3920,70-30,selection,False
simpleqa-3921,70-30,selection,False
simpleqa-3922,70-30,test,True
simpleqa-3923,70-30,selection,False
simpleqa-3924,70-30,test,True
simpleqa-3925,70-30,test,True
simpleqa-3926,70-30,selection,False
simpleqa-3927,70-30,test,True
simpleqa-3928,70-30,selection,False
simpleqa-3929,70-30,selection,False
simpleqa-393,70-30,test,True
simpleqa-3930,70-30,selection,False
simpleqa-3931,70-30,selection,False
simpleqa-3932,70-30,selection,False
simpleqa-3933,70-30,selection,False
simpleqa-3934,70-30,selection,False
simpleqa-3935,70-30,test,True
simpleqa-3936,70-30,selection,False
simpleqa-3937,70-30,test,True
simpleqa-3938,70-30,selection,False
simpleqa-3939,70-30,test,True
simpleqa-394,70-30,selection,False
simpleqa-3940,70-30,selection,False
simpleqa-3941,70-30,selection,False
simpleqa-3942,70-30,selection,False
simpleqa-3943,70-30,selection,False
simpleqa-3944,70-30,selection,False
simpleqa-3945,70-30,test,True
simpleqa-3946,70-30,selection,False
simpleqa-3947,70-30,selection,False
simpleqa-3948,70-30,selection,False
simpleqa-3949,70-30,test,True
simpleqa-395,70-30,selection,False
simpleqa-3950,70-30,selection,False
simpleqa-3951,70-30,selection,False
simpleqa-3952,70-30,test,True
simpleqa-3953,70-30,selection,False
simpleqa-3954,70-30,selection,False
simpleqa-3955,70-30,test,True
simpleqa-3956,70-30,test,True
simpleqa-3957,70-30,selection,False
simpleqa-3958,70-30,test,True
simpleqa-3959,70-30,selection,False
simpleqa-396,70-30,selection,False
simpleqa-3960,70-30,selection,False
simpleqa-3961,70-30,test,True
simpleqa-3962,70-30,selection,False
simpleqa-3963,70-30,selection,False
simpleqa-3964,70-30,selection,False
simpleqa-3965,70-30,test,True
simpleqa-3966,70-30,selection,False
simpleqa-3967,70-30,selection,False
simpleqa-3968,70-30,selection,False
simpleqa-3969,70-30,test,True
simpleqa-397,70-30,test,True
simpleqa-3970,70-30,test,True
simpleqa-3971,70-30,selection,False
simpleqa-3972,70-30,selection,False
simpleqa-3973,70-30,selection,False
simpleqa-3974,70-30,test,True
simpleqa-3975,70-30,selection,False
simpleqa-3976,70-30,test,True
simpleqa-3977,70-30,test,True
simpleqa-3978,70-30,test,True
simpleqa-3979,70-30,selection,False
simpleqa-398,70-30,selection,False
simpleqa-3980,70-30,selection,False
simpleqa-3981,70-30,test,True
simpleqa-3982,70-30,selection,False
simpleqa-3983,70-30,selection,False
simpleqa-3984,70-30,test,True
simpleqa-3985,70-30,selection,False
simpleqa-3986,70-30,test,True
simpleqa-3987,70-30,selection,False
simpleqa-3988,70-30,selection,False
simpleqa-3989,70-30,selection,False
simpleqa-399,70-30,selection,False
simpleqa-3990,70-30,selection,False
simpleqa-3991,70-30,selection,False
simpleqa-3992,70-30,test,True
simpleqa-3993,70-30,selection,False
simpleqa-3994,70-30,selection,False
simpleqa-3995,70-30,selection,False
simpleqa-3996,70-30,selection,False
simpleqa-3997,70-30,selection,False
simpleqa-3998,70-30,selection,False
simpleqa-3999,70-30,selection,False
simpleqa-4,70-30,test,True
simpleqa-40,70-30,selection,False
simpleqa-400,70-30,test,True
simpleqa-4000,70-30,selection,False
simpleqa-4001,70-30,test,True
simpleqa-4002,70-30,selection,False
simpleqa-4003,70-30,selection,False
simpleqa-4004,70-30,test,True
simpleqa-4005,70-30,test,True
simpleqa-4006,70-30,test,True
simpleqa-4007,70-30,test,True
simpleqa-4008,70-30,selection,False
simpleqa-4009,70-30,selection,False
simpleqa-401,70-30,selection,False
simpleqa-4010,70-30,test,True
simpleqa-4011,70-30,selection,False
simpleqa-4012,70-30,selection,False
simpleqa-4013,70-30,selection,False
simpleqa-4014,70-30,selection,False
simpleqa-4015,70-30,selection,False
simpleqa-4016,70-30,test,True
simpleqa-4017,70-30,selection,False
simpleqa-4018,70-30,selection,False
simpleqa-4019,70-30,selection,False
simpleqa-402,70-30,test,True
simpleqa-4020,70-30,selection,False
simpleqa-4021,70-30,selection,False
simpleqa-4022,70-30,selection,False
simpleqa-4023,70-30,selection,False
simpleqa-4024,70-30,test,True
simpleqa-4025,70-30,selection,False
simpleqa-4026,70-30,selection,False
simpleqa-4027,70-30,test,True
simpleqa-4028,70-30,selection,False
simpleqa-4029,70-30,selection,False
simpleqa-403,70-30,selection,False
simpleqa-4030,70-30,selection,False
simpleqa-4031,70-30,selection,False
simpleqa-4032,70-30,selection,False
simpleqa-4033,70-30,selection,False
simpleqa-4034,70-30,selection,False
simpleqa-4035,70-30,test,True
simpleqa-4036,70-30,test,True
simpleqa-4037,70-30,selection,False
simpleqa-4038,70-30,selection,False
simpleqa-4039,70-30,test,True
simpleqa-404,70-30,test,True
simpleqa-4040,70-30,selection,False
simpleqa-4041,70-30,selection,False
simpleqa-4042,70-30,test,True
simpleqa-4043,70-30,selection,False
simpleqa-4044,70-30,selection,False
simpleqa-4045,70-30,test,True
simpleqa-4046,70-30,test,True
simpleqa-4047,70-30,selection,False
simpleqa-4048,70-30,selection,False
simpleqa-4049,70-30,test,True
simpleqa-405,70-30,test,True
simpleqa-4050,70-30,selection,False
simpleqa-4051,70-30,selection,False
simpleqa-4052,70-30,test,True
simpleqa-4053,70-30,selection,False
simpleqa-4054,70-30,selection,False
simpleqa-4055,70-30,selection,False
simpleqa-4056,70-30,selection,False
simpleqa-4057,70-30,selection,False
simpleqa-4058,70-30,test,True
simpleqa-4059,70-30,selection,False
simpleqa-406,70-30,selection,False
simpleqa-4060,70-30,selection,False
simpleqa-4061,70-30,test,True
simpleqa-4062,70-30,test,True
simpleqa-4063,70-30,selection,False
simpleqa-4064,70-30,test,True
simpleqa-4065,70-30,test,True
simpleqa-4066,70-30,test,True
simpleqa-4067,70-30,selection,False
simpleqa-4068,70-30,test,True
simpleqa-4069,70-30,selection,False
simpleqa-407,70-30,selection,False
simpleqa-4070,70-30,selection,False
simpleqa-4071,70-30,selection,False
simpleqa-4072,70-30,selection,False
simpleqa-4073,70-30,test,True
simpleqa-4074,70-30,selection,False
simpleqa-4075,70-30,test,True
simpleqa-4076,70-30,selection,False
simpleqa-4077,70-30,selection,False
simpleqa-4078,70-30,test,True
simpleqa-4079,70-30,selection,False
simpleqa-408,70-30,selection,False
simpleqa-4080,70-30,selection,False
simpleqa-4081,70-30,selection,False
simpleqa-4082,70-30,test,True
simpleqa-4083,70-30,selection,False
simpleqa-4084,70-30,selection,False
simpleqa-4085,70-30,test,True
simpleqa-4086,70-30,selection,False
simpleqa-4087,70-30,test,True
simpleqa-4088,70-30,selection,False
simpleqa-4089,70-30,test,True
simpleqa-409,70-30,selection,False
simpleqa-4090,70-30,selection,False
simpleqa-4091,70-30,test,True
simpleqa-4092,70-30,test,True
simpleqa-4093,70-30,test,True
simpleqa-4094,70-30,selection,False
simpleqa-4095,70-30,selection,False
simpleqa-4096,70-30,selection,False
simpleqa-4097,70-30,test,True
simpleqa-4098,70-30,test,True
simpleqa-4099,70-30,selection,False
simpleqa-41,70-30,selection,False
simpleqa-410,70-30,selection,False
simpleqa-4100,70-30,selection,False
simpleqa-4101,70-30,selection,False
simpleqa-4102,70-30,test,True
simpleqa-4103,70-30,test,True
simpleqa-4104,70-30,test,True
simpleqa-4105,70-30,selection,False
simpleqa-4106,70-30,selection,False
simpleqa-4107,70-30,selection,False
simpleqa-4108,70-30,selection,False
simpleqa-4109,70-30,selection,False
simpleqa-411,70-30,test,True
simpleqa-4110,70-30,selection,False
simpleqa-4111,70-30,selection,False
simpleqa-4112,70-30,selection,False
simpleqa-4113,70-30,test,True
simpleqa-4114,70-30,selection,False
simpleqa-4115,70-30,selection,False
simpleqa-4116,70-30,selection,False
simpleqa-4117,70-30,selection,False
simpleqa-4118,70-30,selection,False
simpleqa-4119,70-30,selection,False
simpleqa-412,70-30,selection,False
simpleqa-4120,70-30,selection,False
simpleqa-4121,70-30,test,True
simpleqa-4122,70-30,selection,False
simpleqa-4123,70-30,test,True
simpleqa-4124,70-30,test,True
simpleqa-4125,70-30,selection,False
simpleqa-4126,70-30,selection,False
simpleqa-4127,70-30,selection,False
simpleqa-4128,70-30,selection,False
simpleqa-4129,70-30,selection,False
simpleqa-413,70-30,selection,False
simpleqa-4130,70-30,selection,False
simpleqa-4131,70-30,selection,False
simpleqa-4132,70-30,selection,False
simpleqa-4133,70-30,selection,False
simpleqa-4134,70-30,selection,False
simpleqa-4135,70-30,test,True
simpleqa-4136,70-30,test,True
simpleqa-4137,70-30,test,True
simpleqa-4138,70-30,selection,False
simpleqa-4139,70-30,selection,False
simpleqa-414,70-30,test,True
simpleqa-4140,70-30,selection,False
simpleqa-4141,70-30,selection,False
simpleqa-4142,70-30,selection,False
simpleqa-4143,70-30,selection,False
simpleqa-4144,70-30,test,True
simpleqa-4145,70-30,selection,False
simpleqa-4146,70-30,test,True
simpleqa-4147,70-30,selection,False
simpleqa-4148,70-30,selection,False
simpleqa-4149,70-30,selection,False
simpleqa-415,70-30,test,True
simpleqa-4150,70-30,selection,False
simpleqa-4151,70-30,selection,False
simpleqa-4152,70-30,selection,False
simpleqa-4153,70-30,selection,False
simpleqa-4154,70-30,selection,False
simpleqa-4155,70-30,selection,False
simpleqa-4156,70-30,test,True
simpleqa-4157,70-30,selection,False
simpleqa-4158,70-30,selection,False
simpleqa-4159,70-30,test,True
simpleqa-416,70-30,selection,False
simpleqa-4160,70-30,selection,False
simpleqa-4161,70-30,selection,False
simpleqa-4162,70-30,test,True
simpleqa-4163,70-30,selection,False
simpleqa-4164,70-30,selection,False
simpleqa-4165,70-30,selection,False
simpleqa-4166,70-30,selection,False
simpleqa-4167,70-30,selection,False
simpleqa-4168,70-30,selection,False
simpleqa-4169,70-30,selection,False
simpleqa-417,70-30,selection,False
simpleqa-4170,70-30,selection,False
simpleqa-4171,70-30,selection,False
simpleqa-4172,70-30,selection,False
simpleqa-4173,70-30,selection,False
simpleqa-4174,70-30,selection,False
simpleqa-4175,70-30,selection,False
simpleqa-4176,70-30,selection,False
simpleqa-4177,70-30,selection,False
simpleqa-4178,70-30,test,True
simpleqa-4179,70-30,selection,False
simpleqa-418,70-30,test,True
simpleqa-4180,70-30,selection,False
simpleqa-4181,70-30,test,True
simpleqa-4182,70-30,test,True
simpleqa-4183,70-30,selection,False
simpleqa-4184,70-30,test,True
simpleqa-4185,70-30,selection,False
simpleqa-4186,70-30,selection,False
simpleqa-4187,70-30,test,True
simpleqa-4188,70-30,selection,False
simpleqa-4189,70-30,selection,False
simpleqa-419,70-30,test,True
simpleqa-4190,70-30,selection,False
simpleqa-4191,70-30,test,True
simpleqa-4192,70-30,selection,False
simpleqa-4193,70-30,selection,False
simpleqa-4194,70-30,test,True
simpleqa-4195,70-30,test,True
simpleqa-4196,70-30,selection,False
simpleqa-4197,70-30,test,True
simpleqa-4198,70-30,selection,False
simpleqa-4199,70-30,selection,False
simpleqa-42,70-30,selection,False
simpleqa-420,70-30,test,True
simpleqa-4200,70-30,selection,False
simpleqa-4201,70-30,selection,False
simpleqa-4202,70-30,selection,False
simpleqa-4203,70-30,test,True
simpleqa-4204,70-30,selection,False
simpleqa-4205,70-30,selection,False
simpleqa-4206,70-30,selection,False
simpleqa-4207,70-30,selection,False
simpleqa-4208,70-30,test,True
simpleqa-4209,70-30,test,True
simpleqa-421,70-30,selection,False
simpleqa-4210,70-30,selection,False
simpleqa-4211,70-30,selection,False
simpleqa-4212,70-30,selection,False
simpleqa-4213,70-30,selection,False
simpleqa-4214,70-30,test,True
simpleqa-4215,70-30,selection,False
simpleqa-4216,70-30,selection,False
simpleqa-4217,70-30,selection,False
simpleqa-4218,70-30,test,True
simpleqa-4219,70-30,selection,False
simpleqa-422,70-30,selection,False
simpleqa-4220,70-30,test,True
simpleqa-4221,70-30,selection,False
simpleqa-4222,70-30,test,True
simpleqa-4223,70-30,selection,False
simpleqa-4224,70-30,selection,False
simpleqa-4225,70-30,selection,False
simpleqa-4226,70-30,selection,False
simpleqa-4227,70-30,test,True
simpleqa-4228,70-30,selection,False
simpleqa-4229,70-30,selection,False
simpleqa-423,70-30,test,True
simpleqa-4230,70-30,selection,False
simpleqa-4231,70-30,selection,False
simpleqa-4232,70-30,test,True
simpleqa-4233,70-30,selection,False
simpleqa-4234,70-30,test,True
simpleqa-4235,70-30,test,True
simpleqa-4236,70-30,selection,False
simpleqa-4237,70-30,selection,False
simpleqa-4238,70-30,selection,False
simpleqa-4239,70-30,selection,False
simpleqa-424,70-30,selection,False
simpleqa-4240,70-30,selection,False
simpleqa-4241,70-30,test,True
simpleqa-4242,70-30,selection,False
simpleqa-4243,70-30,selection,False
simpleqa-4244,70-30,selection,False
simpleqa-4245,70-30,selection,False
simpleqa-4246,70-30,selection,False
simpleqa-4247,70-30,selection,False
simpleqa-4248,70-30,selection,False
simpleqa-4249,70-30,test,True
simpleqa-425,70-30,test,True
simpleqa-4250,70-30,test,True
simpleqa-4251,70-30,selection,False
simpleqa-4252,70-30,selection,False
simpleqa-4253,70-30,test,True
simpleqa-4254,70-30,selection,False
simpleqa-4255,70-30,selection,False
simpleqa-4256,70-30,selection,False
simpleqa-4257,70-30,selection,False
simpleqa-4258,70-30,test,True
simpleqa-4259,70-30,selection,False
simpleqa-426,70-30,selection,False
simpleqa-4260,70-30,selection,False
simpleqa-4261,70-30,test,True
simpleqa-4262,70-30,selection,False
simpleqa-4263,70-30,selection,False
simpleqa-4264,70-30,test,True
simpleqa-4265,70-30,selection,False
simpleqa-4266,70-30,selection,False
simpleqa-4267,70-30,selection,False
simpleqa-4268,70-30,selection,False
simpleqa-4269,70-30,test,True
simpleqa-427,70-30,selection,False
simpleqa-4270,70-30,selection,False
simpleqa-4271,70-30,selection,False
simpleqa-4272,70-30,selection,False
simpleqa-4273,70-30,selection,False
simpleqa-4274,70-30,selection,False
simpleqa-4275,70-30,selection,False
simpleqa-4276,70-30,selection,False
simpleqa-4277,70-30,test,True
simpleqa-4278,70-30,test,True
simpleqa-4279,70-30,selection,False
simpleqa-428,70-30,test,True
simpleqa-4280,70-30,selection,False
simpleqa-4281,70-30,selection,False
simpleqa-4282,70-30,selection,False
simpleqa-4283,70-30,test,True
simpleqa-4284,70-30,test,True
simpleqa-4285,70-30,test,True
simpleqa-4286,70-30,test,True
simpleqa-4287,70-30,selection,False
simpleqa-4288,70-30,selection,False
simpleqa-4289,70-30,selection,False
simpleqa-429,70-30,test,True
simpleqa-4290,70-30,test,True
simpleqa-4291,70-30,selection,False
simpleqa-4292,70-30,test,True
simpleqa-4293,70-30,selection,False
simpleqa-4294,70-30,selection,False
simpleqa-4295,70-30,selection,False
simpleqa-4296,70-30,test,True
simpleqa-4297,70-30,test,True
simpleqa-4298,70-30,test,True
simpleqa-4299,70-30,selection,False
simpleqa-43,70-30,selection,False
simpleqa-430,70-30,selection,False
simpleqa-4300,70-30,selection,False
simpleqa-4301,70-30,selection,False
simpleqa-4302,70-30,selection,False
simpleqa-4303,70-30,test,True
simpleqa-4304,70-30,selection,False
simpleqa-4305,70-30,selection,False
simpleqa-4306,70-30,selection,False
simpleqa-4307,70-30,test,True
simpleqa-4308,70-30,test,True
simpleqa-4309,70-30,selection,False
simpleqa-431,70-30,selection,False
simpleqa-4310,70-30,test,True
simpleqa-4311,70-30,test,True
simpleqa-4312,70-30,test,True
simpleqa-4313,70-30,selection,False
simpleqa-4314,70-30,test,True
simpleqa-4315,70-30,selection,False
simpleqa-4316,70-30,selection,False
simpleqa-4317,70-30,selection,False
simpleqa-4318,70-30,selection,False
simpleqa-4319,70-30,test,True
simpleqa-432,70-30,test,True
simpleqa-4320,70-30,test,True
simpleqa-4321,70-30,selection,False
simpleqa-4322,70-30,selection,False
simpleqa-4323,70-30,selection,False
simpleqa-4324,70-30,selection,False
simpleqa-4325,70-30,test,True
simpleqa-433,70-30,selection,False
simpleqa-434,70-30,selection,False
simpleqa-435,70-30,selection,False
simpleqa-436,70-30,test,True
simpleqa-437,70-30,selection,False
simpleqa-438,70-30,selection,False
simpleqa-439,70-30,test,True
simpleqa-44,70-30,test,True
simpleqa-440,70-30,selection,False
simpleqa-441,70-30,test,True
simpleqa-442,70-30,selection,False
simpleqa-443,70-30,selection,False
simpleqa-444,70-30,selection,False
simpleqa-445,70-30,selection,False
simpleqa-446,70-30,selection,False
simpleqa-447,70-30,selection,False
simpleqa-448,70-30,selection,False
simpleqa-449,70-30,test,True
simpleqa-45,70-30,selection,False
simpleqa-450,70-30,selection,False
simpleqa-451,70-30,selection,False
simpleqa-452,70-30,selection,False
simpleqa-453,70-30,selection,False
simpleqa-454,70-30,test,True
simpleqa-455,70-30,selection,False
simpleqa-456,70-30,selection,False
simpleqa-457,70-30,selection,False
simpleqa-458,70-30,selection,False
simpleqa-459,70-30,selection,False
simpleqa-46,70-30,selection,False
simpleqa-460,70-30,selection,False
simpleqa-461,70-30,test,True
simpleqa-462,70-30,selection,False
simpleqa-463,70-30,selection,False
simpleqa-464,70-30,selection,False
simpleqa-465,70-30,test,True
simpleqa-466,70-30,test,True
simpleqa-467,70-30,selection,False
simpleqa-468,70-30,selection,False
simpleqa-469,70-30,selection,False
simpleqa-47,70-30,test,True
simpleqa-470,70-30,test,True
simpleqa-471,70-30,selection,False
simpleqa-472,70-30,selection,False
simpleqa-473,70-30,selection,False
simpleqa-474,70-30,selection,False
simpleqa-475,70-30,selection,False
simpleqa-476,70-30,selection,False
simpleqa-477,70-30,selection,False
simpleqa-478,70-30,selection,False
simpleqa-479,70-30,selection,False
simpleqa-48,70-30,selection,False
simpleqa-480,70-30,selection,False
simpleqa-481,70-30,selection,False
simpleqa-482,70-30,selection,False
simpleqa-483,70-30,selection,False
simpleqa-484,70-30,selection,False
simpleqa-485,70-30,selection,False
simpleqa-486,70-30,test,True
simpleqa-487,70-30,selection,False
simpleqa-488,70-30,test,True
simpleqa-489,70-30,selection,False
simpleqa-49,70-30,selection,False
simpleqa-490,70-30,selection,False
simpleqa-491,70-30,test,True
simpleqa-492,70-30,test,True
simpleqa-493,70-30,selection,False
simpleqa-494,70-30,selection,False
simpleqa-495,70-30,selection,False
simpleqa-496,70-30,selection,False
simpleqa-497,70-30,selection,False
simpleqa-498,70-30,selection,False
simpleqa-499,70-30,selection,False
simpleqa-5,70-30,selection,False
simpleqa-50,70-30,test,True
simpleqa-500,70-30,selection,False
simpleqa-501,70-30,selection,False
simpleqa-502,70-30,selection,False
simpleqa-503,70-30,selection,False
simpleqa-504,70-30,test,True
simpleqa-505,70-30,selection,False
simpleqa-506,70-30,test,True
simpleqa-507,70-30,selection,False
simpleqa-508,70-30,test,True
simpleqa-509,70-30,selection,False
simpleqa-51,70-30,test,True
simpleqa-510,70-30,selection,False
simpleqa-511,70-30,selection,False
simpleqa-512,70-30,selection,False
simpleqa-513,70-30,selection,False
simpleqa-514,70-30,test,True
simpleqa-515,70-30,selection,False
simpleqa-516,70-30,test,True
simpleqa-517,70-30,selection,False
simpleqa-518,70-30,test,True
simpleqa-519,70-30,selection,False
simpleqa-52,70-30,selection,False
simpleqa-520,70-30,selection,False
simpleqa-521,70-30,selection,False
simpleqa-522,70-30,test,True
simpleqa-523,70-30,selection,False
simpleqa-524,70-30,selection,False
simpleqa-525,70-30,test,True
simpleqa-526,70-30,selection,False
simpleqa-527,70-30,selection,False
simpleqa-528,70-30,selection,False
simpleqa-529,70-30,selection,False
simpleqa-53,70-30,test,True
simpleqa-530,70-30,test,True
simpleqa-531,70-30,selection,False
simpleqa-532,70-30,selection,False
simpleqa-533,70-30,selection,False
simpleqa-534,70-30,test,True
simpleqa-535,70-30,selection,False
simpleqa-536,70-30,selection,False
simpleqa-537,70-30,selection,False
simpleqa-538,70-30,selection,False
simpleqa-539,70-30,selection,False
simpleqa-54,70-30,selection,False
simpleqa-540,70-30,selection,False
simpleqa-541,70-30,selection,False
simpleqa-542,70-30,selection,False
simpleqa-543,70-30,selection,False
simpleqa-544,70-30,selection,False
simpleqa-545,70-30,selection,False
simpleqa-546,70-30,test,True
simpleqa-547,70-30,selection,False
simpleqa-548,70-30,selection,False
simpleqa-549,70-30,selection,False
simpleqa-55,70-30,selection,False
simpleqa-550,70-30,test,True
simpleqa-551,70-30,selection,False
simpleqa-552,70-30,selection,False
simpleqa-553,70-30,selection,False
simpleqa-554,70-30,selection,False
simpleqa-555,70-30,test,True
simpleqa-556,70-30,selection,False
simpleqa-557,70-30,selection,False
simpleqa-558,70-30,selection,False
simpleqa-559,70-30,selection,False
simpleqa-56,70-30,selection,False
simpleqa-560,70-30,selection,False
simpleqa-561,70-30,test,True
simpleqa-562,70-30,selection,False
simpleqa-563,70-30,selection,False
simpleqa-564,70-30,test,True
simpleqa-565,70-30,test,True
simpleqa-566,70-30,selection,False
simpleqa-567,70-30,test,True
simpleqa-568,70-30,selection,False
simpleqa-569,70-30,test,True
simpleqa-57,70-30,selection,False
simpleqa-570,70-30,selection,False
simpleqa-571,70-30,test,True
simpleqa-572,70-30,selection,False
simpleqa-573,70-30,selection,False
simpleqa-574,70-30,selection,False
simpleqa-575,70-30,selection,False
simpleqa-576,70-30,selection,False
simpleqa-577,70-30,selection,False
simpleqa-578,70-30,selection,False
simpleqa-579,70-30,selection,False
simpleqa-58,70-30,test,True
simpleqa-580,70-30,selection,False
simpleqa-581,70-30,selection,False
simpleqa-582,70-30,selection,False
simpleqa-583,70-30,selection,False
simpleqa-584,70-30,selection,False
simpleqa-585,70-30,selection,False
simpleqa-586,70-30,selection,False
simpleqa-587,70-30,selection,False
simpleqa-588,70-30,test,True
simpleqa-589,70-30,selection,False
simpleqa-59,70-30,selection,False
simpleqa-590,70-30,selection,False
simpleqa-591,70-30,selection,False
simpleqa-592,70-30,selection,False
simpleqa-593,70-30,selection,False
simpleqa-594,70-30,test,True
simpleqa-595,70-30,test,True
simpleqa-596,70-30,test,True
simpleqa-597,70-30,selection,False
simpleqa-598,70-30,selection,False
simpleqa-599,70-30,selection,False
simpleqa-6,70-30,selection,False
simpleqa-60,70-30,selection,False
simpleqa-600,70-30,selection,False
simpleqa-601,70-30,test,True
simpleqa-602,70-30,selection,False
simpleqa-603,70-30,selection,False
simpleqa-604,70-30,test,True
simpleqa-605,70-30,selection,False
simpleqa-606,70-30,selection,False
simpleqa-607,70-30,selection,False
simpleqa-608,70-30,selection,False
simpleqa-609,70-30,test,True
simpleqa-61,70-30,selection,False
simpleqa-610,70-30,selection,False
simpleqa-611,70-30,test,True
simpleqa-612,70-30,selection,False
simpleqa-613,70-30,selection,False
simpleqa-614,70-30,test,True
simpleqa-615,70-30,selection,False
simpleqa-616,70-30,selection,False
simpleqa-617,70-30,selection,False
simpleqa-618,70-30,selection,False
simpleqa-619,70-30,test,True
simpleqa-62,70-30,selection,False
simpleqa-620,70-30,test,True
simpleqa-621,70-30,selection,False
simpleqa-622,70-30,test,True
simpleqa-623,70-30,selection,False
simpleqa-624,70-30,selection,False
simpleqa-625,70-30,selection,False
simpleqa-626,70-30,selection,False
simpleqa-627,70-30,selection,False
simpleqa-628,70-30,test,True
simpleqa-629,70-30,selection,False
simpleqa-63,70-30,selection,False
simpleqa-630,70-30,selection,False
simpleqa-631,70-30,test,True
simpleqa-632,70-30,selection,False
simpleqa-633,70-30,selection,False
simpleqa-634,70-30,test,True
simpleqa-635,70-30,selection,False
simpleqa-636,70-30,selection,False
simpleqa-637,70-30,selection,False
simpleqa-638,70-30,selection,False
simpleqa-639,70-30,selection,False
simpleqa-64,70-30,selection,False
simpleqa-640,70-30,selection,False
simpleqa-641,70-30,selection,False
simpleqa-642,70-30,test,True
simpleqa-643,70-30,selection,False
simpleqa-644,70-30,test,True
simpleqa-645,70-30,test,True
simpleqa-646,70-30,test,True
simpleqa-647,70-30,selection,False
simpleqa-648,70-30,selection,False
simpleqa-649,70-30,test,True
simpleqa-65,70-30,selection,False
simpleqa-650,70-30,selection,False
simpleqa-651,70-30,selection,False
simpleqa-652,70-30,selection,False
simpleqa-653,70-30,test,True
simpleqa-654,70-30,selection,False
simpleqa-655,70-30,test,True
simpleqa-656,70-30,test,True
simpleqa-657,70-30,selection,False
simpleqa-658,70-30,selection,False
simpleqa-659,70-30,selection,False
simpleqa-66,70-30,selection,False
simpleqa-660,70-30,test,True
simpleqa-661,70-30,test,True
simpleqa-662,70-30,selection,False
simpleqa-663,70-30,selection,False
simpleqa-664,70-30,test,True
simpleqa-665,70-30,test,True
simpleqa-666,70-30,selection,False
simpleqa-667,70-30,selection,False
simpleqa-668,70-30,test,True
simpleqa-669,70-30,selection,False
simpleqa-67,70-30,selection,False
simpleqa-670,70-30,selection,False
simpleqa-671,70-30,selection,False
simpleqa-672,70-30,selection,False
simpleqa-673,70-30,selection,False
simpleqa-674,70-30,test,True
simpleqa-675,70-30,selection,False
simpleqa-676,70-30,test,True
simpleqa-677,70-30,selection,False
simpleqa-678,70-30,test,True
simpleqa-679,70-30,selection,False
simpleqa-68,70-30,test,True
simpleqa-680,70-30,test,True
simpleqa-681,70-30,test,True
simpleqa-682,70-30,selection,False
simpleqa-683,70-30,selection,False
simpleqa-684,70-30,selection,False
simpleqa-685,70-30,selection,False
simpleqa-686,70-30,test,True
simpleqa-687,70-30,test,True
simpleqa-688,70-30,selection,False
simpleqa-689,70-30,test,True
simpleqa-69,70-30,selection,False
simpleqa-690,70-30,selection,False
simpleqa-691,70-30,selection,False
simpleqa-692,70-30,selection,False
simpleqa-693,70-30,selection,False
simpleqa-694,70-30,selection,False
simpleqa-695,70-30,test,True
simpleqa-696,70-30,selection,False
simpleqa-697,70-30,selection,False
simpleqa-698,70-30,selection,False
simpleqa-699,70-30,selection,False
simpleqa-7,70-30,test,True
simpleqa-70,70-30,selection,False
simpleqa-700,70-30,selection,False
simpleqa-701,70-30,selection,False
simpleqa-702,70-30,selection,False
simpleqa-703,70-30,selection,False
simpleqa-704,70-30,test,True
simpleqa-705,70-30,selection,False
simpleqa-706,70-30,selection,False
simpleqa-707,70-30,selection,False
simpleqa-708,70-30,test,True
simpleqa-709,70-30,selection,False
simpleqa-71,70-30,test,True
simpleqa-710,70-30,selection,False
simpleqa-711,70-30,selection,False
simpleqa-712,70-30,test,True
simpleqa-713,70-30,test,True
simpleqa-714,70-30,test,True
simpleqa-715,70-30,test,True
simpleqa-716,70-30,selection,False
simpleqa-717,70-30,test,True
simpleqa-718,70-30,selection,False
simpleqa-719,70-30,test,True
simpleqa-72,70-30,selection,False
simpleqa-720,70-30,test,True
simpleqa-721,70-30,selection,False
simpleqa-722,70-30,selection,False
simpleqa-723,70-30,selection,False
simpleqa-724,70-30,selection,False
simpleqa-725,70-30,selection,False
simpleqa-726,70-30,selection,False
simpleqa-727,70-30,selection,False
simpleqa-728,70-30,selection,False
simpleqa-729,70-30,selection,False
simpleqa-73,70-30,selection,False
simpleqa-730,70-30,selection,False
simpleqa-731,70-30,selection,False
simpleqa-732,70-30,selection,False
simpleqa-733,70-30,test,True
simpleqa-734,70-30,test,True
simpleqa-735,70-30,test,True
simpleqa-736,70-30,selection,False
simpleqa-737,70-30,selection,False
simpleqa-738,70-30,selection,False
simpleqa-739,70-30,selection,False
simpleqa-74,70-30,selection,False
simpleqa-740,70-30,selection,False
simpleqa-741,70-30,test,True
simpleqa-742,70-30,selection,False
simpleqa-743,70-30,selection,False
simpleqa-744,70-30,test,True
simpleqa-745,70-30,selection,False
simpleqa-746,70-30,test,True
simpleqa-747,70-30,selection,False
simpleqa-748,70-30,selection,False
simpleqa-749,70-30,test,True
simpleqa-75,70-30,selection,False
simpleqa-750,70-30,test,True
simpleqa-751,70-30,selection,False
simpleqa-752,70-30,selection,False
simpleqa-753,70-30,test,True
simpleqa-754,70-30,selection,False
simpleqa-755,70-30,selection,False
simpleqa-756,70-30,selection,False
simpleqa-757,70-30,selection,False
simpleqa-758,70-30,test,True
simpleqa-759,70-30,selection,False
simpleqa-76,70-30,selection,False
simpleqa-760,70-30,selection,False
simpleqa-761,70-30,test,True
simpleqa-762,70-30,selection,False
simpleqa-763,70-30,selection,False
simpleqa-764,70-30,selection,False
simpleqa-765,70-30,test,True
simpleqa-766,70-30,test,True
simpleqa-767,70-30,test,True
simpleqa-768,70-30,selection,False
simpleqa-769,70-30,selection,False
simpleqa-77,70-30,selection,False
simpleqa-770,70-30,selection,False
simpleqa-771,70-30,selection,False
simpleqa-772,70-30,test,True
simpleqa-773,70-30,selection,False
simpleqa-774,70-30,selection,False
simpleqa-775,70-30,selection,False
simpleqa-776,70-30,selection,False
simpleqa-777,70-30,selection,False
simpleqa-778,70-30,selection,False
simpleqa-779,70-30,test,True
simpleqa-78,70-30,test,True
simpleqa-780,70-30,selection,False
simpleqa-781,70-30,selection,False
simpleqa-782,70-30,selection,False
simpleqa-783,70-30,test,True
simpleqa-784,70-30,selection,False
simpleqa-785,70-30,test,True
simpleqa-786,70-30,selection,False
simpleqa-787,70-30,selection,False
simpleqa-788,70-30,selection,False
simpleqa-789,70-30,selection,False
simpleqa-79,70-30,selection,False
simpleqa-790,70-30,test,True
simpleqa-791,70-30,test,True
simpleqa-792,70-30,selection,False
simpleqa-793,70-30,test,True
simpleqa-794,70-30,selection,False
simpleqa-795,70-30,selection,False
simpleqa-796,70-30,selection,False
simpleqa-797,70-30,test,True
simpleqa-798,70-30,selection,False
simpleqa-799,70-30,test,True
simpleqa-8,70-30,selection,False
simpleqa-80,70-30,selection,False
simpleqa-800,70-30,selection,False
simpleqa-801,70-30,selection,False
simpleqa-802,70-30,test,True
simpleqa-803,70-30,selection,False
simpleqa-804,70-30,test,True
simpleqa-805,70-30,selection,False
simpleqa-806,70-30,selection,False
simpleqa-807,70-30,selection,False
simpleqa-808,70-30,selection,False
simpleqa-809,70-30,selection,False
simpleqa-81,70-30,test,True
simpleqa-810,70-30,selection,False
simpleqa-811,70-30,selection,False
simpleqa-812,70-30,test,True
simpleqa-813,70-30,test,True
simpleqa-814,70-30,selection,False
simpleqa-815,70-30,test,True
simpleqa-816,70-30,selection,False
simpleqa-817,70-30,test,True
simpleqa-818,70-30,selection,False
simpleqa-819,70-30,selection,False
simpleqa-82,70-30,selection,False
simpleqa-820,70-30,selection,False
simpleqa-821,70-30,test,True
simpleqa-822,70-30,test,True
simpleqa-823,70-30,selection,False
simpleqa-824,70-30,selection,False
simpleqa-825,70-30,test,True
simpleqa-826,70-30,selection,False
simpleqa-827,70-30,test,True
simpleqa-828,70-30,selection,False
simpleqa-829,70-30,selection,False
simpleqa-83,70-30,test,True
simpleqa-830,70-30,selection,False
simpleqa-831,70-30,selection,False
simpleqa-832,70-30,selection,False
simpleqa-833,70-30,selection,False
simpleqa-834,70-30,test,True
simpleqa-835,70-30,test,True
simpleqa-836,70-30,test,True
simpleqa-837,70-30,test,True
simpleqa-838,70-30,selection,False
simpleqa-839,70-30,test,True
simpleqa-84,70-30,test,True
simpleqa-840,70-30,selection,False
simpleqa-841,70-30,selection,False
simpleqa-842,70-30,selection,False
simpleqa-843,70-30,selection,False
simpleqa-844,70-30,selection,False
simpleqa-845,70-30,selection,False
simpleqa-846,70-30,test,True
simpleqa-847,70-30,test,True
simpleqa-848,70-30,selection,False
simpleqa-849,70-30,selection,False
simpleqa-85,70-30,selection,False
simpleqa-850,70-30,selection,False
simpleqa-851,70-30,test,True
simpleqa-852,70-30,test,True
simpleqa-853,70-30,selection,False
simpleqa-854,70-30,selection,False
simpleqa-855,70-30,test,True
simpleqa-856,70-30,selection,False
simpleqa-857,70-30,selection,False
simpleqa-858,70-30,selection,False
simpleqa-859,70-30,selection,False
simpleqa-86,70-30,selection,False
simpleqa-860,70-30,selection,False
simpleqa-861,70-30,selection,False
simpleqa-862,70-30,selection,False
simpleqa-863,70-30,test,True
simpleqa-864,70-30,selection,False
simpleqa-865,70-30,test,True
simpleqa-866,70-30,selection,False
simpleqa-867,70-30,selection,False
simpleqa-868,70-30,selection,False
simpleqa-869,70-30,selection,False
simpleqa-87,70-30,test,True
simpleqa-870,70-30,test,True
simpleqa-871,70-30,test,True
simpleqa-872,70-30,selection,False
simpleqa-873,70-30,test,True
simpleqa-874,70-30,selection,False
simpleqa-875,70-30,selection,False
simpleqa-876,70-30,test,True
simpleqa-877,70-30,selection,False
simpleqa-878,70-30,selection,False
simpleqa-879,70-30,test,True
simpleqa-88,70-30,selection,False
simpleqa-880,70-30,selection,False
simpleqa-881,70-30,selection,False
simpleqa-882,70-30,selection,False
simpleqa-883,70-30,test,True
simpleqa-884,70-30,selection,False
simpleqa-885,70-30,test,True
simpleqa-886,70-30,selection,False
simpleqa-887,70-30,selection,False
simpleqa-888,70-30,selection,False
simpleqa-889,70-30,selection,False
simpleqa-89,70-30,test,True
simpleqa-890,70-30,test,True
simpleqa-891,70-30,selection,False
simpleqa-892,70-30,selection,False
simpleqa-893,70-30,selection,False
simpleqa-894,70-30,selection,False
simpleqa-895,70-30,test,True
simpleqa-896,70-30,test,True
simpleqa-897,70-30,selection,False
simpleqa-898,70-30,selection,False
simpleqa-899,70-30,test,True
simpleqa-9,70-30,test,True
simpleqa-90,70-30,selection,False
simpleqa-900,70-30,selection,False
simpleqa-901,70-30,test,True
simpleqa-902,70-30,selection,False
simpleqa-903,70-30,test,True
simpleqa-904,70-30,selection,False
simpleqa-905,70-30,selection,False
simpleqa-906,70-30,selection,False
simpleqa-907,70-30,selection,False
simpleqa-908,70-30,selection,False
simpleqa-909,70-30,test,True
simpleqa-91,70-30,selection,False
simpleqa-910,70-30,test,True
simpleqa-911,70-30,selection,False
simpleqa-912,70-30,test,True
simpleqa-913,70-30,selection,False
simpleqa-914,70-30,test,True
simpleqa-915,70-30,selection,False
simpleqa-916,70-30,selection,False
simpleqa-917,70-30,test,True
simpleqa-918,70-30,selection,False
simpleqa-919,70-30,selection,False
simpleqa-92,70-30,selection,False
simpleqa-920,70-30,test,True
simpleqa-921,70-30,selection,False
simpleqa-922,70-30,selection,False
simpleqa-923,70-30,selection,False
simpleqa-924,70-30,selection,False
simpleqa-925,70-30,selection,False
simpleqa-926,70-30,selection,False
simpleqa-927,70-30,selection,False
simpleqa-928,70-30,selection,False
simpleqa-929,70-30,selection,False
simpleqa-93,70-30,selection,False
simpleqa-930,70-30,test,True
simpleqa-931,70-30,selection,False
simpleqa-932,70-30,selection,False
simpleqa-933,70-30,selection,False
simpleqa-934,70-30,selection,False
simpleqa-935,70-30,test,True
simpleqa-936,70-30,selection,False
simpleqa-937,70-30,test,True
simpleqa-938,70-30,selection,False
simpleqa-939,70-30,selection,False
simpleqa-94,70-30,selection,False
simpleqa-940,70-30,selection,False
simpleqa-941,70-30,selection,False
simpleqa-942,70-30,selection,False
simpleqa-943,70-30,selection,False
simpleqa-944,70-30,selection,False
simpleqa-945,70-30,test,True
simpleqa-946,70-30,selection,False
simpleqa-947,70-30,selection,False
simpleqa-948,70-30,selection,False
simpleqa-949,70-30,selection,False
simpleqa-95,70-30,selection,False
simpleqa-950,70-30,selection,False
simpleqa-951,70-30,selection,False
simpleqa-952,70-30,selection,False
simpleqa-953,70-30,selection,False
simpleqa-954,70-30,selection,False
simpleqa-955,70-30,selection,False
simpleqa-956,70-30,test,True
simpleqa-957,70-30,selection,False
simpleqa-958,70-30,test,True
simpleqa-959,70-30,test,True
simpleqa-96,70-30,selection,False
simpleqa-960,70-30,selection,False
simpleqa-961,70-30,selection,False
simpleqa-962,70-30,selection,False
simpleqa-963,70-30,selection,False
simpleqa-964,70-30,selection,False
simpleqa-965,70-30,selection,False
simpleqa-966,70-30,selection,False
simpleqa-967,70-30,selection,False
simpleqa-968,70-30,selection,False
simpleqa-969,70-30,test,True
simpleqa-97,70-30,test,True
simpleqa-970,70-30,test,True
simpleqa-971,70-30,selection,False
simpleqa-972,70-30,selection,False
simpleqa-973,70-30,test,True
simpleqa-974,70-30,selection,False
simpleqa-975,70-30,selection,False
simpleqa-976,70-30,selection,False
simpleqa-977,70-30,selection,False
simpleqa-978,70-30,selection,False
simpleqa-979,70-30,selection,False
simpleqa-98,70-30,selection,False
simpleqa-980,70-30,selection,False
simpleqa-981,70-30,selection,False
simpleqa-982,70-30,test,True
simpleqa-983,70-30,test,True
simpleqa-984,70-30,selection,False
simpleqa-985,70-30,selection,False
simpleqa-986,70-30,selection,False
simpleqa-987,70-30,selection,False
simpleqa-988,70-30,test,True
simpleqa-989,70-30,selection,False
simpleqa-99,70-30,selection,False
simpleqa-990,70-30,selection,False
simpleqa-991,70-30,selection,False
simpleqa-992,70-30,test,True
simpleqa-993,70-30,test,True
simpleqa-994,70-30,selection,False
simpleqa-995,70-30,selection,False
simpleqa-996,70-30,selection,False
simpleqa-997,70-30,selection,False
simpleqa-998,70-30,test,True
simpleqa-999,70-30,test,True
