seed,method,procedure,alpha,threshold,supported,n_calibration_answered,k_calibration_incorrect,calibration_upper,n_test,n_answered,n_incorrect,answer_rate,observed_error,error_lo,error_hi,model_key
2026091201,raw_u,fixed_sequence,0.1,,False,0,0,,1082,0,0,0.0,,,,gemini35flash
2026091201,raw_u,bonferroni,0.1,,False,0,0,,1082,0,0,0.0,,,,gemini35flash
2026091201,raw_u,fixed_sequence,0.14285714285714285,,False,0,0,,1082,0,0,0.0,,,,gemini35flash
2026091201,raw_u,bonferroni,0.14285714285714285,,False,0,0,,1082,0,0,0.0,,,,gemini35flash
2026091201,raw_u,fixed_sequence,0.2,,False,0,0,,1082,0,0,0.0,,,,gemini35flash
2026091201,raw_u,bonferroni,0.2,,False,0,0,,1082,0,0,0.0,,,,gemini35flash
2026091201,raw_u,fixed_sequence,0.25,0.81,True,304,54,0.23228991506523516,1082,300,62,0.27726432532347506,0.20666666666666667,0.16227849673901487,0.2569532425409742,gemini35flash
2026091201,raw_u,bonferroni,0.25,0.91,True,163,18,0.21244651102848883,1082,163,25,0.15064695009242143,0.15337423312883436,0.10178200659844504,0.21803070104052014,gemini35flash
2026091201,u_boost,fixed_sequence,0.1,,False,0,0,,1082,0,0,0.0,,,,gemini35flash
2026091201,u_boost,bonferroni,0.1,,False,0,0,,1082,0,0,0.0,,,,gemini35flash
2026091201,u_boost,fixed_sequence,0.14285714285714285,,False,0,0,,1082,0,0,0.0,,,,gemini35flash
2026091201,u_boost,bonferroni,0.14285714285714285,,False,0,0,,1082,0,0,0.0,,,,gemini35flash
2026091201,u_boost,fixed_sequence,0.2,,False,0,0,,1082,0,0,0.0,,,,gemini35flash
2026091201,u_boost,bonferroni,0.2,,False,0,0,,1082,0,0,0.0,,,,gemini35flash
2026091201,u_boost,fixed_sequence,0.25,0.65,True,336,62,0.23687122682273629,1082,347,84,0.32070240295748614,0.2420749279538905,0.19793565794263154,0.2906771947927406,gemini35flash
2026091201,u_boost,bonferroni,0.25,0.75,True,194,26,0.23118201124734192,1082,206,44,0.19038817005545286,0.21359223300970873,0.1596938890508597,0.27592920109322394,gemini35flash
2026091201,rich_logistic,fixed_sequence,0.1,,False,0,0,,1082,0,0,0.0,,,,gemini35flash
2026091201,rich_logistic,bonferroni,0.1,,False,0,0,,1082,0,0,0.0,,,,gemini35flash
2026091201,rich_logistic,fixed_sequence,0.14285714285714285,,False,0,0,,1082,0,0,0.0,,,,gemini35flash
2026091201,rich_logistic,bonferroni,0.14285714285714285,,False,0,0,,1082,0,0,0.0,,,,gemini35flash
2026091201,rich_logistic,fixed_sequence,0.2,,False,0,0,,1082,0,0,0.0,,,,gemini35flash
2026091201,rich_logistic,bonferroni,0.2,,False,0,0,,1082,0,0,0.0,,,,gemini35flash
2026091201,rich_logistic,fixed_sequence,0.25,0.74,True,227,30,0.1908344539266947,1082,224,40,0.20702402957486138,0.17857142857142858,0.1307447945410907,0.2351240847877189,gemini35flash
2026091201,rich_logistic,bonferroni,0.25,0.73,True,272,40,0.22926223801503168,1082,271,52,0.25046210720887246,0.1918819188191882,0.14675378705185538,0.24388972451644306,gemini35flash
2026091201,rich_boost,fixed_sequence,0.1,,False,0,0,,1082,0,0,0.0,,,,gemini35flash
2026091201,rich_boost,bonferroni,0.1,,False,0,0,,1082,0,0,0.0,,,,gemini35flash
2026091201,rich_boost,fixed_sequence,0.14285714285714285,,False,0,0,,1082,0,0,0.0,,,,gemini35flash
2026091201,rich_boost,bonferroni,0.14285714285714285,,False,0,0,,1082,0,0,0.0,,,,gemini35flash
2026091201,rich_boost,fixed_sequence,0.2,,False,0,0,,1082,0,0,0.0,,,,gemini35flash
2026091201,rich_boost,bonferroni,0.2,,False,0,0,,1082,0,0,0.0,,,,gemini35flash
2026091201,rich_boost,fixed_sequence,0.25,0.74,True,284,46,0.21712613206337134,1082,283,53,0.26155268022181144,0.1872791519434629,0.14354606659852837,0.2376962625580196,gemini35flash
2026091201,rich_boost,bonferroni,0.25,0.72,True,303,51,0.2487959291283286,1082,301,60,0.27818853974122,0.19933554817275748,0.15569938529291805,0.24900067109043642,gemini35flash
2026091202,raw_u,fixed_sequence,0.1,,False,0,0,,1082,0,0,0.0,,,,gemini35flash
2026091202,raw_u,bonferroni,0.1,,False,0,0,,1082,0,0,0.0,,,,gemini35flash
2026091202,raw_u,fixed_sequence,0.14285714285714285,,False,0,0,,1082,0,0,0.0,,,,gemini35flash
2026091202,raw_u,bonferroni,0.14285714285714285,,False,0,0,,1082,0,0,0.0,,,,gemini35flash
2026091202,raw_u,fixed_sequence,0.2,,False,0,0,,1082,0,0,0.0,,,,gemini35flash
2026091202,raw_u,bonferroni,0.2,,False,0,0,,1082,0,0,0.0,,,,gemini35flash
2026091202,raw_u,fixed_sequence,0.25,0.91,True,158,26,0.241611419443843,1082,166,23,0.1534195933456562,0.13855421686746988,0.08990250007483117,0.20061287309944775,gemini35flash
2026091202,raw_u,bonferroni,0.25,,False,0,0,,1082,0,0,0.0,,,,gemini35flash
2026091202,u_boost,fixed_sequence,0.1,,False,0,0,,1082,0,0,0.0,,,,gemini35flash
2026091202,u_boost,bonferroni,0.1,,False,0,0,,1082,0,0,0.0,,,,gemini35flash
2026091202,u_boost,fixed_sequence,0.14285714285714285,,False,0,0,,1082,0,0,0.0,,,,gemini35flash
2026091202,u_boost,bonferroni,0.14285714285714285,,False,0,0,,1082,0,0,0.0,,,,gemini35flash
2026091202,u_boost,fixed_sequence,0.2,,False,0,0,,1082,0,0,0.0,,,,gemini35flash
2026091202,u_boost,bonferroni,0.2,,False,0,0,,1082,0,0,0.0,,,,gemini35flash
2026091202,u_boost,fixed_sequence,0.25,0.76,True,158,26,0.241611419443843,1082,166,23,0.1534195933456562,0.13855421686746988,0.08990250007483117,0.20061287309944775,gemini35flash
2026091202,u_boost,bonferroni,0.25,,False,0,0,,1082,0,0,0.0,,,,gemini35flash
2026091202,rich_logistic,fixed_sequence,0.1,,False,0,0,,1082,0,0,0.0,,,,gemini35flash
2026091202,rich_logistic,bonferroni,0.1,,False,0,0,,1082,0,0,0.0,,,,gemini35flash
2026091202,rich_logistic,fixed_sequence,0.14285714285714285,,False,0,0,,1082,0,0,0.0,,,,gemini35flash
2026091202,rich_logistic,bonferroni,0.14285714285714285,,False,0,0,,1082,0,0,0.0,,,,gemini35flash
2026091202,rich_logistic,fixed_sequence,0.2,,False,0,0,,1082,0,0,0.0,,,,gemini35flash
2026091202,rich_logistic,bonferroni,0.2,,False,0,0,,1082,0,0,0.0,,,,gemini35flash
2026091202,rich_logistic,fixed_sequence,0.25,,False,0,0,,1082,0,0,0.0,,,,gemini35flash
2026091202,rich_logistic,bonferroni,0.25,,False,0,0,,1082,0,0,0.0,,,,gemini35flash
2026091202,rich_boost,fixed_sequence,0.1,,False,0,0,,1082,0,0,0.0,,,,gemini35flash
2026091202,rich_boost,bonferroni,0.1,,False,0,0,,1082,0,0,0.0,,,,gemini35flash
2026091202,rich_boost,fixed_sequence,0.14285714285714285,,False,0,0,,1082,0,0,0.0,,,,gemini35flash
2026091202,rich_boost,bonferroni,0.14285714285714285,,False,0,0,,1082,0,0,0.0,,,,gemini35flash
2026091202,rich_boost,fixed_sequence,0.2,,False,0,0,,1082,0,0,0.0,,,,gemini35flash
2026091202,rich_boost,bonferroni,0.2,,False,0,0,,1082,0,0,0.0,,,,gemini35flash
2026091202,rich_boost,fixed_sequence,0.25,,False,0,0,,1082,0,0,0.0,,,,gemini35flash
2026091202,rich_boost,bonferroni,0.25,,False,0,0,,1082,0,0,0.0,,,,gemini35flash
2026091203,raw_u,fixed_sequence,0.1,,False,0,0,,1082,0,0,0.0,,,,gemini35flash
2026091203,raw_u,bonferroni,0.1,,False,0,0,,1082,0,0,0.0,,,,gemini35flash
2026091203,raw_u,fixed_sequence,0.14285714285714285,,False,0,0,,1082,0,0,0.0,,,,gemini35flash
2026091203,raw_u,bonferroni,0.14285714285714285,,False,0,0,,1082,0,0,0.0,,,,gemini35flash
2026091203,raw_u,fixed_sequence,0.2,,False,0,0,,1082,0,0,0.0,,,,gemini35flash
2026091203,raw_u,bonferroni,0.2,,False,0,0,,1082,0,0,0.0,,,,gemini35flash
2026091203,raw_u,fixed_sequence,0.25,0.81,True,325,56,0.22450180794038316,1082,307,63,0.28373382624768945,0.20521172638436483,0.16144520688622505,0.2547691350904276,gemini35flash
2026091203,raw_u,bonferroni,0.25,0.8571428571428571,True,202,28,0.23442820404127943,1082,199,35,0.18391866913123844,0.17587939698492464,0.12566959758570864,0.23602035393473528,gemini35flash
2026091203,u_boost,fixed_sequence,0.1,,False,0,0,,1082,0,0,0.0,,,,gemini35flash
2026091203,u_boost,bonferroni,0.1,,False,0,0,,1082,0,0,0.0,,,,gemini35flash
2026091203,u_boost,fixed_sequence,0.14285714285714285,,False,0,0,,1082,0,0,0.0,,,,gemini35flash
2026091203,u_boost,bonferroni,0.14285714285714285,,False,0,0,,1082,0,0,0.0,,,,gemini35flash
2026091203,u_boost,fixed_sequence,0.2,0.75,True,170,21,0.19141917829939994,1082,178,28,0.1645101663585952,0.15730337078651685,0.10714388771087535,0.21925998596235863,gemini35flash
2026091203,u_boost,bonferroni,0.2,,False,0,0,,1082,0,0,0.0,,,,gemini35flash
2026091203,u_boost,fixed_sequence,0.25,0.65,True,356,65,0.23314069667843282,1082,328,67,0.3031423290203327,0.20426829268292682,0.16195676226355676,0.2520116394130336,gemini35flash
2026091203,u_boost,bonferroni,0.25,0.71,True,293,49,0.24908224280922373,1082,286,56,0.2643253234750462,0.1958041958041958,0.15143125129267443,0.24660451850408685,gemini35flash
2026091203,rich_logistic,fixed_sequence,0.1,,False,0,0,,1082,0,0,0.0,,,,gemini35flash
2026091203,rich_logistic,bonferroni,0.1,,False,0,0,,1082,0,0,0.0,,,,gemini35flash
2026091203,rich_logistic,fixed_sequence,0.14285714285714285,,False,0,0,,1082,0,0,0.0,,,,gemini35flash
2026091203,rich_logistic,bonferroni,0.14285714285714285,,False,0,0,,1082,0,0,0.0,,,,gemini35flash
2026091203,rich_logistic,fixed_sequence,0.2,,False,0,0,,1082,0,0,0.0,,,,gemini35flash
2026091203,rich_logistic,bonferroni,0.2,,False,0,0,,1082,0,0,0.0,,,,gemini35flash
2026091203,rich_logistic,fixed_sequence,0.25,0.75,True,241,35,0.20365793940730373,1082,241,49,0.22273567467652494,0.2033195020746888,0.1543663367470383,0.25972970284431085,gemini35flash
2026091203,rich_logistic,bonferroni,0.25,0.74,True,241,35,0.23296497314282877,1082,242,49,0.22365988909426987,0.2024793388429752,0.153710905724755,0.2586950180383506,gemini35flash
2026091203,rich_boost,fixed_sequence,0.1,,False,0,0,,1082,0,0,0.0,,,,gemini35flash
2026091203,rich_boost,bonferroni,0.1,,False,0,0,,1082,0,0,0.0,,,,gemini35flash
2026091203,rich_boost,fixed_sequence,0.14285714285714285,,False,0,0,,1082,0,0,0.0,,,,gemini35flash
2026091203,rich_boost,bonferroni,0.14285714285714285,,False,0,0,,1082,0,0,0.0,,,,gemini35flash
2026091203,rich_boost,fixed_sequence,0.2,,False,0,0,,1082,0,0,0.0,,,,gemini35flash
2026091203,rich_boost,bonferroni,0.2,,False,0,0,,1082,0,0,0.0,,,,gemini35flash
2026091203,rich_boost,fixed_sequence,0.25,0.73,True,239,35,0.20530225366445878,1082,243,49,0.2245841035120148,0.20164609053497942,0.15306102502563454,0.2576685212492349,gemini35flash
2026091203,rich_boost,bonferroni,0.25,0.68,True,347,58,0.24163307972817355,1082,333,72,0.3077634011090573,0.21621621621621623,0.1731967301952309,0.26436406359429027,gemini35flash
2026091204,raw_u,fixed_sequence,0.1,,False,0,0,,1082,0,0,0.0,,,,gemini35flash
2026091204,raw_u,bonferroni,0.1,,False,0,0,,1082,0,0,0.0,,,,gemini35flash
2026091204,raw_u,fixed_sequence,0.14285714285714285,,False,0,0,,1082,0,0,0.0,,,,gemini35flash
2026091204,raw_u,bonferroni,0.14285714285714285,,False,0,0,,1082,0,0,0.0,,,,gemini35flash
2026091204,raw_u,fixed_sequence,0.2,,False,0,0,,1082,0,0,0.0,,,,gemini35flash
2026091204,raw_u,bonferroni,0.2,,False,0,0,,1082,0,0,0.0,,,,gemini35flash
2026091204,raw_u,fixed_sequence,0.25,0.91,True,153,26,0.2491204882028167,1082,183,33,0.16913123844731978,0.18032786885245902,0.12750011784187232,0.243819232028972,gemini35flash
2026091204,raw_u,bonferroni,0.25,,False,0,0,,1082,0,0,0.0,,,,gemini35flash
2026091204,u_boost,fixed_sequence,0.1,,False,0,0,,1082,0,0,0.0,,,,gemini35flash
2026091204,u_boost,bonferroni,0.1,,False,0,0,,1082,0,0,0.0,,,,gemini35flash
2026091204,u_boost,fixed_sequence,0.14285714285714285,,False,0,0,,1082,0,0,0.0,,,,gemini35flash
2026091204,u_boost,bonferroni,0.14285714285714285,,False,0,0,,1082,0,0,0.0,,,,gemini35flash
2026091204,u_boost,fixed_sequence,0.2,,False,0,0,,1082,0,0,0.0,,,,gemini35flash
2026091204,u_boost,bonferroni,0.2,,False,0,0,,1082,0,0,0.0,,,,gemini35flash
2026091204,u_boost,fixed_sequence,0.25,0.75,True,153,26,0.2491204882028167,1082,183,33,0.16913123844731978,0.18032786885245902,0.12750011784187232,0.243819232028972,gemini35flash
2026091204,u_boost,bonferroni,0.25,,False,0,0,,1082,0,0,0.0,,,,gemini35flash
2026091204,rich_logistic,fixed_sequence,0.1,,False,0,0,,1082,0,0,0.0,,,,gemini35flash
2026091204,rich_logistic,bonferroni,0.1,,False,0,0,,1082,0,0,0.0,,,,gemini35flash
2026091204,rich_logistic,fixed_sequence,0.14285714285714285,,False,0,0,,1082,0,0,0.0,,,,gemini35flash
2026091204,rich_logistic,bonferroni,0.14285714285714285,,False,0,0,,1082,0,0,0.0,,,,gemini35flash
2026091204,rich_logistic,fixed_sequence,0.2,,False,0,0,,1082,0,0,0.0,,,,gemini35flash
2026091204,rich_logistic,bonferroni,0.2,,False,0,0,,1082,0,0,0.0,,,,gemini35flash
2026091204,rich_logistic,fixed_sequence,0.25,,False,0,0,,1082,0,0,0.0,,,,gemini35flash
2026091204,rich_logistic,bonferroni,0.25,,False,0,0,,1082,0,0,0.0,,,,gemini35flash
2026091204,rich_boost,fixed_sequence,0.1,,False,0,0,,1082,0,0,0.0,,,,gemini35flash
2026091204,rich_boost,bonferroni,0.1,,False,0,0,,1082,0,0,0.0,,,,gemini35flash
2026091204,rich_boost,fixed_sequence,0.14285714285714285,,False,0,0,,1082,0,0,0.0,,,,gemini35flash
2026091204,rich_boost,bonferroni,0.14285714285714285,,False,0,0,,1082,0,0,0.0,,,,gemini35flash
2026091204,rich_boost,fixed_sequence,0.2,,False,0,0,,1082,0,0,0.0,,,,gemini35flash
2026091204,rich_boost,bonferroni,0.2,,False,0,0,,1082,0,0,0.0,,,,gemini35flash
2026091204,rich_boost,fixed_sequence,0.25,,False,0,0,,1082,0,0,0.0,,,,gemini35flash
2026091204,rich_boost,bonferroni,0.25,,False,0,0,,1082,0,0,0.0,,,,gemini35flash
2026091205,raw_u,fixed_sequence,0.1,,False,0,0,,1082,0,0,0.0,,,,gemini35flash
2026091205,raw_u,bonferroni,0.1,,False,0,0,,1082,0,0,0.0,,,,gemini35flash
2026091205,raw_u,fixed_sequence,0.14285714285714285,,False,0,0,,1082,0,0,0.0,,,,gemini35flash
2026091205,raw_u,bonferroni,0.14285714285714285,,False,0,0,,1082,0,0,0.0,,,,gemini35flash
2026091205,raw_u,fixed_sequence,0.2,,False,0,0,,1082,0,0,0.0,,,,gemini35flash
2026091205,raw_u,bonferroni,0.2,,False,0,0,,1082,0,0,0.0,,,,gemini35flash
2026091205,raw_u,fixed_sequence,0.25,0.8571428571428571,True,199,33,0.23359909227421077,1082,189,40,0.17467652495378927,0.21164021164021163,0.15571218254217592,0.2768451344185392,gemini35flash
2026091205,raw_u,bonferroni,0.25,,False,0,0,,1082,0,0,0.0,,,,gemini35flash
2026091205,u_boost,fixed_sequence,0.1,,False,0,0,,1082,0,0,0.0,,,,gemini35flash
2026091205,u_boost,bonferroni,0.1,,False,0,0,,1082,0,0,0.0,,,,gemini35flash
2026091205,u_boost,fixed_sequence,0.14285714285714285,,False,0,0,,1082,0,0,0.0,,,,gemini35flash
2026091205,u_boost,bonferroni,0.14285714285714285,,False,0,0,,1082,0,0,0.0,,,,gemini35flash
2026091205,u_boost,fixed_sequence,0.2,,False,0,0,,1082,0,0,0.0,,,,gemini35flash
2026091205,u_boost,bonferroni,0.2,,False,0,0,,1082,0,0,0.0,,,,gemini35flash
2026091205,u_boost,fixed_sequence,0.25,0.74,True,182,28,0.22357167268439318,1082,154,32,0.1423290203327172,0.2077922077922078,0.14668295710506504,0.28048878625548723,gemini35flash
2026091205,u_boost,bonferroni,0.25,,False,0,0,,1082,0,0,0.0,,,,gemini35flash
2026091205,rich_logistic,fixed_sequence,0.1,,False,0,0,,1082,0,0,0.0,,,,gemini35flash
2026091205,rich_logistic,bonferroni,0.1,,False,0,0,,1082,0,0,0.0,,,,gemini35flash
2026091205,rich_logistic,fixed_sequence,0.14285714285714285,,False,0,0,,1082,0,0,0.0,,,,gemini35flash
2026091205,rich_logistic,bonferroni,0.14285714285714285,,False,0,0,,1082,0,0,0.0,,,,gemini35flash
2026091205,rich_logistic,fixed_sequence,0.2,,False,0,0,,1082,0,0,0.0,,,,gemini35flash
2026091205,rich_logistic,bonferroni,0.2,,False,0,0,,1082,0,0,0.0,,,,gemini35flash
2026091205,rich_logistic,fixed_sequence,0.25,0.75,True,219,37,0.2335276941233786,1082,203,39,0.1876155268022181,0.1921182266009852,0.1403260525270474,0.25313733001085603,gemini35flash
2026091205,rich_logistic,bonferroni,0.25,,False,0,0,,1082,0,0,0.0,,,,gemini35flash
2026091205,rich_boost,fixed_sequence,0.1,,False,0,0,,1082,0,0,0.0,,,,gemini35flash
2026091205,rich_boost,bonferroni,0.1,,False,0,0,,1082,0,0,0.0,,,,gemini35flash
2026091205,rich_boost,fixed_sequence,0.14285714285714285,,False,0,0,,1082,0,0,0.0,,,,gemini35flash
2026091205,rich_boost,bonferroni,0.14285714285714285,,False,0,0,,1082,0,0,0.0,,,,gemini35flash
2026091205,rich_boost,fixed_sequence,0.2,,False,0,0,,1082,0,0,0.0,,,,gemini35flash
2026091205,rich_boost,bonferroni,0.2,,False,0,0,,1082,0,0,0.0,,,,gemini35flash
2026091205,rich_boost,fixed_sequence,0.25,0.74,True,216,36,0.23148301471357735,1082,198,38,0.18299445471349354,0.1919191919191919,0.13953819715121718,0.25377104106826887,gemini35flash
2026091205,rich_boost,bonferroni,0.25,,False,0,0,,1082,0,0,0.0,,,,gemini35flash
2026091206,raw_u,fixed_sequence,0.1,,False,0,0,,1082,0,0,0.0,,,,gemini35flash
2026091206,raw_u,bonferroni,0.1,,False,0,0,,1082,0,0,0.0,,,,gemini35flash
2026091206,raw_u,fixed_sequence,0.14285714285714285,,False,0,0,,1082,0,0,0.0,,,,gemini35flash
2026091206,raw_u,bonferroni,0.14285714285714285,,False,0,0,,1082,0,0,0.0,,,,gemini35flash
2026091206,raw_u,fixed_sequence,0.2,,False,0,0,,1082,0,0,0.0,,,,gemini35flash
2026091206,raw_u,bonferroni,0.2,,False,0,0,,1082,0,0,0.0,,,,gemini35flash
2026091206,raw_u,fixed_sequence,0.25,0.81,True,309,58,0.24278738707674163,1082,304,67,0.2809611829944547,0.22039473684210525,0.17508044762925004,0.27125056337706854,gemini35flash
2026091206,raw_u,bonferroni,0.25,,False,0,0,,1082,0,0,0.0,,,,gemini35flash
2026091206,u_boost,fixed_sequence,0.1,,False,0,0,,1082,0,0,0.0,,,,gemini35flash
2026091206,u_boost,bonferroni,0.1,,False,0,0,,1082,0,0,0.0,,,,gemini35flash
2026091206,u_boost,fixed_sequence,0.14285714285714285,,False,0,0,,1082,0,0,0.0,,,,gemini35flash
2026091206,u_boost,bonferroni,0.14285714285714285,,False,0,0,,1082,0,0,0.0,,,,gemini35flash
2026091206,u_boost,fixed_sequence,0.2,,False,0,0,,1082,0,0,0.0,,,,gemini35flash
2026091206,u_boost,bonferroni,0.2,,False,0,0,,1082,0,0,0.0,,,,gemini35flash
2026091206,u_boost,fixed_sequence,0.25,0.74,True,146,20,0.21349526026392746,1082,175,35,0.16173752310536044,0.2,0.1434376762427407,0.2670132279339368,gemini35flash
2026091206,u_boost,bonferroni,0.25,,False,0,0,,1082,0,0,0.0,,,,gemini35flash
2026091206,rich_logistic,fixed_sequence,0.1,,False,0,0,,1082,0,0,0.0,,,,gemini35flash
2026091206,rich_logistic,bonferroni,0.1,,False,0,0,,1082,0,0,0.0,,,,gemini35flash
2026091206,rich_logistic,fixed_sequence,0.14285714285714285,,False,0,0,,1082,0,0,0.0,,,,gemini35flash
2026091206,rich_logistic,bonferroni,0.14285714285714285,,False,0,0,,1082,0,0,0.0,,,,gemini35flash
2026091206,rich_logistic,fixed_sequence,0.2,,False,0,0,,1082,0,0,0.0,,,,gemini35flash
2026091206,rich_logistic,bonferroni,0.2,,False,0,0,,1082,0,0,0.0,,,,gemini35flash
2026091206,rich_logistic,fixed_sequence,0.25,0.74,True,205,34,0.23250345137329048,1082,236,47,0.21811460258780038,0.19915254237288135,0.15015362601016363,0.25587933307461996,gemini35flash
2026091206,rich_logistic,bonferroni,0.25,0.78,True,148,20,0.2492098984648727,1082,181,37,0.16728280961182995,0.20441988950276244,0.14820256090132583,0.27058177696727526,gemini35flash
2026091206,rich_boost,fixed_sequence,0.1,,False,0,0,,1082,0,0,0.0,,,,gemini35flash
2026091206,rich_boost,bonferroni,0.1,,False,0,0,,1082,0,0,0.0,,,,gemini35flash
2026091206,rich_boost,fixed_sequence,0.14285714285714285,,False,0,0,,1082,0,0,0.0,,,,gemini35flash
2026091206,rich_boost,bonferroni,0.14285714285714285,,False,0,0,,1082,0,0,0.0,,,,gemini35flash
2026091206,rich_boost,fixed_sequence,0.2,,False,0,0,,1082,0,0,0.0,,,,gemini35flash
2026091206,rich_boost,bonferroni,0.2,,False,0,0,,1082,0,0,0.0,,,,gemini35flash
2026091206,rich_boost,fixed_sequence,0.25,0.72,True,256,48,0.24856252410011515,1082,272,53,0.2513863216266174,0.1948529411764706,0.14949885567743718,0.24699300916650277,gemini35flash
2026091206,rich_boost,bonferroni,0.25,0.75,True,195,29,0.24842744327329383,1082,221,43,0.20425138632162662,0.19457013574660634,0.14453585235594912,0.2529965155300541,gemini35flash
2026091207,raw_u,fixed_sequence,0.1,,False,0,0,,1082,0,0,0.0,,,,gemini35flash
2026091207,raw_u,bonferroni,0.1,,False,0,0,,1082,0,0,0.0,,,,gemini35flash
2026091207,raw_u,fixed_sequence,0.14285714285714285,,False,0,0,,1082,0,0,0.0,,,,gemini35flash
2026091207,raw_u,bonferroni,0.14285714285714285,,False,0,0,,1082,0,0,0.0,,,,gemini35flash
2026091207,raw_u,fixed_sequence,0.2,,False,0,0,,1082,0,0,0.0,,,,gemini35flash
2026091207,raw_u,bonferroni,0.2,,False,0,0,,1082,0,0,0.0,,,,gemini35flash
2026091207,raw_u,fixed_sequence,0.25,0.91,True,154,24,0.2328388032150455,1082,164,31,0.15157116451016636,0.18902439024390244,0.13219402580818648,0.2574438615314878,gemini35flash
2026091207,raw_u,bonferroni,0.25,,False,0,0,,1082,0,0,0.0,,,,gemini35flash
2026091207,u_boost,fixed_sequence,0.1,,False,0,0,,1082,0,0,0.0,,,,gemini35flash
2026091207,u_boost,bonferroni,0.1,,False,0,0,,1082,0,0,0.0,,,,gemini35flash
2026091207,u_boost,fixed_sequence,0.14285714285714285,,False,0,0,,1082,0,0,0.0,,,,gemini35flash
2026091207,u_boost,bonferroni,0.14285714285714285,,False,0,0,,1082,0,0,0.0,,,,gemini35flash
2026091207,u_boost,fixed_sequence,0.2,,False,0,0,,1082,0,0,0.0,,,,gemini35flash
2026091207,u_boost,bonferroni,0.2,,False,0,0,,1082,0,0,0.0,,,,gemini35flash
2026091207,u_boost,fixed_sequence,0.25,0.74,True,276,49,0.2351735308853,1082,276,66,0.25508317929759705,0.2391304347826087,0.19003939335078038,0.2939182728856931,gemini35flash
2026091207,u_boost,bonferroni,0.25,,False,0,0,,1082,0,0,0.0,,,,gemini35flash
2026091207,rich_logistic,fixed_sequence,0.1,,False,0,0,,1082,0,0,0.0,,,,gemini35flash
2026091207,rich_logistic,bonferroni,0.1,,False,0,0,,1082,0,0,0.0,,,,gemini35flash
2026091207,rich_logistic,fixed_sequence,0.14285714285714285,,False,0,0,,1082,0,0,0.0,,,,gemini35flash
2026091207,rich_logistic,bonferroni,0.14285714285714285,,False,0,0,,1082,0,0,0.0,,,,gemini35flash
2026091207,rich_logistic,fixed_sequence,0.2,,False,0,0,,1082,0,0,0.0,,,,gemini35flash
2026091207,rich_logistic,bonferroni,0.2,,False,0,0,,1082,0,0,0.0,,,,gemini35flash
2026091207,rich_logistic,fixed_sequence,0.25,0.73,True,302,57,0.24461443643474196,1082,325,79,0.300369685767098,0.24307692307692308,0.19743362007957635,0.2934713673250302,gemini35flash
2026091207,rich_logistic,bonferroni,0.25,,False,0,0,,1082,0,0,0.0,,,,gemini35flash
2026091207,rich_boost,fixed_sequence,0.1,,False,0,0,,1082,0,0,0.0,,,,gemini35flash
2026091207,rich_boost,bonferroni,0.1,,False,0,0,,1082,0,0,0.0,,,,gemini35flash
2026091207,rich_boost,fixed_sequence,0.14285714285714285,,False,0,0,,1082,0,0,0.0,,,,gemini35flash
2026091207,rich_boost,bonferroni,0.14285714285714285,,False,0,0,,1082,0,0,0.0,,,,gemini35flash
2026091207,rich_boost,fixed_sequence,0.2,,False,0,0,,1082,0,0,0.0,,,,gemini35flash
2026091207,rich_boost,bonferroni,0.2,,False,0,0,,1082,0,0,0.0,,,,gemini35flash
2026091207,rich_boost,fixed_sequence,0.25,0.67,True,338,66,0.2483450571740421,1082,343,81,0.3170055452865065,0.23615160349854228,0.1921954092428859,0.2847288956371815,gemini35flash
2026091207,rich_boost,bonferroni,0.25,0.77,True,197,29,0.24605725890040095,1082,207,42,0.1913123844731978,0.2028985507246377,0.15031804361276177,0.26419816459402057,gemini35flash
2026091208,raw_u,fixed_sequence,0.1,,False,0,0,,1082,0,0,0.0,,,,gemini35flash
2026091208,raw_u,bonferroni,0.1,,False,0,0,,1082,0,0,0.0,,,,gemini35flash
2026091208,raw_u,fixed_sequence,0.14285714285714285,,False,0,0,,1082,0,0,0.0,,,,gemini35flash
2026091208,raw_u,bonferroni,0.14285714285714285,,False,0,0,,1082,0,0,0.0,,,,gemini35flash
2026091208,raw_u,fixed_sequence,0.2,,False,0,0,,1082,0,0,0.0,,,,gemini35flash
2026091208,raw_u,bonferroni,0.2,,False,0,0,,1082,0,0,0.0,,,,gemini35flash
2026091208,raw_u,fixed_sequence,0.25,,False,0,0,,1082,0,0,0.0,,,,gemini35flash
2026091208,raw_u,bonferroni,0.25,,False,0,0,,1082,0,0,0.0,,,,gemini35flash
2026091208,u_boost,fixed_sequence,0.1,,False,0,0,,1082,0,0,0.0,,,,gemini35flash
2026091208,u_boost,bonferroni,0.1,,False,0,0,,1082,0,0,0.0,,,,gemini35flash
2026091208,u_boost,fixed_sequence,0.14285714285714285,,False,0,0,,1082,0,0,0.0,,,,gemini35flash
2026091208,u_boost,bonferroni,0.14285714285714285,,False,0,0,,1082,0,0,0.0,,,,gemini35flash
2026091208,u_boost,fixed_sequence,0.2,,False,0,0,,1082,0,0,0.0,,,,gemini35flash
2026091208,u_boost,bonferroni,0.2,,False,0,0,,1082,0,0,0.0,,,,gemini35flash
2026091208,u_boost,fixed_sequence,0.25,,False,0,0,,1082,0,0,0.0,,,,gemini35flash
2026091208,u_boost,bonferroni,0.25,,False,0,0,,1082,0,0,0.0,,,,gemini35flash
2026091208,rich_logistic,fixed_sequence,0.1,,False,0,0,,1082,0,0,0.0,,,,gemini35flash
2026091208,rich_logistic,bonferroni,0.1,,False,0,0,,1082,0,0,0.0,,,,gemini35flash
2026091208,rich_logistic,fixed_sequence,0.14285714285714285,,False,0,0,,1082,0,0,0.0,,,,gemini35flash
2026091208,rich_logistic,bonferroni,0.14285714285714285,,False,0,0,,1082,0,0,0.0,,,,gemini35flash
2026091208,rich_logistic,fixed_sequence,0.2,,False,0,0,,1082,0,0,0.0,,,,gemini35flash
2026091208,rich_logistic,bonferroni,0.2,,False,0,0,,1082,0,0,0.0,,,,gemini35flash
2026091208,rich_logistic,fixed_sequence,0.25,,False,0,0,,1082,0,0,0.0,,,,gemini35flash
2026091208,rich_logistic,bonferroni,0.25,,False,0,0,,1082,0,0,0.0,,,,gemini35flash
2026091208,rich_boost,fixed_sequence,0.1,,False,0,0,,1082,0,0,0.0,,,,gemini35flash
2026091208,rich_boost,bonferroni,0.1,,False,0,0,,1082,0,0,0.0,,,,gemini35flash
2026091208,rich_boost,fixed_sequence,0.14285714285714285,,False,0,0,,1082,0,0,0.0,,,,gemini35flash
2026091208,rich_boost,bonferroni,0.14285714285714285,,False,0,0,,1082,0,0,0.0,,,,gemini35flash
2026091208,rich_boost,fixed_sequence,0.2,,False,0,0,,1082,0,0,0.0,,,,gemini35flash
2026091208,rich_boost,bonferroni,0.2,,False,0,0,,1082,0,0,0.0,,,,gemini35flash
2026091208,rich_boost,fixed_sequence,0.25,,False,0,0,,1082,0,0,0.0,,,,gemini35flash
2026091208,rich_boost,bonferroni,0.25,,False,0,0,,1082,0,0,0.0,,,,gemini35flash
2026091209,raw_u,fixed_sequence,0.1,,False,0,0,,1082,0,0,0.0,,,,gemini35flash
2026091209,raw_u,bonferroni,0.1,,False,0,0,,1082,0,0,0.0,,,,gemini35flash
2026091209,raw_u,fixed_sequence,0.14285714285714285,,False,0,0,,1082,0,0,0.0,,,,gemini35flash
2026091209,raw_u,bonferroni,0.14285714285714285,,False,0,0,,1082,0,0,0.0,,,,gemini35flash
2026091209,raw_u,fixed_sequence,0.2,,False,0,0,,1082,0,0,0.0,,,,gemini35flash
2026091209,raw_u,bonferroni,0.2,,False,0,0,,1082,0,0,0.0,,,,gemini35flash
2026091209,raw_u,fixed_sequence,0.25,,False,0,0,,1082,0,0,0.0,,,,gemini35flash
2026091209,raw_u,bonferroni,0.25,,False,0,0,,1082,0,0,0.0,,,,gemini35flash
2026091209,u_boost,fixed_sequence,0.1,,False,0,0,,1082,0,0,0.0,,,,gemini35flash
2026091209,u_boost,bonferroni,0.1,,False,0,0,,1082,0,0,0.0,,,,gemini35flash
2026091209,u_boost,fixed_sequence,0.14285714285714285,,False,0,0,,1082,0,0,0.0,,,,gemini35flash
2026091209,u_boost,bonferroni,0.14285714285714285,,False,0,0,,1082,0,0,0.0,,,,gemini35flash
2026091209,u_boost,fixed_sequence,0.2,,False,0,0,,1082,0,0,0.0,,,,gemini35flash
2026091209,u_boost,bonferroni,0.2,,False,0,0,,1082,0,0,0.0,,,,gemini35flash
2026091209,u_boost,fixed_sequence,0.25,,False,0,0,,1082,0,0,0.0,,,,gemini35flash
2026091209,u_boost,bonferroni,0.25,,False,0,0,,1082,0,0,0.0,,,,gemini35flash
2026091209,rich_logistic,fixed_sequence,0.1,,False,0,0,,1082,0,0,0.0,,,,gemini35flash
2026091209,rich_logistic,bonferroni,0.1,,False,0,0,,1082,0,0,0.0,,,,gemini35flash
2026091209,rich_logistic,fixed_sequence,0.14285714285714285,,False,0,0,,1082,0,0,0.0,,,,gemini35flash
2026091209,rich_logistic,bonferroni,0.14285714285714285,,False,0,0,,1082,0,0,0.0,,,,gemini35flash
2026091209,rich_logistic,fixed_sequence,0.2,,False,0,0,,1082,0,0,0.0,,,,gemini35flash
2026091209,rich_logistic,bonferroni,0.2,,False,0,0,,1082,0,0,0.0,,,,gemini35flash
2026091209,rich_logistic,fixed_sequence,0.25,,False,0,0,,1082,0,0,0.0,,,,gemini35flash
2026091209,rich_logistic,bonferroni,0.25,,False,0,0,,1082,0,0,0.0,,,,gemini35flash
2026091209,rich_boost,fixed_sequence,0.1,,False,0,0,,1082,0,0,0.0,,,,gemini35flash
2026091209,rich_boost,bonferroni,0.1,,False,0,0,,1082,0,0,0.0,,,,gemini35flash
2026091209,rich_boost,fixed_sequence,0.14285714285714285,,False,0,0,,1082,0,0,0.0,,,,gemini35flash
2026091209,rich_boost,bonferroni,0.14285714285714285,,False,0,0,,1082,0,0,0.0,,,,gemini35flash
2026091209,rich_boost,fixed_sequence,0.2,,False,0,0,,1082,0,0,0.0,,,,gemini35flash
2026091209,rich_boost,bonferroni,0.2,,False,0,0,,1082,0,0,0.0,,,,gemini35flash
2026091209,rich_boost,fixed_sequence,0.25,,False,0,0,,1082,0,0,0.0,,,,gemini35flash
2026091209,rich_boost,bonferroni,0.25,,False,0,0,,1082,0,0,0.0,,,,gemini35flash
2026091210,raw_u,fixed_sequence,0.1,,False,0,0,,1082,0,0,0.0,,,,gemini35flash
2026091210,raw_u,bonferroni,0.1,,False,0,0,,1082,0,0,0.0,,,,gemini35flash
2026091210,raw_u,fixed_sequence,0.14285714285714285,,False,0,0,,1082,0,0,0.0,,,,gemini35flash
2026091210,raw_u,bonferroni,0.14285714285714285,,False,0,0,,1082,0,0,0.0,,,,gemini35flash
2026091210,raw_u,fixed_sequence,0.2,,False,0,0,,1082,0,0,0.0,,,,gemini35flash
2026091210,raw_u,bonferroni,0.2,,False,0,0,,1082,0,0,0.0,,,,gemini35flash
2026091210,raw_u,fixed_sequence,0.25,,False,0,0,,1082,0,0,0.0,,,,gemini35flash
2026091210,raw_u,bonferroni,0.25,,False,0,0,,1082,0,0,0.0,,,,gemini35flash
2026091210,u_boost,fixed_sequence,0.1,,False,0,0,,1082,0,0,0.0,,,,gemini35flash
2026091210,u_boost,bonferroni,0.1,,False,0,0,,1082,0,0,0.0,,,,gemini35flash
2026091210,u_boost,fixed_sequence,0.14285714285714285,,False,0,0,,1082,0,0,0.0,,,,gemini35flash
2026091210,u_boost,bonferroni,0.14285714285714285,,False,0,0,,1082,0,0,0.0,,,,gemini35flash
2026091210,u_boost,fixed_sequence,0.2,,False,0,0,,1082,0,0,0.0,,,,gemini35flash
2026091210,u_boost,bonferroni,0.2,,False,0,0,,1082,0,0,0.0,,,,gemini35flash
2026091210,u_boost,fixed_sequence,0.25,,False,0,0,,1082,0,0,0.0,,,,gemini35flash
2026091210,u_boost,bonferroni,0.25,,False,0,0,,1082,0,0,0.0,,,,gemini35flash
2026091210,rich_logistic,fixed_sequence,0.1,,False,0,0,,1082,0,0,0.0,,,,gemini35flash
2026091210,rich_logistic,bonferroni,0.1,,False,0,0,,1082,0,0,0.0,,,,gemini35flash
2026091210,rich_logistic,fixed_sequence,0.14285714285714285,,False,0,0,,1082,0,0,0.0,,,,gemini35flash
2026091210,rich_logistic,bonferroni,0.14285714285714285,,False,0,0,,1082,0,0,0.0,,,,gemini35flash
2026091210,rich_logistic,fixed_sequence,0.2,,False,0,0,,1082,0,0,0.0,,,,gemini35flash
2026091210,rich_logistic,bonferroni,0.2,,False,0,0,,1082,0,0,0.0,,,,gemini35flash
2026091210,rich_logistic,fixed_sequence,0.25,,False,0,0,,1082,0,0,0.0,,,,gemini35flash
2026091210,rich_logistic,bonferroni,0.25,,False,0,0,,1082,0,0,0.0,,,,gemini35flash
2026091210,rich_boost,fixed_sequence,0.1,,False,0,0,,1082,0,0,0.0,,,,gemini35flash
2026091210,rich_boost,bonferroni,0.1,,False,0,0,,1082,0,0,0.0,,,,gemini35flash
2026091210,rich_boost,fixed_sequence,0.14285714285714285,,False,0,0,,1082,0,0,0.0,,,,gemini35flash
2026091210,rich_boost,bonferroni,0.14285714285714285,,False,0,0,,1082,0,0,0.0,,,,gemini35flash
2026091210,rich_boost,fixed_sequence,0.2,,False,0,0,,1082,0,0,0.0,,,,gemini35flash
2026091210,rich_boost,bonferroni,0.2,,False,0,0,,1082,0,0,0.0,,,,gemini35flash
2026091210,rich_boost,fixed_sequence,0.25,,False,0,0,,1082,0,0,0.0,,,,gemini35flash
2026091210,rich_boost,bonferroni,0.25,,False,0,0,,1082,0,0,0.0,,,,gemini35flash
2026091211,raw_u,fixed_sequence,0.1,,False,0,0,,1082,0,0,0.0,,,,gemini35flash
2026091211,raw_u,bonferroni,0.1,,False,0,0,,1082,0,0,0.0,,,,gemini35flash
2026091211,raw_u,fixed_sequence,0.14285714285714285,,False,0,0,,1082,0,0,0.0,,,,gemini35flash
2026091211,raw_u,bonferroni,0.14285714285714285,,False,0,0,,1082,0,0,0.0,,,,gemini35flash
2026091211,raw_u,fixed_sequence,0.2,,False,0,0,,1082,0,0,0.0,,,,gemini35flash
2026091211,raw_u,bonferroni,0.2,,False,0,0,,1082,0,0,0.0,,,,gemini35flash
2026091211,raw_u,fixed_sequence,0.25,,False,0,0,,1082,0,0,0.0,,,,gemini35flash
2026091211,raw_u,bonferroni,0.25,,False,0,0,,1082,0,0,0.0,,,,gemini35flash
2026091211,u_boost,fixed_sequence,0.1,,False,0,0,,1082,0,0,0.0,,,,gemini35flash
2026091211,u_boost,bonferroni,0.1,,False,0,0,,1082,0,0,0.0,,,,gemini35flash
2026091211,u_boost,fixed_sequence,0.14285714285714285,,False,0,0,,1082,0,0,0.0,,,,gemini35flash
2026091211,u_boost,bonferroni,0.14285714285714285,,False,0,0,,1082,0,0,0.0,,,,gemini35flash
2026091211,u_boost,fixed_sequence,0.2,,False,0,0,,1082,0,0,0.0,,,,gemini35flash
2026091211,u_boost,bonferroni,0.2,,False,0,0,,1082,0,0,0.0,,,,gemini35flash
2026091211,u_boost,fixed_sequence,0.25,,False,0,0,,1082,0,0,0.0,,,,gemini35flash
2026091211,u_boost,bonferroni,0.25,,False,0,0,,1082,0,0,0.0,,,,gemini35flash
2026091211,rich_logistic,fixed_sequence,0.1,,False,0,0,,1082,0,0,0.0,,,,gemini35flash
2026091211,rich_logistic,bonferroni,0.1,,False,0,0,,1082,0,0,0.0,,,,gemini35flash
2026091211,rich_logistic,fixed_sequence,0.14285714285714285,,False,0,0,,1082,0,0,0.0,,,,gemini35flash
2026091211,rich_logistic,bonferroni,0.14285714285714285,,False,0,0,,1082,0,0,0.0,,,,gemini35flash
2026091211,rich_logistic,fixed_sequence,0.2,,False,0,0,,1082,0,0,0.0,,,,gemini35flash
2026091211,rich_logistic,bonferroni,0.2,,False,0,0,,1082,0,0,0.0,,,,gemini35flash
2026091211,rich_logistic,fixed_sequence,0.25,,False,0,0,,1082,0,0,0.0,,,,gemini35flash
2026091211,rich_logistic,bonferroni,0.25,,False,0,0,,1082,0,0,0.0,,,,gemini35flash
2026091211,rich_boost,fixed_sequence,0.1,,False,0,0,,1082,0,0,0.0,,,,gemini35flash
2026091211,rich_boost,bonferroni,0.1,,False,0,0,,1082,0,0,0.0,,,,gemini35flash
2026091211,rich_boost,fixed_sequence,0.14285714285714285,,False,0,0,,1082,0,0,0.0,,,,gemini35flash
2026091211,rich_boost,bonferroni,0.14285714285714285,,False,0,0,,1082,0,0,0.0,,,,gemini35flash
2026091211,rich_boost,fixed_sequence,0.2,,False,0,0,,1082,0,0,0.0,,,,gemini35flash
2026091211,rich_boost,bonferroni,0.2,,False,0,0,,1082,0,0,0.0,,,,gemini35flash
2026091211,rich_boost,fixed_sequence,0.25,,False,0,0,,1082,0,0,0.0,,,,gemini35flash
2026091211,rich_boost,bonferroni,0.25,,False,0,0,,1082,0,0,0.0,,,,gemini35flash
2026091212,raw_u,fixed_sequence,0.1,,False,0,0,,1082,0,0,0.0,,,,gemini35flash
2026091212,raw_u,bonferroni,0.1,,False,0,0,,1082,0,0,0.0,,,,gemini35flash
2026091212,raw_u,fixed_sequence,0.14285714285714285,,False,0,0,,1082,0,0,0.0,,,,gemini35flash
2026091212,raw_u,bonferroni,0.14285714285714285,,False,0,0,,1082,0,0,0.0,,,,gemini35flash
2026091212,raw_u,fixed_sequence,0.2,,False,0,0,,1082,0,0,0.0,,,,gemini35flash
2026091212,raw_u,bonferroni,0.2,,False,0,0,,1082,0,0,0.0,,,,gemini35flash
2026091212,raw_u,fixed_sequence,0.25,,False,0,0,,1082,0,0,0.0,,,,gemini35flash
2026091212,raw_u,bonferroni,0.25,,False,0,0,,1082,0,0,0.0,,,,gemini35flash
2026091212,u_boost,fixed_sequence,0.1,,False,0,0,,1082,0,0,0.0,,,,gemini35flash
2026091212,u_boost,bonferroni,0.1,,False,0,0,,1082,0,0,0.0,,,,gemini35flash
2026091212,u_boost,fixed_sequence,0.14285714285714285,,False,0,0,,1082,0,0,0.0,,,,gemini35flash
2026091212,u_boost,bonferroni,0.14285714285714285,,False,0,0,,1082,0,0,0.0,,,,gemini35flash
2026091212,u_boost,fixed_sequence,0.2,,False,0,0,,1082,0,0,0.0,,,,gemini35flash
2026091212,u_boost,bonferroni,0.2,,False,0,0,,1082,0,0,0.0,,,,gemini35flash
2026091212,u_boost,fixed_sequence,0.25,,False,0,0,,1082,0,0,0.0,,,,gemini35flash
2026091212,u_boost,bonferroni,0.25,,False,0,0,,1082,0,0,0.0,,,,gemini35flash
2026091212,rich_logistic,fixed_sequence,0.1,,False,0,0,,1082,0,0,0.0,,,,gemini35flash
2026091212,rich_logistic,bonferroni,0.1,,False,0,0,,1082,0,0,0.0,,,,gemini35flash
2026091212,rich_logistic,fixed_sequence,0.14285714285714285,,False,0,0,,1082,0,0,0.0,,,,gemini35flash
2026091212,rich_logistic,bonferroni,0.14285714285714285,,False,0,0,,1082,0,0,0.0,,,,gemini35flash
2026091212,rich_logistic,fixed_sequence,0.2,,False,0,0,,1082,0,0,0.0,,,,gemini35flash
2026091212,rich_logistic,bonferroni,0.2,,False,0,0,,1082,0,0,0.0,,,,gemini35flash
2026091212,rich_logistic,fixed_sequence,0.25,,False,0,0,,1082,0,0,0.0,,,,gemini35flash
2026091212,rich_logistic,bonferroni,0.25,,False,0,0,,1082,0,0,0.0,,,,gemini35flash
2026091212,rich_boost,fixed_sequence,0.1,,False,0,0,,1082,0,0,0.0,,,,gemini35flash
2026091212,rich_boost,bonferroni,0.1,,False,0,0,,1082,0,0,0.0,,,,gemini35flash
2026091212,rich_boost,fixed_sequence,0.14285714285714285,,False,0,0,,1082,0,0,0.0,,,,gemini35flash
2026091212,rich_boost,bonferroni,0.14285714285714285,,False,0,0,,1082,0,0,0.0,,,,gemini35flash
2026091212,rich_boost,fixed_sequence,0.2,,False,0,0,,1082,0,0,0.0,,,,gemini35flash
2026091212,rich_boost,bonferroni,0.2,,False,0,0,,1082,0,0,0.0,,,,gemini35flash
2026091212,rich_boost,fixed_sequence,0.25,,False,0,0,,1082,0,0,0.0,,,,gemini35flash
2026091212,rich_boost,bonferroni,0.25,,False,0,0,,1082,0,0,0.0,,,,gemini35flash
2026091213,raw_u,fixed_sequence,0.1,,False,0,0,,1082,0,0,0.0,,,,gemini35flash
2026091213,raw_u,bonferroni,0.1,,False,0,0,,1082,0,0,0.0,,,,gemini35flash
2026091213,raw_u,fixed_sequence,0.14285714285714285,,False,0,0,,1082,0,0,0.0,,,,gemini35flash
2026091213,raw_u,bonferroni,0.14285714285714285,,False,0,0,,1082,0,0,0.0,,,,gemini35flash
2026091213,raw_u,fixed_sequence,0.2,,False,0,0,,1082,0,0,0.0,,,,gemini35flash
2026091213,raw_u,bonferroni,0.2,,False,0,0,,1082,0,0,0.0,,,,gemini35flash
2026091213,raw_u,fixed_sequence,0.25,,False,0,0,,1082,0,0,0.0,,,,gemini35flash
2026091213,raw_u,bonferroni,0.25,,False,0,0,,1082,0,0,0.0,,,,gemini35flash
2026091213,u_boost,fixed_sequence,0.1,,False,0,0,,1082,0,0,0.0,,,,gemini35flash
2026091213,u_boost,bonferroni,0.1,,False,0,0,,1082,0,0,0.0,,,,gemini35flash
2026091213,u_boost,fixed_sequence,0.14285714285714285,,False,0,0,,1082,0,0,0.0,,,,gemini35flash
2026091213,u_boost,bonferroni,0.14285714285714285,,False,0,0,,1082,0,0,0.0,,,,gemini35flash
2026091213,u_boost,fixed_sequence,0.2,,False,0,0,,1082,0,0,0.0,,,,gemini35flash
2026091213,u_boost,bonferroni,0.2,,False,0,0,,1082,0,0,0.0,,,,gemini35flash
2026091213,u_boost,fixed_sequence,0.25,,False,0,0,,1082,0,0,0.0,,,,gemini35flash
2026091213,u_boost,bonferroni,0.25,,False,0,0,,1082,0,0,0.0,,,,gemini35flash
2026091213,rich_logistic,fixed_sequence,0.1,,False,0,0,,1082,0,0,0.0,,,,gemini35flash
2026091213,rich_logistic,bonferroni,0.1,,False,0,0,,1082,0,0,0.0,,,,gemini35flash
2026091213,rich_logistic,fixed_sequence,0.14285714285714285,,False,0,0,,1082,0,0,0.0,,,,gemini35flash
2026091213,rich_logistic,bonferroni,0.14285714285714285,,False,0,0,,1082,0,0,0.0,,,,gemini35flash
2026091213,rich_logistic,fixed_sequence,0.2,,False,0,0,,1082,0,0,0.0,,,,gemini35flash
2026091213,rich_logistic,bonferroni,0.2,,False,0,0,,1082,0,0,0.0,,,,gemini35flash
2026091213,rich_logistic,fixed_sequence,0.25,,False,0,0,,1082,0,0,0.0,,,,gemini35flash
2026091213,rich_logistic,bonferroni,0.25,,False,0,0,,1082,0,0,0.0,,,,gemini35flash
2026091213,rich_boost,fixed_sequence,0.1,,False,0,0,,1082,0,0,0.0,,,,gemini35flash
2026091213,rich_boost,bonferroni,0.1,,False,0,0,,1082,0,0,0.0,,,,gemini35flash
2026091213,rich_boost,fixed_sequence,0.14285714285714285,,False,0,0,,1082,0,0,0.0,,,,gemini35flash
2026091213,rich_boost,bonferroni,0.14285714285714285,,False,0,0,,1082,0,0,0.0,,,,gemini35flash
2026091213,rich_boost,fixed_sequence,0.2,,False,0,0,,1082,0,0,0.0,,,,gemini35flash
2026091213,rich_boost,bonferroni,0.2,,False,0,0,,1082,0,0,0.0,,,,gemini35flash
2026091213,rich_boost,fixed_sequence,0.25,,False,0,0,,1082,0,0,0.0,,,,gemini35flash
2026091213,rich_boost,bonferroni,0.25,,False,0,0,,1082,0,0,0.0,,,,gemini35flash
2026091214,raw_u,fixed_sequence,0.1,,False,0,0,,1082,0,0,0.0,,,,gemini35flash
2026091214,raw_u,bonferroni,0.1,,False,0,0,,1082,0,0,0.0,,,,gemini35flash
2026091214,raw_u,fixed_sequence,0.14285714285714285,,False,0,0,,1082,0,0,0.0,,,,gemini35flash
2026091214,raw_u,bonferroni,0.14285714285714285,,False,0,0,,1082,0,0,0.0,,,,gemini35flash
2026091214,raw_u,fixed_sequence,0.2,,False,0,0,,1082,0,0,0.0,,,,gemini35flash
2026091214,raw_u,bonferroni,0.2,,False,0,0,,1082,0,0,0.0,,,,gemini35flash
2026091214,raw_u,fixed_sequence,0.25,0.8571428571428571,True,191,34,0.24879625717693277,1082,172,29,0.1589648798521257,0.1686046511627907,0.11591993977057374,0.2330844303297394,gemini35flash
2026091214,raw_u,bonferroni,0.25,,False,0,0,,1082,0,0,0.0,,,,gemini35flash
2026091214,u_boost,fixed_sequence,0.1,,False,0,0,,1082,0,0,0.0,,,,gemini35flash
2026091214,u_boost,bonferroni,0.1,,False,0,0,,1082,0,0,0.0,,,,gemini35flash
2026091214,u_boost,fixed_sequence,0.14285714285714285,,False,0,0,,1082,0,0,0.0,,,,gemini35flash
2026091214,u_boost,bonferroni,0.14285714285714285,,False,0,0,,1082,0,0,0.0,,,,gemini35flash
2026091214,u_boost,fixed_sequence,0.2,,False,0,0,,1082,0,0,0.0,,,,gemini35flash
2026091214,u_boost,bonferroni,0.2,,False,0,0,,1082,0,0,0.0,,,,gemini35flash
2026091214,u_boost,fixed_sequence,0.25,0.76,True,169,29,0.24664650496062493,1082,141,19,0.13031423290203328,0.1347517730496454,0.08311983537852838,0.20240900565724324,gemini35flash
2026091214,u_boost,bonferroni,0.25,,False,0,0,,1082,0,0,0.0,,,,gemini35flash
2026091214,rich_logistic,fixed_sequence,0.1,,False,0,0,,1082,0,0,0.0,,,,gemini35flash
2026091214,rich_logistic,bonferroni,0.1,,False,0,0,,1082,0,0,0.0,,,,gemini35flash
2026091214,rich_logistic,fixed_sequence,0.14285714285714285,,False,0,0,,1082,0,0,0.0,,,,gemini35flash
2026091214,rich_logistic,bonferroni,0.14285714285714285,,False,0,0,,1082,0,0,0.0,,,,gemini35flash
2026091214,rich_logistic,fixed_sequence,0.2,,False,0,0,,1082,0,0,0.0,,,,gemini35flash
2026091214,rich_logistic,bonferroni,0.2,,False,0,0,,1082,0,0,0.0,,,,gemini35flash
2026091214,rich_logistic,fixed_sequence,0.25,0.75,True,219,37,0.2335276941233786,1082,199,31,0.18391866913123844,0.15577889447236182,0.10836453686204317,0.21376925910235328,gemini35flash
2026091214,rich_logistic,bonferroni,0.25,,False,0,0,,1082,0,0,0.0,,,,gemini35flash
2026091214,rich_boost,fixed_sequence,0.1,,False,0,0,,1082,0,0,0.0,,,,gemini35flash
2026091214,rich_boost,bonferroni,0.1,,False,0,0,,1082,0,0,0.0,,,,gemini35flash
2026091214,rich_boost,fixed_sequence,0.14285714285714285,,False,0,0,,1082,0,0,0.0,,,,gemini35flash
2026091214,rich_boost,bonferroni,0.14285714285714285,,False,0,0,,1082,0,0,0.0,,,,gemini35flash
2026091214,rich_boost,fixed_sequence,0.2,,False,0,0,,1082,0,0,0.0,,,,gemini35flash
2026091214,rich_boost,bonferroni,0.2,,False,0,0,,1082,0,0,0.0,,,,gemini35flash
2026091214,rich_boost,fixed_sequence,0.25,0.71,True,300,58,0.24981132603465778,1082,290,58,0.2680221811460259,0.2,0.1555137174184951,0.2507337940458211,gemini35flash
2026091214,rich_boost,bonferroni,0.25,,False,0,0,,1082,0,0,0.0,,,,gemini35flash
2026091215,raw_u,fixed_sequence,0.1,,False,0,0,,1082,0,0,0.0,,,,gemini35flash
2026091215,raw_u,bonferroni,0.1,,False,0,0,,1082,0,0,0.0,,,,gemini35flash
2026091215,raw_u,fixed_sequence,0.14285714285714285,,False,0,0,,1082,0,0,0.0,,,,gemini35flash
2026091215,raw_u,bonferroni,0.14285714285714285,,False,0,0,,1082,0,0,0.0,,,,gemini35flash
2026091215,raw_u,fixed_sequence,0.2,,False,0,0,,1082,0,0,0.0,,,,gemini35flash
2026091215,raw_u,bonferroni,0.2,,False,0,0,,1082,0,0,0.0,,,,gemini35flash
2026091215,raw_u,fixed_sequence,0.25,,False,0,0,,1082,0,0,0.0,,,,gemini35flash
2026091215,raw_u,bonferroni,0.25,,False,0,0,,1082,0,0,0.0,,,,gemini35flash
2026091215,u_boost,fixed_sequence,0.1,,False,0,0,,1082,0,0,0.0,,,,gemini35flash
2026091215,u_boost,bonferroni,0.1,,False,0,0,,1082,0,0,0.0,,,,gemini35flash
2026091215,u_boost,fixed_sequence,0.14285714285714285,,False,0,0,,1082,0,0,0.0,,,,gemini35flash
2026091215,u_boost,bonferroni,0.14285714285714285,,False,0,0,,1082,0,0,0.0,,,,gemini35flash
2026091215,u_boost,fixed_sequence,0.2,,False,0,0,,1082,0,0,0.0,,,,gemini35flash
2026091215,u_boost,bonferroni,0.2,,False,0,0,,1082,0,0,0.0,,,,gemini35flash
2026091215,u_boost,fixed_sequence,0.25,,False,0,0,,1082,0,0,0.0,,,,gemini35flash
2026091215,u_boost,bonferroni,0.25,,False,0,0,,1082,0,0,0.0,,,,gemini35flash
2026091215,rich_logistic,fixed_sequence,0.1,,False,0,0,,1082,0,0,0.0,,,,gemini35flash
2026091215,rich_logistic,bonferroni,0.1,,False,0,0,,1082,0,0,0.0,,,,gemini35flash
2026091215,rich_logistic,fixed_sequence,0.14285714285714285,,False,0,0,,1082,0,0,0.0,,,,gemini35flash
2026091215,rich_logistic,bonferroni,0.14285714285714285,,False,0,0,,1082,0,0,0.0,,,,gemini35flash
2026091215,rich_logistic,fixed_sequence,0.2,,False,0,0,,1082,0,0,0.0,,,,gemini35flash
2026091215,rich_logistic,bonferroni,0.2,,False,0,0,,1082,0,0,0.0,,,,gemini35flash
2026091215,rich_logistic,fixed_sequence,0.25,,False,0,0,,1082,0,0,0.0,,,,gemini35flash
2026091215,rich_logistic,bonferroni,0.25,,False,0,0,,1082,0,0,0.0,,,,gemini35flash
2026091215,rich_boost,fixed_sequence,0.1,,False,0,0,,1082,0,0,0.0,,,,gemini35flash
2026091215,rich_boost,bonferroni,0.1,,False,0,0,,1082,0,0,0.0,,,,gemini35flash
2026091215,rich_boost,fixed_sequence,0.14285714285714285,,False,0,0,,1082,0,0,0.0,,,,gemini35flash
2026091215,rich_boost,bonferroni,0.14285714285714285,,False,0,0,,1082,0,0,0.0,,,,gemini35flash
2026091215,rich_boost,fixed_sequence,0.2,,False,0,0,,1082,0,0,0.0,,,,gemini35flash
2026091215,rich_boost,bonferroni,0.2,,False,0,0,,1082,0,0,0.0,,,,gemini35flash
2026091215,rich_boost,fixed_sequence,0.25,,False,0,0,,1082,0,0,0.0,,,,gemini35flash
2026091215,rich_boost,bonferroni,0.25,,False,0,0,,1082,0,0,0.0,,,,gemini35flash
2026091216,raw_u,fixed_sequence,0.1,,False,0,0,,1082,0,0,0.0,,,,gemini35flash
2026091216,raw_u,bonferroni,0.1,,False,0,0,,1082,0,0,0.0,,,,gemini35flash
2026091216,raw_u,fixed_sequence,0.14285714285714285,,False,0,0,,1082,0,0,0.0,,,,gemini35flash
2026091216,raw_u,bonferroni,0.14285714285714285,,False,0,0,,1082,0,0,0.0,,,,gemini35flash
2026091216,raw_u,fixed_sequence,0.2,,False,0,0,,1082,0,0,0.0,,,,gemini35flash
2026091216,raw_u,bonferroni,0.2,,False,0,0,,1082,0,0,0.0,,,,gemini35flash
2026091216,raw_u,fixed_sequence,0.25,,False,0,0,,1082,0,0,0.0,,,,gemini35flash
2026091216,raw_u,bonferroni,0.25,,False,0,0,,1082,0,0,0.0,,,,gemini35flash
2026091216,u_boost,fixed_sequence,0.1,,False,0,0,,1082,0,0,0.0,,,,gemini35flash
2026091216,u_boost,bonferroni,0.1,,False,0,0,,1082,0,0,0.0,,,,gemini35flash
2026091216,u_boost,fixed_sequence,0.14285714285714285,,False,0,0,,1082,0,0,0.0,,,,gemini35flash
2026091216,u_boost,bonferroni,0.14285714285714285,,False,0,0,,1082,0,0,0.0,,,,gemini35flash
2026091216,u_boost,fixed_sequence,0.2,,False,0,0,,1082,0,0,0.0,,,,gemini35flash
2026091216,u_boost,bonferroni,0.2,,False,0,0,,1082,0,0,0.0,,,,gemini35flash
2026091216,u_boost,fixed_sequence,0.25,,False,0,0,,1082,0,0,0.0,,,,gemini35flash
2026091216,u_boost,bonferroni,0.25,,False,0,0,,1082,0,0,0.0,,,,gemini35flash
2026091216,rich_logistic,fixed_sequence,0.1,,False,0,0,,1082,0,0,0.0,,,,gemini35flash
2026091216,rich_logistic,bonferroni,0.1,,False,0,0,,1082,0,0,0.0,,,,gemini35flash
2026091216,rich_logistic,fixed_sequence,0.14285714285714285,,False,0,0,,1082,0,0,0.0,,,,gemini35flash
2026091216,rich_logistic,bonferroni,0.14285714285714285,,False,0,0,,1082,0,0,0.0,,,,gemini35flash
2026091216,rich_logistic,fixed_sequence,0.2,,False,0,0,,1082,0,0,0.0,,,,gemini35flash
2026091216,rich_logistic,bonferroni,0.2,,False,0,0,,1082,0,0,0.0,,,,gemini35flash
2026091216,rich_logistic,fixed_sequence,0.25,,False,0,0,,1082,0,0,0.0,,,,gemini35flash
2026091216,rich_logistic,bonferroni,0.25,,False,0,0,,1082,0,0,0.0,,,,gemini35flash
2026091216,rich_boost,fixed_sequence,0.1,,False,0,0,,1082,0,0,0.0,,,,gemini35flash
2026091216,rich_boost,bonferroni,0.1,,False,0,0,,1082,0,0,0.0,,,,gemini35flash
2026091216,rich_boost,fixed_sequence,0.14285714285714285,,False,0,0,,1082,0,0,0.0,,,,gemini35flash
2026091216,rich_boost,bonferroni,0.14285714285714285,,False,0,0,,1082,0,0,0.0,,,,gemini35flash
2026091216,rich_boost,fixed_sequence,0.2,,False,0,0,,1082,0,0,0.0,,,,gemini35flash
2026091216,rich_boost,bonferroni,0.2,,False,0,0,,1082,0,0,0.0,,,,gemini35flash
2026091216,rich_boost,fixed_sequence,0.25,,False,0,0,,1082,0,0,0.0,,,,gemini35flash
2026091216,rich_boost,bonferroni,0.25,,False,0,0,,1082,0,0,0.0,,,,gemini35flash
2026091217,raw_u,fixed_sequence,0.1,,False,0,0,,1082,0,0,0.0,,,,gemini35flash
2026091217,raw_u,bonferroni,0.1,,False,0,0,,1082,0,0,0.0,,,,gemini35flash
2026091217,raw_u,fixed_sequence,0.14285714285714285,,False,0,0,,1082,0,0,0.0,,,,gemini35flash
2026091217,raw_u,bonferroni,0.14285714285714285,,False,0,0,,1082,0,0,0.0,,,,gemini35flash
2026091217,raw_u,fixed_sequence,0.2,,False,0,0,,1082,0,0,0.0,,,,gemini35flash
2026091217,raw_u,bonferroni,0.2,,False,0,0,,1082,0,0,0.0,,,,gemini35flash
2026091217,raw_u,fixed_sequence,0.25,0.81,True,302,55,0.23739462551497498,1082,305,72,0.28188539741219965,0.2360655737704918,0.18953687948118914,0.2878024845933544,gemini35flash
2026091217,raw_u,bonferroni,0.25,,False,0,0,,1082,0,0,0.0,,,,gemini35flash
2026091217,u_boost,fixed_sequence,0.1,,False,0,0,,1082,0,0,0.0,,,,gemini35flash
2026091217,u_boost,bonferroni,0.1,,False,0,0,,1082,0,0,0.0,,,,gemini35flash
2026091217,u_boost,fixed_sequence,0.14285714285714285,,False,0,0,,1082,0,0,0.0,,,,gemini35flash
2026091217,u_boost,bonferroni,0.14285714285714285,,False,0,0,,1082,0,0,0.0,,,,gemini35flash
2026091217,u_boost,fixed_sequence,0.2,,False,0,0,,1082,0,0,0.0,,,,gemini35flash
2026091217,u_boost,bonferroni,0.2,,False,0,0,,1082,0,0,0.0,,,,gemini35flash
2026091217,u_boost,fixed_sequence,0.25,0.69,True,302,55,0.23739462551497498,1082,305,72,0.28188539741219965,0.2360655737704918,0.18953687948118914,0.2878024845933544,gemini35flash
2026091217,u_boost,bonferroni,0.25,,False,0,0,,1082,0,0,0.0,,,,gemini35flash
2026091217,rich_logistic,fixed_sequence,0.1,,False,0,0,,1082,0,0,0.0,,,,gemini35flash
2026091217,rich_logistic,bonferroni,0.1,,False,0,0,,1082,0,0,0.0,,,,gemini35flash
2026091217,rich_logistic,fixed_sequence,0.14285714285714285,,False,0,0,,1082,0,0,0.0,,,,gemini35flash
2026091217,rich_logistic,bonferroni,0.14285714285714285,,False,0,0,,1082,0,0,0.0,,,,gemini35flash
2026091217,rich_logistic,fixed_sequence,0.2,,False,0,0,,1082,0,0,0.0,,,,gemini35flash
2026091217,rich_logistic,bonferroni,0.2,,False,0,0,,1082,0,0,0.0,,,,gemini35flash
2026091217,rich_logistic,fixed_sequence,0.25,0.74,True,276,52,0.2470753037924318,1082,283,58,0.26155268022181144,0.2049469964664311,0.15946011066593002,0.25673045777583026,gemini35flash
2026091217,rich_logistic,bonferroni,0.25,,False,0,0,,1082,0,0,0.0,,,,gemini35flash
2026091217,rich_boost,fixed_sequence,0.1,,False,0,0,,1082,0,0,0.0,,,,gemini35flash
2026091217,rich_boost,bonferroni,0.1,,False,0,0,,1082,0,0,0.0,,,,gemini35flash
2026091217,rich_boost,fixed_sequence,0.14285714285714285,,False,0,0,,1082,0,0,0.0,,,,gemini35flash
2026091217,rich_boost,bonferroni,0.14285714285714285,,False,0,0,,1082,0,0,0.0,,,,gemini35flash
2026091217,rich_boost,fixed_sequence,0.2,,False,0,0,,1082,0,0,0.0,,,,gemini35flash
2026091217,rich_boost,bonferroni,0.2,,False,0,0,,1082,0,0,0.0,,,,gemini35flash
2026091217,rich_boost,fixed_sequence,0.25,0.7,True,300,57,0.2461875145113689,1082,308,69,0.2846580406654344,0.22402597402597402,0.17869220255487078,0.2747557856015576,gemini35flash
2026091217,rich_boost,bonferroni,0.25,,False,0,0,,1082,0,0,0.0,,,,gemini35flash
2026091218,raw_u,fixed_sequence,0.1,,False,0,0,,1082,0,0,0.0,,,,gemini35flash
2026091218,raw_u,bonferroni,0.1,,False,0,0,,1082,0,0,0.0,,,,gemini35flash
2026091218,raw_u,fixed_sequence,0.14285714285714285,,False,0,0,,1082,0,0,0.0,,,,gemini35flash
2026091218,raw_u,bonferroni,0.14285714285714285,,False,0,0,,1082,0,0,0.0,,,,gemini35flash
2026091218,raw_u,fixed_sequence,0.2,,False,0,0,,1082,0,0,0.0,,,,gemini35flash
2026091218,raw_u,bonferroni,0.2,,False,0,0,,1082,0,0,0.0,,,,gemini35flash
2026091218,raw_u,fixed_sequence,0.25,0.8571428571428571,True,186,32,0.24319490184125897,1082,197,30,0.18207024029574861,0.15228426395939088,0.10516488127640622,0.21020364395929267,gemini35flash
2026091218,raw_u,bonferroni,0.25,,False,0,0,,1082,0,0,0.0,,,,gemini35flash
2026091218,u_boost,fixed_sequence,0.1,,False,0,0,,1082,0,0,0.0,,,,gemini35flash
2026091218,u_boost,bonferroni,0.1,,False,0,0,,1082,0,0,0.0,,,,gemini35flash
2026091218,u_boost,fixed_sequence,0.14285714285714285,,False,0,0,,1082,0,0,0.0,,,,gemini35flash
2026091218,u_boost,bonferroni,0.14285714285714285,,False,0,0,,1082,0,0,0.0,,,,gemini35flash
2026091218,u_boost,fixed_sequence,0.2,,False,0,0,,1082,0,0,0.0,,,,gemini35flash
2026091218,u_boost,bonferroni,0.2,,False,0,0,,1082,0,0,0.0,,,,gemini35flash
2026091218,u_boost,fixed_sequence,0.25,0.74,True,291,56,0.2497883293590747,1082,291,63,0.2689463955637708,0.21649484536082475,0.17055807437674939,0.2683073781442708,gemini35flash
2026091218,u_boost,bonferroni,0.25,,False,0,0,,1082,0,0,0.0,,,,gemini35flash
2026091218,rich_logistic,fixed_sequence,0.1,,False,0,0,,1082,0,0,0.0,,,,gemini35flash
2026091218,rich_logistic,bonferroni,0.1,,False,0,0,,1082,0,0,0.0,,,,gemini35flash
2026091218,rich_logistic,fixed_sequence,0.14285714285714285,,False,0,0,,1082,0,0,0.0,,,,gemini35flash
2026091218,rich_logistic,bonferroni,0.14285714285714285,,False,0,0,,1082,0,0,0.0,,,,gemini35flash
2026091218,rich_logistic,fixed_sequence,0.2,,False,0,0,,1082,0,0,0.0,,,,gemini35flash
2026091218,rich_logistic,bonferroni,0.2,,False,0,0,,1082,0,0,0.0,,,,gemini35flash
2026091218,rich_logistic,fixed_sequence,0.25,0.74,True,250,45,0.2411287165971165,1082,224,38,0.20702402957486138,0.16964285714285715,0.12293391984960665,0.22532977753762015,gemini35flash
2026091218,rich_logistic,bonferroni,0.25,,False,0,0,,1082,0,0,0.0,,,,gemini35flash
2026091218,rich_boost,fixed_sequence,0.1,,False,0,0,,1082,0,0,0.0,,,,gemini35flash
2026091218,rich_boost,bonferroni,0.1,,False,0,0,,1082,0,0,0.0,,,,gemini35flash
2026091218,rich_boost,fixed_sequence,0.14285714285714285,,False,0,0,,1082,0,0,0.0,,,,gemini35flash
2026091218,rich_boost,bonferroni,0.14285714285714285,,False,0,0,,1082,0,0,0.0,,,,gemini35flash
2026091218,rich_boost,fixed_sequence,0.2,,False,0,0,,1082,0,0,0.0,,,,gemini35flash
2026091218,rich_boost,bonferroni,0.2,,False,0,0,,1082,0,0,0.0,,,,gemini35flash
2026091218,rich_boost,fixed_sequence,0.25,0.72,True,284,52,0.24036489124315275,1082,289,58,0.26709796672828096,0.20069204152249134,0.15606547000345541,0.2515732941817523,gemini35flash
2026091218,rich_boost,bonferroni,0.25,0.79,True,196,29,0.24723669484303779,1082,195,34,0.18022181146025879,0.17435897435897435,0.12387382617526833,0.2350326942616627,gemini35flash
2026091219,raw_u,fixed_sequence,0.1,,False,0,0,,1082,0,0,0.0,,,,gemini35flash
2026091219,raw_u,bonferroni,0.1,,False,0,0,,1082,0,0,0.0,,,,gemini35flash
2026091219,raw_u,fixed_sequence,0.14285714285714285,,False,0,0,,1082,0,0,0.0,,,,gemini35flash
2026091219,raw_u,bonferroni,0.14285714285714285,,False,0,0,,1082,0,0,0.0,,,,gemini35flash
2026091219,raw_u,fixed_sequence,0.2,,False,0,0,,1082,0,0,0.0,,,,gemini35flash
2026091219,raw_u,bonferroni,0.2,,False,0,0,,1082,0,0,0.0,,,,gemini35flash
2026091219,raw_u,fixed_sequence,0.25,,False,0,0,,1082,0,0,0.0,,,,gemini35flash
2026091219,raw_u,bonferroni,0.25,,False,0,0,,1082,0,0,0.0,,,,gemini35flash
2026091219,u_boost,fixed_sequence,0.1,,False,0,0,,1082,0,0,0.0,,,,gemini35flash
2026091219,u_boost,bonferroni,0.1,,False,0,0,,1082,0,0,0.0,,,,gemini35flash
2026091219,u_boost,fixed_sequence,0.14285714285714285,,False,0,0,,1082,0,0,0.0,,,,gemini35flash
2026091219,u_boost,bonferroni,0.14285714285714285,,False,0,0,,1082,0,0,0.0,,,,gemini35flash
2026091219,u_boost,fixed_sequence,0.2,,False,0,0,,1082,0,0,0.0,,,,gemini35flash
2026091219,u_boost,bonferroni,0.2,,False,0,0,,1082,0,0,0.0,,,,gemini35flash
2026091219,u_boost,fixed_sequence,0.25,,False,0,0,,1082,0,0,0.0,,,,gemini35flash
2026091219,u_boost,bonferroni,0.25,,False,0,0,,1082,0,0,0.0,,,,gemini35flash
2026091219,rich_logistic,fixed_sequence,0.1,,False,0,0,,1082,0,0,0.0,,,,gemini35flash
2026091219,rich_logistic,bonferroni,0.1,,False,0,0,,1082,0,0,0.0,,,,gemini35flash
2026091219,rich_logistic,fixed_sequence,0.14285714285714285,,False,0,0,,1082,0,0,0.0,,,,gemini35flash
2026091219,rich_logistic,bonferroni,0.14285714285714285,,False,0,0,,1082,0,0,0.0,,,,gemini35flash
2026091219,rich_logistic,fixed_sequence,0.2,,False,0,0,,1082,0,0,0.0,,,,gemini35flash
2026091219,rich_logistic,bonferroni,0.2,,False,0,0,,1082,0,0,0.0,,,,gemini35flash
2026091219,rich_logistic,fixed_sequence,0.25,,False,0,0,,1082,0,0,0.0,,,,gemini35flash
2026091219,rich_logistic,bonferroni,0.25,,False,0,0,,1082,0,0,0.0,,,,gemini35flash
2026091219,rich_boost,fixed_sequence,0.1,,False,0,0,,1082,0,0,0.0,,,,gemini35flash
2026091219,rich_boost,bonferroni,0.1,,False,0,0,,1082,0,0,0.0,,,,gemini35flash
2026091219,rich_boost,fixed_sequence,0.14285714285714285,,False,0,0,,1082,0,0,0.0,,,,gemini35flash
2026091219,rich_boost,bonferroni,0.14285714285714285,,False,0,0,,1082,0,0,0.0,,,,gemini35flash
2026091219,rich_boost,fixed_sequence,0.2,,False,0,0,,1082,0,0,0.0,,,,gemini35flash
2026091219,rich_boost,bonferroni,0.2,,False,0,0,,1082,0,0,0.0,,,,gemini35flash
2026091219,rich_boost,fixed_sequence,0.25,0.74,True,201,35,0.24248625827617099,1082,203,47,0.1876155268022181,0.2315270935960591,0.17535308392134127,0.2957186628214571,gemini35flash
2026091219,rich_boost,bonferroni,0.25,,False,0,0,,1082,0,0,0.0,,,,gemini35flash
2026091220,raw_u,fixed_sequence,0.1,,False,0,0,,1082,0,0,0.0,,,,gemini35flash
2026091220,raw_u,bonferroni,0.1,,False,0,0,,1082,0,0,0.0,,,,gemini35flash
2026091220,raw_u,fixed_sequence,0.14285714285714285,,False,0,0,,1082,0,0,0.0,,,,gemini35flash
2026091220,raw_u,bonferroni,0.14285714285714285,,False,0,0,,1082,0,0,0.0,,,,gemini35flash
2026091220,raw_u,fixed_sequence,0.2,,False,0,0,,1082,0,0,0.0,,,,gemini35flash
2026091220,raw_u,bonferroni,0.2,,False,0,0,,1082,0,0,0.0,,,,gemini35flash
2026091220,raw_u,fixed_sequence,0.25,,False,0,0,,1082,0,0,0.0,,,,gemini35flash
2026091220,raw_u,bonferroni,0.25,0.91,True,177,24,0.23841388293260427,1082,175,30,0.16173752310536044,0.17142857142857143,0.11875170494592174,0.23559081198571089,gemini35flash
2026091220,u_boost,fixed_sequence,0.1,,False,0,0,,1082,0,0,0.0,,,,gemini35flash
2026091220,u_boost,bonferroni,0.1,,False,0,0,,1082,0,0,0.0,,,,gemini35flash
2026091220,u_boost,fixed_sequence,0.14285714285714285,,False,0,0,,1082,0,0,0.0,,,,gemini35flash
2026091220,u_boost,bonferroni,0.14285714285714285,,False,0,0,,1082,0,0,0.0,,,,gemini35flash
2026091220,u_boost,fixed_sequence,0.2,,False,0,0,,1082,0,0,0.0,,,,gemini35flash
2026091220,u_boost,bonferroni,0.2,,False,0,0,,1082,0,0,0.0,,,,gemini35flash
2026091220,u_boost,fixed_sequence,0.25,,False,0,0,,1082,0,0,0.0,,,,gemini35flash
2026091220,u_boost,bonferroni,0.25,0.79,True,177,24,0.23841388293260427,1082,175,30,0.16173752310536044,0.17142857142857143,0.11875170494592174,0.23559081198571089,gemini35flash
2026091220,rich_logistic,fixed_sequence,0.1,,False,0,0,,1082,0,0,0.0,,,,gemini35flash
2026091220,rich_logistic,bonferroni,0.1,,False,0,0,,1082,0,0,0.0,,,,gemini35flash
2026091220,rich_logistic,fixed_sequence,0.14285714285714285,,False,0,0,,1082,0,0,0.0,,,,gemini35flash
2026091220,rich_logistic,bonferroni,0.14285714285714285,,False,0,0,,1082,0,0,0.0,,,,gemini35flash
2026091220,rich_logistic,fixed_sequence,0.2,,False,0,0,,1082,0,0,0.0,,,,gemini35flash
2026091220,rich_logistic,bonferroni,0.2,,False,0,0,,1082,0,0,0.0,,,,gemini35flash
2026091220,rich_logistic,fixed_sequence,0.25,0.74,True,291,54,0.24229935585738185,1082,300,64,0.27726432532347506,0.21333333333333335,0.16834457399745606,0.2640835199262778,gemini35flash
2026091220,rich_logistic,bonferroni,0.25,0.8,True,191,28,0.24710574188079432,1082,195,32,0.18022181146025879,0.1641025641025641,0.11503573616603567,0.22369319417965203,gemini35flash
2026091220,rich_boost,fixed_sequence,0.1,,False,0,0,,1082,0,0,0.0,,,,gemini35flash
2026091220,rich_boost,bonferroni,0.1,,False,0,0,,1082,0,0,0.0,,,,gemini35flash
2026091220,rich_boost,fixed_sequence,0.14285714285714285,,False,0,0,,1082,0,0,0.0,,,,gemini35flash
2026091220,rich_boost,bonferroni,0.14285714285714285,,False,0,0,,1082,0,0,0.0,,,,gemini35flash
2026091220,rich_boost,fixed_sequence,0.2,,False,0,0,,1082,0,0,0.0,,,,gemini35flash
2026091220,rich_boost,bonferroni,0.2,,False,0,0,,1082,0,0,0.0,,,,gemini35flash
2026091220,rich_boost,fixed_sequence,0.25,,False,0,0,,1082,0,0,0.0,,,,gemini35flash
2026091220,rich_boost,bonferroni,0.25,,False,0,0,,1082,0,0,0.0,,,,gemini35flash
2026091221,raw_u,fixed_sequence,0.1,,False,0,0,,1082,0,0,0.0,,,,gemini35flash
2026091221,raw_u,bonferroni,0.1,,False,0,0,,1082,0,0,0.0,,,,gemini35flash
2026091221,raw_u,fixed_sequence,0.14285714285714285,,False,0,0,,1082,0,0,0.0,,,,gemini35flash
2026091221,raw_u,bonferroni,0.14285714285714285,,False,0,0,,1082,0,0,0.0,,,,gemini35flash
2026091221,raw_u,fixed_sequence,0.2,,False,0,0,,1082,0,0,0.0,,,,gemini35flash
2026091221,raw_u,bonferroni,0.2,,False,0,0,,1082,0,0,0.0,,,,gemini35flash
2026091221,raw_u,fixed_sequence,0.25,0.81,True,326,63,0.24721784801907742,1082,325,68,0.300369685767098,0.20923076923076922,0.1662972900570968,0.2575530245611379,gemini35flash
2026091221,raw_u,bonferroni,0.25,,False,0,0,,1082,0,0,0.0,,,,gemini35flash
2026091221,u_boost,fixed_sequence,0.1,,False,0,0,,1082,0,0,0.0,,,,gemini35flash
2026091221,u_boost,bonferroni,0.1,,False,0,0,,1082,0,0,0.0,,,,gemini35flash
2026091221,u_boost,fixed_sequence,0.14285714285714285,,False,0,0,,1082,0,0,0.0,,,,gemini35flash
2026091221,u_boost,bonferroni,0.14285714285714285,,False,0,0,,1082,0,0,0.0,,,,gemini35flash
2026091221,u_boost,fixed_sequence,0.2,,False,0,0,,1082,0,0,0.0,,,,gemini35flash
2026091221,u_boost,bonferroni,0.2,,False,0,0,,1082,0,0,0.0,,,,gemini35flash
2026091221,u_boost,fixed_sequence,0.25,0.66,True,347,68,0.24834730588057807,1082,351,75,0.3243992606284658,0.21367521367521367,0.17194260177185478,0.2603134457256168,gemini35flash
2026091221,u_boost,bonferroni,0.25,,False,0,0,,1082,0,0,0.0,,,,gemini35flash
2026091221,rich_logistic,fixed_sequence,0.1,,False,0,0,,1082,0,0,0.0,,,,gemini35flash
2026091221,rich_logistic,bonferroni,0.1,,False,0,0,,1082,0,0,0.0,,,,gemini35flash
2026091221,rich_logistic,fixed_sequence,0.14285714285714285,,False,0,0,,1082,0,0,0.0,,,,gemini35flash
2026091221,rich_logistic,bonferroni,0.14285714285714285,,False,0,0,,1082,0,0,0.0,,,,gemini35flash
2026091221,rich_logistic,fixed_sequence,0.2,,False,0,0,,1082,0,0,0.0,,,,gemini35flash
2026091221,rich_logistic,bonferroni,0.2,,False,0,0,,1082,0,0,0.0,,,,gemini35flash
2026091221,rich_logistic,fixed_sequence,0.25,0.72,True,297,53,0.23389222920796057,1082,315,65,0.2911275415896488,0.20634920634920634,0.1630193296043061,0.25529818253044473,gemini35flash
2026091221,rich_logistic,bonferroni,0.25,,False,0,0,,1082,0,0,0.0,,,,gemini35flash
2026091221,rich_boost,fixed_sequence,0.1,,False,0,0,,1082,0,0,0.0,,,,gemini35flash
2026091221,rich_boost,bonferroni,0.1,,False,0,0,,1082,0,0,0.0,,,,gemini35flash
2026091221,rich_boost,fixed_sequence,0.14285714285714285,,False,0,0,,1082,0,0,0.0,,,,gemini35flash
2026091221,rich_boost,bonferroni,0.14285714285714285,,False,0,0,,1082,0,0,0.0,,,,gemini35flash
2026091221,rich_boost,fixed_sequence,0.2,,False,0,0,,1082,0,0,0.0,,,,gemini35flash
2026091221,rich_boost,bonferroni,0.2,,False,0,0,,1082,0,0,0.0,,,,gemini35flash
2026091221,rich_boost,fixed_sequence,0.25,0.7,True,317,59,0.24030153509406904,1082,317,63,0.2929759704251386,0.19873817034700317,0.1562288100456241,0.2469787422939255,gemini35flash
2026091221,rich_boost,bonferroni,0.25,,False,0,0,,1082,0,0,0.0,,,,gemini35flash
2026091222,raw_u,fixed_sequence,0.1,,False,0,0,,1082,0,0,0.0,,,,gemini35flash
2026091222,raw_u,bonferroni,0.1,,False,0,0,,1082,0,0,0.0,,,,gemini35flash
2026091222,raw_u,fixed_sequence,0.14285714285714285,,False,0,0,,1082,0,0,0.0,,,,gemini35flash
2026091222,raw_u,bonferroni,0.14285714285714285,,False,0,0,,1082,0,0,0.0,,,,gemini35flash
2026091222,raw_u,fixed_sequence,0.2,,False,0,0,,1082,0,0,0.0,,,,gemini35flash
2026091222,raw_u,bonferroni,0.2,,False,0,0,,1082,0,0,0.0,,,,gemini35flash
2026091222,raw_u,fixed_sequence,0.25,0.91,True,158,26,0.241611419443843,1082,154,26,0.1423290203327172,0.16883116883116883,0.11334965164461631,0.237508334047446,gemini35flash
2026091222,raw_u,bonferroni,0.25,,False,0,0,,1082,0,0,0.0,,,,gemini35flash
2026091222,u_boost,fixed_sequence,0.1,,False,0,0,,1082,0,0,0.0,,,,gemini35flash
2026091222,u_boost,bonferroni,0.1,,False,0,0,,1082,0,0,0.0,,,,gemini35flash
2026091222,u_boost,fixed_sequence,0.14285714285714285,,False,0,0,,1082,0,0,0.0,,,,gemini35flash
2026091222,u_boost,bonferroni,0.14285714285714285,,False,0,0,,1082,0,0,0.0,,,,gemini35flash
2026091222,u_boost,fixed_sequence,0.2,,False,0,0,,1082,0,0,0.0,,,,gemini35flash
2026091222,u_boost,bonferroni,0.2,,False,0,0,,1082,0,0,0.0,,,,gemini35flash
2026091222,u_boost,fixed_sequence,0.25,0.75,True,158,26,0.241611419443843,1082,154,26,0.1423290203327172,0.16883116883116883,0.11334965164461631,0.237508334047446,gemini35flash
2026091222,u_boost,bonferroni,0.25,,False,0,0,,1082,0,0,0.0,,,,gemini35flash
2026091222,rich_logistic,fixed_sequence,0.1,,False,0,0,,1082,0,0,0.0,,,,gemini35flash
2026091222,rich_logistic,bonferroni,0.1,,False,0,0,,1082,0,0,0.0,,,,gemini35flash
2026091222,rich_logistic,fixed_sequence,0.14285714285714285,,False,0,0,,1082,0,0,0.0,,,,gemini35flash
2026091222,rich_logistic,bonferroni,0.14285714285714285,,False,0,0,,1082,0,0,0.0,,,,gemini35flash
2026091222,rich_logistic,fixed_sequence,0.2,,False,0,0,,1082,0,0,0.0,,,,gemini35flash
2026091222,rich_logistic,bonferroni,0.2,,False,0,0,,1082,0,0,0.0,,,,gemini35flash
2026091222,rich_logistic,fixed_sequence,0.25,,False,0,0,,1082,0,0,0.0,,,,gemini35flash
2026091222,rich_logistic,bonferroni,0.25,,False,0,0,,1082,0,0,0.0,,,,gemini35flash
2026091222,rich_boost,fixed_sequence,0.1,,False,0,0,,1082,0,0,0.0,,,,gemini35flash
2026091222,rich_boost,bonferroni,0.1,,False,0,0,,1082,0,0,0.0,,,,gemini35flash
2026091222,rich_boost,fixed_sequence,0.14285714285714285,,False,0,0,,1082,0,0,0.0,,,,gemini35flash
2026091222,rich_boost,bonferroni,0.14285714285714285,,False,0,0,,1082,0,0,0.0,,,,gemini35flash
2026091222,rich_boost,fixed_sequence,0.2,,False,0,0,,1082,0,0,0.0,,,,gemini35flash
2026091222,rich_boost,bonferroni,0.2,,False,0,0,,1082,0,0,0.0,,,,gemini35flash
2026091222,rich_boost,fixed_sequence,0.25,,False,0,0,,1082,0,0,0.0,,,,gemini35flash
2026091222,rich_boost,bonferroni,0.25,,False,0,0,,1082,0,0,0.0,,,,gemini35flash
2026091223,raw_u,fixed_sequence,0.1,,False,0,0,,1082,0,0,0.0,,,,gemini35flash
2026091223,raw_u,bonferroni,0.1,,False,0,0,,1082,0,0,0.0,,,,gemini35flash
2026091223,raw_u,fixed_sequence,0.14285714285714285,,False,0,0,,1082,0,0,0.0,,,,gemini35flash
2026091223,raw_u,bonferroni,0.14285714285714285,,False,0,0,,1082,0,0,0.0,,,,gemini35flash
2026091223,raw_u,fixed_sequence,0.2,,False,0,0,,1082,0,0,0.0,,,,gemini35flash
2026091223,raw_u,bonferroni,0.2,,False,0,0,,1082,0,0,0.0,,,,gemini35flash
2026091223,raw_u,fixed_sequence,0.25,,False,0,0,,1082,0,0,0.0,,,,gemini35flash
2026091223,raw_u,bonferroni,0.25,,False,0,0,,1082,0,0,0.0,,,,gemini35flash
2026091223,u_boost,fixed_sequence,0.1,,False,0,0,,1082,0,0,0.0,,,,gemini35flash
2026091223,u_boost,bonferroni,0.1,,False,0,0,,1082,0,0,0.0,,,,gemini35flash
2026091223,u_boost,fixed_sequence,0.14285714285714285,,False,0,0,,1082,0,0,0.0,,,,gemini35flash
2026091223,u_boost,bonferroni,0.14285714285714285,,False,0,0,,1082,0,0,0.0,,,,gemini35flash
2026091223,u_boost,fixed_sequence,0.2,,False,0,0,,1082,0,0,0.0,,,,gemini35flash
2026091223,u_boost,bonferroni,0.2,,False,0,0,,1082,0,0,0.0,,,,gemini35flash
2026091223,u_boost,fixed_sequence,0.25,,False,0,0,,1082,0,0,0.0,,,,gemini35flash
2026091223,u_boost,bonferroni,0.25,,False,0,0,,1082,0,0,0.0,,,,gemini35flash
2026091223,rich_logistic,fixed_sequence,0.1,,False,0,0,,1082,0,0,0.0,,,,gemini35flash
2026091223,rich_logistic,bonferroni,0.1,,False,0,0,,1082,0,0,0.0,,,,gemini35flash
2026091223,rich_logistic,fixed_sequence,0.14285714285714285,,False,0,0,,1082,0,0,0.0,,,,gemini35flash
2026091223,rich_logistic,bonferroni,0.14285714285714285,,False,0,0,,1082,0,0,0.0,,,,gemini35flash
2026091223,rich_logistic,fixed_sequence,0.2,,False,0,0,,1082,0,0,0.0,,,,gemini35flash
2026091223,rich_logistic,bonferroni,0.2,,False,0,0,,1082,0,0,0.0,,,,gemini35flash
2026091223,rich_logistic,fixed_sequence,0.25,,False,0,0,,1082,0,0,0.0,,,,gemini35flash
2026091223,rich_logistic,bonferroni,0.25,,False,0,0,,1082,0,0,0.0,,,,gemini35flash
2026091223,rich_boost,fixed_sequence,0.1,,False,0,0,,1082,0,0,0.0,,,,gemini35flash
2026091223,rich_boost,bonferroni,0.1,,False,0,0,,1082,0,0,0.0,,,,gemini35flash
2026091223,rich_boost,fixed_sequence,0.14285714285714285,,False,0,0,,1082,0,0,0.0,,,,gemini35flash
2026091223,rich_boost,bonferroni,0.14285714285714285,,False,0,0,,1082,0,0,0.0,,,,gemini35flash
2026091223,rich_boost,fixed_sequence,0.2,,False,0,0,,1082,0,0,0.0,,,,gemini35flash
2026091223,rich_boost,bonferroni,0.2,,False,0,0,,1082,0,0,0.0,,,,gemini35flash
2026091223,rich_boost,fixed_sequence,0.25,,False,0,0,,1082,0,0,0.0,,,,gemini35flash
2026091223,rich_boost,bonferroni,0.25,,False,0,0,,1082,0,0,0.0,,,,gemini35flash
2026091224,raw_u,fixed_sequence,0.1,,False,0,0,,1082,0,0,0.0,,,,gemini35flash
2026091224,raw_u,bonferroni,0.1,,False,0,0,,1082,0,0,0.0,,,,gemini35flash
2026091224,raw_u,fixed_sequence,0.14285714285714285,,False,0,0,,1082,0,0,0.0,,,,gemini35flash
2026091224,raw_u,bonferroni,0.14285714285714285,,False,0,0,,1082,0,0,0.0,,,,gemini35flash
2026091224,raw_u,fixed_sequence,0.2,,False,0,0,,1082,0,0,0.0,,,,gemini35flash
2026091224,raw_u,bonferroni,0.2,,False,0,0,,1082,0,0,0.0,,,,gemini35flash
2026091224,raw_u,fixed_sequence,0.25,0.81,True,293,49,0.22198755962723576,1082,296,71,0.2735674676524954,0.23986486486486486,0.19235239123906245,0.29266799766640733,gemini35flash
2026091224,raw_u,bonferroni,0.25,0.81,True,293,49,0.24908224280922373,1082,296,71,0.2735674676524954,0.23986486486486486,0.19235239123906245,0.29266799766640733,gemini35flash
2026091224,u_boost,fixed_sequence,0.1,,False,0,0,,1082,0,0,0.0,,,,gemini35flash
2026091224,u_boost,bonferroni,0.1,,False,0,0,,1082,0,0,0.0,,,,gemini35flash
2026091224,u_boost,fixed_sequence,0.14285714285714285,,False,0,0,,1082,0,0,0.0,,,,gemini35flash
2026091224,u_boost,bonferroni,0.14285714285714285,,False,0,0,,1082,0,0,0.0,,,,gemini35flash
2026091224,u_boost,fixed_sequence,0.2,,False,0,0,,1082,0,0,0.0,,,,gemini35flash
2026091224,u_boost,bonferroni,0.2,,False,0,0,,1082,0,0,0.0,,,,gemini35flash
2026091224,u_boost,fixed_sequence,0.25,0.69,True,310,55,0.23147382150688936,1082,315,75,0.2911275415896488,0.23809523809523808,0.19213212552621012,0.28905926027473294,gemini35flash
2026091224,u_boost,bonferroni,0.25,0.72,True,293,49,0.24908224280922373,1082,296,71,0.2735674676524954,0.23986486486486486,0.19235239123906245,0.29266799766640733,gemini35flash
2026091224,rich_logistic,fixed_sequence,0.1,,False,0,0,,1082,0,0,0.0,,,,gemini35flash
2026091224,rich_logistic,bonferroni,0.1,,False,0,0,,1082,0,0,0.0,,,,gemini35flash
2026091224,rich_logistic,fixed_sequence,0.14285714285714285,,False,0,0,,1082,0,0,0.0,,,,gemini35flash
2026091224,rich_logistic,bonferroni,0.14285714285714285,,False,0,0,,1082,0,0,0.0,,,,gemini35flash
2026091224,rich_logistic,fixed_sequence,0.2,,False,0,0,,1082,0,0,0.0,,,,gemini35flash
2026091224,rich_logistic,bonferroni,0.2,,False,0,0,,1082,0,0,0.0,,,,gemini35flash
2026091224,rich_logistic,fixed_sequence,0.25,0.73,True,279,45,0.2169182978025614,1082,282,58,0.26062846580406657,0.20567375886524822,0.160040314276232,0.2576105583847278,gemini35flash
2026091224,rich_logistic,bonferroni,0.25,0.73,True,279,45,0.24453752917882252,1082,282,58,0.26062846580406657,0.20567375886524822,0.160040314276232,0.2576105583847278,gemini35flash
2026091224,rich_boost,fixed_sequence,0.1,,False,0,0,,1082,0,0,0.0,,,,gemini35flash
2026091224,rich_boost,bonferroni,0.1,,False,0,0,,1082,0,0,0.0,,,,gemini35flash
2026091224,rich_boost,fixed_sequence,0.14285714285714285,,False,0,0,,1082,0,0,0.0,,,,gemini35flash
2026091224,rich_boost,bonferroni,0.14285714285714285,,False,0,0,,1082,0,0,0.0,,,,gemini35flash
2026091224,rich_boost,fixed_sequence,0.2,,False,0,0,,1082,0,0,0.0,,,,gemini35flash
2026091224,rich_boost,bonferroni,0.2,,False,0,0,,1082,0,0,0.0,,,,gemini35flash
2026091224,rich_boost,fixed_sequence,0.25,0.72,True,296,50,0.22353315781189056,1082,292,64,0.2698706099815157,0.2191780821917808,0.17308055496495375,0.2710743703968645,gemini35flash
2026091224,rich_boost,bonferroni,0.25,0.73,True,213,31,0.23975603393874304,1082,221,43,0.20425138632162662,0.19457013574660634,0.14453585235594912,0.2529965155300541,gemini35flash
2026091225,raw_u,fixed_sequence,0.1,,False,0,0,,1082,0,0,0.0,,,,gemini35flash
2026091225,raw_u,bonferroni,0.1,,False,0,0,,1082,0,0,0.0,,,,gemini35flash
2026091225,raw_u,fixed_sequence,0.14285714285714285,,False,0,0,,1082,0,0,0.0,,,,gemini35flash
2026091225,raw_u,bonferroni,0.14285714285714285,,False,0,0,,1082,0,0,0.0,,,,gemini35flash
2026091225,raw_u,fixed_sequence,0.2,,False,0,0,,1082,0,0,0.0,,,,gemini35flash
2026091225,raw_u,bonferroni,0.2,,False,0,0,,1082,0,0,0.0,,,,gemini35flash
2026091225,raw_u,fixed_sequence,0.25,,False,0,0,,1082,0,0,0.0,,,,gemini35flash
2026091225,raw_u,bonferroni,0.25,,False,0,0,,1082,0,0,0.0,,,,gemini35flash
2026091225,u_boost,fixed_sequence,0.1,,False,0,0,,1082,0,0,0.0,,,,gemini35flash
2026091225,u_boost,bonferroni,0.1,,False,0,0,,1082,0,0,0.0,,,,gemini35flash
2026091225,u_boost,fixed_sequence,0.14285714285714285,,False,0,0,,1082,0,0,0.0,,,,gemini35flash
2026091225,u_boost,bonferroni,0.14285714285714285,,False,0,0,,1082,0,0,0.0,,,,gemini35flash
2026091225,u_boost,fixed_sequence,0.2,,False,0,0,,1082,0,0,0.0,,,,gemini35flash
2026091225,u_boost,bonferroni,0.2,,False,0,0,,1082,0,0,0.0,,,,gemini35flash
2026091225,u_boost,fixed_sequence,0.25,,False,0,0,,1082,0,0,0.0,,,,gemini35flash
2026091225,u_boost,bonferroni,0.25,,False,0,0,,1082,0,0,0.0,,,,gemini35flash
2026091225,rich_logistic,fixed_sequence,0.1,,False,0,0,,1082,0,0,0.0,,,,gemini35flash
2026091225,rich_logistic,bonferroni,0.1,,False,0,0,,1082,0,0,0.0,,,,gemini35flash
2026091225,rich_logistic,fixed_sequence,0.14285714285714285,,False,0,0,,1082,0,0,0.0,,,,gemini35flash
2026091225,rich_logistic,bonferroni,0.14285714285714285,,False,0,0,,1082,0,0,0.0,,,,gemini35flash
2026091225,rich_logistic,fixed_sequence,0.2,,False,0,0,,1082,0,0,0.0,,,,gemini35flash
2026091225,rich_logistic,bonferroni,0.2,,False,0,0,,1082,0,0,0.0,,,,gemini35flash
2026091225,rich_logistic,fixed_sequence,0.25,,False,0,0,,1082,0,0,0.0,,,,gemini35flash
2026091225,rich_logistic,bonferroni,0.25,,False,0,0,,1082,0,0,0.0,,,,gemini35flash
2026091225,rich_boost,fixed_sequence,0.1,,False,0,0,,1082,0,0,0.0,,,,gemini35flash
2026091225,rich_boost,bonferroni,0.1,,False,0,0,,1082,0,0,0.0,,,,gemini35flash
2026091225,rich_boost,fixed_sequence,0.14285714285714285,,False,0,0,,1082,0,0,0.0,,,,gemini35flash
2026091225,rich_boost,bonferroni,0.14285714285714285,,False,0,0,,1082,0,0,0.0,,,,gemini35flash
2026091225,rich_boost,fixed_sequence,0.2,,False,0,0,,1082,0,0,0.0,,,,gemini35flash
2026091225,rich_boost,bonferroni,0.2,,False,0,0,,1082,0,0,0.0,,,,gemini35flash
2026091225,rich_boost,fixed_sequence,0.25,,False,0,0,,1082,0,0,0.0,,,,gemini35flash
2026091225,rich_boost,bonferroni,0.25,,False,0,0,,1082,0,0,0.0,,,,gemini35flash
2026091226,raw_u,fixed_sequence,0.1,,False,0,0,,1082,0,0,0.0,,,,gemini35flash
2026091226,raw_u,bonferroni,0.1,,False,0,0,,1082,0,0,0.0,,,,gemini35flash
2026091226,raw_u,fixed_sequence,0.14285714285714285,,False,0,0,,1082,0,0,0.0,,,,gemini35flash
2026091226,raw_u,bonferroni,0.14285714285714285,,False,0,0,,1082,0,0,0.0,,,,gemini35flash
2026091226,raw_u,fixed_sequence,0.2,,False,0,0,,1082,0,0,0.0,,,,gemini35flash
2026091226,raw_u,bonferroni,0.2,,False,0,0,,1082,0,0,0.0,,,,gemini35flash
2026091226,raw_u,fixed_sequence,0.25,,False,0,0,,1082,0,0,0.0,,,,gemini35flash
2026091226,raw_u,bonferroni,0.25,,False,0,0,,1082,0,0,0.0,,,,gemini35flash
2026091226,u_boost,fixed_sequence,0.1,,False,0,0,,1082,0,0,0.0,,,,gemini35flash
2026091226,u_boost,bonferroni,0.1,,False,0,0,,1082,0,0,0.0,,,,gemini35flash
2026091226,u_boost,fixed_sequence,0.14285714285714285,,False,0,0,,1082,0,0,0.0,,,,gemini35flash
2026091226,u_boost,bonferroni,0.14285714285714285,,False,0,0,,1082,0,0,0.0,,,,gemini35flash
2026091226,u_boost,fixed_sequence,0.2,,False,0,0,,1082,0,0,0.0,,,,gemini35flash
2026091226,u_boost,bonferroni,0.2,,False,0,0,,1082,0,0,0.0,,,,gemini35flash
2026091226,u_boost,fixed_sequence,0.25,,False,0,0,,1082,0,0,0.0,,,,gemini35flash
2026091226,u_boost,bonferroni,0.25,,False,0,0,,1082,0,0,0.0,,,,gemini35flash
2026091226,rich_logistic,fixed_sequence,0.1,,False,0,0,,1082,0,0,0.0,,,,gemini35flash
2026091226,rich_logistic,bonferroni,0.1,,False,0,0,,1082,0,0,0.0,,,,gemini35flash
2026091226,rich_logistic,fixed_sequence,0.14285714285714285,,False,0,0,,1082,0,0,0.0,,,,gemini35flash
2026091226,rich_logistic,bonferroni,0.14285714285714285,,False,0,0,,1082,0,0,0.0,,,,gemini35flash
2026091226,rich_logistic,fixed_sequence,0.2,,False,0,0,,1082,0,0,0.0,,,,gemini35flash
2026091226,rich_logistic,bonferroni,0.2,,False,0,0,,1082,0,0,0.0,,,,gemini35flash
2026091226,rich_logistic,fixed_sequence,0.25,,False,0,0,,1082,0,0,0.0,,,,gemini35flash
2026091226,rich_logistic,bonferroni,0.25,,False,0,0,,1082,0,0,0.0,,,,gemini35flash
2026091226,rich_boost,fixed_sequence,0.1,,False,0,0,,1082,0,0,0.0,,,,gemini35flash
2026091226,rich_boost,bonferroni,0.1,,False,0,0,,1082,0,0,0.0,,,,gemini35flash
2026091226,rich_boost,fixed_sequence,0.14285714285714285,,False,0,0,,1082,0,0,0.0,,,,gemini35flash
2026091226,rich_boost,bonferroni,0.14285714285714285,,False,0,0,,1082,0,0,0.0,,,,gemini35flash
2026091226,rich_boost,fixed_sequence,0.2,,False,0,0,,1082,0,0,0.0,,,,gemini35flash
2026091226,rich_boost,bonferroni,0.2,,False,0,0,,1082,0,0,0.0,,,,gemini35flash
2026091226,rich_boost,fixed_sequence,0.25,,False,0,0,,1082,0,0,0.0,,,,gemini35flash
2026091226,rich_boost,bonferroni,0.25,,False,0,0,,1082,0,0,0.0,,,,gemini35flash
2026091227,raw_u,fixed_sequence,0.1,,False,0,0,,1082,0,0,0.0,,,,gemini35flash
2026091227,raw_u,bonferroni,0.1,,False,0,0,,1082,0,0,0.0,,,,gemini35flash
2026091227,raw_u,fixed_sequence,0.14285714285714285,,False,0,0,,1082,0,0,0.0,,,,gemini35flash
2026091227,raw_u,bonferroni,0.14285714285714285,,False,0,0,,1082,0,0,0.0,,,,gemini35flash
2026091227,raw_u,fixed_sequence,0.2,,False,0,0,,1082,0,0,0.0,,,,gemini35flash
2026091227,raw_u,bonferroni,0.2,,False,0,0,,1082,0,0,0.0,,,,gemini35flash
2026091227,raw_u,fixed_sequence,0.25,0.81,True,303,58,0.24742540482133174,1082,309,61,0.2855822550831793,0.19741100323624594,0.1545009150006055,0.24622982561824305,gemini35flash
2026091227,raw_u,bonferroni,0.25,,False,0,0,,1082,0,0,0.0,,,,gemini35flash
2026091227,u_boost,fixed_sequence,0.1,,False,0,0,,1082,0,0,0.0,,,,gemini35flash
2026091227,u_boost,bonferroni,0.1,,False,0,0,,1082,0,0,0.0,,,,gemini35flash
2026091227,u_boost,fixed_sequence,0.14285714285714285,,False,0,0,,1082,0,0,0.0,,,,gemini35flash
2026091227,u_boost,bonferroni,0.14285714285714285,,False,0,0,,1082,0,0,0.0,,,,gemini35flash
2026091227,u_boost,fixed_sequence,0.2,,False,0,0,,1082,0,0,0.0,,,,gemini35flash
2026091227,u_boost,bonferroni,0.2,,False,0,0,,1082,0,0,0.0,,,,gemini35flash
2026091227,u_boost,fixed_sequence,0.25,0.73,True,158,24,0.2272133375141107,1082,156,24,0.14417744916820702,0.15384615384615385,0.10112821993872549,0.22020838670706788,gemini35flash
2026091227,u_boost,bonferroni,0.25,,False,0,0,,1082,0,0,0.0,,,,gemini35flash
2026091227,rich_logistic,fixed_sequence,0.1,,False,0,0,,1082,0,0,0.0,,,,gemini35flash
2026091227,rich_logistic,bonferroni,0.1,,False,0,0,,1082,0,0,0.0,,,,gemini35flash
2026091227,rich_logistic,fixed_sequence,0.14285714285714285,,False,0,0,,1082,0,0,0.0,,,,gemini35flash
2026091227,rich_logistic,bonferroni,0.14285714285714285,,False,0,0,,1082,0,0,0.0,,,,gemini35flash
2026091227,rich_logistic,fixed_sequence,0.2,,False,0,0,,1082,0,0,0.0,,,,gemini35flash
2026091227,rich_logistic,bonferroni,0.2,,False,0,0,,1082,0,0,0.0,,,,gemini35flash
2026091227,rich_logistic,fixed_sequence,0.25,0.76,True,212,36,0.2356734757975762,1082,208,34,0.1922365988909427,0.16346153846153846,0.11593666774597261,0.22085882594294753,gemini35flash
2026091227,rich_logistic,bonferroni,0.25,,False,0,0,,1082,0,0,0.0,,,,gemini35flash
2026091227,rich_boost,fixed_sequence,0.1,,False,0,0,,1082,0,0,0.0,,,,gemini35flash
2026091227,rich_boost,bonferroni,0.1,,False,0,0,,1082,0,0,0.0,,,,gemini35flash
2026091227,rich_boost,fixed_sequence,0.14285714285714285,,False,0,0,,1082,0,0,0.0,,,,gemini35flash
2026091227,rich_boost,bonferroni,0.14285714285714285,,False,0,0,,1082,0,0,0.0,,,,gemini35flash
2026091227,rich_boost,fixed_sequence,0.2,,False,0,0,,1082,0,0,0.0,,,,gemini35flash
2026091227,rich_boost,bonferroni,0.2,,False,0,0,,1082,0,0,0.0,,,,gemini35flash
2026091227,rich_boost,fixed_sequence,0.25,0.76,True,226,41,0.24621186154625352,1082,223,39,0.20609981515711645,0.17488789237668162,0.1274167274135586,0.23122924964169864,gemini35flash
2026091227,rich_boost,bonferroni,0.25,,False,0,0,,1082,0,0,0.0,,,,gemini35flash
2026091228,raw_u,fixed_sequence,0.1,,False,0,0,,1082,0,0,0.0,,,,gemini35flash
2026091228,raw_u,bonferroni,0.1,,False,0,0,,1082,0,0,0.0,,,,gemini35flash
2026091228,raw_u,fixed_sequence,0.14285714285714285,,False,0,0,,1082,0,0,0.0,,,,gemini35flash
2026091228,raw_u,bonferroni,0.14285714285714285,,False,0,0,,1082,0,0,0.0,,,,gemini35flash
2026091228,raw_u,fixed_sequence,0.2,,False,0,0,,1082,0,0,0.0,,,,gemini35flash
2026091228,raw_u,bonferroni,0.2,,False,0,0,,1082,0,0,0.0,,,,gemini35flash
2026091228,raw_u,fixed_sequence,0.25,,False,0,0,,1082,0,0,0.0,,,,gemini35flash
2026091228,raw_u,bonferroni,0.25,,False,0,0,,1082,0,0,0.0,,,,gemini35flash
2026091228,u_boost,fixed_sequence,0.1,,False,0,0,,1082,0,0,0.0,,,,gemini35flash
2026091228,u_boost,bonferroni,0.1,,False,0,0,,1082,0,0,0.0,,,,gemini35flash
2026091228,u_boost,fixed_sequence,0.14285714285714285,,False,0,0,,1082,0,0,0.0,,,,gemini35flash
2026091228,u_boost,bonferroni,0.14285714285714285,,False,0,0,,1082,0,0,0.0,,,,gemini35flash
2026091228,u_boost,fixed_sequence,0.2,,False,0,0,,1082,0,0,0.0,,,,gemini35flash
2026091228,u_boost,bonferroni,0.2,,False,0,0,,1082,0,0,0.0,,,,gemini35flash
2026091228,u_boost,fixed_sequence,0.25,,False,0,0,,1082,0,0,0.0,,,,gemini35flash
2026091228,u_boost,bonferroni,0.25,,False,0,0,,1082,0,0,0.0,,,,gemini35flash
2026091228,rich_logistic,fixed_sequence,0.1,,False,0,0,,1082,0,0,0.0,,,,gemini35flash
2026091228,rich_logistic,bonferroni,0.1,,False,0,0,,1082,0,0,0.0,,,,gemini35flash
2026091228,rich_logistic,fixed_sequence,0.14285714285714285,,False,0,0,,1082,0,0,0.0,,,,gemini35flash
2026091228,rich_logistic,bonferroni,0.14285714285714285,,False,0,0,,1082,0,0,0.0,,,,gemini35flash
2026091228,rich_logistic,fixed_sequence,0.2,,False,0,0,,1082,0,0,0.0,,,,gemini35flash
2026091228,rich_logistic,bonferroni,0.2,,False,0,0,,1082,0,0,0.0,,,,gemini35flash
2026091228,rich_logistic,fixed_sequence,0.25,,False,0,0,,1082,0,0,0.0,,,,gemini35flash
2026091228,rich_logistic,bonferroni,0.25,,False,0,0,,1082,0,0,0.0,,,,gemini35flash
2026091228,rich_boost,fixed_sequence,0.1,,False,0,0,,1082,0,0,0.0,,,,gemini35flash
2026091228,rich_boost,bonferroni,0.1,,False,0,0,,1082,0,0,0.0,,,,gemini35flash
2026091228,rich_boost,fixed_sequence,0.14285714285714285,,False,0,0,,1082,0,0,0.0,,,,gemini35flash
2026091228,rich_boost,bonferroni,0.14285714285714285,,False,0,0,,1082,0,0,0.0,,,,gemini35flash
2026091228,rich_boost,fixed_sequence,0.2,,False,0,0,,1082,0,0,0.0,,,,gemini35flash
2026091228,rich_boost,bonferroni,0.2,,False,0,0,,1082,0,0,0.0,,,,gemini35flash
2026091228,rich_boost,fixed_sequence,0.25,,False,0,0,,1082,0,0,0.0,,,,gemini35flash
2026091228,rich_boost,bonferroni,0.25,,False,0,0,,1082,0,0,0.0,,,,gemini35flash
2026091229,raw_u,fixed_sequence,0.1,,False,0,0,,1082,0,0,0.0,,,,gemini35flash
2026091229,raw_u,bonferroni,0.1,,False,0,0,,1082,0,0,0.0,,,,gemini35flash
2026091229,raw_u,fixed_sequence,0.14285714285714285,,False,0,0,,1082,0,0,0.0,,,,gemini35flash
2026091229,raw_u,bonferroni,0.14285714285714285,,False,0,0,,1082,0,0,0.0,,,,gemini35flash
2026091229,raw_u,fixed_sequence,0.2,,False,0,0,,1082,0,0,0.0,,,,gemini35flash
2026091229,raw_u,bonferroni,0.2,,False,0,0,,1082,0,0,0.0,,,,gemini35flash
2026091229,raw_u,fixed_sequence,0.25,0.81,True,331,59,0.230467580730566,1082,288,71,0.266173752310536,0.2465277777777778,0.1978526775763618,0.300501487222014,gemini35flash
2026091229,raw_u,bonferroni,0.25,0.91,True,179,24,0.23591295299213108,1082,153,29,0.1414048059149723,0.1895424836601307,0.13076711101928698,0.26073636445444287,gemini35flash
2026091229,u_boost,fixed_sequence,0.1,,False,0,0,,1082,0,0,0.0,,,,gemini35flash
2026091229,u_boost,bonferroni,0.1,,False,0,0,,1082,0,0,0.0,,,,gemini35flash
2026091229,u_boost,fixed_sequence,0.14285714285714285,,False,0,0,,1082,0,0,0.0,,,,gemini35flash
2026091229,u_boost,bonferroni,0.14285714285714285,,False,0,0,,1082,0,0,0.0,,,,gemini35flash
2026091229,u_boost,fixed_sequence,0.2,,False,0,0,,1082,0,0,0.0,,,,gemini35flash
2026091229,u_boost,bonferroni,0.2,,False,0,0,,1082,0,0,0.0,,,,gemini35flash
2026091229,u_boost,fixed_sequence,0.25,0.65,True,357,67,0.23858323359486108,1082,305,74,0.28188539741219965,0.24262295081967214,0.1955830189118564,0.2947397265900842,gemini35flash
2026091229,u_boost,bonferroni,0.25,0.75,True,308,52,0.2486506940245976,1082,263,63,0.24306839186691312,0.23954372623574144,0.1892577042822727,0.2958032740995947,gemini35flash
2026091229,rich_logistic,fixed_sequence,0.1,,False,0,0,,1082,0,0,0.0,,,,gemini35flash
2026091229,rich_logistic,bonferroni,0.1,,False,0,0,,1082,0,0,0.0,,,,gemini35flash
2026091229,rich_logistic,fixed_sequence,0.14285714285714285,,False,0,0,,1082,0,0,0.0,,,,gemini35flash
2026091229,rich_logistic,bonferroni,0.14285714285714285,,False,0,0,,1082,0,0,0.0,,,,gemini35flash
2026091229,rich_logistic,fixed_sequence,0.2,,False,0,0,,1082,0,0,0.0,,,,gemini35flash
2026091229,rich_logistic,bonferroni,0.2,,False,0,0,,1082,0,0,0.0,,,,gemini35flash
2026091229,rich_logistic,fixed_sequence,0.25,0.71,True,336,64,0.24333101979969096,1082,307,75,0.28373382624768945,0.24429967426710097,0.19728109554053028,0.29632816333772116,gemini35flash
2026091229,rich_logistic,bonferroni,0.25,0.77,True,226,34,0.24237495404796888,1082,197,41,0.18207024029574861,0.20812182741116753,0.1536851737743305,0.2715631135005996,gemini35flash
2026091229,rich_boost,fixed_sequence,0.1,,False,0,0,,1082,0,0,0.0,,,,gemini35flash
2026091229,rich_boost,bonferroni,0.1,,False,0,0,,1082,0,0,0.0,,,,gemini35flash
2026091229,rich_boost,fixed_sequence,0.14285714285714285,,False,0,0,,1082,0,0,0.0,,,,gemini35flash
2026091229,rich_boost,bonferroni,0.14285714285714285,,False,0,0,,1082,0,0,0.0,,,,gemini35flash
2026091229,rich_boost,fixed_sequence,0.2,,False,0,0,,1082,0,0,0.0,,,,gemini35flash
2026091229,rich_boost,bonferroni,0.2,,False,0,0,,1082,0,0,0.0,,,,gemini35flash
2026091229,rich_boost,fixed_sequence,0.25,0.69,True,360,70,0.24567028967889137,1082,318,72,0.29390018484288355,0.22641509433962265,0.18158242815913403,0.2764253640732409,gemini35flash
2026091229,rich_boost,bonferroni,0.25,0.74,True,228,35,0.2455027911818636,1082,200,42,0.18484288354898337,0.21,0.15573975672412835,0.27306870461379884,gemini35flash
2026091230,raw_u,fixed_sequence,0.1,,False,0,0,,1082,0,0,0.0,,,,gemini35flash
2026091230,raw_u,bonferroni,0.1,,False,0,0,,1082,0,0,0.0,,,,gemini35flash
2026091230,raw_u,fixed_sequence,0.14285714285714285,,False,0,0,,1082,0,0,0.0,,,,gemini35flash
2026091230,raw_u,bonferroni,0.14285714285714285,,False,0,0,,1082,0,0,0.0,,,,gemini35flash
2026091230,raw_u,fixed_sequence,0.2,,False,0,0,,1082,0,0,0.0,,,,gemini35flash
2026091230,raw_u,bonferroni,0.2,,False,0,0,,1082,0,0,0.0,,,,gemini35flash
2026091230,raw_u,fixed_sequence,0.25,,False,0,0,,1082,0,0,0.0,,,,gemini35flash
2026091230,raw_u,bonferroni,0.25,,False,0,0,,1082,0,0,0.0,,,,gemini35flash
2026091230,u_boost,fixed_sequence,0.1,,False,0,0,,1082,0,0,0.0,,,,gemini35flash
2026091230,u_boost,bonferroni,0.1,,False,0,0,,1082,0,0,0.0,,,,gemini35flash
2026091230,u_boost,fixed_sequence,0.14285714285714285,,False,0,0,,1082,0,0,0.0,,,,gemini35flash
2026091230,u_boost,bonferroni,0.14285714285714285,,False,0,0,,1082,0,0,0.0,,,,gemini35flash
2026091230,u_boost,fixed_sequence,0.2,,False,0,0,,1082,0,0,0.0,,,,gemini35flash
2026091230,u_boost,bonferroni,0.2,,False,0,0,,1082,0,0,0.0,,,,gemini35flash
2026091230,u_boost,fixed_sequence,0.25,,False,0,0,,1082,0,0,0.0,,,,gemini35flash
2026091230,u_boost,bonferroni,0.25,,False,0,0,,1082,0,0,0.0,,,,gemini35flash
2026091230,rich_logistic,fixed_sequence,0.1,,False,0,0,,1082,0,0,0.0,,,,gemini35flash
2026091230,rich_logistic,bonferroni,0.1,,False,0,0,,1082,0,0,0.0,,,,gemini35flash
2026091230,rich_logistic,fixed_sequence,0.14285714285714285,,False,0,0,,1082,0,0,0.0,,,,gemini35flash
2026091230,rich_logistic,bonferroni,0.14285714285714285,,False,0,0,,1082,0,0,0.0,,,,gemini35flash
2026091230,rich_logistic,fixed_sequence,0.2,,False,0,0,,1082,0,0,0.0,,,,gemini35flash
2026091230,rich_logistic,bonferroni,0.2,,False,0,0,,1082,0,0,0.0,,,,gemini35flash
2026091230,rich_logistic,fixed_sequence,0.25,0.76,True,203,36,0.24567853807376042,1082,242,54,0.22365988909426987,0.2231404958677686,0.17230140483744108,0.2808979535690027,gemini35flash
2026091230,rich_logistic,bonferroni,0.25,,False,0,0,,1082,0,0,0.0,,,,gemini35flash
2026091230,rich_boost,fixed_sequence,0.1,,False,0,0,,1082,0,0,0.0,,,,gemini35flash
2026091230,rich_boost,bonferroni,0.1,,False,0,0,,1082,0,0,0.0,,,,gemini35flash
2026091230,rich_boost,fixed_sequence,0.14285714285714285,,False,0,0,,1082,0,0,0.0,,,,gemini35flash
2026091230,rich_boost,bonferroni,0.14285714285714285,,False,0,0,,1082,0,0,0.0,,,,gemini35flash
2026091230,rich_boost,fixed_sequence,0.2,,False,0,0,,1082,0,0,0.0,,,,gemini35flash
2026091230,rich_boost,bonferroni,0.2,,False,0,0,,1082,0,0,0.0,,,,gemini35flash
2026091230,rich_boost,fixed_sequence,0.25,,False,0,0,,1082,0,0,0.0,,,,gemini35flash
2026091230,rich_boost,bonferroni,0.25,,False,0,0,,1082,0,0,0.0,,,,gemini35flash
2026091231,raw_u,fixed_sequence,0.1,,False,0,0,,1082,0,0,0.0,,,,gemini35flash
2026091231,raw_u,bonferroni,0.1,,False,0,0,,1082,0,0,0.0,,,,gemini35flash
2026091231,raw_u,fixed_sequence,0.14285714285714285,,False,0,0,,1082,0,0,0.0,,,,gemini35flash
2026091231,raw_u,bonferroni,0.14285714285714285,,False,0,0,,1082,0,0,0.0,,,,gemini35flash
2026091231,raw_u,fixed_sequence,0.2,,False,0,0,,1082,0,0,0.0,,,,gemini35flash
2026091231,raw_u,bonferroni,0.2,,False,0,0,,1082,0,0,0.0,,,,gemini35flash
2026091231,raw_u,fixed_sequence,0.25,0.8571428571428571,True,197,34,0.24154298456542808,1082,187,40,0.17282809611829944,0.21390374331550802,0.15743059130032927,0.279679356087704,gemini35flash
2026091231,raw_u,bonferroni,0.25,,False,0,0,,1082,0,0,0.0,,,,gemini35flash
2026091231,u_boost,fixed_sequence,0.1,,False,0,0,,1082,0,0,0.0,,,,gemini35flash
2026091231,u_boost,bonferroni,0.1,,False,0,0,,1082,0,0,0.0,,,,gemini35flash
2026091231,u_boost,fixed_sequence,0.14285714285714285,,False,0,0,,1082,0,0,0.0,,,,gemini35flash
2026091231,u_boost,bonferroni,0.14285714285714285,,False,0,0,,1082,0,0,0.0,,,,gemini35flash
2026091231,u_boost,fixed_sequence,0.2,,False,0,0,,1082,0,0,0.0,,,,gemini35flash
2026091231,u_boost,bonferroni,0.2,,False,0,0,,1082,0,0,0.0,,,,gemini35flash
2026091231,u_boost,fixed_sequence,0.25,0.72,True,177,30,0.24234886569661485,1082,167,34,0.15434380776340112,0.20359281437125748,0.1453057992998435,0.27270612766417623,gemini35flash
2026091231,u_boost,bonferroni,0.25,,False,0,0,,1082,0,0,0.0,,,,gemini35flash
2026091231,rich_logistic,fixed_sequence,0.1,,False,0,0,,1082,0,0,0.0,,,,gemini35flash
2026091231,rich_logistic,bonferroni,0.1,,False,0,0,,1082,0,0,0.0,,,,gemini35flash
2026091231,rich_logistic,fixed_sequence,0.14285714285714285,,False,0,0,,1082,0,0,0.0,,,,gemini35flash
2026091231,rich_logistic,bonferroni,0.14285714285714285,,False,0,0,,1082,0,0,0.0,,,,gemini35flash
2026091231,rich_logistic,fixed_sequence,0.2,,False,0,0,,1082,0,0,0.0,,,,gemini35flash
2026091231,rich_logistic,bonferroni,0.2,,False,0,0,,1082,0,0,0.0,,,,gemini35flash
2026091231,rich_logistic,fixed_sequence,0.25,0.76,True,251,44,0.23581371678091032,1082,219,47,0.2024029574861368,0.2146118721461187,0.16215669150534057,0.2749669233992653,gemini35flash
2026091231,rich_logistic,bonferroni,0.25,,False,0,0,,1082,0,0,0.0,,,,gemini35flash
2026091231,rich_boost,fixed_sequence,0.1,,False,0,0,,1082,0,0,0.0,,,,gemini35flash
2026091231,rich_boost,bonferroni,0.1,,False,0,0,,1082,0,0,0.0,,,,gemini35flash
2026091231,rich_boost,fixed_sequence,0.14285714285714285,,False,0,0,,1082,0,0,0.0,,,,gemini35flash
2026091231,rich_boost,bonferroni,0.14285714285714285,,False,0,0,,1082,0,0,0.0,,,,gemini35flash
2026091231,rich_boost,fixed_sequence,0.2,,False,0,0,,1082,0,0,0.0,,,,gemini35flash
2026091231,rich_boost,bonferroni,0.2,,False,0,0,,1082,0,0,0.0,,,,gemini35flash
2026091231,rich_boost,fixed_sequence,0.25,0.72,True,234,39,0.22864372542023428,1082,208,42,0.1922365988909427,0.20192307692307693,0.1495742229185625,0.2629776259394244,gemini35flash
2026091231,rich_boost,bonferroni,0.25,,False,0,0,,1082,0,0,0.0,,,,gemini35flash
2026091232,raw_u,fixed_sequence,0.1,,False,0,0,,1082,0,0,0.0,,,,gemini35flash
2026091232,raw_u,bonferroni,0.1,,False,0,0,,1082,0,0,0.0,,,,gemini35flash
2026091232,raw_u,fixed_sequence,0.14285714285714285,,False,0,0,,1082,0,0,0.0,,,,gemini35flash
2026091232,raw_u,bonferroni,0.14285714285714285,,False,0,0,,1082,0,0,0.0,,,,gemini35flash
2026091232,raw_u,fixed_sequence,0.2,,False,0,0,,1082,0,0,0.0,,,,gemini35flash
2026091232,raw_u,bonferroni,0.2,,False,0,0,,1082,0,0,0.0,,,,gemini35flash
2026091232,raw_u,fixed_sequence,0.25,,False,0,0,,1082,0,0,0.0,,,,gemini35flash
2026091232,raw_u,bonferroni,0.25,,False,0,0,,1082,0,0,0.0,,,,gemini35flash
2026091232,u_boost,fixed_sequence,0.1,,False,0,0,,1082,0,0,0.0,,,,gemini35flash
2026091232,u_boost,bonferroni,0.1,,False,0,0,,1082,0,0,0.0,,,,gemini35flash
2026091232,u_boost,fixed_sequence,0.14285714285714285,,False,0,0,,1082,0,0,0.0,,,,gemini35flash
2026091232,u_boost,bonferroni,0.14285714285714285,,False,0,0,,1082,0,0,0.0,,,,gemini35flash
2026091232,u_boost,fixed_sequence,0.2,,False,0,0,,1082,0,0,0.0,,,,gemini35flash
2026091232,u_boost,bonferroni,0.2,,False,0,0,,1082,0,0,0.0,,,,gemini35flash
2026091232,u_boost,fixed_sequence,0.25,,False,0,0,,1082,0,0,0.0,,,,gemini35flash
2026091232,u_boost,bonferroni,0.25,,False,0,0,,1082,0,0,0.0,,,,gemini35flash
2026091232,rich_logistic,fixed_sequence,0.1,,False,0,0,,1082,0,0,0.0,,,,gemini35flash
2026091232,rich_logistic,bonferroni,0.1,,False,0,0,,1082,0,0,0.0,,,,gemini35flash
2026091232,rich_logistic,fixed_sequence,0.14285714285714285,,False,0,0,,1082,0,0,0.0,,,,gemini35flash
2026091232,rich_logistic,bonferroni,0.14285714285714285,,False,0,0,,1082,0,0,0.0,,,,gemini35flash
2026091232,rich_logistic,fixed_sequence,0.2,,False,0,0,,1082,0,0,0.0,,,,gemini35flash
2026091232,rich_logistic,bonferroni,0.2,,False,0,0,,1082,0,0,0.0,,,,gemini35flash
2026091232,rich_logistic,fixed_sequence,0.25,0.77,True,184,32,0.24572051767997277,1082,188,24,0.17375231053604437,0.1276595744680851,0.08353529086569805,0.18396976398479434,gemini35flash
2026091232,rich_logistic,bonferroni,0.25,,False,0,0,,1082,0,0,0.0,,,,gemini35flash
2026091232,rich_boost,fixed_sequence,0.1,,False,0,0,,1082,0,0,0.0,,,,gemini35flash
2026091232,rich_boost,bonferroni,0.1,,False,0,0,,1082,0,0,0.0,,,,gemini35flash
2026091232,rich_boost,fixed_sequence,0.14285714285714285,,False,0,0,,1082,0,0,0.0,,,,gemini35flash
2026091232,rich_boost,bonferroni,0.14285714285714285,,False,0,0,,1082,0,0,0.0,,,,gemini35flash
2026091232,rich_boost,fixed_sequence,0.2,,False,0,0,,1082,0,0,0.0,,,,gemini35flash
2026091232,rich_boost,bonferroni,0.2,,False,0,0,,1082,0,0,0.0,,,,gemini35flash
2026091232,rich_boost,fixed_sequence,0.25,,False,0,0,,1082,0,0,0.0,,,,gemini35flash
2026091232,rich_boost,bonferroni,0.25,,False,0,0,,1082,0,0,0.0,,,,gemini35flash
2026091233,raw_u,fixed_sequence,0.1,,False,0,0,,1082,0,0,0.0,,,,gemini35flash
2026091233,raw_u,bonferroni,0.1,,False,0,0,,1082,0,0,0.0,,,,gemini35flash
2026091233,raw_u,fixed_sequence,0.14285714285714285,,False,0,0,,1082,0,0,0.0,,,,gemini35flash
2026091233,raw_u,bonferroni,0.14285714285714285,,False,0,0,,1082,0,0,0.0,,,,gemini35flash
2026091233,raw_u,fixed_sequence,0.2,,False,0,0,,1082,0,0,0.0,,,,gemini35flash
2026091233,raw_u,bonferroni,0.2,,False,0,0,,1082,0,0,0.0,,,,gemini35flash
2026091233,raw_u,fixed_sequence,0.25,0.8571428571428571,True,186,32,0.24319490184125897,1082,177,29,0.16358595194085027,0.1638418079096045,0.11255746814749275,0.22675355048329413,gemini35flash
2026091233,raw_u,bonferroni,0.25,,False,0,0,,1082,0,0,0.0,,,,gemini35flash
2026091233,u_boost,fixed_sequence,0.1,,False,0,0,,1082,0,0,0.0,,,,gemini35flash
2026091233,u_boost,bonferroni,0.1,,False,0,0,,1082,0,0,0.0,,,,gemini35flash
2026091233,u_boost,fixed_sequence,0.14285714285714285,,False,0,0,,1082,0,0,0.0,,,,gemini35flash
2026091233,u_boost,bonferroni,0.14285714285714285,,False,0,0,,1082,0,0,0.0,,,,gemini35flash
2026091233,u_boost,fixed_sequence,0.2,,False,0,0,,1082,0,0,0.0,,,,gemini35flash
2026091233,u_boost,bonferroni,0.2,,False,0,0,,1082,0,0,0.0,,,,gemini35flash
2026091233,u_boost,fixed_sequence,0.25,0.74,True,163,26,0.23454042653303553,1082,154,25,0.1423290203327172,0.16233766233766234,0.10789697375694773,0.2302460073380077,gemini35flash
2026091233,u_boost,bonferroni,0.25,,False,0,0,,1082,0,0,0.0,,,,gemini35flash
2026091233,rich_logistic,fixed_sequence,0.1,,False,0,0,,1082,0,0,0.0,,,,gemini35flash
2026091233,rich_logistic,bonferroni,0.1,,False,0,0,,1082,0,0,0.0,,,,gemini35flash
2026091233,rich_logistic,fixed_sequence,0.14285714285714285,,False,0,0,,1082,0,0,0.0,,,,gemini35flash
2026091233,rich_logistic,bonferroni,0.14285714285714285,,False,0,0,,1082,0,0,0.0,,,,gemini35flash
2026091233,rich_logistic,fixed_sequence,0.2,,False,0,0,,1082,0,0,0.0,,,,gemini35flash
2026091233,rich_logistic,bonferroni,0.2,,False,0,0,,1082,0,0,0.0,,,,gemini35flash
2026091233,rich_logistic,fixed_sequence,0.25,0.76,True,218,40,0.24980990027513583,1082,203,34,0.1876155268022181,0.16748768472906403,0.1188658773138022,0.22610367897811603,gemini35flash
2026091233,rich_logistic,bonferroni,0.25,,False,0,0,,1082,0,0,0.0,,,,gemini35flash
2026091233,rich_boost,fixed_sequence,0.1,,False,0,0,,1082,0,0,0.0,,,,gemini35flash
2026091233,rich_boost,bonferroni,0.1,,False,0,0,,1082,0,0,0.0,,,,gemini35flash
2026091233,rich_boost,fixed_sequence,0.14285714285714285,,False,0,0,,1082,0,0,0.0,,,,gemini35flash
2026091233,rich_boost,bonferroni,0.14285714285714285,,False,0,0,,1082,0,0,0.0,,,,gemini35flash
2026091233,rich_boost,fixed_sequence,0.2,,False,0,0,,1082,0,0,0.0,,,,gemini35flash
2026091233,rich_boost,bonferroni,0.2,,False,0,0,,1082,0,0,0.0,,,,gemini35flash
2026091233,rich_boost,fixed_sequence,0.25,0.72,True,218,40,0.24980990027513583,1082,203,34,0.1876155268022181,0.16748768472906403,0.1188658773138022,0.22610367897811603,gemini35flash
2026091233,rich_boost,bonferroni,0.25,,False,0,0,,1082,0,0,0.0,,,,gemini35flash
2026091234,raw_u,fixed_sequence,0.1,,False,0,0,,1082,0,0,0.0,,,,gemini35flash
2026091234,raw_u,bonferroni,0.1,,False,0,0,,1082,0,0,0.0,,,,gemini35flash
2026091234,raw_u,fixed_sequence,0.14285714285714285,,False,0,0,,1082,0,0,0.0,,,,gemini35flash
2026091234,raw_u,bonferroni,0.14285714285714285,,False,0,0,,1082,0,0,0.0,,,,gemini35flash
2026091234,raw_u,fixed_sequence,0.2,,False,0,0,,1082,0,0,0.0,,,,gemini35flash
2026091234,raw_u,bonferroni,0.2,,False,0,0,,1082,0,0,0.0,,,,gemini35flash
2026091234,raw_u,fixed_sequence,0.25,,False,0,0,,1082,0,0,0.0,,,,gemini35flash
2026091234,raw_u,bonferroni,0.25,,False,0,0,,1082,0,0,0.0,,,,gemini35flash
2026091234,u_boost,fixed_sequence,0.1,,False,0,0,,1082,0,0,0.0,,,,gemini35flash
2026091234,u_boost,bonferroni,0.1,,False,0,0,,1082,0,0,0.0,,,,gemini35flash
2026091234,u_boost,fixed_sequence,0.14285714285714285,,False,0,0,,1082,0,0,0.0,,,,gemini35flash
2026091234,u_boost,bonferroni,0.14285714285714285,,False,0,0,,1082,0,0,0.0,,,,gemini35flash
2026091234,u_boost,fixed_sequence,0.2,,False,0,0,,1082,0,0,0.0,,,,gemini35flash
2026091234,u_boost,bonferroni,0.2,,False,0,0,,1082,0,0,0.0,,,,gemini35flash
2026091234,u_boost,fixed_sequence,0.25,,False,0,0,,1082,0,0,0.0,,,,gemini35flash
2026091234,u_boost,bonferroni,0.25,,False,0,0,,1082,0,0,0.0,,,,gemini35flash
2026091234,rich_logistic,fixed_sequence,0.1,,False,0,0,,1082,0,0,0.0,,,,gemini35flash
2026091234,rich_logistic,bonferroni,0.1,,False,0,0,,1082,0,0,0.0,,,,gemini35flash
2026091234,rich_logistic,fixed_sequence,0.14285714285714285,,False,0,0,,1082,0,0,0.0,,,,gemini35flash
2026091234,rich_logistic,bonferroni,0.14285714285714285,,False,0,0,,1082,0,0,0.0,,,,gemini35flash
2026091234,rich_logistic,fixed_sequence,0.2,,False,0,0,,1082,0,0,0.0,,,,gemini35flash
2026091234,rich_logistic,bonferroni,0.2,,False,0,0,,1082,0,0,0.0,,,,gemini35flash
2026091234,rich_logistic,fixed_sequence,0.25,,False,0,0,,1082,0,0,0.0,,,,gemini35flash
2026091234,rich_logistic,bonferroni,0.25,,False,0,0,,1082,0,0,0.0,,,,gemini35flash
2026091234,rich_boost,fixed_sequence,0.1,,False,0,0,,1082,0,0,0.0,,,,gemini35flash
2026091234,rich_boost,bonferroni,0.1,,False,0,0,,1082,0,0,0.0,,,,gemini35flash
2026091234,rich_boost,fixed_sequence,0.14285714285714285,,False,0,0,,1082,0,0,0.0,,,,gemini35flash
2026091234,rich_boost,bonferroni,0.14285714285714285,,False,0,0,,1082,0,0,0.0,,,,gemini35flash
2026091234,rich_boost,fixed_sequence,0.2,,False,0,0,,1082,0,0,0.0,,,,gemini35flash
2026091234,rich_boost,bonferroni,0.2,,False,0,0,,1082,0,0,0.0,,,,gemini35flash
2026091234,rich_boost,fixed_sequence,0.25,,False,0,0,,1082,0,0,0.0,,,,gemini35flash
2026091234,rich_boost,bonferroni,0.25,,False,0,0,,1082,0,0,0.0,,,,gemini35flash
2026091235,raw_u,fixed_sequence,0.1,,False,0,0,,1082,0,0,0.0,,,,gemini35flash
2026091235,raw_u,bonferroni,0.1,,False,0,0,,1082,0,0,0.0,,,,gemini35flash
2026091235,raw_u,fixed_sequence,0.14285714285714285,,False,0,0,,1082,0,0,0.0,,,,gemini35flash
2026091235,raw_u,bonferroni,0.14285714285714285,,False,0,0,,1082,0,0,0.0,,,,gemini35flash
2026091235,raw_u,fixed_sequence,0.2,,False,0,0,,1082,0,0,0.0,,,,gemini35flash
2026091235,raw_u,bonferroni,0.2,,False,0,0,,1082,0,0,0.0,,,,gemini35flash
2026091235,raw_u,fixed_sequence,0.25,,False,0,0,,1082,0,0,0.0,,,,gemini35flash
2026091235,raw_u,bonferroni,0.25,,False,0,0,,1082,0,0,0.0,,,,gemini35flash
2026091235,u_boost,fixed_sequence,0.1,,False,0,0,,1082,0,0,0.0,,,,gemini35flash
2026091235,u_boost,bonferroni,0.1,,False,0,0,,1082,0,0,0.0,,,,gemini35flash
2026091235,u_boost,fixed_sequence,0.14285714285714285,,False,0,0,,1082,0,0,0.0,,,,gemini35flash
2026091235,u_boost,bonferroni,0.14285714285714285,,False,0,0,,1082,0,0,0.0,,,,gemini35flash
2026091235,u_boost,fixed_sequence,0.2,,False,0,0,,1082,0,0,0.0,,,,gemini35flash
2026091235,u_boost,bonferroni,0.2,,False,0,0,,1082,0,0,0.0,,,,gemini35flash
2026091235,u_boost,fixed_sequence,0.25,,False,0,0,,1082,0,0,0.0,,,,gemini35flash
2026091235,u_boost,bonferroni,0.25,,False,0,0,,1082,0,0,0.0,,,,gemini35flash
2026091235,rich_logistic,fixed_sequence,0.1,,False,0,0,,1082,0,0,0.0,,,,gemini35flash
2026091235,rich_logistic,bonferroni,0.1,,False,0,0,,1082,0,0,0.0,,,,gemini35flash
2026091235,rich_logistic,fixed_sequence,0.14285714285714285,,False,0,0,,1082,0,0,0.0,,,,gemini35flash
2026091235,rich_logistic,bonferroni,0.14285714285714285,,False,0,0,,1082,0,0,0.0,,,,gemini35flash
2026091235,rich_logistic,fixed_sequence,0.2,,False,0,0,,1082,0,0,0.0,,,,gemini35flash
2026091235,rich_logistic,bonferroni,0.2,,False,0,0,,1082,0,0,0.0,,,,gemini35flash
2026091235,rich_logistic,fixed_sequence,0.25,,False,0,0,,1082,0,0,0.0,,,,gemini35flash
2026091235,rich_logistic,bonferroni,0.25,,False,0,0,,1082,0,0,0.0,,,,gemini35flash
2026091235,rich_boost,fixed_sequence,0.1,,False,0,0,,1082,0,0,0.0,,,,gemini35flash
2026091235,rich_boost,bonferroni,0.1,,False,0,0,,1082,0,0,0.0,,,,gemini35flash
2026091235,rich_boost,fixed_sequence,0.14285714285714285,,False,0,0,,1082,0,0,0.0,,,,gemini35flash
2026091235,rich_boost,bonferroni,0.14285714285714285,,False,0,0,,1082,0,0,0.0,,,,gemini35flash
2026091235,rich_boost,fixed_sequence,0.2,,False,0,0,,1082,0,0,0.0,,,,gemini35flash
2026091235,rich_boost,bonferroni,0.2,,False,0,0,,1082,0,0,0.0,,,,gemini35flash
2026091235,rich_boost,fixed_sequence,0.25,,False,0,0,,1082,0,0,0.0,,,,gemini35flash
2026091235,rich_boost,bonferroni,0.25,,False,0,0,,1082,0,0,0.0,,,,gemini35flash
2026091236,raw_u,fixed_sequence,0.1,,False,0,0,,1082,0,0,0.0,,,,gemini35flash
2026091236,raw_u,bonferroni,0.1,,False,0,0,,1082,0,0,0.0,,,,gemini35flash
2026091236,raw_u,fixed_sequence,0.14285714285714285,,False,0,0,,1082,0,0,0.0,,,,gemini35flash
2026091236,raw_u,bonferroni,0.14285714285714285,,False,0,0,,1082,0,0,0.0,,,,gemini35flash
2026091236,raw_u,fixed_sequence,0.2,,False,0,0,,1082,0,0,0.0,,,,gemini35flash
2026091236,raw_u,bonferroni,0.2,,False,0,0,,1082,0,0,0.0,,,,gemini35flash
2026091236,raw_u,fixed_sequence,0.25,0.91,True,158,26,0.241611419443843,1082,163,25,0.15064695009242143,0.15337423312883436,0.10178200659844504,0.21803070104052014,gemini35flash
2026091236,raw_u,bonferroni,0.25,,False,0,0,,1082,0,0,0.0,,,,gemini35flash
2026091236,u_boost,fixed_sequence,0.1,,False,0,0,,1082,0,0,0.0,,,,gemini35flash
2026091236,u_boost,bonferroni,0.1,,False,0,0,,1082,0,0,0.0,,,,gemini35flash
2026091236,u_boost,fixed_sequence,0.14285714285714285,,False,0,0,,1082,0,0,0.0,,,,gemini35flash
2026091236,u_boost,bonferroni,0.14285714285714285,,False,0,0,,1082,0,0,0.0,,,,gemini35flash
2026091236,u_boost,fixed_sequence,0.2,,False,0,0,,1082,0,0,0.0,,,,gemini35flash
2026091236,u_boost,bonferroni,0.2,,False,0,0,,1082,0,0,0.0,,,,gemini35flash
2026091236,u_boost,fixed_sequence,0.25,0.76,True,158,26,0.241611419443843,1082,163,25,0.15064695009242143,0.15337423312883436,0.10178200659844504,0.21803070104052014,gemini35flash
2026091236,u_boost,bonferroni,0.25,,False,0,0,,1082,0,0,0.0,,,,gemini35flash
2026091236,rich_logistic,fixed_sequence,0.1,,False,0,0,,1082,0,0,0.0,,,,gemini35flash
2026091236,rich_logistic,bonferroni,0.1,,False,0,0,,1082,0,0,0.0,,,,gemini35flash
2026091236,rich_logistic,fixed_sequence,0.14285714285714285,,False,0,0,,1082,0,0,0.0,,,,gemini35flash
2026091236,rich_logistic,bonferroni,0.14285714285714285,,False,0,0,,1082,0,0,0.0,,,,gemini35flash
2026091236,rich_logistic,fixed_sequence,0.2,,False,0,0,,1082,0,0,0.0,,,,gemini35flash
2026091236,rich_logistic,bonferroni,0.2,,False,0,0,,1082,0,0,0.0,,,,gemini35flash
2026091236,rich_logistic,fixed_sequence,0.25,0.72,True,288,53,0.2409417550320147,1082,289,59,0.26709796672828096,0.2041522491349481,0.1591960921335174,0.2552890124600829,gemini35flash
2026091236,rich_logistic,bonferroni,0.25,,False,0,0,,1082,0,0,0.0,,,,gemini35flash
2026091236,rich_boost,fixed_sequence,0.1,,False,0,0,,1082,0,0,0.0,,,,gemini35flash
2026091236,rich_boost,bonferroni,0.1,,False,0,0,,1082,0,0,0.0,,,,gemini35flash
2026091236,rich_boost,fixed_sequence,0.14285714285714285,,False,0,0,,1082,0,0,0.0,,,,gemini35flash
2026091236,rich_boost,bonferroni,0.14285714285714285,,False,0,0,,1082,0,0,0.0,,,,gemini35flash
2026091236,rich_boost,fixed_sequence,0.2,,False,0,0,,1082,0,0,0.0,,,,gemini35flash
2026091236,rich_boost,bonferroni,0.2,,False,0,0,,1082,0,0,0.0,,,,gemini35flash
2026091236,rich_boost,fixed_sequence,0.25,0.71,True,234,42,0.24284538984444337,1082,234,47,0.21626617375231053,0.20085470085470086,0.15147257535230352,0.2579866536244289,gemini35flash
2026091236,rich_boost,bonferroni,0.25,,False,0,0,,1082,0,0,0.0,,,,gemini35flash
2026091237,raw_u,fixed_sequence,0.1,,False,0,0,,1082,0,0,0.0,,,,gemini35flash
2026091237,raw_u,bonferroni,0.1,,False,0,0,,1082,0,0,0.0,,,,gemini35flash
2026091237,raw_u,fixed_sequence,0.14285714285714285,,False,0,0,,1082,0,0,0.0,,,,gemini35flash
2026091237,raw_u,bonferroni,0.14285714285714285,,False,0,0,,1082,0,0,0.0,,,,gemini35flash
2026091237,raw_u,fixed_sequence,0.2,,False,0,0,,1082,0,0,0.0,,,,gemini35flash
2026091237,raw_u,bonferroni,0.2,,False,0,0,,1082,0,0,0.0,,,,gemini35flash
2026091237,raw_u,fixed_sequence,0.25,0.91,True,156,25,0.23729371095111382,1082,164,25,0.15157116451016636,0.1524390243902439,0.10114512322640952,0.216752796375159,gemini35flash
2026091237,raw_u,bonferroni,0.25,,False,0,0,,1082,0,0,0.0,,,,gemini35flash
2026091237,u_boost,fixed_sequence,0.1,,False,0,0,,1082,0,0,0.0,,,,gemini35flash
2026091237,u_boost,bonferroni,0.1,,False,0,0,,1082,0,0,0.0,,,,gemini35flash
2026091237,u_boost,fixed_sequence,0.14285714285714285,,False,0,0,,1082,0,0,0.0,,,,gemini35flash
2026091237,u_boost,bonferroni,0.14285714285714285,,False,0,0,,1082,0,0,0.0,,,,gemini35flash
2026091237,u_boost,fixed_sequence,0.2,,False,0,0,,1082,0,0,0.0,,,,gemini35flash
2026091237,u_boost,bonferroni,0.2,,False,0,0,,1082,0,0,0.0,,,,gemini35flash
2026091237,u_boost,fixed_sequence,0.25,0.77,True,156,25,0.23729371095111382,1082,164,25,0.15157116451016636,0.1524390243902439,0.10114512322640952,0.216752796375159,gemini35flash
2026091237,u_boost,bonferroni,0.25,,False,0,0,,1082,0,0,0.0,,,,gemini35flash
2026091237,rich_logistic,fixed_sequence,0.1,,False,0,0,,1082,0,0,0.0,,,,gemini35flash
2026091237,rich_logistic,bonferroni,0.1,,False,0,0,,1082,0,0,0.0,,,,gemini35flash
2026091237,rich_logistic,fixed_sequence,0.14285714285714285,,False,0,0,,1082,0,0,0.0,,,,gemini35flash
2026091237,rich_logistic,bonferroni,0.14285714285714285,,False,0,0,,1082,0,0,0.0,,,,gemini35flash
2026091237,rich_logistic,fixed_sequence,0.2,,False,0,0,,1082,0,0,0.0,,,,gemini35flash
2026091237,rich_logistic,bonferroni,0.2,,False,0,0,,1082,0,0,0.0,,,,gemini35flash
2026091237,rich_logistic,fixed_sequence,0.25,0.76,True,201,36,0.24801798504365924,1082,225,38,0.20794824399260628,0.1688888888888889,0.12237393275505526,0.22436236684429045,gemini35flash
2026091237,rich_logistic,bonferroni,0.25,,False,0,0,,1082,0,0,0.0,,,,gemini35flash
2026091237,rich_boost,fixed_sequence,0.1,,False,0,0,,1082,0,0,0.0,,,,gemini35flash
2026091237,rich_boost,bonferroni,0.1,,False,0,0,,1082,0,0,0.0,,,,gemini35flash
2026091237,rich_boost,fixed_sequence,0.14285714285714285,,False,0,0,,1082,0,0,0.0,,,,gemini35flash
2026091237,rich_boost,bonferroni,0.14285714285714285,,False,0,0,,1082,0,0,0.0,,,,gemini35flash
2026091237,rich_boost,fixed_sequence,0.2,,False,0,0,,1082,0,0,0.0,,,,gemini35flash
2026091237,rich_boost,bonferroni,0.2,,False,0,0,,1082,0,0,0.0,,,,gemini35flash
2026091237,rich_boost,fixed_sequence,0.25,,False,0,0,,1082,0,0,0.0,,,,gemini35flash
2026091237,rich_boost,bonferroni,0.25,,False,0,0,,1082,0,0,0.0,,,,gemini35flash
2026091238,raw_u,fixed_sequence,0.1,,False,0,0,,1082,0,0,0.0,,,,gemini35flash
2026091238,raw_u,bonferroni,0.1,,False,0,0,,1082,0,0,0.0,,,,gemini35flash
2026091238,raw_u,fixed_sequence,0.14285714285714285,,False,0,0,,1082,0,0,0.0,,,,gemini35flash
2026091238,raw_u,bonferroni,0.14285714285714285,,False,0,0,,1082,0,0,0.0,,,,gemini35flash
2026091238,raw_u,fixed_sequence,0.2,,False,0,0,,1082,0,0,0.0,,,,gemini35flash
2026091238,raw_u,bonferroni,0.2,,False,0,0,,1082,0,0,0.0,,,,gemini35flash
2026091238,raw_u,fixed_sequence,0.25,,False,0,0,,1082,0,0,0.0,,,,gemini35flash
2026091238,raw_u,bonferroni,0.25,,False,0,0,,1082,0,0,0.0,,,,gemini35flash
2026091238,u_boost,fixed_sequence,0.1,,False,0,0,,1082,0,0,0.0,,,,gemini35flash
2026091238,u_boost,bonferroni,0.1,,False,0,0,,1082,0,0,0.0,,,,gemini35flash
2026091238,u_boost,fixed_sequence,0.14285714285714285,,False,0,0,,1082,0,0,0.0,,,,gemini35flash
2026091238,u_boost,bonferroni,0.14285714285714285,,False,0,0,,1082,0,0,0.0,,,,gemini35flash
2026091238,u_boost,fixed_sequence,0.2,,False,0,0,,1082,0,0,0.0,,,,gemini35flash
2026091238,u_boost,bonferroni,0.2,,False,0,0,,1082,0,0,0.0,,,,gemini35flash
2026091238,u_boost,fixed_sequence,0.25,,False,0,0,,1082,0,0,0.0,,,,gemini35flash
2026091238,u_boost,bonferroni,0.25,,False,0,0,,1082,0,0,0.0,,,,gemini35flash
2026091238,rich_logistic,fixed_sequence,0.1,,False,0,0,,1082,0,0,0.0,,,,gemini35flash
2026091238,rich_logistic,bonferroni,0.1,,False,0,0,,1082,0,0,0.0,,,,gemini35flash
2026091238,rich_logistic,fixed_sequence,0.14285714285714285,,False,0,0,,1082,0,0,0.0,,,,gemini35flash
2026091238,rich_logistic,bonferroni,0.14285714285714285,,False,0,0,,1082,0,0,0.0,,,,gemini35flash
2026091238,rich_logistic,fixed_sequence,0.2,,False,0,0,,1082,0,0,0.0,,,,gemini35flash
2026091238,rich_logistic,bonferroni,0.2,,False,0,0,,1082,0,0,0.0,,,,gemini35flash
2026091238,rich_logistic,fixed_sequence,0.25,,False,0,0,,1082,0,0,0.0,,,,gemini35flash
2026091238,rich_logistic,bonferroni,0.25,,False,0,0,,1082,0,0,0.0,,,,gemini35flash
2026091238,rich_boost,fixed_sequence,0.1,,False,0,0,,1082,0,0,0.0,,,,gemini35flash
2026091238,rich_boost,bonferroni,0.1,,False,0,0,,1082,0,0,0.0,,,,gemini35flash
2026091238,rich_boost,fixed_sequence,0.14285714285714285,,False,0,0,,1082,0,0,0.0,,,,gemini35flash
2026091238,rich_boost,bonferroni,0.14285714285714285,,False,0,0,,1082,0,0,0.0,,,,gemini35flash
2026091238,rich_boost,fixed_sequence,0.2,,False,0,0,,1082,0,0,0.0,,,,gemini35flash
2026091238,rich_boost,bonferroni,0.2,,False,0,0,,1082,0,0,0.0,,,,gemini35flash
2026091238,rich_boost,fixed_sequence,0.25,,False,0,0,,1082,0,0,0.0,,,,gemini35flash
2026091238,rich_boost,bonferroni,0.25,,False,0,0,,1082,0,0,0.0,,,,gemini35flash
2026091239,raw_u,fixed_sequence,0.1,,False,0,0,,1082,0,0,0.0,,,,gemini35flash
2026091239,raw_u,bonferroni,0.1,,False,0,0,,1082,0,0,0.0,,,,gemini35flash
2026091239,raw_u,fixed_sequence,0.14285714285714285,,False,0,0,,1082,0,0,0.0,,,,gemini35flash
2026091239,raw_u,bonferroni,0.14285714285714285,,False,0,0,,1082,0,0,0.0,,,,gemini35flash
2026091239,raw_u,fixed_sequence,0.2,,False,0,0,,1082,0,0,0.0,,,,gemini35flash
2026091239,raw_u,bonferroni,0.2,,False,0,0,,1082,0,0,0.0,,,,gemini35flash
2026091239,raw_u,fixed_sequence,0.25,,False,0,0,,1082,0,0,0.0,,,,gemini35flash
2026091239,raw_u,bonferroni,0.25,,False,0,0,,1082,0,0,0.0,,,,gemini35flash
2026091239,u_boost,fixed_sequence,0.1,,False,0,0,,1082,0,0,0.0,,,,gemini35flash
2026091239,u_boost,bonferroni,0.1,,False,0,0,,1082,0,0,0.0,,,,gemini35flash
2026091239,u_boost,fixed_sequence,0.14285714285714285,,False,0,0,,1082,0,0,0.0,,,,gemini35flash
2026091239,u_boost,bonferroni,0.14285714285714285,,False,0,0,,1082,0,0,0.0,,,,gemini35flash
2026091239,u_boost,fixed_sequence,0.2,,False,0,0,,1082,0,0,0.0,,,,gemini35flash
2026091239,u_boost,bonferroni,0.2,,False,0,0,,1082,0,0,0.0,,,,gemini35flash
2026091239,u_boost,fixed_sequence,0.25,,False,0,0,,1082,0,0,0.0,,,,gemini35flash
2026091239,u_boost,bonferroni,0.25,,False,0,0,,1082,0,0,0.0,,,,gemini35flash
2026091239,rich_logistic,fixed_sequence,0.1,,False,0,0,,1082,0,0,0.0,,,,gemini35flash
2026091239,rich_logistic,bonferroni,0.1,,False,0,0,,1082,0,0,0.0,,,,gemini35flash
2026091239,rich_logistic,fixed_sequence,0.14285714285714285,,False,0,0,,1082,0,0,0.0,,,,gemini35flash
2026091239,rich_logistic,bonferroni,0.14285714285714285,,False,0,0,,1082,0,0,0.0,,,,gemini35flash
2026091239,rich_logistic,fixed_sequence,0.2,,False,0,0,,1082,0,0,0.0,,,,gemini35flash
2026091239,rich_logistic,bonferroni,0.2,,False,0,0,,1082,0,0,0.0,,,,gemini35flash
2026091239,rich_logistic,fixed_sequence,0.25,,False,0,0,,1082,0,0,0.0,,,,gemini35flash
2026091239,rich_logistic,bonferroni,0.25,,False,0,0,,1082,0,0,0.0,,,,gemini35flash
2026091239,rich_boost,fixed_sequence,0.1,,False,0,0,,1082,0,0,0.0,,,,gemini35flash
2026091239,rich_boost,bonferroni,0.1,,False,0,0,,1082,0,0,0.0,,,,gemini35flash
2026091239,rich_boost,fixed_sequence,0.14285714285714285,,False,0,0,,1082,0,0,0.0,,,,gemini35flash
2026091239,rich_boost,bonferroni,0.14285714285714285,,False,0,0,,1082,0,0,0.0,,,,gemini35flash
2026091239,rich_boost,fixed_sequence,0.2,,False,0,0,,1082,0,0,0.0,,,,gemini35flash
2026091239,rich_boost,bonferroni,0.2,,False,0,0,,1082,0,0,0.0,,,,gemini35flash
2026091239,rich_boost,fixed_sequence,0.25,0.73,True,207,37,0.24649543234992774,1082,209,37,0.19316081330868762,0.17703349282296652,0.12781684537540783,0.2356618108775508,gemini35flash
2026091239,rich_boost,bonferroni,0.25,,False,0,0,,1082,0,0,0.0,,,,gemini35flash
2026091240,raw_u,fixed_sequence,0.1,,False,0,0,,1082,0,0,0.0,,,,gemini35flash
2026091240,raw_u,bonferroni,0.1,,False,0,0,,1082,0,0,0.0,,,,gemini35flash
2026091240,raw_u,fixed_sequence,0.14285714285714285,,False,0,0,,1082,0,0,0.0,,,,gemini35flash
2026091240,raw_u,bonferroni,0.14285714285714285,,False,0,0,,1082,0,0,0.0,,,,gemini35flash
2026091240,raw_u,fixed_sequence,0.2,,False,0,0,,1082,0,0,0.0,,,,gemini35flash
2026091240,raw_u,bonferroni,0.2,,False,0,0,,1082,0,0,0.0,,,,gemini35flash
2026091240,raw_u,fixed_sequence,0.25,0.91,True,161,27,0.24434414339142407,1082,160,21,0.1478743068391867,0.13125,0.08311646553587873,0.19360815576416976,gemini35flash
2026091240,raw_u,bonferroni,0.25,,False,0,0,,1082,0,0,0.0,,,,gemini35flash
2026091240,u_boost,fixed_sequence,0.1,,False,0,0,,1082,0,0,0.0,,,,gemini35flash
2026091240,u_boost,bonferroni,0.1,,False,0,0,,1082,0,0,0.0,,,,gemini35flash
2026091240,u_boost,fixed_sequence,0.14285714285714285,,False,0,0,,1082,0,0,0.0,,,,gemini35flash
2026091240,u_boost,bonferroni,0.14285714285714285,,False,0,0,,1082,0,0,0.0,,,,gemini35flash
2026091240,u_boost,fixed_sequence,0.2,,False,0,0,,1082,0,0,0.0,,,,gemini35flash
2026091240,u_boost,bonferroni,0.2,,False,0,0,,1082,0,0,0.0,,,,gemini35flash
2026091240,u_boost,fixed_sequence,0.25,0.74,True,284,53,0.24421277204711486,1082,278,56,0.25693160813308685,0.2014388489208633,0.1559014555832098,0.2534661953092426,gemini35flash
2026091240,u_boost,bonferroni,0.25,,False,0,0,,1082,0,0,0.0,,,,gemini35flash
2026091240,rich_logistic,fixed_sequence,0.1,,False,0,0,,1082,0,0,0.0,,,,gemini35flash
2026091240,rich_logistic,bonferroni,0.1,,False,0,0,,1082,0,0,0.0,,,,gemini35flash
2026091240,rich_logistic,fixed_sequence,0.14285714285714285,,False,0,0,,1082,0,0,0.0,,,,gemini35flash
2026091240,rich_logistic,bonferroni,0.14285714285714285,,False,0,0,,1082,0,0,0.0,,,,gemini35flash
2026091240,rich_logistic,fixed_sequence,0.2,,False,0,0,,1082,0,0,0.0,,,,gemini35flash
2026091240,rich_logistic,bonferroni,0.2,,False,0,0,,1082,0,0,0.0,,,,gemini35flash
2026091240,rich_logistic,fixed_sequence,0.25,0.71,True,283,54,0.24889826176537555,1082,281,53,0.25970425138632164,0.18861209964412812,0.14459283126989023,0.23933428504798154,gemini35flash
2026091240,rich_logistic,bonferroni,0.25,,False,0,0,,1082,0,0,0.0,,,,gemini35flash
2026091240,rich_boost,fixed_sequence,0.1,,False,0,0,,1082,0,0,0.0,,,,gemini35flash
2026091240,rich_boost,bonferroni,0.1,,False,0,0,,1082,0,0,0.0,,,,gemini35flash
2026091240,rich_boost,fixed_sequence,0.14285714285714285,,False,0,0,,1082,0,0,0.0,,,,gemini35flash
2026091240,rich_boost,bonferroni,0.14285714285714285,,False,0,0,,1082,0,0,0.0,,,,gemini35flash
2026091240,rich_boost,fixed_sequence,0.2,,False,0,0,,1082,0,0,0.0,,,,gemini35flash
2026091240,rich_boost,bonferroni,0.2,,False,0,0,,1082,0,0,0.0,,,,gemini35flash
2026091240,rich_boost,fixed_sequence,0.25,0.76,True,206,34,0.23142073248426617,1082,211,33,0.19500924214417745,0.15639810426540285,0.11016854576332592,0.21257091016690316,gemini35flash
2026091240,rich_boost,bonferroni,0.25,,False,0,0,,1082,0,0,0.0,,,,gemini35flash
2026091241,raw_u,fixed_sequence,0.1,,False,0,0,,1082,0,0,0.0,,,,gemini35flash
2026091241,raw_u,bonferroni,0.1,,False,0,0,,1082,0,0,0.0,,,,gemini35flash
2026091241,raw_u,fixed_sequence,0.14285714285714285,,False,0,0,,1082,0,0,0.0,,,,gemini35flash
2026091241,raw_u,bonferroni,0.14285714285714285,,False,0,0,,1082,0,0,0.0,,,,gemini35flash
2026091241,raw_u,fixed_sequence,0.2,,False,0,0,,1082,0,0,0.0,,,,gemini35flash
2026091241,raw_u,bonferroni,0.2,,False,0,0,,1082,0,0,0.0,,,,gemini35flash
2026091241,raw_u,fixed_sequence,0.25,0.8571428571428571,True,193,30,0.22308603465110846,1082,197,47,0.18207024029574861,0.23857868020304568,0.18087413420746354,0.3043280908523506,gemini35flash
2026091241,raw_u,bonferroni,0.25,,False,0,0,,1082,0,0,0.0,,,,gemini35flash
2026091241,u_boost,fixed_sequence,0.1,,False,0,0,,1082,0,0,0.0,,,,gemini35flash
2026091241,u_boost,bonferroni,0.1,,False,0,0,,1082,0,0,0.0,,,,gemini35flash
2026091241,u_boost,fixed_sequence,0.14285714285714285,,False,0,0,,1082,0,0,0.0,,,,gemini35flash
2026091241,u_boost,bonferroni,0.14285714285714285,,False,0,0,,1082,0,0,0.0,,,,gemini35flash
2026091241,u_boost,fixed_sequence,0.2,,False,0,0,,1082,0,0,0.0,,,,gemini35flash
2026091241,u_boost,bonferroni,0.2,,False,0,0,,1082,0,0,0.0,,,,gemini35flash
2026091241,u_boost,fixed_sequence,0.25,0.77,True,193,30,0.22308603465110846,1082,197,47,0.18207024029574861,0.23857868020304568,0.18087413420746354,0.3043280908523506,gemini35flash
2026091241,u_boost,bonferroni,0.25,,False,0,0,,1082,0,0,0.0,,,,gemini35flash
2026091241,rich_logistic,fixed_sequence,0.1,,False,0,0,,1082,0,0,0.0,,,,gemini35flash
2026091241,rich_logistic,bonferroni,0.1,,False,0,0,,1082,0,0,0.0,,,,gemini35flash
2026091241,rich_logistic,fixed_sequence,0.14285714285714285,,False,0,0,,1082,0,0,0.0,,,,gemini35flash
2026091241,rich_logistic,bonferroni,0.14285714285714285,,False,0,0,,1082,0,0,0.0,,,,gemini35flash
2026091241,rich_logistic,fixed_sequence,0.2,,False,0,0,,1082,0,0,0.0,,,,gemini35flash
2026091241,rich_logistic,bonferroni,0.2,,False,0,0,,1082,0,0,0.0,,,,gemini35flash
2026091241,rich_logistic,fixed_sequence,0.25,0.73,True,282,49,0.23034486933991624,1082,283,60,0.26155268022181144,0.21201413427561838,0.16586509822794857,0.26430549381954715,gemini35flash
2026091241,rich_logistic,bonferroni,0.25,0.74,True,229,34,0.23937535536473908,1082,228,45,0.21072088724584104,0.19736842105263158,0.14775609911576823,0.25503372599330737,gemini35flash
2026091241,rich_boost,fixed_sequence,0.1,,False,0,0,,1082,0,0,0.0,,,,gemini35flash
2026091241,rich_boost,bonferroni,0.1,,False,0,0,,1082,0,0,0.0,,,,gemini35flash
2026091241,rich_boost,fixed_sequence,0.14285714285714285,,False,0,0,,1082,0,0,0.0,,,,gemini35flash
2026091241,rich_boost,bonferroni,0.14285714285714285,,False,0,0,,1082,0,0,0.0,,,,gemini35flash
2026091241,rich_boost,fixed_sequence,0.2,,False,0,0,,1082,0,0,0.0,,,,gemini35flash
2026091241,rich_boost,bonferroni,0.2,,False,0,0,,1082,0,0,0.0,,,,gemini35flash
2026091241,rich_boost,fixed_sequence,0.25,0.67,True,332,60,0.2330788275561213,1082,338,81,0.3123844731977819,0.23964497041420119,0.19511495587299033,0.28880248452077906,gemini35flash
2026091241,rich_boost,bonferroni,0.25,0.78,True,172,24,0.24490347464268658,1082,174,35,0.16081330868761554,0.20114942528735633,0.14428786769795984,0.2684816001256901,gemini35flash
2026091242,raw_u,fixed_sequence,0.1,,False,0,0,,1082,0,0,0.0,,,,gemini35flash
2026091242,raw_u,bonferroni,0.1,,False,0,0,,1082,0,0,0.0,,,,gemini35flash
2026091242,raw_u,fixed_sequence,0.14285714285714285,,False,0,0,,1082,0,0,0.0,,,,gemini35flash
2026091242,raw_u,bonferroni,0.14285714285714285,,False,0,0,,1082,0,0,0.0,,,,gemini35flash
2026091242,raw_u,fixed_sequence,0.2,,False,0,0,,1082,0,0,0.0,,,,gemini35flash
2026091242,raw_u,bonferroni,0.2,,False,0,0,,1082,0,0,0.0,,,,gemini35flash
2026091242,raw_u,fixed_sequence,0.25,0.81,True,317,56,0.22998081011656926,1082,298,69,0.2754158964879852,0.23154362416107382,0.18485450862855116,0.2836581928663678,gemini35flash
2026091242,raw_u,bonferroni,0.25,,False,0,0,,1082,0,0,0.0,,,,gemini35flash
2026091242,u_boost,fixed_sequence,0.1,,False,0,0,,1082,0,0,0.0,,,,gemini35flash
2026091242,u_boost,bonferroni,0.1,,False,0,0,,1082,0,0,0.0,,,,gemini35flash
2026091242,u_boost,fixed_sequence,0.14285714285714285,,False,0,0,,1082,0,0,0.0,,,,gemini35flash
2026091242,u_boost,bonferroni,0.14285714285714285,,False,0,0,,1082,0,0,0.0,,,,gemini35flash
2026091242,u_boost,fixed_sequence,0.2,,False,0,0,,1082,0,0,0.0,,,,gemini35flash
2026091242,u_boost,bonferroni,0.2,,False,0,0,,1082,0,0,0.0,,,,gemini35flash
2026091242,u_boost,fixed_sequence,0.25,0.7,True,321,61,0.2441811242728365,1082,288,63,0.266173752310536,0.21875,0.17238267654311193,0.27100713155464823,gemini35flash
2026091242,u_boost,bonferroni,0.25,,False,0,0,,1082,0,0,0.0,,,,gemini35flash
2026091242,rich_logistic,fixed_sequence,0.1,,False,0,0,,1082,0,0,0.0,,,,gemini35flash
2026091242,rich_logistic,bonferroni,0.1,,False,0,0,,1082,0,0,0.0,,,,gemini35flash
2026091242,rich_logistic,fixed_sequence,0.14285714285714285,,False,0,0,,1082,0,0,0.0,,,,gemini35flash
2026091242,rich_logistic,bonferroni,0.14285714285714285,,False,0,0,,1082,0,0,0.0,,,,gemini35flash
2026091242,rich_logistic,fixed_sequence,0.2,,False,0,0,,1082,0,0,0.0,,,,gemini35flash
2026091242,rich_logistic,bonferroni,0.2,,False,0,0,,1082,0,0,0.0,,,,gemini35flash
2026091242,rich_logistic,fixed_sequence,0.25,0.71,True,334,61,0.23498795205214706,1082,296,63,0.2735674676524954,0.21283783783783783,0.16760154436375027,0.26392504948152967,gemini35flash
2026091242,rich_logistic,bonferroni,0.25,0.74,True,226,34,0.24237495404796888,1082,211,42,0.19500924214417745,0.1990521327014218,0.14738634691606267,0.2593825462274629,gemini35flash
2026091242,rich_boost,fixed_sequence,0.1,,False,0,0,,1082,0,0,0.0,,,,gemini35flash
2026091242,rich_boost,bonferroni,0.1,,False,0,0,,1082,0,0,0.0,,,,gemini35flash
2026091242,rich_boost,fixed_sequence,0.14285714285714285,,False,0,0,,1082,0,0,0.0,,,,gemini35flash
2026091242,rich_boost,bonferroni,0.14285714285714285,,False,0,0,,1082,0,0,0.0,,,,gemini35flash
2026091242,rich_boost,fixed_sequence,0.2,,False,0,0,,1082,0,0,0.0,,,,gemini35flash
2026091242,rich_boost,bonferroni,0.2,,False,0,0,,1082,0,0,0.0,,,,gemini35flash
2026091242,rich_boost,fixed_sequence,0.25,0.72,True,231,35,0.21215330476341665,1082,220,44,0.2033271719038817,0.2,0.14924212215791133,0.25903458558177134,gemini35flash
2026091242,rich_boost,bonferroni,0.25,0.72,True,231,35,0.24249158980154828,1082,220,44,0.2033271719038817,0.2,0.14924212215791133,0.25903458558177134,gemini35flash
2026091243,raw_u,fixed_sequence,0.1,,False,0,0,,1082,0,0,0.0,,,,gemini35flash
2026091243,raw_u,bonferroni,0.1,,False,0,0,,1082,0,0,0.0,,,,gemini35flash
2026091243,raw_u,fixed_sequence,0.14285714285714285,,False,0,0,,1082,0,0,0.0,,,,gemini35flash
2026091243,raw_u,bonferroni,0.14285714285714285,,False,0,0,,1082,0,0,0.0,,,,gemini35flash
2026091243,raw_u,fixed_sequence,0.2,,False,0,0,,1082,0,0,0.0,,,,gemini35flash
2026091243,raw_u,bonferroni,0.2,,False,0,0,,1082,0,0,0.0,,,,gemini35flash
2026091243,raw_u,fixed_sequence,0.25,0.91,True,158,25,0.23442978932020878,1082,170,31,0.15711645101663585,0.18235294117647058,0.12739075841490535,0.2487358877425461,gemini35flash
2026091243,raw_u,bonferroni,0.25,,False,0,0,,1082,0,0,0.0,,,,gemini35flash
2026091243,u_boost,fixed_sequence,0.1,,False,0,0,,1082,0,0,0.0,,,,gemini35flash
2026091243,u_boost,bonferroni,0.1,,False,0,0,,1082,0,0,0.0,,,,gemini35flash
2026091243,u_boost,fixed_sequence,0.14285714285714285,,False,0,0,,1082,0,0,0.0,,,,gemini35flash
2026091243,u_boost,bonferroni,0.14285714285714285,,False,0,0,,1082,0,0,0.0,,,,gemini35flash
2026091243,u_boost,fixed_sequence,0.2,,False,0,0,,1082,0,0,0.0,,,,gemini35flash
2026091243,u_boost,bonferroni,0.2,,False,0,0,,1082,0,0,0.0,,,,gemini35flash
2026091243,u_boost,fixed_sequence,0.25,0.8,True,158,25,0.23442978932020878,1082,170,31,0.15711645101663585,0.18235294117647058,0.12739075841490535,0.2487358877425461,gemini35flash
2026091243,u_boost,bonferroni,0.25,,False,0,0,,1082,0,0,0.0,,,,gemini35flash
2026091243,rich_logistic,fixed_sequence,0.1,,False,0,0,,1082,0,0,0.0,,,,gemini35flash
2026091243,rich_logistic,bonferroni,0.1,,False,0,0,,1082,0,0,0.0,,,,gemini35flash
2026091243,rich_logistic,fixed_sequence,0.14285714285714285,,False,0,0,,1082,0,0,0.0,,,,gemini35flash
2026091243,rich_logistic,bonferroni,0.14285714285714285,,False,0,0,,1082,0,0,0.0,,,,gemini35flash
2026091243,rich_logistic,fixed_sequence,0.2,,False,0,0,,1082,0,0,0.0,,,,gemini35flash
2026091243,rich_logistic,bonferroni,0.2,,False,0,0,,1082,0,0,0.0,,,,gemini35flash
2026091243,rich_logistic,fixed_sequence,0.25,,False,0,0,,1082,0,0,0.0,,,,gemini35flash
2026091243,rich_logistic,bonferroni,0.25,,False,0,0,,1082,0,0,0.0,,,,gemini35flash
2026091243,rich_boost,fixed_sequence,0.1,,False,0,0,,1082,0,0,0.0,,,,gemini35flash
2026091243,rich_boost,bonferroni,0.1,,False,0,0,,1082,0,0,0.0,,,,gemini35flash
2026091243,rich_boost,fixed_sequence,0.14285714285714285,,False,0,0,,1082,0,0,0.0,,,,gemini35flash
2026091243,rich_boost,bonferroni,0.14285714285714285,,False,0,0,,1082,0,0,0.0,,,,gemini35flash
2026091243,rich_boost,fixed_sequence,0.2,,False,0,0,,1082,0,0,0.0,,,,gemini35flash
2026091243,rich_boost,bonferroni,0.2,,False,0,0,,1082,0,0,0.0,,,,gemini35flash
2026091243,rich_boost,fixed_sequence,0.25,0.81,True,174,30,0.2463358685688363,1082,188,35,0.17375231053604437,0.18617021276595744,0.1332332091658711,0.24928488953717923,gemini35flash
2026091243,rich_boost,bonferroni,0.25,,False,0,0,,1082,0,0,0.0,,,,gemini35flash
2026091244,raw_u,fixed_sequence,0.1,,False,0,0,,1082,0,0,0.0,,,,gemini35flash
2026091244,raw_u,bonferroni,0.1,,False,0,0,,1082,0,0,0.0,,,,gemini35flash
2026091244,raw_u,fixed_sequence,0.14285714285714285,,False,0,0,,1082,0,0,0.0,,,,gemini35flash
2026091244,raw_u,bonferroni,0.14285714285714285,,False,0,0,,1082,0,0,0.0,,,,gemini35flash
2026091244,raw_u,fixed_sequence,0.2,,False,0,0,,1082,0,0,0.0,,,,gemini35flash
2026091244,raw_u,bonferroni,0.2,,False,0,0,,1082,0,0,0.0,,,,gemini35flash
2026091244,raw_u,fixed_sequence,0.25,,False,0,0,,1082,0,0,0.0,,,,gemini35flash
2026091244,raw_u,bonferroni,0.25,,False,0,0,,1082,0,0,0.0,,,,gemini35flash
2026091244,u_boost,fixed_sequence,0.1,,False,0,0,,1082,0,0,0.0,,,,gemini35flash
2026091244,u_boost,bonferroni,0.1,,False,0,0,,1082,0,0,0.0,,,,gemini35flash
2026091244,u_boost,fixed_sequence,0.14285714285714285,,False,0,0,,1082,0,0,0.0,,,,gemini35flash
2026091244,u_boost,bonferroni,0.14285714285714285,,False,0,0,,1082,0,0,0.0,,,,gemini35flash
2026091244,u_boost,fixed_sequence,0.2,,False,0,0,,1082,0,0,0.0,,,,gemini35flash
2026091244,u_boost,bonferroni,0.2,,False,0,0,,1082,0,0,0.0,,,,gemini35flash
2026091244,u_boost,fixed_sequence,0.25,,False,0,0,,1082,0,0,0.0,,,,gemini35flash
2026091244,u_boost,bonferroni,0.25,,False,0,0,,1082,0,0,0.0,,,,gemini35flash
2026091244,rich_logistic,fixed_sequence,0.1,,False,0,0,,1082,0,0,0.0,,,,gemini35flash
2026091244,rich_logistic,bonferroni,0.1,,False,0,0,,1082,0,0,0.0,,,,gemini35flash
2026091244,rich_logistic,fixed_sequence,0.14285714285714285,,False,0,0,,1082,0,0,0.0,,,,gemini35flash
2026091244,rich_logistic,bonferroni,0.14285714285714285,,False,0,0,,1082,0,0,0.0,,,,gemini35flash
2026091244,rich_logistic,fixed_sequence,0.2,,False,0,0,,1082,0,0,0.0,,,,gemini35flash
2026091244,rich_logistic,bonferroni,0.2,,False,0,0,,1082,0,0,0.0,,,,gemini35flash
2026091244,rich_logistic,fixed_sequence,0.25,,False,0,0,,1082,0,0,0.0,,,,gemini35flash
2026091244,rich_logistic,bonferroni,0.25,,False,0,0,,1082,0,0,0.0,,,,gemini35flash
2026091244,rich_boost,fixed_sequence,0.1,,False,0,0,,1082,0,0,0.0,,,,gemini35flash
2026091244,rich_boost,bonferroni,0.1,,False,0,0,,1082,0,0,0.0,,,,gemini35flash
2026091244,rich_boost,fixed_sequence,0.14285714285714285,,False,0,0,,1082,0,0,0.0,,,,gemini35flash
2026091244,rich_boost,bonferroni,0.14285714285714285,,False,0,0,,1082,0,0,0.0,,,,gemini35flash
2026091244,rich_boost,fixed_sequence,0.2,,False,0,0,,1082,0,0,0.0,,,,gemini35flash
2026091244,rich_boost,bonferroni,0.2,,False,0,0,,1082,0,0,0.0,,,,gemini35flash
2026091244,rich_boost,fixed_sequence,0.25,,False,0,0,,1082,0,0,0.0,,,,gemini35flash
2026091244,rich_boost,bonferroni,0.25,,False,0,0,,1082,0,0,0.0,,,,gemini35flash
2026091245,raw_u,fixed_sequence,0.1,,False,0,0,,1082,0,0,0.0,,,,gemini35flash
2026091245,raw_u,bonferroni,0.1,,False,0,0,,1082,0,0,0.0,,,,gemini35flash
2026091245,raw_u,fixed_sequence,0.14285714285714285,,False,0,0,,1082,0,0,0.0,,,,gemini35flash
2026091245,raw_u,bonferroni,0.14285714285714285,,False,0,0,,1082,0,0,0.0,,,,gemini35flash
2026091245,raw_u,fixed_sequence,0.2,,False,0,0,,1082,0,0,0.0,,,,gemini35flash
2026091245,raw_u,bonferroni,0.2,,False,0,0,,1082,0,0,0.0,,,,gemini35flash
2026091245,raw_u,fixed_sequence,0.25,0.8571428571428571,True,167,29,0.24946121739325156,1082,214,35,0.1977818853974122,0.16355140186915887,0.11664140327752112,0.22004868530822894,gemini35flash
2026091245,raw_u,bonferroni,0.25,,False,0,0,,1082,0,0,0.0,,,,gemini35flash
2026091245,u_boost,fixed_sequence,0.1,,False,0,0,,1082,0,0,0.0,,,,gemini35flash
2026091245,u_boost,bonferroni,0.1,,False,0,0,,1082,0,0,0.0,,,,gemini35flash
2026091245,u_boost,fixed_sequence,0.14285714285714285,,False,0,0,,1082,0,0,0.0,,,,gemini35flash
2026091245,u_boost,bonferroni,0.14285714285714285,,False,0,0,,1082,0,0,0.0,,,,gemini35flash
2026091245,u_boost,fixed_sequence,0.2,,False,0,0,,1082,0,0,0.0,,,,gemini35flash
2026091245,u_boost,bonferroni,0.2,,False,0,0,,1082,0,0,0.0,,,,gemini35flash
2026091245,u_boost,fixed_sequence,0.25,0.74,True,144,23,0.24029584145881702,1082,177,26,0.16358595194085027,0.14689265536723164,0.09825360520296568,0.20777836075501718,gemini35flash
2026091245,u_boost,bonferroni,0.25,,False,0,0,,1082,0,0,0.0,,,,gemini35flash
2026091245,rich_logistic,fixed_sequence,0.1,,False,0,0,,1082,0,0,0.0,,,,gemini35flash
2026091245,rich_logistic,bonferroni,0.1,,False,0,0,,1082,0,0,0.0,,,,gemini35flash
2026091245,rich_logistic,fixed_sequence,0.14285714285714285,,False,0,0,,1082,0,0,0.0,,,,gemini35flash
2026091245,rich_logistic,bonferroni,0.14285714285714285,,False,0,0,,1082,0,0,0.0,,,,gemini35flash
2026091245,rich_logistic,fixed_sequence,0.2,,False,0,0,,1082,0,0,0.0,,,,gemini35flash
2026091245,rich_logistic,bonferroni,0.2,,False,0,0,,1082,0,0,0.0,,,,gemini35flash
2026091245,rich_logistic,fixed_sequence,0.25,0.75,True,212,34,0.22512990249828604,1082,230,41,0.21256931608133087,0.1782608695652174,0.13106445875380354,0.233959774584343,gemini35flash
2026091245,rich_logistic,bonferroni,0.25,,False,0,0,,1082,0,0,0.0,,,,gemini35flash
2026091245,rich_boost,fixed_sequence,0.1,,False,0,0,,1082,0,0,0.0,,,,gemini35flash
2026091245,rich_boost,bonferroni,0.1,,False,0,0,,1082,0,0,0.0,,,,gemini35flash
2026091245,rich_boost,fixed_sequence,0.14285714285714285,,False,0,0,,1082,0,0,0.0,,,,gemini35flash
2026091245,rich_boost,bonferroni,0.14285714285714285,,False,0,0,,1082,0,0,0.0,,,,gemini35flash
2026091245,rich_boost,fixed_sequence,0.2,,False,0,0,,1082,0,0,0.0,,,,gemini35flash
2026091245,rich_boost,bonferroni,0.2,,False,0,0,,1082,0,0,0.0,,,,gemini35flash
2026091245,rich_boost,fixed_sequence,0.25,0.73,True,287,52,0.23794127946805976,1082,285,55,0.2634011090573013,0.19298245614035087,0.14881624389826378,0.24366047080348502,gemini35flash
2026091245,rich_boost,bonferroni,0.25,0.74,True,225,35,0.24858940992901435,1082,233,44,0.21534195933456562,0.1888412017167382,0.14069325021529133,0.245094893761817,gemini35flash
2026091246,raw_u,fixed_sequence,0.1,,False,0,0,,1082,0,0,0.0,,,,gemini35flash
2026091246,raw_u,bonferroni,0.1,,False,0,0,,1082,0,0,0.0,,,,gemini35flash
2026091246,raw_u,fixed_sequence,0.14285714285714285,,False,0,0,,1082,0,0,0.0,,,,gemini35flash
2026091246,raw_u,bonferroni,0.14285714285714285,,False,0,0,,1082,0,0,0.0,,,,gemini35flash
2026091246,raw_u,fixed_sequence,0.2,,False,0,0,,1082,0,0,0.0,,,,gemini35flash
2026091246,raw_u,bonferroni,0.2,,False,0,0,,1082,0,0,0.0,,,,gemini35flash
2026091246,raw_u,fixed_sequence,0.25,,False,0,0,,1082,0,0,0.0,,,,gemini35flash
2026091246,raw_u,bonferroni,0.25,,False,0,0,,1082,0,0,0.0,,,,gemini35flash
2026091246,u_boost,fixed_sequence,0.1,,False,0,0,,1082,0,0,0.0,,,,gemini35flash
2026091246,u_boost,bonferroni,0.1,,False,0,0,,1082,0,0,0.0,,,,gemini35flash
2026091246,u_boost,fixed_sequence,0.14285714285714285,,False,0,0,,1082,0,0,0.0,,,,gemini35flash
2026091246,u_boost,bonferroni,0.14285714285714285,,False,0,0,,1082,0,0,0.0,,,,gemini35flash
2026091246,u_boost,fixed_sequence,0.2,,False,0,0,,1082,0,0,0.0,,,,gemini35flash
2026091246,u_boost,bonferroni,0.2,,False,0,0,,1082,0,0,0.0,,,,gemini35flash
2026091246,u_boost,fixed_sequence,0.25,,False,0,0,,1082,0,0,0.0,,,,gemini35flash
2026091246,u_boost,bonferroni,0.25,,False,0,0,,1082,0,0,0.0,,,,gemini35flash
2026091246,rich_logistic,fixed_sequence,0.1,,False,0,0,,1082,0,0,0.0,,,,gemini35flash
2026091246,rich_logistic,bonferroni,0.1,,False,0,0,,1082,0,0,0.0,,,,gemini35flash
2026091246,rich_logistic,fixed_sequence,0.14285714285714285,,False,0,0,,1082,0,0,0.0,,,,gemini35flash
2026091246,rich_logistic,bonferroni,0.14285714285714285,,False,0,0,,1082,0,0,0.0,,,,gemini35flash
2026091246,rich_logistic,fixed_sequence,0.2,,False,0,0,,1082,0,0,0.0,,,,gemini35flash
2026091246,rich_logistic,bonferroni,0.2,,False,0,0,,1082,0,0,0.0,,,,gemini35flash
2026091246,rich_logistic,fixed_sequence,0.25,,False,0,0,,1082,0,0,0.0,,,,gemini35flash
2026091246,rich_logistic,bonferroni,0.25,,False,0,0,,1082,0,0,0.0,,,,gemini35flash
2026091246,rich_boost,fixed_sequence,0.1,,False,0,0,,1082,0,0,0.0,,,,gemini35flash
2026091246,rich_boost,bonferroni,0.1,,False,0,0,,1082,0,0,0.0,,,,gemini35flash
2026091246,rich_boost,fixed_sequence,0.14285714285714285,,False,0,0,,1082,0,0,0.0,,,,gemini35flash
2026091246,rich_boost,bonferroni,0.14285714285714285,,False,0,0,,1082,0,0,0.0,,,,gemini35flash
2026091246,rich_boost,fixed_sequence,0.2,,False,0,0,,1082,0,0,0.0,,,,gemini35flash
2026091246,rich_boost,bonferroni,0.2,,False,0,0,,1082,0,0,0.0,,,,gemini35flash
2026091246,rich_boost,fixed_sequence,0.25,,False,0,0,,1082,0,0,0.0,,,,gemini35flash
2026091246,rich_boost,bonferroni,0.25,,False,0,0,,1082,0,0,0.0,,,,gemini35flash
2026091247,raw_u,fixed_sequence,0.1,,False,0,0,,1082,0,0,0.0,,,,gemini35flash
2026091247,raw_u,bonferroni,0.1,,False,0,0,,1082,0,0,0.0,,,,gemini35flash
2026091247,raw_u,fixed_sequence,0.14285714285714285,,False,0,0,,1082,0,0,0.0,,,,gemini35flash
2026091247,raw_u,bonferroni,0.14285714285714285,,False,0,0,,1082,0,0,0.0,,,,gemini35flash
2026091247,raw_u,fixed_sequence,0.2,,False,0,0,,1082,0,0,0.0,,,,gemini35flash
2026091247,raw_u,bonferroni,0.2,,False,0,0,,1082,0,0,0.0,,,,gemini35flash
2026091247,raw_u,fixed_sequence,0.25,,False,0,0,,1082,0,0,0.0,,,,gemini35flash
2026091247,raw_u,bonferroni,0.25,,False,0,0,,1082,0,0,0.0,,,,gemini35flash
2026091247,u_boost,fixed_sequence,0.1,,False,0,0,,1082,0,0,0.0,,,,gemini35flash
2026091247,u_boost,bonferroni,0.1,,False,0,0,,1082,0,0,0.0,,,,gemini35flash
2026091247,u_boost,fixed_sequence,0.14285714285714285,,False,0,0,,1082,0,0,0.0,,,,gemini35flash
2026091247,u_boost,bonferroni,0.14285714285714285,,False,0,0,,1082,0,0,0.0,,,,gemini35flash
2026091247,u_boost,fixed_sequence,0.2,,False,0,0,,1082,0,0,0.0,,,,gemini35flash
2026091247,u_boost,bonferroni,0.2,,False,0,0,,1082,0,0,0.0,,,,gemini35flash
2026091247,u_boost,fixed_sequence,0.25,,False,0,0,,1082,0,0,0.0,,,,gemini35flash
2026091247,u_boost,bonferroni,0.25,,False,0,0,,1082,0,0,0.0,,,,gemini35flash
2026091247,rich_logistic,fixed_sequence,0.1,,False,0,0,,1082,0,0,0.0,,,,gemini35flash
2026091247,rich_logistic,bonferroni,0.1,,False,0,0,,1082,0,0,0.0,,,,gemini35flash
2026091247,rich_logistic,fixed_sequence,0.14285714285714285,,False,0,0,,1082,0,0,0.0,,,,gemini35flash
2026091247,rich_logistic,bonferroni,0.14285714285714285,,False,0,0,,1082,0,0,0.0,,,,gemini35flash
2026091247,rich_logistic,fixed_sequence,0.2,,False,0,0,,1082,0,0,0.0,,,,gemini35flash
2026091247,rich_logistic,bonferroni,0.2,,False,0,0,,1082,0,0,0.0,,,,gemini35flash
2026091247,rich_logistic,fixed_sequence,0.25,,False,0,0,,1082,0,0,0.0,,,,gemini35flash
2026091247,rich_logistic,bonferroni,0.25,,False,0,0,,1082,0,0,0.0,,,,gemini35flash
2026091247,rich_boost,fixed_sequence,0.1,,False,0,0,,1082,0,0,0.0,,,,gemini35flash
2026091247,rich_boost,bonferroni,0.1,,False,0,0,,1082,0,0,0.0,,,,gemini35flash
2026091247,rich_boost,fixed_sequence,0.14285714285714285,,False,0,0,,1082,0,0,0.0,,,,gemini35flash
2026091247,rich_boost,bonferroni,0.14285714285714285,,False,0,0,,1082,0,0,0.0,,,,gemini35flash
2026091247,rich_boost,fixed_sequence,0.2,,False,0,0,,1082,0,0,0.0,,,,gemini35flash
2026091247,rich_boost,bonferroni,0.2,,False,0,0,,1082,0,0,0.0,,,,gemini35flash
2026091247,rich_boost,fixed_sequence,0.25,,False,0,0,,1082,0,0,0.0,,,,gemini35flash
2026091247,rich_boost,bonferroni,0.25,,False,0,0,,1082,0,0,0.0,,,,gemini35flash
2026091248,raw_u,fixed_sequence,0.1,,False,0,0,,1082,0,0,0.0,,,,gemini35flash
2026091248,raw_u,bonferroni,0.1,,False,0,0,,1082,0,0,0.0,,,,gemini35flash
2026091248,raw_u,fixed_sequence,0.14285714285714285,,False,0,0,,1082,0,0,0.0,,,,gemini35flash
2026091248,raw_u,bonferroni,0.14285714285714285,,False,0,0,,1082,0,0,0.0,,,,gemini35flash
2026091248,raw_u,fixed_sequence,0.2,0.91,True,158,19,0.190541849572596,1082,170,29,0.15711645101663585,0.17058823529411765,0.11732192535833265,0.23571661369229518,gemini35flash
2026091248,raw_u,bonferroni,0.2,,False,0,0,,1082,0,0,0.0,,,,gemini35flash
2026091248,raw_u,fixed_sequence,0.25,0.8571428571428571,True,186,27,0.21284462234682125,1082,194,36,0.17929759704251386,0.18556701030927836,0.13348306597353604,0.24752728814940944,gemini35flash
2026091248,raw_u,bonferroni,0.25,0.8571428571428571,True,186,27,0.24694494062070896,1082,194,36,0.17929759704251386,0.18556701030927836,0.13348306597353604,0.24752728814940944,gemini35flash
2026091248,u_boost,fixed_sequence,0.1,,False,0,0,,1082,0,0,0.0,,,,gemini35flash
2026091248,u_boost,bonferroni,0.1,,False,0,0,,1082,0,0,0.0,,,,gemini35flash
2026091248,u_boost,fixed_sequence,0.14285714285714285,,False,0,0,,1082,0,0,0.0,,,,gemini35flash
2026091248,u_boost,bonferroni,0.14285714285714285,,False,0,0,,1082,0,0,0.0,,,,gemini35flash
2026091248,u_boost,fixed_sequence,0.2,0.75,True,158,19,0.190541849572596,1082,170,29,0.15711645101663585,0.17058823529411765,0.11732192535833265,0.23571661369229518,gemini35flash
2026091248,u_boost,bonferroni,0.2,,False,0,0,,1082,0,0,0.0,,,,gemini35flash
2026091248,u_boost,fixed_sequence,0.25,0.75,True,158,19,0.190541849572596,1082,170,29,0.15711645101663585,0.17058823529411765,0.11732192535833265,0.23571661369229518,gemini35flash
2026091248,u_boost,bonferroni,0.25,0.74,True,158,19,0.22664075324871993,1082,170,29,0.15711645101663585,0.17058823529411765,0.11732192535833265,0.23571661369229518,gemini35flash
2026091248,rich_logistic,fixed_sequence,0.1,,False,0,0,,1082,0,0,0.0,,,,gemini35flash
2026091248,rich_logistic,bonferroni,0.1,,False,0,0,,1082,0,0,0.0,,,,gemini35flash
2026091248,rich_logistic,fixed_sequence,0.14285714285714285,,False,0,0,,1082,0,0,0.0,,,,gemini35flash
2026091248,rich_logistic,bonferroni,0.14285714285714285,,False,0,0,,1082,0,0,0.0,,,,gemini35flash
2026091248,rich_logistic,fixed_sequence,0.2,,False,0,0,,1082,0,0,0.0,,,,gemini35flash
2026091248,rich_logistic,bonferroni,0.2,,False,0,0,,1082,0,0,0.0,,,,gemini35flash
2026091248,rich_logistic,fixed_sequence,0.25,0.72,True,300,54,0.23528074074606145,1082,339,75,0.3133086876155268,0.22123893805309736,0.1781831156104107,0.26924009977961055,gemini35flash
2026091248,rich_logistic,bonferroni,0.25,0.73,True,273,45,0.2496304195922369,1082,304,61,0.2809611829944547,0.20065789473684212,0.15710503963153138,0.2501522927562034,gemini35flash
2026091248,rich_boost,fixed_sequence,0.1,,False,0,0,,1082,0,0,0.0,,,,gemini35flash
2026091248,rich_boost,bonferroni,0.1,,False,0,0,,1082,0,0,0.0,,,,gemini35flash
2026091248,rich_boost,fixed_sequence,0.14285714285714285,,False,0,0,,1082,0,0,0.0,,,,gemini35flash
2026091248,rich_boost,bonferroni,0.14285714285714285,,False,0,0,,1082,0,0,0.0,,,,gemini35flash
2026091248,rich_boost,fixed_sequence,0.2,0.76,True,201,27,0.19755584187474617,1082,215,36,0.1987060998151571,0.16744186046511628,0.1201148228778761,0.22419548942618184,gemini35flash
2026091248,rich_boost,bonferroni,0.2,,False,0,0,,1082,0,0,0.0,,,,gemini35flash
2026091248,rich_boost,fixed_sequence,0.25,0.67,True,323,57,0.22923199051841156,1082,355,76,0.32809611829944546,0.2140845070422535,0.17254703177789138,0.2604643795641225,gemini35flash
2026091248,rich_boost,bonferroni,0.25,0.72,True,274,45,0.24876697942752554,1082,305,62,0.28188539741219965,0.20327868852459016,0.15955161023985512,0.2528744038275102,gemini35flash
2026091249,raw_u,fixed_sequence,0.1,,False,0,0,,1082,0,0,0.0,,,,gemini35flash
2026091249,raw_u,bonferroni,0.1,,False,0,0,,1082,0,0,0.0,,,,gemini35flash
2026091249,raw_u,fixed_sequence,0.14285714285714285,,False,0,0,,1082,0,0,0.0,,,,gemini35flash
2026091249,raw_u,bonferroni,0.14285714285714285,,False,0,0,,1082,0,0,0.0,,,,gemini35flash
2026091249,raw_u,fixed_sequence,0.2,,False,0,0,,1082,0,0,0.0,,,,gemini35flash
2026091249,raw_u,bonferroni,0.2,,False,0,0,,1082,0,0,0.0,,,,gemini35flash
2026091249,raw_u,fixed_sequence,0.25,0.91,True,142,20,0.21922765560407598,1082,169,27,0.15619223659889095,0.15976331360946747,0.10800271713946581,0.22386942554091635,gemini35flash
2026091249,raw_u,bonferroni,0.25,,False,0,0,,1082,0,0,0.0,,,,gemini35flash
2026091249,u_boost,fixed_sequence,0.1,,False,0,0,,1082,0,0,0.0,,,,gemini35flash
2026091249,u_boost,bonferroni,0.1,,False,0,0,,1082,0,0,0.0,,,,gemini35flash
2026091249,u_boost,fixed_sequence,0.14285714285714285,,False,0,0,,1082,0,0,0.0,,,,gemini35flash
2026091249,u_boost,bonferroni,0.14285714285714285,,False,0,0,,1082,0,0,0.0,,,,gemini35flash
2026091249,u_boost,fixed_sequence,0.2,,False,0,0,,1082,0,0,0.0,,,,gemini35flash
2026091249,u_boost,bonferroni,0.2,,False,0,0,,1082,0,0,0.0,,,,gemini35flash
2026091249,u_boost,fixed_sequence,0.25,0.74,True,142,20,0.21922765560407598,1082,169,27,0.15619223659889095,0.15976331360946747,0.10800271713946581,0.22386942554091635,gemini35flash
2026091249,u_boost,bonferroni,0.25,,False,0,0,,1082,0,0,0.0,,,,gemini35flash
2026091249,rich_logistic,fixed_sequence,0.1,,False,0,0,,1082,0,0,0.0,,,,gemini35flash
2026091249,rich_logistic,bonferroni,0.1,,False,0,0,,1082,0,0,0.0,,,,gemini35flash
2026091249,rich_logistic,fixed_sequence,0.14285714285714285,,False,0,0,,1082,0,0,0.0,,,,gemini35flash
2026091249,rich_logistic,bonferroni,0.14285714285714285,,False,0,0,,1082,0,0,0.0,,,,gemini35flash
2026091249,rich_logistic,fixed_sequence,0.2,,False,0,0,,1082,0,0,0.0,,,,gemini35flash
2026091249,rich_logistic,bonferroni,0.2,,False,0,0,,1082,0,0,0.0,,,,gemini35flash
2026091249,rich_logistic,fixed_sequence,0.25,0.73,True,271,49,0.23935440817020057,1082,289,53,0.26709796672828096,0.18339100346020762,0.14049487572963196,0.23291373697531667,gemini35flash
2026091249,rich_logistic,bonferroni,0.25,0.77,True,160,22,0.24697655852215394,1082,184,29,0.17005545286506468,0.15760869565217392,0.10816524193871326,0.21844564760317123,gemini35flash
2026091249,rich_boost,fixed_sequence,0.1,,False,0,0,,1082,0,0,0.0,,,,gemini35flash
2026091249,rich_boost,bonferroni,0.1,,False,0,0,,1082,0,0,0.0,,,,gemini35flash
2026091249,rich_boost,fixed_sequence,0.14285714285714285,,False,0,0,,1082,0,0,0.0,,,,gemini35flash
2026091249,rich_boost,bonferroni,0.14285714285714285,,False,0,0,,1082,0,0,0.0,,,,gemini35flash
2026091249,rich_boost,fixed_sequence,0.2,,False,0,0,,1082,0,0,0.0,,,,gemini35flash
2026091249,rich_boost,bonferroni,0.2,,False,0,0,,1082,0,0,0.0,,,,gemini35flash
2026091249,rich_boost,fixed_sequence,0.25,0.74,True,187,30,0.22994075257522767,1082,209,33,0.19316081330868762,0.15789473684210525,0.11124857258681034,0.21453541474696006,gemini35flash
2026091249,rich_boost,bonferroni,0.25,,False,0,0,,1082,0,0,0.0,,,,gemini35flash
2026091250,raw_u,fixed_sequence,0.1,,False,0,0,,1082,0,0,0.0,,,,gemini35flash
2026091250,raw_u,bonferroni,0.1,,False,0,0,,1082,0,0,0.0,,,,gemini35flash
2026091250,raw_u,fixed_sequence,0.14285714285714285,,False,0,0,,1082,0,0,0.0,,,,gemini35flash
2026091250,raw_u,bonferroni,0.14285714285714285,,False,0,0,,1082,0,0,0.0,,,,gemini35flash
2026091250,raw_u,fixed_sequence,0.2,,False,0,0,,1082,0,0,0.0,,,,gemini35flash
2026091250,raw_u,bonferroni,0.2,,False,0,0,,1082,0,0,0.0,,,,gemini35flash
2026091250,raw_u,fixed_sequence,0.25,,False,0,0,,1082,0,0,0.0,,,,gemini35flash
2026091250,raw_u,bonferroni,0.25,,False,0,0,,1082,0,0,0.0,,,,gemini35flash
2026091250,u_boost,fixed_sequence,0.1,,False,0,0,,1082,0,0,0.0,,,,gemini35flash
2026091250,u_boost,bonferroni,0.1,,False,0,0,,1082,0,0,0.0,,,,gemini35flash
2026091250,u_boost,fixed_sequence,0.14285714285714285,,False,0,0,,1082,0,0,0.0,,,,gemini35flash
2026091250,u_boost,bonferroni,0.14285714285714285,,False,0,0,,1082,0,0,0.0,,,,gemini35flash
2026091250,u_boost,fixed_sequence,0.2,,False,0,0,,1082,0,0,0.0,,,,gemini35flash
2026091250,u_boost,bonferroni,0.2,,False,0,0,,1082,0,0,0.0,,,,gemini35flash
2026091250,u_boost,fixed_sequence,0.25,,False,0,0,,1082,0,0,0.0,,,,gemini35flash
2026091250,u_boost,bonferroni,0.25,,False,0,0,,1082,0,0,0.0,,,,gemini35flash
2026091250,rich_logistic,fixed_sequence,0.1,,False,0,0,,1082,0,0,0.0,,,,gemini35flash
2026091250,rich_logistic,bonferroni,0.1,,False,0,0,,1082,0,0,0.0,,,,gemini35flash
2026091250,rich_logistic,fixed_sequence,0.14285714285714285,,False,0,0,,1082,0,0,0.0,,,,gemini35flash
2026091250,rich_logistic,bonferroni,0.14285714285714285,,False,0,0,,1082,0,0,0.0,,,,gemini35flash
2026091250,rich_logistic,fixed_sequence,0.2,,False,0,0,,1082,0,0,0.0,,,,gemini35flash
2026091250,rich_logistic,bonferroni,0.2,,False,0,0,,1082,0,0,0.0,,,,gemini35flash
2026091250,rich_logistic,fixed_sequence,0.25,,False,0,0,,1082,0,0,0.0,,,,gemini35flash
2026091250,rich_logistic,bonferroni,0.25,,False,0,0,,1082,0,0,0.0,,,,gemini35flash
2026091250,rich_boost,fixed_sequence,0.1,,False,0,0,,1082,0,0,0.0,,,,gemini35flash
2026091250,rich_boost,bonferroni,0.1,,False,0,0,,1082,0,0,0.0,,,,gemini35flash
2026091250,rich_boost,fixed_sequence,0.14285714285714285,,False,0,0,,1082,0,0,0.0,,,,gemini35flash
2026091250,rich_boost,bonferroni,0.14285714285714285,,False,0,0,,1082,0,0,0.0,,,,gemini35flash
2026091250,rich_boost,fixed_sequence,0.2,,False,0,0,,1082,0,0,0.0,,,,gemini35flash
2026091250,rich_boost,bonferroni,0.2,,False,0,0,,1082,0,0,0.0,,,,gemini35flash
2026091250,rich_boost,fixed_sequence,0.25,,False,0,0,,1082,0,0,0.0,,,,gemini35flash
2026091250,rich_boost,bonferroni,0.25,,False,0,0,,1082,0,0,0.0,,,,gemini35flash
2026091251,raw_u,fixed_sequence,0.1,,False,0,0,,1082,0,0,0.0,,,,gemini35flash
2026091251,raw_u,bonferroni,0.1,,False,0,0,,1082,0,0,0.0,,,,gemini35flash
2026091251,raw_u,fixed_sequence,0.14285714285714285,,False,0,0,,1082,0,0,0.0,,,,gemini35flash
2026091251,raw_u,bonferroni,0.14285714285714285,,False,0,0,,1082,0,0,0.0,,,,gemini35flash
2026091251,raw_u,fixed_sequence,0.2,,False,0,0,,1082,0,0,0.0,,,,gemini35flash
2026091251,raw_u,bonferroni,0.2,,False,0,0,,1082,0,0,0.0,,,,gemini35flash
2026091251,raw_u,fixed_sequence,0.25,0.91,True,143,23,0.24189272424046737,1082,166,26,0.1534195933456562,0.1566265060240964,0.10493712061503567,0.22101169921043443,gemini35flash
2026091251,raw_u,bonferroni,0.25,,False,0,0,,1082,0,0,0.0,,,,gemini35flash
2026091251,u_boost,fixed_sequence,0.1,,False,0,0,,1082,0,0,0.0,,,,gemini35flash
2026091251,u_boost,bonferroni,0.1,,False,0,0,,1082,0,0,0.0,,,,gemini35flash
2026091251,u_boost,fixed_sequence,0.14285714285714285,,False,0,0,,1082,0,0,0.0,,,,gemini35flash
2026091251,u_boost,bonferroni,0.14285714285714285,,False,0,0,,1082,0,0,0.0,,,,gemini35flash
2026091251,u_boost,fixed_sequence,0.2,,False,0,0,,1082,0,0,0.0,,,,gemini35flash
2026091251,u_boost,bonferroni,0.2,,False,0,0,,1082,0,0,0.0,,,,gemini35flash
2026091251,u_boost,fixed_sequence,0.25,0.8,True,143,23,0.24189272424046737,1082,166,26,0.1534195933456562,0.1566265060240964,0.10493712061503567,0.22101169921043443,gemini35flash
2026091251,u_boost,bonferroni,0.25,,False,0,0,,1082,0,0,0.0,,,,gemini35flash
2026091251,rich_logistic,fixed_sequence,0.1,,False,0,0,,1082,0,0,0.0,,,,gemini35flash
2026091251,rich_logistic,bonferroni,0.1,,False,0,0,,1082,0,0,0.0,,,,gemini35flash
2026091251,rich_logistic,fixed_sequence,0.14285714285714285,,False,0,0,,1082,0,0,0.0,,,,gemini35flash
2026091251,rich_logistic,bonferroni,0.14285714285714285,,False,0,0,,1082,0,0,0.0,,,,gemini35flash
2026091251,rich_logistic,fixed_sequence,0.2,,False,0,0,,1082,0,0,0.0,,,,gemini35flash
2026091251,rich_logistic,bonferroni,0.2,,False,0,0,,1082,0,0,0.0,,,,gemini35flash
2026091251,rich_logistic,fixed_sequence,0.25,0.75,True,199,32,0.22796144322770345,1082,221,38,0.20425138632162662,0.17194570135746606,0.12464509314159065,0.2282826061826223,gemini35flash
2026091251,rich_logistic,bonferroni,0.25,,False,0,0,,1082,0,0,0.0,,,,gemini35flash
2026091251,rich_boost,fixed_sequence,0.1,,False,0,0,,1082,0,0,0.0,,,,gemini35flash
2026091251,rich_boost,bonferroni,0.1,,False,0,0,,1082,0,0,0.0,,,,gemini35flash
2026091251,rich_boost,fixed_sequence,0.14285714285714285,,False,0,0,,1082,0,0,0.0,,,,gemini35flash
2026091251,rich_boost,bonferroni,0.14285714285714285,,False,0,0,,1082,0,0,0.0,,,,gemini35flash
2026091251,rich_boost,fixed_sequence,0.2,,False,0,0,,1082,0,0,0.0,,,,gemini35flash
2026091251,rich_boost,bonferroni,0.2,,False,0,0,,1082,0,0,0.0,,,,gemini35flash
2026091251,rich_boost,fixed_sequence,0.25,0.73,True,257,47,0.2433652774607801,1082,317,75,0.2929759704251386,0.23659305993690852,0.1908866827851831,0.2872972407102731,gemini35flash
2026091251,rich_boost,bonferroni,0.25,,False,0,0,,1082,0,0,0.0,,,,gemini35flash
2026091252,raw_u,fixed_sequence,0.1,,False,0,0,,1082,0,0,0.0,,,,gemini35flash
2026091252,raw_u,bonferroni,0.1,,False,0,0,,1082,0,0,0.0,,,,gemini35flash
2026091252,raw_u,fixed_sequence,0.14285714285714285,,False,0,0,,1082,0,0,0.0,,,,gemini35flash
2026091252,raw_u,bonferroni,0.14285714285714285,,False,0,0,,1082,0,0,0.0,,,,gemini35flash
2026091252,raw_u,fixed_sequence,0.2,,False,0,0,,1082,0,0,0.0,,,,gemini35flash
2026091252,raw_u,bonferroni,0.2,,False,0,0,,1082,0,0,0.0,,,,gemini35flash
2026091252,raw_u,fixed_sequence,0.25,,False,0,0,,1082,0,0,0.0,,,,gemini35flash
2026091252,raw_u,bonferroni,0.25,,False,0,0,,1082,0,0,0.0,,,,gemini35flash
2026091252,u_boost,fixed_sequence,0.1,,False,0,0,,1082,0,0,0.0,,,,gemini35flash
2026091252,u_boost,bonferroni,0.1,,False,0,0,,1082,0,0,0.0,,,,gemini35flash
2026091252,u_boost,fixed_sequence,0.14285714285714285,,False,0,0,,1082,0,0,0.0,,,,gemini35flash
2026091252,u_boost,bonferroni,0.14285714285714285,,False,0,0,,1082,0,0,0.0,,,,gemini35flash
2026091252,u_boost,fixed_sequence,0.2,,False,0,0,,1082,0,0,0.0,,,,gemini35flash
2026091252,u_boost,bonferroni,0.2,,False,0,0,,1082,0,0,0.0,,,,gemini35flash
2026091252,u_boost,fixed_sequence,0.25,,False,0,0,,1082,0,0,0.0,,,,gemini35flash
2026091252,u_boost,bonferroni,0.25,,False,0,0,,1082,0,0,0.0,,,,gemini35flash
2026091252,rich_logistic,fixed_sequence,0.1,,False,0,0,,1082,0,0,0.0,,,,gemini35flash
2026091252,rich_logistic,bonferroni,0.1,,False,0,0,,1082,0,0,0.0,,,,gemini35flash
2026091252,rich_logistic,fixed_sequence,0.14285714285714285,,False,0,0,,1082,0,0,0.0,,,,gemini35flash
2026091252,rich_logistic,bonferroni,0.14285714285714285,,False,0,0,,1082,0,0,0.0,,,,gemini35flash
2026091252,rich_logistic,fixed_sequence,0.2,,False,0,0,,1082,0,0,0.0,,,,gemini35flash
2026091252,rich_logistic,bonferroni,0.2,,False,0,0,,1082,0,0,0.0,,,,gemini35flash
2026091252,rich_logistic,fixed_sequence,0.25,0.77,True,190,33,0.24418163566995707,1082,173,25,0.1598890942698706,0.14450867052023122,0.09575300175835297,0.2058906344151356,gemini35flash
2026091252,rich_logistic,bonferroni,0.25,,False,0,0,,1082,0,0,0.0,,,,gemini35flash
2026091252,rich_boost,fixed_sequence,0.1,,False,0,0,,1082,0,0,0.0,,,,gemini35flash
2026091252,rich_boost,bonferroni,0.1,,False,0,0,,1082,0,0,0.0,,,,gemini35flash
2026091252,rich_boost,fixed_sequence,0.14285714285714285,,False,0,0,,1082,0,0,0.0,,,,gemini35flash
2026091252,rich_boost,bonferroni,0.14285714285714285,,False,0,0,,1082,0,0,0.0,,,,gemini35flash
2026091252,rich_boost,fixed_sequence,0.2,,False,0,0,,1082,0,0,0.0,,,,gemini35flash
2026091252,rich_boost,bonferroni,0.2,,False,0,0,,1082,0,0,0.0,,,,gemini35flash
2026091252,rich_boost,fixed_sequence,0.25,,False,0,0,,1082,0,0,0.0,,,,gemini35flash
2026091252,rich_boost,bonferroni,0.25,,False,0,0,,1082,0,0,0.0,,,,gemini35flash
2026091253,raw_u,fixed_sequence,0.1,,False,0,0,,1082,0,0,0.0,,,,gemini35flash
2026091253,raw_u,bonferroni,0.1,,False,0,0,,1082,0,0,0.0,,,,gemini35flash
2026091253,raw_u,fixed_sequence,0.14285714285714285,,False,0,0,,1082,0,0,0.0,,,,gemini35flash
2026091253,raw_u,bonferroni,0.14285714285714285,,False,0,0,,1082,0,0,0.0,,,,gemini35flash
2026091253,raw_u,fixed_sequence,0.2,,False,0,0,,1082,0,0,0.0,,,,gemini35flash
2026091253,raw_u,bonferroni,0.2,,False,0,0,,1082,0,0,0.0,,,,gemini35flash
2026091253,raw_u,fixed_sequence,0.25,,False,0,0,,1082,0,0,0.0,,,,gemini35flash
2026091253,raw_u,bonferroni,0.25,,False,0,0,,1082,0,0,0.0,,,,gemini35flash
2026091253,u_boost,fixed_sequence,0.1,,False,0,0,,1082,0,0,0.0,,,,gemini35flash
2026091253,u_boost,bonferroni,0.1,,False,0,0,,1082,0,0,0.0,,,,gemini35flash
2026091253,u_boost,fixed_sequence,0.14285714285714285,,False,0,0,,1082,0,0,0.0,,,,gemini35flash
2026091253,u_boost,bonferroni,0.14285714285714285,,False,0,0,,1082,0,0,0.0,,,,gemini35flash
2026091253,u_boost,fixed_sequence,0.2,,False,0,0,,1082,0,0,0.0,,,,gemini35flash
2026091253,u_boost,bonferroni,0.2,,False,0,0,,1082,0,0,0.0,,,,gemini35flash
2026091253,u_boost,fixed_sequence,0.25,,False,0,0,,1082,0,0,0.0,,,,gemini35flash
2026091253,u_boost,bonferroni,0.25,,False,0,0,,1082,0,0,0.0,,,,gemini35flash
2026091253,rich_logistic,fixed_sequence,0.1,,False,0,0,,1082,0,0,0.0,,,,gemini35flash
2026091253,rich_logistic,bonferroni,0.1,,False,0,0,,1082,0,0,0.0,,,,gemini35flash
2026091253,rich_logistic,fixed_sequence,0.14285714285714285,,False,0,0,,1082,0,0,0.0,,,,gemini35flash
2026091253,rich_logistic,bonferroni,0.14285714285714285,,False,0,0,,1082,0,0,0.0,,,,gemini35flash
2026091253,rich_logistic,fixed_sequence,0.2,,False,0,0,,1082,0,0,0.0,,,,gemini35flash
2026091253,rich_logistic,bonferroni,0.2,,False,0,0,,1082,0,0,0.0,,,,gemini35flash
2026091253,rich_logistic,fixed_sequence,0.25,,False,0,0,,1082,0,0,0.0,,,,gemini35flash
2026091253,rich_logistic,bonferroni,0.25,,False,0,0,,1082,0,0,0.0,,,,gemini35flash
2026091253,rich_boost,fixed_sequence,0.1,,False,0,0,,1082,0,0,0.0,,,,gemini35flash
2026091253,rich_boost,bonferroni,0.1,,False,0,0,,1082,0,0,0.0,,,,gemini35flash
2026091253,rich_boost,fixed_sequence,0.14285714285714285,,False,0,0,,1082,0,0,0.0,,,,gemini35flash
2026091253,rich_boost,bonferroni,0.14285714285714285,,False,0,0,,1082,0,0,0.0,,,,gemini35flash
2026091253,rich_boost,fixed_sequence,0.2,,False,0,0,,1082,0,0,0.0,,,,gemini35flash
2026091253,rich_boost,bonferroni,0.2,,False,0,0,,1082,0,0,0.0,,,,gemini35flash
2026091253,rich_boost,fixed_sequence,0.25,,False,0,0,,1082,0,0,0.0,,,,gemini35flash
2026091253,rich_boost,bonferroni,0.25,,False,0,0,,1082,0,0,0.0,,,,gemini35flash
2026091254,raw_u,fixed_sequence,0.1,,False,0,0,,1082,0,0,0.0,,,,gemini35flash
2026091254,raw_u,bonferroni,0.1,,False,0,0,,1082,0,0,0.0,,,,gemini35flash
2026091254,raw_u,fixed_sequence,0.14285714285714285,,False,0,0,,1082,0,0,0.0,,,,gemini35flash
2026091254,raw_u,bonferroni,0.14285714285714285,,False,0,0,,1082,0,0,0.0,,,,gemini35flash
2026091254,raw_u,fixed_sequence,0.2,,False,0,0,,1082,0,0,0.0,,,,gemini35flash
2026091254,raw_u,bonferroni,0.2,,False,0,0,,1082,0,0,0.0,,,,gemini35flash
2026091254,raw_u,fixed_sequence,0.25,,False,0,0,,1082,0,0,0.0,,,,gemini35flash
2026091254,raw_u,bonferroni,0.25,,False,0,0,,1082,0,0,0.0,,,,gemini35flash
2026091254,u_boost,fixed_sequence,0.1,,False,0,0,,1082,0,0,0.0,,,,gemini35flash
2026091254,u_boost,bonferroni,0.1,,False,0,0,,1082,0,0,0.0,,,,gemini35flash
2026091254,u_boost,fixed_sequence,0.14285714285714285,,False,0,0,,1082,0,0,0.0,,,,gemini35flash
2026091254,u_boost,bonferroni,0.14285714285714285,,False,0,0,,1082,0,0,0.0,,,,gemini35flash
2026091254,u_boost,fixed_sequence,0.2,,False,0,0,,1082,0,0,0.0,,,,gemini35flash
2026091254,u_boost,bonferroni,0.2,,False,0,0,,1082,0,0,0.0,,,,gemini35flash
2026091254,u_boost,fixed_sequence,0.25,,False,0,0,,1082,0,0,0.0,,,,gemini35flash
2026091254,u_boost,bonferroni,0.25,,False,0,0,,1082,0,0,0.0,,,,gemini35flash
2026091254,rich_logistic,fixed_sequence,0.1,,False,0,0,,1082,0,0,0.0,,,,gemini35flash
2026091254,rich_logistic,bonferroni,0.1,,False,0,0,,1082,0,0,0.0,,,,gemini35flash
2026091254,rich_logistic,fixed_sequence,0.14285714285714285,,False,0,0,,1082,0,0,0.0,,,,gemini35flash
2026091254,rich_logistic,bonferroni,0.14285714285714285,,False,0,0,,1082,0,0,0.0,,,,gemini35flash
2026091254,rich_logistic,fixed_sequence,0.2,,False,0,0,,1082,0,0,0.0,,,,gemini35flash
2026091254,rich_logistic,bonferroni,0.2,,False,0,0,,1082,0,0,0.0,,,,gemini35flash
2026091254,rich_logistic,fixed_sequence,0.25,,False,0,0,,1082,0,0,0.0,,,,gemini35flash
2026091254,rich_logistic,bonferroni,0.25,,False,0,0,,1082,0,0,0.0,,,,gemini35flash
2026091254,rich_boost,fixed_sequence,0.1,,False,0,0,,1082,0,0,0.0,,,,gemini35flash
2026091254,rich_boost,bonferroni,0.1,,False,0,0,,1082,0,0,0.0,,,,gemini35flash
2026091254,rich_boost,fixed_sequence,0.14285714285714285,,False,0,0,,1082,0,0,0.0,,,,gemini35flash
2026091254,rich_boost,bonferroni,0.14285714285714285,,False,0,0,,1082,0,0,0.0,,,,gemini35flash
2026091254,rich_boost,fixed_sequence,0.2,,False,0,0,,1082,0,0,0.0,,,,gemini35flash
2026091254,rich_boost,bonferroni,0.2,,False,0,0,,1082,0,0,0.0,,,,gemini35flash
2026091254,rich_boost,fixed_sequence,0.25,,False,0,0,,1082,0,0,0.0,,,,gemini35flash
2026091254,rich_boost,bonferroni,0.25,,False,0,0,,1082,0,0,0.0,,,,gemini35flash
2026091255,raw_u,fixed_sequence,0.1,,False,0,0,,1082,0,0,0.0,,,,gemini35flash
2026091255,raw_u,bonferroni,0.1,,False,0,0,,1082,0,0,0.0,,,,gemini35flash
2026091255,raw_u,fixed_sequence,0.14285714285714285,,False,0,0,,1082,0,0,0.0,,,,gemini35flash
2026091255,raw_u,bonferroni,0.14285714285714285,,False,0,0,,1082,0,0,0.0,,,,gemini35flash
2026091255,raw_u,fixed_sequence,0.2,0.91,True,162,15,0.15652347270270994,1082,170,33,0.15711645101663585,0.19411764705882353,0.1375495649597037,0.2616682653897038,gemini35flash
2026091255,raw_u,bonferroni,0.2,0.91,True,162,15,0.19009914996319993,1082,170,33,0.15711645101663585,0.19411764705882353,0.1375495649597037,0.2616682653897038,gemini35flash
2026091255,raw_u,fixed_sequence,0.25,0.81,True,294,48,0.21750581370890573,1082,312,69,0.28835489833641403,0.22115384615384615,0.1763409873435178,0.2713489081713989,gemini35flash
2026091255,raw_u,bonferroni,0.25,0.81,True,294,48,0.24439137833782223,1082,312,69,0.28835489833641403,0.22115384615384615,0.1763409873435178,0.2713489081713989,gemini35flash
2026091255,u_boost,fixed_sequence,0.1,,False,0,0,,1082,0,0,0.0,,,,gemini35flash
2026091255,u_boost,bonferroni,0.1,,False,0,0,,1082,0,0,0.0,,,,gemini35flash
2026091255,u_boost,fixed_sequence,0.14285714285714285,,False,0,0,,1082,0,0,0.0,,,,gemini35flash
2026091255,u_boost,bonferroni,0.14285714285714285,,False,0,0,,1082,0,0,0.0,,,,gemini35flash
2026091255,u_boost,fixed_sequence,0.2,0.76,True,162,15,0.15652347270270994,1082,170,33,0.15711645101663585,0.19411764705882353,0.1375495649597037,0.2616682653897038,gemini35flash
2026091255,u_boost,bonferroni,0.2,0.75,True,162,15,0.19009914996319993,1082,170,33,0.15711645101663585,0.19411764705882353,0.1375495649597037,0.2616682653897038,gemini35flash
2026091255,u_boost,fixed_sequence,0.25,0.7,True,294,48,0.21750581370890573,1082,312,69,0.28835489833641403,0.22115384615384615,0.1763409873435178,0.2713489081713989,gemini35flash
2026091255,u_boost,bonferroni,0.25,0.69,True,294,48,0.24439137833782223,1082,312,69,0.28835489833641403,0.22115384615384615,0.1763409873435178,0.2713489081713989,gemini35flash
2026091255,rich_logistic,fixed_sequence,0.1,,False,0,0,,1082,0,0,0.0,,,,gemini35flash
2026091255,rich_logistic,bonferroni,0.1,,False,0,0,,1082,0,0,0.0,,,,gemini35flash
2026091255,rich_logistic,fixed_sequence,0.14285714285714285,,False,0,0,,1082,0,0,0.0,,,,gemini35flash
2026091255,rich_logistic,bonferroni,0.14285714285714285,,False,0,0,,1082,0,0,0.0,,,,gemini35flash
2026091255,rich_logistic,fixed_sequence,0.2,,False,0,0,,1082,0,0,0.0,,,,gemini35flash
2026091255,rich_logistic,bonferroni,0.2,0.78,True,181,18,0.1924533489775721,1082,188,35,0.17375231053604437,0.18617021276595744,0.1332332091658711,0.24928488953717923,gemini35flash
2026091255,rich_logistic,fixed_sequence,0.25,0.71,True,303,52,0.22579692742119414,1082,325,72,0.300369685767098,0.22153846153846155,0.17757012765001107,0.27066301890272276,gemini35flash
2026091255,rich_logistic,bonferroni,0.25,0.72,True,269,39,0.2273572760459402,1082,297,63,0.2744916820702403,0.21212121212121213,0.16702251414483923,0.26306566044711943,gemini35flash
2026091255,rich_boost,fixed_sequence,0.1,,False,0,0,,1082,0,0,0.0,,,,gemini35flash
2026091255,rich_boost,bonferroni,0.1,,False,0,0,,1082,0,0,0.0,,,,gemini35flash
2026091255,rich_boost,fixed_sequence,0.14285714285714285,,False,0,0,,1082,0,0,0.0,,,,gemini35flash
2026091255,rich_boost,bonferroni,0.14285714285714285,,False,0,0,,1082,0,0,0.0,,,,gemini35flash
2026091255,rich_boost,fixed_sequence,0.2,,False,0,0,,1082,0,0,0.0,,,,gemini35flash
2026091255,rich_boost,bonferroni,0.2,0.76,True,208,23,0.1988395829891563,1082,210,37,0.19408502772643252,0.1761904761904762,0.12719212168311228,0.23458018431731525,gemini35flash
2026091255,rich_boost,fixed_sequence,0.25,0.78,True,163,15,0.1555975480357532,1082,175,33,0.16173752310536044,0.18857142857142858,0.13350217825618943,0.2545033958303919,gemini35flash
2026091255,rich_boost,bonferroni,0.25,0.71,True,295,49,0.2474786229315067,1082,324,74,0.29944547134935307,0.22839506172839505,0.18380874616573367,0.2780241685501703,gemini35flash
2026091256,raw_u,fixed_sequence,0.1,,False,0,0,,1082,0,0,0.0,,,,gemini35flash
2026091256,raw_u,bonferroni,0.1,,False,0,0,,1082,0,0,0.0,,,,gemini35flash
2026091256,raw_u,fixed_sequence,0.14285714285714285,,False,0,0,,1082,0,0,0.0,,,,gemini35flash
2026091256,raw_u,bonferroni,0.14285714285714285,,False,0,0,,1082,0,0,0.0,,,,gemini35flash
2026091256,raw_u,fixed_sequence,0.2,,False,0,0,,1082,0,0,0.0,,,,gemini35flash
2026091256,raw_u,bonferroni,0.2,,False,0,0,,1082,0,0,0.0,,,,gemini35flash
2026091256,raw_u,fixed_sequence,0.25,,False,0,0,,1082,0,0,0.0,,,,gemini35flash
2026091256,raw_u,bonferroni,0.25,,False,0,0,,1082,0,0,0.0,,,,gemini35flash
2026091256,u_boost,fixed_sequence,0.1,,False,0,0,,1082,0,0,0.0,,,,gemini35flash
2026091256,u_boost,bonferroni,0.1,,False,0,0,,1082,0,0,0.0,,,,gemini35flash
2026091256,u_boost,fixed_sequence,0.14285714285714285,,False,0,0,,1082,0,0,0.0,,,,gemini35flash
2026091256,u_boost,bonferroni,0.14285714285714285,,False,0,0,,1082,0,0,0.0,,,,gemini35flash
2026091256,u_boost,fixed_sequence,0.2,,False,0,0,,1082,0,0,0.0,,,,gemini35flash
2026091256,u_boost,bonferroni,0.2,,False,0,0,,1082,0,0,0.0,,,,gemini35flash
2026091256,u_boost,fixed_sequence,0.25,,False,0,0,,1082,0,0,0.0,,,,gemini35flash
2026091256,u_boost,bonferroni,0.25,,False,0,0,,1082,0,0,0.0,,,,gemini35flash
2026091256,rich_logistic,fixed_sequence,0.1,,False,0,0,,1082,0,0,0.0,,,,gemini35flash
2026091256,rich_logistic,bonferroni,0.1,,False,0,0,,1082,0,0,0.0,,,,gemini35flash
2026091256,rich_logistic,fixed_sequence,0.14285714285714285,,False,0,0,,1082,0,0,0.0,,,,gemini35flash
2026091256,rich_logistic,bonferroni,0.14285714285714285,,False,0,0,,1082,0,0,0.0,,,,gemini35flash
2026091256,rich_logistic,fixed_sequence,0.2,,False,0,0,,1082,0,0,0.0,,,,gemini35flash
2026091256,rich_logistic,bonferroni,0.2,,False,0,0,,1082,0,0,0.0,,,,gemini35flash
2026091256,rich_logistic,fixed_sequence,0.25,,False,0,0,,1082,0,0,0.0,,,,gemini35flash
2026091256,rich_logistic,bonferroni,0.25,,False,0,0,,1082,0,0,0.0,,,,gemini35flash
2026091256,rich_boost,fixed_sequence,0.1,,False,0,0,,1082,0,0,0.0,,,,gemini35flash
2026091256,rich_boost,bonferroni,0.1,,False,0,0,,1082,0,0,0.0,,,,gemini35flash
2026091256,rich_boost,fixed_sequence,0.14285714285714285,,False,0,0,,1082,0,0,0.0,,,,gemini35flash
2026091256,rich_boost,bonferroni,0.14285714285714285,,False,0,0,,1082,0,0,0.0,,,,gemini35flash
2026091256,rich_boost,fixed_sequence,0.2,,False,0,0,,1082,0,0,0.0,,,,gemini35flash
2026091256,rich_boost,bonferroni,0.2,,False,0,0,,1082,0,0,0.0,,,,gemini35flash
2026091256,rich_boost,fixed_sequence,0.25,,False,0,0,,1082,0,0,0.0,,,,gemini35flash
2026091256,rich_boost,bonferroni,0.25,,False,0,0,,1082,0,0,0.0,,,,gemini35flash
2026091257,raw_u,fixed_sequence,0.1,,False,0,0,,1082,0,0,0.0,,,,gemini35flash
2026091257,raw_u,bonferroni,0.1,,False,0,0,,1082,0,0,0.0,,,,gemini35flash
2026091257,raw_u,fixed_sequence,0.14285714285714285,,False,0,0,,1082,0,0,0.0,,,,gemini35flash
2026091257,raw_u,bonferroni,0.14285714285714285,,False,0,0,,1082,0,0,0.0,,,,gemini35flash
2026091257,raw_u,fixed_sequence,0.2,,False,0,0,,1082,0,0,0.0,,,,gemini35flash
2026091257,raw_u,bonferroni,0.2,,False,0,0,,1082,0,0,0.0,,,,gemini35flash
2026091257,raw_u,fixed_sequence,0.25,0.81,True,301,54,0.23452585420848865,1082,310,60,0.28650646950092423,0.1935483870967742,0.15107048126936118,0.24199277789584447,gemini35flash
2026091257,raw_u,bonferroni,0.25,,False,0,0,,1082,0,0,0.0,,,,gemini35flash
2026091257,u_boost,fixed_sequence,0.1,,False,0,0,,1082,0,0,0.0,,,,gemini35flash
2026091257,u_boost,bonferroni,0.1,,False,0,0,,1082,0,0,0.0,,,,gemini35flash
2026091257,u_boost,fixed_sequence,0.14285714285714285,,False,0,0,,1082,0,0,0.0,,,,gemini35flash
2026091257,u_boost,bonferroni,0.14285714285714285,,False,0,0,,1082,0,0,0.0,,,,gemini35flash
2026091257,u_boost,fixed_sequence,0.2,,False,0,0,,1082,0,0,0.0,,,,gemini35flash
2026091257,u_boost,bonferroni,0.2,,False,0,0,,1082,0,0,0.0,,,,gemini35flash
2026091257,u_boost,fixed_sequence,0.25,0.71,True,330,62,0.24103451018729458,1082,354,74,0.32717190388170053,0.20903954802259886,0.16785726443079674,0.25516555473161806,gemini35flash
2026091257,u_boost,bonferroni,0.25,,False,0,0,,1082,0,0,0.0,,,,gemini35flash
2026091257,rich_logistic,fixed_sequence,0.1,,False,0,0,,1082,0,0,0.0,,,,gemini35flash
2026091257,rich_logistic,bonferroni,0.1,,False,0,0,,1082,0,0,0.0,,,,gemini35flash
2026091257,rich_logistic,fixed_sequence,0.14285714285714285,,False,0,0,,1082,0,0,0.0,,,,gemini35flash
2026091257,rich_logistic,bonferroni,0.14285714285714285,,False,0,0,,1082,0,0,0.0,,,,gemini35flash
2026091257,rich_logistic,fixed_sequence,0.2,,False,0,0,,1082,0,0,0.0,,,,gemini35flash
2026091257,rich_logistic,bonferroni,0.2,,False,0,0,,1082,0,0,0.0,,,,gemini35flash
2026091257,rich_logistic,fixed_sequence,0.25,,False,0,0,,1082,0,0,0.0,,,,gemini35flash
2026091257,rich_logistic,bonferroni,0.25,0.77,True,186,26,0.2405217874261959,1082,192,27,0.17744916820702403,0.140625,0.09476214192835028,0.19796969659452865,gemini35flash
2026091257,rich_boost,fixed_sequence,0.1,,False,0,0,,1082,0,0,0.0,,,,gemini35flash
2026091257,rich_boost,bonferroni,0.1,,False,0,0,,1082,0,0,0.0,,,,gemini35flash
2026091257,rich_boost,fixed_sequence,0.14285714285714285,,False,0,0,,1082,0,0,0.0,,,,gemini35flash
2026091257,rich_boost,bonferroni,0.14285714285714285,,False,0,0,,1082,0,0,0.0,,,,gemini35flash
2026091257,rich_boost,fixed_sequence,0.2,,False,0,0,,1082,0,0,0.0,,,,gemini35flash
2026091257,rich_boost,bonferroni,0.2,,False,0,0,,1082,0,0,0.0,,,,gemini35flash
2026091257,rich_boost,fixed_sequence,0.25,0.73,True,234,42,0.24284538984444337,1082,248,39,0.22920517560073936,0.15725806451612903,0.11427840040999301,0.20864710926872063,gemini35flash
2026091257,rich_boost,bonferroni,0.25,,False,0,0,,1082,0,0,0.0,,,,gemini35flash
2026091258,raw_u,fixed_sequence,0.1,,False,0,0,,1082,0,0,0.0,,,,gemini35flash
2026091258,raw_u,bonferroni,0.1,,False,0,0,,1082,0,0,0.0,,,,gemini35flash
2026091258,raw_u,fixed_sequence,0.14285714285714285,,False,0,0,,1082,0,0,0.0,,,,gemini35flash
2026091258,raw_u,bonferroni,0.14285714285714285,,False,0,0,,1082,0,0,0.0,,,,gemini35flash
2026091258,raw_u,fixed_sequence,0.2,,False,0,0,,1082,0,0,0.0,,,,gemini35flash
2026091258,raw_u,bonferroni,0.2,,False,0,0,,1082,0,0,0.0,,,,gemini35flash
2026091258,raw_u,fixed_sequence,0.25,0.91,True,174,29,0.23987914059132673,1082,149,27,0.1377079482439926,0.18120805369127516,0.12294435087231513,0.2525870904384175,gemini35flash
2026091258,raw_u,bonferroni,0.25,,False,0,0,,1082,0,0,0.0,,,,gemini35flash
2026091258,u_boost,fixed_sequence,0.1,,False,0,0,,1082,0,0,0.0,,,,gemini35flash
2026091258,u_boost,bonferroni,0.1,,False,0,0,,1082,0,0,0.0,,,,gemini35flash
2026091258,u_boost,fixed_sequence,0.14285714285714285,,False,0,0,,1082,0,0,0.0,,,,gemini35flash
2026091258,u_boost,bonferroni,0.14285714285714285,,False,0,0,,1082,0,0,0.0,,,,gemini35flash
2026091258,u_boost,fixed_sequence,0.2,,False,0,0,,1082,0,0,0.0,,,,gemini35flash
2026091258,u_boost,bonferroni,0.2,,False,0,0,,1082,0,0,0.0,,,,gemini35flash
2026091258,u_boost,fixed_sequence,0.25,0.78,True,174,29,0.23987914059132673,1082,149,27,0.1377079482439926,0.18120805369127516,0.12294435087231513,0.2525870904384175,gemini35flash
2026091258,u_boost,bonferroni,0.25,,False,0,0,,1082,0,0,0.0,,,,gemini35flash
2026091258,rich_logistic,fixed_sequence,0.1,,False,0,0,,1082,0,0,0.0,,,,gemini35flash
2026091258,rich_logistic,bonferroni,0.1,,False,0,0,,1082,0,0,0.0,,,,gemini35flash
2026091258,rich_logistic,fixed_sequence,0.14285714285714285,,False,0,0,,1082,0,0,0.0,,,,gemini35flash
2026091258,rich_logistic,bonferroni,0.14285714285714285,,False,0,0,,1082,0,0,0.0,,,,gemini35flash
2026091258,rich_logistic,fixed_sequence,0.2,,False,0,0,,1082,0,0,0.0,,,,gemini35flash
2026091258,rich_logistic,bonferroni,0.2,,False,0,0,,1082,0,0,0.0,,,,gemini35flash
2026091258,rich_logistic,fixed_sequence,0.25,0.73,True,264,50,0.2496073019405051,1082,247,54,0.22828096118299446,0.21862348178137653,0.1687128264319801,0.27542294267252104,gemini35flash
2026091258,rich_logistic,bonferroni,0.25,,False,0,0,,1082,0,0,0.0,,,,gemini35flash
2026091258,rich_boost,fixed_sequence,0.1,,False,0,0,,1082,0,0,0.0,,,,gemini35flash
2026091258,rich_boost,bonferroni,0.1,,False,0,0,,1082,0,0,0.0,,,,gemini35flash
2026091258,rich_boost,fixed_sequence,0.14285714285714285,,False,0,0,,1082,0,0,0.0,,,,gemini35flash
2026091258,rich_boost,bonferroni,0.14285714285714285,,False,0,0,,1082,0,0,0.0,,,,gemini35flash
2026091258,rich_boost,fixed_sequence,0.2,,False,0,0,,1082,0,0,0.0,,,,gemini35flash
2026091258,rich_boost,bonferroni,0.2,,False,0,0,,1082,0,0,0.0,,,,gemini35flash
2026091258,rich_boost,fixed_sequence,0.25,,False,0,0,,1082,0,0,0.0,,,,gemini35flash
2026091258,rich_boost,bonferroni,0.25,,False,0,0,,1082,0,0,0.0,,,,gemini35flash
2026091259,raw_u,fixed_sequence,0.1,,False,0,0,,1082,0,0,0.0,,,,gemini35flash
2026091259,raw_u,bonferroni,0.1,,False,0,0,,1082,0,0,0.0,,,,gemini35flash
2026091259,raw_u,fixed_sequence,0.14285714285714285,,False,0,0,,1082,0,0,0.0,,,,gemini35flash
2026091259,raw_u,bonferroni,0.14285714285714285,,False,0,0,,1082,0,0,0.0,,,,gemini35flash
2026091259,raw_u,fixed_sequence,0.2,,False,0,0,,1082,0,0,0.0,,,,gemini35flash
2026091259,raw_u,bonferroni,0.2,,False,0,0,,1082,0,0,0.0,,,,gemini35flash
2026091259,raw_u,fixed_sequence,0.25,,False,0,0,,1082,0,0,0.0,,,,gemini35flash
2026091259,raw_u,bonferroni,0.25,,False,0,0,,1082,0,0,0.0,,,,gemini35flash
2026091259,u_boost,fixed_sequence,0.1,,False,0,0,,1082,0,0,0.0,,,,gemini35flash
2026091259,u_boost,bonferroni,0.1,,False,0,0,,1082,0,0,0.0,,,,gemini35flash
2026091259,u_boost,fixed_sequence,0.14285714285714285,,False,0,0,,1082,0,0,0.0,,,,gemini35flash
2026091259,u_boost,bonferroni,0.14285714285714285,,False,0,0,,1082,0,0,0.0,,,,gemini35flash
2026091259,u_boost,fixed_sequence,0.2,,False,0,0,,1082,0,0,0.0,,,,gemini35flash
2026091259,u_boost,bonferroni,0.2,,False,0,0,,1082,0,0,0.0,,,,gemini35flash
2026091259,u_boost,fixed_sequence,0.25,,False,0,0,,1082,0,0,0.0,,,,gemini35flash
2026091259,u_boost,bonferroni,0.25,,False,0,0,,1082,0,0,0.0,,,,gemini35flash
2026091259,rich_logistic,fixed_sequence,0.1,,False,0,0,,1082,0,0,0.0,,,,gemini35flash
2026091259,rich_logistic,bonferroni,0.1,,False,0,0,,1082,0,0,0.0,,,,gemini35flash
2026091259,rich_logistic,fixed_sequence,0.14285714285714285,,False,0,0,,1082,0,0,0.0,,,,gemini35flash
2026091259,rich_logistic,bonferroni,0.14285714285714285,,False,0,0,,1082,0,0,0.0,,,,gemini35flash
2026091259,rich_logistic,fixed_sequence,0.2,,False,0,0,,1082,0,0,0.0,,,,gemini35flash
2026091259,rich_logistic,bonferroni,0.2,,False,0,0,,1082,0,0,0.0,,,,gemini35flash
2026091259,rich_logistic,fixed_sequence,0.25,,False,0,0,,1082,0,0,0.0,,,,gemini35flash
2026091259,rich_logistic,bonferroni,0.25,,False,0,0,,1082,0,0,0.0,,,,gemini35flash
2026091259,rich_boost,fixed_sequence,0.1,,False,0,0,,1082,0,0,0.0,,,,gemini35flash
2026091259,rich_boost,bonferroni,0.1,,False,0,0,,1082,0,0,0.0,,,,gemini35flash
2026091259,rich_boost,fixed_sequence,0.14285714285714285,,False,0,0,,1082,0,0,0.0,,,,gemini35flash
2026091259,rich_boost,bonferroni,0.14285714285714285,,False,0,0,,1082,0,0,0.0,,,,gemini35flash
2026091259,rich_boost,fixed_sequence,0.2,,False,0,0,,1082,0,0,0.0,,,,gemini35flash
2026091259,rich_boost,bonferroni,0.2,,False,0,0,,1082,0,0,0.0,,,,gemini35flash
2026091259,rich_boost,fixed_sequence,0.25,,False,0,0,,1082,0,0,0.0,,,,gemini35flash
2026091259,rich_boost,bonferroni,0.25,,False,0,0,,1082,0,0,0.0,,,,gemini35flash
2026091260,raw_u,fixed_sequence,0.1,,False,0,0,,1082,0,0,0.0,,,,gemini35flash
2026091260,raw_u,bonferroni,0.1,,False,0,0,,1082,0,0,0.0,,,,gemini35flash
2026091260,raw_u,fixed_sequence,0.14285714285714285,,False,0,0,,1082,0,0,0.0,,,,gemini35flash
2026091260,raw_u,bonferroni,0.14285714285714285,,False,0,0,,1082,0,0,0.0,,,,gemini35flash
2026091260,raw_u,fixed_sequence,0.2,,False,0,0,,1082,0,0,0.0,,,,gemini35flash
2026091260,raw_u,bonferroni,0.2,,False,0,0,,1082,0,0,0.0,,,,gemini35flash
2026091260,raw_u,fixed_sequence,0.25,0.91,True,168,28,0.24134933797704283,1082,161,29,0.1487985212569316,0.18012422360248448,0.12407525718609415,0.2483341641066691,gemini35flash
2026091260,raw_u,bonferroni,0.25,,False,0,0,,1082,0,0,0.0,,,,gemini35flash
2026091260,u_boost,fixed_sequence,0.1,,False,0,0,,1082,0,0,0.0,,,,gemini35flash
2026091260,u_boost,bonferroni,0.1,,False,0,0,,1082,0,0,0.0,,,,gemini35flash
2026091260,u_boost,fixed_sequence,0.14285714285714285,,False,0,0,,1082,0,0,0.0,,,,gemini35flash
2026091260,u_boost,bonferroni,0.14285714285714285,,False,0,0,,1082,0,0,0.0,,,,gemini35flash
2026091260,u_boost,fixed_sequence,0.2,,False,0,0,,1082,0,0,0.0,,,,gemini35flash
2026091260,u_boost,bonferroni,0.2,,False,0,0,,1082,0,0,0.0,,,,gemini35flash
2026091260,u_boost,fixed_sequence,0.25,0.74,True,185,31,0.2383966482771918,1082,186,41,0.17190388170055454,0.22043010752688172,0.16306990191685317,0.286925097566425,gemini35flash
2026091260,u_boost,bonferroni,0.25,,False,0,0,,1082,0,0,0.0,,,,gemini35flash
2026091260,rich_logistic,fixed_sequence,0.1,,False,0,0,,1082,0,0,0.0,,,,gemini35flash
2026091260,rich_logistic,bonferroni,0.1,,False,0,0,,1082,0,0,0.0,,,,gemini35flash
2026091260,rich_logistic,fixed_sequence,0.14285714285714285,,False,0,0,,1082,0,0,0.0,,,,gemini35flash
2026091260,rich_logistic,bonferroni,0.14285714285714285,,False,0,0,,1082,0,0,0.0,,,,gemini35flash
2026091260,rich_logistic,fixed_sequence,0.2,,False,0,0,,1082,0,0,0.0,,,,gemini35flash
2026091260,rich_logistic,bonferroni,0.2,,False,0,0,,1082,0,0,0.0,,,,gemini35flash
2026091260,rich_logistic,fixed_sequence,0.25,,False,0,0,,1082,0,0,0.0,,,,gemini35flash
2026091260,rich_logistic,bonferroni,0.25,,False,0,0,,1082,0,0,0.0,,,,gemini35flash
2026091260,rich_boost,fixed_sequence,0.1,,False,0,0,,1082,0,0,0.0,,,,gemini35flash
2026091260,rich_boost,bonferroni,0.1,,False,0,0,,1082,0,0,0.0,,,,gemini35flash
2026091260,rich_boost,fixed_sequence,0.14285714285714285,,False,0,0,,1082,0,0,0.0,,,,gemini35flash
2026091260,rich_boost,bonferroni,0.14285714285714285,,False,0,0,,1082,0,0,0.0,,,,gemini35flash
2026091260,rich_boost,fixed_sequence,0.2,,False,0,0,,1082,0,0,0.0,,,,gemini35flash
2026091260,rich_boost,bonferroni,0.2,,False,0,0,,1082,0,0,0.0,,,,gemini35flash
2026091260,rich_boost,fixed_sequence,0.25,,False,0,0,,1082,0,0,0.0,,,,gemini35flash
2026091260,rich_boost,bonferroni,0.25,,False,0,0,,1082,0,0,0.0,,,,gemini35flash
2026091261,raw_u,fixed_sequence,0.1,,False,0,0,,1082,0,0,0.0,,,,gemini35flash
2026091261,raw_u,bonferroni,0.1,,False,0,0,,1082,0,0,0.0,,,,gemini35flash
2026091261,raw_u,fixed_sequence,0.14285714285714285,,False,0,0,,1082,0,0,0.0,,,,gemini35flash
2026091261,raw_u,bonferroni,0.14285714285714285,,False,0,0,,1082,0,0,0.0,,,,gemini35flash
2026091261,raw_u,fixed_sequence,0.2,,False,0,0,,1082,0,0,0.0,,,,gemini35flash
2026091261,raw_u,bonferroni,0.2,,False,0,0,,1082,0,0,0.0,,,,gemini35flash
2026091261,raw_u,fixed_sequence,0.25,0.81,True,316,61,0.24791091977812452,1082,297,56,0.2744916820702403,0.18855218855218855,0.14568789607581384,0.2377532563461817,gemini35flash
2026091261,raw_u,bonferroni,0.25,,False,0,0,,1082,0,0,0.0,,,,gemini35flash
2026091261,u_boost,fixed_sequence,0.1,,False,0,0,,1082,0,0,0.0,,,,gemini35flash
2026091261,u_boost,bonferroni,0.1,,False,0,0,,1082,0,0,0.0,,,,gemini35flash
2026091261,u_boost,fixed_sequence,0.14285714285714285,,False,0,0,,1082,0,0,0.0,,,,gemini35flash
2026091261,u_boost,bonferroni,0.14285714285714285,,False,0,0,,1082,0,0,0.0,,,,gemini35flash
2026091261,u_boost,fixed_sequence,0.2,,False,0,0,,1082,0,0,0.0,,,,gemini35flash
2026091261,u_boost,bonferroni,0.2,,False,0,0,,1082,0,0,0.0,,,,gemini35flash
2026091261,u_boost,fixed_sequence,0.25,0.68,True,316,61,0.24791091977812452,1082,297,56,0.2744916820702403,0.18855218855218855,0.14568789607581384,0.2377532563461817,gemini35flash
2026091261,u_boost,bonferroni,0.25,,False,0,0,,1082,0,0,0.0,,,,gemini35flash
2026091261,rich_logistic,fixed_sequence,0.1,,False,0,0,,1082,0,0,0.0,,,,gemini35flash
2026091261,rich_logistic,bonferroni,0.1,,False,0,0,,1082,0,0,0.0,,,,gemini35flash
2026091261,rich_logistic,fixed_sequence,0.14285714285714285,,False,0,0,,1082,0,0,0.0,,,,gemini35flash
2026091261,rich_logistic,bonferroni,0.14285714285714285,,False,0,0,,1082,0,0,0.0,,,,gemini35flash
2026091261,rich_logistic,fixed_sequence,0.2,,False,0,0,,1082,0,0,0.0,,,,gemini35flash
2026091261,rich_logistic,bonferroni,0.2,,False,0,0,,1082,0,0,0.0,,,,gemini35flash
2026091261,rich_logistic,fixed_sequence,0.25,0.75,True,223,38,0.2344939098614844,1082,204,33,0.18853974121996303,0.16176470588235295,0.1140437051345544,0.2196089394642384,gemini35flash
2026091261,rich_logistic,bonferroni,0.25,,False,0,0,,1082,0,0,0.0,,,,gemini35flash
2026091261,rich_boost,fixed_sequence,0.1,,False,0,0,,1082,0,0,0.0,,,,gemini35flash
2026091261,rich_boost,bonferroni,0.1,,False,0,0,,1082,0,0,0.0,,,,gemini35flash
2026091261,rich_boost,fixed_sequence,0.14285714285714285,,False,0,0,,1082,0,0,0.0,,,,gemini35flash
2026091261,rich_boost,bonferroni,0.14285714285714285,,False,0,0,,1082,0,0,0.0,,,,gemini35flash
2026091261,rich_boost,fixed_sequence,0.2,,False,0,0,,1082,0,0,0.0,,,,gemini35flash
2026091261,rich_boost,bonferroni,0.2,,False,0,0,,1082,0,0,0.0,,,,gemini35flash
2026091261,rich_boost,fixed_sequence,0.25,0.76,True,173,30,0.24769408519979513,1082,151,27,0.13955637707948243,0.17880794701986755,0.12126644802698741,0.24938900823125426,gemini35flash
2026091261,rich_boost,bonferroni,0.25,,False,0,0,,1082,0,0,0.0,,,,gemini35flash
2026091262,raw_u,fixed_sequence,0.1,,False,0,0,,1082,0,0,0.0,,,,gemini35flash
2026091262,raw_u,bonferroni,0.1,,False,0,0,,1082,0,0,0.0,,,,gemini35flash
2026091262,raw_u,fixed_sequence,0.14285714285714285,,False,0,0,,1082,0,0,0.0,,,,gemini35flash
2026091262,raw_u,bonferroni,0.14285714285714285,,False,0,0,,1082,0,0,0.0,,,,gemini35flash
2026091262,raw_u,fixed_sequence,0.2,,False,0,0,,1082,0,0,0.0,,,,gemini35flash
2026091262,raw_u,bonferroni,0.2,,False,0,0,,1082,0,0,0.0,,,,gemini35flash
2026091262,raw_u,fixed_sequence,0.25,0.8571428571428571,True,203,33,0.22918382916547922,1082,191,32,0.17652495378927913,0.16753926701570682,0.11750851816085424,0.22820387614700377,gemini35flash
2026091262,raw_u,bonferroni,0.25,0.91,True,174,25,0.24917043763080196,1082,167,28,0.15434380776340112,0.16766467065868262,0.1143975208357154,0.23312382279437485,gemini35flash
2026091262,u_boost,fixed_sequence,0.1,,False,0,0,,1082,0,0,0.0,,,,gemini35flash
2026091262,u_boost,bonferroni,0.1,,False,0,0,,1082,0,0,0.0,,,,gemini35flash
2026091262,u_boost,fixed_sequence,0.14285714285714285,,False,0,0,,1082,0,0,0.0,,,,gemini35flash
2026091262,u_boost,bonferroni,0.14285714285714285,,False,0,0,,1082,0,0,0.0,,,,gemini35flash
2026091262,u_boost,fixed_sequence,0.2,,False,0,0,,1082,0,0,0.0,,,,gemini35flash
2026091262,u_boost,bonferroni,0.2,,False,0,0,,1082,0,0,0.0,,,,gemini35flash
2026091262,u_boost,fixed_sequence,0.25,0.75,True,215,38,0.24286134444523808,1082,203,43,0.1876155268022181,0.21182266009852216,0.15774200500828228,0.2745232461574785,gemini35flash
2026091262,u_boost,bonferroni,0.25,0.78,True,174,25,0.24917043763080196,1082,167,28,0.15434380776340112,0.16766467065868262,0.1143975208357154,0.23312382279437485,gemini35flash
2026091262,rich_logistic,fixed_sequence,0.1,,False,0,0,,1082,0,0,0.0,,,,gemini35flash
2026091262,rich_logistic,bonferroni,0.1,,False,0,0,,1082,0,0,0.0,,,,gemini35flash
2026091262,rich_logistic,fixed_sequence,0.14285714285714285,,False,0,0,,1082,0,0,0.0,,,,gemini35flash
2026091262,rich_logistic,bonferroni,0.14285714285714285,,False,0,0,,1082,0,0,0.0,,,,gemini35flash
2026091262,rich_logistic,fixed_sequence,0.2,,False,0,0,,1082,0,0,0.0,,,,gemini35flash
2026091262,rich_logistic,bonferroni,0.2,,False,0,0,,1082,0,0,0.0,,,,gemini35flash
2026091262,rich_logistic,fixed_sequence,0.25,0.7,True,325,63,0.24795249657018886,1082,321,67,0.2966728280961183,0.2087227414330218,0.16557643343239345,0.25733583917315905,gemini35flash
2026091262,rich_logistic,bonferroni,0.25,0.78,True,194,28,0.24351477759725315,1082,187,33,0.17282809611829944,0.17647058823529413,0.12469726055570877,0.23880573389873283,gemini35flash
2026091262,rich_boost,fixed_sequence,0.1,,False,0,0,,1082,0,0,0.0,,,,gemini35flash
2026091262,rich_boost,bonferroni,0.1,,False,0,0,,1082,0,0,0.0,,,,gemini35flash
2026091262,rich_boost,fixed_sequence,0.14285714285714285,,False,0,0,,1082,0,0,0.0,,,,gemini35flash
2026091262,rich_boost,bonferroni,0.14285714285714285,,False,0,0,,1082,0,0,0.0,,,,gemini35flash
2026091262,rich_boost,fixed_sequence,0.2,,False,0,0,,1082,0,0,0.0,,,,gemini35flash
2026091262,rich_boost,bonferroni,0.2,,False,0,0,,1082,0,0,0.0,,,,gemini35flash
2026091262,rich_boost,fixed_sequence,0.25,0.73,True,261,48,0.2439800853051627,1082,252,51,0.23290203327171904,0.20238095238095238,0.1545565049330806,0.25735429239513624,gemini35flash
2026091262,rich_boost,bonferroni,0.25,,False,0,0,,1082,0,0,0.0,,,,gemini35flash
2026091263,raw_u,fixed_sequence,0.1,,False,0,0,,1082,0,0,0.0,,,,gemini35flash
2026091263,raw_u,bonferroni,0.1,,False,0,0,,1082,0,0,0.0,,,,gemini35flash
2026091263,raw_u,fixed_sequence,0.14285714285714285,,False,0,0,,1082,0,0,0.0,,,,gemini35flash
2026091263,raw_u,bonferroni,0.14285714285714285,,False,0,0,,1082,0,0,0.0,,,,gemini35flash
2026091263,raw_u,fixed_sequence,0.2,,False,0,0,,1082,0,0,0.0,,,,gemini35flash
2026091263,raw_u,bonferroni,0.2,,False,0,0,,1082,0,0,0.0,,,,gemini35flash
2026091263,raw_u,fixed_sequence,0.25,,False,0,0,,1082,0,0,0.0,,,,gemini35flash
2026091263,raw_u,bonferroni,0.25,,False,0,0,,1082,0,0,0.0,,,,gemini35flash
2026091263,u_boost,fixed_sequence,0.1,,False,0,0,,1082,0,0,0.0,,,,gemini35flash
2026091263,u_boost,bonferroni,0.1,,False,0,0,,1082,0,0,0.0,,,,gemini35flash
2026091263,u_boost,fixed_sequence,0.14285714285714285,,False,0,0,,1082,0,0,0.0,,,,gemini35flash
2026091263,u_boost,bonferroni,0.14285714285714285,,False,0,0,,1082,0,0,0.0,,,,gemini35flash
2026091263,u_boost,fixed_sequence,0.2,,False,0,0,,1082,0,0,0.0,,,,gemini35flash
2026091263,u_boost,bonferroni,0.2,,False,0,0,,1082,0,0,0.0,,,,gemini35flash
2026091263,u_boost,fixed_sequence,0.25,,False,0,0,,1082,0,0,0.0,,,,gemini35flash
2026091263,u_boost,bonferroni,0.25,,False,0,0,,1082,0,0,0.0,,,,gemini35flash
2026091263,rich_logistic,fixed_sequence,0.1,,False,0,0,,1082,0,0,0.0,,,,gemini35flash
2026091263,rich_logistic,bonferroni,0.1,,False,0,0,,1082,0,0,0.0,,,,gemini35flash
2026091263,rich_logistic,fixed_sequence,0.14285714285714285,,False,0,0,,1082,0,0,0.0,,,,gemini35flash
2026091263,rich_logistic,bonferroni,0.14285714285714285,,False,0,0,,1082,0,0,0.0,,,,gemini35flash
2026091263,rich_logistic,fixed_sequence,0.2,,False,0,0,,1082,0,0,0.0,,,,gemini35flash
2026091263,rich_logistic,bonferroni,0.2,,False,0,0,,1082,0,0,0.0,,,,gemini35flash
2026091263,rich_logistic,fixed_sequence,0.25,,False,0,0,,1082,0,0,0.0,,,,gemini35flash
2026091263,rich_logistic,bonferroni,0.25,,False,0,0,,1082,0,0,0.0,,,,gemini35flash
2026091263,rich_boost,fixed_sequence,0.1,,False,0,0,,1082,0,0,0.0,,,,gemini35flash
2026091263,rich_boost,bonferroni,0.1,,False,0,0,,1082,0,0,0.0,,,,gemini35flash
2026091263,rich_boost,fixed_sequence,0.14285714285714285,,False,0,0,,1082,0,0,0.0,,,,gemini35flash
2026091263,rich_boost,bonferroni,0.14285714285714285,,False,0,0,,1082,0,0,0.0,,,,gemini35flash
2026091263,rich_boost,fixed_sequence,0.2,,False,0,0,,1082,0,0,0.0,,,,gemini35flash
2026091263,rich_boost,bonferroni,0.2,,False,0,0,,1082,0,0,0.0,,,,gemini35flash
2026091263,rich_boost,fixed_sequence,0.25,,False,0,0,,1082,0,0,0.0,,,,gemini35flash
2026091263,rich_boost,bonferroni,0.25,,False,0,0,,1082,0,0,0.0,,,,gemini35flash
2026091264,raw_u,fixed_sequence,0.1,,False,0,0,,1082,0,0,0.0,,,,gemini35flash
2026091264,raw_u,bonferroni,0.1,,False,0,0,,1082,0,0,0.0,,,,gemini35flash
2026091264,raw_u,fixed_sequence,0.14285714285714285,,False,0,0,,1082,0,0,0.0,,,,gemini35flash
2026091264,raw_u,bonferroni,0.14285714285714285,,False,0,0,,1082,0,0,0.0,,,,gemini35flash
2026091264,raw_u,fixed_sequence,0.2,,False,0,0,,1082,0,0,0.0,,,,gemini35flash
2026091264,raw_u,bonferroni,0.2,,False,0,0,,1082,0,0,0.0,,,,gemini35flash
2026091264,raw_u,fixed_sequence,0.25,0.91,True,172,29,0.2425411728828446,1082,161,27,0.1487985212569316,0.16770186335403728,0.1135207697835242,0.23453781915186683,gemini35flash
2026091264,raw_u,bonferroni,0.25,,False,0,0,,1082,0,0,0.0,,,,gemini35flash
2026091264,u_boost,fixed_sequence,0.1,,False,0,0,,1082,0,0,0.0,,,,gemini35flash
2026091264,u_boost,bonferroni,0.1,,False,0,0,,1082,0,0,0.0,,,,gemini35flash
2026091264,u_boost,fixed_sequence,0.14285714285714285,,False,0,0,,1082,0,0,0.0,,,,gemini35flash
2026091264,u_boost,bonferroni,0.14285714285714285,,False,0,0,,1082,0,0,0.0,,,,gemini35flash
2026091264,u_boost,fixed_sequence,0.2,,False,0,0,,1082,0,0,0.0,,,,gemini35flash
2026091264,u_boost,bonferroni,0.2,,False,0,0,,1082,0,0,0.0,,,,gemini35flash
2026091264,u_boost,fixed_sequence,0.25,0.79,True,172,29,0.2425411728828446,1082,161,27,0.1487985212569316,0.16770186335403728,0.1135207697835242,0.23453781915186683,gemini35flash
2026091264,u_boost,bonferroni,0.25,,False,0,0,,1082,0,0,0.0,,,,gemini35flash
2026091264,rich_logistic,fixed_sequence,0.1,,False,0,0,,1082,0,0,0.0,,,,gemini35flash
2026091264,rich_logistic,bonferroni,0.1,,False,0,0,,1082,0,0,0.0,,,,gemini35flash
2026091264,rich_logistic,fixed_sequence,0.14285714285714285,,False,0,0,,1082,0,0,0.0,,,,gemini35flash
2026091264,rich_logistic,bonferroni,0.14285714285714285,,False,0,0,,1082,0,0,0.0,,,,gemini35flash
2026091264,rich_logistic,fixed_sequence,0.2,,False,0,0,,1082,0,0,0.0,,,,gemini35flash
2026091264,rich_logistic,bonferroni,0.2,,False,0,0,,1082,0,0,0.0,,,,gemini35flash
2026091264,rich_logistic,fixed_sequence,0.25,0.73,True,232,40,0.23532344347279968,1082,228,42,0.21072088724584104,0.18421052631578946,0.13610623230185606,0.24072917706394345,gemini35flash
2026091264,rich_logistic,bonferroni,0.25,,False,0,0,,1082,0,0,0.0,,,,gemini35flash
2026091264,rich_boost,fixed_sequence,0.1,,False,0,0,,1082,0,0,0.0,,,,gemini35flash
2026091264,rich_boost,bonferroni,0.1,,False,0,0,,1082,0,0,0.0,,,,gemini35flash
2026091264,rich_boost,fixed_sequence,0.14285714285714285,,False,0,0,,1082,0,0,0.0,,,,gemini35flash
2026091264,rich_boost,bonferroni,0.14285714285714285,,False,0,0,,1082,0,0,0.0,,,,gemini35flash
2026091264,rich_boost,fixed_sequence,0.2,,False,0,0,,1082,0,0,0.0,,,,gemini35flash
2026091264,rich_boost,bonferroni,0.2,,False,0,0,,1082,0,0,0.0,,,,gemini35flash
2026091264,rich_boost,fixed_sequence,0.25,0.77,True,222,40,0.2454925870287004,1082,220,39,0.2033271719038817,0.17727272727272728,0.12919941083582112,0.234271129420443,gemini35flash
2026091264,rich_boost,bonferroni,0.25,,False,0,0,,1082,0,0,0.0,,,,gemini35flash
2026091265,raw_u,fixed_sequence,0.1,,False,0,0,,1082,0,0,0.0,,,,gemini35flash
2026091265,raw_u,bonferroni,0.1,,False,0,0,,1082,0,0,0.0,,,,gemini35flash
2026091265,raw_u,fixed_sequence,0.14285714285714285,,False,0,0,,1082,0,0,0.0,,,,gemini35flash
2026091265,raw_u,bonferroni,0.14285714285714285,,False,0,0,,1082,0,0,0.0,,,,gemini35flash
2026091265,raw_u,fixed_sequence,0.2,,False,0,0,,1082,0,0,0.0,,,,gemini35flash
2026091265,raw_u,bonferroni,0.2,,False,0,0,,1082,0,0,0.0,,,,gemini35flash
2026091265,raw_u,fixed_sequence,0.25,,False,0,0,,1082,0,0,0.0,,,,gemini35flash
2026091265,raw_u,bonferroni,0.25,,False,0,0,,1082,0,0,0.0,,,,gemini35flash
2026091265,u_boost,fixed_sequence,0.1,,False,0,0,,1082,0,0,0.0,,,,gemini35flash
2026091265,u_boost,bonferroni,0.1,,False,0,0,,1082,0,0,0.0,,,,gemini35flash
2026091265,u_boost,fixed_sequence,0.14285714285714285,,False,0,0,,1082,0,0,0.0,,,,gemini35flash
2026091265,u_boost,bonferroni,0.14285714285714285,,False,0,0,,1082,0,0,0.0,,,,gemini35flash
2026091265,u_boost,fixed_sequence,0.2,,False,0,0,,1082,0,0,0.0,,,,gemini35flash
2026091265,u_boost,bonferroni,0.2,,False,0,0,,1082,0,0,0.0,,,,gemini35flash
2026091265,u_boost,fixed_sequence,0.25,,False,0,0,,1082,0,0,0.0,,,,gemini35flash
2026091265,u_boost,bonferroni,0.25,,False,0,0,,1082,0,0,0.0,,,,gemini35flash
2026091265,rich_logistic,fixed_sequence,0.1,,False,0,0,,1082,0,0,0.0,,,,gemini35flash
2026091265,rich_logistic,bonferroni,0.1,,False,0,0,,1082,0,0,0.0,,,,gemini35flash
2026091265,rich_logistic,fixed_sequence,0.14285714285714285,,False,0,0,,1082,0,0,0.0,,,,gemini35flash
2026091265,rich_logistic,bonferroni,0.14285714285714285,,False,0,0,,1082,0,0,0.0,,,,gemini35flash
2026091265,rich_logistic,fixed_sequence,0.2,,False,0,0,,1082,0,0,0.0,,,,gemini35flash
2026091265,rich_logistic,bonferroni,0.2,,False,0,0,,1082,0,0,0.0,,,,gemini35flash
2026091265,rich_logistic,fixed_sequence,0.25,,False,0,0,,1082,0,0,0.0,,,,gemini35flash
2026091265,rich_logistic,bonferroni,0.25,,False,0,0,,1082,0,0,0.0,,,,gemini35flash
2026091265,rich_boost,fixed_sequence,0.1,,False,0,0,,1082,0,0,0.0,,,,gemini35flash
2026091265,rich_boost,bonferroni,0.1,,False,0,0,,1082,0,0,0.0,,,,gemini35flash
2026091265,rich_boost,fixed_sequence,0.14285714285714285,,False,0,0,,1082,0,0,0.0,,,,gemini35flash
2026091265,rich_boost,bonferroni,0.14285714285714285,,False,0,0,,1082,0,0,0.0,,,,gemini35flash
2026091265,rich_boost,fixed_sequence,0.2,,False,0,0,,1082,0,0,0.0,,,,gemini35flash
2026091265,rich_boost,bonferroni,0.2,,False,0,0,,1082,0,0,0.0,,,,gemini35flash
2026091265,rich_boost,fixed_sequence,0.25,,False,0,0,,1082,0,0,0.0,,,,gemini35flash
2026091265,rich_boost,bonferroni,0.25,,False,0,0,,1082,0,0,0.0,,,,gemini35flash
2026091266,raw_u,fixed_sequence,0.1,,False,0,0,,1082,0,0,0.0,,,,gemini35flash
2026091266,raw_u,bonferroni,0.1,,False,0,0,,1082,0,0,0.0,,,,gemini35flash
2026091266,raw_u,fixed_sequence,0.14285714285714285,,False,0,0,,1082,0,0,0.0,,,,gemini35flash
2026091266,raw_u,bonferroni,0.14285714285714285,,False,0,0,,1082,0,0,0.0,,,,gemini35flash
2026091266,raw_u,fixed_sequence,0.2,,False,0,0,,1082,0,0,0.0,,,,gemini35flash
2026091266,raw_u,bonferroni,0.2,,False,0,0,,1082,0,0,0.0,,,,gemini35flash
2026091266,raw_u,fixed_sequence,0.25,0.91,True,143,24,0.24984457974289842,1082,192,31,0.17744916820702403,0.16145833333333334,0.11241672322869593,0.22127990417556248,gemini35flash
2026091266,raw_u,bonferroni,0.25,,False,0,0,,1082,0,0,0.0,,,,gemini35flash
2026091266,u_boost,fixed_sequence,0.1,,False,0,0,,1082,0,0,0.0,,,,gemini35flash
2026091266,u_boost,bonferroni,0.1,,False,0,0,,1082,0,0,0.0,,,,gemini35flash
2026091266,u_boost,fixed_sequence,0.14285714285714285,,False,0,0,,1082,0,0,0.0,,,,gemini35flash
2026091266,u_boost,bonferroni,0.14285714285714285,,False,0,0,,1082,0,0,0.0,,,,gemini35flash
2026091266,u_boost,fixed_sequence,0.2,,False,0,0,,1082,0,0,0.0,,,,gemini35flash
2026091266,u_boost,bonferroni,0.2,,False,0,0,,1082,0,0,0.0,,,,gemini35flash
2026091266,u_boost,fixed_sequence,0.25,0.74,True,143,24,0.24984457974289842,1082,192,31,0.17744916820702403,0.16145833333333334,0.11241672322869593,0.22127990417556248,gemini35flash
2026091266,u_boost,bonferroni,0.25,,False,0,0,,1082,0,0,0.0,,,,gemini35flash
2026091266,rich_logistic,fixed_sequence,0.1,,False,0,0,,1082,0,0,0.0,,,,gemini35flash
2026091266,rich_logistic,bonferroni,0.1,,False,0,0,,1082,0,0,0.0,,,,gemini35flash
2026091266,rich_logistic,fixed_sequence,0.14285714285714285,,False,0,0,,1082,0,0,0.0,,,,gemini35flash
2026091266,rich_logistic,bonferroni,0.14285714285714285,,False,0,0,,1082,0,0,0.0,,,,gemini35flash
2026091266,rich_logistic,fixed_sequence,0.2,,False,0,0,,1082,0,0,0.0,,,,gemini35flash
2026091266,rich_logistic,bonferroni,0.2,,False,0,0,,1082,0,0,0.0,,,,gemini35flash
2026091266,rich_logistic,fixed_sequence,0.25,0.75,True,189,31,0.23356660681627864,1082,248,43,0.22920517560073936,0.17338709677419356,0.1284141412238181,0.22635759566650615,gemini35flash
2026091266,rich_logistic,bonferroni,0.25,,False,0,0,,1082,0,0,0.0,,,,gemini35flash
2026091266,rich_boost,fixed_sequence,0.1,,False,0,0,,1082,0,0,0.0,,,,gemini35flash
2026091266,rich_boost,bonferroni,0.1,,False,0,0,,1082,0,0,0.0,,,,gemini35flash
2026091266,rich_boost,fixed_sequence,0.14285714285714285,,False,0,0,,1082,0,0,0.0,,,,gemini35flash
2026091266,rich_boost,bonferroni,0.14285714285714285,,False,0,0,,1082,0,0,0.0,,,,gemini35flash
2026091266,rich_boost,fixed_sequence,0.2,,False,0,0,,1082,0,0,0.0,,,,gemini35flash
2026091266,rich_boost,bonferroni,0.2,,False,0,0,,1082,0,0,0.0,,,,gemini35flash
2026091266,rich_boost,fixed_sequence,0.25,0.73,True,201,34,0.23693727747362728,1082,262,44,0.24214417744916822,0.16793893129770993,0.12475523621112569,0.21881579277367152,gemini35flash
2026091266,rich_boost,bonferroni,0.25,,False,0,0,,1082,0,0,0.0,,,,gemini35flash
2026091267,raw_u,fixed_sequence,0.1,,False,0,0,,1082,0,0,0.0,,,,gemini35flash
2026091267,raw_u,bonferroni,0.1,,False,0,0,,1082,0,0,0.0,,,,gemini35flash
2026091267,raw_u,fixed_sequence,0.14285714285714285,,False,0,0,,1082,0,0,0.0,,,,gemini35flash
2026091267,raw_u,bonferroni,0.14285714285714285,,False,0,0,,1082,0,0,0.0,,,,gemini35flash
2026091267,raw_u,fixed_sequence,0.2,,False,0,0,,1082,0,0,0.0,,,,gemini35flash
2026091267,raw_u,bonferroni,0.2,,False,0,0,,1082,0,0,0.0,,,,gemini35flash
2026091267,raw_u,fixed_sequence,0.25,0.91,True,162,26,0.2359214232400403,1082,171,26,0.15804066543438078,0.15204678362573099,0.10178972015835963,0.21479391608012913,gemini35flash
2026091267,raw_u,bonferroni,0.25,,False,0,0,,1082,0,0,0.0,,,,gemini35flash
2026091267,u_boost,fixed_sequence,0.1,,False,0,0,,1082,0,0,0.0,,,,gemini35flash
2026091267,u_boost,bonferroni,0.1,,False,0,0,,1082,0,0,0.0,,,,gemini35flash
2026091267,u_boost,fixed_sequence,0.14285714285714285,,False,0,0,,1082,0,0,0.0,,,,gemini35flash
2026091267,u_boost,bonferroni,0.14285714285714285,,False,0,0,,1082,0,0,0.0,,,,gemini35flash
2026091267,u_boost,fixed_sequence,0.2,,False,0,0,,1082,0,0,0.0,,,,gemini35flash
2026091267,u_boost,bonferroni,0.2,,False,0,0,,1082,0,0,0.0,,,,gemini35flash
2026091267,u_boost,fixed_sequence,0.25,,False,0,0,,1082,0,0,0.0,,,,gemini35flash
2026091267,u_boost,bonferroni,0.25,,False,0,0,,1082,0,0,0.0,,,,gemini35flash
2026091267,rich_logistic,fixed_sequence,0.1,,False,0,0,,1082,0,0,0.0,,,,gemini35flash
2026091267,rich_logistic,bonferroni,0.1,,False,0,0,,1082,0,0,0.0,,,,gemini35flash
2026091267,rich_logistic,fixed_sequence,0.14285714285714285,,False,0,0,,1082,0,0,0.0,,,,gemini35flash
2026091267,rich_logistic,bonferroni,0.14285714285714285,,False,0,0,,1082,0,0,0.0,,,,gemini35flash
2026091267,rich_logistic,fixed_sequence,0.2,,False,0,0,,1082,0,0,0.0,,,,gemini35flash
2026091267,rich_logistic,bonferroni,0.2,,False,0,0,,1082,0,0,0.0,,,,gemini35flash
2026091267,rich_logistic,fixed_sequence,0.25,0.74,True,210,34,0.22718859584337628,1082,226,37,0.2088724584103512,0.16371681415929204,0.11796759917071213,0.21852943447108597,gemini35flash
2026091267,rich_logistic,bonferroni,0.25,,False,0,0,,1082,0,0,0.0,,,,gemini35flash
2026091267,rich_boost,fixed_sequence,0.1,,False,0,0,,1082,0,0,0.0,,,,gemini35flash
2026091267,rich_boost,bonferroni,0.1,,False,0,0,,1082,0,0,0.0,,,,gemini35flash
2026091267,rich_boost,fixed_sequence,0.14285714285714285,,False,0,0,,1082,0,0,0.0,,,,gemini35flash
2026091267,rich_boost,bonferroni,0.14285714285714285,,False,0,0,,1082,0,0,0.0,,,,gemini35flash
2026091267,rich_boost,fixed_sequence,0.2,,False,0,0,,1082,0,0,0.0,,,,gemini35flash
2026091267,rich_boost,bonferroni,0.2,,False,0,0,,1082,0,0,0.0,,,,gemini35flash
2026091267,rich_boost,fixed_sequence,0.25,0.78,True,167,27,0.2359656153761092,1082,173,26,0.1598890942698706,0.15028901734104047,0.10058304458592784,0.2124034579262424,gemini35flash
2026091267,rich_boost,bonferroni,0.25,,False,0,0,,1082,0,0,0.0,,,,gemini35flash
2026091268,raw_u,fixed_sequence,0.1,,False,0,0,,1082,0,0,0.0,,,,gemini35flash
2026091268,raw_u,bonferroni,0.1,,False,0,0,,1082,0,0,0.0,,,,gemini35flash
2026091268,raw_u,fixed_sequence,0.14285714285714285,,False,0,0,,1082,0,0,0.0,,,,gemini35flash
2026091268,raw_u,bonferroni,0.14285714285714285,,False,0,0,,1082,0,0,0.0,,,,gemini35flash
2026091268,raw_u,fixed_sequence,0.2,,False,0,0,,1082,0,0,0.0,,,,gemini35flash
2026091268,raw_u,bonferroni,0.2,,False,0,0,,1082,0,0,0.0,,,,gemini35flash
2026091268,raw_u,fixed_sequence,0.25,0.81,True,294,51,0.22874036648446538,1082,325,73,0.300369685767098,0.2246153846153846,0.18039742914265963,0.273931556377996,gemini35flash
2026091268,raw_u,bonferroni,0.25,,False,0,0,,1082,0,0,0.0,,,,gemini35flash
2026091268,u_boost,fixed_sequence,0.1,,False,0,0,,1082,0,0,0.0,,,,gemini35flash
2026091268,u_boost,bonferroni,0.1,,False,0,0,,1082,0,0,0.0,,,,gemini35flash
2026091268,u_boost,fixed_sequence,0.14285714285714285,,False,0,0,,1082,0,0,0.0,,,,gemini35flash
2026091268,u_boost,bonferroni,0.14285714285714285,,False,0,0,,1082,0,0,0.0,,,,gemini35flash
2026091268,u_boost,fixed_sequence,0.2,,False,0,0,,1082,0,0,0.0,,,,gemini35flash
2026091268,u_boost,bonferroni,0.2,,False,0,0,,1082,0,0,0.0,,,,gemini35flash
2026091268,u_boost,fixed_sequence,0.25,0.69,True,294,51,0.22874036648446538,1082,325,73,0.300369685767098,0.2246153846153846,0.18039742914265963,0.273931556377996,gemini35flash
2026091268,u_boost,bonferroni,0.25,,False,0,0,,1082,0,0,0.0,,,,gemini35flash
2026091268,rich_logistic,fixed_sequence,0.1,,False,0,0,,1082,0,0,0.0,,,,gemini35flash
2026091268,rich_logistic,bonferroni,0.1,,False,0,0,,1082,0,0,0.0,,,,gemini35flash
2026091268,rich_logistic,fixed_sequence,0.14285714285714285,,False,0,0,,1082,0,0,0.0,,,,gemini35flash
2026091268,rich_logistic,bonferroni,0.14285714285714285,,False,0,0,,1082,0,0,0.0,,,,gemini35flash
2026091268,rich_logistic,fixed_sequence,0.2,,False,0,0,,1082,0,0,0.0,,,,gemini35flash
2026091268,rich_logistic,bonferroni,0.2,,False,0,0,,1082,0,0,0.0,,,,gemini35flash
2026091268,rich_logistic,fixed_sequence,0.25,0.71,True,300,49,0.21697726071575502,1082,324,71,0.29944547134935307,0.2191358024691358,0.17529960460577843,0.268189870396494,gemini35flash
2026091268,rich_logistic,bonferroni,0.25,0.71,True,300,49,0.24355816629308383,1082,324,71,0.29944547134935307,0.2191358024691358,0.17529960460577843,0.268189870396494,gemini35flash
2026091268,rich_boost,fixed_sequence,0.1,,False,0,0,,1082,0,0,0.0,,,,gemini35flash
2026091268,rich_boost,bonferroni,0.1,,False,0,0,,1082,0,0,0.0,,,,gemini35flash
2026091268,rich_boost,fixed_sequence,0.14285714285714285,,False,0,0,,1082,0,0,0.0,,,,gemini35flash
2026091268,rich_boost,bonferroni,0.14285714285714285,,False,0,0,,1082,0,0,0.0,,,,gemini35flash
2026091268,rich_boost,fixed_sequence,0.2,,False,0,0,,1082,0,0,0.0,,,,gemini35flash
2026091268,rich_boost,bonferroni,0.2,,False,0,0,,1082,0,0,0.0,,,,gemini35flash
2026091268,rich_boost,fixed_sequence,0.25,0.64,True,411,79,0.2397235727087404,1082,434,108,0.4011090573012939,0.2488479262672811,0.20885173156414402,0.29230614627768553,gemini35flash
2026091268,rich_boost,bonferroni,0.25,0.65,True,366,64,0.24815681364936065,1082,377,89,0.34842883548983367,0.23607427055702918,0.1940995241012806,0.28224852977946585,gemini35flash
2026091269,raw_u,fixed_sequence,0.1,,False,0,0,,1082,0,0,0.0,,,,gemini35flash
2026091269,raw_u,bonferroni,0.1,,False,0,0,,1082,0,0,0.0,,,,gemini35flash
2026091269,raw_u,fixed_sequence,0.14285714285714285,,False,0,0,,1082,0,0,0.0,,,,gemini35flash
2026091269,raw_u,bonferroni,0.14285714285714285,,False,0,0,,1082,0,0,0.0,,,,gemini35flash
2026091269,raw_u,fixed_sequence,0.2,,False,0,0,,1082,0,0,0.0,,,,gemini35flash
2026091269,raw_u,bonferroni,0.2,,False,0,0,,1082,0,0,0.0,,,,gemini35flash
2026091269,raw_u,fixed_sequence,0.25,0.8571428571428571,True,210,28,0.19485075264321267,1082,187,32,0.17282809611829944,0.1711229946524064,0.12009006661070896,0.23289974535101662,gemini35flash
2026091269,raw_u,bonferroni,0.25,0.81,True,329,56,0.24734297624513954,1082,297,60,0.2744916820702403,0.20202020202020202,0.15784911041278255,0.2522469520406429,gemini35flash
2026091269,u_boost,fixed_sequence,0.1,,False,0,0,,1082,0,0,0.0,,,,gemini35flash
2026091269,u_boost,bonferroni,0.1,,False,0,0,,1082,0,0,0.0,,,,gemini35flash
2026091269,u_boost,fixed_sequence,0.14285714285714285,,False,0,0,,1082,0,0,0.0,,,,gemini35flash
2026091269,u_boost,bonferroni,0.14285714285714285,,False,0,0,,1082,0,0,0.0,,,,gemini35flash
2026091269,u_boost,fixed_sequence,0.2,,False,0,0,,1082,0,0,0.0,,,,gemini35flash
2026091269,u_boost,bonferroni,0.2,,False,0,0,,1082,0,0,0.0,,,,gemini35flash
2026091269,u_boost,fixed_sequence,0.25,0.67,True,367,68,0.23523728647121228,1082,333,72,0.3077634011090573,0.21621621621621623,0.1731967301952309,0.26436406359429027,gemini35flash
2026091269,u_boost,bonferroni,0.25,0.74,True,222,33,0.24120875160147986,1082,196,36,0.18114602587800369,0.1836734693877551,0.13208288016355255,0.24509860659251143,gemini35flash
2026091269,rich_logistic,fixed_sequence,0.1,,False,0,0,,1082,0,0,0.0,,,,gemini35flash
2026091269,rich_logistic,bonferroni,0.1,,False,0,0,,1082,0,0,0.0,,,,gemini35flash
2026091269,rich_logistic,fixed_sequence,0.14285714285714285,,False,0,0,,1082,0,0,0.0,,,,gemini35flash
2026091269,rich_logistic,bonferroni,0.14285714285714285,,False,0,0,,1082,0,0,0.0,,,,gemini35flash
2026091269,rich_logistic,fixed_sequence,0.2,,False,0,0,,1082,0,0,0.0,,,,gemini35flash
2026091269,rich_logistic,bonferroni,0.2,,False,0,0,,1082,0,0,0.0,,,,gemini35flash
2026091269,rich_logistic,fixed_sequence,0.25,,False,0,0,,1082,0,0,0.0,,,,gemini35flash
2026091269,rich_logistic,bonferroni,0.25,0.74,True,241,33,0.22317853872959298,1082,213,39,0.19685767097966728,0.18309859154929578,0.1335597889726383,0.24168912208610438,gemini35flash
2026091269,rich_boost,fixed_sequence,0.1,,False,0,0,,1082,0,0,0.0,,,,gemini35flash
2026091269,rich_boost,bonferroni,0.1,,False,0,0,,1082,0,0,0.0,,,,gemini35flash
2026091269,rich_boost,fixed_sequence,0.14285714285714285,,False,0,0,,1082,0,0,0.0,,,,gemini35flash
2026091269,rich_boost,bonferroni,0.14285714285714285,,False,0,0,,1082,0,0,0.0,,,,gemini35flash
2026091269,rich_boost,fixed_sequence,0.2,,False,0,0,,1082,0,0,0.0,,,,gemini35flash
2026091269,rich_boost,bonferroni,0.2,,False,0,0,,1082,0,0,0.0,,,,gemini35flash
2026091269,rich_boost,fixed_sequence,0.25,0.71,True,250,37,0.20557588690073303,1082,225,42,0.20794824399260628,0.18666666666666668,0.13796949634479982,0.24382400546140892,gemini35flash
2026091269,rich_boost,bonferroni,0.25,0.7,True,327,54,0.2418457037240409,1082,289,56,0.26709796672828096,0.19377162629757785,0.14982039459168006,0.2441259850914739,gemini35flash
2026091270,raw_u,fixed_sequence,0.1,,False,0,0,,1082,0,0,0.0,,,,gemini35flash
2026091270,raw_u,bonferroni,0.1,,False,0,0,,1082,0,0,0.0,,,,gemini35flash
2026091270,raw_u,fixed_sequence,0.14285714285714285,,False,0,0,,1082,0,0,0.0,,,,gemini35flash
2026091270,raw_u,bonferroni,0.14285714285714285,,False,0,0,,1082,0,0,0.0,,,,gemini35flash
2026091270,raw_u,fixed_sequence,0.2,,False,0,0,,1082,0,0,0.0,,,,gemini35flash
2026091270,raw_u,bonferroni,0.2,,False,0,0,,1082,0,0,0.0,,,,gemini35flash
2026091270,raw_u,fixed_sequence,0.25,,False,0,0,,1082,0,0,0.0,,,,gemini35flash
2026091270,raw_u,bonferroni,0.25,,False,0,0,,1082,0,0,0.0,,,,gemini35flash
2026091270,u_boost,fixed_sequence,0.1,,False,0,0,,1082,0,0,0.0,,,,gemini35flash
2026091270,u_boost,bonferroni,0.1,,False,0,0,,1082,0,0,0.0,,,,gemini35flash
2026091270,u_boost,fixed_sequence,0.14285714285714285,,False,0,0,,1082,0,0,0.0,,,,gemini35flash
2026091270,u_boost,bonferroni,0.14285714285714285,,False,0,0,,1082,0,0,0.0,,,,gemini35flash
2026091270,u_boost,fixed_sequence,0.2,,False,0,0,,1082,0,0,0.0,,,,gemini35flash
2026091270,u_boost,bonferroni,0.2,,False,0,0,,1082,0,0,0.0,,,,gemini35flash
2026091270,u_boost,fixed_sequence,0.25,,False,0,0,,1082,0,0,0.0,,,,gemini35flash
2026091270,u_boost,bonferroni,0.25,,False,0,0,,1082,0,0,0.0,,,,gemini35flash
2026091270,rich_logistic,fixed_sequence,0.1,,False,0,0,,1082,0,0,0.0,,,,gemini35flash
2026091270,rich_logistic,bonferroni,0.1,,False,0,0,,1082,0,0,0.0,,,,gemini35flash
2026091270,rich_logistic,fixed_sequence,0.14285714285714285,,False,0,0,,1082,0,0,0.0,,,,gemini35flash
2026091270,rich_logistic,bonferroni,0.14285714285714285,,False,0,0,,1082,0,0,0.0,,,,gemini35flash
2026091270,rich_logistic,fixed_sequence,0.2,,False,0,0,,1082,0,0,0.0,,,,gemini35flash
2026091270,rich_logistic,bonferroni,0.2,,False,0,0,,1082,0,0,0.0,,,,gemini35flash
2026091270,rich_logistic,fixed_sequence,0.25,,False,0,0,,1082,0,0,0.0,,,,gemini35flash
2026091270,rich_logistic,bonferroni,0.25,,False,0,0,,1082,0,0,0.0,,,,gemini35flash
2026091270,rich_boost,fixed_sequence,0.1,,False,0,0,,1082,0,0,0.0,,,,gemini35flash
2026091270,rich_boost,bonferroni,0.1,,False,0,0,,1082,0,0,0.0,,,,gemini35flash
2026091270,rich_boost,fixed_sequence,0.14285714285714285,,False,0,0,,1082,0,0,0.0,,,,gemini35flash
2026091270,rich_boost,bonferroni,0.14285714285714285,,False,0,0,,1082,0,0,0.0,,,,gemini35flash
2026091270,rich_boost,fixed_sequence,0.2,,False,0,0,,1082,0,0,0.0,,,,gemini35flash
2026091270,rich_boost,bonferroni,0.2,,False,0,0,,1082,0,0,0.0,,,,gemini35flash
2026091270,rich_boost,fixed_sequence,0.25,,False,0,0,,1082,0,0,0.0,,,,gemini35flash
2026091270,rich_boost,bonferroni,0.25,,False,0,0,,1082,0,0,0.0,,,,gemini35flash
2026091271,raw_u,fixed_sequence,0.1,,False,0,0,,1082,0,0,0.0,,,,gemini35flash
2026091271,raw_u,bonferroni,0.1,,False,0,0,,1082,0,0,0.0,,,,gemini35flash
2026091271,raw_u,fixed_sequence,0.14285714285714285,,False,0,0,,1082,0,0,0.0,,,,gemini35flash
2026091271,raw_u,bonferroni,0.14285714285714285,,False,0,0,,1082,0,0,0.0,,,,gemini35flash
2026091271,raw_u,fixed_sequence,0.2,,False,0,0,,1082,0,0,0.0,,,,gemini35flash
2026091271,raw_u,bonferroni,0.2,,False,0,0,,1082,0,0,0.0,,,,gemini35flash
2026091271,raw_u,fixed_sequence,0.25,,False,0,0,,1082,0,0,0.0,,,,gemini35flash
2026091271,raw_u,bonferroni,0.25,,False,0,0,,1082,0,0,0.0,,,,gemini35flash
2026091271,u_boost,fixed_sequence,0.1,,False,0,0,,1082,0,0,0.0,,,,gemini35flash
2026091271,u_boost,bonferroni,0.1,,False,0,0,,1082,0,0,0.0,,,,gemini35flash
2026091271,u_boost,fixed_sequence,0.14285714285714285,,False,0,0,,1082,0,0,0.0,,,,gemini35flash
2026091271,u_boost,bonferroni,0.14285714285714285,,False,0,0,,1082,0,0,0.0,,,,gemini35flash
2026091271,u_boost,fixed_sequence,0.2,,False,0,0,,1082,0,0,0.0,,,,gemini35flash
2026091271,u_boost,bonferroni,0.2,,False,0,0,,1082,0,0,0.0,,,,gemini35flash
2026091271,u_boost,fixed_sequence,0.25,,False,0,0,,1082,0,0,0.0,,,,gemini35flash
2026091271,u_boost,bonferroni,0.25,,False,0,0,,1082,0,0,0.0,,,,gemini35flash
2026091271,rich_logistic,fixed_sequence,0.1,,False,0,0,,1082,0,0,0.0,,,,gemini35flash
2026091271,rich_logistic,bonferroni,0.1,,False,0,0,,1082,0,0,0.0,,,,gemini35flash
2026091271,rich_logistic,fixed_sequence,0.14285714285714285,,False,0,0,,1082,0,0,0.0,,,,gemini35flash
2026091271,rich_logistic,bonferroni,0.14285714285714285,,False,0,0,,1082,0,0,0.0,,,,gemini35flash
2026091271,rich_logistic,fixed_sequence,0.2,,False,0,0,,1082,0,0,0.0,,,,gemini35flash
2026091271,rich_logistic,bonferroni,0.2,,False,0,0,,1082,0,0,0.0,,,,gemini35flash
2026091271,rich_logistic,fixed_sequence,0.25,0.78,True,176,30,0.2436634948696772,1082,175,25,0.16173752310536044,0.14285714285714285,0.09463197617459708,0.20362274058431967,gemini35flash
2026091271,rich_logistic,bonferroni,0.25,,False,0,0,,1082,0,0,0.0,,,,gemini35flash
2026091271,rich_boost,fixed_sequence,0.1,,False,0,0,,1082,0,0,0.0,,,,gemini35flash
2026091271,rich_boost,bonferroni,0.1,,False,0,0,,1082,0,0,0.0,,,,gemini35flash
2026091271,rich_boost,fixed_sequence,0.14285714285714285,,False,0,0,,1082,0,0,0.0,,,,gemini35flash
2026091271,rich_boost,bonferroni,0.14285714285714285,,False,0,0,,1082,0,0,0.0,,,,gemini35flash
2026091271,rich_boost,fixed_sequence,0.2,,False,0,0,,1082,0,0,0.0,,,,gemini35flash
2026091271,rich_boost,bonferroni,0.2,,False,0,0,,1082,0,0,0.0,,,,gemini35flash
2026091271,rich_boost,fixed_sequence,0.25,,False,0,0,,1082,0,0,0.0,,,,gemini35flash
2026091271,rich_boost,bonferroni,0.25,,False,0,0,,1082,0,0,0.0,,,,gemini35flash
2026091272,raw_u,fixed_sequence,0.1,,False,0,0,,1082,0,0,0.0,,,,gemini35flash
2026091272,raw_u,bonferroni,0.1,,False,0,0,,1082,0,0,0.0,,,,gemini35flash
2026091272,raw_u,fixed_sequence,0.14285714285714285,,False,0,0,,1082,0,0,0.0,,,,gemini35flash
2026091272,raw_u,bonferroni,0.14285714285714285,,False,0,0,,1082,0,0,0.0,,,,gemini35flash
2026091272,raw_u,fixed_sequence,0.2,0.91,True,178,20,0.17654545186542128,1082,158,27,0.14602587800369685,0.17088607594936708,0.11573842223563502,0.23880462110747433,gemini35flash
2026091272,raw_u,bonferroni,0.2,,False,0,0,,1082,0,0,0.0,,,,gemini35flash
2026091272,raw_u,fixed_sequence,0.25,0.91,True,178,20,0.17654545186542128,1082,158,27,0.14602587800369685,0.17088607594936708,0.11573842223563502,0.23880462110747433,gemini35flash
2026091272,raw_u,bonferroni,0.25,0.8571428571428571,True,202,29,0.2403242809492269,1082,189,33,0.17467652495378927,0.1746031746031746,0.12334159506534041,0.23637531380710117,gemini35flash
2026091272,u_boost,fixed_sequence,0.1,,False,0,0,,1082,0,0,0.0,,,,gemini35flash
2026091272,u_boost,bonferroni,0.1,,False,0,0,,1082,0,0,0.0,,,,gemini35flash
2026091272,u_boost,fixed_sequence,0.14285714285714285,,False,0,0,,1082,0,0,0.0,,,,gemini35flash
2026091272,u_boost,bonferroni,0.14285714285714285,,False,0,0,,1082,0,0,0.0,,,,gemini35flash
2026091272,u_boost,fixed_sequence,0.2,,False,0,0,,1082,0,0,0.0,,,,gemini35flash
2026091272,u_boost,bonferroni,0.2,,False,0,0,,1082,0,0,0.0,,,,gemini35flash
2026091272,u_boost,fixed_sequence,0.25,0.73,True,291,53,0.23854528223210095,1082,287,62,0.26524953789279115,0.21602787456445993,0.16982561769216292,0.26819920051505014,gemini35flash
2026091272,u_boost,bonferroni,0.25,0.78,True,178,20,0.20961769417495196,1082,158,27,0.14602587800369685,0.17088607594936708,0.11573842223563502,0.23880462110747433,gemini35flash
2026091272,rich_logistic,fixed_sequence,0.1,,False,0,0,,1082,0,0,0.0,,,,gemini35flash
2026091272,rich_logistic,bonferroni,0.1,,False,0,0,,1082,0,0,0.0,,,,gemini35flash
2026091272,rich_logistic,fixed_sequence,0.14285714285714285,,False,0,0,,1082,0,0,0.0,,,,gemini35flash
2026091272,rich_logistic,bonferroni,0.14285714285714285,,False,0,0,,1082,0,0,0.0,,,,gemini35flash
2026091272,rich_logistic,fixed_sequence,0.2,,False,0,0,,1082,0,0,0.0,,,,gemini35flash
2026091272,rich_logistic,bonferroni,0.2,,False,0,0,,1082,0,0,0.0,,,,gemini35flash
2026091272,rich_logistic,fixed_sequence,0.25,0.71,True,332,59,0.22979579729998467,1082,319,74,0.2948243992606285,0.23197492163009403,0.18676733753336056,0.2822369581671943,gemini35flash
2026091272,rich_logistic,bonferroni,0.25,0.72,True,301,48,0.23898544596619206,1082,285,64,0.2634011090573013,0.22456140350877193,0.17744902230437626,0.2775012482732471,gemini35flash
2026091272,rich_boost,fixed_sequence,0.1,,False,0,0,,1082,0,0,0.0,,,,gemini35flash
2026091272,rich_boost,bonferroni,0.1,,False,0,0,,1082,0,0,0.0,,,,gemini35flash
2026091272,rich_boost,fixed_sequence,0.14285714285714285,,False,0,0,,1082,0,0,0.0,,,,gemini35flash
2026091272,rich_boost,bonferroni,0.14285714285714285,,False,0,0,,1082,0,0,0.0,,,,gemini35flash
2026091272,rich_boost,fixed_sequence,0.2,,False,0,0,,1082,0,0,0.0,,,,gemini35flash
2026091272,rich_boost,bonferroni,0.2,,False,0,0,,1082,0,0,0.0,,,,gemini35flash
2026091272,rich_boost,fixed_sequence,0.25,0.71,True,308,51,0.2186810001009919,1082,300,68,0.27726432532347506,0.22666666666666666,0.180530816634269,0.27829084511223723,gemini35flash
2026091272,rich_boost,bonferroni,0.25,0.71,True,308,51,0.24495532478245766,1082,300,68,0.27726432532347506,0.22666666666666666,0.180530816634269,0.27829084511223723,gemini35flash
2026091273,raw_u,fixed_sequence,0.1,,False,0,0,,1082,0,0,0.0,,,,gemini35flash
2026091273,raw_u,bonferroni,0.1,,False,0,0,,1082,0,0,0.0,,,,gemini35flash
2026091273,raw_u,fixed_sequence,0.14285714285714285,,False,0,0,,1082,0,0,0.0,,,,gemini35flash
2026091273,raw_u,bonferroni,0.14285714285714285,,False,0,0,,1082,0,0,0.0,,,,gemini35flash
2026091273,raw_u,fixed_sequence,0.2,,False,0,0,,1082,0,0,0.0,,,,gemini35flash
2026091273,raw_u,bonferroni,0.2,,False,0,0,,1082,0,0,0.0,,,,gemini35flash
2026091273,raw_u,fixed_sequence,0.25,0.8571428571428571,True,177,30,0.24234886569661485,1082,184,29,0.17005545286506468,0.15760869565217392,0.10816524193871326,0.21844564760317123,gemini35flash
2026091273,raw_u,bonferroni,0.25,,False,0,0,,1082,0,0,0.0,,,,gemini35flash
2026091273,u_boost,fixed_sequence,0.1,,False,0,0,,1082,0,0,0.0,,,,gemini35flash
2026091273,u_boost,bonferroni,0.1,,False,0,0,,1082,0,0,0.0,,,,gemini35flash
2026091273,u_boost,fixed_sequence,0.14285714285714285,,False,0,0,,1082,0,0,0.0,,,,gemini35flash
2026091273,u_boost,bonferroni,0.14285714285714285,,False,0,0,,1082,0,0,0.0,,,,gemini35flash
2026091273,u_boost,fixed_sequence,0.2,,False,0,0,,1082,0,0,0.0,,,,gemini35flash
2026091273,u_boost,bonferroni,0.2,,False,0,0,,1082,0,0,0.0,,,,gemini35flash
2026091273,u_boost,fixed_sequence,0.25,0.73,True,155,24,0.23140656127141265,1082,156,22,0.14417744916820702,0.14102564102564102,0.09053835412183435,0.20569564217172245,gemini35flash
2026091273,u_boost,bonferroni,0.25,,False,0,0,,1082,0,0,0.0,,,,gemini35flash
2026091273,rich_logistic,fixed_sequence,0.1,,False,0,0,,1082,0,0,0.0,,,,gemini35flash
2026091273,rich_logistic,bonferroni,0.1,,False,0,0,,1082,0,0,0.0,,,,gemini35flash
2026091273,rich_logistic,fixed_sequence,0.14285714285714285,,False,0,0,,1082,0,0,0.0,,,,gemini35flash
2026091273,rich_logistic,bonferroni,0.14285714285714285,,False,0,0,,1082,0,0,0.0,,,,gemini35flash
2026091273,rich_logistic,fixed_sequence,0.2,,False,0,0,,1082,0,0,0.0,,,,gemini35flash
2026091273,rich_logistic,bonferroni,0.2,,False,0,0,,1082,0,0,0.0,,,,gemini35flash
2026091273,rich_logistic,fixed_sequence,0.25,0.7,True,299,56,0.24334058955679175,1082,317,63,0.2929759704251386,0.19873817034700317,0.1562288100456241,0.2469787422939255,gemini35flash
2026091273,rich_logistic,bonferroni,0.25,0.72,True,208,31,0.2451820664925299,1082,227,40,0.2097966728280961,0.1762114537444934,0.12897266045582878,0.23212426049302262,gemini35flash
2026091273,rich_boost,fixed_sequence,0.1,,False,0,0,,1082,0,0,0.0,,,,gemini35flash
2026091273,rich_boost,bonferroni,0.1,,False,0,0,,1082,0,0,0.0,,,,gemini35flash
2026091273,rich_boost,fixed_sequence,0.14285714285714285,,False,0,0,,1082,0,0,0.0,,,,gemini35flash
2026091273,rich_boost,bonferroni,0.14285714285714285,,False,0,0,,1082,0,0,0.0,,,,gemini35flash
2026091273,rich_boost,fixed_sequence,0.2,,False,0,0,,1082,0,0,0.0,,,,gemini35flash
2026091273,rich_boost,bonferroni,0.2,,False,0,0,,1082,0,0,0.0,,,,gemini35flash
2026091273,rich_boost,fixed_sequence,0.25,0.69,True,311,60,0.2482692310135776,1082,335,66,0.3096118299445471,0.19701492537313434,0.15577413085687886,0.24370566569514224,gemini35flash
2026091273,rich_boost,bonferroni,0.25,,False,0,0,,1082,0,0,0.0,,,,gemini35flash
2026091274,raw_u,fixed_sequence,0.1,,False,0,0,,1082,0,0,0.0,,,,gemini35flash
2026091274,raw_u,bonferroni,0.1,,False,0,0,,1082,0,0,0.0,,,,gemini35flash
2026091274,raw_u,fixed_sequence,0.14285714285714285,,False,0,0,,1082,0,0,0.0,,,,gemini35flash
2026091274,raw_u,bonferroni,0.14285714285714285,,False,0,0,,1082,0,0,0.0,,,,gemini35flash
2026091274,raw_u,fixed_sequence,0.2,,False,0,0,,1082,0,0,0.0,,,,gemini35flash
2026091274,raw_u,bonferroni,0.2,,False,0,0,,1082,0,0,0.0,,,,gemini35flash
2026091274,raw_u,fixed_sequence,0.25,,False,0,0,,1082,0,0,0.0,,,,gemini35flash
2026091274,raw_u,bonferroni,0.25,,False,0,0,,1082,0,0,0.0,,,,gemini35flash
2026091274,u_boost,fixed_sequence,0.1,,False,0,0,,1082,0,0,0.0,,,,gemini35flash
2026091274,u_boost,bonferroni,0.1,,False,0,0,,1082,0,0,0.0,,,,gemini35flash
2026091274,u_boost,fixed_sequence,0.14285714285714285,,False,0,0,,1082,0,0,0.0,,,,gemini35flash
2026091274,u_boost,bonferroni,0.14285714285714285,,False,0,0,,1082,0,0,0.0,,,,gemini35flash
2026091274,u_boost,fixed_sequence,0.2,,False,0,0,,1082,0,0,0.0,,,,gemini35flash
2026091274,u_boost,bonferroni,0.2,,False,0,0,,1082,0,0,0.0,,,,gemini35flash
2026091274,u_boost,fixed_sequence,0.25,,False,0,0,,1082,0,0,0.0,,,,gemini35flash
2026091274,u_boost,bonferroni,0.25,,False,0,0,,1082,0,0,0.0,,,,gemini35flash
2026091274,rich_logistic,fixed_sequence,0.1,,False,0,0,,1082,0,0,0.0,,,,gemini35flash
2026091274,rich_logistic,bonferroni,0.1,,False,0,0,,1082,0,0,0.0,,,,gemini35flash
2026091274,rich_logistic,fixed_sequence,0.14285714285714285,,False,0,0,,1082,0,0,0.0,,,,gemini35flash
2026091274,rich_logistic,bonferroni,0.14285714285714285,,False,0,0,,1082,0,0,0.0,,,,gemini35flash
2026091274,rich_logistic,fixed_sequence,0.2,,False,0,0,,1082,0,0,0.0,,,,gemini35flash
2026091274,rich_logistic,bonferroni,0.2,,False,0,0,,1082,0,0,0.0,,,,gemini35flash
2026091274,rich_logistic,fixed_sequence,0.25,,False,0,0,,1082,0,0,0.0,,,,gemini35flash
2026091274,rich_logistic,bonferroni,0.25,,False,0,0,,1082,0,0,0.0,,,,gemini35flash
2026091274,rich_boost,fixed_sequence,0.1,,False,0,0,,1082,0,0,0.0,,,,gemini35flash
2026091274,rich_boost,bonferroni,0.1,,False,0,0,,1082,0,0,0.0,,,,gemini35flash
2026091274,rich_boost,fixed_sequence,0.14285714285714285,,False,0,0,,1082,0,0,0.0,,,,gemini35flash
2026091274,rich_boost,bonferroni,0.14285714285714285,,False,0,0,,1082,0,0,0.0,,,,gemini35flash
2026091274,rich_boost,fixed_sequence,0.2,,False,0,0,,1082,0,0,0.0,,,,gemini35flash
2026091274,rich_boost,bonferroni,0.2,,False,0,0,,1082,0,0,0.0,,,,gemini35flash
2026091274,rich_boost,fixed_sequence,0.25,,False,0,0,,1082,0,0,0.0,,,,gemini35flash
2026091274,rich_boost,bonferroni,0.25,,False,0,0,,1082,0,0,0.0,,,,gemini35flash
2026091275,raw_u,fixed_sequence,0.1,,False,0,0,,1082,0,0,0.0,,,,gemini35flash
2026091275,raw_u,bonferroni,0.1,,False,0,0,,1082,0,0,0.0,,,,gemini35flash
2026091275,raw_u,fixed_sequence,0.14285714285714285,,False,0,0,,1082,0,0,0.0,,,,gemini35flash
2026091275,raw_u,bonferroni,0.14285714285714285,,False,0,0,,1082,0,0,0.0,,,,gemini35flash
2026091275,raw_u,fixed_sequence,0.2,0.8571428571428571,True,199,23,0.1762461671930321,1082,182,47,0.16820702402957485,0.25824175824175827,0.1963320157363088,0.3282048831152843,gemini35flash
2026091275,raw_u,bonferroni,0.2,0.91,True,169,17,0.19784891921560557,1082,155,37,0.14325323475046212,0.23870967741935484,0.17398236806227266,0.3137011973349666,gemini35flash
2026091275,raw_u,fixed_sequence,0.25,0.81,True,318,57,0.2327167402362798,1082,303,75,0.2800369685767098,0.24752475247524752,0.19996068859145064,0.3001009705647686,gemini35flash
2026091275,raw_u,bonferroni,0.25,0.8571428571428571,True,199,23,0.20735068502979562,1082,182,47,0.16820702402957485,0.25824175824175827,0.1963320157363088,0.3282048831152843,gemini35flash
2026091275,u_boost,fixed_sequence,0.1,,False,0,0,,1082,0,0,0.0,,,,gemini35flash
2026091275,u_boost,bonferroni,0.1,,False,0,0,,1082,0,0,0.0,,,,gemini35flash
2026091275,u_boost,fixed_sequence,0.14285714285714285,,False,0,0,,1082,0,0,0.0,,,,gemini35flash
2026091275,u_boost,bonferroni,0.14285714285714285,,False,0,0,,1082,0,0,0.0,,,,gemini35flash
2026091275,u_boost,fixed_sequence,0.2,0.76,True,169,17,0.16454208006992843,1082,155,37,0.14325323475046212,0.23870967741935484,0.17398236806227266,0.3137011973349666,gemini35flash
2026091275,u_boost,bonferroni,0.2,0.75,True,169,17,0.19784891921560557,1082,155,37,0.14325323475046212,0.23870967741935484,0.17398236806227266,0.3137011973349666,gemini35flash
2026091275,u_boost,fixed_sequence,0.25,0.68,True,332,63,0.24289955999971474,1082,324,80,0.29944547134935307,0.24691358024691357,0.20092009274677655,0.29760093626641343,gemini35flash
2026091275,u_boost,bonferroni,0.25,0.75,True,169,17,0.19784891921560557,1082,155,37,0.14325323475046212,0.23870967741935484,0.17398236806227266,0.3137011973349666,gemini35flash
2026091275,rich_logistic,fixed_sequence,0.1,,False,0,0,,1082,0,0,0.0,,,,gemini35flash
2026091275,rich_logistic,bonferroni,0.1,,False,0,0,,1082,0,0,0.0,,,,gemini35flash
2026091275,rich_logistic,fixed_sequence,0.14285714285714285,,False,0,0,,1082,0,0,0.0,,,,gemini35flash
2026091275,rich_logistic,bonferroni,0.14285714285714285,,False,0,0,,1082,0,0,0.0,,,,gemini35flash
2026091275,rich_logistic,fixed_sequence,0.2,0.78,True,192,23,0.18243861247568247,1082,179,42,0.16543438077634012,0.2346368715083799,0.17464181135713433,0.3036374916555757,gemini35flash
2026091275,rich_logistic,bonferroni,0.2,,False,0,0,,1082,0,0,0.0,,,,gemini35flash
2026091275,rich_logistic,fixed_sequence,0.25,0.77,True,220,29,0.19150485136522077,1082,204,46,0.18853974121996303,0.22549019607843138,0.17006836850668702,0.28907277218782246,gemini35flash
2026091275,rich_logistic,bonferroni,0.25,0.75,True,235,35,0.23858929014775124,1082,216,48,0.19963031423290203,0.2222222222222222,0.16862833353531503,0.28360921265702316,gemini35flash
2026091275,rich_boost,fixed_sequence,0.1,,False,0,0,,1082,0,0,0.0,,,,gemini35flash
2026091275,rich_boost,bonferroni,0.1,,False,0,0,,1082,0,0,0.0,,,,gemini35flash
2026091275,rich_boost,fixed_sequence,0.14285714285714285,,False,0,0,,1082,0,0,0.0,,,,gemini35flash
2026091275,rich_boost,bonferroni,0.14285714285714285,,False,0,0,,1082,0,0,0.0,,,,gemini35flash
2026091275,rich_boost,fixed_sequence,0.2,0.77,True,220,29,0.19150485136522077,1082,204,46,0.18853974121996303,0.22549019607843138,0.17006836850668702,0.28907277218782246,gemini35flash
2026091275,rich_boost,bonferroni,0.2,,False,0,0,,1082,0,0,0.0,,,,gemini35flash
2026091275,rich_boost,fixed_sequence,0.25,0.72,True,231,33,0.2023958341999256,1082,217,49,0.20055452865064696,0.22580645161290322,0.17196817284400384,0.28729904723746846,gemini35flash
2026091275,rich_boost,bonferroni,0.25,0.72,True,231,33,0.2323195913134858,1082,217,49,0.20055452865064696,0.22580645161290322,0.17196817284400384,0.28729904723746846,gemini35flash
2026091276,raw_u,fixed_sequence,0.1,,False,0,0,,1082,0,0,0.0,,,,gemini35flash
2026091276,raw_u,bonferroni,0.1,,False,0,0,,1082,0,0,0.0,,,,gemini35flash
2026091276,raw_u,fixed_sequence,0.14285714285714285,,False,0,0,,1082,0,0,0.0,,,,gemini35flash
2026091276,raw_u,bonferroni,0.14285714285714285,,False,0,0,,1082,0,0,0.0,,,,gemini35flash
2026091276,raw_u,fixed_sequence,0.2,,False,0,0,,1082,0,0,0.0,,,,gemini35flash
2026091276,raw_u,bonferroni,0.2,,False,0,0,,1082,0,0,0.0,,,,gemini35flash
2026091276,raw_u,fixed_sequence,0.25,,False,0,0,,1082,0,0,0.0,,,,gemini35flash
2026091276,raw_u,bonferroni,0.25,,False,0,0,,1082,0,0,0.0,,,,gemini35flash
2026091276,u_boost,fixed_sequence,0.1,,False,0,0,,1082,0,0,0.0,,,,gemini35flash
2026091276,u_boost,bonferroni,0.1,,False,0,0,,1082,0,0,0.0,,,,gemini35flash
2026091276,u_boost,fixed_sequence,0.14285714285714285,,False,0,0,,1082,0,0,0.0,,,,gemini35flash
2026091276,u_boost,bonferroni,0.14285714285714285,,False,0,0,,1082,0,0,0.0,,,,gemini35flash
2026091276,u_boost,fixed_sequence,0.2,,False,0,0,,1082,0,0,0.0,,,,gemini35flash
2026091276,u_boost,bonferroni,0.2,,False,0,0,,1082,0,0,0.0,,,,gemini35flash
2026091276,u_boost,fixed_sequence,0.25,,False,0,0,,1082,0,0,0.0,,,,gemini35flash
2026091276,u_boost,bonferroni,0.25,,False,0,0,,1082,0,0,0.0,,,,gemini35flash
2026091276,rich_logistic,fixed_sequence,0.1,,False,0,0,,1082,0,0,0.0,,,,gemini35flash
2026091276,rich_logistic,bonferroni,0.1,,False,0,0,,1082,0,0,0.0,,,,gemini35flash
2026091276,rich_logistic,fixed_sequence,0.14285714285714285,,False,0,0,,1082,0,0,0.0,,,,gemini35flash
2026091276,rich_logistic,bonferroni,0.14285714285714285,,False,0,0,,1082,0,0,0.0,,,,gemini35flash
2026091276,rich_logistic,fixed_sequence,0.2,,False,0,0,,1082,0,0,0.0,,,,gemini35flash
2026091276,rich_logistic,bonferroni,0.2,,False,0,0,,1082,0,0,0.0,,,,gemini35flash
2026091276,rich_logistic,fixed_sequence,0.25,,False,0,0,,1082,0,0,0.0,,,,gemini35flash
2026091276,rich_logistic,bonferroni,0.25,,False,0,0,,1082,0,0,0.0,,,,gemini35flash
2026091276,rich_boost,fixed_sequence,0.1,,False,0,0,,1082,0,0,0.0,,,,gemini35flash
2026091276,rich_boost,bonferroni,0.1,,False,0,0,,1082,0,0,0.0,,,,gemini35flash
2026091276,rich_boost,fixed_sequence,0.14285714285714285,,False,0,0,,1082,0,0,0.0,,,,gemini35flash
2026091276,rich_boost,bonferroni,0.14285714285714285,,False,0,0,,1082,0,0,0.0,,,,gemini35flash
2026091276,rich_boost,fixed_sequence,0.2,,False,0,0,,1082,0,0,0.0,,,,gemini35flash
2026091276,rich_boost,bonferroni,0.2,,False,0,0,,1082,0,0,0.0,,,,gemini35flash
2026091276,rich_boost,fixed_sequence,0.25,,False,0,0,,1082,0,0,0.0,,,,gemini35flash
2026091276,rich_boost,bonferroni,0.25,,False,0,0,,1082,0,0,0.0,,,,gemini35flash
2026091277,raw_u,fixed_sequence,0.1,,False,0,0,,1082,0,0,0.0,,,,gemini35flash
2026091277,raw_u,bonferroni,0.1,,False,0,0,,1082,0,0,0.0,,,,gemini35flash
2026091277,raw_u,fixed_sequence,0.14285714285714285,,False,0,0,,1082,0,0,0.0,,,,gemini35flash
2026091277,raw_u,bonferroni,0.14285714285714285,,False,0,0,,1082,0,0,0.0,,,,gemini35flash
2026091277,raw_u,fixed_sequence,0.2,,False,0,0,,1082,0,0,0.0,,,,gemini35flash
2026091277,raw_u,bonferroni,0.2,,False,0,0,,1082,0,0,0.0,,,,gemini35flash
2026091277,raw_u,fixed_sequence,0.25,0.91,True,170,27,0.23198756515337648,1082,168,28,0.15526802218114602,0.16666666666666666,0.11369771904819069,0.23179162946032605,gemini35flash
2026091277,raw_u,bonferroni,0.25,,False,0,0,,1082,0,0,0.0,,,,gemini35flash
2026091277,u_boost,fixed_sequence,0.1,,False,0,0,,1082,0,0,0.0,,,,gemini35flash
2026091277,u_boost,bonferroni,0.1,,False,0,0,,1082,0,0,0.0,,,,gemini35flash
2026091277,u_boost,fixed_sequence,0.14285714285714285,,False,0,0,,1082,0,0,0.0,,,,gemini35flash
2026091277,u_boost,bonferroni,0.14285714285714285,,False,0,0,,1082,0,0,0.0,,,,gemini35flash
2026091277,u_boost,fixed_sequence,0.2,,False,0,0,,1082,0,0,0.0,,,,gemini35flash
2026091277,u_boost,bonferroni,0.2,,False,0,0,,1082,0,0,0.0,,,,gemini35flash
2026091277,u_boost,fixed_sequence,0.25,,False,0,0,,1082,0,0,0.0,,,,gemini35flash
2026091277,u_boost,bonferroni,0.25,,False,0,0,,1082,0,0,0.0,,,,gemini35flash
2026091277,rich_logistic,fixed_sequence,0.1,,False,0,0,,1082,0,0,0.0,,,,gemini35flash
2026091277,rich_logistic,bonferroni,0.1,,False,0,0,,1082,0,0,0.0,,,,gemini35flash
2026091277,rich_logistic,fixed_sequence,0.14285714285714285,,False,0,0,,1082,0,0,0.0,,,,gemini35flash
2026091277,rich_logistic,bonferroni,0.14285714285714285,,False,0,0,,1082,0,0,0.0,,,,gemini35flash
2026091277,rich_logistic,fixed_sequence,0.2,,False,0,0,,1082,0,0,0.0,,,,gemini35flash
2026091277,rich_logistic,bonferroni,0.2,,False,0,0,,1082,0,0,0.0,,,,gemini35flash
2026091277,rich_logistic,fixed_sequence,0.25,0.77,True,228,41,0.24413881026705303,1082,220,41,0.2033271719038817,0.18636363636363637,0.1371822457258527,0.24420987767546973,gemini35flash
2026091277,rich_logistic,bonferroni,0.25,,False,0,0,,1082,0,0,0.0,,,,gemini35flash
2026091277,rich_boost,fixed_sequence,0.1,,False,0,0,,1082,0,0,0.0,,,,gemini35flash
2026091277,rich_boost,bonferroni,0.1,,False,0,0,,1082,0,0,0.0,,,,gemini35flash
2026091277,rich_boost,fixed_sequence,0.14285714285714285,,False,0,0,,1082,0,0,0.0,,,,gemini35flash
2026091277,rich_boost,bonferroni,0.14285714285714285,,False,0,0,,1082,0,0,0.0,,,,gemini35flash
2026091277,rich_boost,fixed_sequence,0.2,,False,0,0,,1082,0,0,0.0,,,,gemini35flash
2026091277,rich_boost,bonferroni,0.2,,False,0,0,,1082,0,0,0.0,,,,gemini35flash
2026091277,rich_boost,fixed_sequence,0.25,0.79,True,220,40,0.24763248436079707,1082,217,38,0.20055452865064696,0.17511520737327188,0.12700224624553005,0.2323419477631929,gemini35flash
2026091277,rich_boost,bonferroni,0.25,,False,0,0,,1082,0,0,0.0,,,,gemini35flash
2026091278,raw_u,fixed_sequence,0.1,,False,0,0,,1082,0,0,0.0,,,,gemini35flash
2026091278,raw_u,bonferroni,0.1,,False,0,0,,1082,0,0,0.0,,,,gemini35flash
2026091278,raw_u,fixed_sequence,0.14285714285714285,,False,0,0,,1082,0,0,0.0,,,,gemini35flash
2026091278,raw_u,bonferroni,0.14285714285714285,,False,0,0,,1082,0,0,0.0,,,,gemini35flash
2026091278,raw_u,fixed_sequence,0.2,,False,0,0,,1082,0,0,0.0,,,,gemini35flash
2026091278,raw_u,bonferroni,0.2,,False,0,0,,1082,0,0,0.0,,,,gemini35flash
2026091278,raw_u,fixed_sequence,0.25,,False,0,0,,1082,0,0,0.0,,,,gemini35flash
2026091278,raw_u,bonferroni,0.25,,False,0,0,,1082,0,0,0.0,,,,gemini35flash
2026091278,u_boost,fixed_sequence,0.1,,False,0,0,,1082,0,0,0.0,,,,gemini35flash
2026091278,u_boost,bonferroni,0.1,,False,0,0,,1082,0,0,0.0,,,,gemini35flash
2026091278,u_boost,fixed_sequence,0.14285714285714285,,False,0,0,,1082,0,0,0.0,,,,gemini35flash
2026091278,u_boost,bonferroni,0.14285714285714285,,False,0,0,,1082,0,0,0.0,,,,gemini35flash
2026091278,u_boost,fixed_sequence,0.2,,False,0,0,,1082,0,0,0.0,,,,gemini35flash
2026091278,u_boost,bonferroni,0.2,,False,0,0,,1082,0,0,0.0,,,,gemini35flash
2026091278,u_boost,fixed_sequence,0.25,,False,0,0,,1082,0,0,0.0,,,,gemini35flash
2026091278,u_boost,bonferroni,0.25,,False,0,0,,1082,0,0,0.0,,,,gemini35flash
2026091278,rich_logistic,fixed_sequence,0.1,,False,0,0,,1082,0,0,0.0,,,,gemini35flash
2026091278,rich_logistic,bonferroni,0.1,,False,0,0,,1082,0,0,0.0,,,,gemini35flash
2026091278,rich_logistic,fixed_sequence,0.14285714285714285,,False,0,0,,1082,0,0,0.0,,,,gemini35flash
2026091278,rich_logistic,bonferroni,0.14285714285714285,,False,0,0,,1082,0,0,0.0,,,,gemini35flash
2026091278,rich_logistic,fixed_sequence,0.2,,False,0,0,,1082,0,0,0.0,,,,gemini35flash
2026091278,rich_logistic,bonferroni,0.2,,False,0,0,,1082,0,0,0.0,,,,gemini35flash
2026091278,rich_logistic,fixed_sequence,0.25,,False,0,0,,1082,0,0,0.0,,,,gemini35flash
2026091278,rich_logistic,bonferroni,0.25,,False,0,0,,1082,0,0,0.0,,,,gemini35flash
2026091278,rich_boost,fixed_sequence,0.1,,False,0,0,,1082,0,0,0.0,,,,gemini35flash
2026091278,rich_boost,bonferroni,0.1,,False,0,0,,1082,0,0,0.0,,,,gemini35flash
2026091278,rich_boost,fixed_sequence,0.14285714285714285,,False,0,0,,1082,0,0,0.0,,,,gemini35flash
2026091278,rich_boost,bonferroni,0.14285714285714285,,False,0,0,,1082,0,0,0.0,,,,gemini35flash
2026091278,rich_boost,fixed_sequence,0.2,,False,0,0,,1082,0,0,0.0,,,,gemini35flash
2026091278,rich_boost,bonferroni,0.2,,False,0,0,,1082,0,0,0.0,,,,gemini35flash
2026091278,rich_boost,fixed_sequence,0.25,,False,0,0,,1082,0,0,0.0,,,,gemini35flash
2026091278,rich_boost,bonferroni,0.25,,False,0,0,,1082,0,0,0.0,,,,gemini35flash
2026091279,raw_u,fixed_sequence,0.1,,False,0,0,,1082,0,0,0.0,,,,gemini35flash
2026091279,raw_u,bonferroni,0.1,,False,0,0,,1082,0,0,0.0,,,,gemini35flash
2026091279,raw_u,fixed_sequence,0.14285714285714285,,False,0,0,,1082,0,0,0.0,,,,gemini35flash
2026091279,raw_u,bonferroni,0.14285714285714285,,False,0,0,,1082,0,0,0.0,,,,gemini35flash
2026091279,raw_u,fixed_sequence,0.2,,False,0,0,,1082,0,0,0.0,,,,gemini35flash
2026091279,raw_u,bonferroni,0.2,,False,0,0,,1082,0,0,0.0,,,,gemini35flash
2026091279,raw_u,fixed_sequence,0.25,0.91,True,152,23,0.22823955068870275,1082,161,26,0.1487985212569316,0.16149068322981366,0.10828558080937736,0.22759924628813377,gemini35flash
2026091279,raw_u,bonferroni,0.25,,False,0,0,,1082,0,0,0.0,,,,gemini35flash
2026091279,u_boost,fixed_sequence,0.1,,False,0,0,,1082,0,0,0.0,,,,gemini35flash
2026091279,u_boost,bonferroni,0.1,,False,0,0,,1082,0,0,0.0,,,,gemini35flash
2026091279,u_boost,fixed_sequence,0.14285714285714285,,False,0,0,,1082,0,0,0.0,,,,gemini35flash
2026091279,u_boost,bonferroni,0.14285714285714285,,False,0,0,,1082,0,0,0.0,,,,gemini35flash
2026091279,u_boost,fixed_sequence,0.2,,False,0,0,,1082,0,0,0.0,,,,gemini35flash
2026091279,u_boost,bonferroni,0.2,,False,0,0,,1082,0,0,0.0,,,,gemini35flash
2026091279,u_boost,fixed_sequence,0.25,,False,0,0,,1082,0,0,0.0,,,,gemini35flash
2026091279,u_boost,bonferroni,0.25,,False,0,0,,1082,0,0,0.0,,,,gemini35flash
2026091279,rich_logistic,fixed_sequence,0.1,,False,0,0,,1082,0,0,0.0,,,,gemini35flash
2026091279,rich_logistic,bonferroni,0.1,,False,0,0,,1082,0,0,0.0,,,,gemini35flash
2026091279,rich_logistic,fixed_sequence,0.14285714285714285,,False,0,0,,1082,0,0,0.0,,,,gemini35flash
2026091279,rich_logistic,bonferroni,0.14285714285714285,,False,0,0,,1082,0,0,0.0,,,,gemini35flash
2026091279,rich_logistic,fixed_sequence,0.2,,False,0,0,,1082,0,0,0.0,,,,gemini35flash
2026091279,rich_logistic,bonferroni,0.2,,False,0,0,,1082,0,0,0.0,,,,gemini35flash
2026091279,rich_logistic,fixed_sequence,0.25,0.76,True,215,39,0.24801192218596602,1082,222,43,0.20517560073937152,0.19369369369369369,0.14386680196553928,0.251898867348348,gemini35flash
2026091279,rich_logistic,bonferroni,0.25,,False,0,0,,1082,0,0,0.0,,,,gemini35flash
2026091279,rich_boost,fixed_sequence,0.1,,False,0,0,,1082,0,0,0.0,,,,gemini35flash
2026091279,rich_boost,bonferroni,0.1,,False,0,0,,1082,0,0,0.0,,,,gemini35flash
2026091279,rich_boost,fixed_sequence,0.14285714285714285,,False,0,0,,1082,0,0,0.0,,,,gemini35flash
2026091279,rich_boost,bonferroni,0.14285714285714285,,False,0,0,,1082,0,0,0.0,,,,gemini35flash
2026091279,rich_boost,fixed_sequence,0.2,,False,0,0,,1082,0,0,0.0,,,,gemini35flash
2026091279,rich_boost,bonferroni,0.2,,False,0,0,,1082,0,0,0.0,,,,gemini35flash
2026091279,rich_boost,fixed_sequence,0.25,0.79,True,204,36,0.24452523709411847,1082,208,40,0.1922365988909427,0.19230769230769232,0.14108490725393294,0.2525256392362779,gemini35flash
2026091279,rich_boost,bonferroni,0.25,,False,0,0,,1082,0,0,0.0,,,,gemini35flash
2026091280,raw_u,fixed_sequence,0.1,,False,0,0,,1082,0,0,0.0,,,,gemini35flash
2026091280,raw_u,bonferroni,0.1,,False,0,0,,1082,0,0,0.0,,,,gemini35flash
2026091280,raw_u,fixed_sequence,0.14285714285714285,,False,0,0,,1082,0,0,0.0,,,,gemini35flash
2026091280,raw_u,bonferroni,0.14285714285714285,,False,0,0,,1082,0,0,0.0,,,,gemini35flash
2026091280,raw_u,fixed_sequence,0.2,,False,0,0,,1082,0,0,0.0,,,,gemini35flash
2026091280,raw_u,bonferroni,0.2,,False,0,0,,1082,0,0,0.0,,,,gemini35flash
2026091280,raw_u,fixed_sequence,0.25,,False,0,0,,1082,0,0,0.0,,,,gemini35flash
2026091280,raw_u,bonferroni,0.25,,False,0,0,,1082,0,0,0.0,,,,gemini35flash
2026091280,u_boost,fixed_sequence,0.1,,False,0,0,,1082,0,0,0.0,,,,gemini35flash
2026091280,u_boost,bonferroni,0.1,,False,0,0,,1082,0,0,0.0,,,,gemini35flash
2026091280,u_boost,fixed_sequence,0.14285714285714285,,False,0,0,,1082,0,0,0.0,,,,gemini35flash
2026091280,u_boost,bonferroni,0.14285714285714285,,False,0,0,,1082,0,0,0.0,,,,gemini35flash
2026091280,u_boost,fixed_sequence,0.2,,False,0,0,,1082,0,0,0.0,,,,gemini35flash
2026091280,u_boost,bonferroni,0.2,,False,0,0,,1082,0,0,0.0,,,,gemini35flash
2026091280,u_boost,fixed_sequence,0.25,,False,0,0,,1082,0,0,0.0,,,,gemini35flash
2026091280,u_boost,bonferroni,0.25,,False,0,0,,1082,0,0,0.0,,,,gemini35flash
2026091280,rich_logistic,fixed_sequence,0.1,,False,0,0,,1082,0,0,0.0,,,,gemini35flash
2026091280,rich_logistic,bonferroni,0.1,,False,0,0,,1082,0,0,0.0,,,,gemini35flash
2026091280,rich_logistic,fixed_sequence,0.14285714285714285,,False,0,0,,1082,0,0,0.0,,,,gemini35flash
2026091280,rich_logistic,bonferroni,0.14285714285714285,,False,0,0,,1082,0,0,0.0,,,,gemini35flash
2026091280,rich_logistic,fixed_sequence,0.2,,False,0,0,,1082,0,0,0.0,,,,gemini35flash
2026091280,rich_logistic,bonferroni,0.2,,False,0,0,,1082,0,0,0.0,,,,gemini35flash
2026091280,rich_logistic,fixed_sequence,0.25,,False,0,0,,1082,0,0,0.0,,,,gemini35flash
2026091280,rich_logistic,bonferroni,0.25,,False,0,0,,1082,0,0,0.0,,,,gemini35flash
2026091280,rich_boost,fixed_sequence,0.1,,False,0,0,,1082,0,0,0.0,,,,gemini35flash
2026091280,rich_boost,bonferroni,0.1,,False,0,0,,1082,0,0,0.0,,,,gemini35flash
2026091280,rich_boost,fixed_sequence,0.14285714285714285,,False,0,0,,1082,0,0,0.0,,,,gemini35flash
2026091280,rich_boost,bonferroni,0.14285714285714285,,False,0,0,,1082,0,0,0.0,,,,gemini35flash
2026091280,rich_boost,fixed_sequence,0.2,,False,0,0,,1082,0,0,0.0,,,,gemini35flash
2026091280,rich_boost,bonferroni,0.2,,False,0,0,,1082,0,0,0.0,,,,gemini35flash
2026091280,rich_boost,fixed_sequence,0.25,,False,0,0,,1082,0,0,0.0,,,,gemini35flash
2026091280,rich_boost,bonferroni,0.25,,False,0,0,,1082,0,0,0.0,,,,gemini35flash
2026091281,raw_u,fixed_sequence,0.1,,False,0,0,,1082,0,0,0.0,,,,gemini35flash
2026091281,raw_u,bonferroni,0.1,,False,0,0,,1082,0,0,0.0,,,,gemini35flash
2026091281,raw_u,fixed_sequence,0.14285714285714285,,False,0,0,,1082,0,0,0.0,,,,gemini35flash
2026091281,raw_u,bonferroni,0.14285714285714285,,False,0,0,,1082,0,0,0.0,,,,gemini35flash
2026091281,raw_u,fixed_sequence,0.2,,False,0,0,,1082,0,0,0.0,,,,gemini35flash
2026091281,raw_u,bonferroni,0.2,,False,0,0,,1082,0,0,0.0,,,,gemini35flash
2026091281,raw_u,fixed_sequence,0.25,0.91,True,167,24,0.21549621503618752,1082,150,24,0.13863216266173753,0.16,0.10528667783956379,0.22864918353310765,gemini35flash
2026091281,raw_u,bonferroni,0.25,,False,0,0,,1082,0,0,0.0,,,,gemini35flash
2026091281,u_boost,fixed_sequence,0.1,,False,0,0,,1082,0,0,0.0,,,,gemini35flash
2026091281,u_boost,bonferroni,0.1,,False,0,0,,1082,0,0,0.0,,,,gemini35flash
2026091281,u_boost,fixed_sequence,0.14285714285714285,,False,0,0,,1082,0,0,0.0,,,,gemini35flash
2026091281,u_boost,bonferroni,0.14285714285714285,,False,0,0,,1082,0,0,0.0,,,,gemini35flash
2026091281,u_boost,fixed_sequence,0.2,,False,0,0,,1082,0,0,0.0,,,,gemini35flash
2026091281,u_boost,bonferroni,0.2,,False,0,0,,1082,0,0,0.0,,,,gemini35flash
2026091281,u_boost,fixed_sequence,0.25,0.79,True,167,24,0.21549621503618752,1082,150,24,0.13863216266173753,0.16,0.10528667783956379,0.22864918353310765,gemini35flash
2026091281,u_boost,bonferroni,0.25,,False,0,0,,1082,0,0,0.0,,,,gemini35flash
2026091281,rich_logistic,fixed_sequence,0.1,,False,0,0,,1082,0,0,0.0,,,,gemini35flash
2026091281,rich_logistic,bonferroni,0.1,,False,0,0,,1082,0,0,0.0,,,,gemini35flash
2026091281,rich_logistic,fixed_sequence,0.14285714285714285,,False,0,0,,1082,0,0,0.0,,,,gemini35flash
2026091281,rich_logistic,bonferroni,0.14285714285714285,,False,0,0,,1082,0,0,0.0,,,,gemini35flash
2026091281,rich_logistic,fixed_sequence,0.2,,False,0,0,,1082,0,0,0.0,,,,gemini35flash
2026091281,rich_logistic,bonferroni,0.2,,False,0,0,,1082,0,0,0.0,,,,gemini35flash
2026091281,rich_logistic,fixed_sequence,0.25,0.75,True,218,38,0.23965469708903872,1082,208,36,0.1922365988909427,0.17307692307692307,0.12426276733707566,0.23146940144211264,gemini35flash
2026091281,rich_logistic,bonferroni,0.25,,False,0,0,,1082,0,0,0.0,,,,gemini35flash
2026091281,rich_boost,fixed_sequence,0.1,,False,0,0,,1082,0,0,0.0,,,,gemini35flash
2026091281,rich_boost,bonferroni,0.1,,False,0,0,,1082,0,0,0.0,,,,gemini35flash
2026091281,rich_boost,fixed_sequence,0.14285714285714285,,False,0,0,,1082,0,0,0.0,,,,gemini35flash
2026091281,rich_boost,bonferroni,0.14285714285714285,,False,0,0,,1082,0,0,0.0,,,,gemini35flash
2026091281,rich_boost,fixed_sequence,0.2,,False,0,0,,1082,0,0,0.0,,,,gemini35flash
2026091281,rich_boost,bonferroni,0.2,,False,0,0,,1082,0,0,0.0,,,,gemini35flash
2026091281,rich_boost,fixed_sequence,0.25,,False,0,0,,1082,0,0,0.0,,,,gemini35flash
2026091281,rich_boost,bonferroni,0.25,,False,0,0,,1082,0,0,0.0,,,,gemini35flash
2026091282,raw_u,fixed_sequence,0.1,,False,0,0,,1082,0,0,0.0,,,,gemini35flash
2026091282,raw_u,bonferroni,0.1,,False,0,0,,1082,0,0,0.0,,,,gemini35flash
2026091282,raw_u,fixed_sequence,0.14285714285714285,,False,0,0,,1082,0,0,0.0,,,,gemini35flash
2026091282,raw_u,bonferroni,0.14285714285714285,,False,0,0,,1082,0,0,0.0,,,,gemini35flash
2026091282,raw_u,fixed_sequence,0.2,,False,0,0,,1082,0,0,0.0,,,,gemini35flash
2026091282,raw_u,bonferroni,0.2,,False,0,0,,1082,0,0,0.0,,,,gemini35flash
2026091282,raw_u,fixed_sequence,0.25,0.91,True,150,25,0.2463197959170186,1082,169,23,0.15619223659889095,0.13609467455621302,0.08826849086831139,0.19718025928883345,gemini35flash
2026091282,raw_u,bonferroni,0.25,,False,0,0,,1082,0,0,0.0,,,,gemini35flash
2026091282,u_boost,fixed_sequence,0.1,,False,0,0,,1082,0,0,0.0,,,,gemini35flash
2026091282,u_boost,bonferroni,0.1,,False,0,0,,1082,0,0,0.0,,,,gemini35flash
2026091282,u_boost,fixed_sequence,0.14285714285714285,,False,0,0,,1082,0,0,0.0,,,,gemini35flash
2026091282,u_boost,bonferroni,0.14285714285714285,,False,0,0,,1082,0,0,0.0,,,,gemini35flash
2026091282,u_boost,fixed_sequence,0.2,,False,0,0,,1082,0,0,0.0,,,,gemini35flash
2026091282,u_boost,bonferroni,0.2,,False,0,0,,1082,0,0,0.0,,,,gemini35flash
2026091282,u_boost,fixed_sequence,0.25,0.77,True,150,25,0.2463197959170186,1082,169,23,0.15619223659889095,0.13609467455621302,0.08826849086831139,0.19718025928883345,gemini35flash
2026091282,u_boost,bonferroni,0.25,,False,0,0,,1082,0,0,0.0,,,,gemini35flash
2026091282,rich_logistic,fixed_sequence,0.1,,False,0,0,,1082,0,0,0.0,,,,gemini35flash
2026091282,rich_logistic,bonferroni,0.1,,False,0,0,,1082,0,0,0.0,,,,gemini35flash
2026091282,rich_logistic,fixed_sequence,0.14285714285714285,,False,0,0,,1082,0,0,0.0,,,,gemini35flash
2026091282,rich_logistic,bonferroni,0.14285714285714285,,False,0,0,,1082,0,0,0.0,,,,gemini35flash
2026091282,rich_logistic,fixed_sequence,0.2,,False,0,0,,1082,0,0,0.0,,,,gemini35flash
2026091282,rich_logistic,bonferroni,0.2,,False,0,0,,1082,0,0,0.0,,,,gemini35flash
2026091282,rich_logistic,fixed_sequence,0.25,0.74,True,209,35,0.2335827279654078,1082,216,33,0.19963031423290203,0.1527777777777778,0.10755812787391206,0.20781323343458494,gemini35flash
2026091282,rich_logistic,bonferroni,0.25,,False,0,0,,1082,0,0,0.0,,,,gemini35flash
2026091282,rich_boost,fixed_sequence,0.1,,False,0,0,,1082,0,0,0.0,,,,gemini35flash
2026091282,rich_boost,bonferroni,0.1,,False,0,0,,1082,0,0,0.0,,,,gemini35flash
2026091282,rich_boost,fixed_sequence,0.14285714285714285,,False,0,0,,1082,0,0,0.0,,,,gemini35flash
2026091282,rich_boost,bonferroni,0.14285714285714285,,False,0,0,,1082,0,0,0.0,,,,gemini35flash
2026091282,rich_boost,fixed_sequence,0.2,,False,0,0,,1082,0,0,0.0,,,,gemini35flash
2026091282,rich_boost,bonferroni,0.2,,False,0,0,,1082,0,0,0.0,,,,gemini35flash
2026091282,rich_boost,fixed_sequence,0.25,0.75,True,206,35,0.23684408093484355,1082,218,32,0.20147874306839186,0.14678899082568808,0.10262034794631443,0.20085834998119065,gemini35flash
2026091282,rich_boost,bonferroni,0.25,,False,0,0,,1082,0,0,0.0,,,,gemini35flash
2026091283,raw_u,fixed_sequence,0.1,,False,0,0,,1082,0,0,0.0,,,,gemini35flash
2026091283,raw_u,bonferroni,0.1,,False,0,0,,1082,0,0,0.0,,,,gemini35flash
2026091283,raw_u,fixed_sequence,0.14285714285714285,,False,0,0,,1082,0,0,0.0,,,,gemini35flash
2026091283,raw_u,bonferroni,0.14285714285714285,,False,0,0,,1082,0,0,0.0,,,,gemini35flash
2026091283,raw_u,fixed_sequence,0.2,,False,0,0,,1082,0,0,0.0,,,,gemini35flash
2026091283,raw_u,bonferroni,0.2,,False,0,0,,1082,0,0,0.0,,,,gemini35flash
2026091283,raw_u,fixed_sequence,0.25,0.91,True,151,21,0.2144292444382422,1082,164,35,0.15157116451016636,0.21341463414634146,0.1533800998472822,0.28410151927881566,gemini35flash
2026091283,raw_u,bonferroni,0.25,,False,0,0,,1082,0,0,0.0,,,,gemini35flash
2026091283,u_boost,fixed_sequence,0.1,,False,0,0,,1082,0,0,0.0,,,,gemini35flash
2026091283,u_boost,bonferroni,0.1,,False,0,0,,1082,0,0,0.0,,,,gemini35flash
2026091283,u_boost,fixed_sequence,0.14285714285714285,,False,0,0,,1082,0,0,0.0,,,,gemini35flash
2026091283,u_boost,bonferroni,0.14285714285714285,,False,0,0,,1082,0,0,0.0,,,,gemini35flash
2026091283,u_boost,fixed_sequence,0.2,,False,0,0,,1082,0,0,0.0,,,,gemini35flash
2026091283,u_boost,bonferroni,0.2,,False,0,0,,1082,0,0,0.0,,,,gemini35flash
2026091283,u_boost,fixed_sequence,0.25,0.79,True,151,21,0.2144292444382422,1082,164,35,0.15157116451016636,0.21341463414634146,0.1533800998472822,0.28410151927881566,gemini35flash
2026091283,u_boost,bonferroni,0.25,,False,0,0,,1082,0,0,0.0,,,,gemini35flash
2026091283,rich_logistic,fixed_sequence,0.1,,False,0,0,,1082,0,0,0.0,,,,gemini35flash
2026091283,rich_logistic,bonferroni,0.1,,False,0,0,,1082,0,0,0.0,,,,gemini35flash
2026091283,rich_logistic,fixed_sequence,0.14285714285714285,,False,0,0,,1082,0,0,0.0,,,,gemini35flash
2026091283,rich_logistic,bonferroni,0.14285714285714285,,False,0,0,,1082,0,0,0.0,,,,gemini35flash
2026091283,rich_logistic,fixed_sequence,0.2,,False,0,0,,1082,0,0,0.0,,,,gemini35flash
2026091283,rich_logistic,bonferroni,0.2,,False,0,0,,1082,0,0,0.0,,,,gemini35flash
2026091283,rich_logistic,fixed_sequence,0.25,0.78,True,167,23,0.20860703644832082,1082,186,39,0.17190388170055454,0.20967741935483872,0.15355323361084217,0.27529690422982367,gemini35flash
2026091283,rich_logistic,bonferroni,0.25,0.78,True,167,23,0.2445434251402744,1082,186,39,0.17190388170055454,0.20967741935483872,0.15355323361084217,0.27529690422982367,gemini35flash
2026091283,rich_boost,fixed_sequence,0.1,,False,0,0,,1082,0,0,0.0,,,,gemini35flash
2026091283,rich_boost,bonferroni,0.1,,False,0,0,,1082,0,0,0.0,,,,gemini35flash
2026091283,rich_boost,fixed_sequence,0.14285714285714285,,False,0,0,,1082,0,0,0.0,,,,gemini35flash
2026091283,rich_boost,bonferroni,0.14285714285714285,,False,0,0,,1082,0,0,0.0,,,,gemini35flash
2026091283,rich_boost,fixed_sequence,0.2,,False,0,0,,1082,0,0,0.0,,,,gemini35flash
2026091283,rich_boost,bonferroni,0.2,,False,0,0,,1082,0,0,0.0,,,,gemini35flash
2026091283,rich_boost,fixed_sequence,0.25,0.78,True,173,28,0.23468551698556128,1082,192,41,0.17744916820702403,0.21354166666666666,0.15781321394532513,0.27833758765219135,gemini35flash
2026091283,rich_boost,bonferroni,0.25,,False,0,0,,1082,0,0,0.0,,,,gemini35flash
2026091284,raw_u,fixed_sequence,0.1,,False,0,0,,1082,0,0,0.0,,,,gemini35flash
2026091284,raw_u,bonferroni,0.1,,False,0,0,,1082,0,0,0.0,,,,gemini35flash
2026091284,raw_u,fixed_sequence,0.14285714285714285,,False,0,0,,1082,0,0,0.0,,,,gemini35flash
2026091284,raw_u,bonferroni,0.14285714285714285,,False,0,0,,1082,0,0,0.0,,,,gemini35flash
2026091284,raw_u,fixed_sequence,0.2,,False,0,0,,1082,0,0,0.0,,,,gemini35flash
2026091284,raw_u,bonferroni,0.2,,False,0,0,,1082,0,0,0.0,,,,gemini35flash
2026091284,raw_u,fixed_sequence,0.25,0.8571428571428571,True,201,35,0.24248625827617099,1082,185,33,0.1709796672828096,0.1783783783783784,0.12608309489284314,0.24128651446778598,gemini35flash
2026091284,raw_u,bonferroni,0.25,,False,0,0,,1082,0,0,0.0,,,,gemini35flash
2026091284,u_boost,fixed_sequence,0.1,,False,0,0,,1082,0,0,0.0,,,,gemini35flash
2026091284,u_boost,bonferroni,0.1,,False,0,0,,1082,0,0,0.0,,,,gemini35flash
2026091284,u_boost,fixed_sequence,0.14285714285714285,,False,0,0,,1082,0,0,0.0,,,,gemini35flash
2026091284,u_boost,bonferroni,0.14285714285714285,,False,0,0,,1082,0,0,0.0,,,,gemini35flash
2026091284,u_boost,fixed_sequence,0.2,,False,0,0,,1082,0,0,0.0,,,,gemini35flash
2026091284,u_boost,bonferroni,0.2,,False,0,0,,1082,0,0,0.0,,,,gemini35flash
2026091284,u_boost,fixed_sequence,0.25,0.75,True,176,29,0.23727473274575137,1082,150,20,0.13863216266173753,0.13333333333333333,0.08338380663952641,0.19838696759904956,gemini35flash
2026091284,u_boost,bonferroni,0.25,,False,0,0,,1082,0,0,0.0,,,,gemini35flash
2026091284,rich_logistic,fixed_sequence,0.1,,False,0,0,,1082,0,0,0.0,,,,gemini35flash
2026091284,rich_logistic,bonferroni,0.1,,False,0,0,,1082,0,0,0.0,,,,gemini35flash
2026091284,rich_logistic,fixed_sequence,0.14285714285714285,,False,0,0,,1082,0,0,0.0,,,,gemini35flash
2026091284,rich_logistic,bonferroni,0.14285714285714285,,False,0,0,,1082,0,0,0.0,,,,gemini35flash
2026091284,rich_logistic,fixed_sequence,0.2,,False,0,0,,1082,0,0,0.0,,,,gemini35flash
2026091284,rich_logistic,bonferroni,0.2,,False,0,0,,1082,0,0,0.0,,,,gemini35flash
2026091284,rich_logistic,fixed_sequence,0.25,0.74,True,288,54,0.24473263792002775,1082,282,56,0.26062846580406657,0.19858156028368795,0.15363380024883064,0.24998839695169978,gemini35flash
2026091284,rich_logistic,bonferroni,0.25,,False,0,0,,1082,0,0,0.0,,,,gemini35flash
2026091284,rich_boost,fixed_sequence,0.1,,False,0,0,,1082,0,0,0.0,,,,gemini35flash
2026091284,rich_boost,bonferroni,0.1,,False,0,0,,1082,0,0,0.0,,,,gemini35flash
2026091284,rich_boost,fixed_sequence,0.14285714285714285,,False,0,0,,1082,0,0,0.0,,,,gemini35flash
2026091284,rich_boost,bonferroni,0.14285714285714285,,False,0,0,,1082,0,0,0.0,,,,gemini35flash
2026091284,rich_boost,fixed_sequence,0.2,,False,0,0,,1082,0,0,0.0,,,,gemini35flash
2026091284,rich_boost,bonferroni,0.2,,False,0,0,,1082,0,0,0.0,,,,gemini35flash
2026091284,rich_boost,fixed_sequence,0.25,,False,0,0,,1082,0,0,0.0,,,,gemini35flash
2026091284,rich_boost,bonferroni,0.25,,False,0,0,,1082,0,0,0.0,,,,gemini35flash
2026091285,raw_u,fixed_sequence,0.1,,False,0,0,,1082,0,0,0.0,,,,gemini35flash
2026091285,raw_u,bonferroni,0.1,,False,0,0,,1082,0,0,0.0,,,,gemini35flash
2026091285,raw_u,fixed_sequence,0.14285714285714285,,False,0,0,,1082,0,0,0.0,,,,gemini35flash
2026091285,raw_u,bonferroni,0.14285714285714285,,False,0,0,,1082,0,0,0.0,,,,gemini35flash
2026091285,raw_u,fixed_sequence,0.2,,False,0,0,,1082,0,0,0.0,,,,gemini35flash
2026091285,raw_u,bonferroni,0.2,,False,0,0,,1082,0,0,0.0,,,,gemini35flash
2026091285,raw_u,fixed_sequence,0.25,0.8571428571428571,True,195,35,0.24962099447631259,1082,184,36,0.17005545286506468,0.1956521739130435,0.14095490288120321,0.26042790301340035,gemini35flash
2026091285,raw_u,bonferroni,0.25,,False,0,0,,1082,0,0,0.0,,,,gemini35flash
2026091285,u_boost,fixed_sequence,0.1,,False,0,0,,1082,0,0,0.0,,,,gemini35flash
2026091285,u_boost,bonferroni,0.1,,False,0,0,,1082,0,0,0.0,,,,gemini35flash
2026091285,u_boost,fixed_sequence,0.14285714285714285,,False,0,0,,1082,0,0,0.0,,,,gemini35flash
2026091285,u_boost,bonferroni,0.14285714285714285,,False,0,0,,1082,0,0,0.0,,,,gemini35flash
2026091285,u_boost,fixed_sequence,0.2,,False,0,0,,1082,0,0,0.0,,,,gemini35flash
2026091285,u_boost,bonferroni,0.2,,False,0,0,,1082,0,0,0.0,,,,gemini35flash
2026091285,u_boost,fixed_sequence,0.25,0.72,True,286,54,0.2463820875907096,1082,260,58,0.24029574861367836,0.2230769230769231,0.17396793390446186,0.2786188153716001,gemini35flash
2026091285,u_boost,bonferroni,0.25,,False,0,0,,1082,0,0,0.0,,,,gemini35flash
2026091285,rich_logistic,fixed_sequence,0.1,,False,0,0,,1082,0,0,0.0,,,,gemini35flash
2026091285,rich_logistic,bonferroni,0.1,,False,0,0,,1082,0,0,0.0,,,,gemini35flash
2026091285,rich_logistic,fixed_sequence,0.14285714285714285,,False,0,0,,1082,0,0,0.0,,,,gemini35flash
2026091285,rich_logistic,bonferroni,0.14285714285714285,,False,0,0,,1082,0,0,0.0,,,,gemini35flash
2026091285,rich_logistic,fixed_sequence,0.2,,False,0,0,,1082,0,0,0.0,,,,gemini35flash
2026091285,rich_logistic,bonferroni,0.2,,False,0,0,,1082,0,0,0.0,,,,gemini35flash
2026091285,rich_logistic,fixed_sequence,0.25,0.73,True,297,52,0.23020328954241837,1082,262,58,0.24214417744916822,0.22137404580152673,0.17260223495023785,0.276568862393151,gemini35flash
2026091285,rich_logistic,bonferroni,0.25,,False,0,0,,1082,0,0,0.0,,,,gemini35flash
2026091285,rich_boost,fixed_sequence,0.1,,False,0,0,,1082,0,0,0.0,,,,gemini35flash
2026091285,rich_boost,bonferroni,0.1,,False,0,0,,1082,0,0,0.0,,,,gemini35flash
2026091285,rich_boost,fixed_sequence,0.14285714285714285,,False,0,0,,1082,0,0,0.0,,,,gemini35flash
2026091285,rich_boost,bonferroni,0.14285714285714285,,False,0,0,,1082,0,0,0.0,,,,gemini35flash
2026091285,rich_boost,fixed_sequence,0.2,,False,0,0,,1082,0,0,0.0,,,,gemini35flash
2026091285,rich_boost,bonferroni,0.2,,False,0,0,,1082,0,0,0.0,,,,gemini35flash
2026091285,rich_boost,fixed_sequence,0.25,0.71,True,253,44,0.2340188872751758,1082,216,47,0.19963031423290203,0.2175925925925926,0.16447728577079343,0.278633855846844,gemini35flash
2026091285,rich_boost,bonferroni,0.25,,False,0,0,,1082,0,0,0.0,,,,gemini35flash
2026091286,raw_u,fixed_sequence,0.1,,False,0,0,,1082,0,0,0.0,,,,gemini35flash
2026091286,raw_u,bonferroni,0.1,,False,0,0,,1082,0,0,0.0,,,,gemini35flash
2026091286,raw_u,fixed_sequence,0.14285714285714285,,False,0,0,,1082,0,0,0.0,,,,gemini35flash
2026091286,raw_u,bonferroni,0.14285714285714285,,False,0,0,,1082,0,0,0.0,,,,gemini35flash
2026091286,raw_u,fixed_sequence,0.2,,False,0,0,,1082,0,0,0.0,,,,gemini35flash
2026091286,raw_u,bonferroni,0.2,,False,0,0,,1082,0,0,0.0,,,,gemini35flash
2026091286,raw_u,fixed_sequence,0.25,0.91,True,158,27,0.2487597824174579,1082,163,31,0.15064695009242143,0.1901840490797546,0.13303005965199052,0.2589546178145459,gemini35flash
2026091286,raw_u,bonferroni,0.25,,False,0,0,,1082,0,0,0.0,,,,gemini35flash
2026091286,u_boost,fixed_sequence,0.1,,False,0,0,,1082,0,0,0.0,,,,gemini35flash
2026091286,u_boost,bonferroni,0.1,,False,0,0,,1082,0,0,0.0,,,,gemini35flash
2026091286,u_boost,fixed_sequence,0.14285714285714285,,False,0,0,,1082,0,0,0.0,,,,gemini35flash
2026091286,u_boost,bonferroni,0.14285714285714285,,False,0,0,,1082,0,0,0.0,,,,gemini35flash
2026091286,u_boost,fixed_sequence,0.2,,False,0,0,,1082,0,0,0.0,,,,gemini35flash
2026091286,u_boost,bonferroni,0.2,,False,0,0,,1082,0,0,0.0,,,,gemini35flash
2026091286,u_boost,fixed_sequence,0.25,0.74,True,158,27,0.2487597824174579,1082,163,31,0.15064695009242143,0.1901840490797546,0.13303005965199052,0.2589546178145459,gemini35flash
2026091286,u_boost,bonferroni,0.25,,False,0,0,,1082,0,0,0.0,,,,gemini35flash
2026091286,rich_logistic,fixed_sequence,0.1,,False,0,0,,1082,0,0,0.0,,,,gemini35flash
2026091286,rich_logistic,bonferroni,0.1,,False,0,0,,1082,0,0,0.0,,,,gemini35flash
2026091286,rich_logistic,fixed_sequence,0.14285714285714285,,False,0,0,,1082,0,0,0.0,,,,gemini35flash
2026091286,rich_logistic,bonferroni,0.14285714285714285,,False,0,0,,1082,0,0,0.0,,,,gemini35flash
2026091286,rich_logistic,fixed_sequence,0.2,,False,0,0,,1082,0,0,0.0,,,,gemini35flash
2026091286,rich_logistic,bonferroni,0.2,,False,0,0,,1082,0,0,0.0,,,,gemini35flash
2026091286,rich_logistic,fixed_sequence,0.25,0.74,True,276,51,0.24311547321843108,1082,289,62,0.26709796672828096,0.21453287197231835,0.1686190853663187,0.2664055846968658,gemini35flash
2026091286,rich_logistic,bonferroni,0.25,,False,0,0,,1082,0,0,0.0,,,,gemini35flash
2026091286,rich_boost,fixed_sequence,0.1,,False,0,0,,1082,0,0,0.0,,,,gemini35flash
2026091286,rich_boost,bonferroni,0.1,,False,0,0,,1082,0,0,0.0,,,,gemini35flash
2026091286,rich_boost,fixed_sequence,0.14285714285714285,,False,0,0,,1082,0,0,0.0,,,,gemini35flash
2026091286,rich_boost,bonferroni,0.14285714285714285,,False,0,0,,1082,0,0,0.0,,,,gemini35flash
2026091286,rich_boost,fixed_sequence,0.2,,False,0,0,,1082,0,0,0.0,,,,gemini35flash
2026091286,rich_boost,bonferroni,0.2,,False,0,0,,1082,0,0,0.0,,,,gemini35flash
2026091286,rich_boost,fixed_sequence,0.25,0.74,True,261,48,0.2439800853051627,1082,274,59,0.2532347504621072,0.21532846715328466,0.16814823025179512,0.2687816680035263,gemini35flash
2026091286,rich_boost,bonferroni,0.25,,False,0,0,,1082,0,0,0.0,,,,gemini35flash
2026091287,raw_u,fixed_sequence,0.1,,False,0,0,,1082,0,0,0.0,,,,gemini35flash
2026091287,raw_u,bonferroni,0.1,,False,0,0,,1082,0,0,0.0,,,,gemini35flash
2026091287,raw_u,fixed_sequence,0.14285714285714285,,False,0,0,,1082,0,0,0.0,,,,gemini35flash
2026091287,raw_u,bonferroni,0.14285714285714285,,False,0,0,,1082,0,0,0.0,,,,gemini35flash
2026091287,raw_u,fixed_sequence,0.2,,False,0,0,,1082,0,0,0.0,,,,gemini35flash
2026091287,raw_u,bonferroni,0.2,,False,0,0,,1082,0,0,0.0,,,,gemini35flash
2026091287,raw_u,fixed_sequence,0.25,,False,0,0,,1082,0,0,0.0,,,,gemini35flash
2026091287,raw_u,bonferroni,0.25,,False,0,0,,1082,0,0,0.0,,,,gemini35flash
2026091287,u_boost,fixed_sequence,0.1,,False,0,0,,1082,0,0,0.0,,,,gemini35flash
2026091287,u_boost,bonferroni,0.1,,False,0,0,,1082,0,0,0.0,,,,gemini35flash
2026091287,u_boost,fixed_sequence,0.14285714285714285,,False,0,0,,1082,0,0,0.0,,,,gemini35flash
2026091287,u_boost,bonferroni,0.14285714285714285,,False,0,0,,1082,0,0,0.0,,,,gemini35flash
2026091287,u_boost,fixed_sequence,0.2,,False,0,0,,1082,0,0,0.0,,,,gemini35flash
2026091287,u_boost,bonferroni,0.2,,False,0,0,,1082,0,0,0.0,,,,gemini35flash
2026091287,u_boost,fixed_sequence,0.25,,False,0,0,,1082,0,0,0.0,,,,gemini35flash
2026091287,u_boost,bonferroni,0.25,,False,0,0,,1082,0,0,0.0,,,,gemini35flash
2026091287,rich_logistic,fixed_sequence,0.1,,False,0,0,,1082,0,0,0.0,,,,gemini35flash
2026091287,rich_logistic,bonferroni,0.1,,False,0,0,,1082,0,0,0.0,,,,gemini35flash
2026091287,rich_logistic,fixed_sequence,0.14285714285714285,,False,0,0,,1082,0,0,0.0,,,,gemini35flash
2026091287,rich_logistic,bonferroni,0.14285714285714285,,False,0,0,,1082,0,0,0.0,,,,gemini35flash
2026091287,rich_logistic,fixed_sequence,0.2,,False,0,0,,1082,0,0,0.0,,,,gemini35flash
2026091287,rich_logistic,bonferroni,0.2,,False,0,0,,1082,0,0,0.0,,,,gemini35flash
2026091287,rich_logistic,fixed_sequence,0.25,,False,0,0,,1082,0,0,0.0,,,,gemini35flash
2026091287,rich_logistic,bonferroni,0.25,,False,0,0,,1082,0,0,0.0,,,,gemini35flash
2026091287,rich_boost,fixed_sequence,0.1,,False,0,0,,1082,0,0,0.0,,,,gemini35flash
2026091287,rich_boost,bonferroni,0.1,,False,0,0,,1082,0,0,0.0,,,,gemini35flash
2026091287,rich_boost,fixed_sequence,0.14285714285714285,,False,0,0,,1082,0,0,0.0,,,,gemini35flash
2026091287,rich_boost,bonferroni,0.14285714285714285,,False,0,0,,1082,0,0,0.0,,,,gemini35flash
2026091287,rich_boost,fixed_sequence,0.2,,False,0,0,,1082,0,0,0.0,,,,gemini35flash
2026091287,rich_boost,bonferroni,0.2,,False,0,0,,1082,0,0,0.0,,,,gemini35flash
2026091287,rich_boost,fixed_sequence,0.25,,False,0,0,,1082,0,0,0.0,,,,gemini35flash
2026091287,rich_boost,bonferroni,0.25,,False,0,0,,1082,0,0,0.0,,,,gemini35flash
2026091288,raw_u,fixed_sequence,0.1,,False,0,0,,1082,0,0,0.0,,,,gemini35flash
2026091288,raw_u,bonferroni,0.1,,False,0,0,,1082,0,0,0.0,,,,gemini35flash
2026091288,raw_u,fixed_sequence,0.14285714285714285,,False,0,0,,1082,0,0,0.0,,,,gemini35flash
2026091288,raw_u,bonferroni,0.14285714285714285,,False,0,0,,1082,0,0,0.0,,,,gemini35flash
2026091288,raw_u,fixed_sequence,0.2,,False,0,0,,1082,0,0,0.0,,,,gemini35flash
2026091288,raw_u,bonferroni,0.2,,False,0,0,,1082,0,0,0.0,,,,gemini35flash
2026091288,raw_u,fixed_sequence,0.25,,False,0,0,,1082,0,0,0.0,,,,gemini35flash
2026091288,raw_u,bonferroni,0.25,,False,0,0,,1082,0,0,0.0,,,,gemini35flash
2026091288,u_boost,fixed_sequence,0.1,,False,0,0,,1082,0,0,0.0,,,,gemini35flash
2026091288,u_boost,bonferroni,0.1,,False,0,0,,1082,0,0,0.0,,,,gemini35flash
2026091288,u_boost,fixed_sequence,0.14285714285714285,,False,0,0,,1082,0,0,0.0,,,,gemini35flash
2026091288,u_boost,bonferroni,0.14285714285714285,,False,0,0,,1082,0,0,0.0,,,,gemini35flash
2026091288,u_boost,fixed_sequence,0.2,,False,0,0,,1082,0,0,0.0,,,,gemini35flash
2026091288,u_boost,bonferroni,0.2,,False,0,0,,1082,0,0,0.0,,,,gemini35flash
2026091288,u_boost,fixed_sequence,0.25,,False,0,0,,1082,0,0,0.0,,,,gemini35flash
2026091288,u_boost,bonferroni,0.25,,False,0,0,,1082,0,0,0.0,,,,gemini35flash
2026091288,rich_logistic,fixed_sequence,0.1,,False,0,0,,1082,0,0,0.0,,,,gemini35flash
2026091288,rich_logistic,bonferroni,0.1,,False,0,0,,1082,0,0,0.0,,,,gemini35flash
2026091288,rich_logistic,fixed_sequence,0.14285714285714285,,False,0,0,,1082,0,0,0.0,,,,gemini35flash
2026091288,rich_logistic,bonferroni,0.14285714285714285,,False,0,0,,1082,0,0,0.0,,,,gemini35flash
2026091288,rich_logistic,fixed_sequence,0.2,,False,0,0,,1082,0,0,0.0,,,,gemini35flash
2026091288,rich_logistic,bonferroni,0.2,,False,0,0,,1082,0,0,0.0,,,,gemini35flash
2026091288,rich_logistic,fixed_sequence,0.25,,False,0,0,,1082,0,0,0.0,,,,gemini35flash
2026091288,rich_logistic,bonferroni,0.25,,False,0,0,,1082,0,0,0.0,,,,gemini35flash
2026091288,rich_boost,fixed_sequence,0.1,,False,0,0,,1082,0,0,0.0,,,,gemini35flash
2026091288,rich_boost,bonferroni,0.1,,False,0,0,,1082,0,0,0.0,,,,gemini35flash
2026091288,rich_boost,fixed_sequence,0.14285714285714285,,False,0,0,,1082,0,0,0.0,,,,gemini35flash
2026091288,rich_boost,bonferroni,0.14285714285714285,,False,0,0,,1082,0,0,0.0,,,,gemini35flash
2026091288,rich_boost,fixed_sequence,0.2,,False,0,0,,1082,0,0,0.0,,,,gemini35flash
2026091288,rich_boost,bonferroni,0.2,,False,0,0,,1082,0,0,0.0,,,,gemini35flash
2026091288,rich_boost,fixed_sequence,0.25,,False,0,0,,1082,0,0,0.0,,,,gemini35flash
2026091288,rich_boost,bonferroni,0.25,,False,0,0,,1082,0,0,0.0,,,,gemini35flash
2026091289,raw_u,fixed_sequence,0.1,,False,0,0,,1082,0,0,0.0,,,,gemini35flash
2026091289,raw_u,bonferroni,0.1,,False,0,0,,1082,0,0,0.0,,,,gemini35flash
2026091289,raw_u,fixed_sequence,0.14285714285714285,,False,0,0,,1082,0,0,0.0,,,,gemini35flash
2026091289,raw_u,bonferroni,0.14285714285714285,,False,0,0,,1082,0,0,0.0,,,,gemini35flash
2026091289,raw_u,fixed_sequence,0.2,,False,0,0,,1082,0,0,0.0,,,,gemini35flash
2026091289,raw_u,bonferroni,0.2,,False,0,0,,1082,0,0,0.0,,,,gemini35flash
2026091289,raw_u,fixed_sequence,0.25,0.8571428571428571,True,184,27,0.2150633487544808,1082,182,31,0.16820702402957485,0.17032967032967034,0.11876155843945876,0.23297084898195694,gemini35flash
2026091289,raw_u,bonferroni,0.25,0.8571428571428571,True,184,27,0.24946115307134903,1082,182,31,0.16820702402957485,0.17032967032967034,0.11876155843945876,0.23297084898195694,gemini35flash
2026091289,u_boost,fixed_sequence,0.1,,False,0,0,,1082,0,0,0.0,,,,gemini35flash
2026091289,u_boost,bonferroni,0.1,,False,0,0,,1082,0,0,0.0,,,,gemini35flash
2026091289,u_boost,fixed_sequence,0.14285714285714285,,False,0,0,,1082,0,0,0.0,,,,gemini35flash
2026091289,u_boost,bonferroni,0.14285714285714285,,False,0,0,,1082,0,0,0.0,,,,gemini35flash
2026091289,u_boost,fixed_sequence,0.2,,False,0,0,,1082,0,0,0.0,,,,gemini35flash
2026091289,u_boost,bonferroni,0.2,,False,0,0,,1082,0,0,0.0,,,,gemini35flash
2026091289,u_boost,fixed_sequence,0.25,0.75,True,158,22,0.21266893738095485,1082,155,20,0.14325323475046212,0.12903225806451613,0.08063022803324964,0.19222476735345218,gemini35flash
2026091289,u_boost,bonferroni,0.25,0.75,True,158,22,0.24989334462623944,1082,155,20,0.14325323475046212,0.12903225806451613,0.08063022803324964,0.19222476735345218,gemini35flash
2026091289,rich_logistic,fixed_sequence,0.1,,False,0,0,,1082,0,0,0.0,,,,gemini35flash
2026091289,rich_logistic,bonferroni,0.1,,False,0,0,,1082,0,0,0.0,,,,gemini35flash
2026091289,rich_logistic,fixed_sequence,0.14285714285714285,,False,0,0,,1082,0,0,0.0,,,,gemini35flash
2026091289,rich_logistic,bonferroni,0.14285714285714285,,False,0,0,,1082,0,0,0.0,,,,gemini35flash
2026091289,rich_logistic,fixed_sequence,0.2,,False,0,0,,1082,0,0,0.0,,,,gemini35flash
2026091289,rich_logistic,bonferroni,0.2,,False,0,0,,1082,0,0,0.0,,,,gemini35flash
2026091289,rich_logistic,fixed_sequence,0.25,,False,0,0,,1082,0,0,0.0,,,,gemini35flash
2026091289,rich_logistic,bonferroni,0.25,,False,0,0,,1082,0,0,0.0,,,,gemini35flash
2026091289,rich_boost,fixed_sequence,0.1,,False,0,0,,1082,0,0,0.0,,,,gemini35flash
2026091289,rich_boost,bonferroni,0.1,,False,0,0,,1082,0,0,0.0,,,,gemini35flash
2026091289,rich_boost,fixed_sequence,0.14285714285714285,,False,0,0,,1082,0,0,0.0,,,,gemini35flash
2026091289,rich_boost,bonferroni,0.14285714285714285,,False,0,0,,1082,0,0,0.0,,,,gemini35flash
2026091289,rich_boost,fixed_sequence,0.2,,False,0,0,,1082,0,0,0.0,,,,gemini35flash
2026091289,rich_boost,bonferroni,0.2,,False,0,0,,1082,0,0,0.0,,,,gemini35flash
2026091289,rich_boost,fixed_sequence,0.25,0.76,True,189,29,0.22163031810247455,1082,183,26,0.16913123844731978,0.14207650273224043,0.09495511589528645,0.20120572663538336,gemini35flash
2026091289,rich_boost,bonferroni,0.25,,False,0,0,,1082,0,0,0.0,,,,gemini35flash
2026091290,raw_u,fixed_sequence,0.1,,False,0,0,,1082,0,0,0.0,,,,gemini35flash
2026091290,raw_u,bonferroni,0.1,,False,0,0,,1082,0,0,0.0,,,,gemini35flash
2026091290,raw_u,fixed_sequence,0.14285714285714285,,False,0,0,,1082,0,0,0.0,,,,gemini35flash
2026091290,raw_u,bonferroni,0.14285714285714285,,False,0,0,,1082,0,0,0.0,,,,gemini35flash
2026091290,raw_u,fixed_sequence,0.2,,False,0,0,,1082,0,0,0.0,,,,gemini35flash
2026091290,raw_u,bonferroni,0.2,,False,0,0,,1082,0,0,0.0,,,,gemini35flash
2026091290,raw_u,fixed_sequence,0.25,0.91,True,168,29,0.2480459033960756,1082,155,28,0.14325323475046212,0.18064516129032257,0.12352161044380507,0.2503890546273029,gemini35flash
2026091290,raw_u,bonferroni,0.25,,False,0,0,,1082,0,0,0.0,,,,gemini35flash
2026091290,u_boost,fixed_sequence,0.1,,False,0,0,,1082,0,0,0.0,,,,gemini35flash
2026091290,u_boost,bonferroni,0.1,,False,0,0,,1082,0,0,0.0,,,,gemini35flash
2026091290,u_boost,fixed_sequence,0.14285714285714285,,False,0,0,,1082,0,0,0.0,,,,gemini35flash
2026091290,u_boost,bonferroni,0.14285714285714285,,False,0,0,,1082,0,0,0.0,,,,gemini35flash
2026091290,u_boost,fixed_sequence,0.2,,False,0,0,,1082,0,0,0.0,,,,gemini35flash
2026091290,u_boost,bonferroni,0.2,,False,0,0,,1082,0,0,0.0,,,,gemini35flash
2026091290,u_boost,fixed_sequence,0.25,0.78,True,168,29,0.2480459033960756,1082,155,28,0.14325323475046212,0.18064516129032257,0.12352161044380507,0.2503890546273029,gemini35flash
2026091290,u_boost,bonferroni,0.25,,False,0,0,,1082,0,0,0.0,,,,gemini35flash
2026091290,rich_logistic,fixed_sequence,0.1,,False,0,0,,1082,0,0,0.0,,,,gemini35flash
2026091290,rich_logistic,bonferroni,0.1,,False,0,0,,1082,0,0,0.0,,,,gemini35flash
2026091290,rich_logistic,fixed_sequence,0.14285714285714285,,False,0,0,,1082,0,0,0.0,,,,gemini35flash
2026091290,rich_logistic,bonferroni,0.14285714285714285,,False,0,0,,1082,0,0,0.0,,,,gemini35flash
2026091290,rich_logistic,fixed_sequence,0.2,,False,0,0,,1082,0,0,0.0,,,,gemini35flash
2026091290,rich_logistic,bonferroni,0.2,,False,0,0,,1082,0,0,0.0,,,,gemini35flash
2026091290,rich_logistic,fixed_sequence,0.25,,False,0,0,,1082,0,0,0.0,,,,gemini35flash
2026091290,rich_logistic,bonferroni,0.25,,False,0,0,,1082,0,0,0.0,,,,gemini35flash
2026091290,rich_boost,fixed_sequence,0.1,,False,0,0,,1082,0,0,0.0,,,,gemini35flash
2026091290,rich_boost,bonferroni,0.1,,False,0,0,,1082,0,0,0.0,,,,gemini35flash
2026091290,rich_boost,fixed_sequence,0.14285714285714285,,False,0,0,,1082,0,0,0.0,,,,gemini35flash
2026091290,rich_boost,bonferroni,0.14285714285714285,,False,0,0,,1082,0,0,0.0,,,,gemini35flash
2026091290,rich_boost,fixed_sequence,0.2,,False,0,0,,1082,0,0,0.0,,,,gemini35flash
2026091290,rich_boost,bonferroni,0.2,,False,0,0,,1082,0,0,0.0,,,,gemini35flash
2026091290,rich_boost,fixed_sequence,0.25,,False,0,0,,1082,0,0,0.0,,,,gemini35flash
2026091290,rich_boost,bonferroni,0.25,,False,0,0,,1082,0,0,0.0,,,,gemini35flash
2026091291,raw_u,fixed_sequence,0.1,,False,0,0,,1082,0,0,0.0,,,,gemini35flash
2026091291,raw_u,bonferroni,0.1,,False,0,0,,1082,0,0,0.0,,,,gemini35flash
2026091291,raw_u,fixed_sequence,0.14285714285714285,,False,0,0,,1082,0,0,0.0,,,,gemini35flash
2026091291,raw_u,bonferroni,0.14285714285714285,,False,0,0,,1082,0,0,0.0,,,,gemini35flash
2026091291,raw_u,fixed_sequence,0.2,,False,0,0,,1082,0,0,0.0,,,,gemini35flash
2026091291,raw_u,bonferroni,0.2,,False,0,0,,1082,0,0,0.0,,,,gemini35flash
2026091291,raw_u,fixed_sequence,0.25,0.8571428571428571,True,187,32,0.2419514041362343,1082,188,31,0.17375231053604437,0.16489361702127658,0.11487144002137689,0.22581293966935995,gemini35flash
2026091291,raw_u,bonferroni,0.25,,False,0,0,,1082,0,0,0.0,,,,gemini35flash
2026091291,u_boost,fixed_sequence,0.1,,False,0,0,,1082,0,0,0.0,,,,gemini35flash
2026091291,u_boost,bonferroni,0.1,,False,0,0,,1082,0,0,0.0,,,,gemini35flash
2026091291,u_boost,fixed_sequence,0.14285714285714285,,False,0,0,,1082,0,0,0.0,,,,gemini35flash
2026091291,u_boost,bonferroni,0.14285714285714285,,False,0,0,,1082,0,0,0.0,,,,gemini35flash
2026091291,u_boost,fixed_sequence,0.2,,False,0,0,,1082,0,0,0.0,,,,gemini35flash
2026091291,u_boost,bonferroni,0.2,,False,0,0,,1082,0,0,0.0,,,,gemini35flash
2026091291,u_boost,fixed_sequence,0.25,0.75,True,164,28,0.24695826885224953,1082,161,20,0.1487985212569316,0.12422360248447205,0.07755698832915109,0.18531642971075335,gemini35flash
2026091291,u_boost,bonferroni,0.25,,False,0,0,,1082,0,0,0.0,,,,gemini35flash
2026091291,rich_logistic,fixed_sequence,0.1,,False,0,0,,1082,0,0,0.0,,,,gemini35flash
2026091291,rich_logistic,bonferroni,0.1,,False,0,0,,1082,0,0,0.0,,,,gemini35flash
2026091291,rich_logistic,fixed_sequence,0.14285714285714285,,False,0,0,,1082,0,0,0.0,,,,gemini35flash
2026091291,rich_logistic,bonferroni,0.14285714285714285,,False,0,0,,1082,0,0,0.0,,,,gemini35flash
2026091291,rich_logistic,fixed_sequence,0.2,,False,0,0,,1082,0,0,0.0,,,,gemini35flash
2026091291,rich_logistic,bonferroni,0.2,,False,0,0,,1082,0,0,0.0,,,,gemini35flash
2026091291,rich_logistic,fixed_sequence,0.25,,False,0,0,,1082,0,0,0.0,,,,gemini35flash
2026091291,rich_logistic,bonferroni,0.25,,False,0,0,,1082,0,0,0.0,,,,gemini35flash
2026091291,rich_boost,fixed_sequence,0.1,,False,0,0,,1082,0,0,0.0,,,,gemini35flash
2026091291,rich_boost,bonferroni,0.1,,False,0,0,,1082,0,0,0.0,,,,gemini35flash
2026091291,rich_boost,fixed_sequence,0.14285714285714285,,False,0,0,,1082,0,0,0.0,,,,gemini35flash
2026091291,rich_boost,bonferroni,0.14285714285714285,,False,0,0,,1082,0,0,0.0,,,,gemini35flash
2026091291,rich_boost,fixed_sequence,0.2,,False,0,0,,1082,0,0,0.0,,,,gemini35flash
2026091291,rich_boost,bonferroni,0.2,,False,0,0,,1082,0,0,0.0,,,,gemini35flash
2026091291,rich_boost,fixed_sequence,0.25,,False,0,0,,1082,0,0,0.0,,,,gemini35flash
2026091291,rich_boost,bonferroni,0.25,,False,0,0,,1082,0,0,0.0,,,,gemini35flash
2026091292,raw_u,fixed_sequence,0.1,,False,0,0,,1082,0,0,0.0,,,,gemini35flash
2026091292,raw_u,bonferroni,0.1,,False,0,0,,1082,0,0,0.0,,,,gemini35flash
2026091292,raw_u,fixed_sequence,0.14285714285714285,,False,0,0,,1082,0,0,0.0,,,,gemini35flash
2026091292,raw_u,bonferroni,0.14285714285714285,,False,0,0,,1082,0,0,0.0,,,,gemini35flash
2026091292,raw_u,fixed_sequence,0.2,0.91,True,162,20,0.19327382482569058,1082,165,33,0.15249537892791126,0.2,0.1418504363674775,0.2692467577586126,gemini35flash
2026091292,raw_u,bonferroni,0.2,,False,0,0,,1082,0,0,0.0,,,,gemini35flash
2026091292,raw_u,fixed_sequence,0.25,0.81,True,296,55,0.24203738135301803,1082,301,67,0.27818853974122,0.22259136212624583,0.17687222931576468,0.2738633652275397,gemini35flash
2026091292,raw_u,bonferroni,0.25,0.91,True,162,20,0.22902975395372657,1082,165,33,0.15249537892791126,0.2,0.1418504363674775,0.2692467577586126,gemini35flash
2026091292,u_boost,fixed_sequence,0.1,,False,0,0,,1082,0,0,0.0,,,,gemini35flash
2026091292,u_boost,bonferroni,0.1,,False,0,0,,1082,0,0,0.0,,,,gemini35flash
2026091292,u_boost,fixed_sequence,0.14285714285714285,,False,0,0,,1082,0,0,0.0,,,,gemini35flash
2026091292,u_boost,bonferroni,0.14285714285714285,,False,0,0,,1082,0,0,0.0,,,,gemini35flash
2026091292,u_boost,fixed_sequence,0.2,0.74,True,162,20,0.19327382482569058,1082,165,33,0.15249537892791126,0.2,0.1418504363674775,0.2692467577586126,gemini35flash
2026091292,u_boost,bonferroni,0.2,,False,0,0,,1082,0,0,0.0,,,,gemini35flash
2026091292,u_boost,fixed_sequence,0.25,0.69,True,296,55,0.24203738135301803,1082,301,67,0.27818853974122,0.22259136212624583,0.17687222931576468,0.2738633652275397,gemini35flash
2026091292,u_boost,bonferroni,0.25,0.74,True,162,20,0.22902975395372657,1082,165,33,0.15249537892791126,0.2,0.1418504363674775,0.2692467577586126,gemini35flash
2026091292,rich_logistic,fixed_sequence,0.1,,False,0,0,,1082,0,0,0.0,,,,gemini35flash
2026091292,rich_logistic,bonferroni,0.1,,False,0,0,,1082,0,0,0.0,,,,gemini35flash
2026091292,rich_logistic,fixed_sequence,0.14285714285714285,,False,0,0,,1082,0,0,0.0,,,,gemini35flash
2026091292,rich_logistic,bonferroni,0.14285714285714285,,False,0,0,,1082,0,0,0.0,,,,gemini35flash
2026091292,rich_logistic,fixed_sequence,0.2,,False,0,0,,1082,0,0,0.0,,,,gemini35flash
2026091292,rich_logistic,bonferroni,0.2,,False,0,0,,1082,0,0,0.0,,,,gemini35flash
2026091292,rich_logistic,fixed_sequence,0.25,0.75,True,224,35,0.2185334547694558,1082,217,42,0.20055452865064696,0.1935483870967742,0.14319741321969306,0.2524786037066521,gemini35flash
2026091292,rich_logistic,bonferroni,0.25,0.74,True,224,35,0.24963553165949096,1082,217,42,0.20055452865064696,0.1935483870967742,0.14319741321969306,0.2524786037066521,gemini35flash
2026091292,rich_boost,fixed_sequence,0.1,,False,0,0,,1082,0,0,0.0,,,,gemini35flash
2026091292,rich_boost,bonferroni,0.1,,False,0,0,,1082,0,0,0.0,,,,gemini35flash
2026091292,rich_boost,fixed_sequence,0.14285714285714285,,False,0,0,,1082,0,0,0.0,,,,gemini35flash
2026091292,rich_boost,bonferroni,0.14285714285714285,,False,0,0,,1082,0,0,0.0,,,,gemini35flash
2026091292,rich_boost,fixed_sequence,0.2,,False,0,0,,1082,0,0,0.0,,,,gemini35flash
2026091292,rich_boost,bonferroni,0.2,,False,0,0,,1082,0,0,0.0,,,,gemini35flash
2026091292,rich_boost,fixed_sequence,0.25,0.72,True,259,44,0.22879428221936549,1082,264,52,0.24399260628465805,0.19696969696969696,0.15074603141040024,0.25013888705185344,gemini35flash
2026091292,rich_boost,bonferroni,0.25,0.73,True,210,31,0.24298256289926629,1082,207,41,0.1913123844731978,0.19806763285024154,0.14604567923125988,0.2589546287329121,gemini35flash
2026091293,raw_u,fixed_sequence,0.1,,False,0,0,,1082,0,0,0.0,,,,gemini35flash
2026091293,raw_u,bonferroni,0.1,,False,0,0,,1082,0,0,0.0,,,,gemini35flash
2026091293,raw_u,fixed_sequence,0.14285714285714285,,False,0,0,,1082,0,0,0.0,,,,gemini35flash
2026091293,raw_u,bonferroni,0.14285714285714285,,False,0,0,,1082,0,0,0.0,,,,gemini35flash
2026091293,raw_u,fixed_sequence,0.2,,False,0,0,,1082,0,0,0.0,,,,gemini35flash
2026091293,raw_u,bonferroni,0.2,,False,0,0,,1082,0,0,0.0,,,,gemini35flash
2026091293,raw_u,fixed_sequence,0.25,0.91,True,166,28,0.2441216958728931,1082,149,24,0.1377079482439926,0.1610738255033557,0.10601326898886594,0.23011912697182432,gemini35flash
2026091293,raw_u,bonferroni,0.25,,False,0,0,,1082,0,0,0.0,,,,gemini35flash
2026091293,u_boost,fixed_sequence,0.1,,False,0,0,,1082,0,0,0.0,,,,gemini35flash
2026091293,u_boost,bonferroni,0.1,,False,0,0,,1082,0,0,0.0,,,,gemini35flash
2026091293,u_boost,fixed_sequence,0.14285714285714285,,False,0,0,,1082,0,0,0.0,,,,gemini35flash
2026091293,u_boost,bonferroni,0.14285714285714285,,False,0,0,,1082,0,0,0.0,,,,gemini35flash
2026091293,u_boost,fixed_sequence,0.2,,False,0,0,,1082,0,0,0.0,,,,gemini35flash
2026091293,u_boost,bonferroni,0.2,,False,0,0,,1082,0,0,0.0,,,,gemini35flash
2026091293,u_boost,fixed_sequence,0.25,0.81,True,166,28,0.2441216958728931,1082,149,24,0.1377079482439926,0.1610738255033557,0.10601326898886594,0.23011912697182432,gemini35flash
2026091293,u_boost,bonferroni,0.25,,False,0,0,,1082,0,0,0.0,,,,gemini35flash
2026091293,rich_logistic,fixed_sequence,0.1,,False,0,0,,1082,0,0,0.0,,,,gemini35flash
2026091293,rich_logistic,bonferroni,0.1,,False,0,0,,1082,0,0,0.0,,,,gemini35flash
2026091293,rich_logistic,fixed_sequence,0.14285714285714285,,False,0,0,,1082,0,0,0.0,,,,gemini35flash
2026091293,rich_logistic,bonferroni,0.14285714285714285,,False,0,0,,1082,0,0,0.0,,,,gemini35flash
2026091293,rich_logistic,fixed_sequence,0.2,,False,0,0,,1082,0,0,0.0,,,,gemini35flash
2026091293,rich_logistic,bonferroni,0.2,,False,0,0,,1082,0,0,0.0,,,,gemini35flash
2026091293,rich_logistic,fixed_sequence,0.25,0.78,True,208,36,0.24001800785145957,1082,194,31,0.17929759704251386,0.15979381443298968,0.11122832870190905,0.21908080550862305,gemini35flash
2026091293,rich_logistic,bonferroni,0.25,,False,0,0,,1082,0,0,0.0,,,,gemini35flash
2026091293,rich_boost,fixed_sequence,0.1,,False,0,0,,1082,0,0,0.0,,,,gemini35flash
2026091293,rich_boost,bonferroni,0.1,,False,0,0,,1082,0,0,0.0,,,,gemini35flash
2026091293,rich_boost,fixed_sequence,0.14285714285714285,,False,0,0,,1082,0,0,0.0,,,,gemini35flash
2026091293,rich_boost,bonferroni,0.14285714285714285,,False,0,0,,1082,0,0,0.0,,,,gemini35flash
2026091293,rich_boost,fixed_sequence,0.2,,False,0,0,,1082,0,0,0.0,,,,gemini35flash
2026091293,rich_boost,bonferroni,0.2,,False,0,0,,1082,0,0,0.0,,,,gemini35flash
2026091293,rich_boost,fixed_sequence,0.25,,False,0,0,,1082,0,0,0.0,,,,gemini35flash
2026091293,rich_boost,bonferroni,0.25,,False,0,0,,1082,0,0,0.0,,,,gemini35flash
2026091294,raw_u,fixed_sequence,0.1,,False,0,0,,1082,0,0,0.0,,,,gemini35flash
2026091294,raw_u,bonferroni,0.1,,False,0,0,,1082,0,0,0.0,,,,gemini35flash
2026091294,raw_u,fixed_sequence,0.14285714285714285,,False,0,0,,1082,0,0,0.0,,,,gemini35flash
2026091294,raw_u,bonferroni,0.14285714285714285,,False,0,0,,1082,0,0,0.0,,,,gemini35flash
2026091294,raw_u,fixed_sequence,0.2,,False,0,0,,1082,0,0,0.0,,,,gemini35flash
2026091294,raw_u,bonferroni,0.2,,False,0,0,,1082,0,0,0.0,,,,gemini35flash
2026091294,raw_u,fixed_sequence,0.25,,False,0,0,,1082,0,0,0.0,,,,gemini35flash
2026091294,raw_u,bonferroni,0.25,,False,0,0,,1082,0,0,0.0,,,,gemini35flash
2026091294,u_boost,fixed_sequence,0.1,,False,0,0,,1082,0,0,0.0,,,,gemini35flash
2026091294,u_boost,bonferroni,0.1,,False,0,0,,1082,0,0,0.0,,,,gemini35flash
2026091294,u_boost,fixed_sequence,0.14285714285714285,,False,0,0,,1082,0,0,0.0,,,,gemini35flash
2026091294,u_boost,bonferroni,0.14285714285714285,,False,0,0,,1082,0,0,0.0,,,,gemini35flash
2026091294,u_boost,fixed_sequence,0.2,,False,0,0,,1082,0,0,0.0,,,,gemini35flash
2026091294,u_boost,bonferroni,0.2,,False,0,0,,1082,0,0,0.0,,,,gemini35flash
2026091294,u_boost,fixed_sequence,0.25,,False,0,0,,1082,0,0,0.0,,,,gemini35flash
2026091294,u_boost,bonferroni,0.25,,False,0,0,,1082,0,0,0.0,,,,gemini35flash
2026091294,rich_logistic,fixed_sequence,0.1,,False,0,0,,1082,0,0,0.0,,,,gemini35flash
2026091294,rich_logistic,bonferroni,0.1,,False,0,0,,1082,0,0,0.0,,,,gemini35flash
2026091294,rich_logistic,fixed_sequence,0.14285714285714285,,False,0,0,,1082,0,0,0.0,,,,gemini35flash
2026091294,rich_logistic,bonferroni,0.14285714285714285,,False,0,0,,1082,0,0,0.0,,,,gemini35flash
2026091294,rich_logistic,fixed_sequence,0.2,,False,0,0,,1082,0,0,0.0,,,,gemini35flash
2026091294,rich_logistic,bonferroni,0.2,,False,0,0,,1082,0,0,0.0,,,,gemini35flash
2026091294,rich_logistic,fixed_sequence,0.25,,False,0,0,,1082,0,0,0.0,,,,gemini35flash
2026091294,rich_logistic,bonferroni,0.25,,False,0,0,,1082,0,0,0.0,,,,gemini35flash
2026091294,rich_boost,fixed_sequence,0.1,,False,0,0,,1082,0,0,0.0,,,,gemini35flash
2026091294,rich_boost,bonferroni,0.1,,False,0,0,,1082,0,0,0.0,,,,gemini35flash
2026091294,rich_boost,fixed_sequence,0.14285714285714285,,False,0,0,,1082,0,0,0.0,,,,gemini35flash
2026091294,rich_boost,bonferroni,0.14285714285714285,,False,0,0,,1082,0,0,0.0,,,,gemini35flash
2026091294,rich_boost,fixed_sequence,0.2,,False,0,0,,1082,0,0,0.0,,,,gemini35flash
2026091294,rich_boost,bonferroni,0.2,,False,0,0,,1082,0,0,0.0,,,,gemini35flash
2026091294,rich_boost,fixed_sequence,0.25,,False,0,0,,1082,0,0,0.0,,,,gemini35flash
2026091294,rich_boost,bonferroni,0.25,,False,0,0,,1082,0,0,0.0,,,,gemini35flash
2026091295,raw_u,fixed_sequence,0.1,,False,0,0,,1082,0,0,0.0,,,,gemini35flash
2026091295,raw_u,bonferroni,0.1,,False,0,0,,1082,0,0,0.0,,,,gemini35flash
2026091295,raw_u,fixed_sequence,0.14285714285714285,,False,0,0,,1082,0,0,0.0,,,,gemini35flash
2026091295,raw_u,bonferroni,0.14285714285714285,,False,0,0,,1082,0,0,0.0,,,,gemini35flash
2026091295,raw_u,fixed_sequence,0.2,,False,0,0,,1082,0,0,0.0,,,,gemini35flash
2026091295,raw_u,bonferroni,0.2,,False,0,0,,1082,0,0,0.0,,,,gemini35flash
2026091295,raw_u,fixed_sequence,0.25,0.8571428571428571,True,177,28,0.22961294299668789,1082,211,36,0.19500924214417745,0.17061611374407584,0.12245047140250716,0.22829514007404808,gemini35flash
2026091295,raw_u,bonferroni,0.25,,False,0,0,,1082,0,0,0.0,,,,gemini35flash
2026091295,u_boost,fixed_sequence,0.1,,False,0,0,,1082,0,0,0.0,,,,gemini35flash
2026091295,u_boost,bonferroni,0.1,,False,0,0,,1082,0,0,0.0,,,,gemini35flash
2026091295,u_boost,fixed_sequence,0.14285714285714285,,False,0,0,,1082,0,0,0.0,,,,gemini35flash
2026091295,u_boost,bonferroni,0.14285714285714285,,False,0,0,,1082,0,0,0.0,,,,gemini35flash
2026091295,u_boost,fixed_sequence,0.2,,False,0,0,,1082,0,0,0.0,,,,gemini35flash
2026091295,u_boost,bonferroni,0.2,,False,0,0,,1082,0,0,0.0,,,,gemini35flash
2026091295,u_boost,fixed_sequence,0.25,0.7,True,299,53,0.23238119605976465,1082,348,73,0.32162661737523107,0.20977011494252873,0.16818550238736293,0.2563721873156787,gemini35flash
2026091295,u_boost,bonferroni,0.25,,False,0,0,,1082,0,0,0.0,,,,gemini35flash
2026091295,rich_logistic,fixed_sequence,0.1,,False,0,0,,1082,0,0,0.0,,,,gemini35flash
2026091295,rich_logistic,bonferroni,0.1,,False,0,0,,1082,0,0,0.0,,,,gemini35flash
2026091295,rich_logistic,fixed_sequence,0.14285714285714285,,False,0,0,,1082,0,0,0.0,,,,gemini35flash
2026091295,rich_logistic,bonferroni,0.14285714285714285,,False,0,0,,1082,0,0,0.0,,,,gemini35flash
2026091295,rich_logistic,fixed_sequence,0.2,,False,0,0,,1082,0,0,0.0,,,,gemini35flash
2026091295,rich_logistic,bonferroni,0.2,,False,0,0,,1082,0,0,0.0,,,,gemini35flash
2026091295,rich_logistic,fixed_sequence,0.25,0.74,True,211,31,0.21014191206308916,1082,231,42,0.2134935304990758,0.18181818181818182,0.13429268354079957,0.2377117392259032,gemini35flash
2026091295,rich_logistic,bonferroni,0.25,0.73,True,211,31,0.24189748518204368,1082,231,42,0.2134935304990758,0.18181818181818182,0.13429268354079957,0.2377117392259032,gemini35flash
2026091295,rich_boost,fixed_sequence,0.1,,False,0,0,,1082,0,0,0.0,,,,gemini35flash
2026091295,rich_boost,bonferroni,0.1,,False,0,0,,1082,0,0,0.0,,,,gemini35flash
2026091295,rich_boost,fixed_sequence,0.14285714285714285,,False,0,0,,1082,0,0,0.0,,,,gemini35flash
2026091295,rich_boost,bonferroni,0.14285714285714285,,False,0,0,,1082,0,0,0.0,,,,gemini35flash
2026091295,rich_boost,fixed_sequence,0.2,,False,0,0,,1082,0,0,0.0,,,,gemini35flash
2026091295,rich_boost,bonferroni,0.2,,False,0,0,,1082,0,0,0.0,,,,gemini35flash
2026091295,rich_boost,fixed_sequence,0.25,0.67,True,326,60,0.2372263416925931,1082,401,86,0.3706099815157117,0.2144638403990025,0.17527899362634028,0.25792163271329704,gemini35flash
2026091295,rich_boost,bonferroni,0.25,0.73,True,211,31,0.24189748518204368,1082,231,39,0.2134935304990758,0.16883116883116883,0.12289511792523196,0.22349002986206862,gemini35flash
2026091296,raw_u,fixed_sequence,0.1,,False,0,0,,1082,0,0,0.0,,,,gemini35flash
2026091296,raw_u,bonferroni,0.1,,False,0,0,,1082,0,0,0.0,,,,gemini35flash
2026091296,raw_u,fixed_sequence,0.14285714285714285,,False,0,0,,1082,0,0,0.0,,,,gemini35flash
2026091296,raw_u,bonferroni,0.14285714285714285,,False,0,0,,1082,0,0,0.0,,,,gemini35flash
2026091296,raw_u,fixed_sequence,0.2,,False,0,0,,1082,0,0,0.0,,,,gemini35flash
2026091296,raw_u,bonferroni,0.2,,False,0,0,,1082,0,0,0.0,,,,gemini35flash
2026091296,raw_u,fixed_sequence,0.25,0.8571428571428571,True,200,35,0.2436470087708632,1082,199,38,0.18391866913123844,0.19095477386934673,0.13881694734651312,0.25254540592549946,gemini35flash
2026091296,raw_u,bonferroni,0.25,0.91,True,172,24,0.24490347464268658,1082,178,34,0.1645101663585952,0.19101123595505617,0.1360567603114776,0.2565551065305884,gemini35flash
2026091296,u_boost,fixed_sequence,0.1,,False,0,0,,1082,0,0,0.0,,,,gemini35flash
2026091296,u_boost,bonferroni,0.1,,False,0,0,,1082,0,0,0.0,,,,gemini35flash
2026091296,u_boost,fixed_sequence,0.14285714285714285,,False,0,0,,1082,0,0,0.0,,,,gemini35flash
2026091296,u_boost,bonferroni,0.14285714285714285,,False,0,0,,1082,0,0,0.0,,,,gemini35flash
2026091296,u_boost,fixed_sequence,0.2,,False,0,0,,1082,0,0,0.0,,,,gemini35flash
2026091296,u_boost,bonferroni,0.2,,False,0,0,,1082,0,0,0.0,,,,gemini35flash
2026091296,u_boost,fixed_sequence,0.25,0.74,True,172,24,0.20949311260124154,1082,178,34,0.1645101663585952,0.19101123595505617,0.1360567603114776,0.2565551065305884,gemini35flash
2026091296,u_boost,bonferroni,0.25,0.73,True,172,24,0.24490347464268658,1082,178,34,0.1645101663585952,0.19101123595505617,0.1360567603114776,0.2565551065305884,gemini35flash
2026091296,rich_logistic,fixed_sequence,0.1,,False,0,0,,1082,0,0,0.0,,,,gemini35flash
2026091296,rich_logistic,bonferroni,0.1,,False,0,0,,1082,0,0,0.0,,,,gemini35flash
2026091296,rich_logistic,fixed_sequence,0.14285714285714285,,False,0,0,,1082,0,0,0.0,,,,gemini35flash
2026091296,rich_logistic,bonferroni,0.14285714285714285,,False,0,0,,1082,0,0,0.0,,,,gemini35flash
2026091296,rich_logistic,fixed_sequence,0.2,0.82,True,20,0,0.19675967970462552,1082,9,2,0.00831792975970425,0.2222222222222222,0.028144973477898197,0.600093573716312,gemini35flash
2026091296,rich_logistic,bonferroni,0.2,,False,0,0,,1082,0,0,0.0,,,,gemini35flash
2026091296,rich_logistic,fixed_sequence,0.25,0.72,True,308,56,0.2364726043937441,1082,293,53,0.2707948243992606,0.18088737201365188,0.13853188132826946,0.22983067187192815,gemini35flash
2026091296,rich_logistic,bonferroni,0.25,0.73,True,247,37,0.2370907573775197,1082,244,47,0.2255083179297597,0.19262295081967212,0.14510008687851045,0.24778255468655142,gemini35flash
2026091296,rich_boost,fixed_sequence,0.1,,False,0,0,,1082,0,0,0.0,,,,gemini35flash
2026091296,rich_boost,bonferroni,0.1,,False,0,0,,1082,0,0,0.0,,,,gemini35flash
2026091296,rich_boost,fixed_sequence,0.14285714285714285,,False,0,0,,1082,0,0,0.0,,,,gemini35flash
2026091296,rich_boost,bonferroni,0.14285714285714285,,False,0,0,,1082,0,0,0.0,,,,gemini35flash
2026091296,rich_boost,fixed_sequence,0.2,,False,0,0,,1082,0,0,0.0,,,,gemini35flash
2026091296,rich_boost,bonferroni,0.2,,False,0,0,,1082,0,0,0.0,,,,gemini35flash
2026091296,rich_boost,fixed_sequence,0.25,0.77,True,174,24,0.20718427164004427,1082,179,34,0.16543438077634012,0.18994413407821228,0.1352740707002313,0.25518088904848574,gemini35flash
2026091296,rich_boost,bonferroni,0.25,0.73,True,228,31,0.22482462653129132,1082,219,42,0.2024029574861368,0.1917808219178082,0.1418535900584832,0.2502580181481838,gemini35flash
2026091297,raw_u,fixed_sequence,0.1,,False,0,0,,1082,0,0,0.0,,,,gemini35flash
2026091297,raw_u,bonferroni,0.1,,False,0,0,,1082,0,0,0.0,,,,gemini35flash
2026091297,raw_u,fixed_sequence,0.14285714285714285,,False,0,0,,1082,0,0,0.0,,,,gemini35flash
2026091297,raw_u,bonferroni,0.14285714285714285,,False,0,0,,1082,0,0,0.0,,,,gemini35flash
2026091297,raw_u,fixed_sequence,0.2,,False,0,0,,1082,0,0,0.0,,,,gemini35flash
2026091297,raw_u,bonferroni,0.2,,False,0,0,,1082,0,0,0.0,,,,gemini35flash
2026091297,raw_u,fixed_sequence,0.25,,False,0,0,,1082,0,0,0.0,,,,gemini35flash
2026091297,raw_u,bonferroni,0.25,,False,0,0,,1082,0,0,0.0,,,,gemini35flash
2026091297,u_boost,fixed_sequence,0.1,,False,0,0,,1082,0,0,0.0,,,,gemini35flash
2026091297,u_boost,bonferroni,0.1,,False,0,0,,1082,0,0,0.0,,,,gemini35flash
2026091297,u_boost,fixed_sequence,0.14285714285714285,,False,0,0,,1082,0,0,0.0,,,,gemini35flash
2026091297,u_boost,bonferroni,0.14285714285714285,,False,0,0,,1082,0,0,0.0,,,,gemini35flash
2026091297,u_boost,fixed_sequence,0.2,,False,0,0,,1082,0,0,0.0,,,,gemini35flash
2026091297,u_boost,bonferroni,0.2,,False,0,0,,1082,0,0,0.0,,,,gemini35flash
2026091297,u_boost,fixed_sequence,0.25,,False,0,0,,1082,0,0,0.0,,,,gemini35flash
2026091297,u_boost,bonferroni,0.25,,False,0,0,,1082,0,0,0.0,,,,gemini35flash
2026091297,rich_logistic,fixed_sequence,0.1,,False,0,0,,1082,0,0,0.0,,,,gemini35flash
2026091297,rich_logistic,bonferroni,0.1,,False,0,0,,1082,0,0,0.0,,,,gemini35flash
2026091297,rich_logistic,fixed_sequence,0.14285714285714285,,False,0,0,,1082,0,0,0.0,,,,gemini35flash
2026091297,rich_logistic,bonferroni,0.14285714285714285,,False,0,0,,1082,0,0,0.0,,,,gemini35flash
2026091297,rich_logistic,fixed_sequence,0.2,,False,0,0,,1082,0,0,0.0,,,,gemini35flash
2026091297,rich_logistic,bonferroni,0.2,,False,0,0,,1082,0,0,0.0,,,,gemini35flash
2026091297,rich_logistic,fixed_sequence,0.25,0.75,True,203,33,0.22918382916547922,1082,217,33,0.20055452865064696,0.15207373271889402,0.10705083178021156,0.20688709213353895,gemini35flash
2026091297,rich_logistic,bonferroni,0.25,,False,0,0,,1082,0,0,0.0,,,,gemini35flash
2026091297,rich_boost,fixed_sequence,0.1,,False,0,0,,1082,0,0,0.0,,,,gemini35flash
2026091297,rich_boost,bonferroni,0.1,,False,0,0,,1082,0,0,0.0,,,,gemini35flash
2026091297,rich_boost,fixed_sequence,0.14285714285714285,,False,0,0,,1082,0,0,0.0,,,,gemini35flash
2026091297,rich_boost,bonferroni,0.14285714285714285,,False,0,0,,1082,0,0,0.0,,,,gemini35flash
2026091297,rich_boost,fixed_sequence,0.2,,False,0,0,,1082,0,0,0.0,,,,gemini35flash
2026091297,rich_boost,bonferroni,0.2,,False,0,0,,1082,0,0,0.0,,,,gemini35flash
2026091297,rich_boost,fixed_sequence,0.25,0.77,True,184,31,0.2396354395228137,1082,204,31,0.18853974121996303,0.15196078431372548,0.10564463761607085,0.20870866824878576,gemini35flash
2026091297,rich_boost,bonferroni,0.25,,False,0,0,,1082,0,0,0.0,,,,gemini35flash
2026091298,raw_u,fixed_sequence,0.1,,False,0,0,,1082,0,0,0.0,,,,gemini35flash
2026091298,raw_u,bonferroni,0.1,,False,0,0,,1082,0,0,0.0,,,,gemini35flash
2026091298,raw_u,fixed_sequence,0.14285714285714285,,False,0,0,,1082,0,0,0.0,,,,gemini35flash
2026091298,raw_u,bonferroni,0.14285714285714285,,False,0,0,,1082,0,0,0.0,,,,gemini35flash
2026091298,raw_u,fixed_sequence,0.2,,False,0,0,,1082,0,0,0.0,,,,gemini35flash
2026091298,raw_u,bonferroni,0.2,,False,0,0,,1082,0,0,0.0,,,,gemini35flash
2026091298,raw_u,fixed_sequence,0.25,0.81,True,294,54,0.23991386358288425,1082,314,59,0.2902033271719039,0.18789808917197454,0.14622376238603305,0.23557316112414814,gemini35flash
2026091298,raw_u,bonferroni,0.25,0.8571428571428571,True,199,29,0.24373168880008647,1082,187,27,0.17282809611829944,0.1443850267379679,0.09735657174378451,0.20307816682411067,gemini35flash
2026091298,u_boost,fixed_sequence,0.1,,False,0,0,,1082,0,0,0.0,,,,gemini35flash
2026091298,u_boost,bonferroni,0.1,,False,0,0,,1082,0,0,0.0,,,,gemini35flash
2026091298,u_boost,fixed_sequence,0.14285714285714285,,False,0,0,,1082,0,0,0.0,,,,gemini35flash
2026091298,u_boost,bonferroni,0.14285714285714285,,False,0,0,,1082,0,0,0.0,,,,gemini35flash
2026091298,u_boost,fixed_sequence,0.2,,False,0,0,,1082,0,0,0.0,,,,gemini35flash
2026091298,u_boost,bonferroni,0.2,,False,0,0,,1082,0,0,0.0,,,,gemini35flash
2026091298,u_boost,fixed_sequence,0.25,0.75,True,173,24,0.2083323104238749,1082,161,23,0.1487985212569316,0.14285714285714285,0.09276468055329191,0.20660683824577064,gemini35flash
2026091298,u_boost,bonferroni,0.25,0.75,True,173,24,0.24357756721598445,1082,161,23,0.1487985212569316,0.14285714285714285,0.09276468055329191,0.20660683824577064,gemini35flash
2026091298,rich_logistic,fixed_sequence,0.1,,False,0,0,,1082,0,0,0.0,,,,gemini35flash
2026091298,rich_logistic,bonferroni,0.1,,False,0,0,,1082,0,0,0.0,,,,gemini35flash
2026091298,rich_logistic,fixed_sequence,0.14285714285714285,,False,0,0,,1082,0,0,0.0,,,,gemini35flash
2026091298,rich_logistic,bonferroni,0.14285714285714285,,False,0,0,,1082,0,0,0.0,,,,gemini35flash
2026091298,rich_logistic,fixed_sequence,0.2,,False,0,0,,1082,0,0,0.0,,,,gemini35flash
2026091298,rich_logistic,bonferroni,0.2,,False,0,0,,1082,0,0,0.0,,,,gemini35flash
2026091298,rich_logistic,fixed_sequence,0.25,0.74,True,228,38,0.22955014559750778,1082,214,35,0.1977818853974122,0.16355140186915887,0.11664140327752112,0.22004868530822894,gemini35flash
2026091298,rich_logistic,bonferroni,0.25,0.77,True,190,28,0.24832627882400296,1082,181,25,0.16728280961182995,0.13812154696132597,0.09142116292312377,0.19710869688411223,gemini35flash
2026091298,rich_boost,fixed_sequence,0.1,,False,0,0,,1082,0,0,0.0,,,,gemini35flash
2026091298,rich_boost,bonferroni,0.1,,False,0,0,,1082,0,0,0.0,,,,gemini35flash
2026091298,rich_boost,fixed_sequence,0.14285714285714285,,False,0,0,,1082,0,0,0.0,,,,gemini35flash
2026091298,rich_boost,bonferroni,0.14285714285714285,,False,0,0,,1082,0,0,0.0,,,,gemini35flash
2026091298,rich_boost,fixed_sequence,0.2,,False,0,0,,1082,0,0,0.0,,,,gemini35flash
2026091298,rich_boost,bonferroni,0.2,,False,0,0,,1082,0,0,0.0,,,,gemini35flash
2026091298,rich_boost,fixed_sequence,0.25,0.73,True,238,38,0.22026128035014517,1082,228,38,0.21072088724584104,0.16666666666666666,0.12072419956548204,0.22150923704956477,gemini35flash
2026091298,rich_boost,bonferroni,0.25,0.71,True,270,44,0.24800747179255186,1082,294,54,0.27171903881700554,0.1836734693877551,0.141097668095404,0.23275516789630651,gemini35flash
2026091299,raw_u,fixed_sequence,0.1,,False,0,0,,1082,0,0,0.0,,,,gemini35flash
2026091299,raw_u,bonferroni,0.1,,False,0,0,,1082,0,0,0.0,,,,gemini35flash
2026091299,raw_u,fixed_sequence,0.14285714285714285,,False,0,0,,1082,0,0,0.0,,,,gemini35flash
2026091299,raw_u,bonferroni,0.14285714285714285,,False,0,0,,1082,0,0,0.0,,,,gemini35flash
2026091299,raw_u,fixed_sequence,0.2,,False,0,0,,1082,0,0,0.0,,,,gemini35flash
2026091299,raw_u,bonferroni,0.2,,False,0,0,,1082,0,0,0.0,,,,gemini35flash
2026091299,raw_u,fixed_sequence,0.25,,False,0,0,,1082,0,0,0.0,,,,gemini35flash
2026091299,raw_u,bonferroni,0.25,,False,0,0,,1082,0,0,0.0,,,,gemini35flash
2026091299,u_boost,fixed_sequence,0.1,,False,0,0,,1082,0,0,0.0,,,,gemini35flash
2026091299,u_boost,bonferroni,0.1,,False,0,0,,1082,0,0,0.0,,,,gemini35flash
2026091299,u_boost,fixed_sequence,0.14285714285714285,,False,0,0,,1082,0,0,0.0,,,,gemini35flash
2026091299,u_boost,bonferroni,0.14285714285714285,,False,0,0,,1082,0,0,0.0,,,,gemini35flash
2026091299,u_boost,fixed_sequence,0.2,,False,0,0,,1082,0,0,0.0,,,,gemini35flash
2026091299,u_boost,bonferroni,0.2,,False,0,0,,1082,0,0,0.0,,,,gemini35flash
2026091299,u_boost,fixed_sequence,0.25,,False,0,0,,1082,0,0,0.0,,,,gemini35flash
2026091299,u_boost,bonferroni,0.25,,False,0,0,,1082,0,0,0.0,,,,gemini35flash
2026091299,rich_logistic,fixed_sequence,0.1,,False,0,0,,1082,0,0,0.0,,,,gemini35flash
2026091299,rich_logistic,bonferroni,0.1,,False,0,0,,1082,0,0,0.0,,,,gemini35flash
2026091299,rich_logistic,fixed_sequence,0.14285714285714285,,False,0,0,,1082,0,0,0.0,,,,gemini35flash
2026091299,rich_logistic,bonferroni,0.14285714285714285,,False,0,0,,1082,0,0,0.0,,,,gemini35flash
2026091299,rich_logistic,fixed_sequence,0.2,,False,0,0,,1082,0,0,0.0,,,,gemini35flash
2026091299,rich_logistic,bonferroni,0.2,,False,0,0,,1082,0,0,0.0,,,,gemini35flash
2026091299,rich_logistic,fixed_sequence,0.25,,False,0,0,,1082,0,0,0.0,,,,gemini35flash
2026091299,rich_logistic,bonferroni,0.25,,False,0,0,,1082,0,0,0.0,,,,gemini35flash
2026091299,rich_boost,fixed_sequence,0.1,,False,0,0,,1082,0,0,0.0,,,,gemini35flash
2026091299,rich_boost,bonferroni,0.1,,False,0,0,,1082,0,0,0.0,,,,gemini35flash
2026091299,rich_boost,fixed_sequence,0.14285714285714285,,False,0,0,,1082,0,0,0.0,,,,gemini35flash
2026091299,rich_boost,bonferroni,0.14285714285714285,,False,0,0,,1082,0,0,0.0,,,,gemini35flash
2026091299,rich_boost,fixed_sequence,0.2,,False,0,0,,1082,0,0,0.0,,,,gemini35flash
2026091299,rich_boost,bonferroni,0.2,,False,0,0,,1082,0,0,0.0,,,,gemini35flash
2026091299,rich_boost,fixed_sequence,0.25,,False,0,0,,1082,0,0,0.0,,,,gemini35flash
2026091299,rich_boost,bonferroni,0.25,,False,0,0,,1082,0,0,0.0,,,,gemini35flash
2026091300,raw_u,fixed_sequence,0.1,,False,0,0,,1082,0,0,0.0,,,,gemini35flash
2026091300,raw_u,bonferroni,0.1,,False,0,0,,1082,0,0,0.0,,,,gemini35flash
2026091300,raw_u,fixed_sequence,0.14285714285714285,,False,0,0,,1082,0,0,0.0,,,,gemini35flash
2026091300,raw_u,bonferroni,0.14285714285714285,,False,0,0,,1082,0,0,0.0,,,,gemini35flash
2026091300,raw_u,fixed_sequence,0.2,,False,0,0,,1082,0,0,0.0,,,,gemini35flash
2026091300,raw_u,bonferroni,0.2,,False,0,0,,1082,0,0,0.0,,,,gemini35flash
2026091300,raw_u,fixed_sequence,0.25,0.8571428571428571,True,188,31,0.2347557284405981,1082,196,37,0.18114602587800369,0.18877551020408162,0.1365355971411745,0.2506857754922564,gemini35flash
2026091300,raw_u,bonferroni,0.25,0.91,True,164,23,0.2487229043468737,1082,170,31,0.15711645101663585,0.18235294117647058,0.12739075841490535,0.2487358877425461,gemini35flash
2026091300,u_boost,fixed_sequence,0.1,,False,0,0,,1082,0,0,0.0,,,,gemini35flash
2026091300,u_boost,bonferroni,0.1,,False,0,0,,1082,0,0,0.0,,,,gemini35flash
2026091300,u_boost,fixed_sequence,0.14285714285714285,,False,0,0,,1082,0,0,0.0,,,,gemini35flash
2026091300,u_boost,bonferroni,0.14285714285714285,,False,0,0,,1082,0,0,0.0,,,,gemini35flash
2026091300,u_boost,fixed_sequence,0.2,,False,0,0,,1082,0,0,0.0,,,,gemini35flash
2026091300,u_boost,bonferroni,0.2,,False,0,0,,1082,0,0,0.0,,,,gemini35flash
2026091300,u_boost,fixed_sequence,0.25,0.78,True,164,23,0.2122593028419113,1082,170,31,0.15711645101663585,0.18235294117647058,0.12739075841490535,0.2487358877425461,gemini35flash
2026091300,u_boost,bonferroni,0.25,0.77,True,164,23,0.2487229043468737,1082,170,31,0.15711645101663585,0.18235294117647058,0.12739075841490535,0.2487358877425461,gemini35flash
2026091300,rich_logistic,fixed_sequence,0.1,,False,0,0,,1082,0,0,0.0,,,,gemini35flash
2026091300,rich_logistic,bonferroni,0.1,,False,0,0,,1082,0,0,0.0,,,,gemini35flash
2026091300,rich_logistic,fixed_sequence,0.14285714285714285,,False,0,0,,1082,0,0,0.0,,,,gemini35flash
2026091300,rich_logistic,bonferroni,0.14285714285714285,,False,0,0,,1082,0,0,0.0,,,,gemini35flash
2026091300,rich_logistic,fixed_sequence,0.2,,False,0,0,,1082,0,0,0.0,,,,gemini35flash
2026091300,rich_logistic,bonferroni,0.2,,False,0,0,,1082,0,0,0.0,,,,gemini35flash
2026091300,rich_logistic,fixed_sequence,0.25,,False,0,0,,1082,0,0,0.0,,,,gemini35flash
2026091300,rich_logistic,bonferroni,0.25,0.78,True,207,30,0.24058843796792087,1082,217,39,0.20055452865064696,0.17972350230414746,0.1310327450591937,0.23739390923282208,gemini35flash
2026091300,rich_boost,fixed_sequence,0.1,,False,0,0,,1082,0,0,0.0,,,,gemini35flash
2026091300,rich_boost,bonferroni,0.1,,False,0,0,,1082,0,0,0.0,,,,gemini35flash
2026091300,rich_boost,fixed_sequence,0.14285714285714285,,False,0,0,,1082,0,0,0.0,,,,gemini35flash
2026091300,rich_boost,bonferroni,0.14285714285714285,,False,0,0,,1082,0,0,0.0,,,,gemini35flash
2026091300,rich_boost,fixed_sequence,0.2,,False,0,0,,1082,0,0,0.0,,,,gemini35flash
2026091300,rich_boost,bonferroni,0.2,,False,0,0,,1082,0,0,0.0,,,,gemini35flash
2026091300,rich_boost,fixed_sequence,0.25,0.75,True,264,46,0.2329804120344645,1082,277,62,0.256007393715342,0.22382671480144403,0.17612733865501468,0.27754103266550356,gemini35flash
2026091300,rich_boost,bonferroni,0.25,0.8,True,167,23,0.2445434251402744,1082,172,31,0.1589648798521257,0.18023255813953487,0.1258664073396158,0.24596229405669465,gemini35flash
2026091301,raw_u,fixed_sequence,0.1,,False,0,0,,1082,0,0,0.0,,,,gemini35flash
2026091301,raw_u,bonferroni,0.1,,False,0,0,,1082,0,0,0.0,,,,gemini35flash
2026091301,raw_u,fixed_sequence,0.14285714285714285,,False,0,0,,1082,0,0,0.0,,,,gemini35flash
2026091301,raw_u,bonferroni,0.14285714285714285,,False,0,0,,1082,0,0,0.0,,,,gemini35flash
2026091301,raw_u,fixed_sequence,0.2,,False,0,0,,1082,0,0,0.0,,,,gemini35flash
2026091301,raw_u,bonferroni,0.2,,False,0,0,,1082,0,0,0.0,,,,gemini35flash
2026091301,raw_u,fixed_sequence,0.25,0.91,True,153,26,0.2491204882028167,1082,174,24,0.16081330868761554,0.13793103448275862,0.09041634044330141,0.19824572774543023,gemini35flash
2026091301,raw_u,bonferroni,0.25,,False,0,0,,1082,0,0,0.0,,,,gemini35flash
2026091301,u_boost,fixed_sequence,0.1,,False,0,0,,1082,0,0,0.0,,,,gemini35flash
2026091301,u_boost,bonferroni,0.1,,False,0,0,,1082,0,0,0.0,,,,gemini35flash
2026091301,u_boost,fixed_sequence,0.14285714285714285,,False,0,0,,1082,0,0,0.0,,,,gemini35flash
2026091301,u_boost,bonferroni,0.14285714285714285,,False,0,0,,1082,0,0,0.0,,,,gemini35flash
2026091301,u_boost,fixed_sequence,0.2,,False,0,0,,1082,0,0,0.0,,,,gemini35flash
2026091301,u_boost,bonferroni,0.2,,False,0,0,,1082,0,0,0.0,,,,gemini35flash
2026091301,u_boost,fixed_sequence,0.25,0.78,True,153,26,0.2491204882028167,1082,174,24,0.16081330868761554,0.13793103448275862,0.09041634044330141,0.19824572774543023,gemini35flash
2026091301,u_boost,bonferroni,0.25,,False,0,0,,1082,0,0,0.0,,,,gemini35flash
2026091301,rich_logistic,fixed_sequence,0.1,,False,0,0,,1082,0,0,0.0,,,,gemini35flash
2026091301,rich_logistic,bonferroni,0.1,,False,0,0,,1082,0,0,0.0,,,,gemini35flash
2026091301,rich_logistic,fixed_sequence,0.14285714285714285,,False,0,0,,1082,0,0,0.0,,,,gemini35flash
2026091301,rich_logistic,bonferroni,0.14285714285714285,,False,0,0,,1082,0,0,0.0,,,,gemini35flash
2026091301,rich_logistic,fixed_sequence,0.2,,False,0,0,,1082,0,0,0.0,,,,gemini35flash
2026091301,rich_logistic,bonferroni,0.2,,False,0,0,,1082,0,0,0.0,,,,gemini35flash
2026091301,rich_logistic,fixed_sequence,0.25,,False,0,0,,1082,0,0,0.0,,,,gemini35flash
2026091301,rich_logistic,bonferroni,0.25,,False,0,0,,1082,0,0,0.0,,,,gemini35flash
2026091301,rich_boost,fixed_sequence,0.1,,False,0,0,,1082,0,0,0.0,,,,gemini35flash
2026091301,rich_boost,bonferroni,0.1,,False,0,0,,1082,0,0,0.0,,,,gemini35flash
2026091301,rich_boost,fixed_sequence,0.14285714285714285,,False,0,0,,1082,0,0,0.0,,,,gemini35flash
2026091301,rich_boost,bonferroni,0.14285714285714285,,False,0,0,,1082,0,0,0.0,,,,gemini35flash
2026091301,rich_boost,fixed_sequence,0.2,,False,0,0,,1082,0,0,0.0,,,,gemini35flash
2026091301,rich_boost,bonferroni,0.2,,False,0,0,,1082,0,0,0.0,,,,gemini35flash
2026091301,rich_boost,fixed_sequence,0.25,,False,0,0,,1082,0,0,0.0,,,,gemini35flash
2026091301,rich_boost,bonferroni,0.25,,False,0,0,,1082,0,0,0.0,,,,gemini35flash
2026091201,raw_u,fixed_sequence,0.1,,False,0,0,,1082,0,0,0.0,,,,sonnet46
2026091201,raw_u,bonferroni,0.1,,False,0,0,,1082,0,0,0.0,,,,sonnet46
2026091201,raw_u,fixed_sequence,0.14285714285714285,,False,0,0,,1082,0,0,0.0,,,,sonnet46
2026091201,raw_u,bonferroni,0.14285714285714285,,False,0,0,,1082,0,0,0.0,,,,sonnet46
2026091201,raw_u,fixed_sequence,0.2,,False,0,0,,1082,0,0,0.0,,,,sonnet46
2026091201,raw_u,bonferroni,0.2,,False,0,0,,1082,0,0,0.0,,,,sonnet46
2026091201,raw_u,fixed_sequence,0.25,,False,0,0,,1082,0,0,0.0,,,,sonnet46
2026091201,raw_u,bonferroni,0.25,,False,0,0,,1082,0,0,0.0,,,,sonnet46
2026091201,u_boost,fixed_sequence,0.1,,False,0,0,,1082,0,0,0.0,,,,sonnet46
2026091201,u_boost,bonferroni,0.1,,False,0,0,,1082,0,0,0.0,,,,sonnet46
2026091201,u_boost,fixed_sequence,0.14285714285714285,,False,0,0,,1082,0,0,0.0,,,,sonnet46
2026091201,u_boost,bonferroni,0.14285714285714285,,False,0,0,,1082,0,0,0.0,,,,sonnet46
2026091201,u_boost,fixed_sequence,0.2,,False,0,0,,1082,0,0,0.0,,,,sonnet46
2026091201,u_boost,bonferroni,0.2,,False,0,0,,1082,0,0,0.0,,,,sonnet46
2026091201,u_boost,fixed_sequence,0.25,,False,0,0,,1082,0,0,0.0,,,,sonnet46
2026091201,u_boost,bonferroni,0.25,,False,0,0,,1082,0,0,0.0,,,,sonnet46
2026091201,rich_logistic,fixed_sequence,0.1,,False,0,0,,1082,0,0,0.0,,,,sonnet46
2026091201,rich_logistic,bonferroni,0.1,,False,0,0,,1082,0,0,0.0,,,,sonnet46
2026091201,rich_logistic,fixed_sequence,0.14285714285714285,,False,0,0,,1082,0,0,0.0,,,,sonnet46
2026091201,rich_logistic,bonferroni,0.14285714285714285,,False,0,0,,1082,0,0,0.0,,,,sonnet46
2026091201,rich_logistic,fixed_sequence,0.2,,False,0,0,,1082,0,0,0.0,,,,sonnet46
2026091201,rich_logistic,bonferroni,0.2,,False,0,0,,1082,0,0,0.0,,,,sonnet46
2026091201,rich_logistic,fixed_sequence,0.25,,False,0,0,,1082,0,0,0.0,,,,sonnet46
2026091201,rich_logistic,bonferroni,0.25,,False,0,0,,1082,0,0,0.0,,,,sonnet46
2026091201,rich_boost,fixed_sequence,0.1,,False,0,0,,1082,0,0,0.0,,,,sonnet46
2026091201,rich_boost,bonferroni,0.1,,False,0,0,,1082,0,0,0.0,,,,sonnet46
2026091201,rich_boost,fixed_sequence,0.14285714285714285,,False,0,0,,1082,0,0,0.0,,,,sonnet46
2026091201,rich_boost,bonferroni,0.14285714285714285,,False,0,0,,1082,0,0,0.0,,,,sonnet46
2026091201,rich_boost,fixed_sequence,0.2,,False,0,0,,1082,0,0,0.0,,,,sonnet46
2026091201,rich_boost,bonferroni,0.2,,False,0,0,,1082,0,0,0.0,,,,sonnet46
2026091201,rich_boost,fixed_sequence,0.25,,False,0,0,,1082,0,0,0.0,,,,sonnet46
2026091201,rich_boost,bonferroni,0.25,,False,0,0,,1082,0,0,0.0,,,,sonnet46
2026091202,raw_u,fixed_sequence,0.1,,False,0,0,,1082,0,0,0.0,,,,sonnet46
2026091202,raw_u,bonferroni,0.1,,False,0,0,,1082,0,0,0.0,,,,sonnet46
2026091202,raw_u,fixed_sequence,0.14285714285714285,,False,0,0,,1082,0,0,0.0,,,,sonnet46
2026091202,raw_u,bonferroni,0.14285714285714285,,False,0,0,,1082,0,0,0.0,,,,sonnet46
2026091202,raw_u,fixed_sequence,0.2,,False,0,0,,1082,0,0,0.0,,,,sonnet46
2026091202,raw_u,bonferroni,0.2,,False,0,0,,1082,0,0,0.0,,,,sonnet46
2026091202,raw_u,fixed_sequence,0.25,,False,0,0,,1082,0,0,0.0,,,,sonnet46
2026091202,raw_u,bonferroni,0.25,,False,0,0,,1082,0,0,0.0,,,,sonnet46
2026091202,u_boost,fixed_sequence,0.1,,False,0,0,,1082,0,0,0.0,,,,sonnet46
2026091202,u_boost,bonferroni,0.1,,False,0,0,,1082,0,0,0.0,,,,sonnet46
2026091202,u_boost,fixed_sequence,0.14285714285714285,,False,0,0,,1082,0,0,0.0,,,,sonnet46
2026091202,u_boost,bonferroni,0.14285714285714285,,False,0,0,,1082,0,0,0.0,,,,sonnet46
2026091202,u_boost,fixed_sequence,0.2,,False,0,0,,1082,0,0,0.0,,,,sonnet46
2026091202,u_boost,bonferroni,0.2,,False,0,0,,1082,0,0,0.0,,,,sonnet46
2026091202,u_boost,fixed_sequence,0.25,,False,0,0,,1082,0,0,0.0,,,,sonnet46
2026091202,u_boost,bonferroni,0.25,,False,0,0,,1082,0,0,0.0,,,,sonnet46
2026091202,rich_logistic,fixed_sequence,0.1,,False,0,0,,1082,0,0,0.0,,,,sonnet46
2026091202,rich_logistic,bonferroni,0.1,,False,0,0,,1082,0,0,0.0,,,,sonnet46
2026091202,rich_logistic,fixed_sequence,0.14285714285714285,,False,0,0,,1082,0,0,0.0,,,,sonnet46
2026091202,rich_logistic,bonferroni,0.14285714285714285,,False,0,0,,1082,0,0,0.0,,,,sonnet46
2026091202,rich_logistic,fixed_sequence,0.2,,False,0,0,,1082,0,0,0.0,,,,sonnet46
2026091202,rich_logistic,bonferroni,0.2,,False,0,0,,1082,0,0,0.0,,,,sonnet46
2026091202,rich_logistic,fixed_sequence,0.25,,False,0,0,,1082,0,0,0.0,,,,sonnet46
2026091202,rich_logistic,bonferroni,0.25,,False,0,0,,1082,0,0,0.0,,,,sonnet46
2026091202,rich_boost,fixed_sequence,0.1,,False,0,0,,1082,0,0,0.0,,,,sonnet46
2026091202,rich_boost,bonferroni,0.1,,False,0,0,,1082,0,0,0.0,,,,sonnet46
2026091202,rich_boost,fixed_sequence,0.14285714285714285,,False,0,0,,1082,0,0,0.0,,,,sonnet46
2026091202,rich_boost,bonferroni,0.14285714285714285,,False,0,0,,1082,0,0,0.0,,,,sonnet46
2026091202,rich_boost,fixed_sequence,0.2,,False,0,0,,1082,0,0,0.0,,,,sonnet46
2026091202,rich_boost,bonferroni,0.2,,False,0,0,,1082,0,0,0.0,,,,sonnet46
2026091202,rich_boost,fixed_sequence,0.25,,False,0,0,,1082,0,0,0.0,,,,sonnet46
2026091202,rich_boost,bonferroni,0.25,,False,0,0,,1082,0,0,0.0,,,,sonnet46
2026091203,raw_u,fixed_sequence,0.1,,False,0,0,,1082,0,0,0.0,,,,sonnet46
2026091203,raw_u,bonferroni,0.1,,False,0,0,,1082,0,0,0.0,,,,sonnet46
2026091203,raw_u,fixed_sequence,0.14285714285714285,,False,0,0,,1082,0,0,0.0,,,,sonnet46
2026091203,raw_u,bonferroni,0.14285714285714285,,False,0,0,,1082,0,0,0.0,,,,sonnet46
2026091203,raw_u,fixed_sequence,0.2,,False,0,0,,1082,0,0,0.0,,,,sonnet46
2026091203,raw_u,bonferroni,0.2,,False,0,0,,1082,0,0,0.0,,,,sonnet46
2026091203,raw_u,fixed_sequence,0.25,,False,0,0,,1082,0,0,0.0,,,,sonnet46
2026091203,raw_u,bonferroni,0.25,,False,0,0,,1082,0,0,0.0,,,,sonnet46
2026091203,u_boost,fixed_sequence,0.1,,False,0,0,,1082,0,0,0.0,,,,sonnet46
2026091203,u_boost,bonferroni,0.1,,False,0,0,,1082,0,0,0.0,,,,sonnet46
2026091203,u_boost,fixed_sequence,0.14285714285714285,,False,0,0,,1082,0,0,0.0,,,,sonnet46
2026091203,u_boost,bonferroni,0.14285714285714285,,False,0,0,,1082,0,0,0.0,,,,sonnet46
2026091203,u_boost,fixed_sequence,0.2,,False,0,0,,1082,0,0,0.0,,,,sonnet46
2026091203,u_boost,bonferroni,0.2,,False,0,0,,1082,0,0,0.0,,,,sonnet46
2026091203,u_boost,fixed_sequence,0.25,0.81,True,50,4,0.20964730442242485,1082,46,12,0.04251386321626617,0.2608695652173913,0.14266853688823072,0.41131884760436244,sonnet46
2026091203,u_boost,bonferroni,0.25,,False,0,0,,1082,0,0,0.0,,,,sonnet46
2026091203,rich_logistic,fixed_sequence,0.1,,False,0,0,,1082,0,0,0.0,,,,sonnet46
2026091203,rich_logistic,bonferroni,0.1,,False,0,0,,1082,0,0,0.0,,,,sonnet46
2026091203,rich_logistic,fixed_sequence,0.14285714285714285,,False,0,0,,1082,0,0,0.0,,,,sonnet46
2026091203,rich_logistic,bonferroni,0.14285714285714285,,False,0,0,,1082,0,0,0.0,,,,sonnet46
2026091203,rich_logistic,fixed_sequence,0.2,,False,0,0,,1082,0,0,0.0,,,,sonnet46
2026091203,rich_logistic,bonferroni,0.2,,False,0,0,,1082,0,0,0.0,,,,sonnet46
2026091203,rich_logistic,fixed_sequence,0.25,0.78,True,58,4,0.18257663908594832,1082,54,13,0.04990757855822551,0.24074074074074073,0.13486342127246118,0.3764052458340096,sonnet46
2026091203,rich_logistic,bonferroni,0.25,0.78,True,58,4,0.24521487582769075,1082,54,13,0.04990757855822551,0.24074074074074073,0.13486342127246118,0.3764052458340096,sonnet46
2026091203,rich_boost,fixed_sequence,0.1,,False,0,0,,1082,0,0,0.0,,,,sonnet46
2026091203,rich_boost,bonferroni,0.1,,False,0,0,,1082,0,0,0.0,,,,sonnet46
2026091203,rich_boost,fixed_sequence,0.14285714285714285,,False,0,0,,1082,0,0,0.0,,,,sonnet46
2026091203,rich_boost,bonferroni,0.14285714285714285,,False,0,0,,1082,0,0,0.0,,,,sonnet46
2026091203,rich_boost,fixed_sequence,0.2,,False,0,0,,1082,0,0,0.0,,,,sonnet46
2026091203,rich_boost,bonferroni,0.2,,False,0,0,,1082,0,0,0.0,,,,sonnet46
2026091203,rich_boost,fixed_sequence,0.25,,False,0,0,,1082,0,0,0.0,,,,sonnet46
2026091203,rich_boost,bonferroni,0.25,,False,0,0,,1082,0,0,0.0,,,,sonnet46
2026091204,raw_u,fixed_sequence,0.1,,False,0,0,,1082,0,0,0.0,,,,sonnet46
2026091204,raw_u,bonferroni,0.1,,False,0,0,,1082,0,0,0.0,,,,sonnet46
2026091204,raw_u,fixed_sequence,0.14285714285714285,,False,0,0,,1082,0,0,0.0,,,,sonnet46
2026091204,raw_u,bonferroni,0.14285714285714285,,False,0,0,,1082,0,0,0.0,,,,sonnet46
2026091204,raw_u,fixed_sequence,0.2,,False,0,0,,1082,0,0,0.0,,,,sonnet46
2026091204,raw_u,bonferroni,0.2,,False,0,0,,1082,0,0,0.0,,,,sonnet46
2026091204,raw_u,fixed_sequence,0.25,,False,0,0,,1082,0,0,0.0,,,,sonnet46
2026091204,raw_u,bonferroni,0.25,,False,0,0,,1082,0,0,0.0,,,,sonnet46
2026091204,u_boost,fixed_sequence,0.1,,False,0,0,,1082,0,0,0.0,,,,sonnet46
2026091204,u_boost,bonferroni,0.1,,False,0,0,,1082,0,0,0.0,,,,sonnet46
2026091204,u_boost,fixed_sequence,0.14285714285714285,,False,0,0,,1082,0,0,0.0,,,,sonnet46
2026091204,u_boost,bonferroni,0.14285714285714285,,False,0,0,,1082,0,0,0.0,,,,sonnet46
2026091204,u_boost,fixed_sequence,0.2,,False,0,0,,1082,0,0,0.0,,,,sonnet46
2026091204,u_boost,bonferroni,0.2,,False,0,0,,1082,0,0,0.0,,,,sonnet46
2026091204,u_boost,fixed_sequence,0.25,,False,0,0,,1082,0,0,0.0,,,,sonnet46
2026091204,u_boost,bonferroni,0.25,,False,0,0,,1082,0,0,0.0,,,,sonnet46
2026091204,rich_logistic,fixed_sequence,0.1,,False,0,0,,1082,0,0,0.0,,,,sonnet46
2026091204,rich_logistic,bonferroni,0.1,,False,0,0,,1082,0,0,0.0,,,,sonnet46
2026091204,rich_logistic,fixed_sequence,0.14285714285714285,,False,0,0,,1082,0,0,0.0,,,,sonnet46
2026091204,rich_logistic,bonferroni,0.14285714285714285,,False,0,0,,1082,0,0,0.0,,,,sonnet46
2026091204,rich_logistic,fixed_sequence,0.2,,False,0,0,,1082,0,0,0.0,,,,sonnet46
2026091204,rich_logistic,bonferroni,0.2,,False,0,0,,1082,0,0,0.0,,,,sonnet46
2026091204,rich_logistic,fixed_sequence,0.25,,False,0,0,,1082,0,0,0.0,,,,sonnet46
2026091204,rich_logistic,bonferroni,0.25,,False,0,0,,1082,0,0,0.0,,,,sonnet46
2026091204,rich_boost,fixed_sequence,0.1,,False,0,0,,1082,0,0,0.0,,,,sonnet46
2026091204,rich_boost,bonferroni,0.1,,False,0,0,,1082,0,0,0.0,,,,sonnet46
2026091204,rich_boost,fixed_sequence,0.14285714285714285,,False,0,0,,1082,0,0,0.0,,,,sonnet46
2026091204,rich_boost,bonferroni,0.14285714285714285,,False,0,0,,1082,0,0,0.0,,,,sonnet46
2026091204,rich_boost,fixed_sequence,0.2,,False,0,0,,1082,0,0,0.0,,,,sonnet46
2026091204,rich_boost,bonferroni,0.2,,False,0,0,,1082,0,0,0.0,,,,sonnet46
2026091204,rich_boost,fixed_sequence,0.25,,False,0,0,,1082,0,0,0.0,,,,sonnet46
2026091204,rich_boost,bonferroni,0.25,,False,0,0,,1082,0,0,0.0,,,,sonnet46
2026091205,raw_u,fixed_sequence,0.1,,False,0,0,,1082,0,0,0.0,,,,sonnet46
2026091205,raw_u,bonferroni,0.1,,False,0,0,,1082,0,0,0.0,,,,sonnet46
2026091205,raw_u,fixed_sequence,0.14285714285714285,,False,0,0,,1082,0,0,0.0,,,,sonnet46
2026091205,raw_u,bonferroni,0.14285714285714285,,False,0,0,,1082,0,0,0.0,,,,sonnet46
2026091205,raw_u,fixed_sequence,0.2,,False,0,0,,1082,0,0,0.0,,,,sonnet46
2026091205,raw_u,bonferroni,0.2,,False,0,0,,1082,0,0,0.0,,,,sonnet46
2026091205,raw_u,fixed_sequence,0.25,,False,0,0,,1082,0,0,0.0,,,,sonnet46
2026091205,raw_u,bonferroni,0.25,,False,0,0,,1082,0,0,0.0,,,,sonnet46
2026091205,u_boost,fixed_sequence,0.1,,False,0,0,,1082,0,0,0.0,,,,sonnet46
2026091205,u_boost,bonferroni,0.1,,False,0,0,,1082,0,0,0.0,,,,sonnet46
2026091205,u_boost,fixed_sequence,0.14285714285714285,,False,0,0,,1082,0,0,0.0,,,,sonnet46
2026091205,u_boost,bonferroni,0.14285714285714285,,False,0,0,,1082,0,0,0.0,,,,sonnet46
2026091205,u_boost,fixed_sequence,0.2,,False,0,0,,1082,0,0,0.0,,,,sonnet46
2026091205,u_boost,bonferroni,0.2,,False,0,0,,1082,0,0,0.0,,,,sonnet46
2026091205,u_boost,fixed_sequence,0.25,,False,0,0,,1082,0,0,0.0,,,,sonnet46
2026091205,u_boost,bonferroni,0.25,,False,0,0,,1082,0,0,0.0,,,,sonnet46
2026091205,rich_logistic,fixed_sequence,0.1,,False,0,0,,1082,0,0,0.0,,,,sonnet46
2026091205,rich_logistic,bonferroni,0.1,,False,0,0,,1082,0,0,0.0,,,,sonnet46
2026091205,rich_logistic,fixed_sequence,0.14285714285714285,,False,0,0,,1082,0,0,0.0,,,,sonnet46
2026091205,rich_logistic,bonferroni,0.14285714285714285,,False,0,0,,1082,0,0,0.0,,,,sonnet46
2026091205,rich_logistic,fixed_sequence,0.2,,False,0,0,,1082,0,0,0.0,,,,sonnet46
2026091205,rich_logistic,bonferroni,0.2,,False,0,0,,1082,0,0,0.0,,,,sonnet46
2026091205,rich_logistic,fixed_sequence,0.25,,False,0,0,,1082,0,0,0.0,,,,sonnet46
2026091205,rich_logistic,bonferroni,0.25,,False,0,0,,1082,0,0,0.0,,,,sonnet46
2026091205,rich_boost,fixed_sequence,0.1,,False,0,0,,1082,0,0,0.0,,,,sonnet46
2026091205,rich_boost,bonferroni,0.1,,False,0,0,,1082,0,0,0.0,,,,sonnet46
2026091205,rich_boost,fixed_sequence,0.14285714285714285,,False,0,0,,1082,0,0,0.0,,,,sonnet46
2026091205,rich_boost,bonferroni,0.14285714285714285,,False,0,0,,1082,0,0,0.0,,,,sonnet46
2026091205,rich_boost,fixed_sequence,0.2,,False,0,0,,1082,0,0,0.0,,,,sonnet46
2026091205,rich_boost,bonferroni,0.2,,False,0,0,,1082,0,0,0.0,,,,sonnet46
2026091205,rich_boost,fixed_sequence,0.25,,False,0,0,,1082,0,0,0.0,,,,sonnet46
2026091205,rich_boost,bonferroni,0.25,,False,0,0,,1082,0,0,0.0,,,,sonnet46
2026091206,raw_u,fixed_sequence,0.1,,False,0,0,,1082,0,0,0.0,,,,sonnet46
2026091206,raw_u,bonferroni,0.1,,False,0,0,,1082,0,0,0.0,,,,sonnet46
2026091206,raw_u,fixed_sequence,0.14285714285714285,,False,0,0,,1082,0,0,0.0,,,,sonnet46
2026091206,raw_u,bonferroni,0.14285714285714285,,False,0,0,,1082,0,0,0.0,,,,sonnet46
2026091206,raw_u,fixed_sequence,0.2,,False,0,0,,1082,0,0,0.0,,,,sonnet46
2026091206,raw_u,bonferroni,0.2,,False,0,0,,1082,0,0,0.0,,,,sonnet46
2026091206,raw_u,fixed_sequence,0.25,,False,0,0,,1082,0,0,0.0,,,,sonnet46
2026091206,raw_u,bonferroni,0.25,,False,0,0,,1082,0,0,0.0,,,,sonnet46
2026091206,u_boost,fixed_sequence,0.1,,False,0,0,,1082,0,0,0.0,,,,sonnet46
2026091206,u_boost,bonferroni,0.1,,False,0,0,,1082,0,0,0.0,,,,sonnet46
2026091206,u_boost,fixed_sequence,0.14285714285714285,,False,0,0,,1082,0,0,0.0,,,,sonnet46
2026091206,u_boost,bonferroni,0.14285714285714285,,False,0,0,,1082,0,0,0.0,,,,sonnet46
2026091206,u_boost,fixed_sequence,0.2,,False,0,0,,1082,0,0,0.0,,,,sonnet46
2026091206,u_boost,bonferroni,0.2,,False,0,0,,1082,0,0,0.0,,,,sonnet46
2026091206,u_boost,fixed_sequence,0.25,,False,0,0,,1082,0,0,0.0,,,,sonnet46
2026091206,u_boost,bonferroni,0.25,,False,0,0,,1082,0,0,0.0,,,,sonnet46
2026091206,rich_logistic,fixed_sequence,0.1,,False,0,0,,1082,0,0,0.0,,,,sonnet46
2026091206,rich_logistic,bonferroni,0.1,,False,0,0,,1082,0,0,0.0,,,,sonnet46
2026091206,rich_logistic,fixed_sequence,0.14285714285714285,,False,0,0,,1082,0,0,0.0,,,,sonnet46
2026091206,rich_logistic,bonferroni,0.14285714285714285,,False,0,0,,1082,0,0,0.0,,,,sonnet46
2026091206,rich_logistic,fixed_sequence,0.2,,False,0,0,,1082,0,0,0.0,,,,sonnet46
2026091206,rich_logistic,bonferroni,0.2,,False,0,0,,1082,0,0,0.0,,,,sonnet46
2026091206,rich_logistic,fixed_sequence,0.25,,False,0,0,,1082,0,0,0.0,,,,sonnet46
2026091206,rich_logistic,bonferroni,0.25,,False,0,0,,1082,0,0,0.0,,,,sonnet46
2026091206,rich_boost,fixed_sequence,0.1,,False,0,0,,1082,0,0,0.0,,,,sonnet46
2026091206,rich_boost,bonferroni,0.1,,False,0,0,,1082,0,0,0.0,,,,sonnet46
2026091206,rich_boost,fixed_sequence,0.14285714285714285,,False,0,0,,1082,0,0,0.0,,,,sonnet46
2026091206,rich_boost,bonferroni,0.14285714285714285,,False,0,0,,1082,0,0,0.0,,,,sonnet46
2026091206,rich_boost,fixed_sequence,0.2,,False,0,0,,1082,0,0,0.0,,,,sonnet46
2026091206,rich_boost,bonferroni,0.2,,False,0,0,,1082,0,0,0.0,,,,sonnet46
2026091206,rich_boost,fixed_sequence,0.25,,False,0,0,,1082,0,0,0.0,,,,sonnet46
2026091206,rich_boost,bonferroni,0.25,,False,0,0,,1082,0,0,0.0,,,,sonnet46
2026091207,raw_u,fixed_sequence,0.1,,False,0,0,,1082,0,0,0.0,,,,sonnet46
2026091207,raw_u,bonferroni,0.1,,False,0,0,,1082,0,0,0.0,,,,sonnet46
2026091207,raw_u,fixed_sequence,0.14285714285714285,,False,0,0,,1082,0,0,0.0,,,,sonnet46
2026091207,raw_u,bonferroni,0.14285714285714285,,False,0,0,,1082,0,0,0.0,,,,sonnet46
2026091207,raw_u,fixed_sequence,0.2,,False,0,0,,1082,0,0,0.0,,,,sonnet46
2026091207,raw_u,bonferroni,0.2,,False,0,0,,1082,0,0,0.0,,,,sonnet46
2026091207,raw_u,fixed_sequence,0.25,,False,0,0,,1082,0,0,0.0,,,,sonnet46
2026091207,raw_u,bonferroni,0.25,,False,0,0,,1082,0,0,0.0,,,,sonnet46
2026091207,u_boost,fixed_sequence,0.1,,False,0,0,,1082,0,0,0.0,,,,sonnet46
2026091207,u_boost,bonferroni,0.1,,False,0,0,,1082,0,0,0.0,,,,sonnet46
2026091207,u_boost,fixed_sequence,0.14285714285714285,,False,0,0,,1082,0,0,0.0,,,,sonnet46
2026091207,u_boost,bonferroni,0.14285714285714285,,False,0,0,,1082,0,0,0.0,,,,sonnet46
2026091207,u_boost,fixed_sequence,0.2,,False,0,0,,1082,0,0,0.0,,,,sonnet46
2026091207,u_boost,bonferroni,0.2,,False,0,0,,1082,0,0,0.0,,,,sonnet46
2026091207,u_boost,fixed_sequence,0.25,,False,0,0,,1082,0,0,0.0,,,,sonnet46
2026091207,u_boost,bonferroni,0.25,,False,0,0,,1082,0,0,0.0,,,,sonnet46
2026091207,rich_logistic,fixed_sequence,0.1,,False,0,0,,1082,0,0,0.0,,,,sonnet46
2026091207,rich_logistic,bonferroni,0.1,,False,0,0,,1082,0,0,0.0,,,,sonnet46
2026091207,rich_logistic,fixed_sequence,0.14285714285714285,,False,0,0,,1082,0,0,0.0,,,,sonnet46
2026091207,rich_logistic,bonferroni,0.14285714285714285,,False,0,0,,1082,0,0,0.0,,,,sonnet46
2026091207,rich_logistic,fixed_sequence,0.2,,False,0,0,,1082,0,0,0.0,,,,sonnet46
2026091207,rich_logistic,bonferroni,0.2,,False,0,0,,1082,0,0,0.0,,,,sonnet46
2026091207,rich_logistic,fixed_sequence,0.25,,False,0,0,,1082,0,0,0.0,,,,sonnet46
2026091207,rich_logistic,bonferroni,0.25,,False,0,0,,1082,0,0,0.0,,,,sonnet46
2026091207,rich_boost,fixed_sequence,0.1,,False,0,0,,1082,0,0,0.0,,,,sonnet46
2026091207,rich_boost,bonferroni,0.1,,False,0,0,,1082,0,0,0.0,,,,sonnet46
2026091207,rich_boost,fixed_sequence,0.14285714285714285,,False,0,0,,1082,0,0,0.0,,,,sonnet46
2026091207,rich_boost,bonferroni,0.14285714285714285,,False,0,0,,1082,0,0,0.0,,,,sonnet46
2026091207,rich_boost,fixed_sequence,0.2,,False,0,0,,1082,0,0,0.0,,,,sonnet46
2026091207,rich_boost,bonferroni,0.2,,False,0,0,,1082,0,0,0.0,,,,sonnet46
2026091207,rich_boost,fixed_sequence,0.25,,False,0,0,,1082,0,0,0.0,,,,sonnet46
2026091207,rich_boost,bonferroni,0.25,,False,0,0,,1082,0,0,0.0,,,,sonnet46
2026091208,raw_u,fixed_sequence,0.1,,False,0,0,,1082,0,0,0.0,,,,sonnet46
2026091208,raw_u,bonferroni,0.1,,False,0,0,,1082,0,0,0.0,,,,sonnet46
2026091208,raw_u,fixed_sequence,0.14285714285714285,,False,0,0,,1082,0,0,0.0,,,,sonnet46
2026091208,raw_u,bonferroni,0.14285714285714285,,False,0,0,,1082,0,0,0.0,,,,sonnet46
2026091208,raw_u,fixed_sequence,0.2,,False,0,0,,1082,0,0,0.0,,,,sonnet46
2026091208,raw_u,bonferroni,0.2,,False,0,0,,1082,0,0,0.0,,,,sonnet46
2026091208,raw_u,fixed_sequence,0.25,,False,0,0,,1082,0,0,0.0,,,,sonnet46
2026091208,raw_u,bonferroni,0.25,,False,0,0,,1082,0,0,0.0,,,,sonnet46
2026091208,u_boost,fixed_sequence,0.1,,False,0,0,,1082,0,0,0.0,,,,sonnet46
2026091208,u_boost,bonferroni,0.1,,False,0,0,,1082,0,0,0.0,,,,sonnet46
2026091208,u_boost,fixed_sequence,0.14285714285714285,,False,0,0,,1082,0,0,0.0,,,,sonnet46
2026091208,u_boost,bonferroni,0.14285714285714285,,False,0,0,,1082,0,0,0.0,,,,sonnet46
2026091208,u_boost,fixed_sequence,0.2,,False,0,0,,1082,0,0,0.0,,,,sonnet46
2026091208,u_boost,bonferroni,0.2,,False,0,0,,1082,0,0,0.0,,,,sonnet46
2026091208,u_boost,fixed_sequence,0.25,,False,0,0,,1082,0,0,0.0,,,,sonnet46
2026091208,u_boost,bonferroni,0.25,,False,0,0,,1082,0,0,0.0,,,,sonnet46
2026091208,rich_logistic,fixed_sequence,0.1,,False,0,0,,1082,0,0,0.0,,,,sonnet46
2026091208,rich_logistic,bonferroni,0.1,,False,0,0,,1082,0,0,0.0,,,,sonnet46
2026091208,rich_logistic,fixed_sequence,0.14285714285714285,,False,0,0,,1082,0,0,0.0,,,,sonnet46
2026091208,rich_logistic,bonferroni,0.14285714285714285,,False,0,0,,1082,0,0,0.0,,,,sonnet46
2026091208,rich_logistic,fixed_sequence,0.2,,False,0,0,,1082,0,0,0.0,,,,sonnet46
2026091208,rich_logistic,bonferroni,0.2,,False,0,0,,1082,0,0,0.0,,,,sonnet46
2026091208,rich_logistic,fixed_sequence,0.25,,False,0,0,,1082,0,0,0.0,,,,sonnet46
2026091208,rich_logistic,bonferroni,0.25,,False,0,0,,1082,0,0,0.0,,,,sonnet46
2026091208,rich_boost,fixed_sequence,0.1,,False,0,0,,1082,0,0,0.0,,,,sonnet46
2026091208,rich_boost,bonferroni,0.1,,False,0,0,,1082,0,0,0.0,,,,sonnet46
2026091208,rich_boost,fixed_sequence,0.14285714285714285,,False,0,0,,1082,0,0,0.0,,,,sonnet46
2026091208,rich_boost,bonferroni,0.14285714285714285,,False,0,0,,1082,0,0,0.0,,,,sonnet46
2026091208,rich_boost,fixed_sequence,0.2,,False,0,0,,1082,0,0,0.0,,,,sonnet46
2026091208,rich_boost,bonferroni,0.2,,False,0,0,,1082,0,0,0.0,,,,sonnet46
2026091208,rich_boost,fixed_sequence,0.25,,False,0,0,,1082,0,0,0.0,,,,sonnet46
2026091208,rich_boost,bonferroni,0.25,,False,0,0,,1082,0,0,0.0,,,,sonnet46
2026091209,raw_u,fixed_sequence,0.1,,False,0,0,,1082,0,0,0.0,,,,sonnet46
2026091209,raw_u,bonferroni,0.1,,False,0,0,,1082,0,0,0.0,,,,sonnet46
2026091209,raw_u,fixed_sequence,0.14285714285714285,,False,0,0,,1082,0,0,0.0,,,,sonnet46
2026091209,raw_u,bonferroni,0.14285714285714285,,False,0,0,,1082,0,0,0.0,,,,sonnet46
2026091209,raw_u,fixed_sequence,0.2,,False,0,0,,1082,0,0,0.0,,,,sonnet46
2026091209,raw_u,bonferroni,0.2,,False,0,0,,1082,0,0,0.0,,,,sonnet46
2026091209,raw_u,fixed_sequence,0.25,,False,0,0,,1082,0,0,0.0,,,,sonnet46
2026091209,raw_u,bonferroni,0.25,,False,0,0,,1082,0,0,0.0,,,,sonnet46
2026091209,u_boost,fixed_sequence,0.1,,False,0,0,,1082,0,0,0.0,,,,sonnet46
2026091209,u_boost,bonferroni,0.1,,False,0,0,,1082,0,0,0.0,,,,sonnet46
2026091209,u_boost,fixed_sequence,0.14285714285714285,,False,0,0,,1082,0,0,0.0,,,,sonnet46
2026091209,u_boost,bonferroni,0.14285714285714285,,False,0,0,,1082,0,0,0.0,,,,sonnet46
2026091209,u_boost,fixed_sequence,0.2,,False,0,0,,1082,0,0,0.0,,,,sonnet46
2026091209,u_boost,bonferroni,0.2,,False,0,0,,1082,0,0,0.0,,,,sonnet46
2026091209,u_boost,fixed_sequence,0.25,,False,0,0,,1082,0,0,0.0,,,,sonnet46
2026091209,u_boost,bonferroni,0.25,,False,0,0,,1082,0,0,0.0,,,,sonnet46
2026091209,rich_logistic,fixed_sequence,0.1,,False,0,0,,1082,0,0,0.0,,,,sonnet46
2026091209,rich_logistic,bonferroni,0.1,,False,0,0,,1082,0,0,0.0,,,,sonnet46
2026091209,rich_logistic,fixed_sequence,0.14285714285714285,,False,0,0,,1082,0,0,0.0,,,,sonnet46
2026091209,rich_logistic,bonferroni,0.14285714285714285,,False,0,0,,1082,0,0,0.0,,,,sonnet46
2026091209,rich_logistic,fixed_sequence,0.2,,False,0,0,,1082,0,0,0.0,,,,sonnet46
2026091209,rich_logistic,bonferroni,0.2,,False,0,0,,1082,0,0,0.0,,,,sonnet46
2026091209,rich_logistic,fixed_sequence,0.25,,False,0,0,,1082,0,0,0.0,,,,sonnet46
2026091209,rich_logistic,bonferroni,0.25,,False,0,0,,1082,0,0,0.0,,,,sonnet46
2026091209,rich_boost,fixed_sequence,0.1,,False,0,0,,1082,0,0,0.0,,,,sonnet46
2026091209,rich_boost,bonferroni,0.1,,False,0,0,,1082,0,0,0.0,,,,sonnet46
2026091209,rich_boost,fixed_sequence,0.14285714285714285,,False,0,0,,1082,0,0,0.0,,,,sonnet46
2026091209,rich_boost,bonferroni,0.14285714285714285,,False,0,0,,1082,0,0,0.0,,,,sonnet46
2026091209,rich_boost,fixed_sequence,0.2,,False,0,0,,1082,0,0,0.0,,,,sonnet46
2026091209,rich_boost,bonferroni,0.2,,False,0,0,,1082,0,0,0.0,,,,sonnet46
2026091209,rich_boost,fixed_sequence,0.25,,False,0,0,,1082,0,0,0.0,,,,sonnet46
2026091209,rich_boost,bonferroni,0.25,,False,0,0,,1082,0,0,0.0,,,,sonnet46
2026091210,raw_u,fixed_sequence,0.1,,False,0,0,,1082,0,0,0.0,,,,sonnet46
2026091210,raw_u,bonferroni,0.1,,False,0,0,,1082,0,0,0.0,,,,sonnet46
2026091210,raw_u,fixed_sequence,0.14285714285714285,,False,0,0,,1082,0,0,0.0,,,,sonnet46
2026091210,raw_u,bonferroni,0.14285714285714285,,False,0,0,,1082,0,0,0.0,,,,sonnet46
2026091210,raw_u,fixed_sequence,0.2,,False,0,0,,1082,0,0,0.0,,,,sonnet46
2026091210,raw_u,bonferroni,0.2,,False,0,0,,1082,0,0,0.0,,,,sonnet46
2026091210,raw_u,fixed_sequence,0.25,,False,0,0,,1082,0,0,0.0,,,,sonnet46
2026091210,raw_u,bonferroni,0.25,,False,0,0,,1082,0,0,0.0,,,,sonnet46
2026091210,u_boost,fixed_sequence,0.1,,False,0,0,,1082,0,0,0.0,,,,sonnet46
2026091210,u_boost,bonferroni,0.1,,False,0,0,,1082,0,0,0.0,,,,sonnet46
2026091210,u_boost,fixed_sequence,0.14285714285714285,,False,0,0,,1082,0,0,0.0,,,,sonnet46
2026091210,u_boost,bonferroni,0.14285714285714285,,False,0,0,,1082,0,0,0.0,,,,sonnet46
2026091210,u_boost,fixed_sequence,0.2,,False,0,0,,1082,0,0,0.0,,,,sonnet46
2026091210,u_boost,bonferroni,0.2,,False,0,0,,1082,0,0,0.0,,,,sonnet46
2026091210,u_boost,fixed_sequence,0.25,,False,0,0,,1082,0,0,0.0,,,,sonnet46
2026091210,u_boost,bonferroni,0.25,,False,0,0,,1082,0,0,0.0,,,,sonnet46
2026091210,rich_logistic,fixed_sequence,0.1,,False,0,0,,1082,0,0,0.0,,,,sonnet46
2026091210,rich_logistic,bonferroni,0.1,,False,0,0,,1082,0,0,0.0,,,,sonnet46
2026091210,rich_logistic,fixed_sequence,0.14285714285714285,,False,0,0,,1082,0,0,0.0,,,,sonnet46
2026091210,rich_logistic,bonferroni,0.14285714285714285,,False,0,0,,1082,0,0,0.0,,,,sonnet46
2026091210,rich_logistic,fixed_sequence,0.2,,False,0,0,,1082,0,0,0.0,,,,sonnet46
2026091210,rich_logistic,bonferroni,0.2,,False,0,0,,1082,0,0,0.0,,,,sonnet46
2026091210,rich_logistic,fixed_sequence,0.25,,False,0,0,,1082,0,0,0.0,,,,sonnet46
2026091210,rich_logistic,bonferroni,0.25,,False,0,0,,1082,0,0,0.0,,,,sonnet46
2026091210,rich_boost,fixed_sequence,0.1,,False,0,0,,1082,0,0,0.0,,,,sonnet46
2026091210,rich_boost,bonferroni,0.1,,False,0,0,,1082,0,0,0.0,,,,sonnet46
2026091210,rich_boost,fixed_sequence,0.14285714285714285,,False,0,0,,1082,0,0,0.0,,,,sonnet46
2026091210,rich_boost,bonferroni,0.14285714285714285,,False,0,0,,1082,0,0,0.0,,,,sonnet46
2026091210,rich_boost,fixed_sequence,0.2,,False,0,0,,1082,0,0,0.0,,,,sonnet46
2026091210,rich_boost,bonferroni,0.2,,False,0,0,,1082,0,0,0.0,,,,sonnet46
2026091210,rich_boost,fixed_sequence,0.25,,False,0,0,,1082,0,0,0.0,,,,sonnet46
2026091210,rich_boost,bonferroni,0.25,,False,0,0,,1082,0,0,0.0,,,,sonnet46
2026091211,raw_u,fixed_sequence,0.1,,False,0,0,,1082,0,0,0.0,,,,sonnet46
2026091211,raw_u,bonferroni,0.1,,False,0,0,,1082,0,0,0.0,,,,sonnet46
2026091211,raw_u,fixed_sequence,0.14285714285714285,,False,0,0,,1082,0,0,0.0,,,,sonnet46
2026091211,raw_u,bonferroni,0.14285714285714285,,False,0,0,,1082,0,0,0.0,,,,sonnet46
2026091211,raw_u,fixed_sequence,0.2,,False,0,0,,1082,0,0,0.0,,,,sonnet46
2026091211,raw_u,bonferroni,0.2,,False,0,0,,1082,0,0,0.0,,,,sonnet46
2026091211,raw_u,fixed_sequence,0.25,,False,0,0,,1082,0,0,0.0,,,,sonnet46
2026091211,raw_u,bonferroni,0.25,,False,0,0,,1082,0,0,0.0,,,,sonnet46
2026091211,u_boost,fixed_sequence,0.1,,False,0,0,,1082,0,0,0.0,,,,sonnet46
2026091211,u_boost,bonferroni,0.1,,False,0,0,,1082,0,0,0.0,,,,sonnet46
2026091211,u_boost,fixed_sequence,0.14285714285714285,,False,0,0,,1082,0,0,0.0,,,,sonnet46
2026091211,u_boost,bonferroni,0.14285714285714285,,False,0,0,,1082,0,0,0.0,,,,sonnet46
2026091211,u_boost,fixed_sequence,0.2,,False,0,0,,1082,0,0,0.0,,,,sonnet46
2026091211,u_boost,bonferroni,0.2,,False,0,0,,1082,0,0,0.0,,,,sonnet46
2026091211,u_boost,fixed_sequence,0.25,,False,0,0,,1082,0,0,0.0,,,,sonnet46
2026091211,u_boost,bonferroni,0.25,,False,0,0,,1082,0,0,0.0,,,,sonnet46
2026091211,rich_logistic,fixed_sequence,0.1,,False,0,0,,1082,0,0,0.0,,,,sonnet46
2026091211,rich_logistic,bonferroni,0.1,,False,0,0,,1082,0,0,0.0,,,,sonnet46
2026091211,rich_logistic,fixed_sequence,0.14285714285714285,,False,0,0,,1082,0,0,0.0,,,,sonnet46
2026091211,rich_logistic,bonferroni,0.14285714285714285,,False,0,0,,1082,0,0,0.0,,,,sonnet46
2026091211,rich_logistic,fixed_sequence,0.2,,False,0,0,,1082,0,0,0.0,,,,sonnet46
2026091211,rich_logistic,bonferroni,0.2,,False,0,0,,1082,0,0,0.0,,,,sonnet46
2026091211,rich_logistic,fixed_sequence,0.25,,False,0,0,,1082,0,0,0.0,,,,sonnet46
2026091211,rich_logistic,bonferroni,0.25,,False,0,0,,1082,0,0,0.0,,,,sonnet46
2026091211,rich_boost,fixed_sequence,0.1,,False,0,0,,1082,0,0,0.0,,,,sonnet46
2026091211,rich_boost,bonferroni,0.1,,False,0,0,,1082,0,0,0.0,,,,sonnet46
2026091211,rich_boost,fixed_sequence,0.14285714285714285,,False,0,0,,1082,0,0,0.0,,,,sonnet46
2026091211,rich_boost,bonferroni,0.14285714285714285,,False,0,0,,1082,0,0,0.0,,,,sonnet46
2026091211,rich_boost,fixed_sequence,0.2,,False,0,0,,1082,0,0,0.0,,,,sonnet46
2026091211,rich_boost,bonferroni,0.2,,False,0,0,,1082,0,0,0.0,,,,sonnet46
2026091211,rich_boost,fixed_sequence,0.25,,False,0,0,,1082,0,0,0.0,,,,sonnet46
2026091211,rich_boost,bonferroni,0.25,,False,0,0,,1082,0,0,0.0,,,,sonnet46
2026091212,raw_u,fixed_sequence,0.1,,False,0,0,,1082,0,0,0.0,,,,sonnet46
2026091212,raw_u,bonferroni,0.1,,False,0,0,,1082,0,0,0.0,,,,sonnet46
2026091212,raw_u,fixed_sequence,0.14285714285714285,,False,0,0,,1082,0,0,0.0,,,,sonnet46
2026091212,raw_u,bonferroni,0.14285714285714285,,False,0,0,,1082,0,0,0.0,,,,sonnet46
2026091212,raw_u,fixed_sequence,0.2,,False,0,0,,1082,0,0,0.0,,,,sonnet46
2026091212,raw_u,bonferroni,0.2,,False,0,0,,1082,0,0,0.0,,,,sonnet46
2026091212,raw_u,fixed_sequence,0.25,,False,0,0,,1082,0,0,0.0,,,,sonnet46
2026091212,raw_u,bonferroni,0.25,,False,0,0,,1082,0,0,0.0,,,,sonnet46
2026091212,u_boost,fixed_sequence,0.1,,False,0,0,,1082,0,0,0.0,,,,sonnet46
2026091212,u_boost,bonferroni,0.1,,False,0,0,,1082,0,0,0.0,,,,sonnet46
2026091212,u_boost,fixed_sequence,0.14285714285714285,,False,0,0,,1082,0,0,0.0,,,,sonnet46
2026091212,u_boost,bonferroni,0.14285714285714285,,False,0,0,,1082,0,0,0.0,,,,sonnet46
2026091212,u_boost,fixed_sequence,0.2,,False,0,0,,1082,0,0,0.0,,,,sonnet46
2026091212,u_boost,bonferroni,0.2,,False,0,0,,1082,0,0,0.0,,,,sonnet46
2026091212,u_boost,fixed_sequence,0.25,,False,0,0,,1082,0,0,0.0,,,,sonnet46
2026091212,u_boost,bonferroni,0.25,,False,0,0,,1082,0,0,0.0,,,,sonnet46
2026091212,rich_logistic,fixed_sequence,0.1,,False,0,0,,1082,0,0,0.0,,,,sonnet46
2026091212,rich_logistic,bonferroni,0.1,,False,0,0,,1082,0,0,0.0,,,,sonnet46
2026091212,rich_logistic,fixed_sequence,0.14285714285714285,,False,0,0,,1082,0,0,0.0,,,,sonnet46
2026091212,rich_logistic,bonferroni,0.14285714285714285,,False,0,0,,1082,0,0,0.0,,,,sonnet46
2026091212,rich_logistic,fixed_sequence,0.2,,False,0,0,,1082,0,0,0.0,,,,sonnet46
2026091212,rich_logistic,bonferroni,0.2,,False,0,0,,1082,0,0,0.0,,,,sonnet46
2026091212,rich_logistic,fixed_sequence,0.25,,False,0,0,,1082,0,0,0.0,,,,sonnet46
2026091212,rich_logistic,bonferroni,0.25,,False,0,0,,1082,0,0,0.0,,,,sonnet46
2026091212,rich_boost,fixed_sequence,0.1,,False,0,0,,1082,0,0,0.0,,,,sonnet46
2026091212,rich_boost,bonferroni,0.1,,False,0,0,,1082,0,0,0.0,,,,sonnet46
2026091212,rich_boost,fixed_sequence,0.14285714285714285,,False,0,0,,1082,0,0,0.0,,,,sonnet46
2026091212,rich_boost,bonferroni,0.14285714285714285,,False,0,0,,1082,0,0,0.0,,,,sonnet46
2026091212,rich_boost,fixed_sequence,0.2,,False,0,0,,1082,0,0,0.0,,,,sonnet46
2026091212,rich_boost,bonferroni,0.2,,False,0,0,,1082,0,0,0.0,,,,sonnet46
2026091212,rich_boost,fixed_sequence,0.25,,False,0,0,,1082,0,0,0.0,,,,sonnet46
2026091212,rich_boost,bonferroni,0.25,,False,0,0,,1082,0,0,0.0,,,,sonnet46
2026091213,raw_u,fixed_sequence,0.1,,False,0,0,,1082,0,0,0.0,,,,sonnet46
2026091213,raw_u,bonferroni,0.1,,False,0,0,,1082,0,0,0.0,,,,sonnet46
2026091213,raw_u,fixed_sequence,0.14285714285714285,,False,0,0,,1082,0,0,0.0,,,,sonnet46
2026091213,raw_u,bonferroni,0.14285714285714285,,False,0,0,,1082,0,0,0.0,,,,sonnet46
2026091213,raw_u,fixed_sequence,0.2,,False,0,0,,1082,0,0,0.0,,,,sonnet46
2026091213,raw_u,bonferroni,0.2,,False,0,0,,1082,0,0,0.0,,,,sonnet46
2026091213,raw_u,fixed_sequence,0.25,,False,0,0,,1082,0,0,0.0,,,,sonnet46
2026091213,raw_u,bonferroni,0.25,,False,0,0,,1082,0,0,0.0,,,,sonnet46
2026091213,u_boost,fixed_sequence,0.1,,False,0,0,,1082,0,0,0.0,,,,sonnet46
2026091213,u_boost,bonferroni,0.1,,False,0,0,,1082,0,0,0.0,,,,sonnet46
2026091213,u_boost,fixed_sequence,0.14285714285714285,,False,0,0,,1082,0,0,0.0,,,,sonnet46
2026091213,u_boost,bonferroni,0.14285714285714285,,False,0,0,,1082,0,0,0.0,,,,sonnet46
2026091213,u_boost,fixed_sequence,0.2,,False,0,0,,1082,0,0,0.0,,,,sonnet46
2026091213,u_boost,bonferroni,0.2,,False,0,0,,1082,0,0,0.0,,,,sonnet46
2026091213,u_boost,fixed_sequence,0.25,,False,0,0,,1082,0,0,0.0,,,,sonnet46
2026091213,u_boost,bonferroni,0.25,,False,0,0,,1082,0,0,0.0,,,,sonnet46
2026091213,rich_logistic,fixed_sequence,0.1,,False,0,0,,1082,0,0,0.0,,,,sonnet46
2026091213,rich_logistic,bonferroni,0.1,,False,0,0,,1082,0,0,0.0,,,,sonnet46
2026091213,rich_logistic,fixed_sequence,0.14285714285714285,,False,0,0,,1082,0,0,0.0,,,,sonnet46
2026091213,rich_logistic,bonferroni,0.14285714285714285,,False,0,0,,1082,0,0,0.0,,,,sonnet46
2026091213,rich_logistic,fixed_sequence,0.2,,False,0,0,,1082,0,0,0.0,,,,sonnet46
2026091213,rich_logistic,bonferroni,0.2,,False,0,0,,1082,0,0,0.0,,,,sonnet46
2026091213,rich_logistic,fixed_sequence,0.25,,False,0,0,,1082,0,0,0.0,,,,sonnet46
2026091213,rich_logistic,bonferroni,0.25,,False,0,0,,1082,0,0,0.0,,,,sonnet46
2026091213,rich_boost,fixed_sequence,0.1,,False,0,0,,1082,0,0,0.0,,,,sonnet46
2026091213,rich_boost,bonferroni,0.1,,False,0,0,,1082,0,0,0.0,,,,sonnet46
2026091213,rich_boost,fixed_sequence,0.14285714285714285,,False,0,0,,1082,0,0,0.0,,,,sonnet46
2026091213,rich_boost,bonferroni,0.14285714285714285,,False,0,0,,1082,0,0,0.0,,,,sonnet46
2026091213,rich_boost,fixed_sequence,0.2,,False,0,0,,1082,0,0,0.0,,,,sonnet46
2026091213,rich_boost,bonferroni,0.2,,False,0,0,,1082,0,0,0.0,,,,sonnet46
2026091213,rich_boost,fixed_sequence,0.25,,False,0,0,,1082,0,0,0.0,,,,sonnet46
2026091213,rich_boost,bonferroni,0.25,,False,0,0,,1082,0,0,0.0,,,,sonnet46
2026091214,raw_u,fixed_sequence,0.1,,False,0,0,,1082,0,0,0.0,,,,sonnet46
2026091214,raw_u,bonferroni,0.1,,False,0,0,,1082,0,0,0.0,,,,sonnet46
2026091214,raw_u,fixed_sequence,0.14285714285714285,,False,0,0,,1082,0,0,0.0,,,,sonnet46
2026091214,raw_u,bonferroni,0.14285714285714285,,False,0,0,,1082,0,0,0.0,,,,sonnet46
2026091214,raw_u,fixed_sequence,0.2,,False,0,0,,1082,0,0,0.0,,,,sonnet46
2026091214,raw_u,bonferroni,0.2,,False,0,0,,1082,0,0,0.0,,,,sonnet46
2026091214,raw_u,fixed_sequence,0.25,,False,0,0,,1082,0,0,0.0,,,,sonnet46
2026091214,raw_u,bonferroni,0.25,,False,0,0,,1082,0,0,0.0,,,,sonnet46
2026091214,u_boost,fixed_sequence,0.1,,False,0,0,,1082,0,0,0.0,,,,sonnet46
2026091214,u_boost,bonferroni,0.1,,False,0,0,,1082,0,0,0.0,,,,sonnet46
2026091214,u_boost,fixed_sequence,0.14285714285714285,,False,0,0,,1082,0,0,0.0,,,,sonnet46
2026091214,u_boost,bonferroni,0.14285714285714285,,False,0,0,,1082,0,0,0.0,,,,sonnet46
2026091214,u_boost,fixed_sequence,0.2,,False,0,0,,1082,0,0,0.0,,,,sonnet46
2026091214,u_boost,bonferroni,0.2,,False,0,0,,1082,0,0,0.0,,,,sonnet46
2026091214,u_boost,fixed_sequence,0.25,,False,0,0,,1082,0,0,0.0,,,,sonnet46
2026091214,u_boost,bonferroni,0.25,,False,0,0,,1082,0,0,0.0,,,,sonnet46
2026091214,rich_logistic,fixed_sequence,0.1,,False,0,0,,1082,0,0,0.0,,,,sonnet46
2026091214,rich_logistic,bonferroni,0.1,,False,0,0,,1082,0,0,0.0,,,,sonnet46
2026091214,rich_logistic,fixed_sequence,0.14285714285714285,,False,0,0,,1082,0,0,0.0,,,,sonnet46
2026091214,rich_logistic,bonferroni,0.14285714285714285,,False,0,0,,1082,0,0,0.0,,,,sonnet46
2026091214,rich_logistic,fixed_sequence,0.2,,False,0,0,,1082,0,0,0.0,,,,sonnet46
2026091214,rich_logistic,bonferroni,0.2,,False,0,0,,1082,0,0,0.0,,,,sonnet46
2026091214,rich_logistic,fixed_sequence,0.25,,False,0,0,,1082,0,0,0.0,,,,sonnet46
2026091214,rich_logistic,bonferroni,0.25,,False,0,0,,1082,0,0,0.0,,,,sonnet46
2026091214,rich_boost,fixed_sequence,0.1,,False,0,0,,1082,0,0,0.0,,,,sonnet46
2026091214,rich_boost,bonferroni,0.1,,False,0,0,,1082,0,0,0.0,,,,sonnet46
2026091214,rich_boost,fixed_sequence,0.14285714285714285,,False,0,0,,1082,0,0,0.0,,,,sonnet46
2026091214,rich_boost,bonferroni,0.14285714285714285,,False,0,0,,1082,0,0,0.0,,,,sonnet46
2026091214,rich_boost,fixed_sequence,0.2,,False,0,0,,1082,0,0,0.0,,,,sonnet46
2026091214,rich_boost,bonferroni,0.2,,False,0,0,,1082,0,0,0.0,,,,sonnet46
2026091214,rich_boost,fixed_sequence,0.25,,False,0,0,,1082,0,0,0.0,,,,sonnet46
2026091214,rich_boost,bonferroni,0.25,,False,0,0,,1082,0,0,0.0,,,,sonnet46
2026091215,raw_u,fixed_sequence,0.1,,False,0,0,,1082,0,0,0.0,,,,sonnet46
2026091215,raw_u,bonferroni,0.1,,False,0,0,,1082,0,0,0.0,,,,sonnet46
2026091215,raw_u,fixed_sequence,0.14285714285714285,,False,0,0,,1082,0,0,0.0,,,,sonnet46
2026091215,raw_u,bonferroni,0.14285714285714285,,False,0,0,,1082,0,0,0.0,,,,sonnet46
2026091215,raw_u,fixed_sequence,0.2,,False,0,0,,1082,0,0,0.0,,,,sonnet46
2026091215,raw_u,bonferroni,0.2,,False,0,0,,1082,0,0,0.0,,,,sonnet46
2026091215,raw_u,fixed_sequence,0.25,,False,0,0,,1082,0,0,0.0,,,,sonnet46
2026091215,raw_u,bonferroni,0.25,,False,0,0,,1082,0,0,0.0,,,,sonnet46
2026091215,u_boost,fixed_sequence,0.1,,False,0,0,,1082,0,0,0.0,,,,sonnet46
2026091215,u_boost,bonferroni,0.1,,False,0,0,,1082,0,0,0.0,,,,sonnet46
2026091215,u_boost,fixed_sequence,0.14285714285714285,,False,0,0,,1082,0,0,0.0,,,,sonnet46
2026091215,u_boost,bonferroni,0.14285714285714285,,False,0,0,,1082,0,0,0.0,,,,sonnet46
2026091215,u_boost,fixed_sequence,0.2,,False,0,0,,1082,0,0,0.0,,,,sonnet46
2026091215,u_boost,bonferroni,0.2,,False,0,0,,1082,0,0,0.0,,,,sonnet46
2026091215,u_boost,fixed_sequence,0.25,,False,0,0,,1082,0,0,0.0,,,,sonnet46
2026091215,u_boost,bonferroni,0.25,,False,0,0,,1082,0,0,0.0,,,,sonnet46
2026091215,rich_logistic,fixed_sequence,0.1,,False,0,0,,1082,0,0,0.0,,,,sonnet46
2026091215,rich_logistic,bonferroni,0.1,,False,0,0,,1082,0,0,0.0,,,,sonnet46
2026091215,rich_logistic,fixed_sequence,0.14285714285714285,,False,0,0,,1082,0,0,0.0,,,,sonnet46
2026091215,rich_logistic,bonferroni,0.14285714285714285,,False,0,0,,1082,0,0,0.0,,,,sonnet46
2026091215,rich_logistic,fixed_sequence,0.2,,False,0,0,,1082,0,0,0.0,,,,sonnet46
2026091215,rich_logistic,bonferroni,0.2,,False,0,0,,1082,0,0,0.0,,,,sonnet46
2026091215,rich_logistic,fixed_sequence,0.25,,False,0,0,,1082,0,0,0.0,,,,sonnet46
2026091215,rich_logistic,bonferroni,0.25,,False,0,0,,1082,0,0,0.0,,,,sonnet46
2026091215,rich_boost,fixed_sequence,0.1,,False,0,0,,1082,0,0,0.0,,,,sonnet46
2026091215,rich_boost,bonferroni,0.1,,False,0,0,,1082,0,0,0.0,,,,sonnet46
2026091215,rich_boost,fixed_sequence,0.14285714285714285,,False,0,0,,1082,0,0,0.0,,,,sonnet46
2026091215,rich_boost,bonferroni,0.14285714285714285,,False,0,0,,1082,0,0,0.0,,,,sonnet46
2026091215,rich_boost,fixed_sequence,0.2,,False,0,0,,1082,0,0,0.0,,,,sonnet46
2026091215,rich_boost,bonferroni,0.2,,False,0,0,,1082,0,0,0.0,,,,sonnet46
2026091215,rich_boost,fixed_sequence,0.25,,False,0,0,,1082,0,0,0.0,,,,sonnet46
2026091215,rich_boost,bonferroni,0.25,,False,0,0,,1082,0,0,0.0,,,,sonnet46
2026091216,raw_u,fixed_sequence,0.1,,False,0,0,,1082,0,0,0.0,,,,sonnet46
2026091216,raw_u,bonferroni,0.1,,False,0,0,,1082,0,0,0.0,,,,sonnet46
2026091216,raw_u,fixed_sequence,0.14285714285714285,,False,0,0,,1082,0,0,0.0,,,,sonnet46
2026091216,raw_u,bonferroni,0.14285714285714285,,False,0,0,,1082,0,0,0.0,,,,sonnet46
2026091216,raw_u,fixed_sequence,0.2,,False,0,0,,1082,0,0,0.0,,,,sonnet46
2026091216,raw_u,bonferroni,0.2,,False,0,0,,1082,0,0,0.0,,,,sonnet46
2026091216,raw_u,fixed_sequence,0.25,,False,0,0,,1082,0,0,0.0,,,,sonnet46
2026091216,raw_u,bonferroni,0.25,,False,0,0,,1082,0,0,0.0,,,,sonnet46
2026091216,u_boost,fixed_sequence,0.1,,False,0,0,,1082,0,0,0.0,,,,sonnet46
2026091216,u_boost,bonferroni,0.1,,False,0,0,,1082,0,0,0.0,,,,sonnet46
2026091216,u_boost,fixed_sequence,0.14285714285714285,,False,0,0,,1082,0,0,0.0,,,,sonnet46
2026091216,u_boost,bonferroni,0.14285714285714285,,False,0,0,,1082,0,0,0.0,,,,sonnet46
2026091216,u_boost,fixed_sequence,0.2,,False,0,0,,1082,0,0,0.0,,,,sonnet46
2026091216,u_boost,bonferroni,0.2,,False,0,0,,1082,0,0,0.0,,,,sonnet46
2026091216,u_boost,fixed_sequence,0.25,,False,0,0,,1082,0,0,0.0,,,,sonnet46
2026091216,u_boost,bonferroni,0.25,,False,0,0,,1082,0,0,0.0,,,,sonnet46
2026091216,rich_logistic,fixed_sequence,0.1,,False,0,0,,1082,0,0,0.0,,,,sonnet46
2026091216,rich_logistic,bonferroni,0.1,,False,0,0,,1082,0,0,0.0,,,,sonnet46
2026091216,rich_logistic,fixed_sequence,0.14285714285714285,,False,0,0,,1082,0,0,0.0,,,,sonnet46
2026091216,rich_logistic,bonferroni,0.14285714285714285,,False,0,0,,1082,0,0,0.0,,,,sonnet46
2026091216,rich_logistic,fixed_sequence,0.2,,False,0,0,,1082,0,0,0.0,,,,sonnet46
2026091216,rich_logistic,bonferroni,0.2,,False,0,0,,1082,0,0,0.0,,,,sonnet46
2026091216,rich_logistic,fixed_sequence,0.25,,False,0,0,,1082,0,0,0.0,,,,sonnet46
2026091216,rich_logistic,bonferroni,0.25,,False,0,0,,1082,0,0,0.0,,,,sonnet46
2026091216,rich_boost,fixed_sequence,0.1,,False,0,0,,1082,0,0,0.0,,,,sonnet46
2026091216,rich_boost,bonferroni,0.1,,False,0,0,,1082,0,0,0.0,,,,sonnet46
2026091216,rich_boost,fixed_sequence,0.14285714285714285,,False,0,0,,1082,0,0,0.0,,,,sonnet46
2026091216,rich_boost,bonferroni,0.14285714285714285,,False,0,0,,1082,0,0,0.0,,,,sonnet46
2026091216,rich_boost,fixed_sequence,0.2,,False,0,0,,1082,0,0,0.0,,,,sonnet46
2026091216,rich_boost,bonferroni,0.2,,False,0,0,,1082,0,0,0.0,,,,sonnet46
2026091216,rich_boost,fixed_sequence,0.25,,False,0,0,,1082,0,0,0.0,,,,sonnet46
2026091216,rich_boost,bonferroni,0.25,,False,0,0,,1082,0,0,0.0,,,,sonnet46
2026091217,raw_u,fixed_sequence,0.1,,False,0,0,,1082,0,0,0.0,,,,sonnet46
2026091217,raw_u,bonferroni,0.1,,False,0,0,,1082,0,0,0.0,,,,sonnet46
2026091217,raw_u,fixed_sequence,0.14285714285714285,,False,0,0,,1082,0,0,0.0,,,,sonnet46
2026091217,raw_u,bonferroni,0.14285714285714285,,False,0,0,,1082,0,0,0.0,,,,sonnet46
2026091217,raw_u,fixed_sequence,0.2,,False,0,0,,1082,0,0,0.0,,,,sonnet46
2026091217,raw_u,bonferroni,0.2,,False,0,0,,1082,0,0,0.0,,,,sonnet46
2026091217,raw_u,fixed_sequence,0.25,,False,0,0,,1082,0,0,0.0,,,,sonnet46
2026091217,raw_u,bonferroni,0.25,,False,0,0,,1082,0,0,0.0,,,,sonnet46
2026091217,u_boost,fixed_sequence,0.1,,False,0,0,,1082,0,0,0.0,,,,sonnet46
2026091217,u_boost,bonferroni,0.1,,False,0,0,,1082,0,0,0.0,,,,sonnet46
2026091217,u_boost,fixed_sequence,0.14285714285714285,,False,0,0,,1082,0,0,0.0,,,,sonnet46
2026091217,u_boost,bonferroni,0.14285714285714285,,False,0,0,,1082,0,0,0.0,,,,sonnet46
2026091217,u_boost,fixed_sequence,0.2,,False,0,0,,1082,0,0,0.0,,,,sonnet46
2026091217,u_boost,bonferroni,0.2,,False,0,0,,1082,0,0,0.0,,,,sonnet46
2026091217,u_boost,fixed_sequence,0.25,,False,0,0,,1082,0,0,0.0,,,,sonnet46
2026091217,u_boost,bonferroni,0.25,,False,0,0,,1082,0,0,0.0,,,,sonnet46
2026091217,rich_logistic,fixed_sequence,0.1,,False,0,0,,1082,0,0,0.0,,,,sonnet46
2026091217,rich_logistic,bonferroni,0.1,,False,0,0,,1082,0,0,0.0,,,,sonnet46
2026091217,rich_logistic,fixed_sequence,0.14285714285714285,,False,0,0,,1082,0,0,0.0,,,,sonnet46
2026091217,rich_logistic,bonferroni,0.14285714285714285,,False,0,0,,1082,0,0,0.0,,,,sonnet46
2026091217,rich_logistic,fixed_sequence,0.2,,False,0,0,,1082,0,0,0.0,,,,sonnet46
2026091217,rich_logistic,bonferroni,0.2,,False,0,0,,1082,0,0,0.0,,,,sonnet46
2026091217,rich_logistic,fixed_sequence,0.25,,False,0,0,,1082,0,0,0.0,,,,sonnet46
2026091217,rich_logistic,bonferroni,0.25,,False,0,0,,1082,0,0,0.0,,,,sonnet46
2026091217,rich_boost,fixed_sequence,0.1,,False,0,0,,1082,0,0,0.0,,,,sonnet46
2026091217,rich_boost,bonferroni,0.1,,False,0,0,,1082,0,0,0.0,,,,sonnet46
2026091217,rich_boost,fixed_sequence,0.14285714285714285,,False,0,0,,1082,0,0,0.0,,,,sonnet46
2026091217,rich_boost,bonferroni,0.14285714285714285,,False,0,0,,1082,0,0,0.0,,,,sonnet46
2026091217,rich_boost,fixed_sequence,0.2,,False,0,0,,1082,0,0,0.0,,,,sonnet46
2026091217,rich_boost,bonferroni,0.2,,False,0,0,,1082,0,0,0.0,,,,sonnet46
2026091217,rich_boost,fixed_sequence,0.25,,False,0,0,,1082,0,0,0.0,,,,sonnet46
2026091217,rich_boost,bonferroni,0.25,,False,0,0,,1082,0,0,0.0,,,,sonnet46
2026091218,raw_u,fixed_sequence,0.1,,False,0,0,,1082,0,0,0.0,,,,sonnet46
2026091218,raw_u,bonferroni,0.1,,False,0,0,,1082,0,0,0.0,,,,sonnet46
2026091218,raw_u,fixed_sequence,0.14285714285714285,,False,0,0,,1082,0,0,0.0,,,,sonnet46
2026091218,raw_u,bonferroni,0.14285714285714285,,False,0,0,,1082,0,0,0.0,,,,sonnet46
2026091218,raw_u,fixed_sequence,0.2,,False,0,0,,1082,0,0,0.0,,,,sonnet46
2026091218,raw_u,bonferroni,0.2,,False,0,0,,1082,0,0,0.0,,,,sonnet46
2026091218,raw_u,fixed_sequence,0.25,,False,0,0,,1082,0,0,0.0,,,,sonnet46
2026091218,raw_u,bonferroni,0.25,,False,0,0,,1082,0,0,0.0,,,,sonnet46
2026091218,u_boost,fixed_sequence,0.1,,False,0,0,,1082,0,0,0.0,,,,sonnet46
2026091218,u_boost,bonferroni,0.1,,False,0,0,,1082,0,0,0.0,,,,sonnet46
2026091218,u_boost,fixed_sequence,0.14285714285714285,,False,0,0,,1082,0,0,0.0,,,,sonnet46
2026091218,u_boost,bonferroni,0.14285714285714285,,False,0,0,,1082,0,0,0.0,,,,sonnet46
2026091218,u_boost,fixed_sequence,0.2,,False,0,0,,1082,0,0,0.0,,,,sonnet46
2026091218,u_boost,bonferroni,0.2,,False,0,0,,1082,0,0,0.0,,,,sonnet46
2026091218,u_boost,fixed_sequence,0.25,,False,0,0,,1082,0,0,0.0,,,,sonnet46
2026091218,u_boost,bonferroni,0.25,,False,0,0,,1082,0,0,0.0,,,,sonnet46
2026091218,rich_logistic,fixed_sequence,0.1,,False,0,0,,1082,0,0,0.0,,,,sonnet46
2026091218,rich_logistic,bonferroni,0.1,,False,0,0,,1082,0,0,0.0,,,,sonnet46
2026091218,rich_logistic,fixed_sequence,0.14285714285714285,,False,0,0,,1082,0,0,0.0,,,,sonnet46
2026091218,rich_logistic,bonferroni,0.14285714285714285,,False,0,0,,1082,0,0,0.0,,,,sonnet46
2026091218,rich_logistic,fixed_sequence,0.2,,False,0,0,,1082,0,0,0.0,,,,sonnet46
2026091218,rich_logistic,bonferroni,0.2,,False,0,0,,1082,0,0,0.0,,,,sonnet46
2026091218,rich_logistic,fixed_sequence,0.25,,False,0,0,,1082,0,0,0.0,,,,sonnet46
2026091218,rich_logistic,bonferroni,0.25,,False,0,0,,1082,0,0,0.0,,,,sonnet46
2026091218,rich_boost,fixed_sequence,0.1,,False,0,0,,1082,0,0,0.0,,,,sonnet46
2026091218,rich_boost,bonferroni,0.1,,False,0,0,,1082,0,0,0.0,,,,sonnet46
2026091218,rich_boost,fixed_sequence,0.14285714285714285,,False,0,0,,1082,0,0,0.0,,,,sonnet46
2026091218,rich_boost,bonferroni,0.14285714285714285,,False,0,0,,1082,0,0,0.0,,,,sonnet46
2026091218,rich_boost,fixed_sequence,0.2,,False,0,0,,1082,0,0,0.0,,,,sonnet46
2026091218,rich_boost,bonferroni,0.2,,False,0,0,,1082,0,0,0.0,,,,sonnet46
2026091218,rich_boost,fixed_sequence,0.25,,False,0,0,,1082,0,0,0.0,,,,sonnet46
2026091218,rich_boost,bonferroni,0.25,,False,0,0,,1082,0,0,0.0,,,,sonnet46
2026091219,raw_u,fixed_sequence,0.1,,False,0,0,,1082,0,0,0.0,,,,sonnet46
2026091219,raw_u,bonferroni,0.1,,False,0,0,,1082,0,0,0.0,,,,sonnet46
2026091219,raw_u,fixed_sequence,0.14285714285714285,,False,0,0,,1082,0,0,0.0,,,,sonnet46
2026091219,raw_u,bonferroni,0.14285714285714285,,False,0,0,,1082,0,0,0.0,,,,sonnet46
2026091219,raw_u,fixed_sequence,0.2,,False,0,0,,1082,0,0,0.0,,,,sonnet46
2026091219,raw_u,bonferroni,0.2,,False,0,0,,1082,0,0,0.0,,,,sonnet46
2026091219,raw_u,fixed_sequence,0.25,,False,0,0,,1082,0,0,0.0,,,,sonnet46
2026091219,raw_u,bonferroni,0.25,,False,0,0,,1082,0,0,0.0,,,,sonnet46
2026091219,u_boost,fixed_sequence,0.1,,False,0,0,,1082,0,0,0.0,,,,sonnet46
2026091219,u_boost,bonferroni,0.1,,False,0,0,,1082,0,0,0.0,,,,sonnet46
2026091219,u_boost,fixed_sequence,0.14285714285714285,,False,0,0,,1082,0,0,0.0,,,,sonnet46
2026091219,u_boost,bonferroni,0.14285714285714285,,False,0,0,,1082,0,0,0.0,,,,sonnet46
2026091219,u_boost,fixed_sequence,0.2,,False,0,0,,1082,0,0,0.0,,,,sonnet46
2026091219,u_boost,bonferroni,0.2,,False,0,0,,1082,0,0,0.0,,,,sonnet46
2026091219,u_boost,fixed_sequence,0.25,,False,0,0,,1082,0,0,0.0,,,,sonnet46
2026091219,u_boost,bonferroni,0.25,,False,0,0,,1082,0,0,0.0,,,,sonnet46
2026091219,rich_logistic,fixed_sequence,0.1,,False,0,0,,1082,0,0,0.0,,,,sonnet46
2026091219,rich_logistic,bonferroni,0.1,,False,0,0,,1082,0,0,0.0,,,,sonnet46
2026091219,rich_logistic,fixed_sequence,0.14285714285714285,,False,0,0,,1082,0,0,0.0,,,,sonnet46
2026091219,rich_logistic,bonferroni,0.14285714285714285,,False,0,0,,1082,0,0,0.0,,,,sonnet46
2026091219,rich_logistic,fixed_sequence,0.2,,False,0,0,,1082,0,0,0.0,,,,sonnet46
2026091219,rich_logistic,bonferroni,0.2,,False,0,0,,1082,0,0,0.0,,,,sonnet46
2026091219,rich_logistic,fixed_sequence,0.25,,False,0,0,,1082,0,0,0.0,,,,sonnet46
2026091219,rich_logistic,bonferroni,0.25,,False,0,0,,1082,0,0,0.0,,,,sonnet46
2026091219,rich_boost,fixed_sequence,0.1,,False,0,0,,1082,0,0,0.0,,,,sonnet46
2026091219,rich_boost,bonferroni,0.1,,False,0,0,,1082,0,0,0.0,,,,sonnet46
2026091219,rich_boost,fixed_sequence,0.14285714285714285,,False,0,0,,1082,0,0,0.0,,,,sonnet46
2026091219,rich_boost,bonferroni,0.14285714285714285,,False,0,0,,1082,0,0,0.0,,,,sonnet46
2026091219,rich_boost,fixed_sequence,0.2,,False,0,0,,1082,0,0,0.0,,,,sonnet46
2026091219,rich_boost,bonferroni,0.2,,False,0,0,,1082,0,0,0.0,,,,sonnet46
2026091219,rich_boost,fixed_sequence,0.25,,False,0,0,,1082,0,0,0.0,,,,sonnet46
2026091219,rich_boost,bonferroni,0.25,,False,0,0,,1082,0,0,0.0,,,,sonnet46
2026091220,raw_u,fixed_sequence,0.1,,False,0,0,,1082,0,0,0.0,,,,sonnet46
2026091220,raw_u,bonferroni,0.1,,False,0,0,,1082,0,0,0.0,,,,sonnet46
2026091220,raw_u,fixed_sequence,0.14285714285714285,,False,0,0,,1082,0,0,0.0,,,,sonnet46
2026091220,raw_u,bonferroni,0.14285714285714285,,False,0,0,,1082,0,0,0.0,,,,sonnet46
2026091220,raw_u,fixed_sequence,0.2,,False,0,0,,1082,0,0,0.0,,,,sonnet46
2026091220,raw_u,bonferroni,0.2,,False,0,0,,1082,0,0,0.0,,,,sonnet46
2026091220,raw_u,fixed_sequence,0.25,,False,0,0,,1082,0,0,0.0,,,,sonnet46
2026091220,raw_u,bonferroni,0.25,,False,0,0,,1082,0,0,0.0,,,,sonnet46
2026091220,u_boost,fixed_sequence,0.1,,False,0,0,,1082,0,0,0.0,,,,sonnet46
2026091220,u_boost,bonferroni,0.1,,False,0,0,,1082,0,0,0.0,,,,sonnet46
2026091220,u_boost,fixed_sequence,0.14285714285714285,,False,0,0,,1082,0,0,0.0,,,,sonnet46
2026091220,u_boost,bonferroni,0.14285714285714285,,False,0,0,,1082,0,0,0.0,,,,sonnet46
2026091220,u_boost,fixed_sequence,0.2,,False,0,0,,1082,0,0,0.0,,,,sonnet46
2026091220,u_boost,bonferroni,0.2,,False,0,0,,1082,0,0,0.0,,,,sonnet46
2026091220,u_boost,fixed_sequence,0.25,,False,0,0,,1082,0,0,0.0,,,,sonnet46
2026091220,u_boost,bonferroni,0.25,,False,0,0,,1082,0,0,0.0,,,,sonnet46
2026091220,rich_logistic,fixed_sequence,0.1,,False,0,0,,1082,0,0,0.0,,,,sonnet46
2026091220,rich_logistic,bonferroni,0.1,,False,0,0,,1082,0,0,0.0,,,,sonnet46
2026091220,rich_logistic,fixed_sequence,0.14285714285714285,,False,0,0,,1082,0,0,0.0,,,,sonnet46
2026091220,rich_logistic,bonferroni,0.14285714285714285,,False,0,0,,1082,0,0,0.0,,,,sonnet46
2026091220,rich_logistic,fixed_sequence,0.2,,False,0,0,,1082,0,0,0.0,,,,sonnet46
2026091220,rich_logistic,bonferroni,0.2,,False,0,0,,1082,0,0,0.0,,,,sonnet46
2026091220,rich_logistic,fixed_sequence,0.25,,False,0,0,,1082,0,0,0.0,,,,sonnet46
2026091220,rich_logistic,bonferroni,0.25,,False,0,0,,1082,0,0,0.0,,,,sonnet46
2026091220,rich_boost,fixed_sequence,0.1,,False,0,0,,1082,0,0,0.0,,,,sonnet46
2026091220,rich_boost,bonferroni,0.1,,False,0,0,,1082,0,0,0.0,,,,sonnet46
2026091220,rich_boost,fixed_sequence,0.14285714285714285,,False,0,0,,1082,0,0,0.0,,,,sonnet46
2026091220,rich_boost,bonferroni,0.14285714285714285,,False,0,0,,1082,0,0,0.0,,,,sonnet46
2026091220,rich_boost,fixed_sequence,0.2,,False,0,0,,1082,0,0,0.0,,,,sonnet46
2026091220,rich_boost,bonferroni,0.2,,False,0,0,,1082,0,0,0.0,,,,sonnet46
2026091220,rich_boost,fixed_sequence,0.25,,False,0,0,,1082,0,0,0.0,,,,sonnet46
2026091220,rich_boost,bonferroni,0.25,,False,0,0,,1082,0,0,0.0,,,,sonnet46
2026091221,raw_u,fixed_sequence,0.1,,False,0,0,,1082,0,0,0.0,,,,sonnet46
2026091221,raw_u,bonferroni,0.1,,False,0,0,,1082,0,0,0.0,,,,sonnet46
2026091221,raw_u,fixed_sequence,0.14285714285714285,,False,0,0,,1082,0,0,0.0,,,,sonnet46
2026091221,raw_u,bonferroni,0.14285714285714285,,False,0,0,,1082,0,0,0.0,,,,sonnet46
2026091221,raw_u,fixed_sequence,0.2,,False,0,0,,1082,0,0,0.0,,,,sonnet46
2026091221,raw_u,bonferroni,0.2,,False,0,0,,1082,0,0,0.0,,,,sonnet46
2026091221,raw_u,fixed_sequence,0.25,,False,0,0,,1082,0,0,0.0,,,,sonnet46
2026091221,raw_u,bonferroni,0.25,,False,0,0,,1082,0,0,0.0,,,,sonnet46
2026091221,u_boost,fixed_sequence,0.1,,False,0,0,,1082,0,0,0.0,,,,sonnet46
2026091221,u_boost,bonferroni,0.1,,False,0,0,,1082,0,0,0.0,,,,sonnet46
2026091221,u_boost,fixed_sequence,0.14285714285714285,,False,0,0,,1082,0,0,0.0,,,,sonnet46
2026091221,u_boost,bonferroni,0.14285714285714285,,False,0,0,,1082,0,0,0.0,,,,sonnet46
2026091221,u_boost,fixed_sequence,0.2,,False,0,0,,1082,0,0,0.0,,,,sonnet46
2026091221,u_boost,bonferroni,0.2,,False,0,0,,1082,0,0,0.0,,,,sonnet46
2026091221,u_boost,fixed_sequence,0.25,,False,0,0,,1082,0,0,0.0,,,,sonnet46
2026091221,u_boost,bonferroni,0.25,,False,0,0,,1082,0,0,0.0,,,,sonnet46
2026091221,rich_logistic,fixed_sequence,0.1,,False,0,0,,1082,0,0,0.0,,,,sonnet46
2026091221,rich_logistic,bonferroni,0.1,,False,0,0,,1082,0,0,0.0,,,,sonnet46
2026091221,rich_logistic,fixed_sequence,0.14285714285714285,,False,0,0,,1082,0,0,0.0,,,,sonnet46
2026091221,rich_logistic,bonferroni,0.14285714285714285,,False,0,0,,1082,0,0,0.0,,,,sonnet46
2026091221,rich_logistic,fixed_sequence,0.2,,False,0,0,,1082,0,0,0.0,,,,sonnet46
2026091221,rich_logistic,bonferroni,0.2,,False,0,0,,1082,0,0,0.0,,,,sonnet46
2026091221,rich_logistic,fixed_sequence,0.25,,False,0,0,,1082,0,0,0.0,,,,sonnet46
2026091221,rich_logistic,bonferroni,0.25,,False,0,0,,1082,0,0,0.0,,,,sonnet46
2026091221,rich_boost,fixed_sequence,0.1,,False,0,0,,1082,0,0,0.0,,,,sonnet46
2026091221,rich_boost,bonferroni,0.1,,False,0,0,,1082,0,0,0.0,,,,sonnet46
2026091221,rich_boost,fixed_sequence,0.14285714285714285,,False,0,0,,1082,0,0,0.0,,,,sonnet46
2026091221,rich_boost,bonferroni,0.14285714285714285,,False,0,0,,1082,0,0,0.0,,,,sonnet46
2026091221,rich_boost,fixed_sequence,0.2,,False,0,0,,1082,0,0,0.0,,,,sonnet46
2026091221,rich_boost,bonferroni,0.2,,False,0,0,,1082,0,0,0.0,,,,sonnet46
2026091221,rich_boost,fixed_sequence,0.25,,False,0,0,,1082,0,0,0.0,,,,sonnet46
2026091221,rich_boost,bonferroni,0.25,,False,0,0,,1082,0,0,0.0,,,,sonnet46
2026091222,raw_u,fixed_sequence,0.1,,False,0,0,,1082,0,0,0.0,,,,sonnet46
2026091222,raw_u,bonferroni,0.1,,False,0,0,,1082,0,0,0.0,,,,sonnet46
2026091222,raw_u,fixed_sequence,0.14285714285714285,,False,0,0,,1082,0,0,0.0,,,,sonnet46
2026091222,raw_u,bonferroni,0.14285714285714285,,False,0,0,,1082,0,0,0.0,,,,sonnet46
2026091222,raw_u,fixed_sequence,0.2,,False,0,0,,1082,0,0,0.0,,,,sonnet46
2026091222,raw_u,bonferroni,0.2,,False,0,0,,1082,0,0,0.0,,,,sonnet46
2026091222,raw_u,fixed_sequence,0.25,,False,0,0,,1082,0,0,0.0,,,,sonnet46
2026091222,raw_u,bonferroni,0.25,,False,0,0,,1082,0,0,0.0,,,,sonnet46
2026091222,u_boost,fixed_sequence,0.1,,False,0,0,,1082,0,0,0.0,,,,sonnet46
2026091222,u_boost,bonferroni,0.1,,False,0,0,,1082,0,0,0.0,,,,sonnet46
2026091222,u_boost,fixed_sequence,0.14285714285714285,,False,0,0,,1082,0,0,0.0,,,,sonnet46
2026091222,u_boost,bonferroni,0.14285714285714285,,False,0,0,,1082,0,0,0.0,,,,sonnet46
2026091222,u_boost,fixed_sequence,0.2,,False,0,0,,1082,0,0,0.0,,,,sonnet46
2026091222,u_boost,bonferroni,0.2,,False,0,0,,1082,0,0,0.0,,,,sonnet46
2026091222,u_boost,fixed_sequence,0.25,,False,0,0,,1082,0,0,0.0,,,,sonnet46
2026091222,u_boost,bonferroni,0.25,,False,0,0,,1082,0,0,0.0,,,,sonnet46
2026091222,rich_logistic,fixed_sequence,0.1,,False,0,0,,1082,0,0,0.0,,,,sonnet46
2026091222,rich_logistic,bonferroni,0.1,,False,0,0,,1082,0,0,0.0,,,,sonnet46
2026091222,rich_logistic,fixed_sequence,0.14285714285714285,,False,0,0,,1082,0,0,0.0,,,,sonnet46
2026091222,rich_logistic,bonferroni,0.14285714285714285,,False,0,0,,1082,0,0,0.0,,,,sonnet46
2026091222,rich_logistic,fixed_sequence,0.2,,False,0,0,,1082,0,0,0.0,,,,sonnet46
2026091222,rich_logistic,bonferroni,0.2,,False,0,0,,1082,0,0,0.0,,,,sonnet46
2026091222,rich_logistic,fixed_sequence,0.25,,False,0,0,,1082,0,0,0.0,,,,sonnet46
2026091222,rich_logistic,bonferroni,0.25,,False,0,0,,1082,0,0,0.0,,,,sonnet46
2026091222,rich_boost,fixed_sequence,0.1,,False,0,0,,1082,0,0,0.0,,,,sonnet46
2026091222,rich_boost,bonferroni,0.1,,False,0,0,,1082,0,0,0.0,,,,sonnet46
2026091222,rich_boost,fixed_sequence,0.14285714285714285,,False,0,0,,1082,0,0,0.0,,,,sonnet46
2026091222,rich_boost,bonferroni,0.14285714285714285,,False,0,0,,1082,0,0,0.0,,,,sonnet46
2026091222,rich_boost,fixed_sequence,0.2,,False,0,0,,1082,0,0,0.0,,,,sonnet46
2026091222,rich_boost,bonferroni,0.2,,False,0,0,,1082,0,0,0.0,,,,sonnet46
2026091222,rich_boost,fixed_sequence,0.25,,False,0,0,,1082,0,0,0.0,,,,sonnet46
2026091222,rich_boost,bonferroni,0.25,,False,0,0,,1082,0,0,0.0,,,,sonnet46
2026091223,raw_u,fixed_sequence,0.1,,False,0,0,,1082,0,0,0.0,,,,sonnet46
2026091223,raw_u,bonferroni,0.1,,False,0,0,,1082,0,0,0.0,,,,sonnet46
2026091223,raw_u,fixed_sequence,0.14285714285714285,,False,0,0,,1082,0,0,0.0,,,,sonnet46
2026091223,raw_u,bonferroni,0.14285714285714285,,False,0,0,,1082,0,0,0.0,,,,sonnet46
2026091223,raw_u,fixed_sequence,0.2,,False,0,0,,1082,0,0,0.0,,,,sonnet46
2026091223,raw_u,bonferroni,0.2,,False,0,0,,1082,0,0,0.0,,,,sonnet46
2026091223,raw_u,fixed_sequence,0.25,,False,0,0,,1082,0,0,0.0,,,,sonnet46
2026091223,raw_u,bonferroni,0.25,,False,0,0,,1082,0,0,0.0,,,,sonnet46
2026091223,u_boost,fixed_sequence,0.1,,False,0,0,,1082,0,0,0.0,,,,sonnet46
2026091223,u_boost,bonferroni,0.1,,False,0,0,,1082,0,0,0.0,,,,sonnet46
2026091223,u_boost,fixed_sequence,0.14285714285714285,,False,0,0,,1082,0,0,0.0,,,,sonnet46
2026091223,u_boost,bonferroni,0.14285714285714285,,False,0,0,,1082,0,0,0.0,,,,sonnet46
2026091223,u_boost,fixed_sequence,0.2,,False,0,0,,1082,0,0,0.0,,,,sonnet46
2026091223,u_boost,bonferroni,0.2,,False,0,0,,1082,0,0,0.0,,,,sonnet46
2026091223,u_boost,fixed_sequence,0.25,,False,0,0,,1082,0,0,0.0,,,,sonnet46
2026091223,u_boost,bonferroni,0.25,,False,0,0,,1082,0,0,0.0,,,,sonnet46
2026091223,rich_logistic,fixed_sequence,0.1,,False,0,0,,1082,0,0,0.0,,,,sonnet46
2026091223,rich_logistic,bonferroni,0.1,,False,0,0,,1082,0,0,0.0,,,,sonnet46
2026091223,rich_logistic,fixed_sequence,0.14285714285714285,,False,0,0,,1082,0,0,0.0,,,,sonnet46
2026091223,rich_logistic,bonferroni,0.14285714285714285,,False,0,0,,1082,0,0,0.0,,,,sonnet46
2026091223,rich_logistic,fixed_sequence,0.2,,False,0,0,,1082,0,0,0.0,,,,sonnet46
2026091223,rich_logistic,bonferroni,0.2,,False,0,0,,1082,0,0,0.0,,,,sonnet46
2026091223,rich_logistic,fixed_sequence,0.25,,False,0,0,,1082,0,0,0.0,,,,sonnet46
2026091223,rich_logistic,bonferroni,0.25,,False,0,0,,1082,0,0,0.0,,,,sonnet46
2026091223,rich_boost,fixed_sequence,0.1,,False,0,0,,1082,0,0,0.0,,,,sonnet46
2026091223,rich_boost,bonferroni,0.1,,False,0,0,,1082,0,0,0.0,,,,sonnet46
2026091223,rich_boost,fixed_sequence,0.14285714285714285,,False,0,0,,1082,0,0,0.0,,,,sonnet46
2026091223,rich_boost,bonferroni,0.14285714285714285,,False,0,0,,1082,0,0,0.0,,,,sonnet46
2026091223,rich_boost,fixed_sequence,0.2,,False,0,0,,1082,0,0,0.0,,,,sonnet46
2026091223,rich_boost,bonferroni,0.2,,False,0,0,,1082,0,0,0.0,,,,sonnet46
2026091223,rich_boost,fixed_sequence,0.25,,False,0,0,,1082,0,0,0.0,,,,sonnet46
2026091223,rich_boost,bonferroni,0.25,,False,0,0,,1082,0,0,0.0,,,,sonnet46
2026091224,raw_u,fixed_sequence,0.1,,False,0,0,,1082,0,0,0.0,,,,sonnet46
2026091224,raw_u,bonferroni,0.1,,False,0,0,,1082,0,0,0.0,,,,sonnet46
2026091224,raw_u,fixed_sequence,0.14285714285714285,,False,0,0,,1082,0,0,0.0,,,,sonnet46
2026091224,raw_u,bonferroni,0.14285714285714285,,False,0,0,,1082,0,0,0.0,,,,sonnet46
2026091224,raw_u,fixed_sequence,0.2,,False,0,0,,1082,0,0,0.0,,,,sonnet46
2026091224,raw_u,bonferroni,0.2,,False,0,0,,1082,0,0,0.0,,,,sonnet46
2026091224,raw_u,fixed_sequence,0.25,,False,0,0,,1082,0,0,0.0,,,,sonnet46
2026091224,raw_u,bonferroni,0.25,,False,0,0,,1082,0,0,0.0,,,,sonnet46
2026091224,u_boost,fixed_sequence,0.1,,False,0,0,,1082,0,0,0.0,,,,sonnet46
2026091224,u_boost,bonferroni,0.1,,False,0,0,,1082,0,0,0.0,,,,sonnet46
2026091224,u_boost,fixed_sequence,0.14285714285714285,,False,0,0,,1082,0,0,0.0,,,,sonnet46
2026091224,u_boost,bonferroni,0.14285714285714285,,False,0,0,,1082,0,0,0.0,,,,sonnet46
2026091224,u_boost,fixed_sequence,0.2,,False,0,0,,1082,0,0,0.0,,,,sonnet46
2026091224,u_boost,bonferroni,0.2,,False,0,0,,1082,0,0,0.0,,,,sonnet46
2026091224,u_boost,fixed_sequence,0.25,,False,0,0,,1082,0,0,0.0,,,,sonnet46
2026091224,u_boost,bonferroni,0.25,,False,0,0,,1082,0,0,0.0,,,,sonnet46
2026091224,rich_logistic,fixed_sequence,0.1,,False,0,0,,1082,0,0,0.0,,,,sonnet46
2026091224,rich_logistic,bonferroni,0.1,,False,0,0,,1082,0,0,0.0,,,,sonnet46
2026091224,rich_logistic,fixed_sequence,0.14285714285714285,,False,0,0,,1082,0,0,0.0,,,,sonnet46
2026091224,rich_logistic,bonferroni,0.14285714285714285,,False,0,0,,1082,0,0,0.0,,,,sonnet46
2026091224,rich_logistic,fixed_sequence,0.2,,False,0,0,,1082,0,0,0.0,,,,sonnet46
2026091224,rich_logistic,bonferroni,0.2,,False,0,0,,1082,0,0,0.0,,,,sonnet46
2026091224,rich_logistic,fixed_sequence,0.25,,False,0,0,,1082,0,0,0.0,,,,sonnet46
2026091224,rich_logistic,bonferroni,0.25,,False,0,0,,1082,0,0,0.0,,,,sonnet46
2026091224,rich_boost,fixed_sequence,0.1,,False,0,0,,1082,0,0,0.0,,,,sonnet46
2026091224,rich_boost,bonferroni,0.1,,False,0,0,,1082,0,0,0.0,,,,sonnet46
2026091224,rich_boost,fixed_sequence,0.14285714285714285,,False,0,0,,1082,0,0,0.0,,,,sonnet46
2026091224,rich_boost,bonferroni,0.14285714285714285,,False,0,0,,1082,0,0,0.0,,,,sonnet46
2026091224,rich_boost,fixed_sequence,0.2,,False,0,0,,1082,0,0,0.0,,,,sonnet46
2026091224,rich_boost,bonferroni,0.2,,False,0,0,,1082,0,0,0.0,,,,sonnet46
2026091224,rich_boost,fixed_sequence,0.25,,False,0,0,,1082,0,0,0.0,,,,sonnet46
2026091224,rich_boost,bonferroni,0.25,,False,0,0,,1082,0,0,0.0,,,,sonnet46
2026091225,raw_u,fixed_sequence,0.1,,False,0,0,,1082,0,0,0.0,,,,sonnet46
2026091225,raw_u,bonferroni,0.1,,False,0,0,,1082,0,0,0.0,,,,sonnet46
2026091225,raw_u,fixed_sequence,0.14285714285714285,,False,0,0,,1082,0,0,0.0,,,,sonnet46
2026091225,raw_u,bonferroni,0.14285714285714285,,False,0,0,,1082,0,0,0.0,,,,sonnet46
2026091225,raw_u,fixed_sequence,0.2,,False,0,0,,1082,0,0,0.0,,,,sonnet46
2026091225,raw_u,bonferroni,0.2,,False,0,0,,1082,0,0,0.0,,,,sonnet46
2026091225,raw_u,fixed_sequence,0.25,,False,0,0,,1082,0,0,0.0,,,,sonnet46
2026091225,raw_u,bonferroni,0.25,,False,0,0,,1082,0,0,0.0,,,,sonnet46
2026091225,u_boost,fixed_sequence,0.1,,False,0,0,,1082,0,0,0.0,,,,sonnet46
2026091225,u_boost,bonferroni,0.1,,False,0,0,,1082,0,0,0.0,,,,sonnet46
2026091225,u_boost,fixed_sequence,0.14285714285714285,,False,0,0,,1082,0,0,0.0,,,,sonnet46
2026091225,u_boost,bonferroni,0.14285714285714285,,False,0,0,,1082,0,0,0.0,,,,sonnet46
2026091225,u_boost,fixed_sequence,0.2,,False,0,0,,1082,0,0,0.0,,,,sonnet46
2026091225,u_boost,bonferroni,0.2,,False,0,0,,1082,0,0,0.0,,,,sonnet46
2026091225,u_boost,fixed_sequence,0.25,,False,0,0,,1082,0,0,0.0,,,,sonnet46
2026091225,u_boost,bonferroni,0.25,,False,0,0,,1082,0,0,0.0,,,,sonnet46
2026091225,rich_logistic,fixed_sequence,0.1,,False,0,0,,1082,0,0,0.0,,,,sonnet46
2026091225,rich_logistic,bonferroni,0.1,,False,0,0,,1082,0,0,0.0,,,,sonnet46
2026091225,rich_logistic,fixed_sequence,0.14285714285714285,,False,0,0,,1082,0,0,0.0,,,,sonnet46
2026091225,rich_logistic,bonferroni,0.14285714285714285,,False,0,0,,1082,0,0,0.0,,,,sonnet46
2026091225,rich_logistic,fixed_sequence,0.2,,False,0,0,,1082,0,0,0.0,,,,sonnet46
2026091225,rich_logistic,bonferroni,0.2,,False,0,0,,1082,0,0,0.0,,,,sonnet46
2026091225,rich_logistic,fixed_sequence,0.25,,False,0,0,,1082,0,0,0.0,,,,sonnet46
2026091225,rich_logistic,bonferroni,0.25,,False,0,0,,1082,0,0,0.0,,,,sonnet46
2026091225,rich_boost,fixed_sequence,0.1,,False,0,0,,1082,0,0,0.0,,,,sonnet46
2026091225,rich_boost,bonferroni,0.1,,False,0,0,,1082,0,0,0.0,,,,sonnet46
2026091225,rich_boost,fixed_sequence,0.14285714285714285,,False,0,0,,1082,0,0,0.0,,,,sonnet46
2026091225,rich_boost,bonferroni,0.14285714285714285,,False,0,0,,1082,0,0,0.0,,,,sonnet46
2026091225,rich_boost,fixed_sequence,0.2,,False,0,0,,1082,0,0,0.0,,,,sonnet46
2026091225,rich_boost,bonferroni,0.2,,False,0,0,,1082,0,0,0.0,,,,sonnet46
2026091225,rich_boost,fixed_sequence,0.25,,False,0,0,,1082,0,0,0.0,,,,sonnet46
2026091225,rich_boost,bonferroni,0.25,,False,0,0,,1082,0,0,0.0,,,,sonnet46
2026091226,raw_u,fixed_sequence,0.1,,False,0,0,,1082,0,0,0.0,,,,sonnet46
2026091226,raw_u,bonferroni,0.1,,False,0,0,,1082,0,0,0.0,,,,sonnet46
2026091226,raw_u,fixed_sequence,0.14285714285714285,,False,0,0,,1082,0,0,0.0,,,,sonnet46
2026091226,raw_u,bonferroni,0.14285714285714285,,False,0,0,,1082,0,0,0.0,,,,sonnet46
2026091226,raw_u,fixed_sequence,0.2,,False,0,0,,1082,0,0,0.0,,,,sonnet46
2026091226,raw_u,bonferroni,0.2,,False,0,0,,1082,0,0,0.0,,,,sonnet46
2026091226,raw_u,fixed_sequence,0.25,,False,0,0,,1082,0,0,0.0,,,,sonnet46
2026091226,raw_u,bonferroni,0.25,,False,0,0,,1082,0,0,0.0,,,,sonnet46
2026091226,u_boost,fixed_sequence,0.1,,False,0,0,,1082,0,0,0.0,,,,sonnet46
2026091226,u_boost,bonferroni,0.1,,False,0,0,,1082,0,0,0.0,,,,sonnet46
2026091226,u_boost,fixed_sequence,0.14285714285714285,,False,0,0,,1082,0,0,0.0,,,,sonnet46
2026091226,u_boost,bonferroni,0.14285714285714285,,False,0,0,,1082,0,0,0.0,,,,sonnet46
2026091226,u_boost,fixed_sequence,0.2,,False,0,0,,1082,0,0,0.0,,,,sonnet46
2026091226,u_boost,bonferroni,0.2,,False,0,0,,1082,0,0,0.0,,,,sonnet46
2026091226,u_boost,fixed_sequence,0.25,,False,0,0,,1082,0,0,0.0,,,,sonnet46
2026091226,u_boost,bonferroni,0.25,,False,0,0,,1082,0,0,0.0,,,,sonnet46
2026091226,rich_logistic,fixed_sequence,0.1,,False,0,0,,1082,0,0,0.0,,,,sonnet46
2026091226,rich_logistic,bonferroni,0.1,,False,0,0,,1082,0,0,0.0,,,,sonnet46
2026091226,rich_logistic,fixed_sequence,0.14285714285714285,,False,0,0,,1082,0,0,0.0,,,,sonnet46
2026091226,rich_logistic,bonferroni,0.14285714285714285,,False,0,0,,1082,0,0,0.0,,,,sonnet46
2026091226,rich_logistic,fixed_sequence,0.2,,False,0,0,,1082,0,0,0.0,,,,sonnet46
2026091226,rich_logistic,bonferroni,0.2,,False,0,0,,1082,0,0,0.0,,,,sonnet46
2026091226,rich_logistic,fixed_sequence,0.25,,False,0,0,,1082,0,0,0.0,,,,sonnet46
2026091226,rich_logistic,bonferroni,0.25,,False,0,0,,1082,0,0,0.0,,,,sonnet46
2026091226,rich_boost,fixed_sequence,0.1,,False,0,0,,1082,0,0,0.0,,,,sonnet46
2026091226,rich_boost,bonferroni,0.1,,False,0,0,,1082,0,0,0.0,,,,sonnet46
2026091226,rich_boost,fixed_sequence,0.14285714285714285,,False,0,0,,1082,0,0,0.0,,,,sonnet46
2026091226,rich_boost,bonferroni,0.14285714285714285,,False,0,0,,1082,0,0,0.0,,,,sonnet46
2026091226,rich_boost,fixed_sequence,0.2,,False,0,0,,1082,0,0,0.0,,,,sonnet46
2026091226,rich_boost,bonferroni,0.2,,False,0,0,,1082,0,0,0.0,,,,sonnet46
2026091226,rich_boost,fixed_sequence,0.25,,False,0,0,,1082,0,0,0.0,,,,sonnet46
2026091226,rich_boost,bonferroni,0.25,,False,0,0,,1082,0,0,0.0,,,,sonnet46
2026091227,raw_u,fixed_sequence,0.1,,False,0,0,,1082,0,0,0.0,,,,sonnet46
2026091227,raw_u,bonferroni,0.1,,False,0,0,,1082,0,0,0.0,,,,sonnet46
2026091227,raw_u,fixed_sequence,0.14285714285714285,,False,0,0,,1082,0,0,0.0,,,,sonnet46
2026091227,raw_u,bonferroni,0.14285714285714285,,False,0,0,,1082,0,0,0.0,,,,sonnet46
2026091227,raw_u,fixed_sequence,0.2,,False,0,0,,1082,0,0,0.0,,,,sonnet46
2026091227,raw_u,bonferroni,0.2,,False,0,0,,1082,0,0,0.0,,,,sonnet46
2026091227,raw_u,fixed_sequence,0.25,,False,0,0,,1082,0,0,0.0,,,,sonnet46
2026091227,raw_u,bonferroni,0.25,,False,0,0,,1082,0,0,0.0,,,,sonnet46
2026091227,u_boost,fixed_sequence,0.1,,False,0,0,,1082,0,0,0.0,,,,sonnet46
2026091227,u_boost,bonferroni,0.1,,False,0,0,,1082,0,0,0.0,,,,sonnet46
2026091227,u_boost,fixed_sequence,0.14285714285714285,,False,0,0,,1082,0,0,0.0,,,,sonnet46
2026091227,u_boost,bonferroni,0.14285714285714285,,False,0,0,,1082,0,0,0.0,,,,sonnet46
2026091227,u_boost,fixed_sequence,0.2,,False,0,0,,1082,0,0,0.0,,,,sonnet46
2026091227,u_boost,bonferroni,0.2,,False,0,0,,1082,0,0,0.0,,,,sonnet46
2026091227,u_boost,fixed_sequence,0.25,,False,0,0,,1082,0,0,0.0,,,,sonnet46
2026091227,u_boost,bonferroni,0.25,,False,0,0,,1082,0,0,0.0,,,,sonnet46
2026091227,rich_logistic,fixed_sequence,0.1,,False,0,0,,1082,0,0,0.0,,,,sonnet46
2026091227,rich_logistic,bonferroni,0.1,,False,0,0,,1082,0,0,0.0,,,,sonnet46
2026091227,rich_logistic,fixed_sequence,0.14285714285714285,,False,0,0,,1082,0,0,0.0,,,,sonnet46
2026091227,rich_logistic,bonferroni,0.14285714285714285,,False,0,0,,1082,0,0,0.0,,,,sonnet46
2026091227,rich_logistic,fixed_sequence,0.2,,False,0,0,,1082,0,0,0.0,,,,sonnet46
2026091227,rich_logistic,bonferroni,0.2,,False,0,0,,1082,0,0,0.0,,,,sonnet46
2026091227,rich_logistic,fixed_sequence,0.25,,False,0,0,,1082,0,0,0.0,,,,sonnet46
2026091227,rich_logistic,bonferroni,0.25,,False,0,0,,1082,0,0,0.0,,,,sonnet46
2026091227,rich_boost,fixed_sequence,0.1,,False,0,0,,1082,0,0,0.0,,,,sonnet46
2026091227,rich_boost,bonferroni,0.1,,False,0,0,,1082,0,0,0.0,,,,sonnet46
2026091227,rich_boost,fixed_sequence,0.14285714285714285,,False,0,0,,1082,0,0,0.0,,,,sonnet46
2026091227,rich_boost,bonferroni,0.14285714285714285,,False,0,0,,1082,0,0,0.0,,,,sonnet46
2026091227,rich_boost,fixed_sequence,0.2,,False,0,0,,1082,0,0,0.0,,,,sonnet46
2026091227,rich_boost,bonferroni,0.2,,False,0,0,,1082,0,0,0.0,,,,sonnet46
2026091227,rich_boost,fixed_sequence,0.25,,False,0,0,,1082,0,0,0.0,,,,sonnet46
2026091227,rich_boost,bonferroni,0.25,,False,0,0,,1082,0,0,0.0,,,,sonnet46
2026091228,raw_u,fixed_sequence,0.1,,False,0,0,,1082,0,0,0.0,,,,sonnet46
2026091228,raw_u,bonferroni,0.1,,False,0,0,,1082,0,0,0.0,,,,sonnet46
2026091228,raw_u,fixed_sequence,0.14285714285714285,,False,0,0,,1082,0,0,0.0,,,,sonnet46
2026091228,raw_u,bonferroni,0.14285714285714285,,False,0,0,,1082,0,0,0.0,,,,sonnet46
2026091228,raw_u,fixed_sequence,0.2,,False,0,0,,1082,0,0,0.0,,,,sonnet46
2026091228,raw_u,bonferroni,0.2,,False,0,0,,1082,0,0,0.0,,,,sonnet46
2026091228,raw_u,fixed_sequence,0.25,,False,0,0,,1082,0,0,0.0,,,,sonnet46
2026091228,raw_u,bonferroni,0.25,,False,0,0,,1082,0,0,0.0,,,,sonnet46
2026091228,u_boost,fixed_sequence,0.1,,False,0,0,,1082,0,0,0.0,,,,sonnet46
2026091228,u_boost,bonferroni,0.1,,False,0,0,,1082,0,0,0.0,,,,sonnet46
2026091228,u_boost,fixed_sequence,0.14285714285714285,,False,0,0,,1082,0,0,0.0,,,,sonnet46
2026091228,u_boost,bonferroni,0.14285714285714285,,False,0,0,,1082,0,0,0.0,,,,sonnet46
2026091228,u_boost,fixed_sequence,0.2,,False,0,0,,1082,0,0,0.0,,,,sonnet46
2026091228,u_boost,bonferroni,0.2,,False,0,0,,1082,0,0,0.0,,,,sonnet46
2026091228,u_boost,fixed_sequence,0.25,,False,0,0,,1082,0,0,0.0,,,,sonnet46
2026091228,u_boost,bonferroni,0.25,,False,0,0,,1082,0,0,0.0,,,,sonnet46
2026091228,rich_logistic,fixed_sequence,0.1,,False,0,0,,1082,0,0,0.0,,,,sonnet46
2026091228,rich_logistic,bonferroni,0.1,,False,0,0,,1082,0,0,0.0,,,,sonnet46
2026091228,rich_logistic,fixed_sequence,0.14285714285714285,,False,0,0,,1082,0,0,0.0,,,,sonnet46
2026091228,rich_logistic,bonferroni,0.14285714285714285,,False,0,0,,1082,0,0,0.0,,,,sonnet46
2026091228,rich_logistic,fixed_sequence,0.2,,False,0,0,,1082,0,0,0.0,,,,sonnet46
2026091228,rich_logistic,bonferroni,0.2,,False,0,0,,1082,0,0,0.0,,,,sonnet46
2026091228,rich_logistic,fixed_sequence,0.25,,False,0,0,,1082,0,0,0.0,,,,sonnet46
2026091228,rich_logistic,bonferroni,0.25,,False,0,0,,1082,0,0,0.0,,,,sonnet46
2026091228,rich_boost,fixed_sequence,0.1,,False,0,0,,1082,0,0,0.0,,,,sonnet46
2026091228,rich_boost,bonferroni,0.1,,False,0,0,,1082,0,0,0.0,,,,sonnet46
2026091228,rich_boost,fixed_sequence,0.14285714285714285,,False,0,0,,1082,0,0,0.0,,,,sonnet46
2026091228,rich_boost,bonferroni,0.14285714285714285,,False,0,0,,1082,0,0,0.0,,,,sonnet46
2026091228,rich_boost,fixed_sequence,0.2,,False,0,0,,1082,0,0,0.0,,,,sonnet46
2026091228,rich_boost,bonferroni,0.2,,False,0,0,,1082,0,0,0.0,,,,sonnet46
2026091228,rich_boost,fixed_sequence,0.25,,False,0,0,,1082,0,0,0.0,,,,sonnet46
2026091228,rich_boost,bonferroni,0.25,,False,0,0,,1082,0,0,0.0,,,,sonnet46
2026091229,raw_u,fixed_sequence,0.1,,False,0,0,,1082,0,0,0.0,,,,sonnet46
2026091229,raw_u,bonferroni,0.1,,False,0,0,,1082,0,0,0.0,,,,sonnet46
2026091229,raw_u,fixed_sequence,0.14285714285714285,,False,0,0,,1082,0,0,0.0,,,,sonnet46
2026091229,raw_u,bonferroni,0.14285714285714285,,False,0,0,,1082,0,0,0.0,,,,sonnet46
2026091229,raw_u,fixed_sequence,0.2,,False,0,0,,1082,0,0,0.0,,,,sonnet46
2026091229,raw_u,bonferroni,0.2,,False,0,0,,1082,0,0,0.0,,,,sonnet46
2026091229,raw_u,fixed_sequence,0.25,,False,0,0,,1082,0,0,0.0,,,,sonnet46
2026091229,raw_u,bonferroni,0.25,,False,0,0,,1082,0,0,0.0,,,,sonnet46
2026091229,u_boost,fixed_sequence,0.1,,False,0,0,,1082,0,0,0.0,,,,sonnet46
2026091229,u_boost,bonferroni,0.1,,False,0,0,,1082,0,0,0.0,,,,sonnet46
2026091229,u_boost,fixed_sequence,0.14285714285714285,,False,0,0,,1082,0,0,0.0,,,,sonnet46
2026091229,u_boost,bonferroni,0.14285714285714285,,False,0,0,,1082,0,0,0.0,,,,sonnet46
2026091229,u_boost,fixed_sequence,0.2,,False,0,0,,1082,0,0,0.0,,,,sonnet46
2026091229,u_boost,bonferroni,0.2,,False,0,0,,1082,0,0,0.0,,,,sonnet46
2026091229,u_boost,fixed_sequence,0.25,,False,0,0,,1082,0,0,0.0,,,,sonnet46
2026091229,u_boost,bonferroni,0.25,,False,0,0,,1082,0,0,0.0,,,,sonnet46
2026091229,rich_logistic,fixed_sequence,0.1,,False,0,0,,1082,0,0,0.0,,,,sonnet46
2026091229,rich_logistic,bonferroni,0.1,,False,0,0,,1082,0,0,0.0,,,,sonnet46
2026091229,rich_logistic,fixed_sequence,0.14285714285714285,,False,0,0,,1082,0,0,0.0,,,,sonnet46
2026091229,rich_logistic,bonferroni,0.14285714285714285,,False,0,0,,1082,0,0,0.0,,,,sonnet46
2026091229,rich_logistic,fixed_sequence,0.2,,False,0,0,,1082,0,0,0.0,,,,sonnet46
2026091229,rich_logistic,bonferroni,0.2,,False,0,0,,1082,0,0,0.0,,,,sonnet46
2026091229,rich_logistic,fixed_sequence,0.25,,False,0,0,,1082,0,0,0.0,,,,sonnet46
2026091229,rich_logistic,bonferroni,0.25,,False,0,0,,1082,0,0,0.0,,,,sonnet46
2026091229,rich_boost,fixed_sequence,0.1,,False,0,0,,1082,0,0,0.0,,,,sonnet46
2026091229,rich_boost,bonferroni,0.1,,False,0,0,,1082,0,0,0.0,,,,sonnet46
2026091229,rich_boost,fixed_sequence,0.14285714285714285,,False,0,0,,1082,0,0,0.0,,,,sonnet46
2026091229,rich_boost,bonferroni,0.14285714285714285,,False,0,0,,1082,0,0,0.0,,,,sonnet46
2026091229,rich_boost,fixed_sequence,0.2,,False,0,0,,1082,0,0,0.0,,,,sonnet46
2026091229,rich_boost,bonferroni,0.2,,False,0,0,,1082,0,0,0.0,,,,sonnet46
2026091229,rich_boost,fixed_sequence,0.25,,False,0,0,,1082,0,0,0.0,,,,sonnet46
2026091229,rich_boost,bonferroni,0.25,,False,0,0,,1082,0,0,0.0,,,,sonnet46
2026091230,raw_u,fixed_sequence,0.1,,False,0,0,,1082,0,0,0.0,,,,sonnet46
2026091230,raw_u,bonferroni,0.1,,False,0,0,,1082,0,0,0.0,,,,sonnet46
2026091230,raw_u,fixed_sequence,0.14285714285714285,,False,0,0,,1082,0,0,0.0,,,,sonnet46
2026091230,raw_u,bonferroni,0.14285714285714285,,False,0,0,,1082,0,0,0.0,,,,sonnet46
2026091230,raw_u,fixed_sequence,0.2,,False,0,0,,1082,0,0,0.0,,,,sonnet46
2026091230,raw_u,bonferroni,0.2,,False,0,0,,1082,0,0,0.0,,,,sonnet46
2026091230,raw_u,fixed_sequence,0.25,,False,0,0,,1082,0,0,0.0,,,,sonnet46
2026091230,raw_u,bonferroni,0.25,,False,0,0,,1082,0,0,0.0,,,,sonnet46
2026091230,u_boost,fixed_sequence,0.1,,False,0,0,,1082,0,0,0.0,,,,sonnet46
2026091230,u_boost,bonferroni,0.1,,False,0,0,,1082,0,0,0.0,,,,sonnet46
2026091230,u_boost,fixed_sequence,0.14285714285714285,,False,0,0,,1082,0,0,0.0,,,,sonnet46
2026091230,u_boost,bonferroni,0.14285714285714285,,False,0,0,,1082,0,0,0.0,,,,sonnet46
2026091230,u_boost,fixed_sequence,0.2,,False,0,0,,1082,0,0,0.0,,,,sonnet46
2026091230,u_boost,bonferroni,0.2,,False,0,0,,1082,0,0,0.0,,,,sonnet46
2026091230,u_boost,fixed_sequence,0.25,,False,0,0,,1082,0,0,0.0,,,,sonnet46
2026091230,u_boost,bonferroni,0.25,,False,0,0,,1082,0,0,0.0,,,,sonnet46
2026091230,rich_logistic,fixed_sequence,0.1,,False,0,0,,1082,0,0,0.0,,,,sonnet46
2026091230,rich_logistic,bonferroni,0.1,,False,0,0,,1082,0,0,0.0,,,,sonnet46
2026091230,rich_logistic,fixed_sequence,0.14285714285714285,,False,0,0,,1082,0,0,0.0,,,,sonnet46
2026091230,rich_logistic,bonferroni,0.14285714285714285,,False,0,0,,1082,0,0,0.0,,,,sonnet46
2026091230,rich_logistic,fixed_sequence,0.2,,False,0,0,,1082,0,0,0.0,,,,sonnet46
2026091230,rich_logistic,bonferroni,0.2,,False,0,0,,1082,0,0,0.0,,,,sonnet46
2026091230,rich_logistic,fixed_sequence,0.25,,False,0,0,,1082,0,0,0.0,,,,sonnet46
2026091230,rich_logistic,bonferroni,0.25,,False,0,0,,1082,0,0,0.0,,,,sonnet46
2026091230,rich_boost,fixed_sequence,0.1,,False,0,0,,1082,0,0,0.0,,,,sonnet46
2026091230,rich_boost,bonferroni,0.1,,False,0,0,,1082,0,0,0.0,,,,sonnet46
2026091230,rich_boost,fixed_sequence,0.14285714285714285,,False,0,0,,1082,0,0,0.0,,,,sonnet46
2026091230,rich_boost,bonferroni,0.14285714285714285,,False,0,0,,1082,0,0,0.0,,,,sonnet46
2026091230,rich_boost,fixed_sequence,0.2,,False,0,0,,1082,0,0,0.0,,,,sonnet46
2026091230,rich_boost,bonferroni,0.2,,False,0,0,,1082,0,0,0.0,,,,sonnet46
2026091230,rich_boost,fixed_sequence,0.25,,False,0,0,,1082,0,0,0.0,,,,sonnet46
2026091230,rich_boost,bonferroni,0.25,,False,0,0,,1082,0,0,0.0,,,,sonnet46
2026091231,raw_u,fixed_sequence,0.1,,False,0,0,,1082,0,0,0.0,,,,sonnet46
2026091231,raw_u,bonferroni,0.1,,False,0,0,,1082,0,0,0.0,,,,sonnet46
2026091231,raw_u,fixed_sequence,0.14285714285714285,,False,0,0,,1082,0,0,0.0,,,,sonnet46
2026091231,raw_u,bonferroni,0.14285714285714285,,False,0,0,,1082,0,0,0.0,,,,sonnet46
2026091231,raw_u,fixed_sequence,0.2,,False,0,0,,1082,0,0,0.0,,,,sonnet46
2026091231,raw_u,bonferroni,0.2,,False,0,0,,1082,0,0,0.0,,,,sonnet46
2026091231,raw_u,fixed_sequence,0.25,,False,0,0,,1082,0,0,0.0,,,,sonnet46
2026091231,raw_u,bonferroni,0.25,,False,0,0,,1082,0,0,0.0,,,,sonnet46
2026091231,u_boost,fixed_sequence,0.1,,False,0,0,,1082,0,0,0.0,,,,sonnet46
2026091231,u_boost,bonferroni,0.1,,False,0,0,,1082,0,0,0.0,,,,sonnet46
2026091231,u_boost,fixed_sequence,0.14285714285714285,,False,0,0,,1082,0,0,0.0,,,,sonnet46
2026091231,u_boost,bonferroni,0.14285714285714285,,False,0,0,,1082,0,0,0.0,,,,sonnet46
2026091231,u_boost,fixed_sequence,0.2,0.77,True,54,4,0.19518077407011303,1082,57,12,0.05268022181146026,0.21052631578947367,0.11379022431635955,0.33887005792652675,sonnet46
2026091231,u_boost,bonferroni,0.2,,False,0,0,,1082,0,0,0.0,,,,sonnet46
2026091231,u_boost,fixed_sequence,0.25,,False,0,0,,1082,0,0,0.0,,,,sonnet46
2026091231,u_boost,bonferroni,0.25,,False,0,0,,1082,0,0,0.0,,,,sonnet46
2026091231,rich_logistic,fixed_sequence,0.1,,False,0,0,,1082,0,0,0.0,,,,sonnet46
2026091231,rich_logistic,bonferroni,0.1,,False,0,0,,1082,0,0,0.0,,,,sonnet46
2026091231,rich_logistic,fixed_sequence,0.14285714285714285,,False,0,0,,1082,0,0,0.0,,,,sonnet46
2026091231,rich_logistic,bonferroni,0.14285714285714285,,False,0,0,,1082,0,0,0.0,,,,sonnet46
2026091231,rich_logistic,fixed_sequence,0.2,,False,0,0,,1082,0,0,0.0,,,,sonnet46
2026091231,rich_logistic,bonferroni,0.2,,False,0,0,,1082,0,0,0.0,,,,sonnet46
2026091231,rich_logistic,fixed_sequence,0.25,,False,0,0,,1082,0,0,0.0,,,,sonnet46
2026091231,rich_logistic,bonferroni,0.25,,False,0,0,,1082,0,0,0.0,,,,sonnet46
2026091231,rich_boost,fixed_sequence,0.1,,False,0,0,,1082,0,0,0.0,,,,sonnet46
2026091231,rich_boost,bonferroni,0.1,,False,0,0,,1082,0,0,0.0,,,,sonnet46
2026091231,rich_boost,fixed_sequence,0.14285714285714285,,False,0,0,,1082,0,0,0.0,,,,sonnet46
2026091231,rich_boost,bonferroni,0.14285714285714285,,False,0,0,,1082,0,0,0.0,,,,sonnet46
2026091231,rich_boost,fixed_sequence,0.2,,False,0,0,,1082,0,0,0.0,,,,sonnet46
2026091231,rich_boost,bonferroni,0.2,,False,0,0,,1082,0,0,0.0,,,,sonnet46
2026091231,rich_boost,fixed_sequence,0.25,,False,0,0,,1082,0,0,0.0,,,,sonnet46
2026091231,rich_boost,bonferroni,0.25,,False,0,0,,1082,0,0,0.0,,,,sonnet46
2026091232,raw_u,fixed_sequence,0.1,,False,0,0,,1082,0,0,0.0,,,,sonnet46
2026091232,raw_u,bonferroni,0.1,,False,0,0,,1082,0,0,0.0,,,,sonnet46
2026091232,raw_u,fixed_sequence,0.14285714285714285,,False,0,0,,1082,0,0,0.0,,,,sonnet46
2026091232,raw_u,bonferroni,0.14285714285714285,,False,0,0,,1082,0,0,0.0,,,,sonnet46
2026091232,raw_u,fixed_sequence,0.2,,False,0,0,,1082,0,0,0.0,,,,sonnet46
2026091232,raw_u,bonferroni,0.2,,False,0,0,,1082,0,0,0.0,,,,sonnet46
2026091232,raw_u,fixed_sequence,0.25,,False,0,0,,1082,0,0,0.0,,,,sonnet46
2026091232,raw_u,bonferroni,0.25,,False,0,0,,1082,0,0,0.0,,,,sonnet46
2026091232,u_boost,fixed_sequence,0.1,,False,0,0,,1082,0,0,0.0,,,,sonnet46
2026091232,u_boost,bonferroni,0.1,,False,0,0,,1082,0,0,0.0,,,,sonnet46
2026091232,u_boost,fixed_sequence,0.14285714285714285,,False,0,0,,1082,0,0,0.0,,,,sonnet46
2026091232,u_boost,bonferroni,0.14285714285714285,,False,0,0,,1082,0,0,0.0,,,,sonnet46
2026091232,u_boost,fixed_sequence,0.2,,False,0,0,,1082,0,0,0.0,,,,sonnet46
2026091232,u_boost,bonferroni,0.2,,False,0,0,,1082,0,0,0.0,,,,sonnet46
2026091232,u_boost,fixed_sequence,0.25,,False,0,0,,1082,0,0,0.0,,,,sonnet46
2026091232,u_boost,bonferroni,0.25,,False,0,0,,1082,0,0,0.0,,,,sonnet46
2026091232,rich_logistic,fixed_sequence,0.1,,False,0,0,,1082,0,0,0.0,,,,sonnet46
2026091232,rich_logistic,bonferroni,0.1,,False,0,0,,1082,0,0,0.0,,,,sonnet46
2026091232,rich_logistic,fixed_sequence,0.14285714285714285,,False,0,0,,1082,0,0,0.0,,,,sonnet46
2026091232,rich_logistic,bonferroni,0.14285714285714285,,False,0,0,,1082,0,0,0.0,,,,sonnet46
2026091232,rich_logistic,fixed_sequence,0.2,,False,0,0,,1082,0,0,0.0,,,,sonnet46
2026091232,rich_logistic,bonferroni,0.2,,False,0,0,,1082,0,0,0.0,,,,sonnet46
2026091232,rich_logistic,fixed_sequence,0.25,,False,0,0,,1082,0,0,0.0,,,,sonnet46
2026091232,rich_logistic,bonferroni,0.25,,False,0,0,,1082,0,0,0.0,,,,sonnet46
2026091232,rich_boost,fixed_sequence,0.1,,False,0,0,,1082,0,0,0.0,,,,sonnet46
2026091232,rich_boost,bonferroni,0.1,,False,0,0,,1082,0,0,0.0,,,,sonnet46
2026091232,rich_boost,fixed_sequence,0.14285714285714285,,False,0,0,,1082,0,0,0.0,,,,sonnet46
2026091232,rich_boost,bonferroni,0.14285714285714285,,False,0,0,,1082,0,0,0.0,,,,sonnet46
2026091232,rich_boost,fixed_sequence,0.2,,False,0,0,,1082,0,0,0.0,,,,sonnet46
2026091232,rich_boost,bonferroni,0.2,,False,0,0,,1082,0,0,0.0,,,,sonnet46
2026091232,rich_boost,fixed_sequence,0.25,,False,0,0,,1082,0,0,0.0,,,,sonnet46
2026091232,rich_boost,bonferroni,0.25,,False,0,0,,1082,0,0,0.0,,,,sonnet46
2026091233,raw_u,fixed_sequence,0.1,,False,0,0,,1082,0,0,0.0,,,,sonnet46
2026091233,raw_u,bonferroni,0.1,,False,0,0,,1082,0,0,0.0,,,,sonnet46
2026091233,raw_u,fixed_sequence,0.14285714285714285,,False,0,0,,1082,0,0,0.0,,,,sonnet46
2026091233,raw_u,bonferroni,0.14285714285714285,,False,0,0,,1082,0,0,0.0,,,,sonnet46
2026091233,raw_u,fixed_sequence,0.2,,False,0,0,,1082,0,0,0.0,,,,sonnet46
2026091233,raw_u,bonferroni,0.2,,False,0,0,,1082,0,0,0.0,,,,sonnet46
2026091233,raw_u,fixed_sequence,0.25,,False,0,0,,1082,0,0,0.0,,,,sonnet46
2026091233,raw_u,bonferroni,0.25,,False,0,0,,1082,0,0,0.0,,,,sonnet46
2026091233,u_boost,fixed_sequence,0.1,,False,0,0,,1082,0,0,0.0,,,,sonnet46
2026091233,u_boost,bonferroni,0.1,,False,0,0,,1082,0,0,0.0,,,,sonnet46
2026091233,u_boost,fixed_sequence,0.14285714285714285,,False,0,0,,1082,0,0,0.0,,,,sonnet46
2026091233,u_boost,bonferroni,0.14285714285714285,,False,0,0,,1082,0,0,0.0,,,,sonnet46
2026091233,u_boost,fixed_sequence,0.2,,False,0,0,,1082,0,0,0.0,,,,sonnet46
2026091233,u_boost,bonferroni,0.2,,False,0,0,,1082,0,0,0.0,,,,sonnet46
2026091233,u_boost,fixed_sequence,0.25,,False,0,0,,1082,0,0,0.0,,,,sonnet46
2026091233,u_boost,bonferroni,0.25,,False,0,0,,1082,0,0,0.0,,,,sonnet46
2026091233,rich_logistic,fixed_sequence,0.1,,False,0,0,,1082,0,0,0.0,,,,sonnet46
2026091233,rich_logistic,bonferroni,0.1,,False,0,0,,1082,0,0,0.0,,,,sonnet46
2026091233,rich_logistic,fixed_sequence,0.14285714285714285,,False,0,0,,1082,0,0,0.0,,,,sonnet46
2026091233,rich_logistic,bonferroni,0.14285714285714285,,False,0,0,,1082,0,0,0.0,,,,sonnet46
2026091233,rich_logistic,fixed_sequence,0.2,,False,0,0,,1082,0,0,0.0,,,,sonnet46
2026091233,rich_logistic,bonferroni,0.2,,False,0,0,,1082,0,0,0.0,,,,sonnet46
2026091233,rich_logistic,fixed_sequence,0.25,,False,0,0,,1082,0,0,0.0,,,,sonnet46
2026091233,rich_logistic,bonferroni,0.25,,False,0,0,,1082,0,0,0.0,,,,sonnet46
2026091233,rich_boost,fixed_sequence,0.1,,False,0,0,,1082,0,0,0.0,,,,sonnet46
2026091233,rich_boost,bonferroni,0.1,,False,0,0,,1082,0,0,0.0,,,,sonnet46
2026091233,rich_boost,fixed_sequence,0.14285714285714285,,False,0,0,,1082,0,0,0.0,,,,sonnet46
2026091233,rich_boost,bonferroni,0.14285714285714285,,False,0,0,,1082,0,0,0.0,,,,sonnet46
2026091233,rich_boost,fixed_sequence,0.2,,False,0,0,,1082,0,0,0.0,,,,sonnet46
2026091233,rich_boost,bonferroni,0.2,,False,0,0,,1082,0,0,0.0,,,,sonnet46
2026091233,rich_boost,fixed_sequence,0.25,,False,0,0,,1082,0,0,0.0,,,,sonnet46
2026091233,rich_boost,bonferroni,0.25,,False,0,0,,1082,0,0,0.0,,,,sonnet46
2026091234,raw_u,fixed_sequence,0.1,,False,0,0,,1082,0,0,0.0,,,,sonnet46
2026091234,raw_u,bonferroni,0.1,,False,0,0,,1082,0,0,0.0,,,,sonnet46
2026091234,raw_u,fixed_sequence,0.14285714285714285,,False,0,0,,1082,0,0,0.0,,,,sonnet46
2026091234,raw_u,bonferroni,0.14285714285714285,,False,0,0,,1082,0,0,0.0,,,,sonnet46
2026091234,raw_u,fixed_sequence,0.2,,False,0,0,,1082,0,0,0.0,,,,sonnet46
2026091234,raw_u,bonferroni,0.2,,False,0,0,,1082,0,0,0.0,,,,sonnet46
2026091234,raw_u,fixed_sequence,0.25,,False,0,0,,1082,0,0,0.0,,,,sonnet46
2026091234,raw_u,bonferroni,0.25,,False,0,0,,1082,0,0,0.0,,,,sonnet46
2026091234,u_boost,fixed_sequence,0.1,,False,0,0,,1082,0,0,0.0,,,,sonnet46
2026091234,u_boost,bonferroni,0.1,,False,0,0,,1082,0,0,0.0,,,,sonnet46
2026091234,u_boost,fixed_sequence,0.14285714285714285,,False,0,0,,1082,0,0,0.0,,,,sonnet46
2026091234,u_boost,bonferroni,0.14285714285714285,,False,0,0,,1082,0,0,0.0,,,,sonnet46
2026091234,u_boost,fixed_sequence,0.2,,False,0,0,,1082,0,0,0.0,,,,sonnet46
2026091234,u_boost,bonferroni,0.2,,False,0,0,,1082,0,0,0.0,,,,sonnet46
2026091234,u_boost,fixed_sequence,0.25,,False,0,0,,1082,0,0,0.0,,,,sonnet46
2026091234,u_boost,bonferroni,0.25,,False,0,0,,1082,0,0,0.0,,,,sonnet46
2026091234,rich_logistic,fixed_sequence,0.1,,False,0,0,,1082,0,0,0.0,,,,sonnet46
2026091234,rich_logistic,bonferroni,0.1,,False,0,0,,1082,0,0,0.0,,,,sonnet46
2026091234,rich_logistic,fixed_sequence,0.14285714285714285,,False,0,0,,1082,0,0,0.0,,,,sonnet46
2026091234,rich_logistic,bonferroni,0.14285714285714285,,False,0,0,,1082,0,0,0.0,,,,sonnet46
2026091234,rich_logistic,fixed_sequence,0.2,,False,0,0,,1082,0,0,0.0,,,,sonnet46
2026091234,rich_logistic,bonferroni,0.2,,False,0,0,,1082,0,0,0.0,,,,sonnet46
2026091234,rich_logistic,fixed_sequence,0.25,,False,0,0,,1082,0,0,0.0,,,,sonnet46
2026091234,rich_logistic,bonferroni,0.25,,False,0,0,,1082,0,0,0.0,,,,sonnet46
2026091234,rich_boost,fixed_sequence,0.1,,False,0,0,,1082,0,0,0.0,,,,sonnet46
2026091234,rich_boost,bonferroni,0.1,,False,0,0,,1082,0,0,0.0,,,,sonnet46
2026091234,rich_boost,fixed_sequence,0.14285714285714285,,False,0,0,,1082,0,0,0.0,,,,sonnet46
2026091234,rich_boost,bonferroni,0.14285714285714285,,False,0,0,,1082,0,0,0.0,,,,sonnet46
2026091234,rich_boost,fixed_sequence,0.2,,False,0,0,,1082,0,0,0.0,,,,sonnet46
2026091234,rich_boost,bonferroni,0.2,,False,0,0,,1082,0,0,0.0,,,,sonnet46
2026091234,rich_boost,fixed_sequence,0.25,,False,0,0,,1082,0,0,0.0,,,,sonnet46
2026091234,rich_boost,bonferroni,0.25,,False,0,0,,1082,0,0,0.0,,,,sonnet46
2026091235,raw_u,fixed_sequence,0.1,,False,0,0,,1082,0,0,0.0,,,,sonnet46
2026091235,raw_u,bonferroni,0.1,,False,0,0,,1082,0,0,0.0,,,,sonnet46
2026091235,raw_u,fixed_sequence,0.14285714285714285,,False,0,0,,1082,0,0,0.0,,,,sonnet46
2026091235,raw_u,bonferroni,0.14285714285714285,,False,0,0,,1082,0,0,0.0,,,,sonnet46
2026091235,raw_u,fixed_sequence,0.2,,False,0,0,,1082,0,0,0.0,,,,sonnet46
2026091235,raw_u,bonferroni,0.2,,False,0,0,,1082,0,0,0.0,,,,sonnet46
2026091235,raw_u,fixed_sequence,0.25,,False,0,0,,1082,0,0,0.0,,,,sonnet46
2026091235,raw_u,bonferroni,0.25,,False,0,0,,1082,0,0,0.0,,,,sonnet46
2026091235,u_boost,fixed_sequence,0.1,,False,0,0,,1082,0,0,0.0,,,,sonnet46
2026091235,u_boost,bonferroni,0.1,,False,0,0,,1082,0,0,0.0,,,,sonnet46
2026091235,u_boost,fixed_sequence,0.14285714285714285,,False,0,0,,1082,0,0,0.0,,,,sonnet46
2026091235,u_boost,bonferroni,0.14285714285714285,,False,0,0,,1082,0,0,0.0,,,,sonnet46
2026091235,u_boost,fixed_sequence,0.2,,False,0,0,,1082,0,0,0.0,,,,sonnet46
2026091235,u_boost,bonferroni,0.2,,False,0,0,,1082,0,0,0.0,,,,sonnet46
2026091235,u_boost,fixed_sequence,0.25,,False,0,0,,1082,0,0,0.0,,,,sonnet46
2026091235,u_boost,bonferroni,0.25,,False,0,0,,1082,0,0,0.0,,,,sonnet46
2026091235,rich_logistic,fixed_sequence,0.1,,False,0,0,,1082,0,0,0.0,,,,sonnet46
2026091235,rich_logistic,bonferroni,0.1,,False,0,0,,1082,0,0,0.0,,,,sonnet46
2026091235,rich_logistic,fixed_sequence,0.14285714285714285,,False,0,0,,1082,0,0,0.0,,,,sonnet46
2026091235,rich_logistic,bonferroni,0.14285714285714285,,False,0,0,,1082,0,0,0.0,,,,sonnet46
2026091235,rich_logistic,fixed_sequence,0.2,,False,0,0,,1082,0,0,0.0,,,,sonnet46
2026091235,rich_logistic,bonferroni,0.2,,False,0,0,,1082,0,0,0.0,,,,sonnet46
2026091235,rich_logistic,fixed_sequence,0.25,,False,0,0,,1082,0,0,0.0,,,,sonnet46
2026091235,rich_logistic,bonferroni,0.25,,False,0,0,,1082,0,0,0.0,,,,sonnet46
2026091235,rich_boost,fixed_sequence,0.1,,False,0,0,,1082,0,0,0.0,,,,sonnet46
2026091235,rich_boost,bonferroni,0.1,,False,0,0,,1082,0,0,0.0,,,,sonnet46
2026091235,rich_boost,fixed_sequence,0.14285714285714285,,False,0,0,,1082,0,0,0.0,,,,sonnet46
2026091235,rich_boost,bonferroni,0.14285714285714285,,False,0,0,,1082,0,0,0.0,,,,sonnet46
2026091235,rich_boost,fixed_sequence,0.2,,False,0,0,,1082,0,0,0.0,,,,sonnet46
2026091235,rich_boost,bonferroni,0.2,,False,0,0,,1082,0,0,0.0,,,,sonnet46
2026091235,rich_boost,fixed_sequence,0.25,,False,0,0,,1082,0,0,0.0,,,,sonnet46
2026091235,rich_boost,bonferroni,0.25,,False,0,0,,1082,0,0,0.0,,,,sonnet46
2026091236,raw_u,fixed_sequence,0.1,,False,0,0,,1082,0,0,0.0,,,,sonnet46
2026091236,raw_u,bonferroni,0.1,,False,0,0,,1082,0,0,0.0,,,,sonnet46
2026091236,raw_u,fixed_sequence,0.14285714285714285,,False,0,0,,1082,0,0,0.0,,,,sonnet46
2026091236,raw_u,bonferroni,0.14285714285714285,,False,0,0,,1082,0,0,0.0,,,,sonnet46
2026091236,raw_u,fixed_sequence,0.2,,False,0,0,,1082,0,0,0.0,,,,sonnet46
2026091236,raw_u,bonferroni,0.2,,False,0,0,,1082,0,0,0.0,,,,sonnet46
2026091236,raw_u,fixed_sequence,0.25,,False,0,0,,1082,0,0,0.0,,,,sonnet46
2026091236,raw_u,bonferroni,0.25,,False,0,0,,1082,0,0,0.0,,,,sonnet46
2026091236,u_boost,fixed_sequence,0.1,,False,0,0,,1082,0,0,0.0,,,,sonnet46
2026091236,u_boost,bonferroni,0.1,,False,0,0,,1082,0,0,0.0,,,,sonnet46
2026091236,u_boost,fixed_sequence,0.14285714285714285,,False,0,0,,1082,0,0,0.0,,,,sonnet46
2026091236,u_boost,bonferroni,0.14285714285714285,,False,0,0,,1082,0,0,0.0,,,,sonnet46
2026091236,u_boost,fixed_sequence,0.2,,False,0,0,,1082,0,0,0.0,,,,sonnet46
2026091236,u_boost,bonferroni,0.2,,False,0,0,,1082,0,0,0.0,,,,sonnet46
2026091236,u_boost,fixed_sequence,0.25,,False,0,0,,1082,0,0,0.0,,,,sonnet46
2026091236,u_boost,bonferroni,0.25,,False,0,0,,1082,0,0,0.0,,,,sonnet46
2026091236,rich_logistic,fixed_sequence,0.1,,False,0,0,,1082,0,0,0.0,,,,sonnet46
2026091236,rich_logistic,bonferroni,0.1,,False,0,0,,1082,0,0,0.0,,,,sonnet46
2026091236,rich_logistic,fixed_sequence,0.14285714285714285,,False,0,0,,1082,0,0,0.0,,,,sonnet46
2026091236,rich_logistic,bonferroni,0.14285714285714285,,False,0,0,,1082,0,0,0.0,,,,sonnet46
2026091236,rich_logistic,fixed_sequence,0.2,,False,0,0,,1082,0,0,0.0,,,,sonnet46
2026091236,rich_logistic,bonferroni,0.2,,False,0,0,,1082,0,0,0.0,,,,sonnet46
2026091236,rich_logistic,fixed_sequence,0.25,,False,0,0,,1082,0,0,0.0,,,,sonnet46
2026091236,rich_logistic,bonferroni,0.25,,False,0,0,,1082,0,0,0.0,,,,sonnet46
2026091236,rich_boost,fixed_sequence,0.1,,False,0,0,,1082,0,0,0.0,,,,sonnet46
2026091236,rich_boost,bonferroni,0.1,,False,0,0,,1082,0,0,0.0,,,,sonnet46
2026091236,rich_boost,fixed_sequence,0.14285714285714285,,False,0,0,,1082,0,0,0.0,,,,sonnet46
2026091236,rich_boost,bonferroni,0.14285714285714285,,False,0,0,,1082,0,0,0.0,,,,sonnet46
2026091236,rich_boost,fixed_sequence,0.2,,False,0,0,,1082,0,0,0.0,,,,sonnet46
2026091236,rich_boost,bonferroni,0.2,,False,0,0,,1082,0,0,0.0,,,,sonnet46
2026091236,rich_boost,fixed_sequence,0.25,,False,0,0,,1082,0,0,0.0,,,,sonnet46
2026091236,rich_boost,bonferroni,0.25,,False,0,0,,1082,0,0,0.0,,,,sonnet46
2026091237,raw_u,fixed_sequence,0.1,,False,0,0,,1082,0,0,0.0,,,,sonnet46
2026091237,raw_u,bonferroni,0.1,,False,0,0,,1082,0,0,0.0,,,,sonnet46
2026091237,raw_u,fixed_sequence,0.14285714285714285,,False,0,0,,1082,0,0,0.0,,,,sonnet46
2026091237,raw_u,bonferroni,0.14285714285714285,,False,0,0,,1082,0,0,0.0,,,,sonnet46
2026091237,raw_u,fixed_sequence,0.2,,False,0,0,,1082,0,0,0.0,,,,sonnet46
2026091237,raw_u,bonferroni,0.2,,False,0,0,,1082,0,0,0.0,,,,sonnet46
2026091237,raw_u,fixed_sequence,0.25,,False,0,0,,1082,0,0,0.0,,,,sonnet46
2026091237,raw_u,bonferroni,0.25,,False,0,0,,1082,0,0,0.0,,,,sonnet46
2026091237,u_boost,fixed_sequence,0.1,,False,0,0,,1082,0,0,0.0,,,,sonnet46
2026091237,u_boost,bonferroni,0.1,,False,0,0,,1082,0,0,0.0,,,,sonnet46
2026091237,u_boost,fixed_sequence,0.14285714285714285,,False,0,0,,1082,0,0,0.0,,,,sonnet46
2026091237,u_boost,bonferroni,0.14285714285714285,,False,0,0,,1082,0,0,0.0,,,,sonnet46
2026091237,u_boost,fixed_sequence,0.2,,False,0,0,,1082,0,0,0.0,,,,sonnet46
2026091237,u_boost,bonferroni,0.2,,False,0,0,,1082,0,0,0.0,,,,sonnet46
2026091237,u_boost,fixed_sequence,0.25,,False,0,0,,1082,0,0,0.0,,,,sonnet46
2026091237,u_boost,bonferroni,0.25,,False,0,0,,1082,0,0,0.0,,,,sonnet46
2026091237,rich_logistic,fixed_sequence,0.1,,False,0,0,,1082,0,0,0.0,,,,sonnet46
2026091237,rich_logistic,bonferroni,0.1,,False,0,0,,1082,0,0,0.0,,,,sonnet46
2026091237,rich_logistic,fixed_sequence,0.14285714285714285,,False,0,0,,1082,0,0,0.0,,,,sonnet46
2026091237,rich_logistic,bonferroni,0.14285714285714285,,False,0,0,,1082,0,0,0.0,,,,sonnet46
2026091237,rich_logistic,fixed_sequence,0.2,,False,0,0,,1082,0,0,0.0,,,,sonnet46
2026091237,rich_logistic,bonferroni,0.2,,False,0,0,,1082,0,0,0.0,,,,sonnet46
2026091237,rich_logistic,fixed_sequence,0.25,,False,0,0,,1082,0,0,0.0,,,,sonnet46
2026091237,rich_logistic,bonferroni,0.25,,False,0,0,,1082,0,0,0.0,,,,sonnet46
2026091237,rich_boost,fixed_sequence,0.1,,False,0,0,,1082,0,0,0.0,,,,sonnet46
2026091237,rich_boost,bonferroni,0.1,,False,0,0,,1082,0,0,0.0,,,,sonnet46
2026091237,rich_boost,fixed_sequence,0.14285714285714285,,False,0,0,,1082,0,0,0.0,,,,sonnet46
2026091237,rich_boost,bonferroni,0.14285714285714285,,False,0,0,,1082,0,0,0.0,,,,sonnet46
2026091237,rich_boost,fixed_sequence,0.2,,False,0,0,,1082,0,0,0.0,,,,sonnet46
2026091237,rich_boost,bonferroni,0.2,,False,0,0,,1082,0,0,0.0,,,,sonnet46
2026091237,rich_boost,fixed_sequence,0.25,,False,0,0,,1082,0,0,0.0,,,,sonnet46
2026091237,rich_boost,bonferroni,0.25,,False,0,0,,1082,0,0,0.0,,,,sonnet46
2026091238,raw_u,fixed_sequence,0.1,,False,0,0,,1082,0,0,0.0,,,,sonnet46
2026091238,raw_u,bonferroni,0.1,,False,0,0,,1082,0,0,0.0,,,,sonnet46
2026091238,raw_u,fixed_sequence,0.14285714285714285,,False,0,0,,1082,0,0,0.0,,,,sonnet46
2026091238,raw_u,bonferroni,0.14285714285714285,,False,0,0,,1082,0,0,0.0,,,,sonnet46
2026091238,raw_u,fixed_sequence,0.2,,False,0,0,,1082,0,0,0.0,,,,sonnet46
2026091238,raw_u,bonferroni,0.2,,False,0,0,,1082,0,0,0.0,,,,sonnet46
2026091238,raw_u,fixed_sequence,0.25,,False,0,0,,1082,0,0,0.0,,,,sonnet46
2026091238,raw_u,bonferroni,0.25,,False,0,0,,1082,0,0,0.0,,,,sonnet46
2026091238,u_boost,fixed_sequence,0.1,,False,0,0,,1082,0,0,0.0,,,,sonnet46
2026091238,u_boost,bonferroni,0.1,,False,0,0,,1082,0,0,0.0,,,,sonnet46
2026091238,u_boost,fixed_sequence,0.14285714285714285,,False,0,0,,1082,0,0,0.0,,,,sonnet46
2026091238,u_boost,bonferroni,0.14285714285714285,,False,0,0,,1082,0,0,0.0,,,,sonnet46
2026091238,u_boost,fixed_sequence,0.2,,False,0,0,,1082,0,0,0.0,,,,sonnet46
2026091238,u_boost,bonferroni,0.2,,False,0,0,,1082,0,0,0.0,,,,sonnet46
2026091238,u_boost,fixed_sequence,0.25,,False,0,0,,1082,0,0,0.0,,,,sonnet46
2026091238,u_boost,bonferroni,0.25,,False,0,0,,1082,0,0,0.0,,,,sonnet46
2026091238,rich_logistic,fixed_sequence,0.1,,False,0,0,,1082,0,0,0.0,,,,sonnet46
2026091238,rich_logistic,bonferroni,0.1,,False,0,0,,1082,0,0,0.0,,,,sonnet46
2026091238,rich_logistic,fixed_sequence,0.14285714285714285,,False,0,0,,1082,0,0,0.0,,,,sonnet46
2026091238,rich_logistic,bonferroni,0.14285714285714285,,False,0,0,,1082,0,0,0.0,,,,sonnet46
2026091238,rich_logistic,fixed_sequence,0.2,,False,0,0,,1082,0,0,0.0,,,,sonnet46
2026091238,rich_logistic,bonferroni,0.2,,False,0,0,,1082,0,0,0.0,,,,sonnet46
2026091238,rich_logistic,fixed_sequence,0.25,,False,0,0,,1082,0,0,0.0,,,,sonnet46
2026091238,rich_logistic,bonferroni,0.25,,False,0,0,,1082,0,0,0.0,,,,sonnet46
2026091238,rich_boost,fixed_sequence,0.1,,False,0,0,,1082,0,0,0.0,,,,sonnet46
2026091238,rich_boost,bonferroni,0.1,,False,0,0,,1082,0,0,0.0,,,,sonnet46
2026091238,rich_boost,fixed_sequence,0.14285714285714285,,False,0,0,,1082,0,0,0.0,,,,sonnet46
2026091238,rich_boost,bonferroni,0.14285714285714285,,False,0,0,,1082,0,0,0.0,,,,sonnet46
2026091238,rich_boost,fixed_sequence,0.2,,False,0,0,,1082,0,0,0.0,,,,sonnet46
2026091238,rich_boost,bonferroni,0.2,,False,0,0,,1082,0,0,0.0,,,,sonnet46
2026091238,rich_boost,fixed_sequence,0.25,,False,0,0,,1082,0,0,0.0,,,,sonnet46
2026091238,rich_boost,bonferroni,0.25,,False,0,0,,1082,0,0,0.0,,,,sonnet46
2026091239,raw_u,fixed_sequence,0.1,,False,0,0,,1082,0,0,0.0,,,,sonnet46
2026091239,raw_u,bonferroni,0.1,,False,0,0,,1082,0,0,0.0,,,,sonnet46
2026091239,raw_u,fixed_sequence,0.14285714285714285,,False,0,0,,1082,0,0,0.0,,,,sonnet46
2026091239,raw_u,bonferroni,0.14285714285714285,,False,0,0,,1082,0,0,0.0,,,,sonnet46
2026091239,raw_u,fixed_sequence,0.2,,False,0,0,,1082,0,0,0.0,,,,sonnet46
2026091239,raw_u,bonferroni,0.2,,False,0,0,,1082,0,0,0.0,,,,sonnet46
2026091239,raw_u,fixed_sequence,0.25,,False,0,0,,1082,0,0,0.0,,,,sonnet46
2026091239,raw_u,bonferroni,0.25,,False,0,0,,1082,0,0,0.0,,,,sonnet46
2026091239,u_boost,fixed_sequence,0.1,,False,0,0,,1082,0,0,0.0,,,,sonnet46
2026091239,u_boost,bonferroni,0.1,,False,0,0,,1082,0,0,0.0,,,,sonnet46
2026091239,u_boost,fixed_sequence,0.14285714285714285,,False,0,0,,1082,0,0,0.0,,,,sonnet46
2026091239,u_boost,bonferroni,0.14285714285714285,,False,0,0,,1082,0,0,0.0,,,,sonnet46
2026091239,u_boost,fixed_sequence,0.2,,False,0,0,,1082,0,0,0.0,,,,sonnet46
2026091239,u_boost,bonferroni,0.2,,False,0,0,,1082,0,0,0.0,,,,sonnet46
2026091239,u_boost,fixed_sequence,0.25,,False,0,0,,1082,0,0,0.0,,,,sonnet46
2026091239,u_boost,bonferroni,0.25,,False,0,0,,1082,0,0,0.0,,,,sonnet46
2026091239,rich_logistic,fixed_sequence,0.1,,False,0,0,,1082,0,0,0.0,,,,sonnet46
2026091239,rich_logistic,bonferroni,0.1,,False,0,0,,1082,0,0,0.0,,,,sonnet46
2026091239,rich_logistic,fixed_sequence,0.14285714285714285,,False,0,0,,1082,0,0,0.0,,,,sonnet46
2026091239,rich_logistic,bonferroni,0.14285714285714285,,False,0,0,,1082,0,0,0.0,,,,sonnet46
2026091239,rich_logistic,fixed_sequence,0.2,,False,0,0,,1082,0,0,0.0,,,,sonnet46
2026091239,rich_logistic,bonferroni,0.2,,False,0,0,,1082,0,0,0.0,,,,sonnet46
2026091239,rich_logistic,fixed_sequence,0.25,,False,0,0,,1082,0,0,0.0,,,,sonnet46
2026091239,rich_logistic,bonferroni,0.25,,False,0,0,,1082,0,0,0.0,,,,sonnet46
2026091239,rich_boost,fixed_sequence,0.1,,False,0,0,,1082,0,0,0.0,,,,sonnet46
2026091239,rich_boost,bonferroni,0.1,,False,0,0,,1082,0,0,0.0,,,,sonnet46
2026091239,rich_boost,fixed_sequence,0.14285714285714285,,False,0,0,,1082,0,0,0.0,,,,sonnet46
2026091239,rich_boost,bonferroni,0.14285714285714285,,False,0,0,,1082,0,0,0.0,,,,sonnet46
2026091239,rich_boost,fixed_sequence,0.2,,False,0,0,,1082,0,0,0.0,,,,sonnet46
2026091239,rich_boost,bonferroni,0.2,,False,0,0,,1082,0,0,0.0,,,,sonnet46
2026091239,rich_boost,fixed_sequence,0.25,,False,0,0,,1082,0,0,0.0,,,,sonnet46
2026091239,rich_boost,bonferroni,0.25,,False,0,0,,1082,0,0,0.0,,,,sonnet46
2026091240,raw_u,fixed_sequence,0.1,,False,0,0,,1082,0,0,0.0,,,,sonnet46
2026091240,raw_u,bonferroni,0.1,,False,0,0,,1082,0,0,0.0,,,,sonnet46
2026091240,raw_u,fixed_sequence,0.14285714285714285,,False,0,0,,1082,0,0,0.0,,,,sonnet46
2026091240,raw_u,bonferroni,0.14285714285714285,,False,0,0,,1082,0,0,0.0,,,,sonnet46
2026091240,raw_u,fixed_sequence,0.2,,False,0,0,,1082,0,0,0.0,,,,sonnet46
2026091240,raw_u,bonferroni,0.2,,False,0,0,,1082,0,0,0.0,,,,sonnet46
2026091240,raw_u,fixed_sequence,0.25,,False,0,0,,1082,0,0,0.0,,,,sonnet46
2026091240,raw_u,bonferroni,0.25,,False,0,0,,1082,0,0,0.0,,,,sonnet46
2026091240,u_boost,fixed_sequence,0.1,,False,0,0,,1082,0,0,0.0,,,,sonnet46
2026091240,u_boost,bonferroni,0.1,,False,0,0,,1082,0,0,0.0,,,,sonnet46
2026091240,u_boost,fixed_sequence,0.14285714285714285,,False,0,0,,1082,0,0,0.0,,,,sonnet46
2026091240,u_boost,bonferroni,0.14285714285714285,,False,0,0,,1082,0,0,0.0,,,,sonnet46
2026091240,u_boost,fixed_sequence,0.2,,False,0,0,,1082,0,0,0.0,,,,sonnet46
2026091240,u_boost,bonferroni,0.2,,False,0,0,,1082,0,0,0.0,,,,sonnet46
2026091240,u_boost,fixed_sequence,0.25,,False,0,0,,1082,0,0,0.0,,,,sonnet46
2026091240,u_boost,bonferroni,0.25,,False,0,0,,1082,0,0,0.0,,,,sonnet46
2026091240,rich_logistic,fixed_sequence,0.1,,False,0,0,,1082,0,0,0.0,,,,sonnet46
2026091240,rich_logistic,bonferroni,0.1,,False,0,0,,1082,0,0,0.0,,,,sonnet46
2026091240,rich_logistic,fixed_sequence,0.14285714285714285,,False,0,0,,1082,0,0,0.0,,,,sonnet46
2026091240,rich_logistic,bonferroni,0.14285714285714285,,False,0,0,,1082,0,0,0.0,,,,sonnet46
2026091240,rich_logistic,fixed_sequence,0.2,,False,0,0,,1082,0,0,0.0,,,,sonnet46
2026091240,rich_logistic,bonferroni,0.2,,False,0,0,,1082,0,0,0.0,,,,sonnet46
2026091240,rich_logistic,fixed_sequence,0.25,0.79,True,17,0,0.2272241701352582,1082,27,6,0.024953789279112754,0.2222222222222222,0.08621693994756671,0.42258306004437896,sonnet46
2026091240,rich_logistic,bonferroni,0.25,,False,0,0,,1082,0,0,0.0,,,,sonnet46
2026091240,rich_boost,fixed_sequence,0.1,,False,0,0,,1082,0,0,0.0,,,,sonnet46
2026091240,rich_boost,bonferroni,0.1,,False,0,0,,1082,0,0,0.0,,,,sonnet46
2026091240,rich_boost,fixed_sequence,0.14285714285714285,,False,0,0,,1082,0,0,0.0,,,,sonnet46
2026091240,rich_boost,bonferroni,0.14285714285714285,,False,0,0,,1082,0,0,0.0,,,,sonnet46
2026091240,rich_boost,fixed_sequence,0.2,,False,0,0,,1082,0,0,0.0,,,,sonnet46
2026091240,rich_boost,bonferroni,0.2,,False,0,0,,1082,0,0,0.0,,,,sonnet46
2026091240,rich_boost,fixed_sequence,0.25,,False,0,0,,1082,0,0,0.0,,,,sonnet46
2026091240,rich_boost,bonferroni,0.25,,False,0,0,,1082,0,0,0.0,,,,sonnet46
2026091241,raw_u,fixed_sequence,0.1,,False,0,0,,1082,0,0,0.0,,,,sonnet46
2026091241,raw_u,bonferroni,0.1,,False,0,0,,1082,0,0,0.0,,,,sonnet46
2026091241,raw_u,fixed_sequence,0.14285714285714285,,False,0,0,,1082,0,0,0.0,,,,sonnet46
2026091241,raw_u,bonferroni,0.14285714285714285,,False,0,0,,1082,0,0,0.0,,,,sonnet46
2026091241,raw_u,fixed_sequence,0.2,,False,0,0,,1082,0,0,0.0,,,,sonnet46
2026091241,raw_u,bonferroni,0.2,,False,0,0,,1082,0,0,0.0,,,,sonnet46
2026091241,raw_u,fixed_sequence,0.25,,False,0,0,,1082,0,0,0.0,,,,sonnet46
2026091241,raw_u,bonferroni,0.25,,False,0,0,,1082,0,0,0.0,,,,sonnet46
2026091241,u_boost,fixed_sequence,0.1,,False,0,0,,1082,0,0,0.0,,,,sonnet46
2026091241,u_boost,bonferroni,0.1,,False,0,0,,1082,0,0,0.0,,,,sonnet46
2026091241,u_boost,fixed_sequence,0.14285714285714285,,False,0,0,,1082,0,0,0.0,,,,sonnet46
2026091241,u_boost,bonferroni,0.14285714285714285,,False,0,0,,1082,0,0,0.0,,,,sonnet46
2026091241,u_boost,fixed_sequence,0.2,,False,0,0,,1082,0,0,0.0,,,,sonnet46
2026091241,u_boost,bonferroni,0.2,,False,0,0,,1082,0,0,0.0,,,,sonnet46
2026091241,u_boost,fixed_sequence,0.25,,False,0,0,,1082,0,0,0.0,,,,sonnet46
2026091241,u_boost,bonferroni,0.25,,False,0,0,,1082,0,0,0.0,,,,sonnet46
2026091241,rich_logistic,fixed_sequence,0.1,,False,0,0,,1082,0,0,0.0,,,,sonnet46
2026091241,rich_logistic,bonferroni,0.1,,False,0,0,,1082,0,0,0.0,,,,sonnet46
2026091241,rich_logistic,fixed_sequence,0.14285714285714285,,False,0,0,,1082,0,0,0.0,,,,sonnet46
2026091241,rich_logistic,bonferroni,0.14285714285714285,,False,0,0,,1082,0,0,0.0,,,,sonnet46
2026091241,rich_logistic,fixed_sequence,0.2,,False,0,0,,1082,0,0,0.0,,,,sonnet46
2026091241,rich_logistic,bonferroni,0.2,,False,0,0,,1082,0,0,0.0,,,,sonnet46
2026091241,rich_logistic,fixed_sequence,0.25,,False,0,0,,1082,0,0,0.0,,,,sonnet46
2026091241,rich_logistic,bonferroni,0.25,,False,0,0,,1082,0,0,0.0,,,,sonnet46
2026091241,rich_boost,fixed_sequence,0.1,,False,0,0,,1082,0,0,0.0,,,,sonnet46
2026091241,rich_boost,bonferroni,0.1,,False,0,0,,1082,0,0,0.0,,,,sonnet46
2026091241,rich_boost,fixed_sequence,0.14285714285714285,,False,0,0,,1082,0,0,0.0,,,,sonnet46
2026091241,rich_boost,bonferroni,0.14285714285714285,,False,0,0,,1082,0,0,0.0,,,,sonnet46
2026091241,rich_boost,fixed_sequence,0.2,,False,0,0,,1082,0,0,0.0,,,,sonnet46
2026091241,rich_boost,bonferroni,0.2,,False,0,0,,1082,0,0,0.0,,,,sonnet46
2026091241,rich_boost,fixed_sequence,0.25,,False,0,0,,1082,0,0,0.0,,,,sonnet46
2026091241,rich_boost,bonferroni,0.25,,False,0,0,,1082,0,0,0.0,,,,sonnet46
2026091242,raw_u,fixed_sequence,0.1,,False,0,0,,1082,0,0,0.0,,,,sonnet46
2026091242,raw_u,bonferroni,0.1,,False,0,0,,1082,0,0,0.0,,,,sonnet46
2026091242,raw_u,fixed_sequence,0.14285714285714285,,False,0,0,,1082,0,0,0.0,,,,sonnet46
2026091242,raw_u,bonferroni,0.14285714285714285,,False,0,0,,1082,0,0,0.0,,,,sonnet46
2026091242,raw_u,fixed_sequence,0.2,,False,0,0,,1082,0,0,0.0,,,,sonnet46
2026091242,raw_u,bonferroni,0.2,,False,0,0,,1082,0,0,0.0,,,,sonnet46
2026091242,raw_u,fixed_sequence,0.25,,False,0,0,,1082,0,0,0.0,,,,sonnet46
2026091242,raw_u,bonferroni,0.25,,False,0,0,,1082,0,0,0.0,,,,sonnet46
2026091242,u_boost,fixed_sequence,0.1,,False,0,0,,1082,0,0,0.0,,,,sonnet46
2026091242,u_boost,bonferroni,0.1,,False,0,0,,1082,0,0,0.0,,,,sonnet46
2026091242,u_boost,fixed_sequence,0.14285714285714285,,False,0,0,,1082,0,0,0.0,,,,sonnet46
2026091242,u_boost,bonferroni,0.14285714285714285,,False,0,0,,1082,0,0,0.0,,,,sonnet46
2026091242,u_boost,fixed_sequence,0.2,,False,0,0,,1082,0,0,0.0,,,,sonnet46
2026091242,u_boost,bonferroni,0.2,,False,0,0,,1082,0,0,0.0,,,,sonnet46
2026091242,u_boost,fixed_sequence,0.25,,False,0,0,,1082,0,0,0.0,,,,sonnet46
2026091242,u_boost,bonferroni,0.25,,False,0,0,,1082,0,0,0.0,,,,sonnet46
2026091242,rich_logistic,fixed_sequence,0.1,,False,0,0,,1082,0,0,0.0,,,,sonnet46
2026091242,rich_logistic,bonferroni,0.1,,False,0,0,,1082,0,0,0.0,,,,sonnet46
2026091242,rich_logistic,fixed_sequence,0.14285714285714285,,False,0,0,,1082,0,0,0.0,,,,sonnet46
2026091242,rich_logistic,bonferroni,0.14285714285714285,,False,0,0,,1082,0,0,0.0,,,,sonnet46
2026091242,rich_logistic,fixed_sequence,0.2,,False,0,0,,1082,0,0,0.0,,,,sonnet46
2026091242,rich_logistic,bonferroni,0.2,,False,0,0,,1082,0,0,0.0,,,,sonnet46
2026091242,rich_logistic,fixed_sequence,0.25,,False,0,0,,1082,0,0,0.0,,,,sonnet46
2026091242,rich_logistic,bonferroni,0.25,,False,0,0,,1082,0,0,0.0,,,,sonnet46
2026091242,rich_boost,fixed_sequence,0.1,,False,0,0,,1082,0,0,0.0,,,,sonnet46
2026091242,rich_boost,bonferroni,0.1,,False,0,0,,1082,0,0,0.0,,,,sonnet46
2026091242,rich_boost,fixed_sequence,0.14285714285714285,,False,0,0,,1082,0,0,0.0,,,,sonnet46
2026091242,rich_boost,bonferroni,0.14285714285714285,,False,0,0,,1082,0,0,0.0,,,,sonnet46
2026091242,rich_boost,fixed_sequence,0.2,,False,0,0,,1082,0,0,0.0,,,,sonnet46
2026091242,rich_boost,bonferroni,0.2,,False,0,0,,1082,0,0,0.0,,,,sonnet46
2026091242,rich_boost,fixed_sequence,0.25,,False,0,0,,1082,0,0,0.0,,,,sonnet46
2026091242,rich_boost,bonferroni,0.25,,False,0,0,,1082,0,0,0.0,,,,sonnet46
2026091243,raw_u,fixed_sequence,0.1,,False,0,0,,1082,0,0,0.0,,,,sonnet46
2026091243,raw_u,bonferroni,0.1,,False,0,0,,1082,0,0,0.0,,,,sonnet46
2026091243,raw_u,fixed_sequence,0.14285714285714285,,False,0,0,,1082,0,0,0.0,,,,sonnet46
2026091243,raw_u,bonferroni,0.14285714285714285,,False,0,0,,1082,0,0,0.0,,,,sonnet46
2026091243,raw_u,fixed_sequence,0.2,,False,0,0,,1082,0,0,0.0,,,,sonnet46
2026091243,raw_u,bonferroni,0.2,,False,0,0,,1082,0,0,0.0,,,,sonnet46
2026091243,raw_u,fixed_sequence,0.25,,False,0,0,,1082,0,0,0.0,,,,sonnet46
2026091243,raw_u,bonferroni,0.25,,False,0,0,,1082,0,0,0.0,,,,sonnet46
2026091243,u_boost,fixed_sequence,0.1,,False,0,0,,1082,0,0,0.0,,,,sonnet46
2026091243,u_boost,bonferroni,0.1,,False,0,0,,1082,0,0,0.0,,,,sonnet46
2026091243,u_boost,fixed_sequence,0.14285714285714285,,False,0,0,,1082,0,0,0.0,,,,sonnet46
2026091243,u_boost,bonferroni,0.14285714285714285,,False,0,0,,1082,0,0,0.0,,,,sonnet46
2026091243,u_boost,fixed_sequence,0.2,,False,0,0,,1082,0,0,0.0,,,,sonnet46
2026091243,u_boost,bonferroni,0.2,,False,0,0,,1082,0,0,0.0,,,,sonnet46
2026091243,u_boost,fixed_sequence,0.25,,False,0,0,,1082,0,0,0.0,,,,sonnet46
2026091243,u_boost,bonferroni,0.25,,False,0,0,,1082,0,0,0.0,,,,sonnet46
2026091243,rich_logistic,fixed_sequence,0.1,,False,0,0,,1082,0,0,0.0,,,,sonnet46
2026091243,rich_logistic,bonferroni,0.1,,False,0,0,,1082,0,0,0.0,,,,sonnet46
2026091243,rich_logistic,fixed_sequence,0.14285714285714285,,False,0,0,,1082,0,0,0.0,,,,sonnet46
2026091243,rich_logistic,bonferroni,0.14285714285714285,,False,0,0,,1082,0,0,0.0,,,,sonnet46
2026091243,rich_logistic,fixed_sequence,0.2,,False,0,0,,1082,0,0,0.0,,,,sonnet46
2026091243,rich_logistic,bonferroni,0.2,,False,0,0,,1082,0,0,0.0,,,,sonnet46
2026091243,rich_logistic,fixed_sequence,0.25,,False,0,0,,1082,0,0,0.0,,,,sonnet46
2026091243,rich_logistic,bonferroni,0.25,,False,0,0,,1082,0,0,0.0,,,,sonnet46
2026091243,rich_boost,fixed_sequence,0.1,,False,0,0,,1082,0,0,0.0,,,,sonnet46
2026091243,rich_boost,bonferroni,0.1,,False,0,0,,1082,0,0,0.0,,,,sonnet46
2026091243,rich_boost,fixed_sequence,0.14285714285714285,,False,0,0,,1082,0,0,0.0,,,,sonnet46
2026091243,rich_boost,bonferroni,0.14285714285714285,,False,0,0,,1082,0,0,0.0,,,,sonnet46
2026091243,rich_boost,fixed_sequence,0.2,,False,0,0,,1082,0,0,0.0,,,,sonnet46
2026091243,rich_boost,bonferroni,0.2,,False,0,0,,1082,0,0,0.0,,,,sonnet46
2026091243,rich_boost,fixed_sequence,0.25,,False,0,0,,1082,0,0,0.0,,,,sonnet46
2026091243,rich_boost,bonferroni,0.25,,False,0,0,,1082,0,0,0.0,,,,sonnet46
2026091244,raw_u,fixed_sequence,0.1,,False,0,0,,1082,0,0,0.0,,,,sonnet46
2026091244,raw_u,bonferroni,0.1,,False,0,0,,1082,0,0,0.0,,,,sonnet46
2026091244,raw_u,fixed_sequence,0.14285714285714285,,False,0,0,,1082,0,0,0.0,,,,sonnet46
2026091244,raw_u,bonferroni,0.14285714285714285,,False,0,0,,1082,0,0,0.0,,,,sonnet46
2026091244,raw_u,fixed_sequence,0.2,,False,0,0,,1082,0,0,0.0,,,,sonnet46
2026091244,raw_u,bonferroni,0.2,,False,0,0,,1082,0,0,0.0,,,,sonnet46
2026091244,raw_u,fixed_sequence,0.25,,False,0,0,,1082,0,0,0.0,,,,sonnet46
2026091244,raw_u,bonferroni,0.25,,False,0,0,,1082,0,0,0.0,,,,sonnet46
2026091244,u_boost,fixed_sequence,0.1,,False,0,0,,1082,0,0,0.0,,,,sonnet46
2026091244,u_boost,bonferroni,0.1,,False,0,0,,1082,0,0,0.0,,,,sonnet46
2026091244,u_boost,fixed_sequence,0.14285714285714285,,False,0,0,,1082,0,0,0.0,,,,sonnet46
2026091244,u_boost,bonferroni,0.14285714285714285,,False,0,0,,1082,0,0,0.0,,,,sonnet46
2026091244,u_boost,fixed_sequence,0.2,,False,0,0,,1082,0,0,0.0,,,,sonnet46
2026091244,u_boost,bonferroni,0.2,,False,0,0,,1082,0,0,0.0,,,,sonnet46
2026091244,u_boost,fixed_sequence,0.25,,False,0,0,,1082,0,0,0.0,,,,sonnet46
2026091244,u_boost,bonferroni,0.25,,False,0,0,,1082,0,0,0.0,,,,sonnet46
2026091244,rich_logistic,fixed_sequence,0.1,,False,0,0,,1082,0,0,0.0,,,,sonnet46
2026091244,rich_logistic,bonferroni,0.1,,False,0,0,,1082,0,0,0.0,,,,sonnet46
2026091244,rich_logistic,fixed_sequence,0.14285714285714285,,False,0,0,,1082,0,0,0.0,,,,sonnet46
2026091244,rich_logistic,bonferroni,0.14285714285714285,,False,0,0,,1082,0,0,0.0,,,,sonnet46
2026091244,rich_logistic,fixed_sequence,0.2,,False,0,0,,1082,0,0,0.0,,,,sonnet46
2026091244,rich_logistic,bonferroni,0.2,,False,0,0,,1082,0,0,0.0,,,,sonnet46
2026091244,rich_logistic,fixed_sequence,0.25,,False,0,0,,1082,0,0,0.0,,,,sonnet46
2026091244,rich_logistic,bonferroni,0.25,,False,0,0,,1082,0,0,0.0,,,,sonnet46
2026091244,rich_boost,fixed_sequence,0.1,,False,0,0,,1082,0,0,0.0,,,,sonnet46
2026091244,rich_boost,bonferroni,0.1,,False,0,0,,1082,0,0,0.0,,,,sonnet46
2026091244,rich_boost,fixed_sequence,0.14285714285714285,,False,0,0,,1082,0,0,0.0,,,,sonnet46
2026091244,rich_boost,bonferroni,0.14285714285714285,,False,0,0,,1082,0,0,0.0,,,,sonnet46
2026091244,rich_boost,fixed_sequence,0.2,,False,0,0,,1082,0,0,0.0,,,,sonnet46
2026091244,rich_boost,bonferroni,0.2,,False,0,0,,1082,0,0,0.0,,,,sonnet46
2026091244,rich_boost,fixed_sequence,0.25,,False,0,0,,1082,0,0,0.0,,,,sonnet46
2026091244,rich_boost,bonferroni,0.25,,False,0,0,,1082,0,0,0.0,,,,sonnet46
2026091245,raw_u,fixed_sequence,0.1,,False,0,0,,1082,0,0,0.0,,,,sonnet46
2026091245,raw_u,bonferroni,0.1,,False,0,0,,1082,0,0,0.0,,,,sonnet46
2026091245,raw_u,fixed_sequence,0.14285714285714285,,False,0,0,,1082,0,0,0.0,,,,sonnet46
2026091245,raw_u,bonferroni,0.14285714285714285,,False,0,0,,1082,0,0,0.0,,,,sonnet46
2026091245,raw_u,fixed_sequence,0.2,,False,0,0,,1082,0,0,0.0,,,,sonnet46
2026091245,raw_u,bonferroni,0.2,,False,0,0,,1082,0,0,0.0,,,,sonnet46
2026091245,raw_u,fixed_sequence,0.25,,False,0,0,,1082,0,0,0.0,,,,sonnet46
2026091245,raw_u,bonferroni,0.25,,False,0,0,,1082,0,0,0.0,,,,sonnet46
2026091245,u_boost,fixed_sequence,0.1,,False,0,0,,1082,0,0,0.0,,,,sonnet46
2026091245,u_boost,bonferroni,0.1,,False,0,0,,1082,0,0,0.0,,,,sonnet46
2026091245,u_boost,fixed_sequence,0.14285714285714285,,False,0,0,,1082,0,0,0.0,,,,sonnet46
2026091245,u_boost,bonferroni,0.14285714285714285,,False,0,0,,1082,0,0,0.0,,,,sonnet46
2026091245,u_boost,fixed_sequence,0.2,,False,0,0,,1082,0,0,0.0,,,,sonnet46
2026091245,u_boost,bonferroni,0.2,,False,0,0,,1082,0,0,0.0,,,,sonnet46
2026091245,u_boost,fixed_sequence,0.25,,False,0,0,,1082,0,0,0.0,,,,sonnet46
2026091245,u_boost,bonferroni,0.25,,False,0,0,,1082,0,0,0.0,,,,sonnet46
2026091245,rich_logistic,fixed_sequence,0.1,,False,0,0,,1082,0,0,0.0,,,,sonnet46
2026091245,rich_logistic,bonferroni,0.1,,False,0,0,,1082,0,0,0.0,,,,sonnet46
2026091245,rich_logistic,fixed_sequence,0.14285714285714285,,False,0,0,,1082,0,0,0.0,,,,sonnet46
2026091245,rich_logistic,bonferroni,0.14285714285714285,,False,0,0,,1082,0,0,0.0,,,,sonnet46
2026091245,rich_logistic,fixed_sequence,0.2,,False,0,0,,1082,0,0,0.0,,,,sonnet46
2026091245,rich_logistic,bonferroni,0.2,,False,0,0,,1082,0,0,0.0,,,,sonnet46
2026091245,rich_logistic,fixed_sequence,0.25,,False,0,0,,1082,0,0,0.0,,,,sonnet46
2026091245,rich_logistic,bonferroni,0.25,,False,0,0,,1082,0,0,0.0,,,,sonnet46
2026091245,rich_boost,fixed_sequence,0.1,,False,0,0,,1082,0,0,0.0,,,,sonnet46
2026091245,rich_boost,bonferroni,0.1,,False,0,0,,1082,0,0,0.0,,,,sonnet46
2026091245,rich_boost,fixed_sequence,0.14285714285714285,,False,0,0,,1082,0,0,0.0,,,,sonnet46
2026091245,rich_boost,bonferroni,0.14285714285714285,,False,0,0,,1082,0,0,0.0,,,,sonnet46
2026091245,rich_boost,fixed_sequence,0.2,,False,0,0,,1082,0,0,0.0,,,,sonnet46
2026091245,rich_boost,bonferroni,0.2,,False,0,0,,1082,0,0,0.0,,,,sonnet46
2026091245,rich_boost,fixed_sequence,0.25,,False,0,0,,1082,0,0,0.0,,,,sonnet46
2026091245,rich_boost,bonferroni,0.25,,False,0,0,,1082,0,0,0.0,,,,sonnet46
2026091246,raw_u,fixed_sequence,0.1,,False,0,0,,1082,0,0,0.0,,,,sonnet46
2026091246,raw_u,bonferroni,0.1,,False,0,0,,1082,0,0,0.0,,,,sonnet46
2026091246,raw_u,fixed_sequence,0.14285714285714285,,False,0,0,,1082,0,0,0.0,,,,sonnet46
2026091246,raw_u,bonferroni,0.14285714285714285,,False,0,0,,1082,0,0,0.0,,,,sonnet46
2026091246,raw_u,fixed_sequence,0.2,,False,0,0,,1082,0,0,0.0,,,,sonnet46
2026091246,raw_u,bonferroni,0.2,,False,0,0,,1082,0,0,0.0,,,,sonnet46
2026091246,raw_u,fixed_sequence,0.25,,False,0,0,,1082,0,0,0.0,,,,sonnet46
2026091246,raw_u,bonferroni,0.25,,False,0,0,,1082,0,0,0.0,,,,sonnet46
2026091246,u_boost,fixed_sequence,0.1,,False,0,0,,1082,0,0,0.0,,,,sonnet46
2026091246,u_boost,bonferroni,0.1,,False,0,0,,1082,0,0,0.0,,,,sonnet46
2026091246,u_boost,fixed_sequence,0.14285714285714285,,False,0,0,,1082,0,0,0.0,,,,sonnet46
2026091246,u_boost,bonferroni,0.14285714285714285,,False,0,0,,1082,0,0,0.0,,,,sonnet46
2026091246,u_boost,fixed_sequence,0.2,,False,0,0,,1082,0,0,0.0,,,,sonnet46
2026091246,u_boost,bonferroni,0.2,,False,0,0,,1082,0,0,0.0,,,,sonnet46
2026091246,u_boost,fixed_sequence,0.25,,False,0,0,,1082,0,0,0.0,,,,sonnet46
2026091246,u_boost,bonferroni,0.25,,False,0,0,,1082,0,0,0.0,,,,sonnet46
2026091246,rich_logistic,fixed_sequence,0.1,,False,0,0,,1082,0,0,0.0,,,,sonnet46
2026091246,rich_logistic,bonferroni,0.1,,False,0,0,,1082,0,0,0.0,,,,sonnet46
2026091246,rich_logistic,fixed_sequence,0.14285714285714285,,False,0,0,,1082,0,0,0.0,,,,sonnet46
2026091246,rich_logistic,bonferroni,0.14285714285714285,,False,0,0,,1082,0,0,0.0,,,,sonnet46
2026091246,rich_logistic,fixed_sequence,0.2,,False,0,0,,1082,0,0,0.0,,,,sonnet46
2026091246,rich_logistic,bonferroni,0.2,,False,0,0,,1082,0,0,0.0,,,,sonnet46
2026091246,rich_logistic,fixed_sequence,0.25,,False,0,0,,1082,0,0,0.0,,,,sonnet46
2026091246,rich_logistic,bonferroni,0.25,,False,0,0,,1082,0,0,0.0,,,,sonnet46
2026091246,rich_boost,fixed_sequence,0.1,,False,0,0,,1082,0,0,0.0,,,,sonnet46
2026091246,rich_boost,bonferroni,0.1,,False,0,0,,1082,0,0,0.0,,,,sonnet46
2026091246,rich_boost,fixed_sequence,0.14285714285714285,,False,0,0,,1082,0,0,0.0,,,,sonnet46
2026091246,rich_boost,bonferroni,0.14285714285714285,,False,0,0,,1082,0,0,0.0,,,,sonnet46
2026091246,rich_boost,fixed_sequence,0.2,,False,0,0,,1082,0,0,0.0,,,,sonnet46
2026091246,rich_boost,bonferroni,0.2,,False,0,0,,1082,0,0,0.0,,,,sonnet46
2026091246,rich_boost,fixed_sequence,0.25,,False,0,0,,1082,0,0,0.0,,,,sonnet46
2026091246,rich_boost,bonferroni,0.25,,False,0,0,,1082,0,0,0.0,,,,sonnet46
2026091247,raw_u,fixed_sequence,0.1,,False,0,0,,1082,0,0,0.0,,,,sonnet46
2026091247,raw_u,bonferroni,0.1,,False,0,0,,1082,0,0,0.0,,,,sonnet46
2026091247,raw_u,fixed_sequence,0.14285714285714285,,False,0,0,,1082,0,0,0.0,,,,sonnet46
2026091247,raw_u,bonferroni,0.14285714285714285,,False,0,0,,1082,0,0,0.0,,,,sonnet46
2026091247,raw_u,fixed_sequence,0.2,,False,0,0,,1082,0,0,0.0,,,,sonnet46
2026091247,raw_u,bonferroni,0.2,,False,0,0,,1082,0,0,0.0,,,,sonnet46
2026091247,raw_u,fixed_sequence,0.25,,False,0,0,,1082,0,0,0.0,,,,sonnet46
2026091247,raw_u,bonferroni,0.25,,False,0,0,,1082,0,0,0.0,,,,sonnet46
2026091247,u_boost,fixed_sequence,0.1,,False,0,0,,1082,0,0,0.0,,,,sonnet46
2026091247,u_boost,bonferroni,0.1,,False,0,0,,1082,0,0,0.0,,,,sonnet46
2026091247,u_boost,fixed_sequence,0.14285714285714285,,False,0,0,,1082,0,0,0.0,,,,sonnet46
2026091247,u_boost,bonferroni,0.14285714285714285,,False,0,0,,1082,0,0,0.0,,,,sonnet46
2026091247,u_boost,fixed_sequence,0.2,,False,0,0,,1082,0,0,0.0,,,,sonnet46
2026091247,u_boost,bonferroni,0.2,,False,0,0,,1082,0,0,0.0,,,,sonnet46
2026091247,u_boost,fixed_sequence,0.25,,False,0,0,,1082,0,0,0.0,,,,sonnet46
2026091247,u_boost,bonferroni,0.25,,False,0,0,,1082,0,0,0.0,,,,sonnet46
2026091247,rich_logistic,fixed_sequence,0.1,,False,0,0,,1082,0,0,0.0,,,,sonnet46
2026091247,rich_logistic,bonferroni,0.1,,False,0,0,,1082,0,0,0.0,,,,sonnet46
2026091247,rich_logistic,fixed_sequence,0.14285714285714285,,False,0,0,,1082,0,0,0.0,,,,sonnet46
2026091247,rich_logistic,bonferroni,0.14285714285714285,,False,0,0,,1082,0,0,0.0,,,,sonnet46
2026091247,rich_logistic,fixed_sequence,0.2,,False,0,0,,1082,0,0,0.0,,,,sonnet46
2026091247,rich_logistic,bonferroni,0.2,,False,0,0,,1082,0,0,0.0,,,,sonnet46
2026091247,rich_logistic,fixed_sequence,0.25,,False,0,0,,1082,0,0,0.0,,,,sonnet46
2026091247,rich_logistic,bonferroni,0.25,,False,0,0,,1082,0,0,0.0,,,,sonnet46
2026091247,rich_boost,fixed_sequence,0.1,,False,0,0,,1082,0,0,0.0,,,,sonnet46
2026091247,rich_boost,bonferroni,0.1,,False,0,0,,1082,0,0,0.0,,,,sonnet46
2026091247,rich_boost,fixed_sequence,0.14285714285714285,,False,0,0,,1082,0,0,0.0,,,,sonnet46
2026091247,rich_boost,bonferroni,0.14285714285714285,,False,0,0,,1082,0,0,0.0,,,,sonnet46
2026091247,rich_boost,fixed_sequence,0.2,,False,0,0,,1082,0,0,0.0,,,,sonnet46
2026091247,rich_boost,bonferroni,0.2,,False,0,0,,1082,0,0,0.0,,,,sonnet46
2026091247,rich_boost,fixed_sequence,0.25,,False,0,0,,1082,0,0,0.0,,,,sonnet46
2026091247,rich_boost,bonferroni,0.25,,False,0,0,,1082,0,0,0.0,,,,sonnet46
2026091248,raw_u,fixed_sequence,0.1,,False,0,0,,1082,0,0,0.0,,,,sonnet46
2026091248,raw_u,bonferroni,0.1,,False,0,0,,1082,0,0,0.0,,,,sonnet46
2026091248,raw_u,fixed_sequence,0.14285714285714285,,False,0,0,,1082,0,0,0.0,,,,sonnet46
2026091248,raw_u,bonferroni,0.14285714285714285,,False,0,0,,1082,0,0,0.0,,,,sonnet46
2026091248,raw_u,fixed_sequence,0.2,,False,0,0,,1082,0,0,0.0,,,,sonnet46
2026091248,raw_u,bonferroni,0.2,,False,0,0,,1082,0,0,0.0,,,,sonnet46
2026091248,raw_u,fixed_sequence,0.25,,False,0,0,,1082,0,0,0.0,,,,sonnet46
2026091248,raw_u,bonferroni,0.25,0.8571428571428571,True,41,1,0.21925021723445362,1082,46,11,0.04251386321626617,0.2391304347826087,0.12586139482256908,0.3876689101140717,sonnet46
2026091248,u_boost,fixed_sequence,0.1,,False,0,0,,1082,0,0,0.0,,,,sonnet46
2026091248,u_boost,bonferroni,0.1,,False,0,0,,1082,0,0,0.0,,,,sonnet46
2026091248,u_boost,fixed_sequence,0.14285714285714285,,False,0,0,,1082,0,0,0.0,,,,sonnet46
2026091248,u_boost,bonferroni,0.14285714285714285,,False,0,0,,1082,0,0,0.0,,,,sonnet46
2026091248,u_boost,fixed_sequence,0.2,,False,0,0,,1082,0,0,0.0,,,,sonnet46
2026091248,u_boost,bonferroni,0.2,,False,0,0,,1082,0,0,0.0,,,,sonnet46
2026091248,u_boost,fixed_sequence,0.25,,False,0,0,,1082,0,0,0.0,,,,sonnet46
2026091248,u_boost,bonferroni,0.25,0.8,True,57,4,0.24907483959390395,1082,55,14,0.05083179297597042,0.2545454545454545,0.146700445502928,0.3900284426569952,sonnet46
2026091248,rich_logistic,fixed_sequence,0.1,,False,0,0,,1082,0,0,0.0,,,,sonnet46
2026091248,rich_logistic,bonferroni,0.1,,False,0,0,,1082,0,0,0.0,,,,sonnet46
2026091248,rich_logistic,fixed_sequence,0.14285714285714285,,False,0,0,,1082,0,0,0.0,,,,sonnet46
2026091248,rich_logistic,bonferroni,0.14285714285714285,,False,0,0,,1082,0,0,0.0,,,,sonnet46
2026091248,rich_logistic,fixed_sequence,0.2,,False,0,0,,1082,0,0,0.0,,,,sonnet46
2026091248,rich_logistic,bonferroni,0.2,,False,0,0,,1082,0,0,0.0,,,,sonnet46
2026091248,rich_logistic,fixed_sequence,0.25,,False,0,0,,1082,0,0,0.0,,,,sonnet46
2026091248,rich_logistic,bonferroni,0.25,,False,0,0,,1082,0,0,0.0,,,,sonnet46
2026091248,rich_boost,fixed_sequence,0.1,,False,0,0,,1082,0,0,0.0,,,,sonnet46
2026091248,rich_boost,bonferroni,0.1,,False,0,0,,1082,0,0,0.0,,,,sonnet46
2026091248,rich_boost,fixed_sequence,0.14285714285714285,,False,0,0,,1082,0,0,0.0,,,,sonnet46
2026091248,rich_boost,bonferroni,0.14285714285714285,,False,0,0,,1082,0,0,0.0,,,,sonnet46
2026091248,rich_boost,fixed_sequence,0.2,,False,0,0,,1082,0,0,0.0,,,,sonnet46
2026091248,rich_boost,bonferroni,0.2,,False,0,0,,1082,0,0,0.0,,,,sonnet46
2026091248,rich_boost,fixed_sequence,0.25,,False,0,0,,1082,0,0,0.0,,,,sonnet46
2026091248,rich_boost,bonferroni,0.25,,False,0,0,,1082,0,0,0.0,,,,sonnet46
2026091249,raw_u,fixed_sequence,0.1,,False,0,0,,1082,0,0,0.0,,,,sonnet46
2026091249,raw_u,bonferroni,0.1,,False,0,0,,1082,0,0,0.0,,,,sonnet46
2026091249,raw_u,fixed_sequence,0.14285714285714285,,False,0,0,,1082,0,0,0.0,,,,sonnet46
2026091249,raw_u,bonferroni,0.14285714285714285,,False,0,0,,1082,0,0,0.0,,,,sonnet46
2026091249,raw_u,fixed_sequence,0.2,,False,0,0,,1082,0,0,0.0,,,,sonnet46
2026091249,raw_u,bonferroni,0.2,,False,0,0,,1082,0,0,0.0,,,,sonnet46
2026091249,raw_u,fixed_sequence,0.25,,False,0,0,,1082,0,0,0.0,,,,sonnet46
2026091249,raw_u,bonferroni,0.25,,False,0,0,,1082,0,0,0.0,,,,sonnet46
2026091249,u_boost,fixed_sequence,0.1,,False,0,0,,1082,0,0,0.0,,,,sonnet46
2026091249,u_boost,bonferroni,0.1,,False,0,0,,1082,0,0,0.0,,,,sonnet46
2026091249,u_boost,fixed_sequence,0.14285714285714285,,False,0,0,,1082,0,0,0.0,,,,sonnet46
2026091249,u_boost,bonferroni,0.14285714285714285,,False,0,0,,1082,0,0,0.0,,,,sonnet46
2026091249,u_boost,fixed_sequence,0.2,,False,0,0,,1082,0,0,0.0,,,,sonnet46
2026091249,u_boost,bonferroni,0.2,,False,0,0,,1082,0,0,0.0,,,,sonnet46
2026091249,u_boost,fixed_sequence,0.25,,False,0,0,,1082,0,0,0.0,,,,sonnet46
2026091249,u_boost,bonferroni,0.25,,False,0,0,,1082,0,0,0.0,,,,sonnet46
2026091249,rich_logistic,fixed_sequence,0.1,,False,0,0,,1082,0,0,0.0,,,,sonnet46
2026091249,rich_logistic,bonferroni,0.1,,False,0,0,,1082,0,0,0.0,,,,sonnet46
2026091249,rich_logistic,fixed_sequence,0.14285714285714285,,False,0,0,,1082,0,0,0.0,,,,sonnet46
2026091249,rich_logistic,bonferroni,0.14285714285714285,,False,0,0,,1082,0,0,0.0,,,,sonnet46
2026091249,rich_logistic,fixed_sequence,0.2,,False,0,0,,1082,0,0,0.0,,,,sonnet46
2026091249,rich_logistic,bonferroni,0.2,,False,0,0,,1082,0,0,0.0,,,,sonnet46
2026091249,rich_logistic,fixed_sequence,0.25,,False,0,0,,1082,0,0,0.0,,,,sonnet46
2026091249,rich_logistic,bonferroni,0.25,,False,0,0,,1082,0,0,0.0,,,,sonnet46
2026091249,rich_boost,fixed_sequence,0.1,,False,0,0,,1082,0,0,0.0,,,,sonnet46
2026091249,rich_boost,bonferroni,0.1,,False,0,0,,1082,0,0,0.0,,,,sonnet46
2026091249,rich_boost,fixed_sequence,0.14285714285714285,,False,0,0,,1082,0,0,0.0,,,,sonnet46
2026091249,rich_boost,bonferroni,0.14285714285714285,,False,0,0,,1082,0,0,0.0,,,,sonnet46
2026091249,rich_boost,fixed_sequence,0.2,,False,0,0,,1082,0,0,0.0,,,,sonnet46
2026091249,rich_boost,bonferroni,0.2,,False,0,0,,1082,0,0,0.0,,,,sonnet46
2026091249,rich_boost,fixed_sequence,0.25,,False,0,0,,1082,0,0,0.0,,,,sonnet46
2026091249,rich_boost,bonferroni,0.25,,False,0,0,,1082,0,0,0.0,,,,sonnet46
2026091250,raw_u,fixed_sequence,0.1,,False,0,0,,1082,0,0,0.0,,,,sonnet46
2026091250,raw_u,bonferroni,0.1,,False,0,0,,1082,0,0,0.0,,,,sonnet46
2026091250,raw_u,fixed_sequence,0.14285714285714285,,False,0,0,,1082,0,0,0.0,,,,sonnet46
2026091250,raw_u,bonferroni,0.14285714285714285,,False,0,0,,1082,0,0,0.0,,,,sonnet46
2026091250,raw_u,fixed_sequence,0.2,,False,0,0,,1082,0,0,0.0,,,,sonnet46
2026091250,raw_u,bonferroni,0.2,,False,0,0,,1082,0,0,0.0,,,,sonnet46
2026091250,raw_u,fixed_sequence,0.25,,False,0,0,,1082,0,0,0.0,,,,sonnet46
2026091250,raw_u,bonferroni,0.25,,False,0,0,,1082,0,0,0.0,,,,sonnet46
2026091250,u_boost,fixed_sequence,0.1,,False,0,0,,1082,0,0,0.0,,,,sonnet46
2026091250,u_boost,bonferroni,0.1,,False,0,0,,1082,0,0,0.0,,,,sonnet46
2026091250,u_boost,fixed_sequence,0.14285714285714285,,False,0,0,,1082,0,0,0.0,,,,sonnet46
2026091250,u_boost,bonferroni,0.14285714285714285,,False,0,0,,1082,0,0,0.0,,,,sonnet46
2026091250,u_boost,fixed_sequence,0.2,,False,0,0,,1082,0,0,0.0,,,,sonnet46
2026091250,u_boost,bonferroni,0.2,,False,0,0,,1082,0,0,0.0,,,,sonnet46
2026091250,u_boost,fixed_sequence,0.25,,False,0,0,,1082,0,0,0.0,,,,sonnet46
2026091250,u_boost,bonferroni,0.25,,False,0,0,,1082,0,0,0.0,,,,sonnet46
2026091250,rich_logistic,fixed_sequence,0.1,,False,0,0,,1082,0,0,0.0,,,,sonnet46
2026091250,rich_logistic,bonferroni,0.1,,False,0,0,,1082,0,0,0.0,,,,sonnet46
2026091250,rich_logistic,fixed_sequence,0.14285714285714285,,False,0,0,,1082,0,0,0.0,,,,sonnet46
2026091250,rich_logistic,bonferroni,0.14285714285714285,,False,0,0,,1082,0,0,0.0,,,,sonnet46
2026091250,rich_logistic,fixed_sequence,0.2,,False,0,0,,1082,0,0,0.0,,,,sonnet46
2026091250,rich_logistic,bonferroni,0.2,,False,0,0,,1082,0,0,0.0,,,,sonnet46
2026091250,rich_logistic,fixed_sequence,0.25,,False,0,0,,1082,0,0,0.0,,,,sonnet46
2026091250,rich_logistic,bonferroni,0.25,,False,0,0,,1082,0,0,0.0,,,,sonnet46
2026091250,rich_boost,fixed_sequence,0.1,,False,0,0,,1082,0,0,0.0,,,,sonnet46
2026091250,rich_boost,bonferroni,0.1,,False,0,0,,1082,0,0,0.0,,,,sonnet46
2026091250,rich_boost,fixed_sequence,0.14285714285714285,,False,0,0,,1082,0,0,0.0,,,,sonnet46
2026091250,rich_boost,bonferroni,0.14285714285714285,,False,0,0,,1082,0,0,0.0,,,,sonnet46
2026091250,rich_boost,fixed_sequence,0.2,,False,0,0,,1082,0,0,0.0,,,,sonnet46
2026091250,rich_boost,bonferroni,0.2,,False,0,0,,1082,0,0,0.0,,,,sonnet46
2026091250,rich_boost,fixed_sequence,0.25,,False,0,0,,1082,0,0,0.0,,,,sonnet46
2026091250,rich_boost,bonferroni,0.25,,False,0,0,,1082,0,0,0.0,,,,sonnet46
2026091251,raw_u,fixed_sequence,0.1,,False,0,0,,1082,0,0,0.0,,,,sonnet46
2026091251,raw_u,bonferroni,0.1,,False,0,0,,1082,0,0,0.0,,,,sonnet46
2026091251,raw_u,fixed_sequence,0.14285714285714285,,False,0,0,,1082,0,0,0.0,,,,sonnet46
2026091251,raw_u,bonferroni,0.14285714285714285,,False,0,0,,1082,0,0,0.0,,,,sonnet46
2026091251,raw_u,fixed_sequence,0.2,,False,0,0,,1082,0,0,0.0,,,,sonnet46
2026091251,raw_u,bonferroni,0.2,,False,0,0,,1082,0,0,0.0,,,,sonnet46
2026091251,raw_u,fixed_sequence,0.25,,False,0,0,,1082,0,0,0.0,,,,sonnet46
2026091251,raw_u,bonferroni,0.25,,False,0,0,,1082,0,0,0.0,,,,sonnet46
2026091251,u_boost,fixed_sequence,0.1,,False,0,0,,1082,0,0,0.0,,,,sonnet46
2026091251,u_boost,bonferroni,0.1,,False,0,0,,1082,0,0,0.0,,,,sonnet46
2026091251,u_boost,fixed_sequence,0.14285714285714285,,False,0,0,,1082,0,0,0.0,,,,sonnet46
2026091251,u_boost,bonferroni,0.14285714285714285,,False,0,0,,1082,0,0,0.0,,,,sonnet46
2026091251,u_boost,fixed_sequence,0.2,,False,0,0,,1082,0,0,0.0,,,,sonnet46
2026091251,u_boost,bonferroni,0.2,,False,0,0,,1082,0,0,0.0,,,,sonnet46
2026091251,u_boost,fixed_sequence,0.25,,False,0,0,,1082,0,0,0.0,,,,sonnet46
2026091251,u_boost,bonferroni,0.25,,False,0,0,,1082,0,0,0.0,,,,sonnet46
2026091251,rich_logistic,fixed_sequence,0.1,,False,0,0,,1082,0,0,0.0,,,,sonnet46
2026091251,rich_logistic,bonferroni,0.1,,False,0,0,,1082,0,0,0.0,,,,sonnet46
2026091251,rich_logistic,fixed_sequence,0.14285714285714285,,False,0,0,,1082,0,0,0.0,,,,sonnet46
2026091251,rich_logistic,bonferroni,0.14285714285714285,,False,0,0,,1082,0,0,0.0,,,,sonnet46
2026091251,rich_logistic,fixed_sequence,0.2,,False,0,0,,1082,0,0,0.0,,,,sonnet46
2026091251,rich_logistic,bonferroni,0.2,,False,0,0,,1082,0,0,0.0,,,,sonnet46
2026091251,rich_logistic,fixed_sequence,0.25,,False,0,0,,1082,0,0,0.0,,,,sonnet46
2026091251,rich_logistic,bonferroni,0.25,,False,0,0,,1082,0,0,0.0,,,,sonnet46
2026091251,rich_boost,fixed_sequence,0.1,,False,0,0,,1082,0,0,0.0,,,,sonnet46
2026091251,rich_boost,bonferroni,0.1,,False,0,0,,1082,0,0,0.0,,,,sonnet46
2026091251,rich_boost,fixed_sequence,0.14285714285714285,,False,0,0,,1082,0,0,0.0,,,,sonnet46
2026091251,rich_boost,bonferroni,0.14285714285714285,,False,0,0,,1082,0,0,0.0,,,,sonnet46
2026091251,rich_boost,fixed_sequence,0.2,,False,0,0,,1082,0,0,0.0,,,,sonnet46
2026091251,rich_boost,bonferroni,0.2,,False,0,0,,1082,0,0,0.0,,,,sonnet46
2026091251,rich_boost,fixed_sequence,0.25,,False,0,0,,1082,0,0,0.0,,,,sonnet46
2026091251,rich_boost,bonferroni,0.25,,False,0,0,,1082,0,0,0.0,,,,sonnet46
2026091252,raw_u,fixed_sequence,0.1,,False,0,0,,1082,0,0,0.0,,,,sonnet46
2026091252,raw_u,bonferroni,0.1,,False,0,0,,1082,0,0,0.0,,,,sonnet46
2026091252,raw_u,fixed_sequence,0.14285714285714285,,False,0,0,,1082,0,0,0.0,,,,sonnet46
2026091252,raw_u,bonferroni,0.14285714285714285,,False,0,0,,1082,0,0,0.0,,,,sonnet46
2026091252,raw_u,fixed_sequence,0.2,,False,0,0,,1082,0,0,0.0,,,,sonnet46
2026091252,raw_u,bonferroni,0.2,,False,0,0,,1082,0,0,0.0,,,,sonnet46
2026091252,raw_u,fixed_sequence,0.25,,False,0,0,,1082,0,0,0.0,,,,sonnet46
2026091252,raw_u,bonferroni,0.25,,False,0,0,,1082,0,0,0.0,,,,sonnet46
2026091252,u_boost,fixed_sequence,0.1,,False,0,0,,1082,0,0,0.0,,,,sonnet46
2026091252,u_boost,bonferroni,0.1,,False,0,0,,1082,0,0,0.0,,,,sonnet46
2026091252,u_boost,fixed_sequence,0.14285714285714285,,False,0,0,,1082,0,0,0.0,,,,sonnet46
2026091252,u_boost,bonferroni,0.14285714285714285,,False,0,0,,1082,0,0,0.0,,,,sonnet46
2026091252,u_boost,fixed_sequence,0.2,,False,0,0,,1082,0,0,0.0,,,,sonnet46
2026091252,u_boost,bonferroni,0.2,,False,0,0,,1082,0,0,0.0,,,,sonnet46
2026091252,u_boost,fixed_sequence,0.25,,False,0,0,,1082,0,0,0.0,,,,sonnet46
2026091252,u_boost,bonferroni,0.25,,False,0,0,,1082,0,0,0.0,,,,sonnet46
2026091252,rich_logistic,fixed_sequence,0.1,,False,0,0,,1082,0,0,0.0,,,,sonnet46
2026091252,rich_logistic,bonferroni,0.1,,False,0,0,,1082,0,0,0.0,,,,sonnet46
2026091252,rich_logistic,fixed_sequence,0.14285714285714285,,False,0,0,,1082,0,0,0.0,,,,sonnet46
2026091252,rich_logistic,bonferroni,0.14285714285714285,,False,0,0,,1082,0,0,0.0,,,,sonnet46
2026091252,rich_logistic,fixed_sequence,0.2,,False,0,0,,1082,0,0,0.0,,,,sonnet46
2026091252,rich_logistic,bonferroni,0.2,,False,0,0,,1082,0,0,0.0,,,,sonnet46
2026091252,rich_logistic,fixed_sequence,0.25,,False,0,0,,1082,0,0,0.0,,,,sonnet46
2026091252,rich_logistic,bonferroni,0.25,,False,0,0,,1082,0,0,0.0,,,,sonnet46
2026091252,rich_boost,fixed_sequence,0.1,,False,0,0,,1082,0,0,0.0,,,,sonnet46
2026091252,rich_boost,bonferroni,0.1,,False,0,0,,1082,0,0,0.0,,,,sonnet46
2026091252,rich_boost,fixed_sequence,0.14285714285714285,,False,0,0,,1082,0,0,0.0,,,,sonnet46
2026091252,rich_boost,bonferroni,0.14285714285714285,,False,0,0,,1082,0,0,0.0,,,,sonnet46
2026091252,rich_boost,fixed_sequence,0.2,,False,0,0,,1082,0,0,0.0,,,,sonnet46
2026091252,rich_boost,bonferroni,0.2,,False,0,0,,1082,0,0,0.0,,,,sonnet46
2026091252,rich_boost,fixed_sequence,0.25,,False,0,0,,1082,0,0,0.0,,,,sonnet46
2026091252,rich_boost,bonferroni,0.25,,False,0,0,,1082,0,0,0.0,,,,sonnet46
2026091253,raw_u,fixed_sequence,0.1,,False,0,0,,1082,0,0,0.0,,,,sonnet46
2026091253,raw_u,bonferroni,0.1,,False,0,0,,1082,0,0,0.0,,,,sonnet46
2026091253,raw_u,fixed_sequence,0.14285714285714285,,False,0,0,,1082,0,0,0.0,,,,sonnet46
2026091253,raw_u,bonferroni,0.14285714285714285,,False,0,0,,1082,0,0,0.0,,,,sonnet46
2026091253,raw_u,fixed_sequence,0.2,,False,0,0,,1082,0,0,0.0,,,,sonnet46
2026091253,raw_u,bonferroni,0.2,,False,0,0,,1082,0,0,0.0,,,,sonnet46
2026091253,raw_u,fixed_sequence,0.25,,False,0,0,,1082,0,0,0.0,,,,sonnet46
2026091253,raw_u,bonferroni,0.25,,False,0,0,,1082,0,0,0.0,,,,sonnet46
2026091253,u_boost,fixed_sequence,0.1,,False,0,0,,1082,0,0,0.0,,,,sonnet46
2026091253,u_boost,bonferroni,0.1,,False,0,0,,1082,0,0,0.0,,,,sonnet46
2026091253,u_boost,fixed_sequence,0.14285714285714285,,False,0,0,,1082,0,0,0.0,,,,sonnet46
2026091253,u_boost,bonferroni,0.14285714285714285,,False,0,0,,1082,0,0,0.0,,,,sonnet46
2026091253,u_boost,fixed_sequence,0.2,,False,0,0,,1082,0,0,0.0,,,,sonnet46
2026091253,u_boost,bonferroni,0.2,,False,0,0,,1082,0,0,0.0,,,,sonnet46
2026091253,u_boost,fixed_sequence,0.25,,False,0,0,,1082,0,0,0.0,,,,sonnet46
2026091253,u_boost,bonferroni,0.25,,False,0,0,,1082,0,0,0.0,,,,sonnet46
2026091253,rich_logistic,fixed_sequence,0.1,,False,0,0,,1082,0,0,0.0,,,,sonnet46
2026091253,rich_logistic,bonferroni,0.1,,False,0,0,,1082,0,0,0.0,,,,sonnet46
2026091253,rich_logistic,fixed_sequence,0.14285714285714285,,False,0,0,,1082,0,0,0.0,,,,sonnet46
2026091253,rich_logistic,bonferroni,0.14285714285714285,,False,0,0,,1082,0,0,0.0,,,,sonnet46
2026091253,rich_logistic,fixed_sequence,0.2,,False,0,0,,1082,0,0,0.0,,,,sonnet46
2026091253,rich_logistic,bonferroni,0.2,,False,0,0,,1082,0,0,0.0,,,,sonnet46
2026091253,rich_logistic,fixed_sequence,0.25,,False,0,0,,1082,0,0,0.0,,,,sonnet46
2026091253,rich_logistic,bonferroni,0.25,,False,0,0,,1082,0,0,0.0,,,,sonnet46
2026091253,rich_boost,fixed_sequence,0.1,,False,0,0,,1082,0,0,0.0,,,,sonnet46
2026091253,rich_boost,bonferroni,0.1,,False,0,0,,1082,0,0,0.0,,,,sonnet46
2026091253,rich_boost,fixed_sequence,0.14285714285714285,,False,0,0,,1082,0,0,0.0,,,,sonnet46
2026091253,rich_boost,bonferroni,0.14285714285714285,,False,0,0,,1082,0,0,0.0,,,,sonnet46
2026091253,rich_boost,fixed_sequence,0.2,,False,0,0,,1082,0,0,0.0,,,,sonnet46
2026091253,rich_boost,bonferroni,0.2,,False,0,0,,1082,0,0,0.0,,,,sonnet46
2026091253,rich_boost,fixed_sequence,0.25,,False,0,0,,1082,0,0,0.0,,,,sonnet46
2026091253,rich_boost,bonferroni,0.25,,False,0,0,,1082,0,0,0.0,,,,sonnet46
2026091254,raw_u,fixed_sequence,0.1,,False,0,0,,1082,0,0,0.0,,,,sonnet46
2026091254,raw_u,bonferroni,0.1,,False,0,0,,1082,0,0,0.0,,,,sonnet46
2026091254,raw_u,fixed_sequence,0.14285714285714285,,False,0,0,,1082,0,0,0.0,,,,sonnet46
2026091254,raw_u,bonferroni,0.14285714285714285,,False,0,0,,1082,0,0,0.0,,,,sonnet46
2026091254,raw_u,fixed_sequence,0.2,,False,0,0,,1082,0,0,0.0,,,,sonnet46
2026091254,raw_u,bonferroni,0.2,,False,0,0,,1082,0,0,0.0,,,,sonnet46
2026091254,raw_u,fixed_sequence,0.25,,False,0,0,,1082,0,0,0.0,,,,sonnet46
2026091254,raw_u,bonferroni,0.25,,False,0,0,,1082,0,0,0.0,,,,sonnet46
2026091254,u_boost,fixed_sequence,0.1,,False,0,0,,1082,0,0,0.0,,,,sonnet46
2026091254,u_boost,bonferroni,0.1,,False,0,0,,1082,0,0,0.0,,,,sonnet46
2026091254,u_boost,fixed_sequence,0.14285714285714285,,False,0,0,,1082,0,0,0.0,,,,sonnet46
2026091254,u_boost,bonferroni,0.14285714285714285,,False,0,0,,1082,0,0,0.0,,,,sonnet46
2026091254,u_boost,fixed_sequence,0.2,,False,0,0,,1082,0,0,0.0,,,,sonnet46
2026091254,u_boost,bonferroni,0.2,,False,0,0,,1082,0,0,0.0,,,,sonnet46
2026091254,u_boost,fixed_sequence,0.25,,False,0,0,,1082,0,0,0.0,,,,sonnet46
2026091254,u_boost,bonferroni,0.25,,False,0,0,,1082,0,0,0.0,,,,sonnet46
2026091254,rich_logistic,fixed_sequence,0.1,,False,0,0,,1082,0,0,0.0,,,,sonnet46
2026091254,rich_logistic,bonferroni,0.1,,False,0,0,,1082,0,0,0.0,,,,sonnet46
2026091254,rich_logistic,fixed_sequence,0.14285714285714285,,False,0,0,,1082,0,0,0.0,,,,sonnet46
2026091254,rich_logistic,bonferroni,0.14285714285714285,,False,0,0,,1082,0,0,0.0,,,,sonnet46
2026091254,rich_logistic,fixed_sequence,0.2,,False,0,0,,1082,0,0,0.0,,,,sonnet46
2026091254,rich_logistic,bonferroni,0.2,,False,0,0,,1082,0,0,0.0,,,,sonnet46
2026091254,rich_logistic,fixed_sequence,0.25,,False,0,0,,1082,0,0,0.0,,,,sonnet46
2026091254,rich_logistic,bonferroni,0.25,,False,0,0,,1082,0,0,0.0,,,,sonnet46
2026091254,rich_boost,fixed_sequence,0.1,,False,0,0,,1082,0,0,0.0,,,,sonnet46
2026091254,rich_boost,bonferroni,0.1,,False,0,0,,1082,0,0,0.0,,,,sonnet46
2026091254,rich_boost,fixed_sequence,0.14285714285714285,,False,0,0,,1082,0,0,0.0,,,,sonnet46
2026091254,rich_boost,bonferroni,0.14285714285714285,,False,0,0,,1082,0,0,0.0,,,,sonnet46
2026091254,rich_boost,fixed_sequence,0.2,,False,0,0,,1082,0,0,0.0,,,,sonnet46
2026091254,rich_boost,bonferroni,0.2,,False,0,0,,1082,0,0,0.0,,,,sonnet46
2026091254,rich_boost,fixed_sequence,0.25,,False,0,0,,1082,0,0,0.0,,,,sonnet46
2026091254,rich_boost,bonferroni,0.25,,False,0,0,,1082,0,0,0.0,,,,sonnet46
2026091255,raw_u,fixed_sequence,0.1,,False,0,0,,1082,0,0,0.0,,,,sonnet46
2026091255,raw_u,bonferroni,0.1,,False,0,0,,1082,0,0,0.0,,,,sonnet46
2026091255,raw_u,fixed_sequence,0.14285714285714285,,False,0,0,,1082,0,0,0.0,,,,sonnet46
2026091255,raw_u,bonferroni,0.14285714285714285,,False,0,0,,1082,0,0,0.0,,,,sonnet46
2026091255,raw_u,fixed_sequence,0.2,,False,0,0,,1082,0,0,0.0,,,,sonnet46
2026091255,raw_u,bonferroni,0.2,,False,0,0,,1082,0,0,0.0,,,,sonnet46
2026091255,raw_u,fixed_sequence,0.25,,False,0,0,,1082,0,0,0.0,,,,sonnet46
2026091255,raw_u,bonferroni,0.25,,False,0,0,,1082,0,0,0.0,,,,sonnet46
2026091255,u_boost,fixed_sequence,0.1,,False,0,0,,1082,0,0,0.0,,,,sonnet46
2026091255,u_boost,bonferroni,0.1,,False,0,0,,1082,0,0,0.0,,,,sonnet46
2026091255,u_boost,fixed_sequence,0.14285714285714285,,False,0,0,,1082,0,0,0.0,,,,sonnet46
2026091255,u_boost,bonferroni,0.14285714285714285,,False,0,0,,1082,0,0,0.0,,,,sonnet46
2026091255,u_boost,fixed_sequence,0.2,,False,0,0,,1082,0,0,0.0,,,,sonnet46
2026091255,u_boost,bonferroni,0.2,,False,0,0,,1082,0,0,0.0,,,,sonnet46
2026091255,u_boost,fixed_sequence,0.25,,False,0,0,,1082,0,0,0.0,,,,sonnet46
2026091255,u_boost,bonferroni,0.25,,False,0,0,,1082,0,0,0.0,,,,sonnet46
2026091255,rich_logistic,fixed_sequence,0.1,,False,0,0,,1082,0,0,0.0,,,,sonnet46
2026091255,rich_logistic,bonferroni,0.1,,False,0,0,,1082,0,0,0.0,,,,sonnet46
2026091255,rich_logistic,fixed_sequence,0.14285714285714285,,False,0,0,,1082,0,0,0.0,,,,sonnet46
2026091255,rich_logistic,bonferroni,0.14285714285714285,,False,0,0,,1082,0,0,0.0,,,,sonnet46
2026091255,rich_logistic,fixed_sequence,0.2,,False,0,0,,1082,0,0,0.0,,,,sonnet46
2026091255,rich_logistic,bonferroni,0.2,,False,0,0,,1082,0,0,0.0,,,,sonnet46
2026091255,rich_logistic,fixed_sequence,0.25,,False,0,0,,1082,0,0,0.0,,,,sonnet46
2026091255,rich_logistic,bonferroni,0.25,,False,0,0,,1082,0,0,0.0,,,,sonnet46
2026091255,rich_boost,fixed_sequence,0.1,,False,0,0,,1082,0,0,0.0,,,,sonnet46
2026091255,rich_boost,bonferroni,0.1,,False,0,0,,1082,0,0,0.0,,,,sonnet46
2026091255,rich_boost,fixed_sequence,0.14285714285714285,,False,0,0,,1082,0,0,0.0,,,,sonnet46
2026091255,rich_boost,bonferroni,0.14285714285714285,,False,0,0,,1082,0,0,0.0,,,,sonnet46
2026091255,rich_boost,fixed_sequence,0.2,,False,0,0,,1082,0,0,0.0,,,,sonnet46
2026091255,rich_boost,bonferroni,0.2,,False,0,0,,1082,0,0,0.0,,,,sonnet46
2026091255,rich_boost,fixed_sequence,0.25,,False,0,0,,1082,0,0,0.0,,,,sonnet46
2026091255,rich_boost,bonferroni,0.25,,False,0,0,,1082,0,0,0.0,,,,sonnet46
2026091256,raw_u,fixed_sequence,0.1,,False,0,0,,1082,0,0,0.0,,,,sonnet46
2026091256,raw_u,bonferroni,0.1,,False,0,0,,1082,0,0,0.0,,,,sonnet46
2026091256,raw_u,fixed_sequence,0.14285714285714285,,False,0,0,,1082,0,0,0.0,,,,sonnet46
2026091256,raw_u,bonferroni,0.14285714285714285,,False,0,0,,1082,0,0,0.0,,,,sonnet46
2026091256,raw_u,fixed_sequence,0.2,,False,0,0,,1082,0,0,0.0,,,,sonnet46
2026091256,raw_u,bonferroni,0.2,,False,0,0,,1082,0,0,0.0,,,,sonnet46
2026091256,raw_u,fixed_sequence,0.25,,False,0,0,,1082,0,0,0.0,,,,sonnet46
2026091256,raw_u,bonferroni,0.25,,False,0,0,,1082,0,0,0.0,,,,sonnet46
2026091256,u_boost,fixed_sequence,0.1,,False,0,0,,1082,0,0,0.0,,,,sonnet46
2026091256,u_boost,bonferroni,0.1,,False,0,0,,1082,0,0,0.0,,,,sonnet46
2026091256,u_boost,fixed_sequence,0.14285714285714285,,False,0,0,,1082,0,0,0.0,,,,sonnet46
2026091256,u_boost,bonferroni,0.14285714285714285,,False,0,0,,1082,0,0,0.0,,,,sonnet46
2026091256,u_boost,fixed_sequence,0.2,,False,0,0,,1082,0,0,0.0,,,,sonnet46
2026091256,u_boost,bonferroni,0.2,,False,0,0,,1082,0,0,0.0,,,,sonnet46
2026091256,u_boost,fixed_sequence,0.25,,False,0,0,,1082,0,0,0.0,,,,sonnet46
2026091256,u_boost,bonferroni,0.25,,False,0,0,,1082,0,0,0.0,,,,sonnet46
2026091256,rich_logistic,fixed_sequence,0.1,,False,0,0,,1082,0,0,0.0,,,,sonnet46
2026091256,rich_logistic,bonferroni,0.1,,False,0,0,,1082,0,0,0.0,,,,sonnet46
2026091256,rich_logistic,fixed_sequence,0.14285714285714285,,False,0,0,,1082,0,0,0.0,,,,sonnet46
2026091256,rich_logistic,bonferroni,0.14285714285714285,,False,0,0,,1082,0,0,0.0,,,,sonnet46
2026091256,rich_logistic,fixed_sequence,0.2,,False,0,0,,1082,0,0,0.0,,,,sonnet46
2026091256,rich_logistic,bonferroni,0.2,,False,0,0,,1082,0,0,0.0,,,,sonnet46
2026091256,rich_logistic,fixed_sequence,0.25,,False,0,0,,1082,0,0,0.0,,,,sonnet46
2026091256,rich_logistic,bonferroni,0.25,,False,0,0,,1082,0,0,0.0,,,,sonnet46
2026091256,rich_boost,fixed_sequence,0.1,,False,0,0,,1082,0,0,0.0,,,,sonnet46
2026091256,rich_boost,bonferroni,0.1,,False,0,0,,1082,0,0,0.0,,,,sonnet46
2026091256,rich_boost,fixed_sequence,0.14285714285714285,,False,0,0,,1082,0,0,0.0,,,,sonnet46
2026091256,rich_boost,bonferroni,0.14285714285714285,,False,0,0,,1082,0,0,0.0,,,,sonnet46
2026091256,rich_boost,fixed_sequence,0.2,,False,0,0,,1082,0,0,0.0,,,,sonnet46
2026091256,rich_boost,bonferroni,0.2,,False,0,0,,1082,0,0,0.0,,,,sonnet46
2026091256,rich_boost,fixed_sequence,0.25,,False,0,0,,1082,0,0,0.0,,,,sonnet46
2026091256,rich_boost,bonferroni,0.25,,False,0,0,,1082,0,0,0.0,,,,sonnet46
2026091257,raw_u,fixed_sequence,0.1,,False,0,0,,1082,0,0,0.0,,,,sonnet46
2026091257,raw_u,bonferroni,0.1,,False,0,0,,1082,0,0,0.0,,,,sonnet46
2026091257,raw_u,fixed_sequence,0.14285714285714285,,False,0,0,,1082,0,0,0.0,,,,sonnet46
2026091257,raw_u,bonferroni,0.14285714285714285,,False,0,0,,1082,0,0,0.0,,,,sonnet46
2026091257,raw_u,fixed_sequence,0.2,,False,0,0,,1082,0,0,0.0,,,,sonnet46
2026091257,raw_u,bonferroni,0.2,,False,0,0,,1082,0,0,0.0,,,,sonnet46
2026091257,raw_u,fixed_sequence,0.25,,False,0,0,,1082,0,0,0.0,,,,sonnet46
2026091257,raw_u,bonferroni,0.25,,False,0,0,,1082,0,0,0.0,,,,sonnet46
2026091257,u_boost,fixed_sequence,0.1,,False,0,0,,1082,0,0,0.0,,,,sonnet46
2026091257,u_boost,bonferroni,0.1,,False,0,0,,1082,0,0,0.0,,,,sonnet46
2026091257,u_boost,fixed_sequence,0.14285714285714285,,False,0,0,,1082,0,0,0.0,,,,sonnet46
2026091257,u_boost,bonferroni,0.14285714285714285,,False,0,0,,1082,0,0,0.0,,,,sonnet46
2026091257,u_boost,fixed_sequence,0.2,,False,0,0,,1082,0,0,0.0,,,,sonnet46
2026091257,u_boost,bonferroni,0.2,,False,0,0,,1082,0,0,0.0,,,,sonnet46
2026091257,u_boost,fixed_sequence,0.25,,False,0,0,,1082,0,0,0.0,,,,sonnet46
2026091257,u_boost,bonferroni,0.25,,False,0,0,,1082,0,0,0.0,,,,sonnet46
2026091257,rich_logistic,fixed_sequence,0.1,,False,0,0,,1082,0,0,0.0,,,,sonnet46
2026091257,rich_logistic,bonferroni,0.1,,False,0,0,,1082,0,0,0.0,,,,sonnet46
2026091257,rich_logistic,fixed_sequence,0.14285714285714285,,False,0,0,,1082,0,0,0.0,,,,sonnet46
2026091257,rich_logistic,bonferroni,0.14285714285714285,,False,0,0,,1082,0,0,0.0,,,,sonnet46
2026091257,rich_logistic,fixed_sequence,0.2,,False,0,0,,1082,0,0,0.0,,,,sonnet46
2026091257,rich_logistic,bonferroni,0.2,,False,0,0,,1082,0,0,0.0,,,,sonnet46
2026091257,rich_logistic,fixed_sequence,0.25,,False,0,0,,1082,0,0,0.0,,,,sonnet46
2026091257,rich_logistic,bonferroni,0.25,,False,0,0,,1082,0,0,0.0,,,,sonnet46
2026091257,rich_boost,fixed_sequence,0.1,,False,0,0,,1082,0,0,0.0,,,,sonnet46
2026091257,rich_boost,bonferroni,0.1,,False,0,0,,1082,0,0,0.0,,,,sonnet46
2026091257,rich_boost,fixed_sequence,0.14285714285714285,,False,0,0,,1082,0,0,0.0,,,,sonnet46
2026091257,rich_boost,bonferroni,0.14285714285714285,,False,0,0,,1082,0,0,0.0,,,,sonnet46
2026091257,rich_boost,fixed_sequence,0.2,,False,0,0,,1082,0,0,0.0,,,,sonnet46
2026091257,rich_boost,bonferroni,0.2,,False,0,0,,1082,0,0,0.0,,,,sonnet46
2026091257,rich_boost,fixed_sequence,0.25,,False,0,0,,1082,0,0,0.0,,,,sonnet46
2026091257,rich_boost,bonferroni,0.25,,False,0,0,,1082,0,0,0.0,,,,sonnet46
2026091258,raw_u,fixed_sequence,0.1,,False,0,0,,1082,0,0,0.0,,,,sonnet46
2026091258,raw_u,bonferroni,0.1,,False,0,0,,1082,0,0,0.0,,,,sonnet46
2026091258,raw_u,fixed_sequence,0.14285714285714285,,False,0,0,,1082,0,0,0.0,,,,sonnet46
2026091258,raw_u,bonferroni,0.14285714285714285,,False,0,0,,1082,0,0,0.0,,,,sonnet46
2026091258,raw_u,fixed_sequence,0.2,,False,0,0,,1082,0,0,0.0,,,,sonnet46
2026091258,raw_u,bonferroni,0.2,,False,0,0,,1082,0,0,0.0,,,,sonnet46
2026091258,raw_u,fixed_sequence,0.25,,False,0,0,,1082,0,0,0.0,,,,sonnet46
2026091258,raw_u,bonferroni,0.25,,False,0,0,,1082,0,0,0.0,,,,sonnet46
2026091258,u_boost,fixed_sequence,0.1,,False,0,0,,1082,0,0,0.0,,,,sonnet46
2026091258,u_boost,bonferroni,0.1,,False,0,0,,1082,0,0,0.0,,,,sonnet46
2026091258,u_boost,fixed_sequence,0.14285714285714285,,False,0,0,,1082,0,0,0.0,,,,sonnet46
2026091258,u_boost,bonferroni,0.14285714285714285,,False,0,0,,1082,0,0,0.0,,,,sonnet46
2026091258,u_boost,fixed_sequence,0.2,,False,0,0,,1082,0,0,0.0,,,,sonnet46
2026091258,u_boost,bonferroni,0.2,,False,0,0,,1082,0,0,0.0,,,,sonnet46
2026091258,u_boost,fixed_sequence,0.25,,False,0,0,,1082,0,0,0.0,,,,sonnet46
2026091258,u_boost,bonferroni,0.25,,False,0,0,,1082,0,0,0.0,,,,sonnet46
2026091258,rich_logistic,fixed_sequence,0.1,,False,0,0,,1082,0,0,0.0,,,,sonnet46
2026091258,rich_logistic,bonferroni,0.1,,False,0,0,,1082,0,0,0.0,,,,sonnet46
2026091258,rich_logistic,fixed_sequence,0.14285714285714285,,False,0,0,,1082,0,0,0.0,,,,sonnet46
2026091258,rich_logistic,bonferroni,0.14285714285714285,,False,0,0,,1082,0,0,0.0,,,,sonnet46
2026091258,rich_logistic,fixed_sequence,0.2,,False,0,0,,1082,0,0,0.0,,,,sonnet46
2026091258,rich_logistic,bonferroni,0.2,,False,0,0,,1082,0,0,0.0,,,,sonnet46
2026091258,rich_logistic,fixed_sequence,0.25,,False,0,0,,1082,0,0,0.0,,,,sonnet46
2026091258,rich_logistic,bonferroni,0.25,,False,0,0,,1082,0,0,0.0,,,,sonnet46
2026091258,rich_boost,fixed_sequence,0.1,,False,0,0,,1082,0,0,0.0,,,,sonnet46
2026091258,rich_boost,bonferroni,0.1,,False,0,0,,1082,0,0,0.0,,,,sonnet46
2026091258,rich_boost,fixed_sequence,0.14285714285714285,,False,0,0,,1082,0,0,0.0,,,,sonnet46
2026091258,rich_boost,bonferroni,0.14285714285714285,,False,0,0,,1082,0,0,0.0,,,,sonnet46
2026091258,rich_boost,fixed_sequence,0.2,,False,0,0,,1082,0,0,0.0,,,,sonnet46
2026091258,rich_boost,bonferroni,0.2,,False,0,0,,1082,0,0,0.0,,,,sonnet46
2026091258,rich_boost,fixed_sequence,0.25,,False,0,0,,1082,0,0,0.0,,,,sonnet46
2026091258,rich_boost,bonferroni,0.25,,False,0,0,,1082,0,0,0.0,,,,sonnet46
2026091259,raw_u,fixed_sequence,0.1,,False,0,0,,1082,0,0,0.0,,,,sonnet46
2026091259,raw_u,bonferroni,0.1,,False,0,0,,1082,0,0,0.0,,,,sonnet46
2026091259,raw_u,fixed_sequence,0.14285714285714285,,False,0,0,,1082,0,0,0.0,,,,sonnet46
2026091259,raw_u,bonferroni,0.14285714285714285,,False,0,0,,1082,0,0,0.0,,,,sonnet46
2026091259,raw_u,fixed_sequence,0.2,,False,0,0,,1082,0,0,0.0,,,,sonnet46
2026091259,raw_u,bonferroni,0.2,,False,0,0,,1082,0,0,0.0,,,,sonnet46
2026091259,raw_u,fixed_sequence,0.25,,False,0,0,,1082,0,0,0.0,,,,sonnet46
2026091259,raw_u,bonferroni,0.25,,False,0,0,,1082,0,0,0.0,,,,sonnet46
2026091259,u_boost,fixed_sequence,0.1,,False,0,0,,1082,0,0,0.0,,,,sonnet46
2026091259,u_boost,bonferroni,0.1,,False,0,0,,1082,0,0,0.0,,,,sonnet46
2026091259,u_boost,fixed_sequence,0.14285714285714285,,False,0,0,,1082,0,0,0.0,,,,sonnet46
2026091259,u_boost,bonferroni,0.14285714285714285,,False,0,0,,1082,0,0,0.0,,,,sonnet46
2026091259,u_boost,fixed_sequence,0.2,,False,0,0,,1082,0,0,0.0,,,,sonnet46
2026091259,u_boost,bonferroni,0.2,,False,0,0,,1082,0,0,0.0,,,,sonnet46
2026091259,u_boost,fixed_sequence,0.25,,False,0,0,,1082,0,0,0.0,,,,sonnet46
2026091259,u_boost,bonferroni,0.25,,False,0,0,,1082,0,0,0.0,,,,sonnet46
2026091259,rich_logistic,fixed_sequence,0.1,,False,0,0,,1082,0,0,0.0,,,,sonnet46
2026091259,rich_logistic,bonferroni,0.1,,False,0,0,,1082,0,0,0.0,,,,sonnet46
2026091259,rich_logistic,fixed_sequence,0.14285714285714285,,False,0,0,,1082,0,0,0.0,,,,sonnet46
2026091259,rich_logistic,bonferroni,0.14285714285714285,,False,0,0,,1082,0,0,0.0,,,,sonnet46
2026091259,rich_logistic,fixed_sequence,0.2,,False,0,0,,1082,0,0,0.0,,,,sonnet46
2026091259,rich_logistic,bonferroni,0.2,,False,0,0,,1082,0,0,0.0,,,,sonnet46
2026091259,rich_logistic,fixed_sequence,0.25,,False,0,0,,1082,0,0,0.0,,,,sonnet46
2026091259,rich_logistic,bonferroni,0.25,,False,0,0,,1082,0,0,0.0,,,,sonnet46
2026091259,rich_boost,fixed_sequence,0.1,,False,0,0,,1082,0,0,0.0,,,,sonnet46
2026091259,rich_boost,bonferroni,0.1,,False,0,0,,1082,0,0,0.0,,,,sonnet46
2026091259,rich_boost,fixed_sequence,0.14285714285714285,,False,0,0,,1082,0,0,0.0,,,,sonnet46
2026091259,rich_boost,bonferroni,0.14285714285714285,,False,0,0,,1082,0,0,0.0,,,,sonnet46
2026091259,rich_boost,fixed_sequence,0.2,,False,0,0,,1082,0,0,0.0,,,,sonnet46
2026091259,rich_boost,bonferroni,0.2,,False,0,0,,1082,0,0,0.0,,,,sonnet46
2026091259,rich_boost,fixed_sequence,0.25,,False,0,0,,1082,0,0,0.0,,,,sonnet46
2026091259,rich_boost,bonferroni,0.25,,False,0,0,,1082,0,0,0.0,,,,sonnet46
2026091260,raw_u,fixed_sequence,0.1,,False,0,0,,1082,0,0,0.0,,,,sonnet46
2026091260,raw_u,bonferroni,0.1,,False,0,0,,1082,0,0,0.0,,,,sonnet46
2026091260,raw_u,fixed_sequence,0.14285714285714285,,False,0,0,,1082,0,0,0.0,,,,sonnet46
2026091260,raw_u,bonferroni,0.14285714285714285,,False,0,0,,1082,0,0,0.0,,,,sonnet46
2026091260,raw_u,fixed_sequence,0.2,,False,0,0,,1082,0,0,0.0,,,,sonnet46
2026091260,raw_u,bonferroni,0.2,,False,0,0,,1082,0,0,0.0,,,,sonnet46
2026091260,raw_u,fixed_sequence,0.25,,False,0,0,,1082,0,0,0.0,,,,sonnet46
2026091260,raw_u,bonferroni,0.25,,False,0,0,,1082,0,0,0.0,,,,sonnet46
2026091260,u_boost,fixed_sequence,0.1,,False,0,0,,1082,0,0,0.0,,,,sonnet46
2026091260,u_boost,bonferroni,0.1,,False,0,0,,1082,0,0,0.0,,,,sonnet46
2026091260,u_boost,fixed_sequence,0.14285714285714285,,False,0,0,,1082,0,0,0.0,,,,sonnet46
2026091260,u_boost,bonferroni,0.14285714285714285,,False,0,0,,1082,0,0,0.0,,,,sonnet46
2026091260,u_boost,fixed_sequence,0.2,,False,0,0,,1082,0,0,0.0,,,,sonnet46
2026091260,u_boost,bonferroni,0.2,,False,0,0,,1082,0,0,0.0,,,,sonnet46
2026091260,u_boost,fixed_sequence,0.25,,False,0,0,,1082,0,0,0.0,,,,sonnet46
2026091260,u_boost,bonferroni,0.25,,False,0,0,,1082,0,0,0.0,,,,sonnet46
2026091260,rich_logistic,fixed_sequence,0.1,,False,0,0,,1082,0,0,0.0,,,,sonnet46
2026091260,rich_logistic,bonferroni,0.1,,False,0,0,,1082,0,0,0.0,,,,sonnet46
2026091260,rich_logistic,fixed_sequence,0.14285714285714285,,False,0,0,,1082,0,0,0.0,,,,sonnet46
2026091260,rich_logistic,bonferroni,0.14285714285714285,,False,0,0,,1082,0,0,0.0,,,,sonnet46
2026091260,rich_logistic,fixed_sequence,0.2,,False,0,0,,1082,0,0,0.0,,,,sonnet46
2026091260,rich_logistic,bonferroni,0.2,,False,0,0,,1082,0,0,0.0,,,,sonnet46
2026091260,rich_logistic,fixed_sequence,0.25,,False,0,0,,1082,0,0,0.0,,,,sonnet46
2026091260,rich_logistic,bonferroni,0.25,,False,0,0,,1082,0,0,0.0,,,,sonnet46
2026091260,rich_boost,fixed_sequence,0.1,,False,0,0,,1082,0,0,0.0,,,,sonnet46
2026091260,rich_boost,bonferroni,0.1,,False,0,0,,1082,0,0,0.0,,,,sonnet46
2026091260,rich_boost,fixed_sequence,0.14285714285714285,,False,0,0,,1082,0,0,0.0,,,,sonnet46
2026091260,rich_boost,bonferroni,0.14285714285714285,,False,0,0,,1082,0,0,0.0,,,,sonnet46
2026091260,rich_boost,fixed_sequence,0.2,,False,0,0,,1082,0,0,0.0,,,,sonnet46
2026091260,rich_boost,bonferroni,0.2,,False,0,0,,1082,0,0,0.0,,,,sonnet46
2026091260,rich_boost,fixed_sequence,0.25,,False,0,0,,1082,0,0,0.0,,,,sonnet46
2026091260,rich_boost,bonferroni,0.25,,False,0,0,,1082,0,0,0.0,,,,sonnet46
2026091261,raw_u,fixed_sequence,0.1,,False,0,0,,1082,0,0,0.0,,,,sonnet46
2026091261,raw_u,bonferroni,0.1,,False,0,0,,1082,0,0,0.0,,,,sonnet46
2026091261,raw_u,fixed_sequence,0.14285714285714285,,False,0,0,,1082,0,0,0.0,,,,sonnet46
2026091261,raw_u,bonferroni,0.14285714285714285,,False,0,0,,1082,0,0,0.0,,,,sonnet46
2026091261,raw_u,fixed_sequence,0.2,,False,0,0,,1082,0,0,0.0,,,,sonnet46
2026091261,raw_u,bonferroni,0.2,,False,0,0,,1082,0,0,0.0,,,,sonnet46
2026091261,raw_u,fixed_sequence,0.25,,False,0,0,,1082,0,0,0.0,,,,sonnet46
2026091261,raw_u,bonferroni,0.25,,False,0,0,,1082,0,0,0.0,,,,sonnet46
2026091261,u_boost,fixed_sequence,0.1,,False,0,0,,1082,0,0,0.0,,,,sonnet46
2026091261,u_boost,bonferroni,0.1,,False,0,0,,1082,0,0,0.0,,,,sonnet46
2026091261,u_boost,fixed_sequence,0.14285714285714285,,False,0,0,,1082,0,0,0.0,,,,sonnet46
2026091261,u_boost,bonferroni,0.14285714285714285,,False,0,0,,1082,0,0,0.0,,,,sonnet46
2026091261,u_boost,fixed_sequence,0.2,,False,0,0,,1082,0,0,0.0,,,,sonnet46
2026091261,u_boost,bonferroni,0.2,,False,0,0,,1082,0,0,0.0,,,,sonnet46
2026091261,u_boost,fixed_sequence,0.25,,False,0,0,,1082,0,0,0.0,,,,sonnet46
2026091261,u_boost,bonferroni,0.25,,False,0,0,,1082,0,0,0.0,,,,sonnet46
2026091261,rich_logistic,fixed_sequence,0.1,,False,0,0,,1082,0,0,0.0,,,,sonnet46
2026091261,rich_logistic,bonferroni,0.1,,False,0,0,,1082,0,0,0.0,,,,sonnet46
2026091261,rich_logistic,fixed_sequence,0.14285714285714285,,False,0,0,,1082,0,0,0.0,,,,sonnet46
2026091261,rich_logistic,bonferroni,0.14285714285714285,,False,0,0,,1082,0,0,0.0,,,,sonnet46
2026091261,rich_logistic,fixed_sequence,0.2,,False,0,0,,1082,0,0,0.0,,,,sonnet46
2026091261,rich_logistic,bonferroni,0.2,,False,0,0,,1082,0,0,0.0,,,,sonnet46
2026091261,rich_logistic,fixed_sequence,0.25,,False,0,0,,1082,0,0,0.0,,,,sonnet46
2026091261,rich_logistic,bonferroni,0.25,,False,0,0,,1082,0,0,0.0,,,,sonnet46
2026091261,rich_boost,fixed_sequence,0.1,,False,0,0,,1082,0,0,0.0,,,,sonnet46
2026091261,rich_boost,bonferroni,0.1,,False,0,0,,1082,0,0,0.0,,,,sonnet46
2026091261,rich_boost,fixed_sequence,0.14285714285714285,,False,0,0,,1082,0,0,0.0,,,,sonnet46
2026091261,rich_boost,bonferroni,0.14285714285714285,,False,0,0,,1082,0,0,0.0,,,,sonnet46
2026091261,rich_boost,fixed_sequence,0.2,,False,0,0,,1082,0,0,0.0,,,,sonnet46
2026091261,rich_boost,bonferroni,0.2,,False,0,0,,1082,0,0,0.0,,,,sonnet46
2026091261,rich_boost,fixed_sequence,0.25,,False,0,0,,1082,0,0,0.0,,,,sonnet46
2026091261,rich_boost,bonferroni,0.25,,False,0,0,,1082,0,0,0.0,,,,sonnet46
2026091262,raw_u,fixed_sequence,0.1,,False,0,0,,1082,0,0,0.0,,,,sonnet46
2026091262,raw_u,bonferroni,0.1,,False,0,0,,1082,0,0,0.0,,,,sonnet46
2026091262,raw_u,fixed_sequence,0.14285714285714285,,False,0,0,,1082,0,0,0.0,,,,sonnet46
2026091262,raw_u,bonferroni,0.14285714285714285,,False,0,0,,1082,0,0,0.0,,,,sonnet46
2026091262,raw_u,fixed_sequence,0.2,,False,0,0,,1082,0,0,0.0,,,,sonnet46
2026091262,raw_u,bonferroni,0.2,,False,0,0,,1082,0,0,0.0,,,,sonnet46
2026091262,raw_u,fixed_sequence,0.25,,False,0,0,,1082,0,0,0.0,,,,sonnet46
2026091262,raw_u,bonferroni,0.25,,False,0,0,,1082,0,0,0.0,,,,sonnet46
2026091262,u_boost,fixed_sequence,0.1,,False,0,0,,1082,0,0,0.0,,,,sonnet46
2026091262,u_boost,bonferroni,0.1,,False,0,0,,1082,0,0,0.0,,,,sonnet46
2026091262,u_boost,fixed_sequence,0.14285714285714285,,False,0,0,,1082,0,0,0.0,,,,sonnet46
2026091262,u_boost,bonferroni,0.14285714285714285,,False,0,0,,1082,0,0,0.0,,,,sonnet46
2026091262,u_boost,fixed_sequence,0.2,,False,0,0,,1082,0,0,0.0,,,,sonnet46
2026091262,u_boost,bonferroni,0.2,,False,0,0,,1082,0,0,0.0,,,,sonnet46
2026091262,u_boost,fixed_sequence,0.25,,False,0,0,,1082,0,0,0.0,,,,sonnet46
2026091262,u_boost,bonferroni,0.25,,False,0,0,,1082,0,0,0.0,,,,sonnet46
2026091262,rich_logistic,fixed_sequence,0.1,,False,0,0,,1082,0,0,0.0,,,,sonnet46
2026091262,rich_logistic,bonferroni,0.1,,False,0,0,,1082,0,0,0.0,,,,sonnet46
2026091262,rich_logistic,fixed_sequence,0.14285714285714285,,False,0,0,,1082,0,0,0.0,,,,sonnet46
2026091262,rich_logistic,bonferroni,0.14285714285714285,,False,0,0,,1082,0,0,0.0,,,,sonnet46
2026091262,rich_logistic,fixed_sequence,0.2,,False,0,0,,1082,0,0,0.0,,,,sonnet46
2026091262,rich_logistic,bonferroni,0.2,,False,0,0,,1082,0,0,0.0,,,,sonnet46
2026091262,rich_logistic,fixed_sequence,0.25,,False,0,0,,1082,0,0,0.0,,,,sonnet46
2026091262,rich_logistic,bonferroni,0.25,,False,0,0,,1082,0,0,0.0,,,,sonnet46
2026091262,rich_boost,fixed_sequence,0.1,,False,0,0,,1082,0,0,0.0,,,,sonnet46
2026091262,rich_boost,bonferroni,0.1,,False,0,0,,1082,0,0,0.0,,,,sonnet46
2026091262,rich_boost,fixed_sequence,0.14285714285714285,,False,0,0,,1082,0,0,0.0,,,,sonnet46
2026091262,rich_boost,bonferroni,0.14285714285714285,,False,0,0,,1082,0,0,0.0,,,,sonnet46
2026091262,rich_boost,fixed_sequence,0.2,,False,0,0,,1082,0,0,0.0,,,,sonnet46
2026091262,rich_boost,bonferroni,0.2,,False,0,0,,1082,0,0,0.0,,,,sonnet46
2026091262,rich_boost,fixed_sequence,0.25,,False,0,0,,1082,0,0,0.0,,,,sonnet46
2026091262,rich_boost,bonferroni,0.25,,False,0,0,,1082,0,0,0.0,,,,sonnet46
2026091263,raw_u,fixed_sequence,0.1,,False,0,0,,1082,0,0,0.0,,,,sonnet46
2026091263,raw_u,bonferroni,0.1,,False,0,0,,1082,0,0,0.0,,,,sonnet46
2026091263,raw_u,fixed_sequence,0.14285714285714285,,False,0,0,,1082,0,0,0.0,,,,sonnet46
2026091263,raw_u,bonferroni,0.14285714285714285,,False,0,0,,1082,0,0,0.0,,,,sonnet46
2026091263,raw_u,fixed_sequence,0.2,,False,0,0,,1082,0,0,0.0,,,,sonnet46
2026091263,raw_u,bonferroni,0.2,,False,0,0,,1082,0,0,0.0,,,,sonnet46
2026091263,raw_u,fixed_sequence,0.25,,False,0,0,,1082,0,0,0.0,,,,sonnet46
2026091263,raw_u,bonferroni,0.25,,False,0,0,,1082,0,0,0.0,,,,sonnet46
2026091263,u_boost,fixed_sequence,0.1,,False,0,0,,1082,0,0,0.0,,,,sonnet46
2026091263,u_boost,bonferroni,0.1,,False,0,0,,1082,0,0,0.0,,,,sonnet46
2026091263,u_boost,fixed_sequence,0.14285714285714285,,False,0,0,,1082,0,0,0.0,,,,sonnet46
2026091263,u_boost,bonferroni,0.14285714285714285,,False,0,0,,1082,0,0,0.0,,,,sonnet46
2026091263,u_boost,fixed_sequence,0.2,,False,0,0,,1082,0,0,0.0,,,,sonnet46
2026091263,u_boost,bonferroni,0.2,,False,0,0,,1082,0,0,0.0,,,,sonnet46
2026091263,u_boost,fixed_sequence,0.25,,False,0,0,,1082,0,0,0.0,,,,sonnet46
2026091263,u_boost,bonferroni,0.25,,False,0,0,,1082,0,0,0.0,,,,sonnet46
2026091263,rich_logistic,fixed_sequence,0.1,,False,0,0,,1082,0,0,0.0,,,,sonnet46
2026091263,rich_logistic,bonferroni,0.1,,False,0,0,,1082,0,0,0.0,,,,sonnet46
2026091263,rich_logistic,fixed_sequence,0.14285714285714285,,False,0,0,,1082,0,0,0.0,,,,sonnet46
2026091263,rich_logistic,bonferroni,0.14285714285714285,,False,0,0,,1082,0,0,0.0,,,,sonnet46
2026091263,rich_logistic,fixed_sequence,0.2,,False,0,0,,1082,0,0,0.0,,,,sonnet46
2026091263,rich_logistic,bonferroni,0.2,,False,0,0,,1082,0,0,0.0,,,,sonnet46
2026091263,rich_logistic,fixed_sequence,0.25,,False,0,0,,1082,0,0,0.0,,,,sonnet46
2026091263,rich_logistic,bonferroni,0.25,,False,0,0,,1082,0,0,0.0,,,,sonnet46
2026091263,rich_boost,fixed_sequence,0.1,,False,0,0,,1082,0,0,0.0,,,,sonnet46
2026091263,rich_boost,bonferroni,0.1,,False,0,0,,1082,0,0,0.0,,,,sonnet46
2026091263,rich_boost,fixed_sequence,0.14285714285714285,,False,0,0,,1082,0,0,0.0,,,,sonnet46
2026091263,rich_boost,bonferroni,0.14285714285714285,,False,0,0,,1082,0,0,0.0,,,,sonnet46
2026091263,rich_boost,fixed_sequence,0.2,,False,0,0,,1082,0,0,0.0,,,,sonnet46
2026091263,rich_boost,bonferroni,0.2,,False,0,0,,1082,0,0,0.0,,,,sonnet46
2026091263,rich_boost,fixed_sequence,0.25,,False,0,0,,1082,0,0,0.0,,,,sonnet46
2026091263,rich_boost,bonferroni,0.25,,False,0,0,,1082,0,0,0.0,,,,sonnet46
2026091264,raw_u,fixed_sequence,0.1,,False,0,0,,1082,0,0,0.0,,,,sonnet46
2026091264,raw_u,bonferroni,0.1,,False,0,0,,1082,0,0,0.0,,,,sonnet46
2026091264,raw_u,fixed_sequence,0.14285714285714285,,False,0,0,,1082,0,0,0.0,,,,sonnet46
2026091264,raw_u,bonferroni,0.14285714285714285,,False,0,0,,1082,0,0,0.0,,,,sonnet46
2026091264,raw_u,fixed_sequence,0.2,,False,0,0,,1082,0,0,0.0,,,,sonnet46
2026091264,raw_u,bonferroni,0.2,,False,0,0,,1082,0,0,0.0,,,,sonnet46
2026091264,raw_u,fixed_sequence,0.25,,False,0,0,,1082,0,0,0.0,,,,sonnet46
2026091264,raw_u,bonferroni,0.25,,False,0,0,,1082,0,0,0.0,,,,sonnet46
2026091264,u_boost,fixed_sequence,0.1,,False,0,0,,1082,0,0,0.0,,,,sonnet46
2026091264,u_boost,bonferroni,0.1,,False,0,0,,1082,0,0,0.0,,,,sonnet46
2026091264,u_boost,fixed_sequence,0.14285714285714285,,False,0,0,,1082,0,0,0.0,,,,sonnet46
2026091264,u_boost,bonferroni,0.14285714285714285,,False,0,0,,1082,0,0,0.0,,,,sonnet46
2026091264,u_boost,fixed_sequence,0.2,,False,0,0,,1082,0,0,0.0,,,,sonnet46
2026091264,u_boost,bonferroni,0.2,,False,0,0,,1082,0,0,0.0,,,,sonnet46
2026091264,u_boost,fixed_sequence,0.25,,False,0,0,,1082,0,0,0.0,,,,sonnet46
2026091264,u_boost,bonferroni,0.25,,False,0,0,,1082,0,0,0.0,,,,sonnet46
2026091264,rich_logistic,fixed_sequence,0.1,,False,0,0,,1082,0,0,0.0,,,,sonnet46
2026091264,rich_logistic,bonferroni,0.1,,False,0,0,,1082,0,0,0.0,,,,sonnet46
2026091264,rich_logistic,fixed_sequence,0.14285714285714285,,False,0,0,,1082,0,0,0.0,,,,sonnet46
2026091264,rich_logistic,bonferroni,0.14285714285714285,,False,0,0,,1082,0,0,0.0,,,,sonnet46
2026091264,rich_logistic,fixed_sequence,0.2,,False,0,0,,1082,0,0,0.0,,,,sonnet46
2026091264,rich_logistic,bonferroni,0.2,,False,0,0,,1082,0,0,0.0,,,,sonnet46
2026091264,rich_logistic,fixed_sequence,0.25,,False,0,0,,1082,0,0,0.0,,,,sonnet46
2026091264,rich_logistic,bonferroni,0.25,,False,0,0,,1082,0,0,0.0,,,,sonnet46
2026091264,rich_boost,fixed_sequence,0.1,,False,0,0,,1082,0,0,0.0,,,,sonnet46
2026091264,rich_boost,bonferroni,0.1,,False,0,0,,1082,0,0,0.0,,,,sonnet46
2026091264,rich_boost,fixed_sequence,0.14285714285714285,,False,0,0,,1082,0,0,0.0,,,,sonnet46
2026091264,rich_boost,bonferroni,0.14285714285714285,,False,0,0,,1082,0,0,0.0,,,,sonnet46
2026091264,rich_boost,fixed_sequence,0.2,,False,0,0,,1082,0,0,0.0,,,,sonnet46
2026091264,rich_boost,bonferroni,0.2,,False,0,0,,1082,0,0,0.0,,,,sonnet46
2026091264,rich_boost,fixed_sequence,0.25,,False,0,0,,1082,0,0,0.0,,,,sonnet46
2026091264,rich_boost,bonferroni,0.25,,False,0,0,,1082,0,0,0.0,,,,sonnet46
2026091265,raw_u,fixed_sequence,0.1,,False,0,0,,1082,0,0,0.0,,,,sonnet46
2026091265,raw_u,bonferroni,0.1,,False,0,0,,1082,0,0,0.0,,,,sonnet46
2026091265,raw_u,fixed_sequence,0.14285714285714285,,False,0,0,,1082,0,0,0.0,,,,sonnet46
2026091265,raw_u,bonferroni,0.14285714285714285,,False,0,0,,1082,0,0,0.0,,,,sonnet46
2026091265,raw_u,fixed_sequence,0.2,,False,0,0,,1082,0,0,0.0,,,,sonnet46
2026091265,raw_u,bonferroni,0.2,,False,0,0,,1082,0,0,0.0,,,,sonnet46
2026091265,raw_u,fixed_sequence,0.25,,False,0,0,,1082,0,0,0.0,,,,sonnet46
2026091265,raw_u,bonferroni,0.25,,False,0,0,,1082,0,0,0.0,,,,sonnet46
2026091265,u_boost,fixed_sequence,0.1,,False,0,0,,1082,0,0,0.0,,,,sonnet46
2026091265,u_boost,bonferroni,0.1,,False,0,0,,1082,0,0,0.0,,,,sonnet46
2026091265,u_boost,fixed_sequence,0.14285714285714285,,False,0,0,,1082,0,0,0.0,,,,sonnet46
2026091265,u_boost,bonferroni,0.14285714285714285,,False,0,0,,1082,0,0,0.0,,,,sonnet46
2026091265,u_boost,fixed_sequence,0.2,,False,0,0,,1082,0,0,0.0,,,,sonnet46
2026091265,u_boost,bonferroni,0.2,,False,0,0,,1082,0,0,0.0,,,,sonnet46
2026091265,u_boost,fixed_sequence,0.25,,False,0,0,,1082,0,0,0.0,,,,sonnet46
2026091265,u_boost,bonferroni,0.25,,False,0,0,,1082,0,0,0.0,,,,sonnet46
2026091265,rich_logistic,fixed_sequence,0.1,,False,0,0,,1082,0,0,0.0,,,,sonnet46
2026091265,rich_logistic,bonferroni,0.1,,False,0,0,,1082,0,0,0.0,,,,sonnet46
2026091265,rich_logistic,fixed_sequence,0.14285714285714285,,False,0,0,,1082,0,0,0.0,,,,sonnet46
2026091265,rich_logistic,bonferroni,0.14285714285714285,,False,0,0,,1082,0,0,0.0,,,,sonnet46
2026091265,rich_logistic,fixed_sequence,0.2,,False,0,0,,1082,0,0,0.0,,,,sonnet46
2026091265,rich_logistic,bonferroni,0.2,,False,0,0,,1082,0,0,0.0,,,,sonnet46
2026091265,rich_logistic,fixed_sequence,0.25,,False,0,0,,1082,0,0,0.0,,,,sonnet46
2026091265,rich_logistic,bonferroni,0.25,,False,0,0,,1082,0,0,0.0,,,,sonnet46
2026091265,rich_boost,fixed_sequence,0.1,,False,0,0,,1082,0,0,0.0,,,,sonnet46
2026091265,rich_boost,bonferroni,0.1,,False,0,0,,1082,0,0,0.0,,,,sonnet46
2026091265,rich_boost,fixed_sequence,0.14285714285714285,,False,0,0,,1082,0,0,0.0,,,,sonnet46
2026091265,rich_boost,bonferroni,0.14285714285714285,,False,0,0,,1082,0,0,0.0,,,,sonnet46
2026091265,rich_boost,fixed_sequence,0.2,,False,0,0,,1082,0,0,0.0,,,,sonnet46
2026091265,rich_boost,bonferroni,0.2,,False,0,0,,1082,0,0,0.0,,,,sonnet46
2026091265,rich_boost,fixed_sequence,0.25,,False,0,0,,1082,0,0,0.0,,,,sonnet46
2026091265,rich_boost,bonferroni,0.25,,False,0,0,,1082,0,0,0.0,,,,sonnet46
2026091266,raw_u,fixed_sequence,0.1,,False,0,0,,1082,0,0,0.0,,,,sonnet46
2026091266,raw_u,bonferroni,0.1,,False,0,0,,1082,0,0,0.0,,,,sonnet46
2026091266,raw_u,fixed_sequence,0.14285714285714285,,False,0,0,,1082,0,0,0.0,,,,sonnet46
2026091266,raw_u,bonferroni,0.14285714285714285,,False,0,0,,1082,0,0,0.0,,,,sonnet46
2026091266,raw_u,fixed_sequence,0.2,,False,0,0,,1082,0,0,0.0,,,,sonnet46
2026091266,raw_u,bonferroni,0.2,,False,0,0,,1082,0,0,0.0,,,,sonnet46
2026091266,raw_u,fixed_sequence,0.25,,False,0,0,,1082,0,0,0.0,,,,sonnet46
2026091266,raw_u,bonferroni,0.25,,False,0,0,,1082,0,0,0.0,,,,sonnet46
2026091266,u_boost,fixed_sequence,0.1,,False,0,0,,1082,0,0,0.0,,,,sonnet46
2026091266,u_boost,bonferroni,0.1,,False,0,0,,1082,0,0,0.0,,,,sonnet46
2026091266,u_boost,fixed_sequence,0.14285714285714285,,False,0,0,,1082,0,0,0.0,,,,sonnet46
2026091266,u_boost,bonferroni,0.14285714285714285,,False,0,0,,1082,0,0,0.0,,,,sonnet46
2026091266,u_boost,fixed_sequence,0.2,,False,0,0,,1082,0,0,0.0,,,,sonnet46
2026091266,u_boost,bonferroni,0.2,,False,0,0,,1082,0,0,0.0,,,,sonnet46
2026091266,u_boost,fixed_sequence,0.25,,False,0,0,,1082,0,0,0.0,,,,sonnet46
2026091266,u_boost,bonferroni,0.25,,False,0,0,,1082,0,0,0.0,,,,sonnet46
2026091266,rich_logistic,fixed_sequence,0.1,,False,0,0,,1082,0,0,0.0,,,,sonnet46
2026091266,rich_logistic,bonferroni,0.1,,False,0,0,,1082,0,0,0.0,,,,sonnet46
2026091266,rich_logistic,fixed_sequence,0.14285714285714285,,False,0,0,,1082,0,0,0.0,,,,sonnet46
2026091266,rich_logistic,bonferroni,0.14285714285714285,,False,0,0,,1082,0,0,0.0,,,,sonnet46
2026091266,rich_logistic,fixed_sequence,0.2,,False,0,0,,1082,0,0,0.0,,,,sonnet46
2026091266,rich_logistic,bonferroni,0.2,,False,0,0,,1082,0,0,0.0,,,,sonnet46
2026091266,rich_logistic,fixed_sequence,0.25,,False,0,0,,1082,0,0,0.0,,,,sonnet46
2026091266,rich_logistic,bonferroni,0.25,,False,0,0,,1082,0,0,0.0,,,,sonnet46
2026091266,rich_boost,fixed_sequence,0.1,,False,0,0,,1082,0,0,0.0,,,,sonnet46
2026091266,rich_boost,bonferroni,0.1,,False,0,0,,1082,0,0,0.0,,,,sonnet46
2026091266,rich_boost,fixed_sequence,0.14285714285714285,,False,0,0,,1082,0,0,0.0,,,,sonnet46
2026091266,rich_boost,bonferroni,0.14285714285714285,,False,0,0,,1082,0,0,0.0,,,,sonnet46
2026091266,rich_boost,fixed_sequence,0.2,,False,0,0,,1082,0,0,0.0,,,,sonnet46
2026091266,rich_boost,bonferroni,0.2,,False,0,0,,1082,0,0,0.0,,,,sonnet46
2026091266,rich_boost,fixed_sequence,0.25,,False,0,0,,1082,0,0,0.0,,,,sonnet46
2026091266,rich_boost,bonferroni,0.25,,False,0,0,,1082,0,0,0.0,,,,sonnet46
2026091267,raw_u,fixed_sequence,0.1,,False,0,0,,1082,0,0,0.0,,,,sonnet46
2026091267,raw_u,bonferroni,0.1,,False,0,0,,1082,0,0,0.0,,,,sonnet46
2026091267,raw_u,fixed_sequence,0.14285714285714285,,False,0,0,,1082,0,0,0.0,,,,sonnet46
2026091267,raw_u,bonferroni,0.14285714285714285,,False,0,0,,1082,0,0,0.0,,,,sonnet46
2026091267,raw_u,fixed_sequence,0.2,,False,0,0,,1082,0,0,0.0,,,,sonnet46
2026091267,raw_u,bonferroni,0.2,,False,0,0,,1082,0,0,0.0,,,,sonnet46
2026091267,raw_u,fixed_sequence,0.25,0.8571428571428571,True,42,3,0.2139582054977552,1082,33,11,0.030499075785582256,0.3333333333333333,0.17960513493256014,0.5182674724875822,sonnet46
2026091267,raw_u,bonferroni,0.25,,False,0,0,,1082,0,0,0.0,,,,sonnet46
2026091267,u_boost,fixed_sequence,0.1,,False,0,0,,1082,0,0,0.0,,,,sonnet46
2026091267,u_boost,bonferroni,0.1,,False,0,0,,1082,0,0,0.0,,,,sonnet46
2026091267,u_boost,fixed_sequence,0.14285714285714285,,False,0,0,,1082,0,0,0.0,,,,sonnet46
2026091267,u_boost,bonferroni,0.14285714285714285,,False,0,0,,1082,0,0,0.0,,,,sonnet46
2026091267,u_boost,fixed_sequence,0.2,,False,0,0,,1082,0,0,0.0,,,,sonnet46
2026091267,u_boost,bonferroni,0.2,,False,0,0,,1082,0,0,0.0,,,,sonnet46
2026091267,u_boost,fixed_sequence,0.25,0.77,True,42,3,0.2139582054977552,1082,33,11,0.030499075785582256,0.3333333333333333,0.17960513493256014,0.5182674724875822,sonnet46
2026091267,u_boost,bonferroni,0.25,,False,0,0,,1082,0,0,0.0,,,,sonnet46
2026091267,rich_logistic,fixed_sequence,0.1,,False,0,0,,1082,0,0,0.0,,,,sonnet46
2026091267,rich_logistic,bonferroni,0.1,,False,0,0,,1082,0,0,0.0,,,,sonnet46
2026091267,rich_logistic,fixed_sequence,0.14285714285714285,,False,0,0,,1082,0,0,0.0,,,,sonnet46
2026091267,rich_logistic,bonferroni,0.14285714285714285,,False,0,0,,1082,0,0,0.0,,,,sonnet46
2026091267,rich_logistic,fixed_sequence,0.2,,False,0,0,,1082,0,0,0.0,,,,sonnet46
2026091267,rich_logistic,bonferroni,0.2,,False,0,0,,1082,0,0,0.0,,,,sonnet46
2026091267,rich_logistic,fixed_sequence,0.25,0.78,True,37,3,0.24023518259672752,1082,26,8,0.024029574861367836,0.3076923076923077,0.14325999792770355,0.5178964364457416,sonnet46
2026091267,rich_logistic,bonferroni,0.25,,False,0,0,,1082,0,0,0.0,,,,sonnet46
2026091267,rich_boost,fixed_sequence,0.1,,False,0,0,,1082,0,0,0.0,,,,sonnet46
2026091267,rich_boost,bonferroni,0.1,,False,0,0,,1082,0,0,0.0,,,,sonnet46
2026091267,rich_boost,fixed_sequence,0.14285714285714285,,False,0,0,,1082,0,0,0.0,,,,sonnet46
2026091267,rich_boost,bonferroni,0.14285714285714285,,False,0,0,,1082,0,0,0.0,,,,sonnet46
2026091267,rich_boost,fixed_sequence,0.2,,False,0,0,,1082,0,0,0.0,,,,sonnet46
2026091267,rich_boost,bonferroni,0.2,,False,0,0,,1082,0,0,0.0,,,,sonnet46
2026091267,rich_boost,fixed_sequence,0.25,,False,0,0,,1082,0,0,0.0,,,,sonnet46
2026091267,rich_boost,bonferroni,0.25,,False,0,0,,1082,0,0,0.0,,,,sonnet46
2026091268,raw_u,fixed_sequence,0.1,,False,0,0,,1082,0,0,0.0,,,,sonnet46
2026091268,raw_u,bonferroni,0.1,,False,0,0,,1082,0,0,0.0,,,,sonnet46
2026091268,raw_u,fixed_sequence,0.14285714285714285,,False,0,0,,1082,0,0,0.0,,,,sonnet46
2026091268,raw_u,bonferroni,0.14285714285714285,,False,0,0,,1082,0,0,0.0,,,,sonnet46
2026091268,raw_u,fixed_sequence,0.2,,False,0,0,,1082,0,0,0.0,,,,sonnet46
2026091268,raw_u,bonferroni,0.2,,False,0,0,,1082,0,0,0.0,,,,sonnet46
2026091268,raw_u,fixed_sequence,0.25,,False,0,0,,1082,0,0,0.0,,,,sonnet46
2026091268,raw_u,bonferroni,0.25,,False,0,0,,1082,0,0,0.0,,,,sonnet46
2026091268,u_boost,fixed_sequence,0.1,,False,0,0,,1082,0,0,0.0,,,,sonnet46
2026091268,u_boost,bonferroni,0.1,,False,0,0,,1082,0,0,0.0,,,,sonnet46
2026091268,u_boost,fixed_sequence,0.14285714285714285,,False,0,0,,1082,0,0,0.0,,,,sonnet46
2026091268,u_boost,bonferroni,0.14285714285714285,,False,0,0,,1082,0,0,0.0,,,,sonnet46
2026091268,u_boost,fixed_sequence,0.2,,False,0,0,,1082,0,0,0.0,,,,sonnet46
2026091268,u_boost,bonferroni,0.2,,False,0,0,,1082,0,0,0.0,,,,sonnet46
2026091268,u_boost,fixed_sequence,0.25,,False,0,0,,1082,0,0,0.0,,,,sonnet46
2026091268,u_boost,bonferroni,0.25,,False,0,0,,1082,0,0,0.0,,,,sonnet46
2026091268,rich_logistic,fixed_sequence,0.1,,False,0,0,,1082,0,0,0.0,,,,sonnet46
2026091268,rich_logistic,bonferroni,0.1,,False,0,0,,1082,0,0,0.0,,,,sonnet46
2026091268,rich_logistic,fixed_sequence,0.14285714285714285,,False,0,0,,1082,0,0,0.0,,,,sonnet46
2026091268,rich_logistic,bonferroni,0.14285714285714285,,False,0,0,,1082,0,0,0.0,,,,sonnet46
2026091268,rich_logistic,fixed_sequence,0.2,,False,0,0,,1082,0,0,0.0,,,,sonnet46
2026091268,rich_logistic,bonferroni,0.2,,False,0,0,,1082,0,0,0.0,,,,sonnet46
2026091268,rich_logistic,fixed_sequence,0.25,,False,0,0,,1082,0,0,0.0,,,,sonnet46
2026091268,rich_logistic,bonferroni,0.25,,False,0,0,,1082,0,0,0.0,,,,sonnet46
2026091268,rich_boost,fixed_sequence,0.1,,False,0,0,,1082,0,0,0.0,,,,sonnet46
2026091268,rich_boost,bonferroni,0.1,,False,0,0,,1082,0,0,0.0,,,,sonnet46
2026091268,rich_boost,fixed_sequence,0.14285714285714285,,False,0,0,,1082,0,0,0.0,,,,sonnet46
2026091268,rich_boost,bonferroni,0.14285714285714285,,False,0,0,,1082,0,0,0.0,,,,sonnet46
2026091268,rich_boost,fixed_sequence,0.2,,False,0,0,,1082,0,0,0.0,,,,sonnet46
2026091268,rich_boost,bonferroni,0.2,,False,0,0,,1082,0,0,0.0,,,,sonnet46
2026091268,rich_boost,fixed_sequence,0.25,,False,0,0,,1082,0,0,0.0,,,,sonnet46
2026091268,rich_boost,bonferroni,0.25,,False,0,0,,1082,0,0,0.0,,,,sonnet46
2026091269,raw_u,fixed_sequence,0.1,,False,0,0,,1082,0,0,0.0,,,,sonnet46
2026091269,raw_u,bonferroni,0.1,,False,0,0,,1082,0,0,0.0,,,,sonnet46
2026091269,raw_u,fixed_sequence,0.14285714285714285,,False,0,0,,1082,0,0,0.0,,,,sonnet46
2026091269,raw_u,bonferroni,0.14285714285714285,,False,0,0,,1082,0,0,0.0,,,,sonnet46
2026091269,raw_u,fixed_sequence,0.2,,False,0,0,,1082,0,0,0.0,,,,sonnet46
2026091269,raw_u,bonferroni,0.2,,False,0,0,,1082,0,0,0.0,,,,sonnet46
2026091269,raw_u,fixed_sequence,0.25,,False,0,0,,1082,0,0,0.0,,,,sonnet46
2026091269,raw_u,bonferroni,0.25,,False,0,0,,1082,0,0,0.0,,,,sonnet46
2026091269,u_boost,fixed_sequence,0.1,,False,0,0,,1082,0,0,0.0,,,,sonnet46
2026091269,u_boost,bonferroni,0.1,,False,0,0,,1082,0,0,0.0,,,,sonnet46
2026091269,u_boost,fixed_sequence,0.14285714285714285,,False,0,0,,1082,0,0,0.0,,,,sonnet46
2026091269,u_boost,bonferroni,0.14285714285714285,,False,0,0,,1082,0,0,0.0,,,,sonnet46
2026091269,u_boost,fixed_sequence,0.2,,False,0,0,,1082,0,0,0.0,,,,sonnet46
2026091269,u_boost,bonferroni,0.2,,False,0,0,,1082,0,0,0.0,,,,sonnet46
2026091269,u_boost,fixed_sequence,0.25,,False,0,0,,1082,0,0,0.0,,,,sonnet46
2026091269,u_boost,bonferroni,0.25,,False,0,0,,1082,0,0,0.0,,,,sonnet46
2026091269,rich_logistic,fixed_sequence,0.1,,False,0,0,,1082,0,0,0.0,,,,sonnet46
2026091269,rich_logistic,bonferroni,0.1,,False,0,0,,1082,0,0,0.0,,,,sonnet46
2026091269,rich_logistic,fixed_sequence,0.14285714285714285,,False,0,0,,1082,0,0,0.0,,,,sonnet46
2026091269,rich_logistic,bonferroni,0.14285714285714285,,False,0,0,,1082,0,0,0.0,,,,sonnet46
2026091269,rich_logistic,fixed_sequence,0.2,,False,0,0,,1082,0,0,0.0,,,,sonnet46
2026091269,rich_logistic,bonferroni,0.2,,False,0,0,,1082,0,0,0.0,,,,sonnet46
2026091269,rich_logistic,fixed_sequence,0.25,,False,0,0,,1082,0,0,0.0,,,,sonnet46
2026091269,rich_logistic,bonferroni,0.25,,False,0,0,,1082,0,0,0.0,,,,sonnet46
2026091269,rich_boost,fixed_sequence,0.1,,False,0,0,,1082,0,0,0.0,,,,sonnet46
2026091269,rich_boost,bonferroni,0.1,,False,0,0,,1082,0,0,0.0,,,,sonnet46
2026091269,rich_boost,fixed_sequence,0.14285714285714285,,False,0,0,,1082,0,0,0.0,,,,sonnet46
2026091269,rich_boost,bonferroni,0.14285714285714285,,False,0,0,,1082,0,0,0.0,,,,sonnet46
2026091269,rich_boost,fixed_sequence,0.2,,False,0,0,,1082,0,0,0.0,,,,sonnet46
2026091269,rich_boost,bonferroni,0.2,,False,0,0,,1082,0,0,0.0,,,,sonnet46
2026091269,rich_boost,fixed_sequence,0.25,,False,0,0,,1082,0,0,0.0,,,,sonnet46
2026091269,rich_boost,bonferroni,0.25,,False,0,0,,1082,0,0,0.0,,,,sonnet46
2026091270,raw_u,fixed_sequence,0.1,,False,0,0,,1082,0,0,0.0,,,,sonnet46
2026091270,raw_u,bonferroni,0.1,,False,0,0,,1082,0,0,0.0,,,,sonnet46
2026091270,raw_u,fixed_sequence,0.14285714285714285,,False,0,0,,1082,0,0,0.0,,,,sonnet46
2026091270,raw_u,bonferroni,0.14285714285714285,,False,0,0,,1082,0,0,0.0,,,,sonnet46
2026091270,raw_u,fixed_sequence,0.2,,False,0,0,,1082,0,0,0.0,,,,sonnet46
2026091270,raw_u,bonferroni,0.2,,False,0,0,,1082,0,0,0.0,,,,sonnet46
2026091270,raw_u,fixed_sequence,0.25,,False,0,0,,1082,0,0,0.0,,,,sonnet46
2026091270,raw_u,bonferroni,0.25,,False,0,0,,1082,0,0,0.0,,,,sonnet46
2026091270,u_boost,fixed_sequence,0.1,,False,0,0,,1082,0,0,0.0,,,,sonnet46
2026091270,u_boost,bonferroni,0.1,,False,0,0,,1082,0,0,0.0,,,,sonnet46
2026091270,u_boost,fixed_sequence,0.14285714285714285,,False,0,0,,1082,0,0,0.0,,,,sonnet46
2026091270,u_boost,bonferroni,0.14285714285714285,,False,0,0,,1082,0,0,0.0,,,,sonnet46
2026091270,u_boost,fixed_sequence,0.2,,False,0,0,,1082,0,0,0.0,,,,sonnet46
2026091270,u_boost,bonferroni,0.2,,False,0,0,,1082,0,0,0.0,,,,sonnet46
2026091270,u_boost,fixed_sequence,0.25,,False,0,0,,1082,0,0,0.0,,,,sonnet46
2026091270,u_boost,bonferroni,0.25,,False,0,0,,1082,0,0,0.0,,,,sonnet46
2026091270,rich_logistic,fixed_sequence,0.1,,False,0,0,,1082,0,0,0.0,,,,sonnet46
2026091270,rich_logistic,bonferroni,0.1,,False,0,0,,1082,0,0,0.0,,,,sonnet46
2026091270,rich_logistic,fixed_sequence,0.14285714285714285,,False,0,0,,1082,0,0,0.0,,,,sonnet46
2026091270,rich_logistic,bonferroni,0.14285714285714285,,False,0,0,,1082,0,0,0.0,,,,sonnet46
2026091270,rich_logistic,fixed_sequence,0.2,,False,0,0,,1082,0,0,0.0,,,,sonnet46
2026091270,rich_logistic,bonferroni,0.2,,False,0,0,,1082,0,0,0.0,,,,sonnet46
2026091270,rich_logistic,fixed_sequence,0.25,,False,0,0,,1082,0,0,0.0,,,,sonnet46
2026091270,rich_logistic,bonferroni,0.25,,False,0,0,,1082,0,0,0.0,,,,sonnet46
2026091270,rich_boost,fixed_sequence,0.1,,False,0,0,,1082,0,0,0.0,,,,sonnet46
2026091270,rich_boost,bonferroni,0.1,,False,0,0,,1082,0,0,0.0,,,,sonnet46
2026091270,rich_boost,fixed_sequence,0.14285714285714285,,False,0,0,,1082,0,0,0.0,,,,sonnet46
2026091270,rich_boost,bonferroni,0.14285714285714285,,False,0,0,,1082,0,0,0.0,,,,sonnet46
2026091270,rich_boost,fixed_sequence,0.2,,False,0,0,,1082,0,0,0.0,,,,sonnet46
2026091270,rich_boost,bonferroni,0.2,,False,0,0,,1082,0,0,0.0,,,,sonnet46
2026091270,rich_boost,fixed_sequence,0.25,,False,0,0,,1082,0,0,0.0,,,,sonnet46
2026091270,rich_boost,bonferroni,0.25,,False,0,0,,1082,0,0,0.0,,,,sonnet46
2026091271,raw_u,fixed_sequence,0.1,,False,0,0,,1082,0,0,0.0,,,,sonnet46
2026091271,raw_u,bonferroni,0.1,,False,0,0,,1082,0,0,0.0,,,,sonnet46
2026091271,raw_u,fixed_sequence,0.14285714285714285,,False,0,0,,1082,0,0,0.0,,,,sonnet46
2026091271,raw_u,bonferroni,0.14285714285714285,,False,0,0,,1082,0,0,0.0,,,,sonnet46
2026091271,raw_u,fixed_sequence,0.2,,False,0,0,,1082,0,0,0.0,,,,sonnet46
2026091271,raw_u,bonferroni,0.2,,False,0,0,,1082,0,0,0.0,,,,sonnet46
2026091271,raw_u,fixed_sequence,0.25,,False,0,0,,1082,0,0,0.0,,,,sonnet46
2026091271,raw_u,bonferroni,0.25,,False,0,0,,1082,0,0,0.0,,,,sonnet46
2026091271,u_boost,fixed_sequence,0.1,,False,0,0,,1082,0,0,0.0,,,,sonnet46
2026091271,u_boost,bonferroni,0.1,,False,0,0,,1082,0,0,0.0,,,,sonnet46
2026091271,u_boost,fixed_sequence,0.14285714285714285,,False,0,0,,1082,0,0,0.0,,,,sonnet46
2026091271,u_boost,bonferroni,0.14285714285714285,,False,0,0,,1082,0,0,0.0,,,,sonnet46
2026091271,u_boost,fixed_sequence,0.2,,False,0,0,,1082,0,0,0.0,,,,sonnet46
2026091271,u_boost,bonferroni,0.2,,False,0,0,,1082,0,0,0.0,,,,sonnet46
2026091271,u_boost,fixed_sequence,0.25,,False,0,0,,1082,0,0,0.0,,,,sonnet46
2026091271,u_boost,bonferroni,0.25,,False,0,0,,1082,0,0,0.0,,,,sonnet46
2026091271,rich_logistic,fixed_sequence,0.1,,False,0,0,,1082,0,0,0.0,,,,sonnet46
2026091271,rich_logistic,bonferroni,0.1,,False,0,0,,1082,0,0,0.0,,,,sonnet46
2026091271,rich_logistic,fixed_sequence,0.14285714285714285,,False,0,0,,1082,0,0,0.0,,,,sonnet46
2026091271,rich_logistic,bonferroni,0.14285714285714285,,False,0,0,,1082,0,0,0.0,,,,sonnet46
2026091271,rich_logistic,fixed_sequence,0.2,,False,0,0,,1082,0,0,0.0,,,,sonnet46
2026091271,rich_logistic,bonferroni,0.2,,False,0,0,,1082,0,0,0.0,,,,sonnet46
2026091271,rich_logistic,fixed_sequence,0.25,,False,0,0,,1082,0,0,0.0,,,,sonnet46
2026091271,rich_logistic,bonferroni,0.25,,False,0,0,,1082,0,0,0.0,,,,sonnet46
2026091271,rich_boost,fixed_sequence,0.1,,False,0,0,,1082,0,0,0.0,,,,sonnet46
2026091271,rich_boost,bonferroni,0.1,,False,0,0,,1082,0,0,0.0,,,,sonnet46
2026091271,rich_boost,fixed_sequence,0.14285714285714285,,False,0,0,,1082,0,0,0.0,,,,sonnet46
2026091271,rich_boost,bonferroni,0.14285714285714285,,False,0,0,,1082,0,0,0.0,,,,sonnet46
2026091271,rich_boost,fixed_sequence,0.2,,False,0,0,,1082,0,0,0.0,,,,sonnet46
2026091271,rich_boost,bonferroni,0.2,,False,0,0,,1082,0,0,0.0,,,,sonnet46
2026091271,rich_boost,fixed_sequence,0.25,,False,0,0,,1082,0,0,0.0,,,,sonnet46
2026091271,rich_boost,bonferroni,0.25,,False,0,0,,1082,0,0,0.0,,,,sonnet46
2026091272,raw_u,fixed_sequence,0.1,,False,0,0,,1082,0,0,0.0,,,,sonnet46
2026091272,raw_u,bonferroni,0.1,,False,0,0,,1082,0,0,0.0,,,,sonnet46
2026091272,raw_u,fixed_sequence,0.14285714285714285,,False,0,0,,1082,0,0,0.0,,,,sonnet46
2026091272,raw_u,bonferroni,0.14285714285714285,,False,0,0,,1082,0,0,0.0,,,,sonnet46
2026091272,raw_u,fixed_sequence,0.2,,False,0,0,,1082,0,0,0.0,,,,sonnet46
2026091272,raw_u,bonferroni,0.2,,False,0,0,,1082,0,0,0.0,,,,sonnet46
2026091272,raw_u,fixed_sequence,0.25,,False,0,0,,1082,0,0,0.0,,,,sonnet46
2026091272,raw_u,bonferroni,0.25,,False,0,0,,1082,0,0,0.0,,,,sonnet46
2026091272,u_boost,fixed_sequence,0.1,,False,0,0,,1082,0,0,0.0,,,,sonnet46
2026091272,u_boost,bonferroni,0.1,,False,0,0,,1082,0,0,0.0,,,,sonnet46
2026091272,u_boost,fixed_sequence,0.14285714285714285,,False,0,0,,1082,0,0,0.0,,,,sonnet46
2026091272,u_boost,bonferroni,0.14285714285714285,,False,0,0,,1082,0,0,0.0,,,,sonnet46
2026091272,u_boost,fixed_sequence,0.2,,False,0,0,,1082,0,0,0.0,,,,sonnet46
2026091272,u_boost,bonferroni,0.2,,False,0,0,,1082,0,0,0.0,,,,sonnet46
2026091272,u_boost,fixed_sequence,0.25,,False,0,0,,1082,0,0,0.0,,,,sonnet46
2026091272,u_boost,bonferroni,0.25,,False,0,0,,1082,0,0,0.0,,,,sonnet46
2026091272,rich_logistic,fixed_sequence,0.1,,False,0,0,,1082,0,0,0.0,,,,sonnet46
2026091272,rich_logistic,bonferroni,0.1,,False,0,0,,1082,0,0,0.0,,,,sonnet46
2026091272,rich_logistic,fixed_sequence,0.14285714285714285,,False,0,0,,1082,0,0,0.0,,,,sonnet46
2026091272,rich_logistic,bonferroni,0.14285714285714285,,False,0,0,,1082,0,0,0.0,,,,sonnet46
2026091272,rich_logistic,fixed_sequence,0.2,,False,0,0,,1082,0,0,0.0,,,,sonnet46
2026091272,rich_logistic,bonferroni,0.2,,False,0,0,,1082,0,0,0.0,,,,sonnet46
2026091272,rich_logistic,fixed_sequence,0.25,,False,0,0,,1082,0,0,0.0,,,,sonnet46
2026091272,rich_logistic,bonferroni,0.25,,False,0,0,,1082,0,0,0.0,,,,sonnet46
2026091272,rich_boost,fixed_sequence,0.1,,False,0,0,,1082,0,0,0.0,,,,sonnet46
2026091272,rich_boost,bonferroni,0.1,,False,0,0,,1082,0,0,0.0,,,,sonnet46
2026091272,rich_boost,fixed_sequence,0.14285714285714285,,False,0,0,,1082,0,0,0.0,,,,sonnet46
2026091272,rich_boost,bonferroni,0.14285714285714285,,False,0,0,,1082,0,0,0.0,,,,sonnet46
2026091272,rich_boost,fixed_sequence,0.2,,False,0,0,,1082,0,0,0.0,,,,sonnet46
2026091272,rich_boost,bonferroni,0.2,,False,0,0,,1082,0,0,0.0,,,,sonnet46
2026091272,rich_boost,fixed_sequence,0.25,,False,0,0,,1082,0,0,0.0,,,,sonnet46
2026091272,rich_boost,bonferroni,0.25,,False,0,0,,1082,0,0,0.0,,,,sonnet46
2026091273,raw_u,fixed_sequence,0.1,,False,0,0,,1082,0,0,0.0,,,,sonnet46
2026091273,raw_u,bonferroni,0.1,,False,0,0,,1082,0,0,0.0,,,,sonnet46
2026091273,raw_u,fixed_sequence,0.14285714285714285,,False,0,0,,1082,0,0,0.0,,,,sonnet46
2026091273,raw_u,bonferroni,0.14285714285714285,,False,0,0,,1082,0,0,0.0,,,,sonnet46
2026091273,raw_u,fixed_sequence,0.2,,False,0,0,,1082,0,0,0.0,,,,sonnet46
2026091273,raw_u,bonferroni,0.2,,False,0,0,,1082,0,0,0.0,,,,sonnet46
2026091273,raw_u,fixed_sequence,0.25,,False,0,0,,1082,0,0,0.0,,,,sonnet46
2026091273,raw_u,bonferroni,0.25,,False,0,0,,1082,0,0,0.0,,,,sonnet46
2026091273,u_boost,fixed_sequence,0.1,,False,0,0,,1082,0,0,0.0,,,,sonnet46
2026091273,u_boost,bonferroni,0.1,,False,0,0,,1082,0,0,0.0,,,,sonnet46
2026091273,u_boost,fixed_sequence,0.14285714285714285,,False,0,0,,1082,0,0,0.0,,,,sonnet46
2026091273,u_boost,bonferroni,0.14285714285714285,,False,0,0,,1082,0,0,0.0,,,,sonnet46
2026091273,u_boost,fixed_sequence,0.2,,False,0,0,,1082,0,0,0.0,,,,sonnet46
2026091273,u_boost,bonferroni,0.2,,False,0,0,,1082,0,0,0.0,,,,sonnet46
2026091273,u_boost,fixed_sequence,0.25,,False,0,0,,1082,0,0,0.0,,,,sonnet46
2026091273,u_boost,bonferroni,0.25,,False,0,0,,1082,0,0,0.0,,,,sonnet46
2026091273,rich_logistic,fixed_sequence,0.1,,False,0,0,,1082,0,0,0.0,,,,sonnet46
2026091273,rich_logistic,bonferroni,0.1,,False,0,0,,1082,0,0,0.0,,,,sonnet46
2026091273,rich_logistic,fixed_sequence,0.14285714285714285,,False,0,0,,1082,0,0,0.0,,,,sonnet46
2026091273,rich_logistic,bonferroni,0.14285714285714285,,False,0,0,,1082,0,0,0.0,,,,sonnet46
2026091273,rich_logistic,fixed_sequence,0.2,,False,0,0,,1082,0,0,0.0,,,,sonnet46
2026091273,rich_logistic,bonferroni,0.2,,False,0,0,,1082,0,0,0.0,,,,sonnet46
2026091273,rich_logistic,fixed_sequence,0.25,,False,0,0,,1082,0,0,0.0,,,,sonnet46
2026091273,rich_logistic,bonferroni,0.25,,False,0,0,,1082,0,0,0.0,,,,sonnet46
2026091273,rich_boost,fixed_sequence,0.1,,False,0,0,,1082,0,0,0.0,,,,sonnet46
2026091273,rich_boost,bonferroni,0.1,,False,0,0,,1082,0,0,0.0,,,,sonnet46
2026091273,rich_boost,fixed_sequence,0.14285714285714285,,False,0,0,,1082,0,0,0.0,,,,sonnet46
2026091273,rich_boost,bonferroni,0.14285714285714285,,False,0,0,,1082,0,0,0.0,,,,sonnet46
2026091273,rich_boost,fixed_sequence,0.2,,False,0,0,,1082,0,0,0.0,,,,sonnet46
2026091273,rich_boost,bonferroni,0.2,,False,0,0,,1082,0,0,0.0,,,,sonnet46
2026091273,rich_boost,fixed_sequence,0.25,,False,0,0,,1082,0,0,0.0,,,,sonnet46
2026091273,rich_boost,bonferroni,0.25,,False,0,0,,1082,0,0,0.0,,,,sonnet46
2026091274,raw_u,fixed_sequence,0.1,,False,0,0,,1082,0,0,0.0,,,,sonnet46
2026091274,raw_u,bonferroni,0.1,,False,0,0,,1082,0,0,0.0,,,,sonnet46
2026091274,raw_u,fixed_sequence,0.14285714285714285,,False,0,0,,1082,0,0,0.0,,,,sonnet46
2026091274,raw_u,bonferroni,0.14285714285714285,,False,0,0,,1082,0,0,0.0,,,,sonnet46
2026091274,raw_u,fixed_sequence,0.2,,False,0,0,,1082,0,0,0.0,,,,sonnet46
2026091274,raw_u,bonferroni,0.2,,False,0,0,,1082,0,0,0.0,,,,sonnet46
2026091274,raw_u,fixed_sequence,0.25,,False,0,0,,1082,0,0,0.0,,,,sonnet46
2026091274,raw_u,bonferroni,0.25,,False,0,0,,1082,0,0,0.0,,,,sonnet46
2026091274,u_boost,fixed_sequence,0.1,,False,0,0,,1082,0,0,0.0,,,,sonnet46
2026091274,u_boost,bonferroni,0.1,,False,0,0,,1082,0,0,0.0,,,,sonnet46
2026091274,u_boost,fixed_sequence,0.14285714285714285,,False,0,0,,1082,0,0,0.0,,,,sonnet46
2026091274,u_boost,bonferroni,0.14285714285714285,,False,0,0,,1082,0,0,0.0,,,,sonnet46
2026091274,u_boost,fixed_sequence,0.2,,False,0,0,,1082,0,0,0.0,,,,sonnet46
2026091274,u_boost,bonferroni,0.2,,False,0,0,,1082,0,0,0.0,,,,sonnet46
2026091274,u_boost,fixed_sequence,0.25,,False,0,0,,1082,0,0,0.0,,,,sonnet46
2026091274,u_boost,bonferroni,0.25,,False,0,0,,1082,0,0,0.0,,,,sonnet46
2026091274,rich_logistic,fixed_sequence,0.1,,False,0,0,,1082,0,0,0.0,,,,sonnet46
2026091274,rich_logistic,bonferroni,0.1,,False,0,0,,1082,0,0,0.0,,,,sonnet46
2026091274,rich_logistic,fixed_sequence,0.14285714285714285,,False,0,0,,1082,0,0,0.0,,,,sonnet46
2026091274,rich_logistic,bonferroni,0.14285714285714285,,False,0,0,,1082,0,0,0.0,,,,sonnet46
2026091274,rich_logistic,fixed_sequence,0.2,,False,0,0,,1082,0,0,0.0,,,,sonnet46
2026091274,rich_logistic,bonferroni,0.2,,False,0,0,,1082,0,0,0.0,,,,sonnet46
2026091274,rich_logistic,fixed_sequence,0.25,,False,0,0,,1082,0,0,0.0,,,,sonnet46
2026091274,rich_logistic,bonferroni,0.25,,False,0,0,,1082,0,0,0.0,,,,sonnet46
2026091274,rich_boost,fixed_sequence,0.1,,False,0,0,,1082,0,0,0.0,,,,sonnet46
2026091274,rich_boost,bonferroni,0.1,,False,0,0,,1082,0,0,0.0,,,,sonnet46
2026091274,rich_boost,fixed_sequence,0.14285714285714285,,False,0,0,,1082,0,0,0.0,,,,sonnet46
2026091274,rich_boost,bonferroni,0.14285714285714285,,False,0,0,,1082,0,0,0.0,,,,sonnet46
2026091274,rich_boost,fixed_sequence,0.2,,False,0,0,,1082,0,0,0.0,,,,sonnet46
2026091274,rich_boost,bonferroni,0.2,,False,0,0,,1082,0,0,0.0,,,,sonnet46
2026091274,rich_boost,fixed_sequence,0.25,,False,0,0,,1082,0,0,0.0,,,,sonnet46
2026091274,rich_boost,bonferroni,0.25,,False,0,0,,1082,0,0,0.0,,,,sonnet46
2026091275,raw_u,fixed_sequence,0.1,,False,0,0,,1082,0,0,0.0,,,,sonnet46
2026091275,raw_u,bonferroni,0.1,,False,0,0,,1082,0,0,0.0,,,,sonnet46
2026091275,raw_u,fixed_sequence,0.14285714285714285,,False,0,0,,1082,0,0,0.0,,,,sonnet46
2026091275,raw_u,bonferroni,0.14285714285714285,,False,0,0,,1082,0,0,0.0,,,,sonnet46
2026091275,raw_u,fixed_sequence,0.2,,False,0,0,,1082,0,0,0.0,,,,sonnet46
2026091275,raw_u,bonferroni,0.2,,False,0,0,,1082,0,0,0.0,,,,sonnet46
2026091275,raw_u,fixed_sequence,0.25,,False,0,0,,1082,0,0,0.0,,,,sonnet46
2026091275,raw_u,bonferroni,0.25,,False,0,0,,1082,0,0,0.0,,,,sonnet46
2026091275,u_boost,fixed_sequence,0.1,,False,0,0,,1082,0,0,0.0,,,,sonnet46
2026091275,u_boost,bonferroni,0.1,,False,0,0,,1082,0,0,0.0,,,,sonnet46
2026091275,u_boost,fixed_sequence,0.14285714285714285,,False,0,0,,1082,0,0,0.0,,,,sonnet46
2026091275,u_boost,bonferroni,0.14285714285714285,,False,0,0,,1082,0,0,0.0,,,,sonnet46
2026091275,u_boost,fixed_sequence,0.2,,False,0,0,,1082,0,0,0.0,,,,sonnet46
2026091275,u_boost,bonferroni,0.2,,False,0,0,,1082,0,0,0.0,,,,sonnet46
2026091275,u_boost,fixed_sequence,0.25,,False,0,0,,1082,0,0,0.0,,,,sonnet46
2026091275,u_boost,bonferroni,0.25,,False,0,0,,1082,0,0,0.0,,,,sonnet46
2026091275,rich_logistic,fixed_sequence,0.1,,False,0,0,,1082,0,0,0.0,,,,sonnet46
2026091275,rich_logistic,bonferroni,0.1,,False,0,0,,1082,0,0,0.0,,,,sonnet46
2026091275,rich_logistic,fixed_sequence,0.14285714285714285,,False,0,0,,1082,0,0,0.0,,,,sonnet46
2026091275,rich_logistic,bonferroni,0.14285714285714285,,False,0,0,,1082,0,0,0.0,,,,sonnet46
2026091275,rich_logistic,fixed_sequence,0.2,,False,0,0,,1082,0,0,0.0,,,,sonnet46
2026091275,rich_logistic,bonferroni,0.2,,False,0,0,,1082,0,0,0.0,,,,sonnet46
2026091275,rich_logistic,fixed_sequence,0.25,,False,0,0,,1082,0,0,0.0,,,,sonnet46
2026091275,rich_logistic,bonferroni,0.25,,False,0,0,,1082,0,0,0.0,,,,sonnet46
2026091275,rich_boost,fixed_sequence,0.1,,False,0,0,,1082,0,0,0.0,,,,sonnet46
2026091275,rich_boost,bonferroni,0.1,,False,0,0,,1082,0,0,0.0,,,,sonnet46
2026091275,rich_boost,fixed_sequence,0.14285714285714285,,False,0,0,,1082,0,0,0.0,,,,sonnet46
2026091275,rich_boost,bonferroni,0.14285714285714285,,False,0,0,,1082,0,0,0.0,,,,sonnet46
2026091275,rich_boost,fixed_sequence,0.2,,False,0,0,,1082,0,0,0.0,,,,sonnet46
2026091275,rich_boost,bonferroni,0.2,,False,0,0,,1082,0,0,0.0,,,,sonnet46
2026091275,rich_boost,fixed_sequence,0.25,,False,0,0,,1082,0,0,0.0,,,,sonnet46
2026091275,rich_boost,bonferroni,0.25,,False,0,0,,1082,0,0,0.0,,,,sonnet46
2026091276,raw_u,fixed_sequence,0.1,,False,0,0,,1082,0,0,0.0,,,,sonnet46
2026091276,raw_u,bonferroni,0.1,,False,0,0,,1082,0,0,0.0,,,,sonnet46
2026091276,raw_u,fixed_sequence,0.14285714285714285,,False,0,0,,1082,0,0,0.0,,,,sonnet46
2026091276,raw_u,bonferroni,0.14285714285714285,,False,0,0,,1082,0,0,0.0,,,,sonnet46
2026091276,raw_u,fixed_sequence,0.2,,False,0,0,,1082,0,0,0.0,,,,sonnet46
2026091276,raw_u,bonferroni,0.2,,False,0,0,,1082,0,0,0.0,,,,sonnet46
2026091276,raw_u,fixed_sequence,0.25,,False,0,0,,1082,0,0,0.0,,,,sonnet46
2026091276,raw_u,bonferroni,0.25,,False,0,0,,1082,0,0,0.0,,,,sonnet46
2026091276,u_boost,fixed_sequence,0.1,,False,0,0,,1082,0,0,0.0,,,,sonnet46
2026091276,u_boost,bonferroni,0.1,,False,0,0,,1082,0,0,0.0,,,,sonnet46
2026091276,u_boost,fixed_sequence,0.14285714285714285,,False,0,0,,1082,0,0,0.0,,,,sonnet46
2026091276,u_boost,bonferroni,0.14285714285714285,,False,0,0,,1082,0,0,0.0,,,,sonnet46
2026091276,u_boost,fixed_sequence,0.2,,False,0,0,,1082,0,0,0.0,,,,sonnet46
2026091276,u_boost,bonferroni,0.2,,False,0,0,,1082,0,0,0.0,,,,sonnet46
2026091276,u_boost,fixed_sequence,0.25,,False,0,0,,1082,0,0,0.0,,,,sonnet46
2026091276,u_boost,bonferroni,0.25,,False,0,0,,1082,0,0,0.0,,,,sonnet46
2026091276,rich_logistic,fixed_sequence,0.1,,False,0,0,,1082,0,0,0.0,,,,sonnet46
2026091276,rich_logistic,bonferroni,0.1,,False,0,0,,1082,0,0,0.0,,,,sonnet46
2026091276,rich_logistic,fixed_sequence,0.14285714285714285,,False,0,0,,1082,0,0,0.0,,,,sonnet46
2026091276,rich_logistic,bonferroni,0.14285714285714285,,False,0,0,,1082,0,0,0.0,,,,sonnet46
2026091276,rich_logistic,fixed_sequence,0.2,,False,0,0,,1082,0,0,0.0,,,,sonnet46
2026091276,rich_logistic,bonferroni,0.2,,False,0,0,,1082,0,0,0.0,,,,sonnet46
2026091276,rich_logistic,fixed_sequence,0.25,,False,0,0,,1082,0,0,0.0,,,,sonnet46
2026091276,rich_logistic,bonferroni,0.25,,False,0,0,,1082,0,0,0.0,,,,sonnet46
2026091276,rich_boost,fixed_sequence,0.1,,False,0,0,,1082,0,0,0.0,,,,sonnet46
2026091276,rich_boost,bonferroni,0.1,,False,0,0,,1082,0,0,0.0,,,,sonnet46
2026091276,rich_boost,fixed_sequence,0.14285714285714285,,False,0,0,,1082,0,0,0.0,,,,sonnet46
2026091276,rich_boost,bonferroni,0.14285714285714285,,False,0,0,,1082,0,0,0.0,,,,sonnet46
2026091276,rich_boost,fixed_sequence,0.2,,False,0,0,,1082,0,0,0.0,,,,sonnet46
2026091276,rich_boost,bonferroni,0.2,,False,0,0,,1082,0,0,0.0,,,,sonnet46
2026091276,rich_boost,fixed_sequence,0.25,,False,0,0,,1082,0,0,0.0,,,,sonnet46
2026091276,rich_boost,bonferroni,0.25,,False,0,0,,1082,0,0,0.0,,,,sonnet46
2026091277,raw_u,fixed_sequence,0.1,,False,0,0,,1082,0,0,0.0,,,,sonnet46
2026091277,raw_u,bonferroni,0.1,,False,0,0,,1082,0,0,0.0,,,,sonnet46
2026091277,raw_u,fixed_sequence,0.14285714285714285,,False,0,0,,1082,0,0,0.0,,,,sonnet46
2026091277,raw_u,bonferroni,0.14285714285714285,,False,0,0,,1082,0,0,0.0,,,,sonnet46
2026091277,raw_u,fixed_sequence,0.2,,False,0,0,,1082,0,0,0.0,,,,sonnet46
2026091277,raw_u,bonferroni,0.2,,False,0,0,,1082,0,0,0.0,,,,sonnet46
2026091277,raw_u,fixed_sequence,0.25,,False,0,0,,1082,0,0,0.0,,,,sonnet46
2026091277,raw_u,bonferroni,0.25,,False,0,0,,1082,0,0,0.0,,,,sonnet46
2026091277,u_boost,fixed_sequence,0.1,,False,0,0,,1082,0,0,0.0,,,,sonnet46
2026091277,u_boost,bonferroni,0.1,,False,0,0,,1082,0,0,0.0,,,,sonnet46
2026091277,u_boost,fixed_sequence,0.14285714285714285,,False,0,0,,1082,0,0,0.0,,,,sonnet46
2026091277,u_boost,bonferroni,0.14285714285714285,,False,0,0,,1082,0,0,0.0,,,,sonnet46
2026091277,u_boost,fixed_sequence,0.2,,False,0,0,,1082,0,0,0.0,,,,sonnet46
2026091277,u_boost,bonferroni,0.2,,False,0,0,,1082,0,0,0.0,,,,sonnet46
2026091277,u_boost,fixed_sequence,0.25,,False,0,0,,1082,0,0,0.0,,,,sonnet46
2026091277,u_boost,bonferroni,0.25,,False,0,0,,1082,0,0,0.0,,,,sonnet46
2026091277,rich_logistic,fixed_sequence,0.1,,False,0,0,,1082,0,0,0.0,,,,sonnet46
2026091277,rich_logistic,bonferroni,0.1,,False,0,0,,1082,0,0,0.0,,,,sonnet46
2026091277,rich_logistic,fixed_sequence,0.14285714285714285,,False,0,0,,1082,0,0,0.0,,,,sonnet46
2026091277,rich_logistic,bonferroni,0.14285714285714285,,False,0,0,,1082,0,0,0.0,,,,sonnet46
2026091277,rich_logistic,fixed_sequence,0.2,,False,0,0,,1082,0,0,0.0,,,,sonnet46
2026091277,rich_logistic,bonferroni,0.2,,False,0,0,,1082,0,0,0.0,,,,sonnet46
2026091277,rich_logistic,fixed_sequence,0.25,,False,0,0,,1082,0,0,0.0,,,,sonnet46
2026091277,rich_logistic,bonferroni,0.25,,False,0,0,,1082,0,0,0.0,,,,sonnet46
2026091277,rich_boost,fixed_sequence,0.1,,False,0,0,,1082,0,0,0.0,,,,sonnet46
2026091277,rich_boost,bonferroni,0.1,,False,0,0,,1082,0,0,0.0,,,,sonnet46
2026091277,rich_boost,fixed_sequence,0.14285714285714285,,False,0,0,,1082,0,0,0.0,,,,sonnet46
2026091277,rich_boost,bonferroni,0.14285714285714285,,False,0,0,,1082,0,0,0.0,,,,sonnet46
2026091277,rich_boost,fixed_sequence,0.2,,False,0,0,,1082,0,0,0.0,,,,sonnet46
2026091277,rich_boost,bonferroni,0.2,,False,0,0,,1082,0,0,0.0,,,,sonnet46
2026091277,rich_boost,fixed_sequence,0.25,,False,0,0,,1082,0,0,0.0,,,,sonnet46
2026091277,rich_boost,bonferroni,0.25,,False,0,0,,1082,0,0,0.0,,,,sonnet46
2026091278,raw_u,fixed_sequence,0.1,,False,0,0,,1082,0,0,0.0,,,,sonnet46
2026091278,raw_u,bonferroni,0.1,,False,0,0,,1082,0,0,0.0,,,,sonnet46
2026091278,raw_u,fixed_sequence,0.14285714285714285,,False,0,0,,1082,0,0,0.0,,,,sonnet46
2026091278,raw_u,bonferroni,0.14285714285714285,,False,0,0,,1082,0,0,0.0,,,,sonnet46
2026091278,raw_u,fixed_sequence,0.2,,False,0,0,,1082,0,0,0.0,,,,sonnet46
2026091278,raw_u,bonferroni,0.2,,False,0,0,,1082,0,0,0.0,,,,sonnet46
2026091278,raw_u,fixed_sequence,0.25,,False,0,0,,1082,0,0,0.0,,,,sonnet46
2026091278,raw_u,bonferroni,0.25,,False,0,0,,1082,0,0,0.0,,,,sonnet46
2026091278,u_boost,fixed_sequence,0.1,,False,0,0,,1082,0,0,0.0,,,,sonnet46
2026091278,u_boost,bonferroni,0.1,,False,0,0,,1082,0,0,0.0,,,,sonnet46
2026091278,u_boost,fixed_sequence,0.14285714285714285,,False,0,0,,1082,0,0,0.0,,,,sonnet46
2026091278,u_boost,bonferroni,0.14285714285714285,,False,0,0,,1082,0,0,0.0,,,,sonnet46
2026091278,u_boost,fixed_sequence,0.2,,False,0,0,,1082,0,0,0.0,,,,sonnet46
2026091278,u_boost,bonferroni,0.2,,False,0,0,,1082,0,0,0.0,,,,sonnet46
2026091278,u_boost,fixed_sequence,0.25,,False,0,0,,1082,0,0,0.0,,,,sonnet46
2026091278,u_boost,bonferroni,0.25,,False,0,0,,1082,0,0,0.0,,,,sonnet46
2026091278,rich_logistic,fixed_sequence,0.1,,False,0,0,,1082,0,0,0.0,,,,sonnet46
2026091278,rich_logistic,bonferroni,0.1,,False,0,0,,1082,0,0,0.0,,,,sonnet46
2026091278,rich_logistic,fixed_sequence,0.14285714285714285,,False,0,0,,1082,0,0,0.0,,,,sonnet46
2026091278,rich_logistic,bonferroni,0.14285714285714285,,False,0,0,,1082,0,0,0.0,,,,sonnet46
2026091278,rich_logistic,fixed_sequence,0.2,,False,0,0,,1082,0,0,0.0,,,,sonnet46
2026091278,rich_logistic,bonferroni,0.2,,False,0,0,,1082,0,0,0.0,,,,sonnet46
2026091278,rich_logistic,fixed_sequence,0.25,,False,0,0,,1082,0,0,0.0,,,,sonnet46
2026091278,rich_logistic,bonferroni,0.25,,False,0,0,,1082,0,0,0.0,,,,sonnet46
2026091278,rich_boost,fixed_sequence,0.1,,False,0,0,,1082,0,0,0.0,,,,sonnet46
2026091278,rich_boost,bonferroni,0.1,,False,0,0,,1082,0,0,0.0,,,,sonnet46
2026091278,rich_boost,fixed_sequence,0.14285714285714285,,False,0,0,,1082,0,0,0.0,,,,sonnet46
2026091278,rich_boost,bonferroni,0.14285714285714285,,False,0,0,,1082,0,0,0.0,,,,sonnet46
2026091278,rich_boost,fixed_sequence,0.2,,False,0,0,,1082,0,0,0.0,,,,sonnet46
2026091278,rich_boost,bonferroni,0.2,,False,0,0,,1082,0,0,0.0,,,,sonnet46
2026091278,rich_boost,fixed_sequence,0.25,,False,0,0,,1082,0,0,0.0,,,,sonnet46
2026091278,rich_boost,bonferroni,0.25,,False,0,0,,1082,0,0,0.0,,,,sonnet46
2026091279,raw_u,fixed_sequence,0.1,,False,0,0,,1082,0,0,0.0,,,,sonnet46
2026091279,raw_u,bonferroni,0.1,,False,0,0,,1082,0,0,0.0,,,,sonnet46
2026091279,raw_u,fixed_sequence,0.14285714285714285,,False,0,0,,1082,0,0,0.0,,,,sonnet46
2026091279,raw_u,bonferroni,0.14285714285714285,,False,0,0,,1082,0,0,0.0,,,,sonnet46
2026091279,raw_u,fixed_sequence,0.2,,False,0,0,,1082,0,0,0.0,,,,sonnet46
2026091279,raw_u,bonferroni,0.2,,False,0,0,,1082,0,0,0.0,,,,sonnet46
2026091279,raw_u,fixed_sequence,0.25,,False,0,0,,1082,0,0,0.0,,,,sonnet46
2026091279,raw_u,bonferroni,0.25,,False,0,0,,1082,0,0,0.0,,,,sonnet46
2026091279,u_boost,fixed_sequence,0.1,,False,0,0,,1082,0,0,0.0,,,,sonnet46
2026091279,u_boost,bonferroni,0.1,,False,0,0,,1082,0,0,0.0,,,,sonnet46
2026091279,u_boost,fixed_sequence,0.14285714285714285,,False,0,0,,1082,0,0,0.0,,,,sonnet46
2026091279,u_boost,bonferroni,0.14285714285714285,,False,0,0,,1082,0,0,0.0,,,,sonnet46
2026091279,u_boost,fixed_sequence,0.2,,False,0,0,,1082,0,0,0.0,,,,sonnet46
2026091279,u_boost,bonferroni,0.2,,False,0,0,,1082,0,0,0.0,,,,sonnet46
2026091279,u_boost,fixed_sequence,0.25,,False,0,0,,1082,0,0,0.0,,,,sonnet46
2026091279,u_boost,bonferroni,0.25,,False,0,0,,1082,0,0,0.0,,,,sonnet46
2026091279,rich_logistic,fixed_sequence,0.1,,False,0,0,,1082,0,0,0.0,,,,sonnet46
2026091279,rich_logistic,bonferroni,0.1,,False,0,0,,1082,0,0,0.0,,,,sonnet46
2026091279,rich_logistic,fixed_sequence,0.14285714285714285,,False,0,0,,1082,0,0,0.0,,,,sonnet46
2026091279,rich_logistic,bonferroni,0.14285714285714285,,False,0,0,,1082,0,0,0.0,,,,sonnet46
2026091279,rich_logistic,fixed_sequence,0.2,,False,0,0,,1082,0,0,0.0,,,,sonnet46
2026091279,rich_logistic,bonferroni,0.2,,False,0,0,,1082,0,0,0.0,,,,sonnet46
2026091279,rich_logistic,fixed_sequence,0.25,,False,0,0,,1082,0,0,0.0,,,,sonnet46
2026091279,rich_logistic,bonferroni,0.25,,False,0,0,,1082,0,0,0.0,,,,sonnet46
2026091279,rich_boost,fixed_sequence,0.1,,False,0,0,,1082,0,0,0.0,,,,sonnet46
2026091279,rich_boost,bonferroni,0.1,,False,0,0,,1082,0,0,0.0,,,,sonnet46
2026091279,rich_boost,fixed_sequence,0.14285714285714285,,False,0,0,,1082,0,0,0.0,,,,sonnet46
2026091279,rich_boost,bonferroni,0.14285714285714285,,False,0,0,,1082,0,0,0.0,,,,sonnet46
2026091279,rich_boost,fixed_sequence,0.2,,False,0,0,,1082,0,0,0.0,,,,sonnet46
2026091279,rich_boost,bonferroni,0.2,,False,0,0,,1082,0,0,0.0,,,,sonnet46
2026091279,rich_boost,fixed_sequence,0.25,,False,0,0,,1082,0,0,0.0,,,,sonnet46
2026091279,rich_boost,bonferroni,0.25,,False,0,0,,1082,0,0,0.0,,,,sonnet46
2026091280,raw_u,fixed_sequence,0.1,,False,0,0,,1082,0,0,0.0,,,,sonnet46
2026091280,raw_u,bonferroni,0.1,,False,0,0,,1082,0,0,0.0,,,,sonnet46
2026091280,raw_u,fixed_sequence,0.14285714285714285,,False,0,0,,1082,0,0,0.0,,,,sonnet46
2026091280,raw_u,bonferroni,0.14285714285714285,,False,0,0,,1082,0,0,0.0,,,,sonnet46
2026091280,raw_u,fixed_sequence,0.2,,False,0,0,,1082,0,0,0.0,,,,sonnet46
2026091280,raw_u,bonferroni,0.2,,False,0,0,,1082,0,0,0.0,,,,sonnet46
2026091280,raw_u,fixed_sequence,0.25,,False,0,0,,1082,0,0,0.0,,,,sonnet46
2026091280,raw_u,bonferroni,0.25,,False,0,0,,1082,0,0,0.0,,,,sonnet46
2026091280,u_boost,fixed_sequence,0.1,,False,0,0,,1082,0,0,0.0,,,,sonnet46
2026091280,u_boost,bonferroni,0.1,,False,0,0,,1082,0,0,0.0,,,,sonnet46
2026091280,u_boost,fixed_sequence,0.14285714285714285,,False,0,0,,1082,0,0,0.0,,,,sonnet46
2026091280,u_boost,bonferroni,0.14285714285714285,,False,0,0,,1082,0,0,0.0,,,,sonnet46
2026091280,u_boost,fixed_sequence,0.2,,False,0,0,,1082,0,0,0.0,,,,sonnet46
2026091280,u_boost,bonferroni,0.2,,False,0,0,,1082,0,0,0.0,,,,sonnet46
2026091280,u_boost,fixed_sequence,0.25,,False,0,0,,1082,0,0,0.0,,,,sonnet46
2026091280,u_boost,bonferroni,0.25,,False,0,0,,1082,0,0,0.0,,,,sonnet46
2026091280,rich_logistic,fixed_sequence,0.1,,False,0,0,,1082,0,0,0.0,,,,sonnet46
2026091280,rich_logistic,bonferroni,0.1,,False,0,0,,1082,0,0,0.0,,,,sonnet46
2026091280,rich_logistic,fixed_sequence,0.14285714285714285,,False,0,0,,1082,0,0,0.0,,,,sonnet46
2026091280,rich_logistic,bonferroni,0.14285714285714285,,False,0,0,,1082,0,0,0.0,,,,sonnet46
2026091280,rich_logistic,fixed_sequence,0.2,,False,0,0,,1082,0,0,0.0,,,,sonnet46
2026091280,rich_logistic,bonferroni,0.2,,False,0,0,,1082,0,0,0.0,,,,sonnet46
2026091280,rich_logistic,fixed_sequence,0.25,,False,0,0,,1082,0,0,0.0,,,,sonnet46
2026091280,rich_logistic,bonferroni,0.25,,False,0,0,,1082,0,0,0.0,,,,sonnet46
2026091280,rich_boost,fixed_sequence,0.1,,False,0,0,,1082,0,0,0.0,,,,sonnet46
2026091280,rich_boost,bonferroni,0.1,,False,0,0,,1082,0,0,0.0,,,,sonnet46
2026091280,rich_boost,fixed_sequence,0.14285714285714285,,False,0,0,,1082,0,0,0.0,,,,sonnet46
2026091280,rich_boost,bonferroni,0.14285714285714285,,False,0,0,,1082,0,0,0.0,,,,sonnet46
2026091280,rich_boost,fixed_sequence,0.2,,False,0,0,,1082,0,0,0.0,,,,sonnet46
2026091280,rich_boost,bonferroni,0.2,,False,0,0,,1082,0,0,0.0,,,,sonnet46
2026091280,rich_boost,fixed_sequence,0.25,,False,0,0,,1082,0,0,0.0,,,,sonnet46
2026091280,rich_boost,bonferroni,0.25,,False,0,0,,1082,0,0,0.0,,,,sonnet46
2026091281,raw_u,fixed_sequence,0.1,,False,0,0,,1082,0,0,0.0,,,,sonnet46
2026091281,raw_u,bonferroni,0.1,,False,0,0,,1082,0,0,0.0,,,,sonnet46
2026091281,raw_u,fixed_sequence,0.14285714285714285,,False,0,0,,1082,0,0,0.0,,,,sonnet46
2026091281,raw_u,bonferroni,0.14285714285714285,,False,0,0,,1082,0,0,0.0,,,,sonnet46
2026091281,raw_u,fixed_sequence,0.2,,False,0,0,,1082,0,0,0.0,,,,sonnet46
2026091281,raw_u,bonferroni,0.2,,False,0,0,,1082,0,0,0.0,,,,sonnet46
2026091281,raw_u,fixed_sequence,0.25,,False,0,0,,1082,0,0,0.0,,,,sonnet46
2026091281,raw_u,bonferroni,0.25,,False,0,0,,1082,0,0,0.0,,,,sonnet46
2026091281,u_boost,fixed_sequence,0.1,,False,0,0,,1082,0,0,0.0,,,,sonnet46
2026091281,u_boost,bonferroni,0.1,,False,0,0,,1082,0,0,0.0,,,,sonnet46
2026091281,u_boost,fixed_sequence,0.14285714285714285,,False,0,0,,1082,0,0,0.0,,,,sonnet46
2026091281,u_boost,bonferroni,0.14285714285714285,,False,0,0,,1082,0,0,0.0,,,,sonnet46
2026091281,u_boost,fixed_sequence,0.2,,False,0,0,,1082,0,0,0.0,,,,sonnet46
2026091281,u_boost,bonferroni,0.2,,False,0,0,,1082,0,0,0.0,,,,sonnet46
2026091281,u_boost,fixed_sequence,0.25,,False,0,0,,1082,0,0,0.0,,,,sonnet46
2026091281,u_boost,bonferroni,0.25,,False,0,0,,1082,0,0,0.0,,,,sonnet46
2026091281,rich_logistic,fixed_sequence,0.1,,False,0,0,,1082,0,0,0.0,,,,sonnet46
2026091281,rich_logistic,bonferroni,0.1,,False,0,0,,1082,0,0,0.0,,,,sonnet46
2026091281,rich_logistic,fixed_sequence,0.14285714285714285,,False,0,0,,1082,0,0,0.0,,,,sonnet46
2026091281,rich_logistic,bonferroni,0.14285714285714285,,False,0,0,,1082,0,0,0.0,,,,sonnet46
2026091281,rich_logistic,fixed_sequence,0.2,,False,0,0,,1082,0,0,0.0,,,,sonnet46
2026091281,rich_logistic,bonferroni,0.2,,False,0,0,,1082,0,0,0.0,,,,sonnet46
2026091281,rich_logistic,fixed_sequence,0.25,,False,0,0,,1082,0,0,0.0,,,,sonnet46
2026091281,rich_logistic,bonferroni,0.25,,False,0,0,,1082,0,0,0.0,,,,sonnet46
2026091281,rich_boost,fixed_sequence,0.1,,False,0,0,,1082,0,0,0.0,,,,sonnet46
2026091281,rich_boost,bonferroni,0.1,,False,0,0,,1082,0,0,0.0,,,,sonnet46
2026091281,rich_boost,fixed_sequence,0.14285714285714285,,False,0,0,,1082,0,0,0.0,,,,sonnet46
2026091281,rich_boost,bonferroni,0.14285714285714285,,False,0,0,,1082,0,0,0.0,,,,sonnet46
2026091281,rich_boost,fixed_sequence,0.2,,False,0,0,,1082,0,0,0.0,,,,sonnet46
2026091281,rich_boost,bonferroni,0.2,,False,0,0,,1082,0,0,0.0,,,,sonnet46
2026091281,rich_boost,fixed_sequence,0.25,,False,0,0,,1082,0,0,0.0,,,,sonnet46
2026091281,rich_boost,bonferroni,0.25,,False,0,0,,1082,0,0,0.0,,,,sonnet46
2026091282,raw_u,fixed_sequence,0.1,,False,0,0,,1082,0,0,0.0,,,,sonnet46
2026091282,raw_u,bonferroni,0.1,,False,0,0,,1082,0,0,0.0,,,,sonnet46
2026091282,raw_u,fixed_sequence,0.14285714285714285,,False,0,0,,1082,0,0,0.0,,,,sonnet46
2026091282,raw_u,bonferroni,0.14285714285714285,,False,0,0,,1082,0,0,0.0,,,,sonnet46
2026091282,raw_u,fixed_sequence,0.2,,False,0,0,,1082,0,0,0.0,,,,sonnet46
2026091282,raw_u,bonferroni,0.2,,False,0,0,,1082,0,0,0.0,,,,sonnet46
2026091282,raw_u,fixed_sequence,0.25,,False,0,0,,1082,0,0,0.0,,,,sonnet46
2026091282,raw_u,bonferroni,0.25,,False,0,0,,1082,0,0,0.0,,,,sonnet46
2026091282,u_boost,fixed_sequence,0.1,,False,0,0,,1082,0,0,0.0,,,,sonnet46
2026091282,u_boost,bonferroni,0.1,,False,0,0,,1082,0,0,0.0,,,,sonnet46
2026091282,u_boost,fixed_sequence,0.14285714285714285,,False,0,0,,1082,0,0,0.0,,,,sonnet46
2026091282,u_boost,bonferroni,0.14285714285714285,,False,0,0,,1082,0,0,0.0,,,,sonnet46
2026091282,u_boost,fixed_sequence,0.2,,False,0,0,,1082,0,0,0.0,,,,sonnet46
2026091282,u_boost,bonferroni,0.2,,False,0,0,,1082,0,0,0.0,,,,sonnet46
2026091282,u_boost,fixed_sequence,0.25,,False,0,0,,1082,0,0,0.0,,,,sonnet46
2026091282,u_boost,bonferroni,0.25,,False,0,0,,1082,0,0,0.0,,,,sonnet46
2026091282,rich_logistic,fixed_sequence,0.1,,False,0,0,,1082,0,0,0.0,,,,sonnet46
2026091282,rich_logistic,bonferroni,0.1,,False,0,0,,1082,0,0,0.0,,,,sonnet46
2026091282,rich_logistic,fixed_sequence,0.14285714285714285,,False,0,0,,1082,0,0,0.0,,,,sonnet46
2026091282,rich_logistic,bonferroni,0.14285714285714285,,False,0,0,,1082,0,0,0.0,,,,sonnet46
2026091282,rich_logistic,fixed_sequence,0.2,,False,0,0,,1082,0,0,0.0,,,,sonnet46
2026091282,rich_logistic,bonferroni,0.2,,False,0,0,,1082,0,0,0.0,,,,sonnet46
2026091282,rich_logistic,fixed_sequence,0.25,,False,0,0,,1082,0,0,0.0,,,,sonnet46
2026091282,rich_logistic,bonferroni,0.25,,False,0,0,,1082,0,0,0.0,,,,sonnet46
2026091282,rich_boost,fixed_sequence,0.1,,False,0,0,,1082,0,0,0.0,,,,sonnet46
2026091282,rich_boost,bonferroni,0.1,,False,0,0,,1082,0,0,0.0,,,,sonnet46
2026091282,rich_boost,fixed_sequence,0.14285714285714285,,False,0,0,,1082,0,0,0.0,,,,sonnet46
2026091282,rich_boost,bonferroni,0.14285714285714285,,False,0,0,,1082,0,0,0.0,,,,sonnet46
2026091282,rich_boost,fixed_sequence,0.2,,False,0,0,,1082,0,0,0.0,,,,sonnet46
2026091282,rich_boost,bonferroni,0.2,,False,0,0,,1082,0,0,0.0,,,,sonnet46
2026091282,rich_boost,fixed_sequence,0.25,,False,0,0,,1082,0,0,0.0,,,,sonnet46
2026091282,rich_boost,bonferroni,0.25,,False,0,0,,1082,0,0,0.0,,,,sonnet46
2026091283,raw_u,fixed_sequence,0.1,,False,0,0,,1082,0,0,0.0,,,,sonnet46
2026091283,raw_u,bonferroni,0.1,,False,0,0,,1082,0,0,0.0,,,,sonnet46
2026091283,raw_u,fixed_sequence,0.14285714285714285,,False,0,0,,1082,0,0,0.0,,,,sonnet46
2026091283,raw_u,bonferroni,0.14285714285714285,,False,0,0,,1082,0,0,0.0,,,,sonnet46
2026091283,raw_u,fixed_sequence,0.2,,False,0,0,,1082,0,0,0.0,,,,sonnet46
2026091283,raw_u,bonferroni,0.2,,False,0,0,,1082,0,0,0.0,,,,sonnet46
2026091283,raw_u,fixed_sequence,0.25,,False,0,0,,1082,0,0,0.0,,,,sonnet46
2026091283,raw_u,bonferroni,0.25,,False,0,0,,1082,0,0,0.0,,,,sonnet46
2026091283,u_boost,fixed_sequence,0.1,,False,0,0,,1082,0,0,0.0,,,,sonnet46
2026091283,u_boost,bonferroni,0.1,,False,0,0,,1082,0,0,0.0,,,,sonnet46
2026091283,u_boost,fixed_sequence,0.14285714285714285,,False,0,0,,1082,0,0,0.0,,,,sonnet46
2026091283,u_boost,bonferroni,0.14285714285714285,,False,0,0,,1082,0,0,0.0,,,,sonnet46
2026091283,u_boost,fixed_sequence,0.2,,False,0,0,,1082,0,0,0.0,,,,sonnet46
2026091283,u_boost,bonferroni,0.2,,False,0,0,,1082,0,0,0.0,,,,sonnet46
2026091283,u_boost,fixed_sequence,0.25,0.75,True,44,4,0.2358491180011063,1082,58,11,0.053604436229205174,0.1896551724137931,0.09866381684208682,0.3140508615938413,sonnet46
2026091283,u_boost,bonferroni,0.25,,False,0,0,,1082,0,0,0.0,,,,sonnet46
2026091283,rich_logistic,fixed_sequence,0.1,,False,0,0,,1082,0,0,0.0,,,,sonnet46
2026091283,rich_logistic,bonferroni,0.1,,False,0,0,,1082,0,0,0.0,,,,sonnet46
2026091283,rich_logistic,fixed_sequence,0.14285714285714285,,False,0,0,,1082,0,0,0.0,,,,sonnet46
2026091283,rich_logistic,bonferroni,0.14285714285714285,,False,0,0,,1082,0,0,0.0,,,,sonnet46
2026091283,rich_logistic,fixed_sequence,0.2,,False,0,0,,1082,0,0,0.0,,,,sonnet46
2026091283,rich_logistic,bonferroni,0.2,,False,0,0,,1082,0,0,0.0,,,,sonnet46
2026091283,rich_logistic,fixed_sequence,0.25,,False,0,0,,1082,0,0,0.0,,,,sonnet46
2026091283,rich_logistic,bonferroni,0.25,,False,0,0,,1082,0,0,0.0,,,,sonnet46
2026091283,rich_boost,fixed_sequence,0.1,,False,0,0,,1082,0,0,0.0,,,,sonnet46
2026091283,rich_boost,bonferroni,0.1,,False,0,0,,1082,0,0,0.0,,,,sonnet46
2026091283,rich_boost,fixed_sequence,0.14285714285714285,,False,0,0,,1082,0,0,0.0,,,,sonnet46
2026091283,rich_boost,bonferroni,0.14285714285714285,,False,0,0,,1082,0,0,0.0,,,,sonnet46
2026091283,rich_boost,fixed_sequence,0.2,,False,0,0,,1082,0,0,0.0,,,,sonnet46
2026091283,rich_boost,bonferroni,0.2,,False,0,0,,1082,0,0,0.0,,,,sonnet46
2026091283,rich_boost,fixed_sequence,0.25,,False,0,0,,1082,0,0,0.0,,,,sonnet46
2026091283,rich_boost,bonferroni,0.25,,False,0,0,,1082,0,0,0.0,,,,sonnet46
2026091284,raw_u,fixed_sequence,0.1,,False,0,0,,1082,0,0,0.0,,,,sonnet46
2026091284,raw_u,bonferroni,0.1,,False,0,0,,1082,0,0,0.0,,,,sonnet46
2026091284,raw_u,fixed_sequence,0.14285714285714285,,False,0,0,,1082,0,0,0.0,,,,sonnet46
2026091284,raw_u,bonferroni,0.14285714285714285,,False,0,0,,1082,0,0,0.0,,,,sonnet46
2026091284,raw_u,fixed_sequence,0.2,,False,0,0,,1082,0,0,0.0,,,,sonnet46
2026091284,raw_u,bonferroni,0.2,,False,0,0,,1082,0,0,0.0,,,,sonnet46
2026091284,raw_u,fixed_sequence,0.25,,False,0,0,,1082,0,0,0.0,,,,sonnet46
2026091284,raw_u,bonferroni,0.25,,False,0,0,,1082,0,0,0.0,,,,sonnet46
2026091284,u_boost,fixed_sequence,0.1,,False,0,0,,1082,0,0,0.0,,,,sonnet46
2026091284,u_boost,bonferroni,0.1,,False,0,0,,1082,0,0,0.0,,,,sonnet46
2026091284,u_boost,fixed_sequence,0.14285714285714285,,False,0,0,,1082,0,0,0.0,,,,sonnet46
2026091284,u_boost,bonferroni,0.14285714285714285,,False,0,0,,1082,0,0,0.0,,,,sonnet46
2026091284,u_boost,fixed_sequence,0.2,,False,0,0,,1082,0,0,0.0,,,,sonnet46
2026091284,u_boost,bonferroni,0.2,,False,0,0,,1082,0,0,0.0,,,,sonnet46
2026091284,u_boost,fixed_sequence,0.25,,False,0,0,,1082,0,0,0.0,,,,sonnet46
2026091284,u_boost,bonferroni,0.25,,False,0,0,,1082,0,0,0.0,,,,sonnet46
2026091284,rich_logistic,fixed_sequence,0.1,,False,0,0,,1082,0,0,0.0,,,,sonnet46
2026091284,rich_logistic,bonferroni,0.1,,False,0,0,,1082,0,0,0.0,,,,sonnet46
2026091284,rich_logistic,fixed_sequence,0.14285714285714285,,False,0,0,,1082,0,0,0.0,,,,sonnet46
2026091284,rich_logistic,bonferroni,0.14285714285714285,,False,0,0,,1082,0,0,0.0,,,,sonnet46
2026091284,rich_logistic,fixed_sequence,0.2,,False,0,0,,1082,0,0,0.0,,,,sonnet46
2026091284,rich_logistic,bonferroni,0.2,,False,0,0,,1082,0,0,0.0,,,,sonnet46
2026091284,rich_logistic,fixed_sequence,0.25,,False,0,0,,1082,0,0,0.0,,,,sonnet46
2026091284,rich_logistic,bonferroni,0.25,,False,0,0,,1082,0,0,0.0,,,,sonnet46
2026091284,rich_boost,fixed_sequence,0.1,,False,0,0,,1082,0,0,0.0,,,,sonnet46
2026091284,rich_boost,bonferroni,0.1,,False,0,0,,1082,0,0,0.0,,,,sonnet46
2026091284,rich_boost,fixed_sequence,0.14285714285714285,,False,0,0,,1082,0,0,0.0,,,,sonnet46
2026091284,rich_boost,bonferroni,0.14285714285714285,,False,0,0,,1082,0,0,0.0,,,,sonnet46
2026091284,rich_boost,fixed_sequence,0.2,,False,0,0,,1082,0,0,0.0,,,,sonnet46
2026091284,rich_boost,bonferroni,0.2,,False,0,0,,1082,0,0,0.0,,,,sonnet46
2026091284,rich_boost,fixed_sequence,0.25,,False,0,0,,1082,0,0,0.0,,,,sonnet46
2026091284,rich_boost,bonferroni,0.25,,False,0,0,,1082,0,0,0.0,,,,sonnet46
2026091285,raw_u,fixed_sequence,0.1,,False,0,0,,1082,0,0,0.0,,,,sonnet46
2026091285,raw_u,bonferroni,0.1,,False,0,0,,1082,0,0,0.0,,,,sonnet46
2026091285,raw_u,fixed_sequence,0.14285714285714285,,False,0,0,,1082,0,0,0.0,,,,sonnet46
2026091285,raw_u,bonferroni,0.14285714285714285,,False,0,0,,1082,0,0,0.0,,,,sonnet46
2026091285,raw_u,fixed_sequence,0.2,,False,0,0,,1082,0,0,0.0,,,,sonnet46
2026091285,raw_u,bonferroni,0.2,,False,0,0,,1082,0,0,0.0,,,,sonnet46
2026091285,raw_u,fixed_sequence,0.25,,False,0,0,,1082,0,0,0.0,,,,sonnet46
2026091285,raw_u,bonferroni,0.25,,False,0,0,,1082,0,0,0.0,,,,sonnet46
2026091285,u_boost,fixed_sequence,0.1,,False,0,0,,1082,0,0,0.0,,,,sonnet46
2026091285,u_boost,bonferroni,0.1,,False,0,0,,1082,0,0,0.0,,,,sonnet46
2026091285,u_boost,fixed_sequence,0.14285714285714285,,False,0,0,,1082,0,0,0.0,,,,sonnet46
2026091285,u_boost,bonferroni,0.14285714285714285,,False,0,0,,1082,0,0,0.0,,,,sonnet46
2026091285,u_boost,fixed_sequence,0.2,,False,0,0,,1082,0,0,0.0,,,,sonnet46
2026091285,u_boost,bonferroni,0.2,,False,0,0,,1082,0,0,0.0,,,,sonnet46
2026091285,u_boost,fixed_sequence,0.25,,False,0,0,,1082,0,0,0.0,,,,sonnet46
2026091285,u_boost,bonferroni,0.25,,False,0,0,,1082,0,0,0.0,,,,sonnet46
2026091285,rich_logistic,fixed_sequence,0.1,,False,0,0,,1082,0,0,0.0,,,,sonnet46
2026091285,rich_logistic,bonferroni,0.1,,False,0,0,,1082,0,0,0.0,,,,sonnet46
2026091285,rich_logistic,fixed_sequence,0.14285714285714285,,False,0,0,,1082,0,0,0.0,,,,sonnet46
2026091285,rich_logistic,bonferroni,0.14285714285714285,,False,0,0,,1082,0,0,0.0,,,,sonnet46
2026091285,rich_logistic,fixed_sequence,0.2,,False,0,0,,1082,0,0,0.0,,,,sonnet46
2026091285,rich_logistic,bonferroni,0.2,,False,0,0,,1082,0,0,0.0,,,,sonnet46
2026091285,rich_logistic,fixed_sequence,0.25,,False,0,0,,1082,0,0,0.0,,,,sonnet46
2026091285,rich_logistic,bonferroni,0.25,,False,0,0,,1082,0,0,0.0,,,,sonnet46
2026091285,rich_boost,fixed_sequence,0.1,,False,0,0,,1082,0,0,0.0,,,,sonnet46
2026091285,rich_boost,bonferroni,0.1,,False,0,0,,1082,0,0,0.0,,,,sonnet46
2026091285,rich_boost,fixed_sequence,0.14285714285714285,,False,0,0,,1082,0,0,0.0,,,,sonnet46
2026091285,rich_boost,bonferroni,0.14285714285714285,,False,0,0,,1082,0,0,0.0,,,,sonnet46
2026091285,rich_boost,fixed_sequence,0.2,,False,0,0,,1082,0,0,0.0,,,,sonnet46
2026091285,rich_boost,bonferroni,0.2,,False,0,0,,1082,0,0,0.0,,,,sonnet46
2026091285,rich_boost,fixed_sequence,0.25,,False,0,0,,1082,0,0,0.0,,,,sonnet46
2026091285,rich_boost,bonferroni,0.25,,False,0,0,,1082,0,0,0.0,,,,sonnet46
2026091286,raw_u,fixed_sequence,0.1,,False,0,0,,1082,0,0,0.0,,,,sonnet46
2026091286,raw_u,bonferroni,0.1,,False,0,0,,1082,0,0,0.0,,,,sonnet46
2026091286,raw_u,fixed_sequence,0.14285714285714285,,False,0,0,,1082,0,0,0.0,,,,sonnet46
2026091286,raw_u,bonferroni,0.14285714285714285,,False,0,0,,1082,0,0,0.0,,,,sonnet46
2026091286,raw_u,fixed_sequence,0.2,,False,0,0,,1082,0,0,0.0,,,,sonnet46
2026091286,raw_u,bonferroni,0.2,,False,0,0,,1082,0,0,0.0,,,,sonnet46
2026091286,raw_u,fixed_sequence,0.25,,False,0,0,,1082,0,0,0.0,,,,sonnet46
2026091286,raw_u,bonferroni,0.25,,False,0,0,,1082,0,0,0.0,,,,sonnet46
2026091286,u_boost,fixed_sequence,0.1,,False,0,0,,1082,0,0,0.0,,,,sonnet46
2026091286,u_boost,bonferroni,0.1,,False,0,0,,1082,0,0,0.0,,,,sonnet46
2026091286,u_boost,fixed_sequence,0.14285714285714285,,False,0,0,,1082,0,0,0.0,,,,sonnet46
2026091286,u_boost,bonferroni,0.14285714285714285,,False,0,0,,1082,0,0,0.0,,,,sonnet46
2026091286,u_boost,fixed_sequence,0.2,,False,0,0,,1082,0,0,0.0,,,,sonnet46
2026091286,u_boost,bonferroni,0.2,,False,0,0,,1082,0,0,0.0,,,,sonnet46
2026091286,u_boost,fixed_sequence,0.25,,False,0,0,,1082,0,0,0.0,,,,sonnet46
2026091286,u_boost,bonferroni,0.25,,False,0,0,,1082,0,0,0.0,,,,sonnet46
2026091286,rich_logistic,fixed_sequence,0.1,,False,0,0,,1082,0,0,0.0,,,,sonnet46
2026091286,rich_logistic,bonferroni,0.1,,False,0,0,,1082,0,0,0.0,,,,sonnet46
2026091286,rich_logistic,fixed_sequence,0.14285714285714285,,False,0,0,,1082,0,0,0.0,,,,sonnet46
2026091286,rich_logistic,bonferroni,0.14285714285714285,,False,0,0,,1082,0,0,0.0,,,,sonnet46
2026091286,rich_logistic,fixed_sequence,0.2,,False,0,0,,1082,0,0,0.0,,,,sonnet46
2026091286,rich_logistic,bonferroni,0.2,,False,0,0,,1082,0,0,0.0,,,,sonnet46
2026091286,rich_logistic,fixed_sequence,0.25,,False,0,0,,1082,0,0,0.0,,,,sonnet46
2026091286,rich_logistic,bonferroni,0.25,,False,0,0,,1082,0,0,0.0,,,,sonnet46
2026091286,rich_boost,fixed_sequence,0.1,,False,0,0,,1082,0,0,0.0,,,,sonnet46
2026091286,rich_boost,bonferroni,0.1,,False,0,0,,1082,0,0,0.0,,,,sonnet46
2026091286,rich_boost,fixed_sequence,0.14285714285714285,,False,0,0,,1082,0,0,0.0,,,,sonnet46
2026091286,rich_boost,bonferroni,0.14285714285714285,,False,0,0,,1082,0,0,0.0,,,,sonnet46
2026091286,rich_boost,fixed_sequence,0.2,,False,0,0,,1082,0,0,0.0,,,,sonnet46
2026091286,rich_boost,bonferroni,0.2,,False,0,0,,1082,0,0,0.0,,,,sonnet46
2026091286,rich_boost,fixed_sequence,0.25,,False,0,0,,1082,0,0,0.0,,,,sonnet46
2026091286,rich_boost,bonferroni,0.25,,False,0,0,,1082,0,0,0.0,,,,sonnet46
2026091287,raw_u,fixed_sequence,0.1,,False,0,0,,1082,0,0,0.0,,,,sonnet46
2026091287,raw_u,bonferroni,0.1,,False,0,0,,1082,0,0,0.0,,,,sonnet46
2026091287,raw_u,fixed_sequence,0.14285714285714285,,False,0,0,,1082,0,0,0.0,,,,sonnet46
2026091287,raw_u,bonferroni,0.14285714285714285,,False,0,0,,1082,0,0,0.0,,,,sonnet46
2026091287,raw_u,fixed_sequence,0.2,,False,0,0,,1082,0,0,0.0,,,,sonnet46
2026091287,raw_u,bonferroni,0.2,,False,0,0,,1082,0,0,0.0,,,,sonnet46
2026091287,raw_u,fixed_sequence,0.25,,False,0,0,,1082,0,0,0.0,,,,sonnet46
2026091287,raw_u,bonferroni,0.25,,False,0,0,,1082,0,0,0.0,,,,sonnet46
2026091287,u_boost,fixed_sequence,0.1,,False,0,0,,1082,0,0,0.0,,,,sonnet46
2026091287,u_boost,bonferroni,0.1,,False,0,0,,1082,0,0,0.0,,,,sonnet46
2026091287,u_boost,fixed_sequence,0.14285714285714285,,False,0,0,,1082,0,0,0.0,,,,sonnet46
2026091287,u_boost,bonferroni,0.14285714285714285,,False,0,0,,1082,0,0,0.0,,,,sonnet46
2026091287,u_boost,fixed_sequence,0.2,,False,0,0,,1082,0,0,0.0,,,,sonnet46
2026091287,u_boost,bonferroni,0.2,,False,0,0,,1082,0,0,0.0,,,,sonnet46
2026091287,u_boost,fixed_sequence,0.25,,False,0,0,,1082,0,0,0.0,,,,sonnet46
2026091287,u_boost,bonferroni,0.25,,False,0,0,,1082,0,0,0.0,,,,sonnet46
2026091287,rich_logistic,fixed_sequence,0.1,,False,0,0,,1082,0,0,0.0,,,,sonnet46
2026091287,rich_logistic,bonferroni,0.1,,False,0,0,,1082,0,0,0.0,,,,sonnet46
2026091287,rich_logistic,fixed_sequence,0.14285714285714285,,False,0,0,,1082,0,0,0.0,,,,sonnet46
2026091287,rich_logistic,bonferroni,0.14285714285714285,,False,0,0,,1082,0,0,0.0,,,,sonnet46
2026091287,rich_logistic,fixed_sequence,0.2,,False,0,0,,1082,0,0,0.0,,,,sonnet46
2026091287,rich_logistic,bonferroni,0.2,,False,0,0,,1082,0,0,0.0,,,,sonnet46
2026091287,rich_logistic,fixed_sequence,0.25,,False,0,0,,1082,0,0,0.0,,,,sonnet46
2026091287,rich_logistic,bonferroni,0.25,,False,0,0,,1082,0,0,0.0,,,,sonnet46
2026091287,rich_boost,fixed_sequence,0.1,,False,0,0,,1082,0,0,0.0,,,,sonnet46
2026091287,rich_boost,bonferroni,0.1,,False,0,0,,1082,0,0,0.0,,,,sonnet46
2026091287,rich_boost,fixed_sequence,0.14285714285714285,,False,0,0,,1082,0,0,0.0,,,,sonnet46
2026091287,rich_boost,bonferroni,0.14285714285714285,,False,0,0,,1082,0,0,0.0,,,,sonnet46
2026091287,rich_boost,fixed_sequence,0.2,,False,0,0,,1082,0,0,0.0,,,,sonnet46
2026091287,rich_boost,bonferroni,0.2,,False,0,0,,1082,0,0,0.0,,,,sonnet46
2026091287,rich_boost,fixed_sequence,0.25,,False,0,0,,1082,0,0,0.0,,,,sonnet46
2026091287,rich_boost,bonferroni,0.25,,False,0,0,,1082,0,0,0.0,,,,sonnet46
2026091288,raw_u,fixed_sequence,0.1,,False,0,0,,1082,0,0,0.0,,,,sonnet46
2026091288,raw_u,bonferroni,0.1,,False,0,0,,1082,0,0,0.0,,,,sonnet46
2026091288,raw_u,fixed_sequence,0.14285714285714285,,False,0,0,,1082,0,0,0.0,,,,sonnet46
2026091288,raw_u,bonferroni,0.14285714285714285,,False,0,0,,1082,0,0,0.0,,,,sonnet46
2026091288,raw_u,fixed_sequence,0.2,,False,0,0,,1082,0,0,0.0,,,,sonnet46
2026091288,raw_u,bonferroni,0.2,,False,0,0,,1082,0,0,0.0,,,,sonnet46
2026091288,raw_u,fixed_sequence,0.25,,False,0,0,,1082,0,0,0.0,,,,sonnet46
2026091288,raw_u,bonferroni,0.25,,False,0,0,,1082,0,0,0.0,,,,sonnet46
2026091288,u_boost,fixed_sequence,0.1,,False,0,0,,1082,0,0,0.0,,,,sonnet46
2026091288,u_boost,bonferroni,0.1,,False,0,0,,1082,0,0,0.0,,,,sonnet46
2026091288,u_boost,fixed_sequence,0.14285714285714285,,False,0,0,,1082,0,0,0.0,,,,sonnet46
2026091288,u_boost,bonferroni,0.14285714285714285,,False,0,0,,1082,0,0,0.0,,,,sonnet46
2026091288,u_boost,fixed_sequence,0.2,,False,0,0,,1082,0,0,0.0,,,,sonnet46
2026091288,u_boost,bonferroni,0.2,,False,0,0,,1082,0,0,0.0,,,,sonnet46
2026091288,u_boost,fixed_sequence,0.25,,False,0,0,,1082,0,0,0.0,,,,sonnet46
2026091288,u_boost,bonferroni,0.25,,False,0,0,,1082,0,0,0.0,,,,sonnet46
2026091288,rich_logistic,fixed_sequence,0.1,,False,0,0,,1082,0,0,0.0,,,,sonnet46
2026091288,rich_logistic,bonferroni,0.1,,False,0,0,,1082,0,0,0.0,,,,sonnet46
2026091288,rich_logistic,fixed_sequence,0.14285714285714285,,False,0,0,,1082,0,0,0.0,,,,sonnet46
2026091288,rich_logistic,bonferroni,0.14285714285714285,,False,0,0,,1082,0,0,0.0,,,,sonnet46
2026091288,rich_logistic,fixed_sequence,0.2,,False,0,0,,1082,0,0,0.0,,,,sonnet46
2026091288,rich_logistic,bonferroni,0.2,,False,0,0,,1082,0,0,0.0,,,,sonnet46
2026091288,rich_logistic,fixed_sequence,0.25,,False,0,0,,1082,0,0,0.0,,,,sonnet46
2026091288,rich_logistic,bonferroni,0.25,,False,0,0,,1082,0,0,0.0,,,,sonnet46
2026091288,rich_boost,fixed_sequence,0.1,,False,0,0,,1082,0,0,0.0,,,,sonnet46
2026091288,rich_boost,bonferroni,0.1,,False,0,0,,1082,0,0,0.0,,,,sonnet46
2026091288,rich_boost,fixed_sequence,0.14285714285714285,,False,0,0,,1082,0,0,0.0,,,,sonnet46
2026091288,rich_boost,bonferroni,0.14285714285714285,,False,0,0,,1082,0,0,0.0,,,,sonnet46
2026091288,rich_boost,fixed_sequence,0.2,,False,0,0,,1082,0,0,0.0,,,,sonnet46
2026091288,rich_boost,bonferroni,0.2,,False,0,0,,1082,0,0,0.0,,,,sonnet46
2026091288,rich_boost,fixed_sequence,0.25,,False,0,0,,1082,0,0,0.0,,,,sonnet46
2026091288,rich_boost,bonferroni,0.25,,False,0,0,,1082,0,0,0.0,,,,sonnet46
2026091289,raw_u,fixed_sequence,0.1,,False,0,0,,1082,0,0,0.0,,,,sonnet46
2026091289,raw_u,bonferroni,0.1,,False,0,0,,1082,0,0,0.0,,,,sonnet46
2026091289,raw_u,fixed_sequence,0.14285714285714285,,False,0,0,,1082,0,0,0.0,,,,sonnet46
2026091289,raw_u,bonferroni,0.14285714285714285,,False,0,0,,1082,0,0,0.0,,,,sonnet46
2026091289,raw_u,fixed_sequence,0.2,,False,0,0,,1082,0,0,0.0,,,,sonnet46
2026091289,raw_u,bonferroni,0.2,,False,0,0,,1082,0,0,0.0,,,,sonnet46
2026091289,raw_u,fixed_sequence,0.25,,False,0,0,,1082,0,0,0.0,,,,sonnet46
2026091289,raw_u,bonferroni,0.25,,False,0,0,,1082,0,0,0.0,,,,sonnet46
2026091289,u_boost,fixed_sequence,0.1,,False,0,0,,1082,0,0,0.0,,,,sonnet46
2026091289,u_boost,bonferroni,0.1,,False,0,0,,1082,0,0,0.0,,,,sonnet46
2026091289,u_boost,fixed_sequence,0.14285714285714285,,False,0,0,,1082,0,0,0.0,,,,sonnet46
2026091289,u_boost,bonferroni,0.14285714285714285,,False,0,0,,1082,0,0,0.0,,,,sonnet46
2026091289,u_boost,fixed_sequence,0.2,,False,0,0,,1082,0,0,0.0,,,,sonnet46
2026091289,u_boost,bonferroni,0.2,,False,0,0,,1082,0,0,0.0,,,,sonnet46
2026091289,u_boost,fixed_sequence,0.25,,False,0,0,,1082,0,0,0.0,,,,sonnet46
2026091289,u_boost,bonferroni,0.25,,False,0,0,,1082,0,0,0.0,,,,sonnet46
2026091289,rich_logistic,fixed_sequence,0.1,,False,0,0,,1082,0,0,0.0,,,,sonnet46
2026091289,rich_logistic,bonferroni,0.1,,False,0,0,,1082,0,0,0.0,,,,sonnet46
2026091289,rich_logistic,fixed_sequence,0.14285714285714285,,False,0,0,,1082,0,0,0.0,,,,sonnet46
2026091289,rich_logistic,bonferroni,0.14285714285714285,,False,0,0,,1082,0,0,0.0,,,,sonnet46
2026091289,rich_logistic,fixed_sequence,0.2,,False,0,0,,1082,0,0,0.0,,,,sonnet46
2026091289,rich_logistic,bonferroni,0.2,,False,0,0,,1082,0,0,0.0,,,,sonnet46
2026091289,rich_logistic,fixed_sequence,0.25,,False,0,0,,1082,0,0,0.0,,,,sonnet46
2026091289,rich_logistic,bonferroni,0.25,,False,0,0,,1082,0,0,0.0,,,,sonnet46
2026091289,rich_boost,fixed_sequence,0.1,,False,0,0,,1082,0,0,0.0,,,,sonnet46
2026091289,rich_boost,bonferroni,0.1,,False,0,0,,1082,0,0,0.0,,,,sonnet46
2026091289,rich_boost,fixed_sequence,0.14285714285714285,,False,0,0,,1082,0,0,0.0,,,,sonnet46
2026091289,rich_boost,bonferroni,0.14285714285714285,,False,0,0,,1082,0,0,0.0,,,,sonnet46
2026091289,rich_boost,fixed_sequence,0.2,,False,0,0,,1082,0,0,0.0,,,,sonnet46
2026091289,rich_boost,bonferroni,0.2,,False,0,0,,1082,0,0,0.0,,,,sonnet46
2026091289,rich_boost,fixed_sequence,0.25,,False,0,0,,1082,0,0,0.0,,,,sonnet46
2026091289,rich_boost,bonferroni,0.25,,False,0,0,,1082,0,0,0.0,,,,sonnet46
2026091290,raw_u,fixed_sequence,0.1,,False,0,0,,1082,0,0,0.0,,,,sonnet46
2026091290,raw_u,bonferroni,0.1,,False,0,0,,1082,0,0,0.0,,,,sonnet46
2026091290,raw_u,fixed_sequence,0.14285714285714285,,False,0,0,,1082,0,0,0.0,,,,sonnet46
2026091290,raw_u,bonferroni,0.14285714285714285,,False,0,0,,1082,0,0,0.0,,,,sonnet46
2026091290,raw_u,fixed_sequence,0.2,,False,0,0,,1082,0,0,0.0,,,,sonnet46
2026091290,raw_u,bonferroni,0.2,,False,0,0,,1082,0,0,0.0,,,,sonnet46
2026091290,raw_u,fixed_sequence,0.25,,False,0,0,,1082,0,0,0.0,,,,sonnet46
2026091290,raw_u,bonferroni,0.25,,False,0,0,,1082,0,0,0.0,,,,sonnet46
2026091290,u_boost,fixed_sequence,0.1,,False,0,0,,1082,0,0,0.0,,,,sonnet46
2026091290,u_boost,bonferroni,0.1,,False,0,0,,1082,0,0,0.0,,,,sonnet46
2026091290,u_boost,fixed_sequence,0.14285714285714285,,False,0,0,,1082,0,0,0.0,,,,sonnet46
2026091290,u_boost,bonferroni,0.14285714285714285,,False,0,0,,1082,0,0,0.0,,,,sonnet46
2026091290,u_boost,fixed_sequence,0.2,,False,0,0,,1082,0,0,0.0,,,,sonnet46
2026091290,u_boost,bonferroni,0.2,,False,0,0,,1082,0,0,0.0,,,,sonnet46
2026091290,u_boost,fixed_sequence,0.25,,False,0,0,,1082,0,0,0.0,,,,sonnet46
2026091290,u_boost,bonferroni,0.25,,False,0,0,,1082,0,0,0.0,,,,sonnet46
2026091290,rich_logistic,fixed_sequence,0.1,,False,0,0,,1082,0,0,0.0,,,,sonnet46
2026091290,rich_logistic,bonferroni,0.1,,False,0,0,,1082,0,0,0.0,,,,sonnet46
2026091290,rich_logistic,fixed_sequence,0.14285714285714285,,False,0,0,,1082,0,0,0.0,,,,sonnet46
2026091290,rich_logistic,bonferroni,0.14285714285714285,,False,0,0,,1082,0,0,0.0,,,,sonnet46
2026091290,rich_logistic,fixed_sequence,0.2,,False,0,0,,1082,0,0,0.0,,,,sonnet46
2026091290,rich_logistic,bonferroni,0.2,,False,0,0,,1082,0,0,0.0,,,,sonnet46
2026091290,rich_logistic,fixed_sequence,0.25,,False,0,0,,1082,0,0,0.0,,,,sonnet46
2026091290,rich_logistic,bonferroni,0.25,,False,0,0,,1082,0,0,0.0,,,,sonnet46
2026091290,rich_boost,fixed_sequence,0.1,,False,0,0,,1082,0,0,0.0,,,,sonnet46
2026091290,rich_boost,bonferroni,0.1,,False,0,0,,1082,0,0,0.0,,,,sonnet46
2026091290,rich_boost,fixed_sequence,0.14285714285714285,,False,0,0,,1082,0,0,0.0,,,,sonnet46
2026091290,rich_boost,bonferroni,0.14285714285714285,,False,0,0,,1082,0,0,0.0,,,,sonnet46
2026091290,rich_boost,fixed_sequence,0.2,,False,0,0,,1082,0,0,0.0,,,,sonnet46
2026091290,rich_boost,bonferroni,0.2,,False,0,0,,1082,0,0,0.0,,,,sonnet46
2026091290,rich_boost,fixed_sequence,0.25,,False,0,0,,1082,0,0,0.0,,,,sonnet46
2026091290,rich_boost,bonferroni,0.25,,False,0,0,,1082,0,0,0.0,,,,sonnet46
2026091291,raw_u,fixed_sequence,0.1,,False,0,0,,1082,0,0,0.0,,,,sonnet46
2026091291,raw_u,bonferroni,0.1,,False,0,0,,1082,0,0,0.0,,,,sonnet46
2026091291,raw_u,fixed_sequence,0.14285714285714285,,False,0,0,,1082,0,0,0.0,,,,sonnet46
2026091291,raw_u,bonferroni,0.14285714285714285,,False,0,0,,1082,0,0,0.0,,,,sonnet46
2026091291,raw_u,fixed_sequence,0.2,,False,0,0,,1082,0,0,0.0,,,,sonnet46
2026091291,raw_u,bonferroni,0.2,,False,0,0,,1082,0,0,0.0,,,,sonnet46
2026091291,raw_u,fixed_sequence,0.25,,False,0,0,,1082,0,0,0.0,,,,sonnet46
2026091291,raw_u,bonferroni,0.25,,False,0,0,,1082,0,0,0.0,,,,sonnet46
2026091291,u_boost,fixed_sequence,0.1,,False,0,0,,1082,0,0,0.0,,,,sonnet46
2026091291,u_boost,bonferroni,0.1,,False,0,0,,1082,0,0,0.0,,,,sonnet46
2026091291,u_boost,fixed_sequence,0.14285714285714285,,False,0,0,,1082,0,0,0.0,,,,sonnet46
2026091291,u_boost,bonferroni,0.14285714285714285,,False,0,0,,1082,0,0,0.0,,,,sonnet46
2026091291,u_boost,fixed_sequence,0.2,,False,0,0,,1082,0,0,0.0,,,,sonnet46
2026091291,u_boost,bonferroni,0.2,,False,0,0,,1082,0,0,0.0,,,,sonnet46
2026091291,u_boost,fixed_sequence,0.25,,False,0,0,,1082,0,0,0.0,,,,sonnet46
2026091291,u_boost,bonferroni,0.25,,False,0,0,,1082,0,0,0.0,,,,sonnet46
2026091291,rich_logistic,fixed_sequence,0.1,,False,0,0,,1082,0,0,0.0,,,,sonnet46
2026091291,rich_logistic,bonferroni,0.1,,False,0,0,,1082,0,0,0.0,,,,sonnet46
2026091291,rich_logistic,fixed_sequence,0.14285714285714285,,False,0,0,,1082,0,0,0.0,,,,sonnet46
2026091291,rich_logistic,bonferroni,0.14285714285714285,,False,0,0,,1082,0,0,0.0,,,,sonnet46
2026091291,rich_logistic,fixed_sequence,0.2,,False,0,0,,1082,0,0,0.0,,,,sonnet46
2026091291,rich_logistic,bonferroni,0.2,,False,0,0,,1082,0,0,0.0,,,,sonnet46
2026091291,rich_logistic,fixed_sequence,0.25,,False,0,0,,1082,0,0,0.0,,,,sonnet46
2026091291,rich_logistic,bonferroni,0.25,,False,0,0,,1082,0,0,0.0,,,,sonnet46
2026091291,rich_boost,fixed_sequence,0.1,,False,0,0,,1082,0,0,0.0,,,,sonnet46
2026091291,rich_boost,bonferroni,0.1,,False,0,0,,1082,0,0,0.0,,,,sonnet46
2026091291,rich_boost,fixed_sequence,0.14285714285714285,,False,0,0,,1082,0,0,0.0,,,,sonnet46
2026091291,rich_boost,bonferroni,0.14285714285714285,,False,0,0,,1082,0,0,0.0,,,,sonnet46
2026091291,rich_boost,fixed_sequence,0.2,,False,0,0,,1082,0,0,0.0,,,,sonnet46
2026091291,rich_boost,bonferroni,0.2,,False,0,0,,1082,0,0,0.0,,,,sonnet46
2026091291,rich_boost,fixed_sequence,0.25,,False,0,0,,1082,0,0,0.0,,,,sonnet46
2026091291,rich_boost,bonferroni,0.25,,False,0,0,,1082,0,0,0.0,,,,sonnet46
2026091292,raw_u,fixed_sequence,0.1,,False,0,0,,1082,0,0,0.0,,,,sonnet46
2026091292,raw_u,bonferroni,0.1,,False,0,0,,1082,0,0,0.0,,,,sonnet46
2026091292,raw_u,fixed_sequence,0.14285714285714285,,False,0,0,,1082,0,0,0.0,,,,sonnet46
2026091292,raw_u,bonferroni,0.14285714285714285,,False,0,0,,1082,0,0,0.0,,,,sonnet46
2026091292,raw_u,fixed_sequence,0.2,,False,0,0,,1082,0,0,0.0,,,,sonnet46
2026091292,raw_u,bonferroni,0.2,,False,0,0,,1082,0,0,0.0,,,,sonnet46
2026091292,raw_u,fixed_sequence,0.25,,False,0,0,,1082,0,0,0.0,,,,sonnet46
2026091292,raw_u,bonferroni,0.25,,False,0,0,,1082,0,0,0.0,,,,sonnet46
2026091292,u_boost,fixed_sequence,0.1,,False,0,0,,1082,0,0,0.0,,,,sonnet46
2026091292,u_boost,bonferroni,0.1,,False,0,0,,1082,0,0,0.0,,,,sonnet46
2026091292,u_boost,fixed_sequence,0.14285714285714285,,False,0,0,,1082,0,0,0.0,,,,sonnet46
2026091292,u_boost,bonferroni,0.14285714285714285,,False,0,0,,1082,0,0,0.0,,,,sonnet46
2026091292,u_boost,fixed_sequence,0.2,,False,0,0,,1082,0,0,0.0,,,,sonnet46
2026091292,u_boost,bonferroni,0.2,,False,0,0,,1082,0,0,0.0,,,,sonnet46
2026091292,u_boost,fixed_sequence,0.25,,False,0,0,,1082,0,0,0.0,,,,sonnet46
2026091292,u_boost,bonferroni,0.25,,False,0,0,,1082,0,0,0.0,,,,sonnet46
2026091292,rich_logistic,fixed_sequence,0.1,,False,0,0,,1082,0,0,0.0,,,,sonnet46
2026091292,rich_logistic,bonferroni,0.1,,False,0,0,,1082,0,0,0.0,,,,sonnet46
2026091292,rich_logistic,fixed_sequence,0.14285714285714285,,False,0,0,,1082,0,0,0.0,,,,sonnet46
2026091292,rich_logistic,bonferroni,0.14285714285714285,,False,0,0,,1082,0,0,0.0,,,,sonnet46
2026091292,rich_logistic,fixed_sequence,0.2,,False,0,0,,1082,0,0,0.0,,,,sonnet46
2026091292,rich_logistic,bonferroni,0.2,,False,0,0,,1082,0,0,0.0,,,,sonnet46
2026091292,rich_logistic,fixed_sequence,0.25,,False,0,0,,1082,0,0,0.0,,,,sonnet46
2026091292,rich_logistic,bonferroni,0.25,,False,0,0,,1082,0,0,0.0,,,,sonnet46
2026091292,rich_boost,fixed_sequence,0.1,,False,0,0,,1082,0,0,0.0,,,,sonnet46
2026091292,rich_boost,bonferroni,0.1,,False,0,0,,1082,0,0,0.0,,,,sonnet46
2026091292,rich_boost,fixed_sequence,0.14285714285714285,,False,0,0,,1082,0,0,0.0,,,,sonnet46
2026091292,rich_boost,bonferroni,0.14285714285714285,,False,0,0,,1082,0,0,0.0,,,,sonnet46
2026091292,rich_boost,fixed_sequence,0.2,,False,0,0,,1082,0,0,0.0,,,,sonnet46
2026091292,rich_boost,bonferroni,0.2,,False,0,0,,1082,0,0,0.0,,,,sonnet46
2026091292,rich_boost,fixed_sequence,0.25,,False,0,0,,1082,0,0,0.0,,,,sonnet46
2026091292,rich_boost,bonferroni,0.25,,False,0,0,,1082,0,0,0.0,,,,sonnet46
2026091293,raw_u,fixed_sequence,0.1,,False,0,0,,1082,0,0,0.0,,,,sonnet46
2026091293,raw_u,bonferroni,0.1,,False,0,0,,1082,0,0,0.0,,,,sonnet46
2026091293,raw_u,fixed_sequence,0.14285714285714285,,False,0,0,,1082,0,0,0.0,,,,sonnet46
2026091293,raw_u,bonferroni,0.14285714285714285,,False,0,0,,1082,0,0,0.0,,,,sonnet46
2026091293,raw_u,fixed_sequence,0.2,,False,0,0,,1082,0,0,0.0,,,,sonnet46
2026091293,raw_u,bonferroni,0.2,,False,0,0,,1082,0,0,0.0,,,,sonnet46
2026091293,raw_u,fixed_sequence,0.25,,False,0,0,,1082,0,0,0.0,,,,sonnet46
2026091293,raw_u,bonferroni,0.25,,False,0,0,,1082,0,0,0.0,,,,sonnet46
2026091293,u_boost,fixed_sequence,0.1,,False,0,0,,1082,0,0,0.0,,,,sonnet46
2026091293,u_boost,bonferroni,0.1,,False,0,0,,1082,0,0,0.0,,,,sonnet46
2026091293,u_boost,fixed_sequence,0.14285714285714285,,False,0,0,,1082,0,0,0.0,,,,sonnet46
2026091293,u_boost,bonferroni,0.14285714285714285,,False,0,0,,1082,0,0,0.0,,,,sonnet46
2026091293,u_boost,fixed_sequence,0.2,,False,0,0,,1082,0,0,0.0,,,,sonnet46
2026091293,u_boost,bonferroni,0.2,,False,0,0,,1082,0,0,0.0,,,,sonnet46
2026091293,u_boost,fixed_sequence,0.25,,False,0,0,,1082,0,0,0.0,,,,sonnet46
2026091293,u_boost,bonferroni,0.25,,False,0,0,,1082,0,0,0.0,,,,sonnet46
2026091293,rich_logistic,fixed_sequence,0.1,,False,0,0,,1082,0,0,0.0,,,,sonnet46
2026091293,rich_logistic,bonferroni,0.1,,False,0,0,,1082,0,0,0.0,,,,sonnet46
2026091293,rich_logistic,fixed_sequence,0.14285714285714285,,False,0,0,,1082,0,0,0.0,,,,sonnet46
2026091293,rich_logistic,bonferroni,0.14285714285714285,,False,0,0,,1082,0,0,0.0,,,,sonnet46
2026091293,rich_logistic,fixed_sequence,0.2,,False,0,0,,1082,0,0,0.0,,,,sonnet46
2026091293,rich_logistic,bonferroni,0.2,,False,0,0,,1082,0,0,0.0,,,,sonnet46
2026091293,rich_logistic,fixed_sequence,0.25,,False,0,0,,1082,0,0,0.0,,,,sonnet46
2026091293,rich_logistic,bonferroni,0.25,,False,0,0,,1082,0,0,0.0,,,,sonnet46
2026091293,rich_boost,fixed_sequence,0.1,,False,0,0,,1082,0,0,0.0,,,,sonnet46
2026091293,rich_boost,bonferroni,0.1,,False,0,0,,1082,0,0,0.0,,,,sonnet46
2026091293,rich_boost,fixed_sequence,0.14285714285714285,,False,0,0,,1082,0,0,0.0,,,,sonnet46
2026091293,rich_boost,bonferroni,0.14285714285714285,,False,0,0,,1082,0,0,0.0,,,,sonnet46
2026091293,rich_boost,fixed_sequence,0.2,,False,0,0,,1082,0,0,0.0,,,,sonnet46
2026091293,rich_boost,bonferroni,0.2,,False,0,0,,1082,0,0,0.0,,,,sonnet46
2026091293,rich_boost,fixed_sequence,0.25,,False,0,0,,1082,0,0,0.0,,,,sonnet46
2026091293,rich_boost,bonferroni,0.25,,False,0,0,,1082,0,0,0.0,,,,sonnet46
2026091294,raw_u,fixed_sequence,0.1,,False,0,0,,1082,0,0,0.0,,,,sonnet46
2026091294,raw_u,bonferroni,0.1,,False,0,0,,1082,0,0,0.0,,,,sonnet46
2026091294,raw_u,fixed_sequence,0.14285714285714285,,False,0,0,,1082,0,0,0.0,,,,sonnet46
2026091294,raw_u,bonferroni,0.14285714285714285,,False,0,0,,1082,0,0,0.0,,,,sonnet46
2026091294,raw_u,fixed_sequence,0.2,,False,0,0,,1082,0,0,0.0,,,,sonnet46
2026091294,raw_u,bonferroni,0.2,,False,0,0,,1082,0,0,0.0,,,,sonnet46
2026091294,raw_u,fixed_sequence,0.25,,False,0,0,,1082,0,0,0.0,,,,sonnet46
2026091294,raw_u,bonferroni,0.25,,False,0,0,,1082,0,0,0.0,,,,sonnet46
2026091294,u_boost,fixed_sequence,0.1,,False,0,0,,1082,0,0,0.0,,,,sonnet46
2026091294,u_boost,bonferroni,0.1,,False,0,0,,1082,0,0,0.0,,,,sonnet46
2026091294,u_boost,fixed_sequence,0.14285714285714285,,False,0,0,,1082,0,0,0.0,,,,sonnet46
2026091294,u_boost,bonferroni,0.14285714285714285,,False,0,0,,1082,0,0,0.0,,,,sonnet46
2026091294,u_boost,fixed_sequence,0.2,,False,0,0,,1082,0,0,0.0,,,,sonnet46
2026091294,u_boost,bonferroni,0.2,,False,0,0,,1082,0,0,0.0,,,,sonnet46
2026091294,u_boost,fixed_sequence,0.25,,False,0,0,,1082,0,0,0.0,,,,sonnet46
2026091294,u_boost,bonferroni,0.25,,False,0,0,,1082,0,0,0.0,,,,sonnet46
2026091294,rich_logistic,fixed_sequence,0.1,,False,0,0,,1082,0,0,0.0,,,,sonnet46
2026091294,rich_logistic,bonferroni,0.1,,False,0,0,,1082,0,0,0.0,,,,sonnet46
2026091294,rich_logistic,fixed_sequence,0.14285714285714285,,False,0,0,,1082,0,0,0.0,,,,sonnet46
2026091294,rich_logistic,bonferroni,0.14285714285714285,,False,0,0,,1082,0,0,0.0,,,,sonnet46
2026091294,rich_logistic,fixed_sequence,0.2,,False,0,0,,1082,0,0,0.0,,,,sonnet46
2026091294,rich_logistic,bonferroni,0.2,,False,0,0,,1082,0,0,0.0,,,,sonnet46
2026091294,rich_logistic,fixed_sequence,0.25,,False,0,0,,1082,0,0,0.0,,,,sonnet46
2026091294,rich_logistic,bonferroni,0.25,,False,0,0,,1082,0,0,0.0,,,,sonnet46
2026091294,rich_boost,fixed_sequence,0.1,,False,0,0,,1082,0,0,0.0,,,,sonnet46
2026091294,rich_boost,bonferroni,0.1,,False,0,0,,1082,0,0,0.0,,,,sonnet46
2026091294,rich_boost,fixed_sequence,0.14285714285714285,,False,0,0,,1082,0,0,0.0,,,,sonnet46
2026091294,rich_boost,bonferroni,0.14285714285714285,,False,0,0,,1082,0,0,0.0,,,,sonnet46
2026091294,rich_boost,fixed_sequence,0.2,,False,0,0,,1082,0,0,0.0,,,,sonnet46
2026091294,rich_boost,bonferroni,0.2,,False,0,0,,1082,0,0,0.0,,,,sonnet46
2026091294,rich_boost,fixed_sequence,0.25,,False,0,0,,1082,0,0,0.0,,,,sonnet46
2026091294,rich_boost,bonferroni,0.25,,False,0,0,,1082,0,0,0.0,,,,sonnet46
2026091295,raw_u,fixed_sequence,0.1,,False,0,0,,1082,0,0,0.0,,,,sonnet46
2026091295,raw_u,bonferroni,0.1,,False,0,0,,1082,0,0,0.0,,,,sonnet46
2026091295,raw_u,fixed_sequence,0.14285714285714285,,False,0,0,,1082,0,0,0.0,,,,sonnet46
2026091295,raw_u,bonferroni,0.14285714285714285,,False,0,0,,1082,0,0,0.0,,,,sonnet46
2026091295,raw_u,fixed_sequence,0.2,,False,0,0,,1082,0,0,0.0,,,,sonnet46
2026091295,raw_u,bonferroni,0.2,,False,0,0,,1082,0,0,0.0,,,,sonnet46
2026091295,raw_u,fixed_sequence,0.25,,False,0,0,,1082,0,0,0.0,,,,sonnet46
2026091295,raw_u,bonferroni,0.25,,False,0,0,,1082,0,0,0.0,,,,sonnet46
2026091295,u_boost,fixed_sequence,0.1,,False,0,0,,1082,0,0,0.0,,,,sonnet46
2026091295,u_boost,bonferroni,0.1,,False,0,0,,1082,0,0,0.0,,,,sonnet46
2026091295,u_boost,fixed_sequence,0.14285714285714285,,False,0,0,,1082,0,0,0.0,,,,sonnet46
2026091295,u_boost,bonferroni,0.14285714285714285,,False,0,0,,1082,0,0,0.0,,,,sonnet46
2026091295,u_boost,fixed_sequence,0.2,,False,0,0,,1082,0,0,0.0,,,,sonnet46
2026091295,u_boost,bonferroni,0.2,,False,0,0,,1082,0,0,0.0,,,,sonnet46
2026091295,u_boost,fixed_sequence,0.25,,False,0,0,,1082,0,0,0.0,,,,sonnet46
2026091295,u_boost,bonferroni,0.25,,False,0,0,,1082,0,0,0.0,,,,sonnet46
2026091295,rich_logistic,fixed_sequence,0.1,,False,0,0,,1082,0,0,0.0,,,,sonnet46
2026091295,rich_logistic,bonferroni,0.1,,False,0,0,,1082,0,0,0.0,,,,sonnet46
2026091295,rich_logistic,fixed_sequence,0.14285714285714285,,False,0,0,,1082,0,0,0.0,,,,sonnet46
2026091295,rich_logistic,bonferroni,0.14285714285714285,,False,0,0,,1082,0,0,0.0,,,,sonnet46
2026091295,rich_logistic,fixed_sequence,0.2,,False,0,0,,1082,0,0,0.0,,,,sonnet46
2026091295,rich_logistic,bonferroni,0.2,,False,0,0,,1082,0,0,0.0,,,,sonnet46
2026091295,rich_logistic,fixed_sequence,0.25,,False,0,0,,1082,0,0,0.0,,,,sonnet46
2026091295,rich_logistic,bonferroni,0.25,,False,0,0,,1082,0,0,0.0,,,,sonnet46
2026091295,rich_boost,fixed_sequence,0.1,,False,0,0,,1082,0,0,0.0,,,,sonnet46
2026091295,rich_boost,bonferroni,0.1,,False,0,0,,1082,0,0,0.0,,,,sonnet46
2026091295,rich_boost,fixed_sequence,0.14285714285714285,,False,0,0,,1082,0,0,0.0,,,,sonnet46
2026091295,rich_boost,bonferroni,0.14285714285714285,,False,0,0,,1082,0,0,0.0,,,,sonnet46
2026091295,rich_boost,fixed_sequence,0.2,,False,0,0,,1082,0,0,0.0,,,,sonnet46
2026091295,rich_boost,bonferroni,0.2,,False,0,0,,1082,0,0,0.0,,,,sonnet46
2026091295,rich_boost,fixed_sequence,0.25,,False,0,0,,1082,0,0,0.0,,,,sonnet46
2026091295,rich_boost,bonferroni,0.25,,False,0,0,,1082,0,0,0.0,,,,sonnet46
2026091296,raw_u,fixed_sequence,0.1,,False,0,0,,1082,0,0,0.0,,,,sonnet46
2026091296,raw_u,bonferroni,0.1,,False,0,0,,1082,0,0,0.0,,,,sonnet46
2026091296,raw_u,fixed_sequence,0.14285714285714285,,False,0,0,,1082,0,0,0.0,,,,sonnet46
2026091296,raw_u,bonferroni,0.14285714285714285,,False,0,0,,1082,0,0,0.0,,,,sonnet46
2026091296,raw_u,fixed_sequence,0.2,,False,0,0,,1082,0,0,0.0,,,,sonnet46
2026091296,raw_u,bonferroni,0.2,,False,0,0,,1082,0,0,0.0,,,,sonnet46
2026091296,raw_u,fixed_sequence,0.25,,False,0,0,,1082,0,0,0.0,,,,sonnet46
2026091296,raw_u,bonferroni,0.25,,False,0,0,,1082,0,0,0.0,,,,sonnet46
2026091296,u_boost,fixed_sequence,0.1,,False,0,0,,1082,0,0,0.0,,,,sonnet46
2026091296,u_boost,bonferroni,0.1,,False,0,0,,1082,0,0,0.0,,,,sonnet46
2026091296,u_boost,fixed_sequence,0.14285714285714285,,False,0,0,,1082,0,0,0.0,,,,sonnet46
2026091296,u_boost,bonferroni,0.14285714285714285,,False,0,0,,1082,0,0,0.0,,,,sonnet46
2026091296,u_boost,fixed_sequence,0.2,,False,0,0,,1082,0,0,0.0,,,,sonnet46
2026091296,u_boost,bonferroni,0.2,,False,0,0,,1082,0,0,0.0,,,,sonnet46
2026091296,u_boost,fixed_sequence,0.25,,False,0,0,,1082,0,0,0.0,,,,sonnet46
2026091296,u_boost,bonferroni,0.25,,False,0,0,,1082,0,0,0.0,,,,sonnet46
2026091296,rich_logistic,fixed_sequence,0.1,,False,0,0,,1082,0,0,0.0,,,,sonnet46
2026091296,rich_logistic,bonferroni,0.1,,False,0,0,,1082,0,0,0.0,,,,sonnet46
2026091296,rich_logistic,fixed_sequence,0.14285714285714285,,False,0,0,,1082,0,0,0.0,,,,sonnet46
2026091296,rich_logistic,bonferroni,0.14285714285714285,,False,0,0,,1082,0,0,0.0,,,,sonnet46
2026091296,rich_logistic,fixed_sequence,0.2,,False,0,0,,1082,0,0,0.0,,,,sonnet46
2026091296,rich_logistic,bonferroni,0.2,,False,0,0,,1082,0,0,0.0,,,,sonnet46
2026091296,rich_logistic,fixed_sequence,0.25,,False,0,0,,1082,0,0,0.0,,,,sonnet46
2026091296,rich_logistic,bonferroni,0.25,,False,0,0,,1082,0,0,0.0,,,,sonnet46
2026091296,rich_boost,fixed_sequence,0.1,,False,0,0,,1082,0,0,0.0,,,,sonnet46
2026091296,rich_boost,bonferroni,0.1,,False,0,0,,1082,0,0,0.0,,,,sonnet46
2026091296,rich_boost,fixed_sequence,0.14285714285714285,,False,0,0,,1082,0,0,0.0,,,,sonnet46
2026091296,rich_boost,bonferroni,0.14285714285714285,,False,0,0,,1082,0,0,0.0,,,,sonnet46
2026091296,rich_boost,fixed_sequence,0.2,,False,0,0,,1082,0,0,0.0,,,,sonnet46
2026091296,rich_boost,bonferroni,0.2,,False,0,0,,1082,0,0,0.0,,,,sonnet46
2026091296,rich_boost,fixed_sequence,0.25,,False,0,0,,1082,0,0,0.0,,,,sonnet46
2026091296,rich_boost,bonferroni,0.25,,False,0,0,,1082,0,0,0.0,,,,sonnet46
2026091297,raw_u,fixed_sequence,0.1,,False,0,0,,1082,0,0,0.0,,,,sonnet46
2026091297,raw_u,bonferroni,0.1,,False,0,0,,1082,0,0,0.0,,,,sonnet46
2026091297,raw_u,fixed_sequence,0.14285714285714285,,False,0,0,,1082,0,0,0.0,,,,sonnet46
2026091297,raw_u,bonferroni,0.14285714285714285,,False,0,0,,1082,0,0,0.0,,,,sonnet46
2026091297,raw_u,fixed_sequence,0.2,,False,0,0,,1082,0,0,0.0,,,,sonnet46
2026091297,raw_u,bonferroni,0.2,,False,0,0,,1082,0,0,0.0,,,,sonnet46
2026091297,raw_u,fixed_sequence,0.25,,False,0,0,,1082,0,0,0.0,,,,sonnet46
2026091297,raw_u,bonferroni,0.25,,False,0,0,,1082,0,0,0.0,,,,sonnet46
2026091297,u_boost,fixed_sequence,0.1,,False,0,0,,1082,0,0,0.0,,,,sonnet46
2026091297,u_boost,bonferroni,0.1,,False,0,0,,1082,0,0,0.0,,,,sonnet46
2026091297,u_boost,fixed_sequence,0.14285714285714285,,False,0,0,,1082,0,0,0.0,,,,sonnet46
2026091297,u_boost,bonferroni,0.14285714285714285,,False,0,0,,1082,0,0,0.0,,,,sonnet46
2026091297,u_boost,fixed_sequence,0.2,,False,0,0,,1082,0,0,0.0,,,,sonnet46
2026091297,u_boost,bonferroni,0.2,,False,0,0,,1082,0,0,0.0,,,,sonnet46
2026091297,u_boost,fixed_sequence,0.25,,False,0,0,,1082,0,0,0.0,,,,sonnet46
2026091297,u_boost,bonferroni,0.25,,False,0,0,,1082,0,0,0.0,,,,sonnet46
2026091297,rich_logistic,fixed_sequence,0.1,,False,0,0,,1082,0,0,0.0,,,,sonnet46
2026091297,rich_logistic,bonferroni,0.1,,False,0,0,,1082,0,0,0.0,,,,sonnet46
2026091297,rich_logistic,fixed_sequence,0.14285714285714285,,False,0,0,,1082,0,0,0.0,,,,sonnet46
2026091297,rich_logistic,bonferroni,0.14285714285714285,,False,0,0,,1082,0,0,0.0,,,,sonnet46
2026091297,rich_logistic,fixed_sequence,0.2,,False,0,0,,1082,0,0,0.0,,,,sonnet46
2026091297,rich_logistic,bonferroni,0.2,,False,0,0,,1082,0,0,0.0,,,,sonnet46
2026091297,rich_logistic,fixed_sequence,0.25,,False,0,0,,1082,0,0,0.0,,,,sonnet46
2026091297,rich_logistic,bonferroni,0.25,,False,0,0,,1082,0,0,0.0,,,,sonnet46
2026091297,rich_boost,fixed_sequence,0.1,,False,0,0,,1082,0,0,0.0,,,,sonnet46
2026091297,rich_boost,bonferroni,0.1,,False,0,0,,1082,0,0,0.0,,,,sonnet46
2026091297,rich_boost,fixed_sequence,0.14285714285714285,,False,0,0,,1082,0,0,0.0,,,,sonnet46
2026091297,rich_boost,bonferroni,0.14285714285714285,,False,0,0,,1082,0,0,0.0,,,,sonnet46
2026091297,rich_boost,fixed_sequence,0.2,,False,0,0,,1082,0,0,0.0,,,,sonnet46
2026091297,rich_boost,bonferroni,0.2,,False,0,0,,1082,0,0,0.0,,,,sonnet46
2026091297,rich_boost,fixed_sequence,0.25,,False,0,0,,1082,0,0,0.0,,,,sonnet46
2026091297,rich_boost,bonferroni,0.25,,False,0,0,,1082,0,0,0.0,,,,sonnet46
2026091298,raw_u,fixed_sequence,0.1,,False,0,0,,1082,0,0,0.0,,,,sonnet46
2026091298,raw_u,bonferroni,0.1,,False,0,0,,1082,0,0,0.0,,,,sonnet46
2026091298,raw_u,fixed_sequence,0.14285714285714285,,False,0,0,,1082,0,0,0.0,,,,sonnet46
2026091298,raw_u,bonferroni,0.14285714285714285,,False,0,0,,1082,0,0,0.0,,,,sonnet46
2026091298,raw_u,fixed_sequence,0.2,,False,0,0,,1082,0,0,0.0,,,,sonnet46
2026091298,raw_u,bonferroni,0.2,,False,0,0,,1082,0,0,0.0,,,,sonnet46
2026091298,raw_u,fixed_sequence,0.25,,False,0,0,,1082,0,0,0.0,,,,sonnet46
2026091298,raw_u,bonferroni,0.25,,False,0,0,,1082,0,0,0.0,,,,sonnet46
2026091298,u_boost,fixed_sequence,0.1,,False,0,0,,1082,0,0,0.0,,,,sonnet46
2026091298,u_boost,bonferroni,0.1,,False,0,0,,1082,0,0,0.0,,,,sonnet46
2026091298,u_boost,fixed_sequence,0.14285714285714285,,False,0,0,,1082,0,0,0.0,,,,sonnet46
2026091298,u_boost,bonferroni,0.14285714285714285,,False,0,0,,1082,0,0,0.0,,,,sonnet46
2026091298,u_boost,fixed_sequence,0.2,,False,0,0,,1082,0,0,0.0,,,,sonnet46
2026091298,u_boost,bonferroni,0.2,,False,0,0,,1082,0,0,0.0,,,,sonnet46
2026091298,u_boost,fixed_sequence,0.25,,False,0,0,,1082,0,0,0.0,,,,sonnet46
2026091298,u_boost,bonferroni,0.25,,False,0,0,,1082,0,0,0.0,,,,sonnet46
2026091298,rich_logistic,fixed_sequence,0.1,,False,0,0,,1082,0,0,0.0,,,,sonnet46
2026091298,rich_logistic,bonferroni,0.1,,False,0,0,,1082,0,0,0.0,,,,sonnet46
2026091298,rich_logistic,fixed_sequence,0.14285714285714285,,False,0,0,,1082,0,0,0.0,,,,sonnet46
2026091298,rich_logistic,bonferroni,0.14285714285714285,,False,0,0,,1082,0,0,0.0,,,,sonnet46
2026091298,rich_logistic,fixed_sequence,0.2,,False,0,0,,1082,0,0,0.0,,,,sonnet46
2026091298,rich_logistic,bonferroni,0.2,,False,0,0,,1082,0,0,0.0,,,,sonnet46
2026091298,rich_logistic,fixed_sequence,0.25,,False,0,0,,1082,0,0,0.0,,,,sonnet46
2026091298,rich_logistic,bonferroni,0.25,,False,0,0,,1082,0,0,0.0,,,,sonnet46
2026091298,rich_boost,fixed_sequence,0.1,,False,0,0,,1082,0,0,0.0,,,,sonnet46
2026091298,rich_boost,bonferroni,0.1,,False,0,0,,1082,0,0,0.0,,,,sonnet46
2026091298,rich_boost,fixed_sequence,0.14285714285714285,,False,0,0,,1082,0,0,0.0,,,,sonnet46
2026091298,rich_boost,bonferroni,0.14285714285714285,,False,0,0,,1082,0,0,0.0,,,,sonnet46
2026091298,rich_boost,fixed_sequence,0.2,,False,0,0,,1082,0,0,0.0,,,,sonnet46
2026091298,rich_boost,bonferroni,0.2,,False,0,0,,1082,0,0,0.0,,,,sonnet46
2026091298,rich_boost,fixed_sequence,0.25,,False,0,0,,1082,0,0,0.0,,,,sonnet46
2026091298,rich_boost,bonferroni,0.25,,False,0,0,,1082,0,0,0.0,,,,sonnet46
2026091299,raw_u,fixed_sequence,0.1,,False,0,0,,1082,0,0,0.0,,,,sonnet46
2026091299,raw_u,bonferroni,0.1,,False,0,0,,1082,0,0,0.0,,,,sonnet46
2026091299,raw_u,fixed_sequence,0.14285714285714285,,False,0,0,,1082,0,0,0.0,,,,sonnet46
2026091299,raw_u,bonferroni,0.14285714285714285,,False,0,0,,1082,0,0,0.0,,,,sonnet46
2026091299,raw_u,fixed_sequence,0.2,,False,0,0,,1082,0,0,0.0,,,,sonnet46
2026091299,raw_u,bonferroni,0.2,,False,0,0,,1082,0,0,0.0,,,,sonnet46
2026091299,raw_u,fixed_sequence,0.25,,False,0,0,,1082,0,0,0.0,,,,sonnet46
2026091299,raw_u,bonferroni,0.25,,False,0,0,,1082,0,0,0.0,,,,sonnet46
2026091299,u_boost,fixed_sequence,0.1,,False,0,0,,1082,0,0,0.0,,,,sonnet46
2026091299,u_boost,bonferroni,0.1,,False,0,0,,1082,0,0,0.0,,,,sonnet46
2026091299,u_boost,fixed_sequence,0.14285714285714285,,False,0,0,,1082,0,0,0.0,,,,sonnet46
2026091299,u_boost,bonferroni,0.14285714285714285,,False,0,0,,1082,0,0,0.0,,,,sonnet46
2026091299,u_boost,fixed_sequence,0.2,,False,0,0,,1082,0,0,0.0,,,,sonnet46
2026091299,u_boost,bonferroni,0.2,,False,0,0,,1082,0,0,0.0,,,,sonnet46
2026091299,u_boost,fixed_sequence,0.25,,False,0,0,,1082,0,0,0.0,,,,sonnet46
2026091299,u_boost,bonferroni,0.25,,False,0,0,,1082,0,0,0.0,,,,sonnet46
2026091299,rich_logistic,fixed_sequence,0.1,,False,0,0,,1082,0,0,0.0,,,,sonnet46
2026091299,rich_logistic,bonferroni,0.1,,False,0,0,,1082,0,0,0.0,,,,sonnet46
2026091299,rich_logistic,fixed_sequence,0.14285714285714285,,False,0,0,,1082,0,0,0.0,,,,sonnet46
2026091299,rich_logistic,bonferroni,0.14285714285714285,,False,0,0,,1082,0,0,0.0,,,,sonnet46
2026091299,rich_logistic,fixed_sequence,0.2,,False,0,0,,1082,0,0,0.0,,,,sonnet46
2026091299,rich_logistic,bonferroni,0.2,,False,0,0,,1082,0,0,0.0,,,,sonnet46
2026091299,rich_logistic,fixed_sequence,0.25,,False,0,0,,1082,0,0,0.0,,,,sonnet46
2026091299,rich_logistic,bonferroni,0.25,,False,0,0,,1082,0,0,0.0,,,,sonnet46
2026091299,rich_boost,fixed_sequence,0.1,,False,0,0,,1082,0,0,0.0,,,,sonnet46
2026091299,rich_boost,bonferroni,0.1,,False,0,0,,1082,0,0,0.0,,,,sonnet46
2026091299,rich_boost,fixed_sequence,0.14285714285714285,,False,0,0,,1082,0,0,0.0,,,,sonnet46
2026091299,rich_boost,bonferroni,0.14285714285714285,,False,0,0,,1082,0,0,0.0,,,,sonnet46
2026091299,rich_boost,fixed_sequence,0.2,,False,0,0,,1082,0,0,0.0,,,,sonnet46
2026091299,rich_boost,bonferroni,0.2,,False,0,0,,1082,0,0,0.0,,,,sonnet46
2026091299,rich_boost,fixed_sequence,0.25,,False,0,0,,1082,0,0,0.0,,,,sonnet46
2026091299,rich_boost,bonferroni,0.25,,False,0,0,,1082,0,0,0.0,,,,sonnet46
2026091300,raw_u,fixed_sequence,0.1,,False,0,0,,1082,0,0,0.0,,,,sonnet46
2026091300,raw_u,bonferroni,0.1,,False,0,0,,1082,0,0,0.0,,,,sonnet46
2026091300,raw_u,fixed_sequence,0.14285714285714285,,False,0,0,,1082,0,0,0.0,,,,sonnet46
2026091300,raw_u,bonferroni,0.14285714285714285,,False,0,0,,1082,0,0,0.0,,,,sonnet46
2026091300,raw_u,fixed_sequence,0.2,,False,0,0,,1082,0,0,0.0,,,,sonnet46
2026091300,raw_u,bonferroni,0.2,,False,0,0,,1082,0,0,0.0,,,,sonnet46
2026091300,raw_u,fixed_sequence,0.25,,False,0,0,,1082,0,0,0.0,,,,sonnet46
2026091300,raw_u,bonferroni,0.25,,False,0,0,,1082,0,0,0.0,,,,sonnet46
2026091300,u_boost,fixed_sequence,0.1,,False,0,0,,1082,0,0,0.0,,,,sonnet46
2026091300,u_boost,bonferroni,0.1,,False,0,0,,1082,0,0,0.0,,,,sonnet46
2026091300,u_boost,fixed_sequence,0.14285714285714285,,False,0,0,,1082,0,0,0.0,,,,sonnet46
2026091300,u_boost,bonferroni,0.14285714285714285,,False,0,0,,1082,0,0,0.0,,,,sonnet46
2026091300,u_boost,fixed_sequence,0.2,,False,0,0,,1082,0,0,0.0,,,,sonnet46
2026091300,u_boost,bonferroni,0.2,,False,0,0,,1082,0,0,0.0,,,,sonnet46
2026091300,u_boost,fixed_sequence,0.25,,False,0,0,,1082,0,0,0.0,,,,sonnet46
2026091300,u_boost,bonferroni,0.25,,False,0,0,,1082,0,0,0.0,,,,sonnet46
2026091300,rich_logistic,fixed_sequence,0.1,,False,0,0,,1082,0,0,0.0,,,,sonnet46
2026091300,rich_logistic,bonferroni,0.1,,False,0,0,,1082,0,0,0.0,,,,sonnet46
2026091300,rich_logistic,fixed_sequence,0.14285714285714285,,False,0,0,,1082,0,0,0.0,,,,sonnet46
2026091300,rich_logistic,bonferroni,0.14285714285714285,,False,0,0,,1082,0,0,0.0,,,,sonnet46
2026091300,rich_logistic,fixed_sequence,0.2,,False,0,0,,1082,0,0,0.0,,,,sonnet46
2026091300,rich_logistic,bonferroni,0.2,,False,0,0,,1082,0,0,0.0,,,,sonnet46
2026091300,rich_logistic,fixed_sequence,0.25,,False,0,0,,1082,0,0,0.0,,,,sonnet46
2026091300,rich_logistic,bonferroni,0.25,,False,0,0,,1082,0,0,0.0,,,,sonnet46
2026091300,rich_boost,fixed_sequence,0.1,,False,0,0,,1082,0,0,0.0,,,,sonnet46
2026091300,rich_boost,bonferroni,0.1,,False,0,0,,1082,0,0,0.0,,,,sonnet46
2026091300,rich_boost,fixed_sequence,0.14285714285714285,,False,0,0,,1082,0,0,0.0,,,,sonnet46
2026091300,rich_boost,bonferroni,0.14285714285714285,,False,0,0,,1082,0,0,0.0,,,,sonnet46
2026091300,rich_boost,fixed_sequence,0.2,,False,0,0,,1082,0,0,0.0,,,,sonnet46
2026091300,rich_boost,bonferroni,0.2,,False,0,0,,1082,0,0,0.0,,,,sonnet46
2026091300,rich_boost,fixed_sequence,0.25,,False,0,0,,1082,0,0,0.0,,,,sonnet46
2026091300,rich_boost,bonferroni,0.25,,False,0,0,,1082,0,0,0.0,,,,sonnet46
2026091301,raw_u,fixed_sequence,0.1,,False,0,0,,1082,0,0,0.0,,,,sonnet46
2026091301,raw_u,bonferroni,0.1,,False,0,0,,1082,0,0,0.0,,,,sonnet46
2026091301,raw_u,fixed_sequence,0.14285714285714285,,False,0,0,,1082,0,0,0.0,,,,sonnet46
2026091301,raw_u,bonferroni,0.14285714285714285,,False,0,0,,1082,0,0,0.0,,,,sonnet46
2026091301,raw_u,fixed_sequence,0.2,,False,0,0,,1082,0,0,0.0,,,,sonnet46
2026091301,raw_u,bonferroni,0.2,,False,0,0,,1082,0,0,0.0,,,,sonnet46
2026091301,raw_u,fixed_sequence,0.25,,False,0,0,,1082,0,0,0.0,,,,sonnet46
2026091301,raw_u,bonferroni,0.25,0.8571428571428571,True,47,2,0.23099744506774153,1082,46,4,0.04251386321626617,0.08695652173913043,0.024203070802934584,0.2079173248839477,sonnet46
2026091301,u_boost,fixed_sequence,0.1,,False,0,0,,1082,0,0,0.0,,,,sonnet46
2026091301,u_boost,bonferroni,0.1,,False,0,0,,1082,0,0,0.0,,,,sonnet46
2026091301,u_boost,fixed_sequence,0.14285714285714285,,False,0,0,,1082,0,0,0.0,,,,sonnet46
2026091301,u_boost,bonferroni,0.14285714285714285,,False,0,0,,1082,0,0,0.0,,,,sonnet46
2026091301,u_boost,fixed_sequence,0.2,,False,0,0,,1082,0,0,0.0,,,,sonnet46
2026091301,u_boost,bonferroni,0.2,,False,0,0,,1082,0,0,0.0,,,,sonnet46
2026091301,u_boost,fixed_sequence,0.25,0.68,True,116,18,0.24574620660076302,1082,118,22,0.10905730129390019,0.1864406779661017,0.12068574809247304,0.2685539061467301,sonnet46
2026091301,u_boost,bonferroni,0.25,,False,0,0,,1082,0,0,0.0,,,,sonnet46
2026091301,rich_logistic,fixed_sequence,0.1,,False,0,0,,1082,0,0,0.0,,,,sonnet46
2026091301,rich_logistic,bonferroni,0.1,,False,0,0,,1082,0,0,0.0,,,,sonnet46
2026091301,rich_logistic,fixed_sequence,0.14285714285714285,,False,0,0,,1082,0,0,0.0,,,,sonnet46
2026091301,rich_logistic,bonferroni,0.14285714285714285,,False,0,0,,1082,0,0,0.0,,,,sonnet46
2026091301,rich_logistic,fixed_sequence,0.2,,False,0,0,,1082,0,0,0.0,,,,sonnet46
2026091301,rich_logistic,bonferroni,0.2,,False,0,0,,1082,0,0,0.0,,,,sonnet46
2026091301,rich_logistic,fixed_sequence,0.25,,False,0,0,,1082,0,0,0.0,,,,sonnet46
2026091301,rich_logistic,bonferroni,0.25,,False,0,0,,1082,0,0,0.0,,,,sonnet46
2026091301,rich_boost,fixed_sequence,0.1,,False,0,0,,1082,0,0,0.0,,,,sonnet46
2026091301,rich_boost,bonferroni,0.1,,False,0,0,,1082,0,0,0.0,,,,sonnet46
2026091301,rich_boost,fixed_sequence,0.14285714285714285,,False,0,0,,1082,0,0,0.0,,,,sonnet46
2026091301,rich_boost,bonferroni,0.14285714285714285,,False,0,0,,1082,0,0,0.0,,,,sonnet46
2026091301,rich_boost,fixed_sequence,0.2,,False,0,0,,1082,0,0,0.0,,,,sonnet46
2026091301,rich_boost,bonferroni,0.2,,False,0,0,,1082,0,0,0.0,,,,sonnet46
2026091301,rich_boost,fixed_sequence,0.25,,False,0,0,,1082,0,0,0.0,,,,sonnet46
2026091301,rich_boost,bonferroni,0.25,,False,0,0,,1082,0,0,0.0,,,,sonnet46
2026091201,raw_u,fixed_sequence,0.1,,False,0,0,,1082,0,0,0.0,,,,deepseekv32maas
2026091201,raw_u,bonferroni,0.1,,False,0,0,,1082,0,0,0.0,,,,deepseekv32maas
2026091201,raw_u,fixed_sequence,0.14285714285714285,,False,0,0,,1082,0,0,0.0,,,,deepseekv32maas
2026091201,raw_u,bonferroni,0.14285714285714285,,False,0,0,,1082,0,0,0.0,,,,deepseekv32maas
2026091201,raw_u,fixed_sequence,0.2,,False,0,0,,1082,0,0,0.0,,,,deepseekv32maas
2026091201,raw_u,bonferroni,0.2,,False,0,0,,1082,0,0,0.0,,,,deepseekv32maas
2026091201,raw_u,fixed_sequence,0.25,,False,0,0,,1082,0,0,0.0,,,,deepseekv32maas
2026091201,raw_u,bonferroni,0.25,,False,0,0,,1082,0,0,0.0,,,,deepseekv32maas
2026091201,u_boost,fixed_sequence,0.1,,False,0,0,,1082,0,0,0.0,,,,deepseekv32maas
2026091201,u_boost,bonferroni,0.1,,False,0,0,,1082,0,0,0.0,,,,deepseekv32maas
2026091201,u_boost,fixed_sequence,0.14285714285714285,,False,0,0,,1082,0,0,0.0,,,,deepseekv32maas
2026091201,u_boost,bonferroni,0.14285714285714285,,False,0,0,,1082,0,0,0.0,,,,deepseekv32maas
2026091201,u_boost,fixed_sequence,0.2,,False,0,0,,1082,0,0,0.0,,,,deepseekv32maas
2026091201,u_boost,bonferroni,0.2,,False,0,0,,1082,0,0,0.0,,,,deepseekv32maas
2026091201,u_boost,fixed_sequence,0.25,,False,0,0,,1082,0,0,0.0,,,,deepseekv32maas
2026091201,u_boost,bonferroni,0.25,,False,0,0,,1082,0,0,0.0,,,,deepseekv32maas
2026091201,rich_logistic,fixed_sequence,0.1,,False,0,0,,1082,0,0,0.0,,,,deepseekv32maas
2026091201,rich_logistic,bonferroni,0.1,,False,0,0,,1082,0,0,0.0,,,,deepseekv32maas
2026091201,rich_logistic,fixed_sequence,0.14285714285714285,,False,0,0,,1082,0,0,0.0,,,,deepseekv32maas
2026091201,rich_logistic,bonferroni,0.14285714285714285,,False,0,0,,1082,0,0,0.0,,,,deepseekv32maas
2026091201,rich_logistic,fixed_sequence,0.2,,False,0,0,,1082,0,0,0.0,,,,deepseekv32maas
2026091201,rich_logistic,bonferroni,0.2,,False,0,0,,1082,0,0,0.0,,,,deepseekv32maas
2026091201,rich_logistic,fixed_sequence,0.25,,False,0,0,,1082,0,0,0.0,,,,deepseekv32maas
2026091201,rich_logistic,bonferroni,0.25,,False,0,0,,1082,0,0,0.0,,,,deepseekv32maas
2026091201,rich_boost,fixed_sequence,0.1,,False,0,0,,1082,0,0,0.0,,,,deepseekv32maas
2026091201,rich_boost,bonferroni,0.1,,False,0,0,,1082,0,0,0.0,,,,deepseekv32maas
2026091201,rich_boost,fixed_sequence,0.14285714285714285,,False,0,0,,1082,0,0,0.0,,,,deepseekv32maas
2026091201,rich_boost,bonferroni,0.14285714285714285,,False,0,0,,1082,0,0,0.0,,,,deepseekv32maas
2026091201,rich_boost,fixed_sequence,0.2,,False,0,0,,1082,0,0,0.0,,,,deepseekv32maas
2026091201,rich_boost,bonferroni,0.2,,False,0,0,,1082,0,0,0.0,,,,deepseekv32maas
2026091201,rich_boost,fixed_sequence,0.25,,False,0,0,,1082,0,0,0.0,,,,deepseekv32maas
2026091201,rich_boost,bonferroni,0.25,,False,0,0,,1082,0,0,0.0,,,,deepseekv32maas
2026091202,raw_u,fixed_sequence,0.1,,False,0,0,,1082,0,0,0.0,,,,deepseekv32maas
2026091202,raw_u,bonferroni,0.1,,False,0,0,,1082,0,0,0.0,,,,deepseekv32maas
2026091202,raw_u,fixed_sequence,0.14285714285714285,,False,0,0,,1082,0,0,0.0,,,,deepseekv32maas
2026091202,raw_u,bonferroni,0.14285714285714285,,False,0,0,,1082,0,0,0.0,,,,deepseekv32maas
2026091202,raw_u,fixed_sequence,0.2,,False,0,0,,1082,0,0,0.0,,,,deepseekv32maas
2026091202,raw_u,bonferroni,0.2,,False,0,0,,1082,0,0,0.0,,,,deepseekv32maas
2026091202,raw_u,fixed_sequence,0.25,,False,0,0,,1082,0,0,0.0,,,,deepseekv32maas
2026091202,raw_u,bonferroni,0.25,,False,0,0,,1082,0,0,0.0,,,,deepseekv32maas
2026091202,u_boost,fixed_sequence,0.1,,False,0,0,,1082,0,0,0.0,,,,deepseekv32maas
2026091202,u_boost,bonferroni,0.1,,False,0,0,,1082,0,0,0.0,,,,deepseekv32maas
2026091202,u_boost,fixed_sequence,0.14285714285714285,,False,0,0,,1082,0,0,0.0,,,,deepseekv32maas
2026091202,u_boost,bonferroni,0.14285714285714285,,False,0,0,,1082,0,0,0.0,,,,deepseekv32maas
2026091202,u_boost,fixed_sequence,0.2,,False,0,0,,1082,0,0,0.0,,,,deepseekv32maas
2026091202,u_boost,bonferroni,0.2,,False,0,0,,1082,0,0,0.0,,,,deepseekv32maas
2026091202,u_boost,fixed_sequence,0.25,,False,0,0,,1082,0,0,0.0,,,,deepseekv32maas
2026091202,u_boost,bonferroni,0.25,,False,0,0,,1082,0,0,0.0,,,,deepseekv32maas
2026091202,rich_logistic,fixed_sequence,0.1,,False,0,0,,1082,0,0,0.0,,,,deepseekv32maas
2026091202,rich_logistic,bonferroni,0.1,,False,0,0,,1082,0,0,0.0,,,,deepseekv32maas
2026091202,rich_logistic,fixed_sequence,0.14285714285714285,,False,0,0,,1082,0,0,0.0,,,,deepseekv32maas
2026091202,rich_logistic,bonferroni,0.14285714285714285,,False,0,0,,1082,0,0,0.0,,,,deepseekv32maas
2026091202,rich_logistic,fixed_sequence,0.2,,False,0,0,,1082,0,0,0.0,,,,deepseekv32maas
2026091202,rich_logistic,bonferroni,0.2,,False,0,0,,1082,0,0,0.0,,,,deepseekv32maas
2026091202,rich_logistic,fixed_sequence,0.25,,False,0,0,,1082,0,0,0.0,,,,deepseekv32maas
2026091202,rich_logistic,bonferroni,0.25,,False,0,0,,1082,0,0,0.0,,,,deepseekv32maas
2026091202,rich_boost,fixed_sequence,0.1,,False,0,0,,1082,0,0,0.0,,,,deepseekv32maas
2026091202,rich_boost,bonferroni,0.1,,False,0,0,,1082,0,0,0.0,,,,deepseekv32maas
2026091202,rich_boost,fixed_sequence,0.14285714285714285,,False,0,0,,1082,0,0,0.0,,,,deepseekv32maas
2026091202,rich_boost,bonferroni,0.14285714285714285,,False,0,0,,1082,0,0,0.0,,,,deepseekv32maas
2026091202,rich_boost,fixed_sequence,0.2,,False,0,0,,1082,0,0,0.0,,,,deepseekv32maas
2026091202,rich_boost,bonferroni,0.2,,False,0,0,,1082,0,0,0.0,,,,deepseekv32maas
2026091202,rich_boost,fixed_sequence,0.25,,False,0,0,,1082,0,0,0.0,,,,deepseekv32maas
2026091202,rich_boost,bonferroni,0.25,,False,0,0,,1082,0,0,0.0,,,,deepseekv32maas
2026091203,raw_u,fixed_sequence,0.1,,False,0,0,,1082,0,0,0.0,,,,deepseekv32maas
2026091203,raw_u,bonferroni,0.1,,False,0,0,,1082,0,0,0.0,,,,deepseekv32maas
2026091203,raw_u,fixed_sequence,0.14285714285714285,,False,0,0,,1082,0,0,0.0,,,,deepseekv32maas
2026091203,raw_u,bonferroni,0.14285714285714285,,False,0,0,,1082,0,0,0.0,,,,deepseekv32maas
2026091203,raw_u,fixed_sequence,0.2,,False,0,0,,1082,0,0,0.0,,,,deepseekv32maas
2026091203,raw_u,bonferroni,0.2,,False,0,0,,1082,0,0,0.0,,,,deepseekv32maas
2026091203,raw_u,fixed_sequence,0.25,,False,0,0,,1082,0,0,0.0,,,,deepseekv32maas
2026091203,raw_u,bonferroni,0.25,,False,0,0,,1082,0,0,0.0,,,,deepseekv32maas
2026091203,u_boost,fixed_sequence,0.1,,False,0,0,,1082,0,0,0.0,,,,deepseekv32maas
2026091203,u_boost,bonferroni,0.1,,False,0,0,,1082,0,0,0.0,,,,deepseekv32maas
2026091203,u_boost,fixed_sequence,0.14285714285714285,,False,0,0,,1082,0,0,0.0,,,,deepseekv32maas
2026091203,u_boost,bonferroni,0.14285714285714285,,False,0,0,,1082,0,0,0.0,,,,deepseekv32maas
2026091203,u_boost,fixed_sequence,0.2,,False,0,0,,1082,0,0,0.0,,,,deepseekv32maas
2026091203,u_boost,bonferroni,0.2,,False,0,0,,1082,0,0,0.0,,,,deepseekv32maas
2026091203,u_boost,fixed_sequence,0.25,,False,0,0,,1082,0,0,0.0,,,,deepseekv32maas
2026091203,u_boost,bonferroni,0.25,,False,0,0,,1082,0,0,0.0,,,,deepseekv32maas
2026091203,rich_logistic,fixed_sequence,0.1,,False,0,0,,1082,0,0,0.0,,,,deepseekv32maas
2026091203,rich_logistic,bonferroni,0.1,,False,0,0,,1082,0,0,0.0,,,,deepseekv32maas
2026091203,rich_logistic,fixed_sequence,0.14285714285714285,,False,0,0,,1082,0,0,0.0,,,,deepseekv32maas
2026091203,rich_logistic,bonferroni,0.14285714285714285,,False,0,0,,1082,0,0,0.0,,,,deepseekv32maas
2026091203,rich_logistic,fixed_sequence,0.2,,False,0,0,,1082,0,0,0.0,,,,deepseekv32maas
2026091203,rich_logistic,bonferroni,0.2,,False,0,0,,1082,0,0,0.0,,,,deepseekv32maas
2026091203,rich_logistic,fixed_sequence,0.25,,False,0,0,,1082,0,0,0.0,,,,deepseekv32maas
2026091203,rich_logistic,bonferroni,0.25,,False,0,0,,1082,0,0,0.0,,,,deepseekv32maas
2026091203,rich_boost,fixed_sequence,0.1,,False,0,0,,1082,0,0,0.0,,,,deepseekv32maas
2026091203,rich_boost,bonferroni,0.1,,False,0,0,,1082,0,0,0.0,,,,deepseekv32maas
2026091203,rich_boost,fixed_sequence,0.14285714285714285,,False,0,0,,1082,0,0,0.0,,,,deepseekv32maas
2026091203,rich_boost,bonferroni,0.14285714285714285,,False,0,0,,1082,0,0,0.0,,,,deepseekv32maas
2026091203,rich_boost,fixed_sequence,0.2,,False,0,0,,1082,0,0,0.0,,,,deepseekv32maas
2026091203,rich_boost,bonferroni,0.2,,False,0,0,,1082,0,0,0.0,,,,deepseekv32maas
2026091203,rich_boost,fixed_sequence,0.25,,False,0,0,,1082,0,0,0.0,,,,deepseekv32maas
2026091203,rich_boost,bonferroni,0.25,,False,0,0,,1082,0,0,0.0,,,,deepseekv32maas
2026091204,raw_u,fixed_sequence,0.1,,False,0,0,,1082,0,0,0.0,,,,deepseekv32maas
2026091204,raw_u,bonferroni,0.1,,False,0,0,,1082,0,0,0.0,,,,deepseekv32maas
2026091204,raw_u,fixed_sequence,0.14285714285714285,,False,0,0,,1082,0,0,0.0,,,,deepseekv32maas
2026091204,raw_u,bonferroni,0.14285714285714285,,False,0,0,,1082,0,0,0.0,,,,deepseekv32maas
2026091204,raw_u,fixed_sequence,0.2,,False,0,0,,1082,0,0,0.0,,,,deepseekv32maas
2026091204,raw_u,bonferroni,0.2,,False,0,0,,1082,0,0,0.0,,,,deepseekv32maas
2026091204,raw_u,fixed_sequence,0.25,,False,0,0,,1082,0,0,0.0,,,,deepseekv32maas
2026091204,raw_u,bonferroni,0.25,,False,0,0,,1082,0,0,0.0,,,,deepseekv32maas
2026091204,u_boost,fixed_sequence,0.1,,False,0,0,,1082,0,0,0.0,,,,deepseekv32maas
2026091204,u_boost,bonferroni,0.1,,False,0,0,,1082,0,0,0.0,,,,deepseekv32maas
2026091204,u_boost,fixed_sequence,0.14285714285714285,,False,0,0,,1082,0,0,0.0,,,,deepseekv32maas
2026091204,u_boost,bonferroni,0.14285714285714285,,False,0,0,,1082,0,0,0.0,,,,deepseekv32maas
2026091204,u_boost,fixed_sequence,0.2,,False,0,0,,1082,0,0,0.0,,,,deepseekv32maas
2026091204,u_boost,bonferroni,0.2,,False,0,0,,1082,0,0,0.0,,,,deepseekv32maas
2026091204,u_boost,fixed_sequence,0.25,,False,0,0,,1082,0,0,0.0,,,,deepseekv32maas
2026091204,u_boost,bonferroni,0.25,,False,0,0,,1082,0,0,0.0,,,,deepseekv32maas
2026091204,rich_logistic,fixed_sequence,0.1,,False,0,0,,1082,0,0,0.0,,,,deepseekv32maas
2026091204,rich_logistic,bonferroni,0.1,,False,0,0,,1082,0,0,0.0,,,,deepseekv32maas
2026091204,rich_logistic,fixed_sequence,0.14285714285714285,,False,0,0,,1082,0,0,0.0,,,,deepseekv32maas
2026091204,rich_logistic,bonferroni,0.14285714285714285,,False,0,0,,1082,0,0,0.0,,,,deepseekv32maas
2026091204,rich_logistic,fixed_sequence,0.2,,False,0,0,,1082,0,0,0.0,,,,deepseekv32maas
2026091204,rich_logistic,bonferroni,0.2,,False,0,0,,1082,0,0,0.0,,,,deepseekv32maas
2026091204,rich_logistic,fixed_sequence,0.25,,False,0,0,,1082,0,0,0.0,,,,deepseekv32maas
2026091204,rich_logistic,bonferroni,0.25,,False,0,0,,1082,0,0,0.0,,,,deepseekv32maas
2026091204,rich_boost,fixed_sequence,0.1,,False,0,0,,1082,0,0,0.0,,,,deepseekv32maas
2026091204,rich_boost,bonferroni,0.1,,False,0,0,,1082,0,0,0.0,,,,deepseekv32maas
2026091204,rich_boost,fixed_sequence,0.14285714285714285,,False,0,0,,1082,0,0,0.0,,,,deepseekv32maas
2026091204,rich_boost,bonferroni,0.14285714285714285,,False,0,0,,1082,0,0,0.0,,,,deepseekv32maas
2026091204,rich_boost,fixed_sequence,0.2,,False,0,0,,1082,0,0,0.0,,,,deepseekv32maas
2026091204,rich_boost,bonferroni,0.2,,False,0,0,,1082,0,0,0.0,,,,deepseekv32maas
2026091204,rich_boost,fixed_sequence,0.25,,False,0,0,,1082,0,0,0.0,,,,deepseekv32maas
2026091204,rich_boost,bonferroni,0.25,,False,0,0,,1082,0,0,0.0,,,,deepseekv32maas
2026091205,raw_u,fixed_sequence,0.1,,False,0,0,,1082,0,0,0.0,,,,deepseekv32maas
2026091205,raw_u,bonferroni,0.1,,False,0,0,,1082,0,0,0.0,,,,deepseekv32maas
2026091205,raw_u,fixed_sequence,0.14285714285714285,,False,0,0,,1082,0,0,0.0,,,,deepseekv32maas
2026091205,raw_u,bonferroni,0.14285714285714285,,False,0,0,,1082,0,0,0.0,,,,deepseekv32maas
2026091205,raw_u,fixed_sequence,0.2,,False,0,0,,1082,0,0,0.0,,,,deepseekv32maas
2026091205,raw_u,bonferroni,0.2,,False,0,0,,1082,0,0,0.0,,,,deepseekv32maas
2026091205,raw_u,fixed_sequence,0.25,,False,0,0,,1082,0,0,0.0,,,,deepseekv32maas
2026091205,raw_u,bonferroni,0.25,,False,0,0,,1082,0,0,0.0,,,,deepseekv32maas
2026091205,u_boost,fixed_sequence,0.1,,False,0,0,,1082,0,0,0.0,,,,deepseekv32maas
2026091205,u_boost,bonferroni,0.1,,False,0,0,,1082,0,0,0.0,,,,deepseekv32maas
2026091205,u_boost,fixed_sequence,0.14285714285714285,,False,0,0,,1082,0,0,0.0,,,,deepseekv32maas
2026091205,u_boost,bonferroni,0.14285714285714285,,False,0,0,,1082,0,0,0.0,,,,deepseekv32maas
2026091205,u_boost,fixed_sequence,0.2,,False,0,0,,1082,0,0,0.0,,,,deepseekv32maas
2026091205,u_boost,bonferroni,0.2,,False,0,0,,1082,0,0,0.0,,,,deepseekv32maas
2026091205,u_boost,fixed_sequence,0.25,,False,0,0,,1082,0,0,0.0,,,,deepseekv32maas
2026091205,u_boost,bonferroni,0.25,,False,0,0,,1082,0,0,0.0,,,,deepseekv32maas
2026091205,rich_logistic,fixed_sequence,0.1,,False,0,0,,1082,0,0,0.0,,,,deepseekv32maas
2026091205,rich_logistic,bonferroni,0.1,,False,0,0,,1082,0,0,0.0,,,,deepseekv32maas
2026091205,rich_logistic,fixed_sequence,0.14285714285714285,,False,0,0,,1082,0,0,0.0,,,,deepseekv32maas
2026091205,rich_logistic,bonferroni,0.14285714285714285,,False,0,0,,1082,0,0,0.0,,,,deepseekv32maas
2026091205,rich_logistic,fixed_sequence,0.2,,False,0,0,,1082,0,0,0.0,,,,deepseekv32maas
2026091205,rich_logistic,bonferroni,0.2,,False,0,0,,1082,0,0,0.0,,,,deepseekv32maas
2026091205,rich_logistic,fixed_sequence,0.25,,False,0,0,,1082,0,0,0.0,,,,deepseekv32maas
2026091205,rich_logistic,bonferroni,0.25,,False,0,0,,1082,0,0,0.0,,,,deepseekv32maas
2026091205,rich_boost,fixed_sequence,0.1,,False,0,0,,1082,0,0,0.0,,,,deepseekv32maas
2026091205,rich_boost,bonferroni,0.1,,False,0,0,,1082,0,0,0.0,,,,deepseekv32maas
2026091205,rich_boost,fixed_sequence,0.14285714285714285,,False,0,0,,1082,0,0,0.0,,,,deepseekv32maas
2026091205,rich_boost,bonferroni,0.14285714285714285,,False,0,0,,1082,0,0,0.0,,,,deepseekv32maas
2026091205,rich_boost,fixed_sequence,0.2,,False,0,0,,1082,0,0,0.0,,,,deepseekv32maas
2026091205,rich_boost,bonferroni,0.2,,False,0,0,,1082,0,0,0.0,,,,deepseekv32maas
2026091205,rich_boost,fixed_sequence,0.25,,False,0,0,,1082,0,0,0.0,,,,deepseekv32maas
2026091205,rich_boost,bonferroni,0.25,,False,0,0,,1082,0,0,0.0,,,,deepseekv32maas
2026091206,raw_u,fixed_sequence,0.1,,False,0,0,,1082,0,0,0.0,,,,deepseekv32maas
2026091206,raw_u,bonferroni,0.1,,False,0,0,,1082,0,0,0.0,,,,deepseekv32maas
2026091206,raw_u,fixed_sequence,0.14285714285714285,,False,0,0,,1082,0,0,0.0,,,,deepseekv32maas
2026091206,raw_u,bonferroni,0.14285714285714285,,False,0,0,,1082,0,0,0.0,,,,deepseekv32maas
2026091206,raw_u,fixed_sequence,0.2,,False,0,0,,1082,0,0,0.0,,,,deepseekv32maas
2026091206,raw_u,bonferroni,0.2,,False,0,0,,1082,0,0,0.0,,,,deepseekv32maas
2026091206,raw_u,fixed_sequence,0.25,,False,0,0,,1082,0,0,0.0,,,,deepseekv32maas
2026091206,raw_u,bonferroni,0.25,,False,0,0,,1082,0,0,0.0,,,,deepseekv32maas
2026091206,u_boost,fixed_sequence,0.1,,False,0,0,,1082,0,0,0.0,,,,deepseekv32maas
2026091206,u_boost,bonferroni,0.1,,False,0,0,,1082,0,0,0.0,,,,deepseekv32maas
2026091206,u_boost,fixed_sequence,0.14285714285714285,,False,0,0,,1082,0,0,0.0,,,,deepseekv32maas
2026091206,u_boost,bonferroni,0.14285714285714285,,False,0,0,,1082,0,0,0.0,,,,deepseekv32maas
2026091206,u_boost,fixed_sequence,0.2,,False,0,0,,1082,0,0,0.0,,,,deepseekv32maas
2026091206,u_boost,bonferroni,0.2,,False,0,0,,1082,0,0,0.0,,,,deepseekv32maas
2026091206,u_boost,fixed_sequence,0.25,,False,0,0,,1082,0,0,0.0,,,,deepseekv32maas
2026091206,u_boost,bonferroni,0.25,,False,0,0,,1082,0,0,0.0,,,,deepseekv32maas
2026091206,rich_logistic,fixed_sequence,0.1,,False,0,0,,1082,0,0,0.0,,,,deepseekv32maas
2026091206,rich_logistic,bonferroni,0.1,,False,0,0,,1082,0,0,0.0,,,,deepseekv32maas
2026091206,rich_logistic,fixed_sequence,0.14285714285714285,,False,0,0,,1082,0,0,0.0,,,,deepseekv32maas
2026091206,rich_logistic,bonferroni,0.14285714285714285,,False,0,0,,1082,0,0,0.0,,,,deepseekv32maas
2026091206,rich_logistic,fixed_sequence,0.2,,False,0,0,,1082,0,0,0.0,,,,deepseekv32maas
2026091206,rich_logistic,bonferroni,0.2,,False,0,0,,1082,0,0,0.0,,,,deepseekv32maas
2026091206,rich_logistic,fixed_sequence,0.25,,False,0,0,,1082,0,0,0.0,,,,deepseekv32maas
2026091206,rich_logistic,bonferroni,0.25,,False,0,0,,1082,0,0,0.0,,,,deepseekv32maas
2026091206,rich_boost,fixed_sequence,0.1,,False,0,0,,1082,0,0,0.0,,,,deepseekv32maas
2026091206,rich_boost,bonferroni,0.1,,False,0,0,,1082,0,0,0.0,,,,deepseekv32maas
2026091206,rich_boost,fixed_sequence,0.14285714285714285,,False,0,0,,1082,0,0,0.0,,,,deepseekv32maas
2026091206,rich_boost,bonferroni,0.14285714285714285,,False,0,0,,1082,0,0,0.0,,,,deepseekv32maas
2026091206,rich_boost,fixed_sequence,0.2,,False,0,0,,1082,0,0,0.0,,,,deepseekv32maas
2026091206,rich_boost,bonferroni,0.2,,False,0,0,,1082,0,0,0.0,,,,deepseekv32maas
2026091206,rich_boost,fixed_sequence,0.25,,False,0,0,,1082,0,0,0.0,,,,deepseekv32maas
2026091206,rich_boost,bonferroni,0.25,,False,0,0,,1082,0,0,0.0,,,,deepseekv32maas
2026091207,raw_u,fixed_sequence,0.1,,False,0,0,,1082,0,0,0.0,,,,deepseekv32maas
2026091207,raw_u,bonferroni,0.1,,False,0,0,,1082,0,0,0.0,,,,deepseekv32maas
2026091207,raw_u,fixed_sequence,0.14285714285714285,,False,0,0,,1082,0,0,0.0,,,,deepseekv32maas
2026091207,raw_u,bonferroni,0.14285714285714285,,False,0,0,,1082,0,0,0.0,,,,deepseekv32maas
2026091207,raw_u,fixed_sequence,0.2,,False,0,0,,1082,0,0,0.0,,,,deepseekv32maas
2026091207,raw_u,bonferroni,0.2,,False,0,0,,1082,0,0,0.0,,,,deepseekv32maas
2026091207,raw_u,fixed_sequence,0.25,,False,0,0,,1082,0,0,0.0,,,,deepseekv32maas
2026091207,raw_u,bonferroni,0.25,,False,0,0,,1082,0,0,0.0,,,,deepseekv32maas
2026091207,u_boost,fixed_sequence,0.1,,False,0,0,,1082,0,0,0.0,,,,deepseekv32maas
2026091207,u_boost,bonferroni,0.1,,False,0,0,,1082,0,0,0.0,,,,deepseekv32maas
2026091207,u_boost,fixed_sequence,0.14285714285714285,,False,0,0,,1082,0,0,0.0,,,,deepseekv32maas
2026091207,u_boost,bonferroni,0.14285714285714285,,False,0,0,,1082,0,0,0.0,,,,deepseekv32maas
2026091207,u_boost,fixed_sequence,0.2,,False,0,0,,1082,0,0,0.0,,,,deepseekv32maas
2026091207,u_boost,bonferroni,0.2,,False,0,0,,1082,0,0,0.0,,,,deepseekv32maas
2026091207,u_boost,fixed_sequence,0.25,,False,0,0,,1082,0,0,0.0,,,,deepseekv32maas
2026091207,u_boost,bonferroni,0.25,,False,0,0,,1082,0,0,0.0,,,,deepseekv32maas
2026091207,rich_logistic,fixed_sequence,0.1,,False,0,0,,1082,0,0,0.0,,,,deepseekv32maas
2026091207,rich_logistic,bonferroni,0.1,,False,0,0,,1082,0,0,0.0,,,,deepseekv32maas
2026091207,rich_logistic,fixed_sequence,0.14285714285714285,,False,0,0,,1082,0,0,0.0,,,,deepseekv32maas
2026091207,rich_logistic,bonferroni,0.14285714285714285,,False,0,0,,1082,0,0,0.0,,,,deepseekv32maas
2026091207,rich_logistic,fixed_sequence,0.2,,False,0,0,,1082,0,0,0.0,,,,deepseekv32maas
2026091207,rich_logistic,bonferroni,0.2,,False,0,0,,1082,0,0,0.0,,,,deepseekv32maas
2026091207,rich_logistic,fixed_sequence,0.25,,False,0,0,,1082,0,0,0.0,,,,deepseekv32maas
2026091207,rich_logistic,bonferroni,0.25,,False,0,0,,1082,0,0,0.0,,,,deepseekv32maas
2026091207,rich_boost,fixed_sequence,0.1,,False,0,0,,1082,0,0,0.0,,,,deepseekv32maas
2026091207,rich_boost,bonferroni,0.1,,False,0,0,,1082,0,0,0.0,,,,deepseekv32maas
2026091207,rich_boost,fixed_sequence,0.14285714285714285,,False,0,0,,1082,0,0,0.0,,,,deepseekv32maas
2026091207,rich_boost,bonferroni,0.14285714285714285,,False,0,0,,1082,0,0,0.0,,,,deepseekv32maas
2026091207,rich_boost,fixed_sequence,0.2,,False,0,0,,1082,0,0,0.0,,,,deepseekv32maas
2026091207,rich_boost,bonferroni,0.2,,False,0,0,,1082,0,0,0.0,,,,deepseekv32maas
2026091207,rich_boost,fixed_sequence,0.25,,False,0,0,,1082,0,0,0.0,,,,deepseekv32maas
2026091207,rich_boost,bonferroni,0.25,,False,0,0,,1082,0,0,0.0,,,,deepseekv32maas
2026091208,raw_u,fixed_sequence,0.1,,False,0,0,,1082,0,0,0.0,,,,deepseekv32maas
2026091208,raw_u,bonferroni,0.1,,False,0,0,,1082,0,0,0.0,,,,deepseekv32maas
2026091208,raw_u,fixed_sequence,0.14285714285714285,,False,0,0,,1082,0,0,0.0,,,,deepseekv32maas
2026091208,raw_u,bonferroni,0.14285714285714285,,False,0,0,,1082,0,0,0.0,,,,deepseekv32maas
2026091208,raw_u,fixed_sequence,0.2,,False,0,0,,1082,0,0,0.0,,,,deepseekv32maas
2026091208,raw_u,bonferroni,0.2,,False,0,0,,1082,0,0,0.0,,,,deepseekv32maas
2026091208,raw_u,fixed_sequence,0.25,,False,0,0,,1082,0,0,0.0,,,,deepseekv32maas
2026091208,raw_u,bonferroni,0.25,,False,0,0,,1082,0,0,0.0,,,,deepseekv32maas
2026091208,u_boost,fixed_sequence,0.1,,False,0,0,,1082,0,0,0.0,,,,deepseekv32maas
2026091208,u_boost,bonferroni,0.1,,False,0,0,,1082,0,0,0.0,,,,deepseekv32maas
2026091208,u_boost,fixed_sequence,0.14285714285714285,,False,0,0,,1082,0,0,0.0,,,,deepseekv32maas
2026091208,u_boost,bonferroni,0.14285714285714285,,False,0,0,,1082,0,0,0.0,,,,deepseekv32maas
2026091208,u_boost,fixed_sequence,0.2,,False,0,0,,1082,0,0,0.0,,,,deepseekv32maas
2026091208,u_boost,bonferroni,0.2,,False,0,0,,1082,0,0,0.0,,,,deepseekv32maas
2026091208,u_boost,fixed_sequence,0.25,,False,0,0,,1082,0,0,0.0,,,,deepseekv32maas
2026091208,u_boost,bonferroni,0.25,,False,0,0,,1082,0,0,0.0,,,,deepseekv32maas
2026091208,rich_logistic,fixed_sequence,0.1,,False,0,0,,1082,0,0,0.0,,,,deepseekv32maas
2026091208,rich_logistic,bonferroni,0.1,,False,0,0,,1082,0,0,0.0,,,,deepseekv32maas
2026091208,rich_logistic,fixed_sequence,0.14285714285714285,,False,0,0,,1082,0,0,0.0,,,,deepseekv32maas
2026091208,rich_logistic,bonferroni,0.14285714285714285,,False,0,0,,1082,0,0,0.0,,,,deepseekv32maas
2026091208,rich_logistic,fixed_sequence,0.2,,False,0,0,,1082,0,0,0.0,,,,deepseekv32maas
2026091208,rich_logistic,bonferroni,0.2,,False,0,0,,1082,0,0,0.0,,,,deepseekv32maas
2026091208,rich_logistic,fixed_sequence,0.25,,False,0,0,,1082,0,0,0.0,,,,deepseekv32maas
2026091208,rich_logistic,bonferroni,0.25,,False,0,0,,1082,0,0,0.0,,,,deepseekv32maas
2026091208,rich_boost,fixed_sequence,0.1,,False,0,0,,1082,0,0,0.0,,,,deepseekv32maas
2026091208,rich_boost,bonferroni,0.1,,False,0,0,,1082,0,0,0.0,,,,deepseekv32maas
2026091208,rich_boost,fixed_sequence,0.14285714285714285,,False,0,0,,1082,0,0,0.0,,,,deepseekv32maas
2026091208,rich_boost,bonferroni,0.14285714285714285,,False,0,0,,1082,0,0,0.0,,,,deepseekv32maas
2026091208,rich_boost,fixed_sequence,0.2,,False,0,0,,1082,0,0,0.0,,,,deepseekv32maas
2026091208,rich_boost,bonferroni,0.2,,False,0,0,,1082,0,0,0.0,,,,deepseekv32maas
2026091208,rich_boost,fixed_sequence,0.25,,False,0,0,,1082,0,0,0.0,,,,deepseekv32maas
2026091208,rich_boost,bonferroni,0.25,,False,0,0,,1082,0,0,0.0,,,,deepseekv32maas
2026091209,raw_u,fixed_sequence,0.1,,False,0,0,,1082,0,0,0.0,,,,deepseekv32maas
2026091209,raw_u,bonferroni,0.1,,False,0,0,,1082,0,0,0.0,,,,deepseekv32maas
2026091209,raw_u,fixed_sequence,0.14285714285714285,,False,0,0,,1082,0,0,0.0,,,,deepseekv32maas
2026091209,raw_u,bonferroni,0.14285714285714285,,False,0,0,,1082,0,0,0.0,,,,deepseekv32maas
2026091209,raw_u,fixed_sequence,0.2,,False,0,0,,1082,0,0,0.0,,,,deepseekv32maas
2026091209,raw_u,bonferroni,0.2,,False,0,0,,1082,0,0,0.0,,,,deepseekv32maas
2026091209,raw_u,fixed_sequence,0.25,,False,0,0,,1082,0,0,0.0,,,,deepseekv32maas
2026091209,raw_u,bonferroni,0.25,,False,0,0,,1082,0,0,0.0,,,,deepseekv32maas
2026091209,u_boost,fixed_sequence,0.1,,False,0,0,,1082,0,0,0.0,,,,deepseekv32maas
2026091209,u_boost,bonferroni,0.1,,False,0,0,,1082,0,0,0.0,,,,deepseekv32maas
2026091209,u_boost,fixed_sequence,0.14285714285714285,,False,0,0,,1082,0,0,0.0,,,,deepseekv32maas
2026091209,u_boost,bonferroni,0.14285714285714285,,False,0,0,,1082,0,0,0.0,,,,deepseekv32maas
2026091209,u_boost,fixed_sequence,0.2,,False,0,0,,1082,0,0,0.0,,,,deepseekv32maas
2026091209,u_boost,bonferroni,0.2,,False,0,0,,1082,0,0,0.0,,,,deepseekv32maas
2026091209,u_boost,fixed_sequence,0.25,,False,0,0,,1082,0,0,0.0,,,,deepseekv32maas
2026091209,u_boost,bonferroni,0.25,,False,0,0,,1082,0,0,0.0,,,,deepseekv32maas
2026091209,rich_logistic,fixed_sequence,0.1,,False,0,0,,1082,0,0,0.0,,,,deepseekv32maas
2026091209,rich_logistic,bonferroni,0.1,,False,0,0,,1082,0,0,0.0,,,,deepseekv32maas
2026091209,rich_logistic,fixed_sequence,0.14285714285714285,,False,0,0,,1082,0,0,0.0,,,,deepseekv32maas
2026091209,rich_logistic,bonferroni,0.14285714285714285,,False,0,0,,1082,0,0,0.0,,,,deepseekv32maas
2026091209,rich_logistic,fixed_sequence,0.2,,False,0,0,,1082,0,0,0.0,,,,deepseekv32maas
2026091209,rich_logistic,bonferroni,0.2,,False,0,0,,1082,0,0,0.0,,,,deepseekv32maas
2026091209,rich_logistic,fixed_sequence,0.25,,False,0,0,,1082,0,0,0.0,,,,deepseekv32maas
2026091209,rich_logistic,bonferroni,0.25,,False,0,0,,1082,0,0,0.0,,,,deepseekv32maas
2026091209,rich_boost,fixed_sequence,0.1,,False,0,0,,1082,0,0,0.0,,,,deepseekv32maas
2026091209,rich_boost,bonferroni,0.1,,False,0,0,,1082,0,0,0.0,,,,deepseekv32maas
2026091209,rich_boost,fixed_sequence,0.14285714285714285,,False,0,0,,1082,0,0,0.0,,,,deepseekv32maas
2026091209,rich_boost,bonferroni,0.14285714285714285,,False,0,0,,1082,0,0,0.0,,,,deepseekv32maas
2026091209,rich_boost,fixed_sequence,0.2,,False,0,0,,1082,0,0,0.0,,,,deepseekv32maas
2026091209,rich_boost,bonferroni,0.2,,False,0,0,,1082,0,0,0.0,,,,deepseekv32maas
2026091209,rich_boost,fixed_sequence,0.25,,False,0,0,,1082,0,0,0.0,,,,deepseekv32maas
2026091209,rich_boost,bonferroni,0.25,,False,0,0,,1082,0,0,0.0,,,,deepseekv32maas
2026091210,raw_u,fixed_sequence,0.1,,False,0,0,,1082,0,0,0.0,,,,deepseekv32maas
2026091210,raw_u,bonferroni,0.1,,False,0,0,,1082,0,0,0.0,,,,deepseekv32maas
2026091210,raw_u,fixed_sequence,0.14285714285714285,,False,0,0,,1082,0,0,0.0,,,,deepseekv32maas
2026091210,raw_u,bonferroni,0.14285714285714285,,False,0,0,,1082,0,0,0.0,,,,deepseekv32maas
2026091210,raw_u,fixed_sequence,0.2,,False,0,0,,1082,0,0,0.0,,,,deepseekv32maas
2026091210,raw_u,bonferroni,0.2,,False,0,0,,1082,0,0,0.0,,,,deepseekv32maas
2026091210,raw_u,fixed_sequence,0.25,,False,0,0,,1082,0,0,0.0,,,,deepseekv32maas
2026091210,raw_u,bonferroni,0.25,,False,0,0,,1082,0,0,0.0,,,,deepseekv32maas
2026091210,u_boost,fixed_sequence,0.1,,False,0,0,,1082,0,0,0.0,,,,deepseekv32maas
2026091210,u_boost,bonferroni,0.1,,False,0,0,,1082,0,0,0.0,,,,deepseekv32maas
2026091210,u_boost,fixed_sequence,0.14285714285714285,,False,0,0,,1082,0,0,0.0,,,,deepseekv32maas
2026091210,u_boost,bonferroni,0.14285714285714285,,False,0,0,,1082,0,0,0.0,,,,deepseekv32maas
2026091210,u_boost,fixed_sequence,0.2,,False,0,0,,1082,0,0,0.0,,,,deepseekv32maas
2026091210,u_boost,bonferroni,0.2,,False,0,0,,1082,0,0,0.0,,,,deepseekv32maas
2026091210,u_boost,fixed_sequence,0.25,,False,0,0,,1082,0,0,0.0,,,,deepseekv32maas
2026091210,u_boost,bonferroni,0.25,,False,0,0,,1082,0,0,0.0,,,,deepseekv32maas
2026091210,rich_logistic,fixed_sequence,0.1,,False,0,0,,1082,0,0,0.0,,,,deepseekv32maas
2026091210,rich_logistic,bonferroni,0.1,,False,0,0,,1082,0,0,0.0,,,,deepseekv32maas
2026091210,rich_logistic,fixed_sequence,0.14285714285714285,,False,0,0,,1082,0,0,0.0,,,,deepseekv32maas
2026091210,rich_logistic,bonferroni,0.14285714285714285,,False,0,0,,1082,0,0,0.0,,,,deepseekv32maas
2026091210,rich_logistic,fixed_sequence,0.2,,False,0,0,,1082,0,0,0.0,,,,deepseekv32maas
2026091210,rich_logistic,bonferroni,0.2,,False,0,0,,1082,0,0,0.0,,,,deepseekv32maas
2026091210,rich_logistic,fixed_sequence,0.25,,False,0,0,,1082,0,0,0.0,,,,deepseekv32maas
2026091210,rich_logistic,bonferroni,0.25,,False,0,0,,1082,0,0,0.0,,,,deepseekv32maas
2026091210,rich_boost,fixed_sequence,0.1,,False,0,0,,1082,0,0,0.0,,,,deepseekv32maas
2026091210,rich_boost,bonferroni,0.1,,False,0,0,,1082,0,0,0.0,,,,deepseekv32maas
2026091210,rich_boost,fixed_sequence,0.14285714285714285,,False,0,0,,1082,0,0,0.0,,,,deepseekv32maas
2026091210,rich_boost,bonferroni,0.14285714285714285,,False,0,0,,1082,0,0,0.0,,,,deepseekv32maas
2026091210,rich_boost,fixed_sequence,0.2,,False,0,0,,1082,0,0,0.0,,,,deepseekv32maas
2026091210,rich_boost,bonferroni,0.2,,False,0,0,,1082,0,0,0.0,,,,deepseekv32maas
2026091210,rich_boost,fixed_sequence,0.25,,False,0,0,,1082,0,0,0.0,,,,deepseekv32maas
2026091210,rich_boost,bonferroni,0.25,,False,0,0,,1082,0,0,0.0,,,,deepseekv32maas
2026091211,raw_u,fixed_sequence,0.1,,False,0,0,,1082,0,0,0.0,,,,deepseekv32maas
2026091211,raw_u,bonferroni,0.1,,False,0,0,,1082,0,0,0.0,,,,deepseekv32maas
2026091211,raw_u,fixed_sequence,0.14285714285714285,,False,0,0,,1082,0,0,0.0,,,,deepseekv32maas
2026091211,raw_u,bonferroni,0.14285714285714285,,False,0,0,,1082,0,0,0.0,,,,deepseekv32maas
2026091211,raw_u,fixed_sequence,0.2,,False,0,0,,1082,0,0,0.0,,,,deepseekv32maas
2026091211,raw_u,bonferroni,0.2,,False,0,0,,1082,0,0,0.0,,,,deepseekv32maas
2026091211,raw_u,fixed_sequence,0.25,,False,0,0,,1082,0,0,0.0,,,,deepseekv32maas
2026091211,raw_u,bonferroni,0.25,,False,0,0,,1082,0,0,0.0,,,,deepseekv32maas
2026091211,u_boost,fixed_sequence,0.1,,False,0,0,,1082,0,0,0.0,,,,deepseekv32maas
2026091211,u_boost,bonferroni,0.1,,False,0,0,,1082,0,0,0.0,,,,deepseekv32maas
2026091211,u_boost,fixed_sequence,0.14285714285714285,,False,0,0,,1082,0,0,0.0,,,,deepseekv32maas
2026091211,u_boost,bonferroni,0.14285714285714285,,False,0,0,,1082,0,0,0.0,,,,deepseekv32maas
2026091211,u_boost,fixed_sequence,0.2,,False,0,0,,1082,0,0,0.0,,,,deepseekv32maas
2026091211,u_boost,bonferroni,0.2,,False,0,0,,1082,0,0,0.0,,,,deepseekv32maas
2026091211,u_boost,fixed_sequence,0.25,,False,0,0,,1082,0,0,0.0,,,,deepseekv32maas
2026091211,u_boost,bonferroni,0.25,,False,0,0,,1082,0,0,0.0,,,,deepseekv32maas
2026091211,rich_logistic,fixed_sequence,0.1,,False,0,0,,1082,0,0,0.0,,,,deepseekv32maas
2026091211,rich_logistic,bonferroni,0.1,,False,0,0,,1082,0,0,0.0,,,,deepseekv32maas
2026091211,rich_logistic,fixed_sequence,0.14285714285714285,,False,0,0,,1082,0,0,0.0,,,,deepseekv32maas
2026091211,rich_logistic,bonferroni,0.14285714285714285,,False,0,0,,1082,0,0,0.0,,,,deepseekv32maas
2026091211,rich_logistic,fixed_sequence,0.2,,False,0,0,,1082,0,0,0.0,,,,deepseekv32maas
2026091211,rich_logistic,bonferroni,0.2,,False,0,0,,1082,0,0,0.0,,,,deepseekv32maas
2026091211,rich_logistic,fixed_sequence,0.25,,False,0,0,,1082,0,0,0.0,,,,deepseekv32maas
2026091211,rich_logistic,bonferroni,0.25,,False,0,0,,1082,0,0,0.0,,,,deepseekv32maas
2026091211,rich_boost,fixed_sequence,0.1,,False,0,0,,1082,0,0,0.0,,,,deepseekv32maas
2026091211,rich_boost,bonferroni,0.1,,False,0,0,,1082,0,0,0.0,,,,deepseekv32maas
2026091211,rich_boost,fixed_sequence,0.14285714285714285,,False,0,0,,1082,0,0,0.0,,,,deepseekv32maas
2026091211,rich_boost,bonferroni,0.14285714285714285,,False,0,0,,1082,0,0,0.0,,,,deepseekv32maas
2026091211,rich_boost,fixed_sequence,0.2,,False,0,0,,1082,0,0,0.0,,,,deepseekv32maas
2026091211,rich_boost,bonferroni,0.2,,False,0,0,,1082,0,0,0.0,,,,deepseekv32maas
2026091211,rich_boost,fixed_sequence,0.25,,False,0,0,,1082,0,0,0.0,,,,deepseekv32maas
2026091211,rich_boost,bonferroni,0.25,,False,0,0,,1082,0,0,0.0,,,,deepseekv32maas
2026091212,raw_u,fixed_sequence,0.1,,False,0,0,,1082,0,0,0.0,,,,deepseekv32maas
2026091212,raw_u,bonferroni,0.1,,False,0,0,,1082,0,0,0.0,,,,deepseekv32maas
2026091212,raw_u,fixed_sequence,0.14285714285714285,,False,0,0,,1082,0,0,0.0,,,,deepseekv32maas
2026091212,raw_u,bonferroni,0.14285714285714285,,False,0,0,,1082,0,0,0.0,,,,deepseekv32maas
2026091212,raw_u,fixed_sequence,0.2,,False,0,0,,1082,0,0,0.0,,,,deepseekv32maas
2026091212,raw_u,bonferroni,0.2,,False,0,0,,1082,0,0,0.0,,,,deepseekv32maas
2026091212,raw_u,fixed_sequence,0.25,,False,0,0,,1082,0,0,0.0,,,,deepseekv32maas
2026091212,raw_u,bonferroni,0.25,,False,0,0,,1082,0,0,0.0,,,,deepseekv32maas
2026091212,u_boost,fixed_sequence,0.1,,False,0,0,,1082,0,0,0.0,,,,deepseekv32maas
2026091212,u_boost,bonferroni,0.1,,False,0,0,,1082,0,0,0.0,,,,deepseekv32maas
2026091212,u_boost,fixed_sequence,0.14285714285714285,,False,0,0,,1082,0,0,0.0,,,,deepseekv32maas
2026091212,u_boost,bonferroni,0.14285714285714285,,False,0,0,,1082,0,0,0.0,,,,deepseekv32maas
2026091212,u_boost,fixed_sequence,0.2,,False,0,0,,1082,0,0,0.0,,,,deepseekv32maas
2026091212,u_boost,bonferroni,0.2,,False,0,0,,1082,0,0,0.0,,,,deepseekv32maas
2026091212,u_boost,fixed_sequence,0.25,,False,0,0,,1082,0,0,0.0,,,,deepseekv32maas
2026091212,u_boost,bonferroni,0.25,,False,0,0,,1082,0,0,0.0,,,,deepseekv32maas
2026091212,rich_logistic,fixed_sequence,0.1,,False,0,0,,1082,0,0,0.0,,,,deepseekv32maas
2026091212,rich_logistic,bonferroni,0.1,,False,0,0,,1082,0,0,0.0,,,,deepseekv32maas
2026091212,rich_logistic,fixed_sequence,0.14285714285714285,,False,0,0,,1082,0,0,0.0,,,,deepseekv32maas
2026091212,rich_logistic,bonferroni,0.14285714285714285,,False,0,0,,1082,0,0,0.0,,,,deepseekv32maas
2026091212,rich_logistic,fixed_sequence,0.2,,False,0,0,,1082,0,0,0.0,,,,deepseekv32maas
2026091212,rich_logistic,bonferroni,0.2,,False,0,0,,1082,0,0,0.0,,,,deepseekv32maas
2026091212,rich_logistic,fixed_sequence,0.25,,False,0,0,,1082,0,0,0.0,,,,deepseekv32maas
2026091212,rich_logistic,bonferroni,0.25,,False,0,0,,1082,0,0,0.0,,,,deepseekv32maas
2026091212,rich_boost,fixed_sequence,0.1,,False,0,0,,1082,0,0,0.0,,,,deepseekv32maas
2026091212,rich_boost,bonferroni,0.1,,False,0,0,,1082,0,0,0.0,,,,deepseekv32maas
2026091212,rich_boost,fixed_sequence,0.14285714285714285,,False,0,0,,1082,0,0,0.0,,,,deepseekv32maas
2026091212,rich_boost,bonferroni,0.14285714285714285,,False,0,0,,1082,0,0,0.0,,,,deepseekv32maas
2026091212,rich_boost,fixed_sequence,0.2,,False,0,0,,1082,0,0,0.0,,,,deepseekv32maas
2026091212,rich_boost,bonferroni,0.2,,False,0,0,,1082,0,0,0.0,,,,deepseekv32maas
2026091212,rich_boost,fixed_sequence,0.25,,False,0,0,,1082,0,0,0.0,,,,deepseekv32maas
2026091212,rich_boost,bonferroni,0.25,,False,0,0,,1082,0,0,0.0,,,,deepseekv32maas
2026091213,raw_u,fixed_sequence,0.1,,False,0,0,,1082,0,0,0.0,,,,deepseekv32maas
2026091213,raw_u,bonferroni,0.1,,False,0,0,,1082,0,0,0.0,,,,deepseekv32maas
2026091213,raw_u,fixed_sequence,0.14285714285714285,,False,0,0,,1082,0,0,0.0,,,,deepseekv32maas
2026091213,raw_u,bonferroni,0.14285714285714285,,False,0,0,,1082,0,0,0.0,,,,deepseekv32maas
2026091213,raw_u,fixed_sequence,0.2,,False,0,0,,1082,0,0,0.0,,,,deepseekv32maas
2026091213,raw_u,bonferroni,0.2,,False,0,0,,1082,0,0,0.0,,,,deepseekv32maas
2026091213,raw_u,fixed_sequence,0.25,,False,0,0,,1082,0,0,0.0,,,,deepseekv32maas
2026091213,raw_u,bonferroni,0.25,,False,0,0,,1082,0,0,0.0,,,,deepseekv32maas
2026091213,u_boost,fixed_sequence,0.1,,False,0,0,,1082,0,0,0.0,,,,deepseekv32maas
2026091213,u_boost,bonferroni,0.1,,False,0,0,,1082,0,0,0.0,,,,deepseekv32maas
2026091213,u_boost,fixed_sequence,0.14285714285714285,,False,0,0,,1082,0,0,0.0,,,,deepseekv32maas
2026091213,u_boost,bonferroni,0.14285714285714285,,False,0,0,,1082,0,0,0.0,,,,deepseekv32maas
2026091213,u_boost,fixed_sequence,0.2,,False,0,0,,1082,0,0,0.0,,,,deepseekv32maas
2026091213,u_boost,bonferroni,0.2,,False,0,0,,1082,0,0,0.0,,,,deepseekv32maas
2026091213,u_boost,fixed_sequence,0.25,,False,0,0,,1082,0,0,0.0,,,,deepseekv32maas
2026091213,u_boost,bonferroni,0.25,,False,0,0,,1082,0,0,0.0,,,,deepseekv32maas
2026091213,rich_logistic,fixed_sequence,0.1,,False,0,0,,1082,0,0,0.0,,,,deepseekv32maas
2026091213,rich_logistic,bonferroni,0.1,,False,0,0,,1082,0,0,0.0,,,,deepseekv32maas
2026091213,rich_logistic,fixed_sequence,0.14285714285714285,,False,0,0,,1082,0,0,0.0,,,,deepseekv32maas
2026091213,rich_logistic,bonferroni,0.14285714285714285,,False,0,0,,1082,0,0,0.0,,,,deepseekv32maas
2026091213,rich_logistic,fixed_sequence,0.2,,False,0,0,,1082,0,0,0.0,,,,deepseekv32maas
2026091213,rich_logistic,bonferroni,0.2,,False,0,0,,1082,0,0,0.0,,,,deepseekv32maas
2026091213,rich_logistic,fixed_sequence,0.25,,False,0,0,,1082,0,0,0.0,,,,deepseekv32maas
2026091213,rich_logistic,bonferroni,0.25,,False,0,0,,1082,0,0,0.0,,,,deepseekv32maas
2026091213,rich_boost,fixed_sequence,0.1,,False,0,0,,1082,0,0,0.0,,,,deepseekv32maas
2026091213,rich_boost,bonferroni,0.1,,False,0,0,,1082,0,0,0.0,,,,deepseekv32maas
2026091213,rich_boost,fixed_sequence,0.14285714285714285,,False,0,0,,1082,0,0,0.0,,,,deepseekv32maas
2026091213,rich_boost,bonferroni,0.14285714285714285,,False,0,0,,1082,0,0,0.0,,,,deepseekv32maas
2026091213,rich_boost,fixed_sequence,0.2,,False,0,0,,1082,0,0,0.0,,,,deepseekv32maas
2026091213,rich_boost,bonferroni,0.2,,False,0,0,,1082,0,0,0.0,,,,deepseekv32maas
2026091213,rich_boost,fixed_sequence,0.25,,False,0,0,,1082,0,0,0.0,,,,deepseekv32maas
2026091213,rich_boost,bonferroni,0.25,,False,0,0,,1082,0,0,0.0,,,,deepseekv32maas
2026091214,raw_u,fixed_sequence,0.1,,False,0,0,,1082,0,0,0.0,,,,deepseekv32maas
2026091214,raw_u,bonferroni,0.1,,False,0,0,,1082,0,0,0.0,,,,deepseekv32maas
2026091214,raw_u,fixed_sequence,0.14285714285714285,,False,0,0,,1082,0,0,0.0,,,,deepseekv32maas
2026091214,raw_u,bonferroni,0.14285714285714285,,False,0,0,,1082,0,0,0.0,,,,deepseekv32maas
2026091214,raw_u,fixed_sequence,0.2,,False,0,0,,1082,0,0,0.0,,,,deepseekv32maas
2026091214,raw_u,bonferroni,0.2,,False,0,0,,1082,0,0,0.0,,,,deepseekv32maas
2026091214,raw_u,fixed_sequence,0.25,,False,0,0,,1082,0,0,0.0,,,,deepseekv32maas
2026091214,raw_u,bonferroni,0.25,,False,0,0,,1082,0,0,0.0,,,,deepseekv32maas
2026091214,u_boost,fixed_sequence,0.1,,False,0,0,,1082,0,0,0.0,,,,deepseekv32maas
2026091214,u_boost,bonferroni,0.1,,False,0,0,,1082,0,0,0.0,,,,deepseekv32maas
2026091214,u_boost,fixed_sequence,0.14285714285714285,,False,0,0,,1082,0,0,0.0,,,,deepseekv32maas
2026091214,u_boost,bonferroni,0.14285714285714285,,False,0,0,,1082,0,0,0.0,,,,deepseekv32maas
2026091214,u_boost,fixed_sequence,0.2,,False,0,0,,1082,0,0,0.0,,,,deepseekv32maas
2026091214,u_boost,bonferroni,0.2,,False,0,0,,1082,0,0,0.0,,,,deepseekv32maas
2026091214,u_boost,fixed_sequence,0.25,,False,0,0,,1082,0,0,0.0,,,,deepseekv32maas
2026091214,u_boost,bonferroni,0.25,,False,0,0,,1082,0,0,0.0,,,,deepseekv32maas
2026091214,rich_logistic,fixed_sequence,0.1,,False,0,0,,1082,0,0,0.0,,,,deepseekv32maas
2026091214,rich_logistic,bonferroni,0.1,,False,0,0,,1082,0,0,0.0,,,,deepseekv32maas
2026091214,rich_logistic,fixed_sequence,0.14285714285714285,,False,0,0,,1082,0,0,0.0,,,,deepseekv32maas
2026091214,rich_logistic,bonferroni,0.14285714285714285,,False,0,0,,1082,0,0,0.0,,,,deepseekv32maas
2026091214,rich_logistic,fixed_sequence,0.2,,False,0,0,,1082,0,0,0.0,,,,deepseekv32maas
2026091214,rich_logistic,bonferroni,0.2,,False,0,0,,1082,0,0,0.0,,,,deepseekv32maas
2026091214,rich_logistic,fixed_sequence,0.25,,False,0,0,,1082,0,0,0.0,,,,deepseekv32maas
2026091214,rich_logistic,bonferroni,0.25,,False,0,0,,1082,0,0,0.0,,,,deepseekv32maas
2026091214,rich_boost,fixed_sequence,0.1,,False,0,0,,1082,0,0,0.0,,,,deepseekv32maas
2026091214,rich_boost,bonferroni,0.1,,False,0,0,,1082,0,0,0.0,,,,deepseekv32maas
2026091214,rich_boost,fixed_sequence,0.14285714285714285,,False,0,0,,1082,0,0,0.0,,,,deepseekv32maas
2026091214,rich_boost,bonferroni,0.14285714285714285,,False,0,0,,1082,0,0,0.0,,,,deepseekv32maas
2026091214,rich_boost,fixed_sequence,0.2,,False,0,0,,1082,0,0,0.0,,,,deepseekv32maas
2026091214,rich_boost,bonferroni,0.2,,False,0,0,,1082,0,0,0.0,,,,deepseekv32maas
2026091214,rich_boost,fixed_sequence,0.25,,False,0,0,,1082,0,0,0.0,,,,deepseekv32maas
2026091214,rich_boost,bonferroni,0.25,,False,0,0,,1082,0,0,0.0,,,,deepseekv32maas
2026091215,raw_u,fixed_sequence,0.1,,False,0,0,,1082,0,0,0.0,,,,deepseekv32maas
2026091215,raw_u,bonferroni,0.1,,False,0,0,,1082,0,0,0.0,,,,deepseekv32maas
2026091215,raw_u,fixed_sequence,0.14285714285714285,,False,0,0,,1082,0,0,0.0,,,,deepseekv32maas
2026091215,raw_u,bonferroni,0.14285714285714285,,False,0,0,,1082,0,0,0.0,,,,deepseekv32maas
2026091215,raw_u,fixed_sequence,0.2,,False,0,0,,1082,0,0,0.0,,,,deepseekv32maas
2026091215,raw_u,bonferroni,0.2,,False,0,0,,1082,0,0,0.0,,,,deepseekv32maas
2026091215,raw_u,fixed_sequence,0.25,,False,0,0,,1082,0,0,0.0,,,,deepseekv32maas
2026091215,raw_u,bonferroni,0.25,,False,0,0,,1082,0,0,0.0,,,,deepseekv32maas
2026091215,u_boost,fixed_sequence,0.1,,False,0,0,,1082,0,0,0.0,,,,deepseekv32maas
2026091215,u_boost,bonferroni,0.1,,False,0,0,,1082,0,0,0.0,,,,deepseekv32maas
2026091215,u_boost,fixed_sequence,0.14285714285714285,,False,0,0,,1082,0,0,0.0,,,,deepseekv32maas
2026091215,u_boost,bonferroni,0.14285714285714285,,False,0,0,,1082,0,0,0.0,,,,deepseekv32maas
2026091215,u_boost,fixed_sequence,0.2,,False,0,0,,1082,0,0,0.0,,,,deepseekv32maas
2026091215,u_boost,bonferroni,0.2,,False,0,0,,1082,0,0,0.0,,,,deepseekv32maas
2026091215,u_boost,fixed_sequence,0.25,,False,0,0,,1082,0,0,0.0,,,,deepseekv32maas
2026091215,u_boost,bonferroni,0.25,,False,0,0,,1082,0,0,0.0,,,,deepseekv32maas
2026091215,rich_logistic,fixed_sequence,0.1,,False,0,0,,1082,0,0,0.0,,,,deepseekv32maas
2026091215,rich_logistic,bonferroni,0.1,,False,0,0,,1082,0,0,0.0,,,,deepseekv32maas
2026091215,rich_logistic,fixed_sequence,0.14285714285714285,,False,0,0,,1082,0,0,0.0,,,,deepseekv32maas
2026091215,rich_logistic,bonferroni,0.14285714285714285,,False,0,0,,1082,0,0,0.0,,,,deepseekv32maas
2026091215,rich_logistic,fixed_sequence,0.2,,False,0,0,,1082,0,0,0.0,,,,deepseekv32maas
2026091215,rich_logistic,bonferroni,0.2,,False,0,0,,1082,0,0,0.0,,,,deepseekv32maas
2026091215,rich_logistic,fixed_sequence,0.25,,False,0,0,,1082,0,0,0.0,,,,deepseekv32maas
2026091215,rich_logistic,bonferroni,0.25,,False,0,0,,1082,0,0,0.0,,,,deepseekv32maas
2026091215,rich_boost,fixed_sequence,0.1,,False,0,0,,1082,0,0,0.0,,,,deepseekv32maas
2026091215,rich_boost,bonferroni,0.1,,False,0,0,,1082,0,0,0.0,,,,deepseekv32maas
2026091215,rich_boost,fixed_sequence,0.14285714285714285,,False,0,0,,1082,0,0,0.0,,,,deepseekv32maas
2026091215,rich_boost,bonferroni,0.14285714285714285,,False,0,0,,1082,0,0,0.0,,,,deepseekv32maas
2026091215,rich_boost,fixed_sequence,0.2,,False,0,0,,1082,0,0,0.0,,,,deepseekv32maas
2026091215,rich_boost,bonferroni,0.2,,False,0,0,,1082,0,0,0.0,,,,deepseekv32maas
2026091215,rich_boost,fixed_sequence,0.25,,False,0,0,,1082,0,0,0.0,,,,deepseekv32maas
2026091215,rich_boost,bonferroni,0.25,,False,0,0,,1082,0,0,0.0,,,,deepseekv32maas
2026091216,raw_u,fixed_sequence,0.1,,False,0,0,,1082,0,0,0.0,,,,deepseekv32maas
2026091216,raw_u,bonferroni,0.1,,False,0,0,,1082,0,0,0.0,,,,deepseekv32maas
2026091216,raw_u,fixed_sequence,0.14285714285714285,,False,0,0,,1082,0,0,0.0,,,,deepseekv32maas
2026091216,raw_u,bonferroni,0.14285714285714285,,False,0,0,,1082,0,0,0.0,,,,deepseekv32maas
2026091216,raw_u,fixed_sequence,0.2,,False,0,0,,1082,0,0,0.0,,,,deepseekv32maas
2026091216,raw_u,bonferroni,0.2,,False,0,0,,1082,0,0,0.0,,,,deepseekv32maas
2026091216,raw_u,fixed_sequence,0.25,,False,0,0,,1082,0,0,0.0,,,,deepseekv32maas
2026091216,raw_u,bonferroni,0.25,,False,0,0,,1082,0,0,0.0,,,,deepseekv32maas
2026091216,u_boost,fixed_sequence,0.1,,False,0,0,,1082,0,0,0.0,,,,deepseekv32maas
2026091216,u_boost,bonferroni,0.1,,False,0,0,,1082,0,0,0.0,,,,deepseekv32maas
2026091216,u_boost,fixed_sequence,0.14285714285714285,,False,0,0,,1082,0,0,0.0,,,,deepseekv32maas
2026091216,u_boost,bonferroni,0.14285714285714285,,False,0,0,,1082,0,0,0.0,,,,deepseekv32maas
2026091216,u_boost,fixed_sequence,0.2,,False,0,0,,1082,0,0,0.0,,,,deepseekv32maas
2026091216,u_boost,bonferroni,0.2,,False,0,0,,1082,0,0,0.0,,,,deepseekv32maas
2026091216,u_boost,fixed_sequence,0.25,,False,0,0,,1082,0,0,0.0,,,,deepseekv32maas
2026091216,u_boost,bonferroni,0.25,,False,0,0,,1082,0,0,0.0,,,,deepseekv32maas
2026091216,rich_logistic,fixed_sequence,0.1,,False,0,0,,1082,0,0,0.0,,,,deepseekv32maas
2026091216,rich_logistic,bonferroni,0.1,,False,0,0,,1082,0,0,0.0,,,,deepseekv32maas
2026091216,rich_logistic,fixed_sequence,0.14285714285714285,,False,0,0,,1082,0,0,0.0,,,,deepseekv32maas
2026091216,rich_logistic,bonferroni,0.14285714285714285,,False,0,0,,1082,0,0,0.0,,,,deepseekv32maas
2026091216,rich_logistic,fixed_sequence,0.2,,False,0,0,,1082,0,0,0.0,,,,deepseekv32maas
2026091216,rich_logistic,bonferroni,0.2,,False,0,0,,1082,0,0,0.0,,,,deepseekv32maas
2026091216,rich_logistic,fixed_sequence,0.25,,False,0,0,,1082,0,0,0.0,,,,deepseekv32maas
2026091216,rich_logistic,bonferroni,0.25,,False,0,0,,1082,0,0,0.0,,,,deepseekv32maas
2026091216,rich_boost,fixed_sequence,0.1,,False,0,0,,1082,0,0,0.0,,,,deepseekv32maas
2026091216,rich_boost,bonferroni,0.1,,False,0,0,,1082,0,0,0.0,,,,deepseekv32maas
2026091216,rich_boost,fixed_sequence,0.14285714285714285,,False,0,0,,1082,0,0,0.0,,,,deepseekv32maas
2026091216,rich_boost,bonferroni,0.14285714285714285,,False,0,0,,1082,0,0,0.0,,,,deepseekv32maas
2026091216,rich_boost,fixed_sequence,0.2,,False,0,0,,1082,0,0,0.0,,,,deepseekv32maas
2026091216,rich_boost,bonferroni,0.2,,False,0,0,,1082,0,0,0.0,,,,deepseekv32maas
2026091216,rich_boost,fixed_sequence,0.25,,False,0,0,,1082,0,0,0.0,,,,deepseekv32maas
2026091216,rich_boost,bonferroni,0.25,,False,0,0,,1082,0,0,0.0,,,,deepseekv32maas
2026091217,raw_u,fixed_sequence,0.1,,False,0,0,,1082,0,0,0.0,,,,deepseekv32maas
2026091217,raw_u,bonferroni,0.1,,False,0,0,,1082,0,0,0.0,,,,deepseekv32maas
2026091217,raw_u,fixed_sequence,0.14285714285714285,,False,0,0,,1082,0,0,0.0,,,,deepseekv32maas
2026091217,raw_u,bonferroni,0.14285714285714285,,False,0,0,,1082,0,0,0.0,,,,deepseekv32maas
2026091217,raw_u,fixed_sequence,0.2,,False,0,0,,1082,0,0,0.0,,,,deepseekv32maas
2026091217,raw_u,bonferroni,0.2,,False,0,0,,1082,0,0,0.0,,,,deepseekv32maas
2026091217,raw_u,fixed_sequence,0.25,,False,0,0,,1082,0,0,0.0,,,,deepseekv32maas
2026091217,raw_u,bonferroni,0.25,,False,0,0,,1082,0,0,0.0,,,,deepseekv32maas
2026091217,u_boost,fixed_sequence,0.1,,False,0,0,,1082,0,0,0.0,,,,deepseekv32maas
2026091217,u_boost,bonferroni,0.1,,False,0,0,,1082,0,0,0.0,,,,deepseekv32maas
2026091217,u_boost,fixed_sequence,0.14285714285714285,,False,0,0,,1082,0,0,0.0,,,,deepseekv32maas
2026091217,u_boost,bonferroni,0.14285714285714285,,False,0,0,,1082,0,0,0.0,,,,deepseekv32maas
2026091217,u_boost,fixed_sequence,0.2,,False,0,0,,1082,0,0,0.0,,,,deepseekv32maas
2026091217,u_boost,bonferroni,0.2,,False,0,0,,1082,0,0,0.0,,,,deepseekv32maas
2026091217,u_boost,fixed_sequence,0.25,,False,0,0,,1082,0,0,0.0,,,,deepseekv32maas
2026091217,u_boost,bonferroni,0.25,,False,0,0,,1082,0,0,0.0,,,,deepseekv32maas
2026091217,rich_logistic,fixed_sequence,0.1,,False,0,0,,1082,0,0,0.0,,,,deepseekv32maas
2026091217,rich_logistic,bonferroni,0.1,,False,0,0,,1082,0,0,0.0,,,,deepseekv32maas
2026091217,rich_logistic,fixed_sequence,0.14285714285714285,,False,0,0,,1082,0,0,0.0,,,,deepseekv32maas
2026091217,rich_logistic,bonferroni,0.14285714285714285,,False,0,0,,1082,0,0,0.0,,,,deepseekv32maas
2026091217,rich_logistic,fixed_sequence,0.2,,False,0,0,,1082,0,0,0.0,,,,deepseekv32maas
2026091217,rich_logistic,bonferroni,0.2,,False,0,0,,1082,0,0,0.0,,,,deepseekv32maas
2026091217,rich_logistic,fixed_sequence,0.25,,False,0,0,,1082,0,0,0.0,,,,deepseekv32maas
2026091217,rich_logistic,bonferroni,0.25,,False,0,0,,1082,0,0,0.0,,,,deepseekv32maas
2026091217,rich_boost,fixed_sequence,0.1,,False,0,0,,1082,0,0,0.0,,,,deepseekv32maas
2026091217,rich_boost,bonferroni,0.1,,False,0,0,,1082,0,0,0.0,,,,deepseekv32maas
2026091217,rich_boost,fixed_sequence,0.14285714285714285,,False,0,0,,1082,0,0,0.0,,,,deepseekv32maas
2026091217,rich_boost,bonferroni,0.14285714285714285,,False,0,0,,1082,0,0,0.0,,,,deepseekv32maas
2026091217,rich_boost,fixed_sequence,0.2,,False,0,0,,1082,0,0,0.0,,,,deepseekv32maas
2026091217,rich_boost,bonferroni,0.2,,False,0,0,,1082,0,0,0.0,,,,deepseekv32maas
2026091217,rich_boost,fixed_sequence,0.25,,False,0,0,,1082,0,0,0.0,,,,deepseekv32maas
2026091217,rich_boost,bonferroni,0.25,,False,0,0,,1082,0,0,0.0,,,,deepseekv32maas
2026091218,raw_u,fixed_sequence,0.1,,False,0,0,,1082,0,0,0.0,,,,deepseekv32maas
2026091218,raw_u,bonferroni,0.1,,False,0,0,,1082,0,0,0.0,,,,deepseekv32maas
2026091218,raw_u,fixed_sequence,0.14285714285714285,,False,0,0,,1082,0,0,0.0,,,,deepseekv32maas
2026091218,raw_u,bonferroni,0.14285714285714285,,False,0,0,,1082,0,0,0.0,,,,deepseekv32maas
2026091218,raw_u,fixed_sequence,0.2,,False,0,0,,1082,0,0,0.0,,,,deepseekv32maas
2026091218,raw_u,bonferroni,0.2,,False,0,0,,1082,0,0,0.0,,,,deepseekv32maas
2026091218,raw_u,fixed_sequence,0.25,,False,0,0,,1082,0,0,0.0,,,,deepseekv32maas
2026091218,raw_u,bonferroni,0.25,,False,0,0,,1082,0,0,0.0,,,,deepseekv32maas
2026091218,u_boost,fixed_sequence,0.1,,False,0,0,,1082,0,0,0.0,,,,deepseekv32maas
2026091218,u_boost,bonferroni,0.1,,False,0,0,,1082,0,0,0.0,,,,deepseekv32maas
2026091218,u_boost,fixed_sequence,0.14285714285714285,,False,0,0,,1082,0,0,0.0,,,,deepseekv32maas
2026091218,u_boost,bonferroni,0.14285714285714285,,False,0,0,,1082,0,0,0.0,,,,deepseekv32maas
2026091218,u_boost,fixed_sequence,0.2,,False,0,0,,1082,0,0,0.0,,,,deepseekv32maas
2026091218,u_boost,bonferroni,0.2,,False,0,0,,1082,0,0,0.0,,,,deepseekv32maas
2026091218,u_boost,fixed_sequence,0.25,,False,0,0,,1082,0,0,0.0,,,,deepseekv32maas
2026091218,u_boost,bonferroni,0.25,,False,0,0,,1082,0,0,0.0,,,,deepseekv32maas
2026091218,rich_logistic,fixed_sequence,0.1,,False,0,0,,1082,0,0,0.0,,,,deepseekv32maas
2026091218,rich_logistic,bonferroni,0.1,,False,0,0,,1082,0,0,0.0,,,,deepseekv32maas
2026091218,rich_logistic,fixed_sequence,0.14285714285714285,,False,0,0,,1082,0,0,0.0,,,,deepseekv32maas
2026091218,rich_logistic,bonferroni,0.14285714285714285,,False,0,0,,1082,0,0,0.0,,,,deepseekv32maas
2026091218,rich_logistic,fixed_sequence,0.2,,False,0,0,,1082,0,0,0.0,,,,deepseekv32maas
2026091218,rich_logistic,bonferroni,0.2,,False,0,0,,1082,0,0,0.0,,,,deepseekv32maas
2026091218,rich_logistic,fixed_sequence,0.25,,False,0,0,,1082,0,0,0.0,,,,deepseekv32maas
2026091218,rich_logistic,bonferroni,0.25,,False,0,0,,1082,0,0,0.0,,,,deepseekv32maas
2026091218,rich_boost,fixed_sequence,0.1,,False,0,0,,1082,0,0,0.0,,,,deepseekv32maas
2026091218,rich_boost,bonferroni,0.1,,False,0,0,,1082,0,0,0.0,,,,deepseekv32maas
2026091218,rich_boost,fixed_sequence,0.14285714285714285,,False,0,0,,1082,0,0,0.0,,,,deepseekv32maas
2026091218,rich_boost,bonferroni,0.14285714285714285,,False,0,0,,1082,0,0,0.0,,,,deepseekv32maas
2026091218,rich_boost,fixed_sequence,0.2,,False,0,0,,1082,0,0,0.0,,,,deepseekv32maas
2026091218,rich_boost,bonferroni,0.2,,False,0,0,,1082,0,0,0.0,,,,deepseekv32maas
2026091218,rich_boost,fixed_sequence,0.25,,False,0,0,,1082,0,0,0.0,,,,deepseekv32maas
2026091218,rich_boost,bonferroni,0.25,,False,0,0,,1082,0,0,0.0,,,,deepseekv32maas
2026091219,raw_u,fixed_sequence,0.1,,False,0,0,,1082,0,0,0.0,,,,deepseekv32maas
2026091219,raw_u,bonferroni,0.1,,False,0,0,,1082,0,0,0.0,,,,deepseekv32maas
2026091219,raw_u,fixed_sequence,0.14285714285714285,,False,0,0,,1082,0,0,0.0,,,,deepseekv32maas
2026091219,raw_u,bonferroni,0.14285714285714285,,False,0,0,,1082,0,0,0.0,,,,deepseekv32maas
2026091219,raw_u,fixed_sequence,0.2,,False,0,0,,1082,0,0,0.0,,,,deepseekv32maas
2026091219,raw_u,bonferroni,0.2,,False,0,0,,1082,0,0,0.0,,,,deepseekv32maas
2026091219,raw_u,fixed_sequence,0.25,,False,0,0,,1082,0,0,0.0,,,,deepseekv32maas
2026091219,raw_u,bonferroni,0.25,,False,0,0,,1082,0,0,0.0,,,,deepseekv32maas
2026091219,u_boost,fixed_sequence,0.1,,False,0,0,,1082,0,0,0.0,,,,deepseekv32maas
2026091219,u_boost,bonferroni,0.1,,False,0,0,,1082,0,0,0.0,,,,deepseekv32maas
2026091219,u_boost,fixed_sequence,0.14285714285714285,,False,0,0,,1082,0,0,0.0,,,,deepseekv32maas
2026091219,u_boost,bonferroni,0.14285714285714285,,False,0,0,,1082,0,0,0.0,,,,deepseekv32maas
2026091219,u_boost,fixed_sequence,0.2,,False,0,0,,1082,0,0,0.0,,,,deepseekv32maas
2026091219,u_boost,bonferroni,0.2,,False,0,0,,1082,0,0,0.0,,,,deepseekv32maas
2026091219,u_boost,fixed_sequence,0.25,,False,0,0,,1082,0,0,0.0,,,,deepseekv32maas
2026091219,u_boost,bonferroni,0.25,,False,0,0,,1082,0,0,0.0,,,,deepseekv32maas
2026091219,rich_logistic,fixed_sequence,0.1,,False,0,0,,1082,0,0,0.0,,,,deepseekv32maas
2026091219,rich_logistic,bonferroni,0.1,,False,0,0,,1082,0,0,0.0,,,,deepseekv32maas
2026091219,rich_logistic,fixed_sequence,0.14285714285714285,,False,0,0,,1082,0,0,0.0,,,,deepseekv32maas
2026091219,rich_logistic,bonferroni,0.14285714285714285,,False,0,0,,1082,0,0,0.0,,,,deepseekv32maas
2026091219,rich_logistic,fixed_sequence,0.2,,False,0,0,,1082,0,0,0.0,,,,deepseekv32maas
2026091219,rich_logistic,bonferroni,0.2,,False,0,0,,1082,0,0,0.0,,,,deepseekv32maas
2026091219,rich_logistic,fixed_sequence,0.25,,False,0,0,,1082,0,0,0.0,,,,deepseekv32maas
2026091219,rich_logistic,bonferroni,0.25,,False,0,0,,1082,0,0,0.0,,,,deepseekv32maas
2026091219,rich_boost,fixed_sequence,0.1,,False,0,0,,1082,0,0,0.0,,,,deepseekv32maas
2026091219,rich_boost,bonferroni,0.1,,False,0,0,,1082,0,0,0.0,,,,deepseekv32maas
2026091219,rich_boost,fixed_sequence,0.14285714285714285,,False,0,0,,1082,0,0,0.0,,,,deepseekv32maas
2026091219,rich_boost,bonferroni,0.14285714285714285,,False,0,0,,1082,0,0,0.0,,,,deepseekv32maas
2026091219,rich_boost,fixed_sequence,0.2,,False,0,0,,1082,0,0,0.0,,,,deepseekv32maas
2026091219,rich_boost,bonferroni,0.2,,False,0,0,,1082,0,0,0.0,,,,deepseekv32maas
2026091219,rich_boost,fixed_sequence,0.25,,False,0,0,,1082,0,0,0.0,,,,deepseekv32maas
2026091219,rich_boost,bonferroni,0.25,,False,0,0,,1082,0,0,0.0,,,,deepseekv32maas
2026091220,raw_u,fixed_sequence,0.1,,False,0,0,,1082,0,0,0.0,,,,deepseekv32maas
2026091220,raw_u,bonferroni,0.1,,False,0,0,,1082,0,0,0.0,,,,deepseekv32maas
2026091220,raw_u,fixed_sequence,0.14285714285714285,,False,0,0,,1082,0,0,0.0,,,,deepseekv32maas
2026091220,raw_u,bonferroni,0.14285714285714285,,False,0,0,,1082,0,0,0.0,,,,deepseekv32maas
2026091220,raw_u,fixed_sequence,0.2,,False,0,0,,1082,0,0,0.0,,,,deepseekv32maas
2026091220,raw_u,bonferroni,0.2,,False,0,0,,1082,0,0,0.0,,,,deepseekv32maas
2026091220,raw_u,fixed_sequence,0.25,,False,0,0,,1082,0,0,0.0,,,,deepseekv32maas
2026091220,raw_u,bonferroni,0.25,,False,0,0,,1082,0,0,0.0,,,,deepseekv32maas
2026091220,u_boost,fixed_sequence,0.1,,False,0,0,,1082,0,0,0.0,,,,deepseekv32maas
2026091220,u_boost,bonferroni,0.1,,False,0,0,,1082,0,0,0.0,,,,deepseekv32maas
2026091220,u_boost,fixed_sequence,0.14285714285714285,,False,0,0,,1082,0,0,0.0,,,,deepseekv32maas
2026091220,u_boost,bonferroni,0.14285714285714285,,False,0,0,,1082,0,0,0.0,,,,deepseekv32maas
2026091220,u_boost,fixed_sequence,0.2,,False,0,0,,1082,0,0,0.0,,,,deepseekv32maas
2026091220,u_boost,bonferroni,0.2,,False,0,0,,1082,0,0,0.0,,,,deepseekv32maas
2026091220,u_boost,fixed_sequence,0.25,,False,0,0,,1082,0,0,0.0,,,,deepseekv32maas
2026091220,u_boost,bonferroni,0.25,,False,0,0,,1082,0,0,0.0,,,,deepseekv32maas
2026091220,rich_logistic,fixed_sequence,0.1,,False,0,0,,1082,0,0,0.0,,,,deepseekv32maas
2026091220,rich_logistic,bonferroni,0.1,,False,0,0,,1082,0,0,0.0,,,,deepseekv32maas
2026091220,rich_logistic,fixed_sequence,0.14285714285714285,,False,0,0,,1082,0,0,0.0,,,,deepseekv32maas
2026091220,rich_logistic,bonferroni,0.14285714285714285,,False,0,0,,1082,0,0,0.0,,,,deepseekv32maas
2026091220,rich_logistic,fixed_sequence,0.2,,False,0,0,,1082,0,0,0.0,,,,deepseekv32maas
2026091220,rich_logistic,bonferroni,0.2,,False,0,0,,1082,0,0,0.0,,,,deepseekv32maas
2026091220,rich_logistic,fixed_sequence,0.25,,False,0,0,,1082,0,0,0.0,,,,deepseekv32maas
2026091220,rich_logistic,bonferroni,0.25,,False,0,0,,1082,0,0,0.0,,,,deepseekv32maas
2026091220,rich_boost,fixed_sequence,0.1,,False,0,0,,1082,0,0,0.0,,,,deepseekv32maas
2026091220,rich_boost,bonferroni,0.1,,False,0,0,,1082,0,0,0.0,,,,deepseekv32maas
2026091220,rich_boost,fixed_sequence,0.14285714285714285,,False,0,0,,1082,0,0,0.0,,,,deepseekv32maas
2026091220,rich_boost,bonferroni,0.14285714285714285,,False,0,0,,1082,0,0,0.0,,,,deepseekv32maas
2026091220,rich_boost,fixed_sequence,0.2,,False,0,0,,1082,0,0,0.0,,,,deepseekv32maas
2026091220,rich_boost,bonferroni,0.2,,False,0,0,,1082,0,0,0.0,,,,deepseekv32maas
2026091220,rich_boost,fixed_sequence,0.25,,False,0,0,,1082,0,0,0.0,,,,deepseekv32maas
2026091220,rich_boost,bonferroni,0.25,,False,0,0,,1082,0,0,0.0,,,,deepseekv32maas
2026091221,raw_u,fixed_sequence,0.1,,False,0,0,,1082,0,0,0.0,,,,deepseekv32maas
2026091221,raw_u,bonferroni,0.1,,False,0,0,,1082,0,0,0.0,,,,deepseekv32maas
2026091221,raw_u,fixed_sequence,0.14285714285714285,,False,0,0,,1082,0,0,0.0,,,,deepseekv32maas
2026091221,raw_u,bonferroni,0.14285714285714285,,False,0,0,,1082,0,0,0.0,,,,deepseekv32maas
2026091221,raw_u,fixed_sequence,0.2,,False,0,0,,1082,0,0,0.0,,,,deepseekv32maas
2026091221,raw_u,bonferroni,0.2,,False,0,0,,1082,0,0,0.0,,,,deepseekv32maas
2026091221,raw_u,fixed_sequence,0.25,,False,0,0,,1082,0,0,0.0,,,,deepseekv32maas
2026091221,raw_u,bonferroni,0.25,,False,0,0,,1082,0,0,0.0,,,,deepseekv32maas
2026091221,u_boost,fixed_sequence,0.1,,False,0,0,,1082,0,0,0.0,,,,deepseekv32maas
2026091221,u_boost,bonferroni,0.1,,False,0,0,,1082,0,0,0.0,,,,deepseekv32maas
2026091221,u_boost,fixed_sequence,0.14285714285714285,,False,0,0,,1082,0,0,0.0,,,,deepseekv32maas
2026091221,u_boost,bonferroni,0.14285714285714285,,False,0,0,,1082,0,0,0.0,,,,deepseekv32maas
2026091221,u_boost,fixed_sequence,0.2,,False,0,0,,1082,0,0,0.0,,,,deepseekv32maas
2026091221,u_boost,bonferroni,0.2,,False,0,0,,1082,0,0,0.0,,,,deepseekv32maas
2026091221,u_boost,fixed_sequence,0.25,,False,0,0,,1082,0,0,0.0,,,,deepseekv32maas
2026091221,u_boost,bonferroni,0.25,,False,0,0,,1082,0,0,0.0,,,,deepseekv32maas
2026091221,rich_logistic,fixed_sequence,0.1,,False,0,0,,1082,0,0,0.0,,,,deepseekv32maas
2026091221,rich_logistic,bonferroni,0.1,,False,0,0,,1082,0,0,0.0,,,,deepseekv32maas
2026091221,rich_logistic,fixed_sequence,0.14285714285714285,,False,0,0,,1082,0,0,0.0,,,,deepseekv32maas
2026091221,rich_logistic,bonferroni,0.14285714285714285,,False,0,0,,1082,0,0,0.0,,,,deepseekv32maas
2026091221,rich_logistic,fixed_sequence,0.2,,False,0,0,,1082,0,0,0.0,,,,deepseekv32maas
2026091221,rich_logistic,bonferroni,0.2,,False,0,0,,1082,0,0,0.0,,,,deepseekv32maas
2026091221,rich_logistic,fixed_sequence,0.25,,False,0,0,,1082,0,0,0.0,,,,deepseekv32maas
2026091221,rich_logistic,bonferroni,0.25,,False,0,0,,1082,0,0,0.0,,,,deepseekv32maas
2026091221,rich_boost,fixed_sequence,0.1,,False,0,0,,1082,0,0,0.0,,,,deepseekv32maas
2026091221,rich_boost,bonferroni,0.1,,False,0,0,,1082,0,0,0.0,,,,deepseekv32maas
2026091221,rich_boost,fixed_sequence,0.14285714285714285,,False,0,0,,1082,0,0,0.0,,,,deepseekv32maas
2026091221,rich_boost,bonferroni,0.14285714285714285,,False,0,0,,1082,0,0,0.0,,,,deepseekv32maas
2026091221,rich_boost,fixed_sequence,0.2,,False,0,0,,1082,0,0,0.0,,,,deepseekv32maas
2026091221,rich_boost,bonferroni,0.2,,False,0,0,,1082,0,0,0.0,,,,deepseekv32maas
2026091221,rich_boost,fixed_sequence,0.25,,False,0,0,,1082,0,0,0.0,,,,deepseekv32maas
2026091221,rich_boost,bonferroni,0.25,,False,0,0,,1082,0,0,0.0,,,,deepseekv32maas
2026091222,raw_u,fixed_sequence,0.1,,False,0,0,,1082,0,0,0.0,,,,deepseekv32maas
2026091222,raw_u,bonferroni,0.1,,False,0,0,,1082,0,0,0.0,,,,deepseekv32maas
2026091222,raw_u,fixed_sequence,0.14285714285714285,,False,0,0,,1082,0,0,0.0,,,,deepseekv32maas
2026091222,raw_u,bonferroni,0.14285714285714285,,False,0,0,,1082,0,0,0.0,,,,deepseekv32maas
2026091222,raw_u,fixed_sequence,0.2,,False,0,0,,1082,0,0,0.0,,,,deepseekv32maas
2026091222,raw_u,bonferroni,0.2,,False,0,0,,1082,0,0,0.0,,,,deepseekv32maas
2026091222,raw_u,fixed_sequence,0.25,,False,0,0,,1082,0,0,0.0,,,,deepseekv32maas
2026091222,raw_u,bonferroni,0.25,,False,0,0,,1082,0,0,0.0,,,,deepseekv32maas
2026091222,u_boost,fixed_sequence,0.1,,False,0,0,,1082,0,0,0.0,,,,deepseekv32maas
2026091222,u_boost,bonferroni,0.1,,False,0,0,,1082,0,0,0.0,,,,deepseekv32maas
2026091222,u_boost,fixed_sequence,0.14285714285714285,,False,0,0,,1082,0,0,0.0,,,,deepseekv32maas
2026091222,u_boost,bonferroni,0.14285714285714285,,False,0,0,,1082,0,0,0.0,,,,deepseekv32maas
2026091222,u_boost,fixed_sequence,0.2,,False,0,0,,1082,0,0,0.0,,,,deepseekv32maas
2026091222,u_boost,bonferroni,0.2,,False,0,0,,1082,0,0,0.0,,,,deepseekv32maas
2026091222,u_boost,fixed_sequence,0.25,,False,0,0,,1082,0,0,0.0,,,,deepseekv32maas
2026091222,u_boost,bonferroni,0.25,,False,0,0,,1082,0,0,0.0,,,,deepseekv32maas
2026091222,rich_logistic,fixed_sequence,0.1,,False,0,0,,1082,0,0,0.0,,,,deepseekv32maas
2026091222,rich_logistic,bonferroni,0.1,,False,0,0,,1082,0,0,0.0,,,,deepseekv32maas
2026091222,rich_logistic,fixed_sequence,0.14285714285714285,,False,0,0,,1082,0,0,0.0,,,,deepseekv32maas
2026091222,rich_logistic,bonferroni,0.14285714285714285,,False,0,0,,1082,0,0,0.0,,,,deepseekv32maas
2026091222,rich_logistic,fixed_sequence,0.2,,False,0,0,,1082,0,0,0.0,,,,deepseekv32maas
2026091222,rich_logistic,bonferroni,0.2,,False,0,0,,1082,0,0,0.0,,,,deepseekv32maas
2026091222,rich_logistic,fixed_sequence,0.25,,False,0,0,,1082,0,0,0.0,,,,deepseekv32maas
2026091222,rich_logistic,bonferroni,0.25,,False,0,0,,1082,0,0,0.0,,,,deepseekv32maas
2026091222,rich_boost,fixed_sequence,0.1,,False,0,0,,1082,0,0,0.0,,,,deepseekv32maas
2026091222,rich_boost,bonferroni,0.1,,False,0,0,,1082,0,0,0.0,,,,deepseekv32maas
2026091222,rich_boost,fixed_sequence,0.14285714285714285,,False,0,0,,1082,0,0,0.0,,,,deepseekv32maas
2026091222,rich_boost,bonferroni,0.14285714285714285,,False,0,0,,1082,0,0,0.0,,,,deepseekv32maas
2026091222,rich_boost,fixed_sequence,0.2,,False,0,0,,1082,0,0,0.0,,,,deepseekv32maas
2026091222,rich_boost,bonferroni,0.2,,False,0,0,,1082,0,0,0.0,,,,deepseekv32maas
2026091222,rich_boost,fixed_sequence,0.25,,False,0,0,,1082,0,0,0.0,,,,deepseekv32maas
2026091222,rich_boost,bonferroni,0.25,,False,0,0,,1082,0,0,0.0,,,,deepseekv32maas
2026091223,raw_u,fixed_sequence,0.1,,False,0,0,,1082,0,0,0.0,,,,deepseekv32maas
2026091223,raw_u,bonferroni,0.1,,False,0,0,,1082,0,0,0.0,,,,deepseekv32maas
2026091223,raw_u,fixed_sequence,0.14285714285714285,,False,0,0,,1082,0,0,0.0,,,,deepseekv32maas
2026091223,raw_u,bonferroni,0.14285714285714285,,False,0,0,,1082,0,0,0.0,,,,deepseekv32maas
2026091223,raw_u,fixed_sequence,0.2,,False,0,0,,1082,0,0,0.0,,,,deepseekv32maas
2026091223,raw_u,bonferroni,0.2,,False,0,0,,1082,0,0,0.0,,,,deepseekv32maas
2026091223,raw_u,fixed_sequence,0.25,,False,0,0,,1082,0,0,0.0,,,,deepseekv32maas
2026091223,raw_u,bonferroni,0.25,,False,0,0,,1082,0,0,0.0,,,,deepseekv32maas
2026091223,u_boost,fixed_sequence,0.1,,False,0,0,,1082,0,0,0.0,,,,deepseekv32maas
2026091223,u_boost,bonferroni,0.1,,False,0,0,,1082,0,0,0.0,,,,deepseekv32maas
2026091223,u_boost,fixed_sequence,0.14285714285714285,,False,0,0,,1082,0,0,0.0,,,,deepseekv32maas
2026091223,u_boost,bonferroni,0.14285714285714285,,False,0,0,,1082,0,0,0.0,,,,deepseekv32maas
2026091223,u_boost,fixed_sequence,0.2,,False,0,0,,1082,0,0,0.0,,,,deepseekv32maas
2026091223,u_boost,bonferroni,0.2,,False,0,0,,1082,0,0,0.0,,,,deepseekv32maas
2026091223,u_boost,fixed_sequence,0.25,,False,0,0,,1082,0,0,0.0,,,,deepseekv32maas
2026091223,u_boost,bonferroni,0.25,,False,0,0,,1082,0,0,0.0,,,,deepseekv32maas
2026091223,rich_logistic,fixed_sequence,0.1,,False,0,0,,1082,0,0,0.0,,,,deepseekv32maas
2026091223,rich_logistic,bonferroni,0.1,,False,0,0,,1082,0,0,0.0,,,,deepseekv32maas
2026091223,rich_logistic,fixed_sequence,0.14285714285714285,,False,0,0,,1082,0,0,0.0,,,,deepseekv32maas
2026091223,rich_logistic,bonferroni,0.14285714285714285,,False,0,0,,1082,0,0,0.0,,,,deepseekv32maas
2026091223,rich_logistic,fixed_sequence,0.2,,False,0,0,,1082,0,0,0.0,,,,deepseekv32maas
2026091223,rich_logistic,bonferroni,0.2,,False,0,0,,1082,0,0,0.0,,,,deepseekv32maas
2026091223,rich_logistic,fixed_sequence,0.25,,False,0,0,,1082,0,0,0.0,,,,deepseekv32maas
2026091223,rich_logistic,bonferroni,0.25,,False,0,0,,1082,0,0,0.0,,,,deepseekv32maas
2026091223,rich_boost,fixed_sequence,0.1,,False,0,0,,1082,0,0,0.0,,,,deepseekv32maas
2026091223,rich_boost,bonferroni,0.1,,False,0,0,,1082,0,0,0.0,,,,deepseekv32maas
2026091223,rich_boost,fixed_sequence,0.14285714285714285,,False,0,0,,1082,0,0,0.0,,,,deepseekv32maas
2026091223,rich_boost,bonferroni,0.14285714285714285,,False,0,0,,1082,0,0,0.0,,,,deepseekv32maas
2026091223,rich_boost,fixed_sequence,0.2,,False,0,0,,1082,0,0,0.0,,,,deepseekv32maas
2026091223,rich_boost,bonferroni,0.2,,False,0,0,,1082,0,0,0.0,,,,deepseekv32maas
2026091223,rich_boost,fixed_sequence,0.25,,False,0,0,,1082,0,0,0.0,,,,deepseekv32maas
2026091223,rich_boost,bonferroni,0.25,,False,0,0,,1082,0,0,0.0,,,,deepseekv32maas
2026091224,raw_u,fixed_sequence,0.1,,False,0,0,,1082,0,0,0.0,,,,deepseekv32maas
2026091224,raw_u,bonferroni,0.1,,False,0,0,,1082,0,0,0.0,,,,deepseekv32maas
2026091224,raw_u,fixed_sequence,0.14285714285714285,,False,0,0,,1082,0,0,0.0,,,,deepseekv32maas
2026091224,raw_u,bonferroni,0.14285714285714285,,False,0,0,,1082,0,0,0.0,,,,deepseekv32maas
2026091224,raw_u,fixed_sequence,0.2,,False,0,0,,1082,0,0,0.0,,,,deepseekv32maas
2026091224,raw_u,bonferroni,0.2,,False,0,0,,1082,0,0,0.0,,,,deepseekv32maas
2026091224,raw_u,fixed_sequence,0.25,,False,0,0,,1082,0,0,0.0,,,,deepseekv32maas
2026091224,raw_u,bonferroni,0.25,,False,0,0,,1082,0,0,0.0,,,,deepseekv32maas
2026091224,u_boost,fixed_sequence,0.1,,False,0,0,,1082,0,0,0.0,,,,deepseekv32maas
2026091224,u_boost,bonferroni,0.1,,False,0,0,,1082,0,0,0.0,,,,deepseekv32maas
2026091224,u_boost,fixed_sequence,0.14285714285714285,,False,0,0,,1082,0,0,0.0,,,,deepseekv32maas
2026091224,u_boost,bonferroni,0.14285714285714285,,False,0,0,,1082,0,0,0.0,,,,deepseekv32maas
2026091224,u_boost,fixed_sequence,0.2,,False,0,0,,1082,0,0,0.0,,,,deepseekv32maas
2026091224,u_boost,bonferroni,0.2,,False,0,0,,1082,0,0,0.0,,,,deepseekv32maas
2026091224,u_boost,fixed_sequence,0.25,,False,0,0,,1082,0,0,0.0,,,,deepseekv32maas
2026091224,u_boost,bonferroni,0.25,,False,0,0,,1082,0,0,0.0,,,,deepseekv32maas
2026091224,rich_logistic,fixed_sequence,0.1,,False,0,0,,1082,0,0,0.0,,,,deepseekv32maas
2026091224,rich_logistic,bonferroni,0.1,,False,0,0,,1082,0,0,0.0,,,,deepseekv32maas
2026091224,rich_logistic,fixed_sequence,0.14285714285714285,,False,0,0,,1082,0,0,0.0,,,,deepseekv32maas
2026091224,rich_logistic,bonferroni,0.14285714285714285,,False,0,0,,1082,0,0,0.0,,,,deepseekv32maas
2026091224,rich_logistic,fixed_sequence,0.2,,False,0,0,,1082,0,0,0.0,,,,deepseekv32maas
2026091224,rich_logistic,bonferroni,0.2,,False,0,0,,1082,0,0,0.0,,,,deepseekv32maas
2026091224,rich_logistic,fixed_sequence,0.25,,False,0,0,,1082,0,0,0.0,,,,deepseekv32maas
2026091224,rich_logistic,bonferroni,0.25,,False,0,0,,1082,0,0,0.0,,,,deepseekv32maas
2026091224,rich_boost,fixed_sequence,0.1,,False,0,0,,1082,0,0,0.0,,,,deepseekv32maas
2026091224,rich_boost,bonferroni,0.1,,False,0,0,,1082,0,0,0.0,,,,deepseekv32maas
2026091224,rich_boost,fixed_sequence,0.14285714285714285,,False,0,0,,1082,0,0,0.0,,,,deepseekv32maas
2026091224,rich_boost,bonferroni,0.14285714285714285,,False,0,0,,1082,0,0,0.0,,,,deepseekv32maas
2026091224,rich_boost,fixed_sequence,0.2,,False,0,0,,1082,0,0,0.0,,,,deepseekv32maas
2026091224,rich_boost,bonferroni,0.2,,False,0,0,,1082,0,0,0.0,,,,deepseekv32maas
2026091224,rich_boost,fixed_sequence,0.25,,False,0,0,,1082,0,0,0.0,,,,deepseekv32maas
2026091224,rich_boost,bonferroni,0.25,,False,0,0,,1082,0,0,0.0,,,,deepseekv32maas
2026091225,raw_u,fixed_sequence,0.1,,False,0,0,,1082,0,0,0.0,,,,deepseekv32maas
2026091225,raw_u,bonferroni,0.1,,False,0,0,,1082,0,0,0.0,,,,deepseekv32maas
2026091225,raw_u,fixed_sequence,0.14285714285714285,,False,0,0,,1082,0,0,0.0,,,,deepseekv32maas
2026091225,raw_u,bonferroni,0.14285714285714285,,False,0,0,,1082,0,0,0.0,,,,deepseekv32maas
2026091225,raw_u,fixed_sequence,0.2,,False,0,0,,1082,0,0,0.0,,,,deepseekv32maas
2026091225,raw_u,bonferroni,0.2,,False,0,0,,1082,0,0,0.0,,,,deepseekv32maas
2026091225,raw_u,fixed_sequence,0.25,,False,0,0,,1082,0,0,0.0,,,,deepseekv32maas
2026091225,raw_u,bonferroni,0.25,,False,0,0,,1082,0,0,0.0,,,,deepseekv32maas
2026091225,u_boost,fixed_sequence,0.1,,False,0,0,,1082,0,0,0.0,,,,deepseekv32maas
2026091225,u_boost,bonferroni,0.1,,False,0,0,,1082,0,0,0.0,,,,deepseekv32maas
2026091225,u_boost,fixed_sequence,0.14285714285714285,,False,0,0,,1082,0,0,0.0,,,,deepseekv32maas
2026091225,u_boost,bonferroni,0.14285714285714285,,False,0,0,,1082,0,0,0.0,,,,deepseekv32maas
2026091225,u_boost,fixed_sequence,0.2,,False,0,0,,1082,0,0,0.0,,,,deepseekv32maas
2026091225,u_boost,bonferroni,0.2,,False,0,0,,1082,0,0,0.0,,,,deepseekv32maas
2026091225,u_boost,fixed_sequence,0.25,,False,0,0,,1082,0,0,0.0,,,,deepseekv32maas
2026091225,u_boost,bonferroni,0.25,,False,0,0,,1082,0,0,0.0,,,,deepseekv32maas
2026091225,rich_logistic,fixed_sequence,0.1,,False,0,0,,1082,0,0,0.0,,,,deepseekv32maas
2026091225,rich_logistic,bonferroni,0.1,,False,0,0,,1082,0,0,0.0,,,,deepseekv32maas
2026091225,rich_logistic,fixed_sequence,0.14285714285714285,,False,0,0,,1082,0,0,0.0,,,,deepseekv32maas
2026091225,rich_logistic,bonferroni,0.14285714285714285,,False,0,0,,1082,0,0,0.0,,,,deepseekv32maas
2026091225,rich_logistic,fixed_sequence,0.2,,False,0,0,,1082,0,0,0.0,,,,deepseekv32maas
2026091225,rich_logistic,bonferroni,0.2,,False,0,0,,1082,0,0,0.0,,,,deepseekv32maas
2026091225,rich_logistic,fixed_sequence,0.25,,False,0,0,,1082,0,0,0.0,,,,deepseekv32maas
2026091225,rich_logistic,bonferroni,0.25,,False,0,0,,1082,0,0,0.0,,,,deepseekv32maas
2026091225,rich_boost,fixed_sequence,0.1,,False,0,0,,1082,0,0,0.0,,,,deepseekv32maas
2026091225,rich_boost,bonferroni,0.1,,False,0,0,,1082,0,0,0.0,,,,deepseekv32maas
2026091225,rich_boost,fixed_sequence,0.14285714285714285,,False,0,0,,1082,0,0,0.0,,,,deepseekv32maas
2026091225,rich_boost,bonferroni,0.14285714285714285,,False,0,0,,1082,0,0,0.0,,,,deepseekv32maas
2026091225,rich_boost,fixed_sequence,0.2,,False,0,0,,1082,0,0,0.0,,,,deepseekv32maas
2026091225,rich_boost,bonferroni,0.2,,False,0,0,,1082,0,0,0.0,,,,deepseekv32maas
2026091225,rich_boost,fixed_sequence,0.25,,False,0,0,,1082,0,0,0.0,,,,deepseekv32maas
2026091225,rich_boost,bonferroni,0.25,,False,0,0,,1082,0,0,0.0,,,,deepseekv32maas
2026091226,raw_u,fixed_sequence,0.1,,False,0,0,,1082,0,0,0.0,,,,deepseekv32maas
2026091226,raw_u,bonferroni,0.1,,False,0,0,,1082,0,0,0.0,,,,deepseekv32maas
2026091226,raw_u,fixed_sequence,0.14285714285714285,,False,0,0,,1082,0,0,0.0,,,,deepseekv32maas
2026091226,raw_u,bonferroni,0.14285714285714285,,False,0,0,,1082,0,0,0.0,,,,deepseekv32maas
2026091226,raw_u,fixed_sequence,0.2,,False,0,0,,1082,0,0,0.0,,,,deepseekv32maas
2026091226,raw_u,bonferroni,0.2,,False,0,0,,1082,0,0,0.0,,,,deepseekv32maas
2026091226,raw_u,fixed_sequence,0.25,,False,0,0,,1082,0,0,0.0,,,,deepseekv32maas
2026091226,raw_u,bonferroni,0.25,,False,0,0,,1082,0,0,0.0,,,,deepseekv32maas
2026091226,u_boost,fixed_sequence,0.1,,False,0,0,,1082,0,0,0.0,,,,deepseekv32maas
2026091226,u_boost,bonferroni,0.1,,False,0,0,,1082,0,0,0.0,,,,deepseekv32maas
2026091226,u_boost,fixed_sequence,0.14285714285714285,,False,0,0,,1082,0,0,0.0,,,,deepseekv32maas
2026091226,u_boost,bonferroni,0.14285714285714285,,False,0,0,,1082,0,0,0.0,,,,deepseekv32maas
2026091226,u_boost,fixed_sequence,0.2,,False,0,0,,1082,0,0,0.0,,,,deepseekv32maas
2026091226,u_boost,bonferroni,0.2,,False,0,0,,1082,0,0,0.0,,,,deepseekv32maas
2026091226,u_boost,fixed_sequence,0.25,,False,0,0,,1082,0,0,0.0,,,,deepseekv32maas
2026091226,u_boost,bonferroni,0.25,,False,0,0,,1082,0,0,0.0,,,,deepseekv32maas
2026091226,rich_logistic,fixed_sequence,0.1,,False,0,0,,1082,0,0,0.0,,,,deepseekv32maas
2026091226,rich_logistic,bonferroni,0.1,,False,0,0,,1082,0,0,0.0,,,,deepseekv32maas
2026091226,rich_logistic,fixed_sequence,0.14285714285714285,,False,0,0,,1082,0,0,0.0,,,,deepseekv32maas
2026091226,rich_logistic,bonferroni,0.14285714285714285,,False,0,0,,1082,0,0,0.0,,,,deepseekv32maas
2026091226,rich_logistic,fixed_sequence,0.2,,False,0,0,,1082,0,0,0.0,,,,deepseekv32maas
2026091226,rich_logistic,bonferroni,0.2,,False,0,0,,1082,0,0,0.0,,,,deepseekv32maas
2026091226,rich_logistic,fixed_sequence,0.25,,False,0,0,,1082,0,0,0.0,,,,deepseekv32maas
2026091226,rich_logistic,bonferroni,0.25,,False,0,0,,1082,0,0,0.0,,,,deepseekv32maas
2026091226,rich_boost,fixed_sequence,0.1,,False,0,0,,1082,0,0,0.0,,,,deepseekv32maas
2026091226,rich_boost,bonferroni,0.1,,False,0,0,,1082,0,0,0.0,,,,deepseekv32maas
2026091226,rich_boost,fixed_sequence,0.14285714285714285,,False,0,0,,1082,0,0,0.0,,,,deepseekv32maas
2026091226,rich_boost,bonferroni,0.14285714285714285,,False,0,0,,1082,0,0,0.0,,,,deepseekv32maas
2026091226,rich_boost,fixed_sequence,0.2,,False,0,0,,1082,0,0,0.0,,,,deepseekv32maas
2026091226,rich_boost,bonferroni,0.2,,False,0,0,,1082,0,0,0.0,,,,deepseekv32maas
2026091226,rich_boost,fixed_sequence,0.25,,False,0,0,,1082,0,0,0.0,,,,deepseekv32maas
2026091226,rich_boost,bonferroni,0.25,,False,0,0,,1082,0,0,0.0,,,,deepseekv32maas
2026091227,raw_u,fixed_sequence,0.1,,False,0,0,,1082,0,0,0.0,,,,deepseekv32maas
2026091227,raw_u,bonferroni,0.1,,False,0,0,,1082,0,0,0.0,,,,deepseekv32maas
2026091227,raw_u,fixed_sequence,0.14285714285714285,,False,0,0,,1082,0,0,0.0,,,,deepseekv32maas
2026091227,raw_u,bonferroni,0.14285714285714285,,False,0,0,,1082,0,0,0.0,,,,deepseekv32maas
2026091227,raw_u,fixed_sequence,0.2,,False,0,0,,1082,0,0,0.0,,,,deepseekv32maas
2026091227,raw_u,bonferroni,0.2,,False,0,0,,1082,0,0,0.0,,,,deepseekv32maas
2026091227,raw_u,fixed_sequence,0.25,,False,0,0,,1082,0,0,0.0,,,,deepseekv32maas
2026091227,raw_u,bonferroni,0.25,,False,0,0,,1082,0,0,0.0,,,,deepseekv32maas
2026091227,u_boost,fixed_sequence,0.1,,False,0,0,,1082,0,0,0.0,,,,deepseekv32maas
2026091227,u_boost,bonferroni,0.1,,False,0,0,,1082,0,0,0.0,,,,deepseekv32maas
2026091227,u_boost,fixed_sequence,0.14285714285714285,,False,0,0,,1082,0,0,0.0,,,,deepseekv32maas
2026091227,u_boost,bonferroni,0.14285714285714285,,False,0,0,,1082,0,0,0.0,,,,deepseekv32maas
2026091227,u_boost,fixed_sequence,0.2,,False,0,0,,1082,0,0,0.0,,,,deepseekv32maas
2026091227,u_boost,bonferroni,0.2,,False,0,0,,1082,0,0,0.0,,,,deepseekv32maas
2026091227,u_boost,fixed_sequence,0.25,,False,0,0,,1082,0,0,0.0,,,,deepseekv32maas
2026091227,u_boost,bonferroni,0.25,,False,0,0,,1082,0,0,0.0,,,,deepseekv32maas
2026091227,rich_logistic,fixed_sequence,0.1,,False,0,0,,1082,0,0,0.0,,,,deepseekv32maas
2026091227,rich_logistic,bonferroni,0.1,,False,0,0,,1082,0,0,0.0,,,,deepseekv32maas
2026091227,rich_logistic,fixed_sequence,0.14285714285714285,,False,0,0,,1082,0,0,0.0,,,,deepseekv32maas
2026091227,rich_logistic,bonferroni,0.14285714285714285,,False,0,0,,1082,0,0,0.0,,,,deepseekv32maas
2026091227,rich_logistic,fixed_sequence,0.2,,False,0,0,,1082,0,0,0.0,,,,deepseekv32maas
2026091227,rich_logistic,bonferroni,0.2,,False,0,0,,1082,0,0,0.0,,,,deepseekv32maas
2026091227,rich_logistic,fixed_sequence,0.25,,False,0,0,,1082,0,0,0.0,,,,deepseekv32maas
2026091227,rich_logistic,bonferroni,0.25,,False,0,0,,1082,0,0,0.0,,,,deepseekv32maas
2026091227,rich_boost,fixed_sequence,0.1,,False,0,0,,1082,0,0,0.0,,,,deepseekv32maas
2026091227,rich_boost,bonferroni,0.1,,False,0,0,,1082,0,0,0.0,,,,deepseekv32maas
2026091227,rich_boost,fixed_sequence,0.14285714285714285,,False,0,0,,1082,0,0,0.0,,,,deepseekv32maas
2026091227,rich_boost,bonferroni,0.14285714285714285,,False,0,0,,1082,0,0,0.0,,,,deepseekv32maas
2026091227,rich_boost,fixed_sequence,0.2,,False,0,0,,1082,0,0,0.0,,,,deepseekv32maas
2026091227,rich_boost,bonferroni,0.2,,False,0,0,,1082,0,0,0.0,,,,deepseekv32maas
2026091227,rich_boost,fixed_sequence,0.25,,False,0,0,,1082,0,0,0.0,,,,deepseekv32maas
2026091227,rich_boost,bonferroni,0.25,,False,0,0,,1082,0,0,0.0,,,,deepseekv32maas
2026091228,raw_u,fixed_sequence,0.1,,False,0,0,,1082,0,0,0.0,,,,deepseekv32maas
2026091228,raw_u,bonferroni,0.1,,False,0,0,,1082,0,0,0.0,,,,deepseekv32maas
2026091228,raw_u,fixed_sequence,0.14285714285714285,,False,0,0,,1082,0,0,0.0,,,,deepseekv32maas
2026091228,raw_u,bonferroni,0.14285714285714285,,False,0,0,,1082,0,0,0.0,,,,deepseekv32maas
2026091228,raw_u,fixed_sequence,0.2,,False,0,0,,1082,0,0,0.0,,,,deepseekv32maas
2026091228,raw_u,bonferroni,0.2,,False,0,0,,1082,0,0,0.0,,,,deepseekv32maas
2026091228,raw_u,fixed_sequence,0.25,,False,0,0,,1082,0,0,0.0,,,,deepseekv32maas
2026091228,raw_u,bonferroni,0.25,,False,0,0,,1082,0,0,0.0,,,,deepseekv32maas
2026091228,u_boost,fixed_sequence,0.1,,False,0,0,,1082,0,0,0.0,,,,deepseekv32maas
2026091228,u_boost,bonferroni,0.1,,False,0,0,,1082,0,0,0.0,,,,deepseekv32maas
2026091228,u_boost,fixed_sequence,0.14285714285714285,,False,0,0,,1082,0,0,0.0,,,,deepseekv32maas
2026091228,u_boost,bonferroni,0.14285714285714285,,False,0,0,,1082,0,0,0.0,,,,deepseekv32maas
2026091228,u_boost,fixed_sequence,0.2,,False,0,0,,1082,0,0,0.0,,,,deepseekv32maas
2026091228,u_boost,bonferroni,0.2,,False,0,0,,1082,0,0,0.0,,,,deepseekv32maas
2026091228,u_boost,fixed_sequence,0.25,,False,0,0,,1082,0,0,0.0,,,,deepseekv32maas
2026091228,u_boost,bonferroni,0.25,,False,0,0,,1082,0,0,0.0,,,,deepseekv32maas
2026091228,rich_logistic,fixed_sequence,0.1,,False,0,0,,1082,0,0,0.0,,,,deepseekv32maas
2026091228,rich_logistic,bonferroni,0.1,,False,0,0,,1082,0,0,0.0,,,,deepseekv32maas
2026091228,rich_logistic,fixed_sequence,0.14285714285714285,,False,0,0,,1082,0,0,0.0,,,,deepseekv32maas
2026091228,rich_logistic,bonferroni,0.14285714285714285,,False,0,0,,1082,0,0,0.0,,,,deepseekv32maas
2026091228,rich_logistic,fixed_sequence,0.2,,False,0,0,,1082,0,0,0.0,,,,deepseekv32maas
2026091228,rich_logistic,bonferroni,0.2,,False,0,0,,1082,0,0,0.0,,,,deepseekv32maas
2026091228,rich_logistic,fixed_sequence,0.25,,False,0,0,,1082,0,0,0.0,,,,deepseekv32maas
2026091228,rich_logistic,bonferroni,0.25,,False,0,0,,1082,0,0,0.0,,,,deepseekv32maas
2026091228,rich_boost,fixed_sequence,0.1,,False,0,0,,1082,0,0,0.0,,,,deepseekv32maas
2026091228,rich_boost,bonferroni,0.1,,False,0,0,,1082,0,0,0.0,,,,deepseekv32maas
2026091228,rich_boost,fixed_sequence,0.14285714285714285,,False,0,0,,1082,0,0,0.0,,,,deepseekv32maas
2026091228,rich_boost,bonferroni,0.14285714285714285,,False,0,0,,1082,0,0,0.0,,,,deepseekv32maas
2026091228,rich_boost,fixed_sequence,0.2,,False,0,0,,1082,0,0,0.0,,,,deepseekv32maas
2026091228,rich_boost,bonferroni,0.2,,False,0,0,,1082,0,0,0.0,,,,deepseekv32maas
2026091228,rich_boost,fixed_sequence,0.25,,False,0,0,,1082,0,0,0.0,,,,deepseekv32maas
2026091228,rich_boost,bonferroni,0.25,,False,0,0,,1082,0,0,0.0,,,,deepseekv32maas
2026091229,raw_u,fixed_sequence,0.1,,False,0,0,,1082,0,0,0.0,,,,deepseekv32maas
2026091229,raw_u,bonferroni,0.1,,False,0,0,,1082,0,0,0.0,,,,deepseekv32maas
2026091229,raw_u,fixed_sequence,0.14285714285714285,,False,0,0,,1082,0,0,0.0,,,,deepseekv32maas
2026091229,raw_u,bonferroni,0.14285714285714285,,False,0,0,,1082,0,0,0.0,,,,deepseekv32maas
2026091229,raw_u,fixed_sequence,0.2,,False,0,0,,1082,0,0,0.0,,,,deepseekv32maas
2026091229,raw_u,bonferroni,0.2,,False,0,0,,1082,0,0,0.0,,,,deepseekv32maas
2026091229,raw_u,fixed_sequence,0.25,,False,0,0,,1082,0,0,0.0,,,,deepseekv32maas
2026091229,raw_u,bonferroni,0.25,,False,0,0,,1082,0,0,0.0,,,,deepseekv32maas
2026091229,u_boost,fixed_sequence,0.1,,False,0,0,,1082,0,0,0.0,,,,deepseekv32maas
2026091229,u_boost,bonferroni,0.1,,False,0,0,,1082,0,0,0.0,,,,deepseekv32maas
2026091229,u_boost,fixed_sequence,0.14285714285714285,,False,0,0,,1082,0,0,0.0,,,,deepseekv32maas
2026091229,u_boost,bonferroni,0.14285714285714285,,False,0,0,,1082,0,0,0.0,,,,deepseekv32maas
2026091229,u_boost,fixed_sequence,0.2,,False,0,0,,1082,0,0,0.0,,,,deepseekv32maas
2026091229,u_boost,bonferroni,0.2,,False,0,0,,1082,0,0,0.0,,,,deepseekv32maas
2026091229,u_boost,fixed_sequence,0.25,,False,0,0,,1082,0,0,0.0,,,,deepseekv32maas
2026091229,u_boost,bonferroni,0.25,,False,0,0,,1082,0,0,0.0,,,,deepseekv32maas
2026091229,rich_logistic,fixed_sequence,0.1,,False,0,0,,1082,0,0,0.0,,,,deepseekv32maas
2026091229,rich_logistic,bonferroni,0.1,,False,0,0,,1082,0,0,0.0,,,,deepseekv32maas
2026091229,rich_logistic,fixed_sequence,0.14285714285714285,,False,0,0,,1082,0,0,0.0,,,,deepseekv32maas
2026091229,rich_logistic,bonferroni,0.14285714285714285,,False,0,0,,1082,0,0,0.0,,,,deepseekv32maas
2026091229,rich_logistic,fixed_sequence,0.2,,False,0,0,,1082,0,0,0.0,,,,deepseekv32maas
2026091229,rich_logistic,bonferroni,0.2,,False,0,0,,1082,0,0,0.0,,,,deepseekv32maas
2026091229,rich_logistic,fixed_sequence,0.25,,False,0,0,,1082,0,0,0.0,,,,deepseekv32maas
2026091229,rich_logistic,bonferroni,0.25,,False,0,0,,1082,0,0,0.0,,,,deepseekv32maas
2026091229,rich_boost,fixed_sequence,0.1,,False,0,0,,1082,0,0,0.0,,,,deepseekv32maas
2026091229,rich_boost,bonferroni,0.1,,False,0,0,,1082,0,0,0.0,,,,deepseekv32maas
2026091229,rich_boost,fixed_sequence,0.14285714285714285,,False,0,0,,1082,0,0,0.0,,,,deepseekv32maas
2026091229,rich_boost,bonferroni,0.14285714285714285,,False,0,0,,1082,0,0,0.0,,,,deepseekv32maas
2026091229,rich_boost,fixed_sequence,0.2,,False,0,0,,1082,0,0,0.0,,,,deepseekv32maas
2026091229,rich_boost,bonferroni,0.2,,False,0,0,,1082,0,0,0.0,,,,deepseekv32maas
2026091229,rich_boost,fixed_sequence,0.25,,False,0,0,,1082,0,0,0.0,,,,deepseekv32maas
2026091229,rich_boost,bonferroni,0.25,,False,0,0,,1082,0,0,0.0,,,,deepseekv32maas
2026091230,raw_u,fixed_sequence,0.1,,False,0,0,,1082,0,0,0.0,,,,deepseekv32maas
2026091230,raw_u,bonferroni,0.1,,False,0,0,,1082,0,0,0.0,,,,deepseekv32maas
2026091230,raw_u,fixed_sequence,0.14285714285714285,,False,0,0,,1082,0,0,0.0,,,,deepseekv32maas
2026091230,raw_u,bonferroni,0.14285714285714285,,False,0,0,,1082,0,0,0.0,,,,deepseekv32maas
2026091230,raw_u,fixed_sequence,0.2,,False,0,0,,1082,0,0,0.0,,,,deepseekv32maas
2026091230,raw_u,bonferroni,0.2,,False,0,0,,1082,0,0,0.0,,,,deepseekv32maas
2026091230,raw_u,fixed_sequence,0.25,,False,0,0,,1082,0,0,0.0,,,,deepseekv32maas
2026091230,raw_u,bonferroni,0.25,,False,0,0,,1082,0,0,0.0,,,,deepseekv32maas
2026091230,u_boost,fixed_sequence,0.1,,False,0,0,,1082,0,0,0.0,,,,deepseekv32maas
2026091230,u_boost,bonferroni,0.1,,False,0,0,,1082,0,0,0.0,,,,deepseekv32maas
2026091230,u_boost,fixed_sequence,0.14285714285714285,,False,0,0,,1082,0,0,0.0,,,,deepseekv32maas
2026091230,u_boost,bonferroni,0.14285714285714285,,False,0,0,,1082,0,0,0.0,,,,deepseekv32maas
2026091230,u_boost,fixed_sequence,0.2,,False,0,0,,1082,0,0,0.0,,,,deepseekv32maas
2026091230,u_boost,bonferroni,0.2,,False,0,0,,1082,0,0,0.0,,,,deepseekv32maas
2026091230,u_boost,fixed_sequence,0.25,,False,0,0,,1082,0,0,0.0,,,,deepseekv32maas
2026091230,u_boost,bonferroni,0.25,,False,0,0,,1082,0,0,0.0,,,,deepseekv32maas
2026091230,rich_logistic,fixed_sequence,0.1,,False,0,0,,1082,0,0,0.0,,,,deepseekv32maas
2026091230,rich_logistic,bonferroni,0.1,,False,0,0,,1082,0,0,0.0,,,,deepseekv32maas
2026091230,rich_logistic,fixed_sequence,0.14285714285714285,,False,0,0,,1082,0,0,0.0,,,,deepseekv32maas
2026091230,rich_logistic,bonferroni,0.14285714285714285,,False,0,0,,1082,0,0,0.0,,,,deepseekv32maas
2026091230,rich_logistic,fixed_sequence,0.2,,False,0,0,,1082,0,0,0.0,,,,deepseekv32maas
2026091230,rich_logistic,bonferroni,0.2,,False,0,0,,1082,0,0,0.0,,,,deepseekv32maas
2026091230,rich_logistic,fixed_sequence,0.25,,False,0,0,,1082,0,0,0.0,,,,deepseekv32maas
2026091230,rich_logistic,bonferroni,0.25,,False,0,0,,1082,0,0,0.0,,,,deepseekv32maas
2026091230,rich_boost,fixed_sequence,0.1,,False,0,0,,1082,0,0,0.0,,,,deepseekv32maas
2026091230,rich_boost,bonferroni,0.1,,False,0,0,,1082,0,0,0.0,,,,deepseekv32maas
2026091230,rich_boost,fixed_sequence,0.14285714285714285,,False,0,0,,1082,0,0,0.0,,,,deepseekv32maas
2026091230,rich_boost,bonferroni,0.14285714285714285,,False,0,0,,1082,0,0,0.0,,,,deepseekv32maas
2026091230,rich_boost,fixed_sequence,0.2,,False,0,0,,1082,0,0,0.0,,,,deepseekv32maas
2026091230,rich_boost,bonferroni,0.2,,False,0,0,,1082,0,0,0.0,,,,deepseekv32maas
2026091230,rich_boost,fixed_sequence,0.25,,False,0,0,,1082,0,0,0.0,,,,deepseekv32maas
2026091230,rich_boost,bonferroni,0.25,,False,0,0,,1082,0,0,0.0,,,,deepseekv32maas
2026091231,raw_u,fixed_sequence,0.1,,False,0,0,,1082,0,0,0.0,,,,deepseekv32maas
2026091231,raw_u,bonferroni,0.1,,False,0,0,,1082,0,0,0.0,,,,deepseekv32maas
2026091231,raw_u,fixed_sequence,0.14285714285714285,,False,0,0,,1082,0,0,0.0,,,,deepseekv32maas
2026091231,raw_u,bonferroni,0.14285714285714285,,False,0,0,,1082,0,0,0.0,,,,deepseekv32maas
2026091231,raw_u,fixed_sequence,0.2,,False,0,0,,1082,0,0,0.0,,,,deepseekv32maas
2026091231,raw_u,bonferroni,0.2,,False,0,0,,1082,0,0,0.0,,,,deepseekv32maas
2026091231,raw_u,fixed_sequence,0.25,,False,0,0,,1082,0,0,0.0,,,,deepseekv32maas
2026091231,raw_u,bonferroni,0.25,,False,0,0,,1082,0,0,0.0,,,,deepseekv32maas
2026091231,u_boost,fixed_sequence,0.1,,False,0,0,,1082,0,0,0.0,,,,deepseekv32maas
2026091231,u_boost,bonferroni,0.1,,False,0,0,,1082,0,0,0.0,,,,deepseekv32maas
2026091231,u_boost,fixed_sequence,0.14285714285714285,,False,0,0,,1082,0,0,0.0,,,,deepseekv32maas
2026091231,u_boost,bonferroni,0.14285714285714285,,False,0,0,,1082,0,0,0.0,,,,deepseekv32maas
2026091231,u_boost,fixed_sequence,0.2,,False,0,0,,1082,0,0,0.0,,,,deepseekv32maas
2026091231,u_boost,bonferroni,0.2,,False,0,0,,1082,0,0,0.0,,,,deepseekv32maas
2026091231,u_boost,fixed_sequence,0.25,,False,0,0,,1082,0,0,0.0,,,,deepseekv32maas
2026091231,u_boost,bonferroni,0.25,,False,0,0,,1082,0,0,0.0,,,,deepseekv32maas
2026091231,rich_logistic,fixed_sequence,0.1,,False,0,0,,1082,0,0,0.0,,,,deepseekv32maas
2026091231,rich_logistic,bonferroni,0.1,,False,0,0,,1082,0,0,0.0,,,,deepseekv32maas
2026091231,rich_logistic,fixed_sequence,0.14285714285714285,,False,0,0,,1082,0,0,0.0,,,,deepseekv32maas
2026091231,rich_logistic,bonferroni,0.14285714285714285,,False,0,0,,1082,0,0,0.0,,,,deepseekv32maas
2026091231,rich_logistic,fixed_sequence,0.2,,False,0,0,,1082,0,0,0.0,,,,deepseekv32maas
2026091231,rich_logistic,bonferroni,0.2,,False,0,0,,1082,0,0,0.0,,,,deepseekv32maas
2026091231,rich_logistic,fixed_sequence,0.25,,False,0,0,,1082,0,0,0.0,,,,deepseekv32maas
2026091231,rich_logistic,bonferroni,0.25,,False,0,0,,1082,0,0,0.0,,,,deepseekv32maas
2026091231,rich_boost,fixed_sequence,0.1,,False,0,0,,1082,0,0,0.0,,,,deepseekv32maas
2026091231,rich_boost,bonferroni,0.1,,False,0,0,,1082,0,0,0.0,,,,deepseekv32maas
2026091231,rich_boost,fixed_sequence,0.14285714285714285,,False,0,0,,1082,0,0,0.0,,,,deepseekv32maas
2026091231,rich_boost,bonferroni,0.14285714285714285,,False,0,0,,1082,0,0,0.0,,,,deepseekv32maas
2026091231,rich_boost,fixed_sequence,0.2,,False,0,0,,1082,0,0,0.0,,,,deepseekv32maas
2026091231,rich_boost,bonferroni,0.2,,False,0,0,,1082,0,0,0.0,,,,deepseekv32maas
2026091231,rich_boost,fixed_sequence,0.25,,False,0,0,,1082,0,0,0.0,,,,deepseekv32maas
2026091231,rich_boost,bonferroni,0.25,,False,0,0,,1082,0,0,0.0,,,,deepseekv32maas
2026091232,raw_u,fixed_sequence,0.1,,False,0,0,,1082,0,0,0.0,,,,deepseekv32maas
2026091232,raw_u,bonferroni,0.1,,False,0,0,,1082,0,0,0.0,,,,deepseekv32maas
2026091232,raw_u,fixed_sequence,0.14285714285714285,,False,0,0,,1082,0,0,0.0,,,,deepseekv32maas
2026091232,raw_u,bonferroni,0.14285714285714285,,False,0,0,,1082,0,0,0.0,,,,deepseekv32maas
2026091232,raw_u,fixed_sequence,0.2,,False,0,0,,1082,0,0,0.0,,,,deepseekv32maas
2026091232,raw_u,bonferroni,0.2,,False,0,0,,1082,0,0,0.0,,,,deepseekv32maas
2026091232,raw_u,fixed_sequence,0.25,,False,0,0,,1082,0,0,0.0,,,,deepseekv32maas
2026091232,raw_u,bonferroni,0.25,,False,0,0,,1082,0,0,0.0,,,,deepseekv32maas
2026091232,u_boost,fixed_sequence,0.1,,False,0,0,,1082,0,0,0.0,,,,deepseekv32maas
2026091232,u_boost,bonferroni,0.1,,False,0,0,,1082,0,0,0.0,,,,deepseekv32maas
2026091232,u_boost,fixed_sequence,0.14285714285714285,,False,0,0,,1082,0,0,0.0,,,,deepseekv32maas
2026091232,u_boost,bonferroni,0.14285714285714285,,False,0,0,,1082,0,0,0.0,,,,deepseekv32maas
2026091232,u_boost,fixed_sequence,0.2,,False,0,0,,1082,0,0,0.0,,,,deepseekv32maas
2026091232,u_boost,bonferroni,0.2,,False,0,0,,1082,0,0,0.0,,,,deepseekv32maas
2026091232,u_boost,fixed_sequence,0.25,,False,0,0,,1082,0,0,0.0,,,,deepseekv32maas
2026091232,u_boost,bonferroni,0.25,,False,0,0,,1082,0,0,0.0,,,,deepseekv32maas
2026091232,rich_logistic,fixed_sequence,0.1,,False,0,0,,1082,0,0,0.0,,,,deepseekv32maas
2026091232,rich_logistic,bonferroni,0.1,,False,0,0,,1082,0,0,0.0,,,,deepseekv32maas
2026091232,rich_logistic,fixed_sequence,0.14285714285714285,,False,0,0,,1082,0,0,0.0,,,,deepseekv32maas
2026091232,rich_logistic,bonferroni,0.14285714285714285,,False,0,0,,1082,0,0,0.0,,,,deepseekv32maas
2026091232,rich_logistic,fixed_sequence,0.2,,False,0,0,,1082,0,0,0.0,,,,deepseekv32maas
2026091232,rich_logistic,bonferroni,0.2,,False,0,0,,1082,0,0,0.0,,,,deepseekv32maas
2026091232,rich_logistic,fixed_sequence,0.25,,False,0,0,,1082,0,0,0.0,,,,deepseekv32maas
2026091232,rich_logistic,bonferroni,0.25,,False,0,0,,1082,0,0,0.0,,,,deepseekv32maas
2026091232,rich_boost,fixed_sequence,0.1,,False,0,0,,1082,0,0,0.0,,,,deepseekv32maas
2026091232,rich_boost,bonferroni,0.1,,False,0,0,,1082,0,0,0.0,,,,deepseekv32maas
2026091232,rich_boost,fixed_sequence,0.14285714285714285,,False,0,0,,1082,0,0,0.0,,,,deepseekv32maas
2026091232,rich_boost,bonferroni,0.14285714285714285,,False,0,0,,1082,0,0,0.0,,,,deepseekv32maas
2026091232,rich_boost,fixed_sequence,0.2,,False,0,0,,1082,0,0,0.0,,,,deepseekv32maas
2026091232,rich_boost,bonferroni,0.2,,False,0,0,,1082,0,0,0.0,,,,deepseekv32maas
2026091232,rich_boost,fixed_sequence,0.25,,False,0,0,,1082,0,0,0.0,,,,deepseekv32maas
2026091232,rich_boost,bonferroni,0.25,,False,0,0,,1082,0,0,0.0,,,,deepseekv32maas
2026091233,raw_u,fixed_sequence,0.1,,False,0,0,,1082,0,0,0.0,,,,deepseekv32maas
2026091233,raw_u,bonferroni,0.1,,False,0,0,,1082,0,0,0.0,,,,deepseekv32maas
2026091233,raw_u,fixed_sequence,0.14285714285714285,,False,0,0,,1082,0,0,0.0,,,,deepseekv32maas
2026091233,raw_u,bonferroni,0.14285714285714285,,False,0,0,,1082,0,0,0.0,,,,deepseekv32maas
2026091233,raw_u,fixed_sequence,0.2,,False,0,0,,1082,0,0,0.0,,,,deepseekv32maas
2026091233,raw_u,bonferroni,0.2,,False,0,0,,1082,0,0,0.0,,,,deepseekv32maas
2026091233,raw_u,fixed_sequence,0.25,,False,0,0,,1082,0,0,0.0,,,,deepseekv32maas
2026091233,raw_u,bonferroni,0.25,,False,0,0,,1082,0,0,0.0,,,,deepseekv32maas
2026091233,u_boost,fixed_sequence,0.1,,False,0,0,,1082,0,0,0.0,,,,deepseekv32maas
2026091233,u_boost,bonferroni,0.1,,False,0,0,,1082,0,0,0.0,,,,deepseekv32maas
2026091233,u_boost,fixed_sequence,0.14285714285714285,,False,0,0,,1082,0,0,0.0,,,,deepseekv32maas
2026091233,u_boost,bonferroni,0.14285714285714285,,False,0,0,,1082,0,0,0.0,,,,deepseekv32maas
2026091233,u_boost,fixed_sequence,0.2,,False,0,0,,1082,0,0,0.0,,,,deepseekv32maas
2026091233,u_boost,bonferroni,0.2,,False,0,0,,1082,0,0,0.0,,,,deepseekv32maas
2026091233,u_boost,fixed_sequence,0.25,,False,0,0,,1082,0,0,0.0,,,,deepseekv32maas
2026091233,u_boost,bonferroni,0.25,,False,0,0,,1082,0,0,0.0,,,,deepseekv32maas
2026091233,rich_logistic,fixed_sequence,0.1,,False,0,0,,1082,0,0,0.0,,,,deepseekv32maas
2026091233,rich_logistic,bonferroni,0.1,,False,0,0,,1082,0,0,0.0,,,,deepseekv32maas
2026091233,rich_logistic,fixed_sequence,0.14285714285714285,,False,0,0,,1082,0,0,0.0,,,,deepseekv32maas
2026091233,rich_logistic,bonferroni,0.14285714285714285,,False,0,0,,1082,0,0,0.0,,,,deepseekv32maas
2026091233,rich_logistic,fixed_sequence,0.2,,False,0,0,,1082,0,0,0.0,,,,deepseekv32maas
2026091233,rich_logistic,bonferroni,0.2,,False,0,0,,1082,0,0,0.0,,,,deepseekv32maas
2026091233,rich_logistic,fixed_sequence,0.25,,False,0,0,,1082,0,0,0.0,,,,deepseekv32maas
2026091233,rich_logistic,bonferroni,0.25,,False,0,0,,1082,0,0,0.0,,,,deepseekv32maas
2026091233,rich_boost,fixed_sequence,0.1,,False,0,0,,1082,0,0,0.0,,,,deepseekv32maas
2026091233,rich_boost,bonferroni,0.1,,False,0,0,,1082,0,0,0.0,,,,deepseekv32maas
2026091233,rich_boost,fixed_sequence,0.14285714285714285,,False,0,0,,1082,0,0,0.0,,,,deepseekv32maas
2026091233,rich_boost,bonferroni,0.14285714285714285,,False,0,0,,1082,0,0,0.0,,,,deepseekv32maas
2026091233,rich_boost,fixed_sequence,0.2,,False,0,0,,1082,0,0,0.0,,,,deepseekv32maas
2026091233,rich_boost,bonferroni,0.2,,False,0,0,,1082,0,0,0.0,,,,deepseekv32maas
2026091233,rich_boost,fixed_sequence,0.25,,False,0,0,,1082,0,0,0.0,,,,deepseekv32maas
2026091233,rich_boost,bonferroni,0.25,,False,0,0,,1082,0,0,0.0,,,,deepseekv32maas
2026091234,raw_u,fixed_sequence,0.1,,False,0,0,,1082,0,0,0.0,,,,deepseekv32maas
2026091234,raw_u,bonferroni,0.1,,False,0,0,,1082,0,0,0.0,,,,deepseekv32maas
2026091234,raw_u,fixed_sequence,0.14285714285714285,,False,0,0,,1082,0,0,0.0,,,,deepseekv32maas
2026091234,raw_u,bonferroni,0.14285714285714285,,False,0,0,,1082,0,0,0.0,,,,deepseekv32maas
2026091234,raw_u,fixed_sequence,0.2,,False,0,0,,1082,0,0,0.0,,,,deepseekv32maas
2026091234,raw_u,bonferroni,0.2,,False,0,0,,1082,0,0,0.0,,,,deepseekv32maas
2026091234,raw_u,fixed_sequence,0.25,,False,0,0,,1082,0,0,0.0,,,,deepseekv32maas
2026091234,raw_u,bonferroni,0.25,,False,0,0,,1082,0,0,0.0,,,,deepseekv32maas
2026091234,u_boost,fixed_sequence,0.1,,False,0,0,,1082,0,0,0.0,,,,deepseekv32maas
2026091234,u_boost,bonferroni,0.1,,False,0,0,,1082,0,0,0.0,,,,deepseekv32maas
2026091234,u_boost,fixed_sequence,0.14285714285714285,,False,0,0,,1082,0,0,0.0,,,,deepseekv32maas
2026091234,u_boost,bonferroni,0.14285714285714285,,False,0,0,,1082,0,0,0.0,,,,deepseekv32maas
2026091234,u_boost,fixed_sequence,0.2,,False,0,0,,1082,0,0,0.0,,,,deepseekv32maas
2026091234,u_boost,bonferroni,0.2,,False,0,0,,1082,0,0,0.0,,,,deepseekv32maas
2026091234,u_boost,fixed_sequence,0.25,,False,0,0,,1082,0,0,0.0,,,,deepseekv32maas
2026091234,u_boost,bonferroni,0.25,,False,0,0,,1082,0,0,0.0,,,,deepseekv32maas
2026091234,rich_logistic,fixed_sequence,0.1,,False,0,0,,1082,0,0,0.0,,,,deepseekv32maas
2026091234,rich_logistic,bonferroni,0.1,,False,0,0,,1082,0,0,0.0,,,,deepseekv32maas
2026091234,rich_logistic,fixed_sequence,0.14285714285714285,,False,0,0,,1082,0,0,0.0,,,,deepseekv32maas
2026091234,rich_logistic,bonferroni,0.14285714285714285,,False,0,0,,1082,0,0,0.0,,,,deepseekv32maas
2026091234,rich_logistic,fixed_sequence,0.2,,False,0,0,,1082,0,0,0.0,,,,deepseekv32maas
2026091234,rich_logistic,bonferroni,0.2,,False,0,0,,1082,0,0,0.0,,,,deepseekv32maas
2026091234,rich_logistic,fixed_sequence,0.25,,False,0,0,,1082,0,0,0.0,,,,deepseekv32maas
2026091234,rich_logistic,bonferroni,0.25,,False,0,0,,1082,0,0,0.0,,,,deepseekv32maas
2026091234,rich_boost,fixed_sequence,0.1,,False,0,0,,1082,0,0,0.0,,,,deepseekv32maas
2026091234,rich_boost,bonferroni,0.1,,False,0,0,,1082,0,0,0.0,,,,deepseekv32maas
2026091234,rich_boost,fixed_sequence,0.14285714285714285,,False,0,0,,1082,0,0,0.0,,,,deepseekv32maas
2026091234,rich_boost,bonferroni,0.14285714285714285,,False,0,0,,1082,0,0,0.0,,,,deepseekv32maas
2026091234,rich_boost,fixed_sequence,0.2,,False,0,0,,1082,0,0,0.0,,,,deepseekv32maas
2026091234,rich_boost,bonferroni,0.2,,False,0,0,,1082,0,0,0.0,,,,deepseekv32maas
2026091234,rich_boost,fixed_sequence,0.25,,False,0,0,,1082,0,0,0.0,,,,deepseekv32maas
2026091234,rich_boost,bonferroni,0.25,,False,0,0,,1082,0,0,0.0,,,,deepseekv32maas
2026091235,raw_u,fixed_sequence,0.1,,False,0,0,,1082,0,0,0.0,,,,deepseekv32maas
2026091235,raw_u,bonferroni,0.1,,False,0,0,,1082,0,0,0.0,,,,deepseekv32maas
2026091235,raw_u,fixed_sequence,0.14285714285714285,,False,0,0,,1082,0,0,0.0,,,,deepseekv32maas
2026091235,raw_u,bonferroni,0.14285714285714285,,False,0,0,,1082,0,0,0.0,,,,deepseekv32maas
2026091235,raw_u,fixed_sequence,0.2,,False,0,0,,1082,0,0,0.0,,,,deepseekv32maas
2026091235,raw_u,bonferroni,0.2,,False,0,0,,1082,0,0,0.0,,,,deepseekv32maas
2026091235,raw_u,fixed_sequence,0.25,,False,0,0,,1082,0,0,0.0,,,,deepseekv32maas
2026091235,raw_u,bonferroni,0.25,,False,0,0,,1082,0,0,0.0,,,,deepseekv32maas
2026091235,u_boost,fixed_sequence,0.1,,False,0,0,,1082,0,0,0.0,,,,deepseekv32maas
2026091235,u_boost,bonferroni,0.1,,False,0,0,,1082,0,0,0.0,,,,deepseekv32maas
2026091235,u_boost,fixed_sequence,0.14285714285714285,,False,0,0,,1082,0,0,0.0,,,,deepseekv32maas
2026091235,u_boost,bonferroni,0.14285714285714285,,False,0,0,,1082,0,0,0.0,,,,deepseekv32maas
2026091235,u_boost,fixed_sequence,0.2,,False,0,0,,1082,0,0,0.0,,,,deepseekv32maas
2026091235,u_boost,bonferroni,0.2,,False,0,0,,1082,0,0,0.0,,,,deepseekv32maas
2026091235,u_boost,fixed_sequence,0.25,,False,0,0,,1082,0,0,0.0,,,,deepseekv32maas
2026091235,u_boost,bonferroni,0.25,,False,0,0,,1082,0,0,0.0,,,,deepseekv32maas
2026091235,rich_logistic,fixed_sequence,0.1,,False,0,0,,1082,0,0,0.0,,,,deepseekv32maas
2026091235,rich_logistic,bonferroni,0.1,,False,0,0,,1082,0,0,0.0,,,,deepseekv32maas
2026091235,rich_logistic,fixed_sequence,0.14285714285714285,,False,0,0,,1082,0,0,0.0,,,,deepseekv32maas
2026091235,rich_logistic,bonferroni,0.14285714285714285,,False,0,0,,1082,0,0,0.0,,,,deepseekv32maas
2026091235,rich_logistic,fixed_sequence,0.2,,False,0,0,,1082,0,0,0.0,,,,deepseekv32maas
2026091235,rich_logistic,bonferroni,0.2,,False,0,0,,1082,0,0,0.0,,,,deepseekv32maas
2026091235,rich_logistic,fixed_sequence,0.25,,False,0,0,,1082,0,0,0.0,,,,deepseekv32maas
2026091235,rich_logistic,bonferroni,0.25,,False,0,0,,1082,0,0,0.0,,,,deepseekv32maas
2026091235,rich_boost,fixed_sequence,0.1,,False,0,0,,1082,0,0,0.0,,,,deepseekv32maas
2026091235,rich_boost,bonferroni,0.1,,False,0,0,,1082,0,0,0.0,,,,deepseekv32maas
2026091235,rich_boost,fixed_sequence,0.14285714285714285,,False,0,0,,1082,0,0,0.0,,,,deepseekv32maas
2026091235,rich_boost,bonferroni,0.14285714285714285,,False,0,0,,1082,0,0,0.0,,,,deepseekv32maas
2026091235,rich_boost,fixed_sequence,0.2,,False,0,0,,1082,0,0,0.0,,,,deepseekv32maas
2026091235,rich_boost,bonferroni,0.2,,False,0,0,,1082,0,0,0.0,,,,deepseekv32maas
2026091235,rich_boost,fixed_sequence,0.25,,False,0,0,,1082,0,0,0.0,,,,deepseekv32maas
2026091235,rich_boost,bonferroni,0.25,,False,0,0,,1082,0,0,0.0,,,,deepseekv32maas
2026091236,raw_u,fixed_sequence,0.1,,False,0,0,,1082,0,0,0.0,,,,deepseekv32maas
2026091236,raw_u,bonferroni,0.1,,False,0,0,,1082,0,0,0.0,,,,deepseekv32maas
2026091236,raw_u,fixed_sequence,0.14285714285714285,,False,0,0,,1082,0,0,0.0,,,,deepseekv32maas
2026091236,raw_u,bonferroni,0.14285714285714285,,False,0,0,,1082,0,0,0.0,,,,deepseekv32maas
2026091236,raw_u,fixed_sequence,0.2,,False,0,0,,1082,0,0,0.0,,,,deepseekv32maas
2026091236,raw_u,bonferroni,0.2,,False,0,0,,1082,0,0,0.0,,,,deepseekv32maas
2026091236,raw_u,fixed_sequence,0.25,,False,0,0,,1082,0,0,0.0,,,,deepseekv32maas
2026091236,raw_u,bonferroni,0.25,,False,0,0,,1082,0,0,0.0,,,,deepseekv32maas
2026091236,u_boost,fixed_sequence,0.1,,False,0,0,,1082,0,0,0.0,,,,deepseekv32maas
2026091236,u_boost,bonferroni,0.1,,False,0,0,,1082,0,0,0.0,,,,deepseekv32maas
2026091236,u_boost,fixed_sequence,0.14285714285714285,,False,0,0,,1082,0,0,0.0,,,,deepseekv32maas
2026091236,u_boost,bonferroni,0.14285714285714285,,False,0,0,,1082,0,0,0.0,,,,deepseekv32maas
2026091236,u_boost,fixed_sequence,0.2,,False,0,0,,1082,0,0,0.0,,,,deepseekv32maas
2026091236,u_boost,bonferroni,0.2,,False,0,0,,1082,0,0,0.0,,,,deepseekv32maas
2026091236,u_boost,fixed_sequence,0.25,,False,0,0,,1082,0,0,0.0,,,,deepseekv32maas
2026091236,u_boost,bonferroni,0.25,,False,0,0,,1082,0,0,0.0,,,,deepseekv32maas
2026091236,rich_logistic,fixed_sequence,0.1,,False,0,0,,1082,0,0,0.0,,,,deepseekv32maas
2026091236,rich_logistic,bonferroni,0.1,,False,0,0,,1082,0,0,0.0,,,,deepseekv32maas
2026091236,rich_logistic,fixed_sequence,0.14285714285714285,,False,0,0,,1082,0,0,0.0,,,,deepseekv32maas
2026091236,rich_logistic,bonferroni,0.14285714285714285,,False,0,0,,1082,0,0,0.0,,,,deepseekv32maas
2026091236,rich_logistic,fixed_sequence,0.2,,False,0,0,,1082,0,0,0.0,,,,deepseekv32maas
2026091236,rich_logistic,bonferroni,0.2,,False,0,0,,1082,0,0,0.0,,,,deepseekv32maas
2026091236,rich_logistic,fixed_sequence,0.25,,False,0,0,,1082,0,0,0.0,,,,deepseekv32maas
2026091236,rich_logistic,bonferroni,0.25,,False,0,0,,1082,0,0,0.0,,,,deepseekv32maas
2026091236,rich_boost,fixed_sequence,0.1,,False,0,0,,1082,0,0,0.0,,,,deepseekv32maas
2026091236,rich_boost,bonferroni,0.1,,False,0,0,,1082,0,0,0.0,,,,deepseekv32maas
2026091236,rich_boost,fixed_sequence,0.14285714285714285,,False,0,0,,1082,0,0,0.0,,,,deepseekv32maas
2026091236,rich_boost,bonferroni,0.14285714285714285,,False,0,0,,1082,0,0,0.0,,,,deepseekv32maas
2026091236,rich_boost,fixed_sequence,0.2,,False,0,0,,1082,0,0,0.0,,,,deepseekv32maas
2026091236,rich_boost,bonferroni,0.2,,False,0,0,,1082,0,0,0.0,,,,deepseekv32maas
2026091236,rich_boost,fixed_sequence,0.25,,False,0,0,,1082,0,0,0.0,,,,deepseekv32maas
2026091236,rich_boost,bonferroni,0.25,,False,0,0,,1082,0,0,0.0,,,,deepseekv32maas
2026091237,raw_u,fixed_sequence,0.1,,False,0,0,,1082,0,0,0.0,,,,deepseekv32maas
2026091237,raw_u,bonferroni,0.1,,False,0,0,,1082,0,0,0.0,,,,deepseekv32maas
2026091237,raw_u,fixed_sequence,0.14285714285714285,,False,0,0,,1082,0,0,0.0,,,,deepseekv32maas
2026091237,raw_u,bonferroni,0.14285714285714285,,False,0,0,,1082,0,0,0.0,,,,deepseekv32maas
2026091237,raw_u,fixed_sequence,0.2,,False,0,0,,1082,0,0,0.0,,,,deepseekv32maas
2026091237,raw_u,bonferroni,0.2,,False,0,0,,1082,0,0,0.0,,,,deepseekv32maas
2026091237,raw_u,fixed_sequence,0.25,,False,0,0,,1082,0,0,0.0,,,,deepseekv32maas
2026091237,raw_u,bonferroni,0.25,,False,0,0,,1082,0,0,0.0,,,,deepseekv32maas
2026091237,u_boost,fixed_sequence,0.1,,False,0,0,,1082,0,0,0.0,,,,deepseekv32maas
2026091237,u_boost,bonferroni,0.1,,False,0,0,,1082,0,0,0.0,,,,deepseekv32maas
2026091237,u_boost,fixed_sequence,0.14285714285714285,,False,0,0,,1082,0,0,0.0,,,,deepseekv32maas
2026091237,u_boost,bonferroni,0.14285714285714285,,False,0,0,,1082,0,0,0.0,,,,deepseekv32maas
2026091237,u_boost,fixed_sequence,0.2,,False,0,0,,1082,0,0,0.0,,,,deepseekv32maas
2026091237,u_boost,bonferroni,0.2,,False,0,0,,1082,0,0,0.0,,,,deepseekv32maas
2026091237,u_boost,fixed_sequence,0.25,,False,0,0,,1082,0,0,0.0,,,,deepseekv32maas
2026091237,u_boost,bonferroni,0.25,,False,0,0,,1082,0,0,0.0,,,,deepseekv32maas
2026091237,rich_logistic,fixed_sequence,0.1,,False,0,0,,1082,0,0,0.0,,,,deepseekv32maas
2026091237,rich_logistic,bonferroni,0.1,,False,0,0,,1082,0,0,0.0,,,,deepseekv32maas
2026091237,rich_logistic,fixed_sequence,0.14285714285714285,,False,0,0,,1082,0,0,0.0,,,,deepseekv32maas
2026091237,rich_logistic,bonferroni,0.14285714285714285,,False,0,0,,1082,0,0,0.0,,,,deepseekv32maas
2026091237,rich_logistic,fixed_sequence,0.2,,False,0,0,,1082,0,0,0.0,,,,deepseekv32maas
2026091237,rich_logistic,bonferroni,0.2,,False,0,0,,1082,0,0,0.0,,,,deepseekv32maas
2026091237,rich_logistic,fixed_sequence,0.25,,False,0,0,,1082,0,0,0.0,,,,deepseekv32maas
2026091237,rich_logistic,bonferroni,0.25,,False,0,0,,1082,0,0,0.0,,,,deepseekv32maas
2026091237,rich_boost,fixed_sequence,0.1,,False,0,0,,1082,0,0,0.0,,,,deepseekv32maas
2026091237,rich_boost,bonferroni,0.1,,False,0,0,,1082,0,0,0.0,,,,deepseekv32maas
2026091237,rich_boost,fixed_sequence,0.14285714285714285,,False,0,0,,1082,0,0,0.0,,,,deepseekv32maas
2026091237,rich_boost,bonferroni,0.14285714285714285,,False,0,0,,1082,0,0,0.0,,,,deepseekv32maas
2026091237,rich_boost,fixed_sequence,0.2,,False,0,0,,1082,0,0,0.0,,,,deepseekv32maas
2026091237,rich_boost,bonferroni,0.2,,False,0,0,,1082,0,0,0.0,,,,deepseekv32maas
2026091237,rich_boost,fixed_sequence,0.25,,False,0,0,,1082,0,0,0.0,,,,deepseekv32maas
2026091237,rich_boost,bonferroni,0.25,,False,0,0,,1082,0,0,0.0,,,,deepseekv32maas
2026091238,raw_u,fixed_sequence,0.1,,False,0,0,,1082,0,0,0.0,,,,deepseekv32maas
2026091238,raw_u,bonferroni,0.1,,False,0,0,,1082,0,0,0.0,,,,deepseekv32maas
2026091238,raw_u,fixed_sequence,0.14285714285714285,,False,0,0,,1082,0,0,0.0,,,,deepseekv32maas
2026091238,raw_u,bonferroni,0.14285714285714285,,False,0,0,,1082,0,0,0.0,,,,deepseekv32maas
2026091238,raw_u,fixed_sequence,0.2,,False,0,0,,1082,0,0,0.0,,,,deepseekv32maas
2026091238,raw_u,bonferroni,0.2,,False,0,0,,1082,0,0,0.0,,,,deepseekv32maas
2026091238,raw_u,fixed_sequence,0.25,,False,0,0,,1082,0,0,0.0,,,,deepseekv32maas
2026091238,raw_u,bonferroni,0.25,,False,0,0,,1082,0,0,0.0,,,,deepseekv32maas
2026091238,u_boost,fixed_sequence,0.1,,False,0,0,,1082,0,0,0.0,,,,deepseekv32maas
2026091238,u_boost,bonferroni,0.1,,False,0,0,,1082,0,0,0.0,,,,deepseekv32maas
2026091238,u_boost,fixed_sequence,0.14285714285714285,,False,0,0,,1082,0,0,0.0,,,,deepseekv32maas
2026091238,u_boost,bonferroni,0.14285714285714285,,False,0,0,,1082,0,0,0.0,,,,deepseekv32maas
2026091238,u_boost,fixed_sequence,0.2,,False,0,0,,1082,0,0,0.0,,,,deepseekv32maas
2026091238,u_boost,bonferroni,0.2,,False,0,0,,1082,0,0,0.0,,,,deepseekv32maas
2026091238,u_boost,fixed_sequence,0.25,,False,0,0,,1082,0,0,0.0,,,,deepseekv32maas
2026091238,u_boost,bonferroni,0.25,,False,0,0,,1082,0,0,0.0,,,,deepseekv32maas
2026091238,rich_logistic,fixed_sequence,0.1,,False,0,0,,1082,0,0,0.0,,,,deepseekv32maas
2026091238,rich_logistic,bonferroni,0.1,,False,0,0,,1082,0,0,0.0,,,,deepseekv32maas
2026091238,rich_logistic,fixed_sequence,0.14285714285714285,,False,0,0,,1082,0,0,0.0,,,,deepseekv32maas
2026091238,rich_logistic,bonferroni,0.14285714285714285,,False,0,0,,1082,0,0,0.0,,,,deepseekv32maas
2026091238,rich_logistic,fixed_sequence,0.2,,False,0,0,,1082,0,0,0.0,,,,deepseekv32maas
2026091238,rich_logistic,bonferroni,0.2,,False,0,0,,1082,0,0,0.0,,,,deepseekv32maas
2026091238,rich_logistic,fixed_sequence,0.25,,False,0,0,,1082,0,0,0.0,,,,deepseekv32maas
2026091238,rich_logistic,bonferroni,0.25,,False,0,0,,1082,0,0,0.0,,,,deepseekv32maas
2026091238,rich_boost,fixed_sequence,0.1,,False,0,0,,1082,0,0,0.0,,,,deepseekv32maas
2026091238,rich_boost,bonferroni,0.1,,False,0,0,,1082,0,0,0.0,,,,deepseekv32maas
2026091238,rich_boost,fixed_sequence,0.14285714285714285,,False,0,0,,1082,0,0,0.0,,,,deepseekv32maas
2026091238,rich_boost,bonferroni,0.14285714285714285,,False,0,0,,1082,0,0,0.0,,,,deepseekv32maas
2026091238,rich_boost,fixed_sequence,0.2,,False,0,0,,1082,0,0,0.0,,,,deepseekv32maas
2026091238,rich_boost,bonferroni,0.2,,False,0,0,,1082,0,0,0.0,,,,deepseekv32maas
2026091238,rich_boost,fixed_sequence,0.25,,False,0,0,,1082,0,0,0.0,,,,deepseekv32maas
2026091238,rich_boost,bonferroni,0.25,,False,0,0,,1082,0,0,0.0,,,,deepseekv32maas
2026091239,raw_u,fixed_sequence,0.1,,False,0,0,,1082,0,0,0.0,,,,deepseekv32maas
2026091239,raw_u,bonferroni,0.1,,False,0,0,,1082,0,0,0.0,,,,deepseekv32maas
2026091239,raw_u,fixed_sequence,0.14285714285714285,,False,0,0,,1082,0,0,0.0,,,,deepseekv32maas
2026091239,raw_u,bonferroni,0.14285714285714285,,False,0,0,,1082,0,0,0.0,,,,deepseekv32maas
2026091239,raw_u,fixed_sequence,0.2,,False,0,0,,1082,0,0,0.0,,,,deepseekv32maas
2026091239,raw_u,bonferroni,0.2,,False,0,0,,1082,0,0,0.0,,,,deepseekv32maas
2026091239,raw_u,fixed_sequence,0.25,,False,0,0,,1082,0,0,0.0,,,,deepseekv32maas
2026091239,raw_u,bonferroni,0.25,,False,0,0,,1082,0,0,0.0,,,,deepseekv32maas
2026091239,u_boost,fixed_sequence,0.1,,False,0,0,,1082,0,0,0.0,,,,deepseekv32maas
2026091239,u_boost,bonferroni,0.1,,False,0,0,,1082,0,0,0.0,,,,deepseekv32maas
2026091239,u_boost,fixed_sequence,0.14285714285714285,,False,0,0,,1082,0,0,0.0,,,,deepseekv32maas
2026091239,u_boost,bonferroni,0.14285714285714285,,False,0,0,,1082,0,0,0.0,,,,deepseekv32maas
2026091239,u_boost,fixed_sequence,0.2,,False,0,0,,1082,0,0,0.0,,,,deepseekv32maas
2026091239,u_boost,bonferroni,0.2,,False,0,0,,1082,0,0,0.0,,,,deepseekv32maas
2026091239,u_boost,fixed_sequence,0.25,,False,0,0,,1082,0,0,0.0,,,,deepseekv32maas
2026091239,u_boost,bonferroni,0.25,,False,0,0,,1082,0,0,0.0,,,,deepseekv32maas
2026091239,rich_logistic,fixed_sequence,0.1,,False,0,0,,1082,0,0,0.0,,,,deepseekv32maas
2026091239,rich_logistic,bonferroni,0.1,,False,0,0,,1082,0,0,0.0,,,,deepseekv32maas
2026091239,rich_logistic,fixed_sequence,0.14285714285714285,,False,0,0,,1082,0,0,0.0,,,,deepseekv32maas
2026091239,rich_logistic,bonferroni,0.14285714285714285,,False,0,0,,1082,0,0,0.0,,,,deepseekv32maas
2026091239,rich_logistic,fixed_sequence,0.2,,False,0,0,,1082,0,0,0.0,,,,deepseekv32maas
2026091239,rich_logistic,bonferroni,0.2,,False,0,0,,1082,0,0,0.0,,,,deepseekv32maas
2026091239,rich_logistic,fixed_sequence,0.25,,False,0,0,,1082,0,0,0.0,,,,deepseekv32maas
2026091239,rich_logistic,bonferroni,0.25,,False,0,0,,1082,0,0,0.0,,,,deepseekv32maas
2026091239,rich_boost,fixed_sequence,0.1,,False,0,0,,1082,0,0,0.0,,,,deepseekv32maas
2026091239,rich_boost,bonferroni,0.1,,False,0,0,,1082,0,0,0.0,,,,deepseekv32maas
2026091239,rich_boost,fixed_sequence,0.14285714285714285,,False,0,0,,1082,0,0,0.0,,,,deepseekv32maas
2026091239,rich_boost,bonferroni,0.14285714285714285,,False,0,0,,1082,0,0,0.0,,,,deepseekv32maas
2026091239,rich_boost,fixed_sequence,0.2,,False,0,0,,1082,0,0,0.0,,,,deepseekv32maas
2026091239,rich_boost,bonferroni,0.2,,False,0,0,,1082,0,0,0.0,,,,deepseekv32maas
2026091239,rich_boost,fixed_sequence,0.25,,False,0,0,,1082,0,0,0.0,,,,deepseekv32maas
2026091239,rich_boost,bonferroni,0.25,,False,0,0,,1082,0,0,0.0,,,,deepseekv32maas
2026091240,raw_u,fixed_sequence,0.1,,False,0,0,,1082,0,0,0.0,,,,deepseekv32maas
2026091240,raw_u,bonferroni,0.1,,False,0,0,,1082,0,0,0.0,,,,deepseekv32maas
2026091240,raw_u,fixed_sequence,0.14285714285714285,,False,0,0,,1082,0,0,0.0,,,,deepseekv32maas
2026091240,raw_u,bonferroni,0.14285714285714285,,False,0,0,,1082,0,0,0.0,,,,deepseekv32maas
2026091240,raw_u,fixed_sequence,0.2,,False,0,0,,1082,0,0,0.0,,,,deepseekv32maas
2026091240,raw_u,bonferroni,0.2,,False,0,0,,1082,0,0,0.0,,,,deepseekv32maas
2026091240,raw_u,fixed_sequence,0.25,,False,0,0,,1082,0,0,0.0,,,,deepseekv32maas
2026091240,raw_u,bonferroni,0.25,,False,0,0,,1082,0,0,0.0,,,,deepseekv32maas
2026091240,u_boost,fixed_sequence,0.1,,False,0,0,,1082,0,0,0.0,,,,deepseekv32maas
2026091240,u_boost,bonferroni,0.1,,False,0,0,,1082,0,0,0.0,,,,deepseekv32maas
2026091240,u_boost,fixed_sequence,0.14285714285714285,,False,0,0,,1082,0,0,0.0,,,,deepseekv32maas
2026091240,u_boost,bonferroni,0.14285714285714285,,False,0,0,,1082,0,0,0.0,,,,deepseekv32maas
2026091240,u_boost,fixed_sequence,0.2,,False,0,0,,1082,0,0,0.0,,,,deepseekv32maas
2026091240,u_boost,bonferroni,0.2,,False,0,0,,1082,0,0,0.0,,,,deepseekv32maas
2026091240,u_boost,fixed_sequence,0.25,,False,0,0,,1082,0,0,0.0,,,,deepseekv32maas
2026091240,u_boost,bonferroni,0.25,,False,0,0,,1082,0,0,0.0,,,,deepseekv32maas
2026091240,rich_logistic,fixed_sequence,0.1,,False,0,0,,1082,0,0,0.0,,,,deepseekv32maas
2026091240,rich_logistic,bonferroni,0.1,,False,0,0,,1082,0,0,0.0,,,,deepseekv32maas
2026091240,rich_logistic,fixed_sequence,0.14285714285714285,,False,0,0,,1082,0,0,0.0,,,,deepseekv32maas
2026091240,rich_logistic,bonferroni,0.14285714285714285,,False,0,0,,1082,0,0,0.0,,,,deepseekv32maas
2026091240,rich_logistic,fixed_sequence,0.2,,False,0,0,,1082,0,0,0.0,,,,deepseekv32maas
2026091240,rich_logistic,bonferroni,0.2,,False,0,0,,1082,0,0,0.0,,,,deepseekv32maas
2026091240,rich_logistic,fixed_sequence,0.25,,False,0,0,,1082,0,0,0.0,,,,deepseekv32maas
2026091240,rich_logistic,bonferroni,0.25,,False,0,0,,1082,0,0,0.0,,,,deepseekv32maas
2026091240,rich_boost,fixed_sequence,0.1,,False,0,0,,1082,0,0,0.0,,,,deepseekv32maas
2026091240,rich_boost,bonferroni,0.1,,False,0,0,,1082,0,0,0.0,,,,deepseekv32maas
2026091240,rich_boost,fixed_sequence,0.14285714285714285,,False,0,0,,1082,0,0,0.0,,,,deepseekv32maas
2026091240,rich_boost,bonferroni,0.14285714285714285,,False,0,0,,1082,0,0,0.0,,,,deepseekv32maas
2026091240,rich_boost,fixed_sequence,0.2,,False,0,0,,1082,0,0,0.0,,,,deepseekv32maas
2026091240,rich_boost,bonferroni,0.2,,False,0,0,,1082,0,0,0.0,,,,deepseekv32maas
2026091240,rich_boost,fixed_sequence,0.25,,False,0,0,,1082,0,0,0.0,,,,deepseekv32maas
2026091240,rich_boost,bonferroni,0.25,,False,0,0,,1082,0,0,0.0,,,,deepseekv32maas
2026091241,raw_u,fixed_sequence,0.1,,False,0,0,,1082,0,0,0.0,,,,deepseekv32maas
2026091241,raw_u,bonferroni,0.1,,False,0,0,,1082,0,0,0.0,,,,deepseekv32maas
2026091241,raw_u,fixed_sequence,0.14285714285714285,,False,0,0,,1082,0,0,0.0,,,,deepseekv32maas
2026091241,raw_u,bonferroni,0.14285714285714285,,False,0,0,,1082,0,0,0.0,,,,deepseekv32maas
2026091241,raw_u,fixed_sequence,0.2,,False,0,0,,1082,0,0,0.0,,,,deepseekv32maas
2026091241,raw_u,bonferroni,0.2,,False,0,0,,1082,0,0,0.0,,,,deepseekv32maas
2026091241,raw_u,fixed_sequence,0.25,,False,0,0,,1082,0,0,0.0,,,,deepseekv32maas
2026091241,raw_u,bonferroni,0.25,,False,0,0,,1082,0,0,0.0,,,,deepseekv32maas
2026091241,u_boost,fixed_sequence,0.1,,False,0,0,,1082,0,0,0.0,,,,deepseekv32maas
2026091241,u_boost,bonferroni,0.1,,False,0,0,,1082,0,0,0.0,,,,deepseekv32maas
2026091241,u_boost,fixed_sequence,0.14285714285714285,,False,0,0,,1082,0,0,0.0,,,,deepseekv32maas
2026091241,u_boost,bonferroni,0.14285714285714285,,False,0,0,,1082,0,0,0.0,,,,deepseekv32maas
2026091241,u_boost,fixed_sequence,0.2,,False,0,0,,1082,0,0,0.0,,,,deepseekv32maas
2026091241,u_boost,bonferroni,0.2,,False,0,0,,1082,0,0,0.0,,,,deepseekv32maas
2026091241,u_boost,fixed_sequence,0.25,,False,0,0,,1082,0,0,0.0,,,,deepseekv32maas
2026091241,u_boost,bonferroni,0.25,,False,0,0,,1082,0,0,0.0,,,,deepseekv32maas
2026091241,rich_logistic,fixed_sequence,0.1,,False,0,0,,1082,0,0,0.0,,,,deepseekv32maas
2026091241,rich_logistic,bonferroni,0.1,,False,0,0,,1082,0,0,0.0,,,,deepseekv32maas
2026091241,rich_logistic,fixed_sequence,0.14285714285714285,,False,0,0,,1082,0,0,0.0,,,,deepseekv32maas
2026091241,rich_logistic,bonferroni,0.14285714285714285,,False,0,0,,1082,0,0,0.0,,,,deepseekv32maas
2026091241,rich_logistic,fixed_sequence,0.2,,False,0,0,,1082,0,0,0.0,,,,deepseekv32maas
2026091241,rich_logistic,bonferroni,0.2,,False,0,0,,1082,0,0,0.0,,,,deepseekv32maas
2026091241,rich_logistic,fixed_sequence,0.25,,False,0,0,,1082,0,0,0.0,,,,deepseekv32maas
2026091241,rich_logistic,bonferroni,0.25,,False,0,0,,1082,0,0,0.0,,,,deepseekv32maas
2026091241,rich_boost,fixed_sequence,0.1,,False,0,0,,1082,0,0,0.0,,,,deepseekv32maas
2026091241,rich_boost,bonferroni,0.1,,False,0,0,,1082,0,0,0.0,,,,deepseekv32maas
2026091241,rich_boost,fixed_sequence,0.14285714285714285,,False,0,0,,1082,0,0,0.0,,,,deepseekv32maas
2026091241,rich_boost,bonferroni,0.14285714285714285,,False,0,0,,1082,0,0,0.0,,,,deepseekv32maas
2026091241,rich_boost,fixed_sequence,0.2,,False,0,0,,1082,0,0,0.0,,,,deepseekv32maas
2026091241,rich_boost,bonferroni,0.2,,False,0,0,,1082,0,0,0.0,,,,deepseekv32maas
2026091241,rich_boost,fixed_sequence,0.25,,False,0,0,,1082,0,0,0.0,,,,deepseekv32maas
2026091241,rich_boost,bonferroni,0.25,,False,0,0,,1082,0,0,0.0,,,,deepseekv32maas
2026091242,raw_u,fixed_sequence,0.1,,False,0,0,,1082,0,0,0.0,,,,deepseekv32maas
2026091242,raw_u,bonferroni,0.1,,False,0,0,,1082,0,0,0.0,,,,deepseekv32maas
2026091242,raw_u,fixed_sequence,0.14285714285714285,,False,0,0,,1082,0,0,0.0,,,,deepseekv32maas
2026091242,raw_u,bonferroni,0.14285714285714285,,False,0,0,,1082,0,0,0.0,,,,deepseekv32maas
2026091242,raw_u,fixed_sequence,0.2,,False,0,0,,1082,0,0,0.0,,,,deepseekv32maas
2026091242,raw_u,bonferroni,0.2,,False,0,0,,1082,0,0,0.0,,,,deepseekv32maas
2026091242,raw_u,fixed_sequence,0.25,,False,0,0,,1082,0,0,0.0,,,,deepseekv32maas
2026091242,raw_u,bonferroni,0.25,,False,0,0,,1082,0,0,0.0,,,,deepseekv32maas
2026091242,u_boost,fixed_sequence,0.1,,False,0,0,,1082,0,0,0.0,,,,deepseekv32maas
2026091242,u_boost,bonferroni,0.1,,False,0,0,,1082,0,0,0.0,,,,deepseekv32maas
2026091242,u_boost,fixed_sequence,0.14285714285714285,,False,0,0,,1082,0,0,0.0,,,,deepseekv32maas
2026091242,u_boost,bonferroni,0.14285714285714285,,False,0,0,,1082,0,0,0.0,,,,deepseekv32maas
2026091242,u_boost,fixed_sequence,0.2,,False,0,0,,1082,0,0,0.0,,,,deepseekv32maas
2026091242,u_boost,bonferroni,0.2,,False,0,0,,1082,0,0,0.0,,,,deepseekv32maas
2026091242,u_boost,fixed_sequence,0.25,,False,0,0,,1082,0,0,0.0,,,,deepseekv32maas
2026091242,u_boost,bonferroni,0.25,,False,0,0,,1082,0,0,0.0,,,,deepseekv32maas
2026091242,rich_logistic,fixed_sequence,0.1,,False,0,0,,1082,0,0,0.0,,,,deepseekv32maas
2026091242,rich_logistic,bonferroni,0.1,,False,0,0,,1082,0,0,0.0,,,,deepseekv32maas
2026091242,rich_logistic,fixed_sequence,0.14285714285714285,,False,0,0,,1082,0,0,0.0,,,,deepseekv32maas
2026091242,rich_logistic,bonferroni,0.14285714285714285,,False,0,0,,1082,0,0,0.0,,,,deepseekv32maas
2026091242,rich_logistic,fixed_sequence,0.2,,False,0,0,,1082,0,0,0.0,,,,deepseekv32maas
2026091242,rich_logistic,bonferroni,0.2,,False,0,0,,1082,0,0,0.0,,,,deepseekv32maas
2026091242,rich_logistic,fixed_sequence,0.25,,False,0,0,,1082,0,0,0.0,,,,deepseekv32maas
2026091242,rich_logistic,bonferroni,0.25,,False,0,0,,1082,0,0,0.0,,,,deepseekv32maas
2026091242,rich_boost,fixed_sequence,0.1,,False,0,0,,1082,0,0,0.0,,,,deepseekv32maas
2026091242,rich_boost,bonferroni,0.1,,False,0,0,,1082,0,0,0.0,,,,deepseekv32maas
2026091242,rich_boost,fixed_sequence,0.14285714285714285,,False,0,0,,1082,0,0,0.0,,,,deepseekv32maas
2026091242,rich_boost,bonferroni,0.14285714285714285,,False,0,0,,1082,0,0,0.0,,,,deepseekv32maas
2026091242,rich_boost,fixed_sequence,0.2,,False,0,0,,1082,0,0,0.0,,,,deepseekv32maas
2026091242,rich_boost,bonferroni,0.2,,False,0,0,,1082,0,0,0.0,,,,deepseekv32maas
2026091242,rich_boost,fixed_sequence,0.25,,False,0,0,,1082,0,0,0.0,,,,deepseekv32maas
2026091242,rich_boost,bonferroni,0.25,,False,0,0,,1082,0,0,0.0,,,,deepseekv32maas
2026091243,raw_u,fixed_sequence,0.1,,False,0,0,,1082,0,0,0.0,,,,deepseekv32maas
2026091243,raw_u,bonferroni,0.1,,False,0,0,,1082,0,0,0.0,,,,deepseekv32maas
2026091243,raw_u,fixed_sequence,0.14285714285714285,,False,0,0,,1082,0,0,0.0,,,,deepseekv32maas
2026091243,raw_u,bonferroni,0.14285714285714285,,False,0,0,,1082,0,0,0.0,,,,deepseekv32maas
2026091243,raw_u,fixed_sequence,0.2,,False,0,0,,1082,0,0,0.0,,,,deepseekv32maas
2026091243,raw_u,bonferroni,0.2,,False,0,0,,1082,0,0,0.0,,,,deepseekv32maas
2026091243,raw_u,fixed_sequence,0.25,,False,0,0,,1082,0,0,0.0,,,,deepseekv32maas
2026091243,raw_u,bonferroni,0.25,,False,0,0,,1082,0,0,0.0,,,,deepseekv32maas
2026091243,u_boost,fixed_sequence,0.1,,False,0,0,,1082,0,0,0.0,,,,deepseekv32maas
2026091243,u_boost,bonferroni,0.1,,False,0,0,,1082,0,0,0.0,,,,deepseekv32maas
2026091243,u_boost,fixed_sequence,0.14285714285714285,,False,0,0,,1082,0,0,0.0,,,,deepseekv32maas
2026091243,u_boost,bonferroni,0.14285714285714285,,False,0,0,,1082,0,0,0.0,,,,deepseekv32maas
2026091243,u_boost,fixed_sequence,0.2,,False,0,0,,1082,0,0,0.0,,,,deepseekv32maas
2026091243,u_boost,bonferroni,0.2,,False,0,0,,1082,0,0,0.0,,,,deepseekv32maas
2026091243,u_boost,fixed_sequence,0.25,,False,0,0,,1082,0,0,0.0,,,,deepseekv32maas
2026091243,u_boost,bonferroni,0.25,,False,0,0,,1082,0,0,0.0,,,,deepseekv32maas
2026091243,rich_logistic,fixed_sequence,0.1,,False,0,0,,1082,0,0,0.0,,,,deepseekv32maas
2026091243,rich_logistic,bonferroni,0.1,,False,0,0,,1082,0,0,0.0,,,,deepseekv32maas
2026091243,rich_logistic,fixed_sequence,0.14285714285714285,,False,0,0,,1082,0,0,0.0,,,,deepseekv32maas
2026091243,rich_logistic,bonferroni,0.14285714285714285,,False,0,0,,1082,0,0,0.0,,,,deepseekv32maas
2026091243,rich_logistic,fixed_sequence,0.2,,False,0,0,,1082,0,0,0.0,,,,deepseekv32maas
2026091243,rich_logistic,bonferroni,0.2,,False,0,0,,1082,0,0,0.0,,,,deepseekv32maas
2026091243,rich_logistic,fixed_sequence,0.25,,False,0,0,,1082,0,0,0.0,,,,deepseekv32maas
2026091243,rich_logistic,bonferroni,0.25,,False,0,0,,1082,0,0,0.0,,,,deepseekv32maas
2026091243,rich_boost,fixed_sequence,0.1,,False,0,0,,1082,0,0,0.0,,,,deepseekv32maas
2026091243,rich_boost,bonferroni,0.1,,False,0,0,,1082,0,0,0.0,,,,deepseekv32maas
2026091243,rich_boost,fixed_sequence,0.14285714285714285,,False,0,0,,1082,0,0,0.0,,,,deepseekv32maas
2026091243,rich_boost,bonferroni,0.14285714285714285,,False,0,0,,1082,0,0,0.0,,,,deepseekv32maas
2026091243,rich_boost,fixed_sequence,0.2,,False,0,0,,1082,0,0,0.0,,,,deepseekv32maas
2026091243,rich_boost,bonferroni,0.2,,False,0,0,,1082,0,0,0.0,,,,deepseekv32maas
2026091243,rich_boost,fixed_sequence,0.25,,False,0,0,,1082,0,0,0.0,,,,deepseekv32maas
2026091243,rich_boost,bonferroni,0.25,,False,0,0,,1082,0,0,0.0,,,,deepseekv32maas
2026091244,raw_u,fixed_sequence,0.1,,False,0,0,,1082,0,0,0.0,,,,deepseekv32maas
2026091244,raw_u,bonferroni,0.1,,False,0,0,,1082,0,0,0.0,,,,deepseekv32maas
2026091244,raw_u,fixed_sequence,0.14285714285714285,,False,0,0,,1082,0,0,0.0,,,,deepseekv32maas
2026091244,raw_u,bonferroni,0.14285714285714285,,False,0,0,,1082,0,0,0.0,,,,deepseekv32maas
2026091244,raw_u,fixed_sequence,0.2,,False,0,0,,1082,0,0,0.0,,,,deepseekv32maas
2026091244,raw_u,bonferroni,0.2,,False,0,0,,1082,0,0,0.0,,,,deepseekv32maas
2026091244,raw_u,fixed_sequence,0.25,,False,0,0,,1082,0,0,0.0,,,,deepseekv32maas
2026091244,raw_u,bonferroni,0.25,,False,0,0,,1082,0,0,0.0,,,,deepseekv32maas
2026091244,u_boost,fixed_sequence,0.1,,False,0,0,,1082,0,0,0.0,,,,deepseekv32maas
2026091244,u_boost,bonferroni,0.1,,False,0,0,,1082,0,0,0.0,,,,deepseekv32maas
2026091244,u_boost,fixed_sequence,0.14285714285714285,,False,0,0,,1082,0,0,0.0,,,,deepseekv32maas
2026091244,u_boost,bonferroni,0.14285714285714285,,False,0,0,,1082,0,0,0.0,,,,deepseekv32maas
2026091244,u_boost,fixed_sequence,0.2,,False,0,0,,1082,0,0,0.0,,,,deepseekv32maas
2026091244,u_boost,bonferroni,0.2,,False,0,0,,1082,0,0,0.0,,,,deepseekv32maas
2026091244,u_boost,fixed_sequence,0.25,,False,0,0,,1082,0,0,0.0,,,,deepseekv32maas
2026091244,u_boost,bonferroni,0.25,,False,0,0,,1082,0,0,0.0,,,,deepseekv32maas
2026091244,rich_logistic,fixed_sequence,0.1,,False,0,0,,1082,0,0,0.0,,,,deepseekv32maas
2026091244,rich_logistic,bonferroni,0.1,,False,0,0,,1082,0,0,0.0,,,,deepseekv32maas
2026091244,rich_logistic,fixed_sequence,0.14285714285714285,,False,0,0,,1082,0,0,0.0,,,,deepseekv32maas
2026091244,rich_logistic,bonferroni,0.14285714285714285,,False,0,0,,1082,0,0,0.0,,,,deepseekv32maas
2026091244,rich_logistic,fixed_sequence,0.2,,False,0,0,,1082,0,0,0.0,,,,deepseekv32maas
2026091244,rich_logistic,bonferroni,0.2,,False,0,0,,1082,0,0,0.0,,,,deepseekv32maas
2026091244,rich_logistic,fixed_sequence,0.25,,False,0,0,,1082,0,0,0.0,,,,deepseekv32maas
2026091244,rich_logistic,bonferroni,0.25,,False,0,0,,1082,0,0,0.0,,,,deepseekv32maas
2026091244,rich_boost,fixed_sequence,0.1,,False,0,0,,1082,0,0,0.0,,,,deepseekv32maas
2026091244,rich_boost,bonferroni,0.1,,False,0,0,,1082,0,0,0.0,,,,deepseekv32maas
2026091244,rich_boost,fixed_sequence,0.14285714285714285,,False,0,0,,1082,0,0,0.0,,,,deepseekv32maas
2026091244,rich_boost,bonferroni,0.14285714285714285,,False,0,0,,1082,0,0,0.0,,,,deepseekv32maas
2026091244,rich_boost,fixed_sequence,0.2,,False,0,0,,1082,0,0,0.0,,,,deepseekv32maas
2026091244,rich_boost,bonferroni,0.2,,False,0,0,,1082,0,0,0.0,,,,deepseekv32maas
2026091244,rich_boost,fixed_sequence,0.25,,False,0,0,,1082,0,0,0.0,,,,deepseekv32maas
2026091244,rich_boost,bonferroni,0.25,,False,0,0,,1082,0,0,0.0,,,,deepseekv32maas
2026091245,raw_u,fixed_sequence,0.1,,False,0,0,,1082,0,0,0.0,,,,deepseekv32maas
2026091245,raw_u,bonferroni,0.1,,False,0,0,,1082,0,0,0.0,,,,deepseekv32maas
2026091245,raw_u,fixed_sequence,0.14285714285714285,,False,0,0,,1082,0,0,0.0,,,,deepseekv32maas
2026091245,raw_u,bonferroni,0.14285714285714285,,False,0,0,,1082,0,0,0.0,,,,deepseekv32maas
2026091245,raw_u,fixed_sequence,0.2,,False,0,0,,1082,0,0,0.0,,,,deepseekv32maas
2026091245,raw_u,bonferroni,0.2,,False,0,0,,1082,0,0,0.0,,,,deepseekv32maas
2026091245,raw_u,fixed_sequence,0.25,,False,0,0,,1082,0,0,0.0,,,,deepseekv32maas
2026091245,raw_u,bonferroni,0.25,,False,0,0,,1082,0,0,0.0,,,,deepseekv32maas
2026091245,u_boost,fixed_sequence,0.1,,False,0,0,,1082,0,0,0.0,,,,deepseekv32maas
2026091245,u_boost,bonferroni,0.1,,False,0,0,,1082,0,0,0.0,,,,deepseekv32maas
2026091245,u_boost,fixed_sequence,0.14285714285714285,,False,0,0,,1082,0,0,0.0,,,,deepseekv32maas
2026091245,u_boost,bonferroni,0.14285714285714285,,False,0,0,,1082,0,0,0.0,,,,deepseekv32maas
2026091245,u_boost,fixed_sequence,0.2,,False,0,0,,1082,0,0,0.0,,,,deepseekv32maas
2026091245,u_boost,bonferroni,0.2,,False,0,0,,1082,0,0,0.0,,,,deepseekv32maas
2026091245,u_boost,fixed_sequence,0.25,,False,0,0,,1082,0,0,0.0,,,,deepseekv32maas
2026091245,u_boost,bonferroni,0.25,,False,0,0,,1082,0,0,0.0,,,,deepseekv32maas
2026091245,rich_logistic,fixed_sequence,0.1,,False,0,0,,1082,0,0,0.0,,,,deepseekv32maas
2026091245,rich_logistic,bonferroni,0.1,,False,0,0,,1082,0,0,0.0,,,,deepseekv32maas
2026091245,rich_logistic,fixed_sequence,0.14285714285714285,,False,0,0,,1082,0,0,0.0,,,,deepseekv32maas
2026091245,rich_logistic,bonferroni,0.14285714285714285,,False,0,0,,1082,0,0,0.0,,,,deepseekv32maas
2026091245,rich_logistic,fixed_sequence,0.2,,False,0,0,,1082,0,0,0.0,,,,deepseekv32maas
2026091245,rich_logistic,bonferroni,0.2,,False,0,0,,1082,0,0,0.0,,,,deepseekv32maas
2026091245,rich_logistic,fixed_sequence,0.25,,False,0,0,,1082,0,0,0.0,,,,deepseekv32maas
2026091245,rich_logistic,bonferroni,0.25,,False,0,0,,1082,0,0,0.0,,,,deepseekv32maas
2026091245,rich_boost,fixed_sequence,0.1,,False,0,0,,1082,0,0,0.0,,,,deepseekv32maas
2026091245,rich_boost,bonferroni,0.1,,False,0,0,,1082,0,0,0.0,,,,deepseekv32maas
2026091245,rich_boost,fixed_sequence,0.14285714285714285,,False,0,0,,1082,0,0,0.0,,,,deepseekv32maas
2026091245,rich_boost,bonferroni,0.14285714285714285,,False,0,0,,1082,0,0,0.0,,,,deepseekv32maas
2026091245,rich_boost,fixed_sequence,0.2,,False,0,0,,1082,0,0,0.0,,,,deepseekv32maas
2026091245,rich_boost,bonferroni,0.2,,False,0,0,,1082,0,0,0.0,,,,deepseekv32maas
2026091245,rich_boost,fixed_sequence,0.25,,False,0,0,,1082,0,0,0.0,,,,deepseekv32maas
2026091245,rich_boost,bonferroni,0.25,,False,0,0,,1082,0,0,0.0,,,,deepseekv32maas
2026091246,raw_u,fixed_sequence,0.1,,False,0,0,,1082,0,0,0.0,,,,deepseekv32maas
2026091246,raw_u,bonferroni,0.1,,False,0,0,,1082,0,0,0.0,,,,deepseekv32maas
2026091246,raw_u,fixed_sequence,0.14285714285714285,,False,0,0,,1082,0,0,0.0,,,,deepseekv32maas
2026091246,raw_u,bonferroni,0.14285714285714285,,False,0,0,,1082,0,0,0.0,,,,deepseekv32maas
2026091246,raw_u,fixed_sequence,0.2,,False,0,0,,1082,0,0,0.0,,,,deepseekv32maas
2026091246,raw_u,bonferroni,0.2,,False,0,0,,1082,0,0,0.0,,,,deepseekv32maas
2026091246,raw_u,fixed_sequence,0.25,,False,0,0,,1082,0,0,0.0,,,,deepseekv32maas
2026091246,raw_u,bonferroni,0.25,,False,0,0,,1082,0,0,0.0,,,,deepseekv32maas
2026091246,u_boost,fixed_sequence,0.1,,False,0,0,,1082,0,0,0.0,,,,deepseekv32maas
2026091246,u_boost,bonferroni,0.1,,False,0,0,,1082,0,0,0.0,,,,deepseekv32maas
2026091246,u_boost,fixed_sequence,0.14285714285714285,,False,0,0,,1082,0,0,0.0,,,,deepseekv32maas
2026091246,u_boost,bonferroni,0.14285714285714285,,False,0,0,,1082,0,0,0.0,,,,deepseekv32maas
2026091246,u_boost,fixed_sequence,0.2,,False,0,0,,1082,0,0,0.0,,,,deepseekv32maas
2026091246,u_boost,bonferroni,0.2,,False,0,0,,1082,0,0,0.0,,,,deepseekv32maas
2026091246,u_boost,fixed_sequence,0.25,,False,0,0,,1082,0,0,0.0,,,,deepseekv32maas
2026091246,u_boost,bonferroni,0.25,,False,0,0,,1082,0,0,0.0,,,,deepseekv32maas
2026091246,rich_logistic,fixed_sequence,0.1,,False,0,0,,1082,0,0,0.0,,,,deepseekv32maas
2026091246,rich_logistic,bonferroni,0.1,,False,0,0,,1082,0,0,0.0,,,,deepseekv32maas
2026091246,rich_logistic,fixed_sequence,0.14285714285714285,,False,0,0,,1082,0,0,0.0,,,,deepseekv32maas
2026091246,rich_logistic,bonferroni,0.14285714285714285,,False,0,0,,1082,0,0,0.0,,,,deepseekv32maas
2026091246,rich_logistic,fixed_sequence,0.2,,False,0,0,,1082,0,0,0.0,,,,deepseekv32maas
2026091246,rich_logistic,bonferroni,0.2,,False,0,0,,1082,0,0,0.0,,,,deepseekv32maas
2026091246,rich_logistic,fixed_sequence,0.25,,False,0,0,,1082,0,0,0.0,,,,deepseekv32maas
2026091246,rich_logistic,bonferroni,0.25,,False,0,0,,1082,0,0,0.0,,,,deepseekv32maas
2026091246,rich_boost,fixed_sequence,0.1,,False,0,0,,1082,0,0,0.0,,,,deepseekv32maas
2026091246,rich_boost,bonferroni,0.1,,False,0,0,,1082,0,0,0.0,,,,deepseekv32maas
2026091246,rich_boost,fixed_sequence,0.14285714285714285,,False,0,0,,1082,0,0,0.0,,,,deepseekv32maas
2026091246,rich_boost,bonferroni,0.14285714285714285,,False,0,0,,1082,0,0,0.0,,,,deepseekv32maas
2026091246,rich_boost,fixed_sequence,0.2,,False,0,0,,1082,0,0,0.0,,,,deepseekv32maas
2026091246,rich_boost,bonferroni,0.2,,False,0,0,,1082,0,0,0.0,,,,deepseekv32maas
2026091246,rich_boost,fixed_sequence,0.25,,False,0,0,,1082,0,0,0.0,,,,deepseekv32maas
2026091246,rich_boost,bonferroni,0.25,,False,0,0,,1082,0,0,0.0,,,,deepseekv32maas
2026091247,raw_u,fixed_sequence,0.1,,False,0,0,,1082,0,0,0.0,,,,deepseekv32maas
2026091247,raw_u,bonferroni,0.1,,False,0,0,,1082,0,0,0.0,,,,deepseekv32maas
2026091247,raw_u,fixed_sequence,0.14285714285714285,,False,0,0,,1082,0,0,0.0,,,,deepseekv32maas
2026091247,raw_u,bonferroni,0.14285714285714285,,False,0,0,,1082,0,0,0.0,,,,deepseekv32maas
2026091247,raw_u,fixed_sequence,0.2,,False,0,0,,1082,0,0,0.0,,,,deepseekv32maas
2026091247,raw_u,bonferroni,0.2,,False,0,0,,1082,0,0,0.0,,,,deepseekv32maas
2026091247,raw_u,fixed_sequence,0.25,,False,0,0,,1082,0,0,0.0,,,,deepseekv32maas
2026091247,raw_u,bonferroni,0.25,,False,0,0,,1082,0,0,0.0,,,,deepseekv32maas
2026091247,u_boost,fixed_sequence,0.1,,False,0,0,,1082,0,0,0.0,,,,deepseekv32maas
2026091247,u_boost,bonferroni,0.1,,False,0,0,,1082,0,0,0.0,,,,deepseekv32maas
2026091247,u_boost,fixed_sequence,0.14285714285714285,,False,0,0,,1082,0,0,0.0,,,,deepseekv32maas
2026091247,u_boost,bonferroni,0.14285714285714285,,False,0,0,,1082,0,0,0.0,,,,deepseekv32maas
2026091247,u_boost,fixed_sequence,0.2,,False,0,0,,1082,0,0,0.0,,,,deepseekv32maas
2026091247,u_boost,bonferroni,0.2,,False,0,0,,1082,0,0,0.0,,,,deepseekv32maas
2026091247,u_boost,fixed_sequence,0.25,,False,0,0,,1082,0,0,0.0,,,,deepseekv32maas
2026091247,u_boost,bonferroni,0.25,,False,0,0,,1082,0,0,0.0,,,,deepseekv32maas
2026091247,rich_logistic,fixed_sequence,0.1,,False,0,0,,1082,0,0,0.0,,,,deepseekv32maas
2026091247,rich_logistic,bonferroni,0.1,,False,0,0,,1082,0,0,0.0,,,,deepseekv32maas
2026091247,rich_logistic,fixed_sequence,0.14285714285714285,,False,0,0,,1082,0,0,0.0,,,,deepseekv32maas
2026091247,rich_logistic,bonferroni,0.14285714285714285,,False,0,0,,1082,0,0,0.0,,,,deepseekv32maas
2026091247,rich_logistic,fixed_sequence,0.2,,False,0,0,,1082,0,0,0.0,,,,deepseekv32maas
2026091247,rich_logistic,bonferroni,0.2,,False,0,0,,1082,0,0,0.0,,,,deepseekv32maas
2026091247,rich_logistic,fixed_sequence,0.25,,False,0,0,,1082,0,0,0.0,,,,deepseekv32maas
2026091247,rich_logistic,bonferroni,0.25,,False,0,0,,1082,0,0,0.0,,,,deepseekv32maas
2026091247,rich_boost,fixed_sequence,0.1,,False,0,0,,1082,0,0,0.0,,,,deepseekv32maas
2026091247,rich_boost,bonferroni,0.1,,False,0,0,,1082,0,0,0.0,,,,deepseekv32maas
2026091247,rich_boost,fixed_sequence,0.14285714285714285,,False,0,0,,1082,0,0,0.0,,,,deepseekv32maas
2026091247,rich_boost,bonferroni,0.14285714285714285,,False,0,0,,1082,0,0,0.0,,,,deepseekv32maas
2026091247,rich_boost,fixed_sequence,0.2,,False,0,0,,1082,0,0,0.0,,,,deepseekv32maas
2026091247,rich_boost,bonferroni,0.2,,False,0,0,,1082,0,0,0.0,,,,deepseekv32maas
2026091247,rich_boost,fixed_sequence,0.25,,False,0,0,,1082,0,0,0.0,,,,deepseekv32maas
2026091247,rich_boost,bonferroni,0.25,,False,0,0,,1082,0,0,0.0,,,,deepseekv32maas
2026091248,raw_u,fixed_sequence,0.1,,False,0,0,,1082,0,0,0.0,,,,deepseekv32maas
2026091248,raw_u,bonferroni,0.1,,False,0,0,,1082,0,0,0.0,,,,deepseekv32maas
2026091248,raw_u,fixed_sequence,0.14285714285714285,,False,0,0,,1082,0,0,0.0,,,,deepseekv32maas
2026091248,raw_u,bonferroni,0.14285714285714285,,False,0,0,,1082,0,0,0.0,,,,deepseekv32maas
2026091248,raw_u,fixed_sequence,0.2,,False,0,0,,1082,0,0,0.0,,,,deepseekv32maas
2026091248,raw_u,bonferroni,0.2,,False,0,0,,1082,0,0,0.0,,,,deepseekv32maas
2026091248,raw_u,fixed_sequence,0.25,,False,0,0,,1082,0,0,0.0,,,,deepseekv32maas
2026091248,raw_u,bonferroni,0.25,,False,0,0,,1082,0,0,0.0,,,,deepseekv32maas
2026091248,u_boost,fixed_sequence,0.1,,False,0,0,,1082,0,0,0.0,,,,deepseekv32maas
2026091248,u_boost,bonferroni,0.1,,False,0,0,,1082,0,0,0.0,,,,deepseekv32maas
2026091248,u_boost,fixed_sequence,0.14285714285714285,,False,0,0,,1082,0,0,0.0,,,,deepseekv32maas
2026091248,u_boost,bonferroni,0.14285714285714285,,False,0,0,,1082,0,0,0.0,,,,deepseekv32maas
2026091248,u_boost,fixed_sequence,0.2,,False,0,0,,1082,0,0,0.0,,,,deepseekv32maas
2026091248,u_boost,bonferroni,0.2,,False,0,0,,1082,0,0,0.0,,,,deepseekv32maas
2026091248,u_boost,fixed_sequence,0.25,,False,0,0,,1082,0,0,0.0,,,,deepseekv32maas
2026091248,u_boost,bonferroni,0.25,,False,0,0,,1082,0,0,0.0,,,,deepseekv32maas
2026091248,rich_logistic,fixed_sequence,0.1,,False,0,0,,1082,0,0,0.0,,,,deepseekv32maas
2026091248,rich_logistic,bonferroni,0.1,,False,0,0,,1082,0,0,0.0,,,,deepseekv32maas
2026091248,rich_logistic,fixed_sequence,0.14285714285714285,,False,0,0,,1082,0,0,0.0,,,,deepseekv32maas
2026091248,rich_logistic,bonferroni,0.14285714285714285,,False,0,0,,1082,0,0,0.0,,,,deepseekv32maas
2026091248,rich_logistic,fixed_sequence,0.2,,False,0,0,,1082,0,0,0.0,,,,deepseekv32maas
2026091248,rich_logistic,bonferroni,0.2,,False,0,0,,1082,0,0,0.0,,,,deepseekv32maas
2026091248,rich_logistic,fixed_sequence,0.25,,False,0,0,,1082,0,0,0.0,,,,deepseekv32maas
2026091248,rich_logistic,bonferroni,0.25,,False,0,0,,1082,0,0,0.0,,,,deepseekv32maas
2026091248,rich_boost,fixed_sequence,0.1,,False,0,0,,1082,0,0,0.0,,,,deepseekv32maas
2026091248,rich_boost,bonferroni,0.1,,False,0,0,,1082,0,0,0.0,,,,deepseekv32maas
2026091248,rich_boost,fixed_sequence,0.14285714285714285,,False,0,0,,1082,0,0,0.0,,,,deepseekv32maas
2026091248,rich_boost,bonferroni,0.14285714285714285,,False,0,0,,1082,0,0,0.0,,,,deepseekv32maas
2026091248,rich_boost,fixed_sequence,0.2,,False,0,0,,1082,0,0,0.0,,,,deepseekv32maas
2026091248,rich_boost,bonferroni,0.2,,False,0,0,,1082,0,0,0.0,,,,deepseekv32maas
2026091248,rich_boost,fixed_sequence,0.25,,False,0,0,,1082,0,0,0.0,,,,deepseekv32maas
2026091248,rich_boost,bonferroni,0.25,,False,0,0,,1082,0,0,0.0,,,,deepseekv32maas
2026091249,raw_u,fixed_sequence,0.1,,False,0,0,,1082,0,0,0.0,,,,deepseekv32maas
2026091249,raw_u,bonferroni,0.1,,False,0,0,,1082,0,0,0.0,,,,deepseekv32maas
2026091249,raw_u,fixed_sequence,0.14285714285714285,,False,0,0,,1082,0,0,0.0,,,,deepseekv32maas
2026091249,raw_u,bonferroni,0.14285714285714285,,False,0,0,,1082,0,0,0.0,,,,deepseekv32maas
2026091249,raw_u,fixed_sequence,0.2,,False,0,0,,1082,0,0,0.0,,,,deepseekv32maas
2026091249,raw_u,bonferroni,0.2,,False,0,0,,1082,0,0,0.0,,,,deepseekv32maas
2026091249,raw_u,fixed_sequence,0.25,,False,0,0,,1082,0,0,0.0,,,,deepseekv32maas
2026091249,raw_u,bonferroni,0.25,,False,0,0,,1082,0,0,0.0,,,,deepseekv32maas
2026091249,u_boost,fixed_sequence,0.1,,False,0,0,,1082,0,0,0.0,,,,deepseekv32maas
2026091249,u_boost,bonferroni,0.1,,False,0,0,,1082,0,0,0.0,,,,deepseekv32maas
2026091249,u_boost,fixed_sequence,0.14285714285714285,,False,0,0,,1082,0,0,0.0,,,,deepseekv32maas
2026091249,u_boost,bonferroni,0.14285714285714285,,False,0,0,,1082,0,0,0.0,,,,deepseekv32maas
2026091249,u_boost,fixed_sequence,0.2,,False,0,0,,1082,0,0,0.0,,,,deepseekv32maas
2026091249,u_boost,bonferroni,0.2,,False,0,0,,1082,0,0,0.0,,,,deepseekv32maas
2026091249,u_boost,fixed_sequence,0.25,,False,0,0,,1082,0,0,0.0,,,,deepseekv32maas
2026091249,u_boost,bonferroni,0.25,,False,0,0,,1082,0,0,0.0,,,,deepseekv32maas
2026091249,rich_logistic,fixed_sequence,0.1,,False,0,0,,1082,0,0,0.0,,,,deepseekv32maas
2026091249,rich_logistic,bonferroni,0.1,,False,0,0,,1082,0,0,0.0,,,,deepseekv32maas
2026091249,rich_logistic,fixed_sequence,0.14285714285714285,,False,0,0,,1082,0,0,0.0,,,,deepseekv32maas
2026091249,rich_logistic,bonferroni,0.14285714285714285,,False,0,0,,1082,0,0,0.0,,,,deepseekv32maas
2026091249,rich_logistic,fixed_sequence,0.2,,False,0,0,,1082,0,0,0.0,,,,deepseekv32maas
2026091249,rich_logistic,bonferroni,0.2,,False,0,0,,1082,0,0,0.0,,,,deepseekv32maas
2026091249,rich_logistic,fixed_sequence,0.25,,False,0,0,,1082,0,0,0.0,,,,deepseekv32maas
2026091249,rich_logistic,bonferroni,0.25,,False,0,0,,1082,0,0,0.0,,,,deepseekv32maas
2026091249,rich_boost,fixed_sequence,0.1,,False,0,0,,1082,0,0,0.0,,,,deepseekv32maas
2026091249,rich_boost,bonferroni,0.1,,False,0,0,,1082,0,0,0.0,,,,deepseekv32maas
2026091249,rich_boost,fixed_sequence,0.14285714285714285,,False,0,0,,1082,0,0,0.0,,,,deepseekv32maas
2026091249,rich_boost,bonferroni,0.14285714285714285,,False,0,0,,1082,0,0,0.0,,,,deepseekv32maas
2026091249,rich_boost,fixed_sequence,0.2,,False,0,0,,1082,0,0,0.0,,,,deepseekv32maas
2026091249,rich_boost,bonferroni,0.2,,False,0,0,,1082,0,0,0.0,,,,deepseekv32maas
2026091249,rich_boost,fixed_sequence,0.25,,False,0,0,,1082,0,0,0.0,,,,deepseekv32maas
2026091249,rich_boost,bonferroni,0.25,,False,0,0,,1082,0,0,0.0,,,,deepseekv32maas
2026091250,raw_u,fixed_sequence,0.1,,False,0,0,,1082,0,0,0.0,,,,deepseekv32maas
2026091250,raw_u,bonferroni,0.1,,False,0,0,,1082,0,0,0.0,,,,deepseekv32maas
2026091250,raw_u,fixed_sequence,0.14285714285714285,,False,0,0,,1082,0,0,0.0,,,,deepseekv32maas
2026091250,raw_u,bonferroni,0.14285714285714285,,False,0,0,,1082,0,0,0.0,,,,deepseekv32maas
2026091250,raw_u,fixed_sequence,0.2,,False,0,0,,1082,0,0,0.0,,,,deepseekv32maas
2026091250,raw_u,bonferroni,0.2,,False,0,0,,1082,0,0,0.0,,,,deepseekv32maas
2026091250,raw_u,fixed_sequence,0.25,,False,0,0,,1082,0,0,0.0,,,,deepseekv32maas
2026091250,raw_u,bonferroni,0.25,,False,0,0,,1082,0,0,0.0,,,,deepseekv32maas
2026091250,u_boost,fixed_sequence,0.1,,False,0,0,,1082,0,0,0.0,,,,deepseekv32maas
2026091250,u_boost,bonferroni,0.1,,False,0,0,,1082,0,0,0.0,,,,deepseekv32maas
2026091250,u_boost,fixed_sequence,0.14285714285714285,,False,0,0,,1082,0,0,0.0,,,,deepseekv32maas
2026091250,u_boost,bonferroni,0.14285714285714285,,False,0,0,,1082,0,0,0.0,,,,deepseekv32maas
2026091250,u_boost,fixed_sequence,0.2,,False,0,0,,1082,0,0,0.0,,,,deepseekv32maas
2026091250,u_boost,bonferroni,0.2,,False,0,0,,1082,0,0,0.0,,,,deepseekv32maas
2026091250,u_boost,fixed_sequence,0.25,,False,0,0,,1082,0,0,0.0,,,,deepseekv32maas
2026091250,u_boost,bonferroni,0.25,,False,0,0,,1082,0,0,0.0,,,,deepseekv32maas
2026091250,rich_logistic,fixed_sequence,0.1,,False,0,0,,1082,0,0,0.0,,,,deepseekv32maas
2026091250,rich_logistic,bonferroni,0.1,,False,0,0,,1082,0,0,0.0,,,,deepseekv32maas
2026091250,rich_logistic,fixed_sequence,0.14285714285714285,,False,0,0,,1082,0,0,0.0,,,,deepseekv32maas
2026091250,rich_logistic,bonferroni,0.14285714285714285,,False,0,0,,1082,0,0,0.0,,,,deepseekv32maas
2026091250,rich_logistic,fixed_sequence,0.2,,False,0,0,,1082,0,0,0.0,,,,deepseekv32maas
2026091250,rich_logistic,bonferroni,0.2,,False,0,0,,1082,0,0,0.0,,,,deepseekv32maas
2026091250,rich_logistic,fixed_sequence,0.25,,False,0,0,,1082,0,0,0.0,,,,deepseekv32maas
2026091250,rich_logistic,bonferroni,0.25,,False,0,0,,1082,0,0,0.0,,,,deepseekv32maas
2026091250,rich_boost,fixed_sequence,0.1,,False,0,0,,1082,0,0,0.0,,,,deepseekv32maas
2026091250,rich_boost,bonferroni,0.1,,False,0,0,,1082,0,0,0.0,,,,deepseekv32maas
2026091250,rich_boost,fixed_sequence,0.14285714285714285,,False,0,0,,1082,0,0,0.0,,,,deepseekv32maas
2026091250,rich_boost,bonferroni,0.14285714285714285,,False,0,0,,1082,0,0,0.0,,,,deepseekv32maas
2026091250,rich_boost,fixed_sequence,0.2,,False,0,0,,1082,0,0,0.0,,,,deepseekv32maas
2026091250,rich_boost,bonferroni,0.2,,False,0,0,,1082,0,0,0.0,,,,deepseekv32maas
2026091250,rich_boost,fixed_sequence,0.25,,False,0,0,,1082,0,0,0.0,,,,deepseekv32maas
2026091250,rich_boost,bonferroni,0.25,,False,0,0,,1082,0,0,0.0,,,,deepseekv32maas
2026091251,raw_u,fixed_sequence,0.1,,False,0,0,,1082,0,0,0.0,,,,deepseekv32maas
2026091251,raw_u,bonferroni,0.1,,False,0,0,,1082,0,0,0.0,,,,deepseekv32maas
2026091251,raw_u,fixed_sequence,0.14285714285714285,,False,0,0,,1082,0,0,0.0,,,,deepseekv32maas
2026091251,raw_u,bonferroni,0.14285714285714285,,False,0,0,,1082,0,0,0.0,,,,deepseekv32maas
2026091251,raw_u,fixed_sequence,0.2,,False,0,0,,1082,0,0,0.0,,,,deepseekv32maas
2026091251,raw_u,bonferroni,0.2,,False,0,0,,1082,0,0,0.0,,,,deepseekv32maas
2026091251,raw_u,fixed_sequence,0.25,,False,0,0,,1082,0,0,0.0,,,,deepseekv32maas
2026091251,raw_u,bonferroni,0.25,,False,0,0,,1082,0,0,0.0,,,,deepseekv32maas
2026091251,u_boost,fixed_sequence,0.1,,False,0,0,,1082,0,0,0.0,,,,deepseekv32maas
2026091251,u_boost,bonferroni,0.1,,False,0,0,,1082,0,0,0.0,,,,deepseekv32maas
2026091251,u_boost,fixed_sequence,0.14285714285714285,,False,0,0,,1082,0,0,0.0,,,,deepseekv32maas
2026091251,u_boost,bonferroni,0.14285714285714285,,False,0,0,,1082,0,0,0.0,,,,deepseekv32maas
2026091251,u_boost,fixed_sequence,0.2,,False,0,0,,1082,0,0,0.0,,,,deepseekv32maas
2026091251,u_boost,bonferroni,0.2,,False,0,0,,1082,0,0,0.0,,,,deepseekv32maas
2026091251,u_boost,fixed_sequence,0.25,,False,0,0,,1082,0,0,0.0,,,,deepseekv32maas
2026091251,u_boost,bonferroni,0.25,,False,0,0,,1082,0,0,0.0,,,,deepseekv32maas
2026091251,rich_logistic,fixed_sequence,0.1,,False,0,0,,1082,0,0,0.0,,,,deepseekv32maas
2026091251,rich_logistic,bonferroni,0.1,,False,0,0,,1082,0,0,0.0,,,,deepseekv32maas
2026091251,rich_logistic,fixed_sequence,0.14285714285714285,,False,0,0,,1082,0,0,0.0,,,,deepseekv32maas
2026091251,rich_logistic,bonferroni,0.14285714285714285,,False,0,0,,1082,0,0,0.0,,,,deepseekv32maas
2026091251,rich_logistic,fixed_sequence,0.2,,False,0,0,,1082,0,0,0.0,,,,deepseekv32maas
2026091251,rich_logistic,bonferroni,0.2,,False,0,0,,1082,0,0,0.0,,,,deepseekv32maas
2026091251,rich_logistic,fixed_sequence,0.25,,False,0,0,,1082,0,0,0.0,,,,deepseekv32maas
2026091251,rich_logistic,bonferroni,0.25,,False,0,0,,1082,0,0,0.0,,,,deepseekv32maas
2026091251,rich_boost,fixed_sequence,0.1,,False,0,0,,1082,0,0,0.0,,,,deepseekv32maas
2026091251,rich_boost,bonferroni,0.1,,False,0,0,,1082,0,0,0.0,,,,deepseekv32maas
2026091251,rich_boost,fixed_sequence,0.14285714285714285,,False,0,0,,1082,0,0,0.0,,,,deepseekv32maas
2026091251,rich_boost,bonferroni,0.14285714285714285,,False,0,0,,1082,0,0,0.0,,,,deepseekv32maas
2026091251,rich_boost,fixed_sequence,0.2,,False,0,0,,1082,0,0,0.0,,,,deepseekv32maas
2026091251,rich_boost,bonferroni,0.2,,False,0,0,,1082,0,0,0.0,,,,deepseekv32maas
2026091251,rich_boost,fixed_sequence,0.25,,False,0,0,,1082,0,0,0.0,,,,deepseekv32maas
2026091251,rich_boost,bonferroni,0.25,,False,0,0,,1082,0,0,0.0,,,,deepseekv32maas
2026091252,raw_u,fixed_sequence,0.1,,False,0,0,,1082,0,0,0.0,,,,deepseekv32maas
2026091252,raw_u,bonferroni,0.1,,False,0,0,,1082,0,0,0.0,,,,deepseekv32maas
2026091252,raw_u,fixed_sequence,0.14285714285714285,,False,0,0,,1082,0,0,0.0,,,,deepseekv32maas
2026091252,raw_u,bonferroni,0.14285714285714285,,False,0,0,,1082,0,0,0.0,,,,deepseekv32maas
2026091252,raw_u,fixed_sequence,0.2,,False,0,0,,1082,0,0,0.0,,,,deepseekv32maas
2026091252,raw_u,bonferroni,0.2,,False,0,0,,1082,0,0,0.0,,,,deepseekv32maas
2026091252,raw_u,fixed_sequence,0.25,,False,0,0,,1082,0,0,0.0,,,,deepseekv32maas
2026091252,raw_u,bonferroni,0.25,,False,0,0,,1082,0,0,0.0,,,,deepseekv32maas
2026091252,u_boost,fixed_sequence,0.1,,False,0,0,,1082,0,0,0.0,,,,deepseekv32maas
2026091252,u_boost,bonferroni,0.1,,False,0,0,,1082,0,0,0.0,,,,deepseekv32maas
2026091252,u_boost,fixed_sequence,0.14285714285714285,,False,0,0,,1082,0,0,0.0,,,,deepseekv32maas
2026091252,u_boost,bonferroni,0.14285714285714285,,False,0,0,,1082,0,0,0.0,,,,deepseekv32maas
2026091252,u_boost,fixed_sequence,0.2,,False,0,0,,1082,0,0,0.0,,,,deepseekv32maas
2026091252,u_boost,bonferroni,0.2,,False,0,0,,1082,0,0,0.0,,,,deepseekv32maas
2026091252,u_boost,fixed_sequence,0.25,,False,0,0,,1082,0,0,0.0,,,,deepseekv32maas
2026091252,u_boost,bonferroni,0.25,,False,0,0,,1082,0,0,0.0,,,,deepseekv32maas
2026091252,rich_logistic,fixed_sequence,0.1,,False,0,0,,1082,0,0,0.0,,,,deepseekv32maas
2026091252,rich_logistic,bonferroni,0.1,,False,0,0,,1082,0,0,0.0,,,,deepseekv32maas
2026091252,rich_logistic,fixed_sequence,0.14285714285714285,,False,0,0,,1082,0,0,0.0,,,,deepseekv32maas
2026091252,rich_logistic,bonferroni,0.14285714285714285,,False,0,0,,1082,0,0,0.0,,,,deepseekv32maas
2026091252,rich_logistic,fixed_sequence,0.2,,False,0,0,,1082,0,0,0.0,,,,deepseekv32maas
2026091252,rich_logistic,bonferroni,0.2,,False,0,0,,1082,0,0,0.0,,,,deepseekv32maas
2026091252,rich_logistic,fixed_sequence,0.25,,False,0,0,,1082,0,0,0.0,,,,deepseekv32maas
2026091252,rich_logistic,bonferroni,0.25,,False,0,0,,1082,0,0,0.0,,,,deepseekv32maas
2026091252,rich_boost,fixed_sequence,0.1,,False,0,0,,1082,0,0,0.0,,,,deepseekv32maas
2026091252,rich_boost,bonferroni,0.1,,False,0,0,,1082,0,0,0.0,,,,deepseekv32maas
2026091252,rich_boost,fixed_sequence,0.14285714285714285,,False,0,0,,1082,0,0,0.0,,,,deepseekv32maas
2026091252,rich_boost,bonferroni,0.14285714285714285,,False,0,0,,1082,0,0,0.0,,,,deepseekv32maas
2026091252,rich_boost,fixed_sequence,0.2,,False,0,0,,1082,0,0,0.0,,,,deepseekv32maas
2026091252,rich_boost,bonferroni,0.2,,False,0,0,,1082,0,0,0.0,,,,deepseekv32maas
2026091252,rich_boost,fixed_sequence,0.25,,False,0,0,,1082,0,0,0.0,,,,deepseekv32maas
2026091252,rich_boost,bonferroni,0.25,,False,0,0,,1082,0,0,0.0,,,,deepseekv32maas
2026091253,raw_u,fixed_sequence,0.1,,False,0,0,,1082,0,0,0.0,,,,deepseekv32maas
2026091253,raw_u,bonferroni,0.1,,False,0,0,,1082,0,0,0.0,,,,deepseekv32maas
2026091253,raw_u,fixed_sequence,0.14285714285714285,,False,0,0,,1082,0,0,0.0,,,,deepseekv32maas
2026091253,raw_u,bonferroni,0.14285714285714285,,False,0,0,,1082,0,0,0.0,,,,deepseekv32maas
2026091253,raw_u,fixed_sequence,0.2,,False,0,0,,1082,0,0,0.0,,,,deepseekv32maas
2026091253,raw_u,bonferroni,0.2,,False,0,0,,1082,0,0,0.0,,,,deepseekv32maas
2026091253,raw_u,fixed_sequence,0.25,,False,0,0,,1082,0,0,0.0,,,,deepseekv32maas
2026091253,raw_u,bonferroni,0.25,,False,0,0,,1082,0,0,0.0,,,,deepseekv32maas
2026091253,u_boost,fixed_sequence,0.1,,False,0,0,,1082,0,0,0.0,,,,deepseekv32maas
2026091253,u_boost,bonferroni,0.1,,False,0,0,,1082,0,0,0.0,,,,deepseekv32maas
2026091253,u_boost,fixed_sequence,0.14285714285714285,,False,0,0,,1082,0,0,0.0,,,,deepseekv32maas
2026091253,u_boost,bonferroni,0.14285714285714285,,False,0,0,,1082,0,0,0.0,,,,deepseekv32maas
2026091253,u_boost,fixed_sequence,0.2,,False,0,0,,1082,0,0,0.0,,,,deepseekv32maas
2026091253,u_boost,bonferroni,0.2,,False,0,0,,1082,0,0,0.0,,,,deepseekv32maas
2026091253,u_boost,fixed_sequence,0.25,,False,0,0,,1082,0,0,0.0,,,,deepseekv32maas
2026091253,u_boost,bonferroni,0.25,,False,0,0,,1082,0,0,0.0,,,,deepseekv32maas
2026091253,rich_logistic,fixed_sequence,0.1,,False,0,0,,1082,0,0,0.0,,,,deepseekv32maas
2026091253,rich_logistic,bonferroni,0.1,,False,0,0,,1082,0,0,0.0,,,,deepseekv32maas
2026091253,rich_logistic,fixed_sequence,0.14285714285714285,,False,0,0,,1082,0,0,0.0,,,,deepseekv32maas
2026091253,rich_logistic,bonferroni,0.14285714285714285,,False,0,0,,1082,0,0,0.0,,,,deepseekv32maas
2026091253,rich_logistic,fixed_sequence,0.2,,False,0,0,,1082,0,0,0.0,,,,deepseekv32maas
2026091253,rich_logistic,bonferroni,0.2,,False,0,0,,1082,0,0,0.0,,,,deepseekv32maas
2026091253,rich_logistic,fixed_sequence,0.25,,False,0,0,,1082,0,0,0.0,,,,deepseekv32maas
2026091253,rich_logistic,bonferroni,0.25,,False,0,0,,1082,0,0,0.0,,,,deepseekv32maas
2026091253,rich_boost,fixed_sequence,0.1,,False,0,0,,1082,0,0,0.0,,,,deepseekv32maas
2026091253,rich_boost,bonferroni,0.1,,False,0,0,,1082,0,0,0.0,,,,deepseekv32maas
2026091253,rich_boost,fixed_sequence,0.14285714285714285,,False,0,0,,1082,0,0,0.0,,,,deepseekv32maas
2026091253,rich_boost,bonferroni,0.14285714285714285,,False,0,0,,1082,0,0,0.0,,,,deepseekv32maas
2026091253,rich_boost,fixed_sequence,0.2,,False,0,0,,1082,0,0,0.0,,,,deepseekv32maas
2026091253,rich_boost,bonferroni,0.2,,False,0,0,,1082,0,0,0.0,,,,deepseekv32maas
2026091253,rich_boost,fixed_sequence,0.25,,False,0,0,,1082,0,0,0.0,,,,deepseekv32maas
2026091253,rich_boost,bonferroni,0.25,,False,0,0,,1082,0,0,0.0,,,,deepseekv32maas
2026091254,raw_u,fixed_sequence,0.1,,False,0,0,,1082,0,0,0.0,,,,deepseekv32maas
2026091254,raw_u,bonferroni,0.1,,False,0,0,,1082,0,0,0.0,,,,deepseekv32maas
2026091254,raw_u,fixed_sequence,0.14285714285714285,,False,0,0,,1082,0,0,0.0,,,,deepseekv32maas
2026091254,raw_u,bonferroni,0.14285714285714285,,False,0,0,,1082,0,0,0.0,,,,deepseekv32maas
2026091254,raw_u,fixed_sequence,0.2,,False,0,0,,1082,0,0,0.0,,,,deepseekv32maas
2026091254,raw_u,bonferroni,0.2,,False,0,0,,1082,0,0,0.0,,,,deepseekv32maas
2026091254,raw_u,fixed_sequence,0.25,,False,0,0,,1082,0,0,0.0,,,,deepseekv32maas
2026091254,raw_u,bonferroni,0.25,,False,0,0,,1082,0,0,0.0,,,,deepseekv32maas
2026091254,u_boost,fixed_sequence,0.1,,False,0,0,,1082,0,0,0.0,,,,deepseekv32maas
2026091254,u_boost,bonferroni,0.1,,False,0,0,,1082,0,0,0.0,,,,deepseekv32maas
2026091254,u_boost,fixed_sequence,0.14285714285714285,,False,0,0,,1082,0,0,0.0,,,,deepseekv32maas
2026091254,u_boost,bonferroni,0.14285714285714285,,False,0,0,,1082,0,0,0.0,,,,deepseekv32maas
2026091254,u_boost,fixed_sequence,0.2,,False,0,0,,1082,0,0,0.0,,,,deepseekv32maas
2026091254,u_boost,bonferroni,0.2,,False,0,0,,1082,0,0,0.0,,,,deepseekv32maas
2026091254,u_boost,fixed_sequence,0.25,,False,0,0,,1082,0,0,0.0,,,,deepseekv32maas
2026091254,u_boost,bonferroni,0.25,,False,0,0,,1082,0,0,0.0,,,,deepseekv32maas
2026091254,rich_logistic,fixed_sequence,0.1,,False,0,0,,1082,0,0,0.0,,,,deepseekv32maas
2026091254,rich_logistic,bonferroni,0.1,,False,0,0,,1082,0,0,0.0,,,,deepseekv32maas
2026091254,rich_logistic,fixed_sequence,0.14285714285714285,,False,0,0,,1082,0,0,0.0,,,,deepseekv32maas
2026091254,rich_logistic,bonferroni,0.14285714285714285,,False,0,0,,1082,0,0,0.0,,,,deepseekv32maas
2026091254,rich_logistic,fixed_sequence,0.2,,False,0,0,,1082,0,0,0.0,,,,deepseekv32maas
2026091254,rich_logistic,bonferroni,0.2,,False,0,0,,1082,0,0,0.0,,,,deepseekv32maas
2026091254,rich_logistic,fixed_sequence,0.25,,False,0,0,,1082,0,0,0.0,,,,deepseekv32maas
2026091254,rich_logistic,bonferroni,0.25,,False,0,0,,1082,0,0,0.0,,,,deepseekv32maas
2026091254,rich_boost,fixed_sequence,0.1,,False,0,0,,1082,0,0,0.0,,,,deepseekv32maas
2026091254,rich_boost,bonferroni,0.1,,False,0,0,,1082,0,0,0.0,,,,deepseekv32maas
2026091254,rich_boost,fixed_sequence,0.14285714285714285,,False,0,0,,1082,0,0,0.0,,,,deepseekv32maas
2026091254,rich_boost,bonferroni,0.14285714285714285,,False,0,0,,1082,0,0,0.0,,,,deepseekv32maas
2026091254,rich_boost,fixed_sequence,0.2,,False,0,0,,1082,0,0,0.0,,,,deepseekv32maas
2026091254,rich_boost,bonferroni,0.2,,False,0,0,,1082,0,0,0.0,,,,deepseekv32maas
2026091254,rich_boost,fixed_sequence,0.25,,False,0,0,,1082,0,0,0.0,,,,deepseekv32maas
2026091254,rich_boost,bonferroni,0.25,,False,0,0,,1082,0,0,0.0,,,,deepseekv32maas
2026091255,raw_u,fixed_sequence,0.1,,False,0,0,,1082,0,0,0.0,,,,deepseekv32maas
2026091255,raw_u,bonferroni,0.1,,False,0,0,,1082,0,0,0.0,,,,deepseekv32maas
2026091255,raw_u,fixed_sequence,0.14285714285714285,,False,0,0,,1082,0,0,0.0,,,,deepseekv32maas
2026091255,raw_u,bonferroni,0.14285714285714285,,False,0,0,,1082,0,0,0.0,,,,deepseekv32maas
2026091255,raw_u,fixed_sequence,0.2,,False,0,0,,1082,0,0,0.0,,,,deepseekv32maas
2026091255,raw_u,bonferroni,0.2,,False,0,0,,1082,0,0,0.0,,,,deepseekv32maas
2026091255,raw_u,fixed_sequence,0.25,,False,0,0,,1082,0,0,0.0,,,,deepseekv32maas
2026091255,raw_u,bonferroni,0.25,,False,0,0,,1082,0,0,0.0,,,,deepseekv32maas
2026091255,u_boost,fixed_sequence,0.1,,False,0,0,,1082,0,0,0.0,,,,deepseekv32maas
2026091255,u_boost,bonferroni,0.1,,False,0,0,,1082,0,0,0.0,,,,deepseekv32maas
2026091255,u_boost,fixed_sequence,0.14285714285714285,,False,0,0,,1082,0,0,0.0,,,,deepseekv32maas
2026091255,u_boost,bonferroni,0.14285714285714285,,False,0,0,,1082,0,0,0.0,,,,deepseekv32maas
2026091255,u_boost,fixed_sequence,0.2,,False,0,0,,1082,0,0,0.0,,,,deepseekv32maas
2026091255,u_boost,bonferroni,0.2,,False,0,0,,1082,0,0,0.0,,,,deepseekv32maas
2026091255,u_boost,fixed_sequence,0.25,,False,0,0,,1082,0,0,0.0,,,,deepseekv32maas
2026091255,u_boost,bonferroni,0.25,,False,0,0,,1082,0,0,0.0,,,,deepseekv32maas
2026091255,rich_logistic,fixed_sequence,0.1,,False,0,0,,1082,0,0,0.0,,,,deepseekv32maas
2026091255,rich_logistic,bonferroni,0.1,,False,0,0,,1082,0,0,0.0,,,,deepseekv32maas
2026091255,rich_logistic,fixed_sequence,0.14285714285714285,,False,0,0,,1082,0,0,0.0,,,,deepseekv32maas
2026091255,rich_logistic,bonferroni,0.14285714285714285,,False,0,0,,1082,0,0,0.0,,,,deepseekv32maas
2026091255,rich_logistic,fixed_sequence,0.2,,False,0,0,,1082,0,0,0.0,,,,deepseekv32maas
2026091255,rich_logistic,bonferroni,0.2,,False,0,0,,1082,0,0,0.0,,,,deepseekv32maas
2026091255,rich_logistic,fixed_sequence,0.25,,False,0,0,,1082,0,0,0.0,,,,deepseekv32maas
2026091255,rich_logistic,bonferroni,0.25,,False,0,0,,1082,0,0,0.0,,,,deepseekv32maas
2026091255,rich_boost,fixed_sequence,0.1,,False,0,0,,1082,0,0,0.0,,,,deepseekv32maas
2026091255,rich_boost,bonferroni,0.1,,False,0,0,,1082,0,0,0.0,,,,deepseekv32maas
2026091255,rich_boost,fixed_sequence,0.14285714285714285,,False,0,0,,1082,0,0,0.0,,,,deepseekv32maas
2026091255,rich_boost,bonferroni,0.14285714285714285,,False,0,0,,1082,0,0,0.0,,,,deepseekv32maas
2026091255,rich_boost,fixed_sequence,0.2,,False,0,0,,1082,0,0,0.0,,,,deepseekv32maas
2026091255,rich_boost,bonferroni,0.2,,False,0,0,,1082,0,0,0.0,,,,deepseekv32maas
2026091255,rich_boost,fixed_sequence,0.25,,False,0,0,,1082,0,0,0.0,,,,deepseekv32maas
2026091255,rich_boost,bonferroni,0.25,,False,0,0,,1082,0,0,0.0,,,,deepseekv32maas
2026091256,raw_u,fixed_sequence,0.1,,False,0,0,,1082,0,0,0.0,,,,deepseekv32maas
2026091256,raw_u,bonferroni,0.1,,False,0,0,,1082,0,0,0.0,,,,deepseekv32maas
2026091256,raw_u,fixed_sequence,0.14285714285714285,,False,0,0,,1082,0,0,0.0,,,,deepseekv32maas
2026091256,raw_u,bonferroni,0.14285714285714285,,False,0,0,,1082,0,0,0.0,,,,deepseekv32maas
2026091256,raw_u,fixed_sequence,0.2,,False,0,0,,1082,0,0,0.0,,,,deepseekv32maas
2026091256,raw_u,bonferroni,0.2,,False,0,0,,1082,0,0,0.0,,,,deepseekv32maas
2026091256,raw_u,fixed_sequence,0.25,,False,0,0,,1082,0,0,0.0,,,,deepseekv32maas
2026091256,raw_u,bonferroni,0.25,,False,0,0,,1082,0,0,0.0,,,,deepseekv32maas
2026091256,u_boost,fixed_sequence,0.1,,False,0,0,,1082,0,0,0.0,,,,deepseekv32maas
2026091256,u_boost,bonferroni,0.1,,False,0,0,,1082,0,0,0.0,,,,deepseekv32maas
2026091256,u_boost,fixed_sequence,0.14285714285714285,,False,0,0,,1082,0,0,0.0,,,,deepseekv32maas
2026091256,u_boost,bonferroni,0.14285714285714285,,False,0,0,,1082,0,0,0.0,,,,deepseekv32maas
2026091256,u_boost,fixed_sequence,0.2,,False,0,0,,1082,0,0,0.0,,,,deepseekv32maas
2026091256,u_boost,bonferroni,0.2,,False,0,0,,1082,0,0,0.0,,,,deepseekv32maas
2026091256,u_boost,fixed_sequence,0.25,,False,0,0,,1082,0,0,0.0,,,,deepseekv32maas
2026091256,u_boost,bonferroni,0.25,,False,0,0,,1082,0,0,0.0,,,,deepseekv32maas
2026091256,rich_logistic,fixed_sequence,0.1,,False,0,0,,1082,0,0,0.0,,,,deepseekv32maas
2026091256,rich_logistic,bonferroni,0.1,,False,0,0,,1082,0,0,0.0,,,,deepseekv32maas
2026091256,rich_logistic,fixed_sequence,0.14285714285714285,,False,0,0,,1082,0,0,0.0,,,,deepseekv32maas
2026091256,rich_logistic,bonferroni,0.14285714285714285,,False,0,0,,1082,0,0,0.0,,,,deepseekv32maas
2026091256,rich_logistic,fixed_sequence,0.2,,False,0,0,,1082,0,0,0.0,,,,deepseekv32maas
2026091256,rich_logistic,bonferroni,0.2,,False,0,0,,1082,0,0,0.0,,,,deepseekv32maas
2026091256,rich_logistic,fixed_sequence,0.25,,False,0,0,,1082,0,0,0.0,,,,deepseekv32maas
2026091256,rich_logistic,bonferroni,0.25,,False,0,0,,1082,0,0,0.0,,,,deepseekv32maas
2026091256,rich_boost,fixed_sequence,0.1,,False,0,0,,1082,0,0,0.0,,,,deepseekv32maas
2026091256,rich_boost,bonferroni,0.1,,False,0,0,,1082,0,0,0.0,,,,deepseekv32maas
2026091256,rich_boost,fixed_sequence,0.14285714285714285,,False,0,0,,1082,0,0,0.0,,,,deepseekv32maas
2026091256,rich_boost,bonferroni,0.14285714285714285,,False,0,0,,1082,0,0,0.0,,,,deepseekv32maas
2026091256,rich_boost,fixed_sequence,0.2,,False,0,0,,1082,0,0,0.0,,,,deepseekv32maas
2026091256,rich_boost,bonferroni,0.2,,False,0,0,,1082,0,0,0.0,,,,deepseekv32maas
2026091256,rich_boost,fixed_sequence,0.25,,False,0,0,,1082,0,0,0.0,,,,deepseekv32maas
2026091256,rich_boost,bonferroni,0.25,,False,0,0,,1082,0,0,0.0,,,,deepseekv32maas
2026091257,raw_u,fixed_sequence,0.1,,False,0,0,,1082,0,0,0.0,,,,deepseekv32maas
2026091257,raw_u,bonferroni,0.1,,False,0,0,,1082,0,0,0.0,,,,deepseekv32maas
2026091257,raw_u,fixed_sequence,0.14285714285714285,,False,0,0,,1082,0,0,0.0,,,,deepseekv32maas
2026091257,raw_u,bonferroni,0.14285714285714285,,False,0,0,,1082,0,0,0.0,,,,deepseekv32maas
2026091257,raw_u,fixed_sequence,0.2,,False,0,0,,1082,0,0,0.0,,,,deepseekv32maas
2026091257,raw_u,bonferroni,0.2,,False,0,0,,1082,0,0,0.0,,,,deepseekv32maas
2026091257,raw_u,fixed_sequence,0.25,,False,0,0,,1082,0,0,0.0,,,,deepseekv32maas
2026091257,raw_u,bonferroni,0.25,,False,0,0,,1082,0,0,0.0,,,,deepseekv32maas
2026091257,u_boost,fixed_sequence,0.1,,False,0,0,,1082,0,0,0.0,,,,deepseekv32maas
2026091257,u_boost,bonferroni,0.1,,False,0,0,,1082,0,0,0.0,,,,deepseekv32maas
2026091257,u_boost,fixed_sequence,0.14285714285714285,,False,0,0,,1082,0,0,0.0,,,,deepseekv32maas
2026091257,u_boost,bonferroni,0.14285714285714285,,False,0,0,,1082,0,0,0.0,,,,deepseekv32maas
2026091257,u_boost,fixed_sequence,0.2,,False,0,0,,1082,0,0,0.0,,,,deepseekv32maas
2026091257,u_boost,bonferroni,0.2,,False,0,0,,1082,0,0,0.0,,,,deepseekv32maas
2026091257,u_boost,fixed_sequence,0.25,,False,0,0,,1082,0,0,0.0,,,,deepseekv32maas
2026091257,u_boost,bonferroni,0.25,,False,0,0,,1082,0,0,0.0,,,,deepseekv32maas
2026091257,rich_logistic,fixed_sequence,0.1,,False,0,0,,1082,0,0,0.0,,,,deepseekv32maas
2026091257,rich_logistic,bonferroni,0.1,,False,0,0,,1082,0,0,0.0,,,,deepseekv32maas
2026091257,rich_logistic,fixed_sequence,0.14285714285714285,,False,0,0,,1082,0,0,0.0,,,,deepseekv32maas
2026091257,rich_logistic,bonferroni,0.14285714285714285,,False,0,0,,1082,0,0,0.0,,,,deepseekv32maas
2026091257,rich_logistic,fixed_sequence,0.2,,False,0,0,,1082,0,0,0.0,,,,deepseekv32maas
2026091257,rich_logistic,bonferroni,0.2,,False,0,0,,1082,0,0,0.0,,,,deepseekv32maas
2026091257,rich_logistic,fixed_sequence,0.25,,False,0,0,,1082,0,0,0.0,,,,deepseekv32maas
2026091257,rich_logistic,bonferroni,0.25,,False,0,0,,1082,0,0,0.0,,,,deepseekv32maas
2026091257,rich_boost,fixed_sequence,0.1,,False,0,0,,1082,0,0,0.0,,,,deepseekv32maas
2026091257,rich_boost,bonferroni,0.1,,False,0,0,,1082,0,0,0.0,,,,deepseekv32maas
2026091257,rich_boost,fixed_sequence,0.14285714285714285,,False,0,0,,1082,0,0,0.0,,,,deepseekv32maas
2026091257,rich_boost,bonferroni,0.14285714285714285,,False,0,0,,1082,0,0,0.0,,,,deepseekv32maas
2026091257,rich_boost,fixed_sequence,0.2,,False,0,0,,1082,0,0,0.0,,,,deepseekv32maas
2026091257,rich_boost,bonferroni,0.2,,False,0,0,,1082,0,0,0.0,,,,deepseekv32maas
2026091257,rich_boost,fixed_sequence,0.25,,False,0,0,,1082,0,0,0.0,,,,deepseekv32maas
2026091257,rich_boost,bonferroni,0.25,,False,0,0,,1082,0,0,0.0,,,,deepseekv32maas
2026091258,raw_u,fixed_sequence,0.1,,False,0,0,,1082,0,0,0.0,,,,deepseekv32maas
2026091258,raw_u,bonferroni,0.1,,False,0,0,,1082,0,0,0.0,,,,deepseekv32maas
2026091258,raw_u,fixed_sequence,0.14285714285714285,,False,0,0,,1082,0,0,0.0,,,,deepseekv32maas
2026091258,raw_u,bonferroni,0.14285714285714285,,False,0,0,,1082,0,0,0.0,,,,deepseekv32maas
2026091258,raw_u,fixed_sequence,0.2,,False,0,0,,1082,0,0,0.0,,,,deepseekv32maas
2026091258,raw_u,bonferroni,0.2,,False,0,0,,1082,0,0,0.0,,,,deepseekv32maas
2026091258,raw_u,fixed_sequence,0.25,,False,0,0,,1082,0,0,0.0,,,,deepseekv32maas
2026091258,raw_u,bonferroni,0.25,,False,0,0,,1082,0,0,0.0,,,,deepseekv32maas
2026091258,u_boost,fixed_sequence,0.1,,False,0,0,,1082,0,0,0.0,,,,deepseekv32maas
2026091258,u_boost,bonferroni,0.1,,False,0,0,,1082,0,0,0.0,,,,deepseekv32maas
2026091258,u_boost,fixed_sequence,0.14285714285714285,,False,0,0,,1082,0,0,0.0,,,,deepseekv32maas
2026091258,u_boost,bonferroni,0.14285714285714285,,False,0,0,,1082,0,0,0.0,,,,deepseekv32maas
2026091258,u_boost,fixed_sequence,0.2,,False,0,0,,1082,0,0,0.0,,,,deepseekv32maas
2026091258,u_boost,bonferroni,0.2,,False,0,0,,1082,0,0,0.0,,,,deepseekv32maas
2026091258,u_boost,fixed_sequence,0.25,,False,0,0,,1082,0,0,0.0,,,,deepseekv32maas
2026091258,u_boost,bonferroni,0.25,,False,0,0,,1082,0,0,0.0,,,,deepseekv32maas
2026091258,rich_logistic,fixed_sequence,0.1,,False,0,0,,1082,0,0,0.0,,,,deepseekv32maas
2026091258,rich_logistic,bonferroni,0.1,,False,0,0,,1082,0,0,0.0,,,,deepseekv32maas
2026091258,rich_logistic,fixed_sequence,0.14285714285714285,,False,0,0,,1082,0,0,0.0,,,,deepseekv32maas
2026091258,rich_logistic,bonferroni,0.14285714285714285,,False,0,0,,1082,0,0,0.0,,,,deepseekv32maas
2026091258,rich_logistic,fixed_sequence,0.2,,False,0,0,,1082,0,0,0.0,,,,deepseekv32maas
2026091258,rich_logistic,bonferroni,0.2,,False,0,0,,1082,0,0,0.0,,,,deepseekv32maas
2026091258,rich_logistic,fixed_sequence,0.25,,False,0,0,,1082,0,0,0.0,,,,deepseekv32maas
2026091258,rich_logistic,bonferroni,0.25,,False,0,0,,1082,0,0,0.0,,,,deepseekv32maas
2026091258,rich_boost,fixed_sequence,0.1,,False,0,0,,1082,0,0,0.0,,,,deepseekv32maas
2026091258,rich_boost,bonferroni,0.1,,False,0,0,,1082,0,0,0.0,,,,deepseekv32maas
2026091258,rich_boost,fixed_sequence,0.14285714285714285,,False,0,0,,1082,0,0,0.0,,,,deepseekv32maas
2026091258,rich_boost,bonferroni,0.14285714285714285,,False,0,0,,1082,0,0,0.0,,,,deepseekv32maas
2026091258,rich_boost,fixed_sequence,0.2,,False,0,0,,1082,0,0,0.0,,,,deepseekv32maas
2026091258,rich_boost,bonferroni,0.2,,False,0,0,,1082,0,0,0.0,,,,deepseekv32maas
2026091258,rich_boost,fixed_sequence,0.25,,False,0,0,,1082,0,0,0.0,,,,deepseekv32maas
2026091258,rich_boost,bonferroni,0.25,,False,0,0,,1082,0,0,0.0,,,,deepseekv32maas
2026091259,raw_u,fixed_sequence,0.1,,False,0,0,,1082,0,0,0.0,,,,deepseekv32maas
2026091259,raw_u,bonferroni,0.1,,False,0,0,,1082,0,0,0.0,,,,deepseekv32maas
2026091259,raw_u,fixed_sequence,0.14285714285714285,,False,0,0,,1082,0,0,0.0,,,,deepseekv32maas
2026091259,raw_u,bonferroni,0.14285714285714285,,False,0,0,,1082,0,0,0.0,,,,deepseekv32maas
2026091259,raw_u,fixed_sequence,0.2,,False,0,0,,1082,0,0,0.0,,,,deepseekv32maas
2026091259,raw_u,bonferroni,0.2,,False,0,0,,1082,0,0,0.0,,,,deepseekv32maas
2026091259,raw_u,fixed_sequence,0.25,,False,0,0,,1082,0,0,0.0,,,,deepseekv32maas
2026091259,raw_u,bonferroni,0.25,,False,0,0,,1082,0,0,0.0,,,,deepseekv32maas
2026091259,u_boost,fixed_sequence,0.1,,False,0,0,,1082,0,0,0.0,,,,deepseekv32maas
2026091259,u_boost,bonferroni,0.1,,False,0,0,,1082,0,0,0.0,,,,deepseekv32maas
2026091259,u_boost,fixed_sequence,0.14285714285714285,,False,0,0,,1082,0,0,0.0,,,,deepseekv32maas
2026091259,u_boost,bonferroni,0.14285714285714285,,False,0,0,,1082,0,0,0.0,,,,deepseekv32maas
2026091259,u_boost,fixed_sequence,0.2,,False,0,0,,1082,0,0,0.0,,,,deepseekv32maas
2026091259,u_boost,bonferroni,0.2,,False,0,0,,1082,0,0,0.0,,,,deepseekv32maas
2026091259,u_boost,fixed_sequence,0.25,,False,0,0,,1082,0,0,0.0,,,,deepseekv32maas
2026091259,u_boost,bonferroni,0.25,,False,0,0,,1082,0,0,0.0,,,,deepseekv32maas
2026091259,rich_logistic,fixed_sequence,0.1,,False,0,0,,1082,0,0,0.0,,,,deepseekv32maas
2026091259,rich_logistic,bonferroni,0.1,,False,0,0,,1082,0,0,0.0,,,,deepseekv32maas
2026091259,rich_logistic,fixed_sequence,0.14285714285714285,,False,0,0,,1082,0,0,0.0,,,,deepseekv32maas
2026091259,rich_logistic,bonferroni,0.14285714285714285,,False,0,0,,1082,0,0,0.0,,,,deepseekv32maas
2026091259,rich_logistic,fixed_sequence,0.2,,False,0,0,,1082,0,0,0.0,,,,deepseekv32maas
2026091259,rich_logistic,bonferroni,0.2,,False,0,0,,1082,0,0,0.0,,,,deepseekv32maas
2026091259,rich_logistic,fixed_sequence,0.25,,False,0,0,,1082,0,0,0.0,,,,deepseekv32maas
2026091259,rich_logistic,bonferroni,0.25,,False,0,0,,1082,0,0,0.0,,,,deepseekv32maas
2026091259,rich_boost,fixed_sequence,0.1,,False,0,0,,1082,0,0,0.0,,,,deepseekv32maas
2026091259,rich_boost,bonferroni,0.1,,False,0,0,,1082,0,0,0.0,,,,deepseekv32maas
2026091259,rich_boost,fixed_sequence,0.14285714285714285,,False,0,0,,1082,0,0,0.0,,,,deepseekv32maas
2026091259,rich_boost,bonferroni,0.14285714285714285,,False,0,0,,1082,0,0,0.0,,,,deepseekv32maas
2026091259,rich_boost,fixed_sequence,0.2,,False,0,0,,1082,0,0,0.0,,,,deepseekv32maas
2026091259,rich_boost,bonferroni,0.2,,False,0,0,,1082,0,0,0.0,,,,deepseekv32maas
2026091259,rich_boost,fixed_sequence,0.25,,False,0,0,,1082,0,0,0.0,,,,deepseekv32maas
2026091259,rich_boost,bonferroni,0.25,,False,0,0,,1082,0,0,0.0,,,,deepseekv32maas
2026091260,raw_u,fixed_sequence,0.1,,False,0,0,,1082,0,0,0.0,,,,deepseekv32maas
2026091260,raw_u,bonferroni,0.1,,False,0,0,,1082,0,0,0.0,,,,deepseekv32maas
2026091260,raw_u,fixed_sequence,0.14285714285714285,,False,0,0,,1082,0,0,0.0,,,,deepseekv32maas
2026091260,raw_u,bonferroni,0.14285714285714285,,False,0,0,,1082,0,0,0.0,,,,deepseekv32maas
2026091260,raw_u,fixed_sequence,0.2,,False,0,0,,1082,0,0,0.0,,,,deepseekv32maas
2026091260,raw_u,bonferroni,0.2,,False,0,0,,1082,0,0,0.0,,,,deepseekv32maas
2026091260,raw_u,fixed_sequence,0.25,,False,0,0,,1082,0,0,0.0,,,,deepseekv32maas
2026091260,raw_u,bonferroni,0.25,,False,0,0,,1082,0,0,0.0,,,,deepseekv32maas
2026091260,u_boost,fixed_sequence,0.1,,False,0,0,,1082,0,0,0.0,,,,deepseekv32maas
2026091260,u_boost,bonferroni,0.1,,False,0,0,,1082,0,0,0.0,,,,deepseekv32maas
2026091260,u_boost,fixed_sequence,0.14285714285714285,,False,0,0,,1082,0,0,0.0,,,,deepseekv32maas
2026091260,u_boost,bonferroni,0.14285714285714285,,False,0,0,,1082,0,0,0.0,,,,deepseekv32maas
2026091260,u_boost,fixed_sequence,0.2,,False,0,0,,1082,0,0,0.0,,,,deepseekv32maas
2026091260,u_boost,bonferroni,0.2,,False,0,0,,1082,0,0,0.0,,,,deepseekv32maas
2026091260,u_boost,fixed_sequence,0.25,,False,0,0,,1082,0,0,0.0,,,,deepseekv32maas
2026091260,u_boost,bonferroni,0.25,,False,0,0,,1082,0,0,0.0,,,,deepseekv32maas
2026091260,rich_logistic,fixed_sequence,0.1,,False,0,0,,1082,0,0,0.0,,,,deepseekv32maas
2026091260,rich_logistic,bonferroni,0.1,,False,0,0,,1082,0,0,0.0,,,,deepseekv32maas
2026091260,rich_logistic,fixed_sequence,0.14285714285714285,,False,0,0,,1082,0,0,0.0,,,,deepseekv32maas
2026091260,rich_logistic,bonferroni,0.14285714285714285,,False,0,0,,1082,0,0,0.0,,,,deepseekv32maas
2026091260,rich_logistic,fixed_sequence,0.2,,False,0,0,,1082,0,0,0.0,,,,deepseekv32maas
2026091260,rich_logistic,bonferroni,0.2,,False,0,0,,1082,0,0,0.0,,,,deepseekv32maas
2026091260,rich_logistic,fixed_sequence,0.25,,False,0,0,,1082,0,0,0.0,,,,deepseekv32maas
2026091260,rich_logistic,bonferroni,0.25,,False,0,0,,1082,0,0,0.0,,,,deepseekv32maas
2026091260,rich_boost,fixed_sequence,0.1,,False,0,0,,1082,0,0,0.0,,,,deepseekv32maas
2026091260,rich_boost,bonferroni,0.1,,False,0,0,,1082,0,0,0.0,,,,deepseekv32maas
2026091260,rich_boost,fixed_sequence,0.14285714285714285,,False,0,0,,1082,0,0,0.0,,,,deepseekv32maas
2026091260,rich_boost,bonferroni,0.14285714285714285,,False,0,0,,1082,0,0,0.0,,,,deepseekv32maas
2026091260,rich_boost,fixed_sequence,0.2,,False,0,0,,1082,0,0,0.0,,,,deepseekv32maas
2026091260,rich_boost,bonferroni,0.2,,False,0,0,,1082,0,0,0.0,,,,deepseekv32maas
2026091260,rich_boost,fixed_sequence,0.25,,False,0,0,,1082,0,0,0.0,,,,deepseekv32maas
2026091260,rich_boost,bonferroni,0.25,,False,0,0,,1082,0,0,0.0,,,,deepseekv32maas
2026091261,raw_u,fixed_sequence,0.1,,False,0,0,,1082,0,0,0.0,,,,deepseekv32maas
2026091261,raw_u,bonferroni,0.1,,False,0,0,,1082,0,0,0.0,,,,deepseekv32maas
2026091261,raw_u,fixed_sequence,0.14285714285714285,,False,0,0,,1082,0,0,0.0,,,,deepseekv32maas
2026091261,raw_u,bonferroni,0.14285714285714285,,False,0,0,,1082,0,0,0.0,,,,deepseekv32maas
2026091261,raw_u,fixed_sequence,0.2,,False,0,0,,1082,0,0,0.0,,,,deepseekv32maas
2026091261,raw_u,bonferroni,0.2,,False,0,0,,1082,0,0,0.0,,,,deepseekv32maas
2026091261,raw_u,fixed_sequence,0.25,,False,0,0,,1082,0,0,0.0,,,,deepseekv32maas
2026091261,raw_u,bonferroni,0.25,,False,0,0,,1082,0,0,0.0,,,,deepseekv32maas
2026091261,u_boost,fixed_sequence,0.1,,False,0,0,,1082,0,0,0.0,,,,deepseekv32maas
2026091261,u_boost,bonferroni,0.1,,False,0,0,,1082,0,0,0.0,,,,deepseekv32maas
2026091261,u_boost,fixed_sequence,0.14285714285714285,,False,0,0,,1082,0,0,0.0,,,,deepseekv32maas
2026091261,u_boost,bonferroni,0.14285714285714285,,False,0,0,,1082,0,0,0.0,,,,deepseekv32maas
2026091261,u_boost,fixed_sequence,0.2,,False,0,0,,1082,0,0,0.0,,,,deepseekv32maas
2026091261,u_boost,bonferroni,0.2,,False,0,0,,1082,0,0,0.0,,,,deepseekv32maas
2026091261,u_boost,fixed_sequence,0.25,,False,0,0,,1082,0,0,0.0,,,,deepseekv32maas
2026091261,u_boost,bonferroni,0.25,,False,0,0,,1082,0,0,0.0,,,,deepseekv32maas
2026091261,rich_logistic,fixed_sequence,0.1,,False,0,0,,1082,0,0,0.0,,,,deepseekv32maas
2026091261,rich_logistic,bonferroni,0.1,,False,0,0,,1082,0,0,0.0,,,,deepseekv32maas
2026091261,rich_logistic,fixed_sequence,0.14285714285714285,,False,0,0,,1082,0,0,0.0,,,,deepseekv32maas
2026091261,rich_logistic,bonferroni,0.14285714285714285,,False,0,0,,1082,0,0,0.0,,,,deepseekv32maas
2026091261,rich_logistic,fixed_sequence,0.2,,False,0,0,,1082,0,0,0.0,,,,deepseekv32maas
2026091261,rich_logistic,bonferroni,0.2,,False,0,0,,1082,0,0,0.0,,,,deepseekv32maas
2026091261,rich_logistic,fixed_sequence,0.25,,False,0,0,,1082,0,0,0.0,,,,deepseekv32maas
2026091261,rich_logistic,bonferroni,0.25,,False,0,0,,1082,0,0,0.0,,,,deepseekv32maas
2026091261,rich_boost,fixed_sequence,0.1,,False,0,0,,1082,0,0,0.0,,,,deepseekv32maas
2026091261,rich_boost,bonferroni,0.1,,False,0,0,,1082,0,0,0.0,,,,deepseekv32maas
2026091261,rich_boost,fixed_sequence,0.14285714285714285,,False,0,0,,1082,0,0,0.0,,,,deepseekv32maas
2026091261,rich_boost,bonferroni,0.14285714285714285,,False,0,0,,1082,0,0,0.0,,,,deepseekv32maas
2026091261,rich_boost,fixed_sequence,0.2,,False,0,0,,1082,0,0,0.0,,,,deepseekv32maas
2026091261,rich_boost,bonferroni,0.2,,False,0,0,,1082,0,0,0.0,,,,deepseekv32maas
2026091261,rich_boost,fixed_sequence,0.25,,False,0,0,,1082,0,0,0.0,,,,deepseekv32maas
2026091261,rich_boost,bonferroni,0.25,,False,0,0,,1082,0,0,0.0,,,,deepseekv32maas
2026091262,raw_u,fixed_sequence,0.1,,False,0,0,,1082,0,0,0.0,,,,deepseekv32maas
2026091262,raw_u,bonferroni,0.1,,False,0,0,,1082,0,0,0.0,,,,deepseekv32maas
2026091262,raw_u,fixed_sequence,0.14285714285714285,,False,0,0,,1082,0,0,0.0,,,,deepseekv32maas
2026091262,raw_u,bonferroni,0.14285714285714285,,False,0,0,,1082,0,0,0.0,,,,deepseekv32maas
2026091262,raw_u,fixed_sequence,0.2,,False,0,0,,1082,0,0,0.0,,,,deepseekv32maas
2026091262,raw_u,bonferroni,0.2,,False,0,0,,1082,0,0,0.0,,,,deepseekv32maas
2026091262,raw_u,fixed_sequence,0.25,,False,0,0,,1082,0,0,0.0,,,,deepseekv32maas
2026091262,raw_u,bonferroni,0.25,,False,0,0,,1082,0,0,0.0,,,,deepseekv32maas
2026091262,u_boost,fixed_sequence,0.1,,False,0,0,,1082,0,0,0.0,,,,deepseekv32maas
2026091262,u_boost,bonferroni,0.1,,False,0,0,,1082,0,0,0.0,,,,deepseekv32maas
2026091262,u_boost,fixed_sequence,0.14285714285714285,,False,0,0,,1082,0,0,0.0,,,,deepseekv32maas
2026091262,u_boost,bonferroni,0.14285714285714285,,False,0,0,,1082,0,0,0.0,,,,deepseekv32maas
2026091262,u_boost,fixed_sequence,0.2,,False,0,0,,1082,0,0,0.0,,,,deepseekv32maas
2026091262,u_boost,bonferroni,0.2,,False,0,0,,1082,0,0,0.0,,,,deepseekv32maas
2026091262,u_boost,fixed_sequence,0.25,,False,0,0,,1082,0,0,0.0,,,,deepseekv32maas
2026091262,u_boost,bonferroni,0.25,,False,0,0,,1082,0,0,0.0,,,,deepseekv32maas
2026091262,rich_logistic,fixed_sequence,0.1,,False,0,0,,1082,0,0,0.0,,,,deepseekv32maas
2026091262,rich_logistic,bonferroni,0.1,,False,0,0,,1082,0,0,0.0,,,,deepseekv32maas
2026091262,rich_logistic,fixed_sequence,0.14285714285714285,,False,0,0,,1082,0,0,0.0,,,,deepseekv32maas
2026091262,rich_logistic,bonferroni,0.14285714285714285,,False,0,0,,1082,0,0,0.0,,,,deepseekv32maas
2026091262,rich_logistic,fixed_sequence,0.2,,False,0,0,,1082,0,0,0.0,,,,deepseekv32maas
2026091262,rich_logistic,bonferroni,0.2,,False,0,0,,1082,0,0,0.0,,,,deepseekv32maas
2026091262,rich_logistic,fixed_sequence,0.25,,False,0,0,,1082,0,0,0.0,,,,deepseekv32maas
2026091262,rich_logistic,bonferroni,0.25,,False,0,0,,1082,0,0,0.0,,,,deepseekv32maas
2026091262,rich_boost,fixed_sequence,0.1,,False,0,0,,1082,0,0,0.0,,,,deepseekv32maas
2026091262,rich_boost,bonferroni,0.1,,False,0,0,,1082,0,0,0.0,,,,deepseekv32maas
2026091262,rich_boost,fixed_sequence,0.14285714285714285,,False,0,0,,1082,0,0,0.0,,,,deepseekv32maas
2026091262,rich_boost,bonferroni,0.14285714285714285,,False,0,0,,1082,0,0,0.0,,,,deepseekv32maas
2026091262,rich_boost,fixed_sequence,0.2,,False,0,0,,1082,0,0,0.0,,,,deepseekv32maas
2026091262,rich_boost,bonferroni,0.2,,False,0,0,,1082,0,0,0.0,,,,deepseekv32maas
2026091262,rich_boost,fixed_sequence,0.25,,False,0,0,,1082,0,0,0.0,,,,deepseekv32maas
2026091262,rich_boost,bonferroni,0.25,,False,0,0,,1082,0,0,0.0,,,,deepseekv32maas
2026091263,raw_u,fixed_sequence,0.1,,False,0,0,,1082,0,0,0.0,,,,deepseekv32maas
2026091263,raw_u,bonferroni,0.1,,False,0,0,,1082,0,0,0.0,,,,deepseekv32maas
2026091263,raw_u,fixed_sequence,0.14285714285714285,,False,0,0,,1082,0,0,0.0,,,,deepseekv32maas
2026091263,raw_u,bonferroni,0.14285714285714285,,False,0,0,,1082,0,0,0.0,,,,deepseekv32maas
2026091263,raw_u,fixed_sequence,0.2,,False,0,0,,1082,0,0,0.0,,,,deepseekv32maas
2026091263,raw_u,bonferroni,0.2,,False,0,0,,1082,0,0,0.0,,,,deepseekv32maas
2026091263,raw_u,fixed_sequence,0.25,,False,0,0,,1082,0,0,0.0,,,,deepseekv32maas
2026091263,raw_u,bonferroni,0.25,,False,0,0,,1082,0,0,0.0,,,,deepseekv32maas
2026091263,u_boost,fixed_sequence,0.1,,False,0,0,,1082,0,0,0.0,,,,deepseekv32maas
2026091263,u_boost,bonferroni,0.1,,False,0,0,,1082,0,0,0.0,,,,deepseekv32maas
2026091263,u_boost,fixed_sequence,0.14285714285714285,,False,0,0,,1082,0,0,0.0,,,,deepseekv32maas
2026091263,u_boost,bonferroni,0.14285714285714285,,False,0,0,,1082,0,0,0.0,,,,deepseekv32maas
2026091263,u_boost,fixed_sequence,0.2,,False,0,0,,1082,0,0,0.0,,,,deepseekv32maas
2026091263,u_boost,bonferroni,0.2,,False,0,0,,1082,0,0,0.0,,,,deepseekv32maas
2026091263,u_boost,fixed_sequence,0.25,,False,0,0,,1082,0,0,0.0,,,,deepseekv32maas
2026091263,u_boost,bonferroni,0.25,,False,0,0,,1082,0,0,0.0,,,,deepseekv32maas
2026091263,rich_logistic,fixed_sequence,0.1,,False,0,0,,1082,0,0,0.0,,,,deepseekv32maas
2026091263,rich_logistic,bonferroni,0.1,,False,0,0,,1082,0,0,0.0,,,,deepseekv32maas
2026091263,rich_logistic,fixed_sequence,0.14285714285714285,,False,0,0,,1082,0,0,0.0,,,,deepseekv32maas
2026091263,rich_logistic,bonferroni,0.14285714285714285,,False,0,0,,1082,0,0,0.0,,,,deepseekv32maas
2026091263,rich_logistic,fixed_sequence,0.2,,False,0,0,,1082,0,0,0.0,,,,deepseekv32maas
2026091263,rich_logistic,bonferroni,0.2,,False,0,0,,1082,0,0,0.0,,,,deepseekv32maas
2026091263,rich_logistic,fixed_sequence,0.25,,False,0,0,,1082,0,0,0.0,,,,deepseekv32maas
2026091263,rich_logistic,bonferroni,0.25,,False,0,0,,1082,0,0,0.0,,,,deepseekv32maas
2026091263,rich_boost,fixed_sequence,0.1,,False,0,0,,1082,0,0,0.0,,,,deepseekv32maas
2026091263,rich_boost,bonferroni,0.1,,False,0,0,,1082,0,0,0.0,,,,deepseekv32maas
2026091263,rich_boost,fixed_sequence,0.14285714285714285,,False,0,0,,1082,0,0,0.0,,,,deepseekv32maas
2026091263,rich_boost,bonferroni,0.14285714285714285,,False,0,0,,1082,0,0,0.0,,,,deepseekv32maas
2026091263,rich_boost,fixed_sequence,0.2,,False,0,0,,1082,0,0,0.0,,,,deepseekv32maas
2026091263,rich_boost,bonferroni,0.2,,False,0,0,,1082,0,0,0.0,,,,deepseekv32maas
2026091263,rich_boost,fixed_sequence,0.25,,False,0,0,,1082,0,0,0.0,,,,deepseekv32maas
2026091263,rich_boost,bonferroni,0.25,,False,0,0,,1082,0,0,0.0,,,,deepseekv32maas
2026091264,raw_u,fixed_sequence,0.1,,False,0,0,,1082,0,0,0.0,,,,deepseekv32maas
2026091264,raw_u,bonferroni,0.1,,False,0,0,,1082,0,0,0.0,,,,deepseekv32maas
2026091264,raw_u,fixed_sequence,0.14285714285714285,,False,0,0,,1082,0,0,0.0,,,,deepseekv32maas
2026091264,raw_u,bonferroni,0.14285714285714285,,False,0,0,,1082,0,0,0.0,,,,deepseekv32maas
2026091264,raw_u,fixed_sequence,0.2,,False,0,0,,1082,0,0,0.0,,,,deepseekv32maas
2026091264,raw_u,bonferroni,0.2,,False,0,0,,1082,0,0,0.0,,,,deepseekv32maas
2026091264,raw_u,fixed_sequence,0.25,,False,0,0,,1082,0,0,0.0,,,,deepseekv32maas
2026091264,raw_u,bonferroni,0.25,,False,0,0,,1082,0,0,0.0,,,,deepseekv32maas
2026091264,u_boost,fixed_sequence,0.1,,False,0,0,,1082,0,0,0.0,,,,deepseekv32maas
2026091264,u_boost,bonferroni,0.1,,False,0,0,,1082,0,0,0.0,,,,deepseekv32maas
2026091264,u_boost,fixed_sequence,0.14285714285714285,,False,0,0,,1082,0,0,0.0,,,,deepseekv32maas
2026091264,u_boost,bonferroni,0.14285714285714285,,False,0,0,,1082,0,0,0.0,,,,deepseekv32maas
2026091264,u_boost,fixed_sequence,0.2,,False,0,0,,1082,0,0,0.0,,,,deepseekv32maas
2026091264,u_boost,bonferroni,0.2,,False,0,0,,1082,0,0,0.0,,,,deepseekv32maas
2026091264,u_boost,fixed_sequence,0.25,,False,0,0,,1082,0,0,0.0,,,,deepseekv32maas
2026091264,u_boost,bonferroni,0.25,,False,0,0,,1082,0,0,0.0,,,,deepseekv32maas
2026091264,rich_logistic,fixed_sequence,0.1,,False,0,0,,1082,0,0,0.0,,,,deepseekv32maas
2026091264,rich_logistic,bonferroni,0.1,,False,0,0,,1082,0,0,0.0,,,,deepseekv32maas
2026091264,rich_logistic,fixed_sequence,0.14285714285714285,,False,0,0,,1082,0,0,0.0,,,,deepseekv32maas
2026091264,rich_logistic,bonferroni,0.14285714285714285,,False,0,0,,1082,0,0,0.0,,,,deepseekv32maas
2026091264,rich_logistic,fixed_sequence,0.2,,False,0,0,,1082,0,0,0.0,,,,deepseekv32maas
2026091264,rich_logistic,bonferroni,0.2,,False,0,0,,1082,0,0,0.0,,,,deepseekv32maas
2026091264,rich_logistic,fixed_sequence,0.25,,False,0,0,,1082,0,0,0.0,,,,deepseekv32maas
2026091264,rich_logistic,bonferroni,0.25,,False,0,0,,1082,0,0,0.0,,,,deepseekv32maas
2026091264,rich_boost,fixed_sequence,0.1,,False,0,0,,1082,0,0,0.0,,,,deepseekv32maas
2026091264,rich_boost,bonferroni,0.1,,False,0,0,,1082,0,0,0.0,,,,deepseekv32maas
2026091264,rich_boost,fixed_sequence,0.14285714285714285,,False,0,0,,1082,0,0,0.0,,,,deepseekv32maas
2026091264,rich_boost,bonferroni,0.14285714285714285,,False,0,0,,1082,0,0,0.0,,,,deepseekv32maas
2026091264,rich_boost,fixed_sequence,0.2,,False,0,0,,1082,0,0,0.0,,,,deepseekv32maas
2026091264,rich_boost,bonferroni,0.2,,False,0,0,,1082,0,0,0.0,,,,deepseekv32maas
2026091264,rich_boost,fixed_sequence,0.25,,False,0,0,,1082,0,0,0.0,,,,deepseekv32maas
2026091264,rich_boost,bonferroni,0.25,,False,0,0,,1082,0,0,0.0,,,,deepseekv32maas
2026091265,raw_u,fixed_sequence,0.1,,False,0,0,,1082,0,0,0.0,,,,deepseekv32maas
2026091265,raw_u,bonferroni,0.1,,False,0,0,,1082,0,0,0.0,,,,deepseekv32maas
2026091265,raw_u,fixed_sequence,0.14285714285714285,,False,0,0,,1082,0,0,0.0,,,,deepseekv32maas
2026091265,raw_u,bonferroni,0.14285714285714285,,False,0,0,,1082,0,0,0.0,,,,deepseekv32maas
2026091265,raw_u,fixed_sequence,0.2,,False,0,0,,1082,0,0,0.0,,,,deepseekv32maas
2026091265,raw_u,bonferroni,0.2,,False,0,0,,1082,0,0,0.0,,,,deepseekv32maas
2026091265,raw_u,fixed_sequence,0.25,,False,0,0,,1082,0,0,0.0,,,,deepseekv32maas
2026091265,raw_u,bonferroni,0.25,,False,0,0,,1082,0,0,0.0,,,,deepseekv32maas
2026091265,u_boost,fixed_sequence,0.1,,False,0,0,,1082,0,0,0.0,,,,deepseekv32maas
2026091265,u_boost,bonferroni,0.1,,False,0,0,,1082,0,0,0.0,,,,deepseekv32maas
2026091265,u_boost,fixed_sequence,0.14285714285714285,,False,0,0,,1082,0,0,0.0,,,,deepseekv32maas
2026091265,u_boost,bonferroni,0.14285714285714285,,False,0,0,,1082,0,0,0.0,,,,deepseekv32maas
2026091265,u_boost,fixed_sequence,0.2,,False,0,0,,1082,0,0,0.0,,,,deepseekv32maas
2026091265,u_boost,bonferroni,0.2,,False,0,0,,1082,0,0,0.0,,,,deepseekv32maas
2026091265,u_boost,fixed_sequence,0.25,,False,0,0,,1082,0,0,0.0,,,,deepseekv32maas
2026091265,u_boost,bonferroni,0.25,,False,0,0,,1082,0,0,0.0,,,,deepseekv32maas
2026091265,rich_logistic,fixed_sequence,0.1,,False,0,0,,1082,0,0,0.0,,,,deepseekv32maas
2026091265,rich_logistic,bonferroni,0.1,,False,0,0,,1082,0,0,0.0,,,,deepseekv32maas
2026091265,rich_logistic,fixed_sequence,0.14285714285714285,,False,0,0,,1082,0,0,0.0,,,,deepseekv32maas
2026091265,rich_logistic,bonferroni,0.14285714285714285,,False,0,0,,1082,0,0,0.0,,,,deepseekv32maas
2026091265,rich_logistic,fixed_sequence,0.2,,False,0,0,,1082,0,0,0.0,,,,deepseekv32maas
2026091265,rich_logistic,bonferroni,0.2,,False,0,0,,1082,0,0,0.0,,,,deepseekv32maas
2026091265,rich_logistic,fixed_sequence,0.25,,False,0,0,,1082,0,0,0.0,,,,deepseekv32maas
2026091265,rich_logistic,bonferroni,0.25,,False,0,0,,1082,0,0,0.0,,,,deepseekv32maas
2026091265,rich_boost,fixed_sequence,0.1,,False,0,0,,1082,0,0,0.0,,,,deepseekv32maas
2026091265,rich_boost,bonferroni,0.1,,False,0,0,,1082,0,0,0.0,,,,deepseekv32maas
2026091265,rich_boost,fixed_sequence,0.14285714285714285,,False,0,0,,1082,0,0,0.0,,,,deepseekv32maas
2026091265,rich_boost,bonferroni,0.14285714285714285,,False,0,0,,1082,0,0,0.0,,,,deepseekv32maas
2026091265,rich_boost,fixed_sequence,0.2,,False,0,0,,1082,0,0,0.0,,,,deepseekv32maas
2026091265,rich_boost,bonferroni,0.2,,False,0,0,,1082,0,0,0.0,,,,deepseekv32maas
2026091265,rich_boost,fixed_sequence,0.25,,False,0,0,,1082,0,0,0.0,,,,deepseekv32maas
2026091265,rich_boost,bonferroni,0.25,,False,0,0,,1082,0,0,0.0,,,,deepseekv32maas
2026091266,raw_u,fixed_sequence,0.1,,False,0,0,,1082,0,0,0.0,,,,deepseekv32maas
2026091266,raw_u,bonferroni,0.1,,False,0,0,,1082,0,0,0.0,,,,deepseekv32maas
2026091266,raw_u,fixed_sequence,0.14285714285714285,,False,0,0,,1082,0,0,0.0,,,,deepseekv32maas
2026091266,raw_u,bonferroni,0.14285714285714285,,False,0,0,,1082,0,0,0.0,,,,deepseekv32maas
2026091266,raw_u,fixed_sequence,0.2,,False,0,0,,1082,0,0,0.0,,,,deepseekv32maas
2026091266,raw_u,bonferroni,0.2,,False,0,0,,1082,0,0,0.0,,,,deepseekv32maas
2026091266,raw_u,fixed_sequence,0.25,,False,0,0,,1082,0,0,0.0,,,,deepseekv32maas
2026091266,raw_u,bonferroni,0.25,,False,0,0,,1082,0,0,0.0,,,,deepseekv32maas
2026091266,u_boost,fixed_sequence,0.1,,False,0,0,,1082,0,0,0.0,,,,deepseekv32maas
2026091266,u_boost,bonferroni,0.1,,False,0,0,,1082,0,0,0.0,,,,deepseekv32maas
2026091266,u_boost,fixed_sequence,0.14285714285714285,,False,0,0,,1082,0,0,0.0,,,,deepseekv32maas
2026091266,u_boost,bonferroni,0.14285714285714285,,False,0,0,,1082,0,0,0.0,,,,deepseekv32maas
2026091266,u_boost,fixed_sequence,0.2,,False,0,0,,1082,0,0,0.0,,,,deepseekv32maas
2026091266,u_boost,bonferroni,0.2,,False,0,0,,1082,0,0,0.0,,,,deepseekv32maas
2026091266,u_boost,fixed_sequence,0.25,,False,0,0,,1082,0,0,0.0,,,,deepseekv32maas
2026091266,u_boost,bonferroni,0.25,,False,0,0,,1082,0,0,0.0,,,,deepseekv32maas
2026091266,rich_logistic,fixed_sequence,0.1,,False,0,0,,1082,0,0,0.0,,,,deepseekv32maas
2026091266,rich_logistic,bonferroni,0.1,,False,0,0,,1082,0,0,0.0,,,,deepseekv32maas
2026091266,rich_logistic,fixed_sequence,0.14285714285714285,,False,0,0,,1082,0,0,0.0,,,,deepseekv32maas
2026091266,rich_logistic,bonferroni,0.14285714285714285,,False,0,0,,1082,0,0,0.0,,,,deepseekv32maas
2026091266,rich_logistic,fixed_sequence,0.2,,False,0,0,,1082,0,0,0.0,,,,deepseekv32maas
2026091266,rich_logistic,bonferroni,0.2,,False,0,0,,1082,0,0,0.0,,,,deepseekv32maas
2026091266,rich_logistic,fixed_sequence,0.25,,False,0,0,,1082,0,0,0.0,,,,deepseekv32maas
2026091266,rich_logistic,bonferroni,0.25,,False,0,0,,1082,0,0,0.0,,,,deepseekv32maas
2026091266,rich_boost,fixed_sequence,0.1,,False,0,0,,1082,0,0,0.0,,,,deepseekv32maas
2026091266,rich_boost,bonferroni,0.1,,False,0,0,,1082,0,0,0.0,,,,deepseekv32maas
2026091266,rich_boost,fixed_sequence,0.14285714285714285,,False,0,0,,1082,0,0,0.0,,,,deepseekv32maas
2026091266,rich_boost,bonferroni,0.14285714285714285,,False,0,0,,1082,0,0,0.0,,,,deepseekv32maas
2026091266,rich_boost,fixed_sequence,0.2,,False,0,0,,1082,0,0,0.0,,,,deepseekv32maas
2026091266,rich_boost,bonferroni,0.2,,False,0,0,,1082,0,0,0.0,,,,deepseekv32maas
2026091266,rich_boost,fixed_sequence,0.25,,False,0,0,,1082,0,0,0.0,,,,deepseekv32maas
2026091266,rich_boost,bonferroni,0.25,,False,0,0,,1082,0,0,0.0,,,,deepseekv32maas
2026091267,raw_u,fixed_sequence,0.1,,False,0,0,,1082,0,0,0.0,,,,deepseekv32maas
2026091267,raw_u,bonferroni,0.1,,False,0,0,,1082,0,0,0.0,,,,deepseekv32maas
2026091267,raw_u,fixed_sequence,0.14285714285714285,,False,0,0,,1082,0,0,0.0,,,,deepseekv32maas
2026091267,raw_u,bonferroni,0.14285714285714285,,False,0,0,,1082,0,0,0.0,,,,deepseekv32maas
2026091267,raw_u,fixed_sequence,0.2,,False,0,0,,1082,0,0,0.0,,,,deepseekv32maas
2026091267,raw_u,bonferroni,0.2,,False,0,0,,1082,0,0,0.0,,,,deepseekv32maas
2026091267,raw_u,fixed_sequence,0.25,,False,0,0,,1082,0,0,0.0,,,,deepseekv32maas
2026091267,raw_u,bonferroni,0.25,,False,0,0,,1082,0,0,0.0,,,,deepseekv32maas
2026091267,u_boost,fixed_sequence,0.1,,False,0,0,,1082,0,0,0.0,,,,deepseekv32maas
2026091267,u_boost,bonferroni,0.1,,False,0,0,,1082,0,0,0.0,,,,deepseekv32maas
2026091267,u_boost,fixed_sequence,0.14285714285714285,,False,0,0,,1082,0,0,0.0,,,,deepseekv32maas
2026091267,u_boost,bonferroni,0.14285714285714285,,False,0,0,,1082,0,0,0.0,,,,deepseekv32maas
2026091267,u_boost,fixed_sequence,0.2,,False,0,0,,1082,0,0,0.0,,,,deepseekv32maas
2026091267,u_boost,bonferroni,0.2,,False,0,0,,1082,0,0,0.0,,,,deepseekv32maas
2026091267,u_boost,fixed_sequence,0.25,,False,0,0,,1082,0,0,0.0,,,,deepseekv32maas
2026091267,u_boost,bonferroni,0.25,,False,0,0,,1082,0,0,0.0,,,,deepseekv32maas
2026091267,rich_logistic,fixed_sequence,0.1,,False,0,0,,1082,0,0,0.0,,,,deepseekv32maas
2026091267,rich_logistic,bonferroni,0.1,,False,0,0,,1082,0,0,0.0,,,,deepseekv32maas
2026091267,rich_logistic,fixed_sequence,0.14285714285714285,,False,0,0,,1082,0,0,0.0,,,,deepseekv32maas
2026091267,rich_logistic,bonferroni,0.14285714285714285,,False,0,0,,1082,0,0,0.0,,,,deepseekv32maas
2026091267,rich_logistic,fixed_sequence,0.2,,False,0,0,,1082,0,0,0.0,,,,deepseekv32maas
2026091267,rich_logistic,bonferroni,0.2,,False,0,0,,1082,0,0,0.0,,,,deepseekv32maas
2026091267,rich_logistic,fixed_sequence,0.25,,False,0,0,,1082,0,0,0.0,,,,deepseekv32maas
2026091267,rich_logistic,bonferroni,0.25,,False,0,0,,1082,0,0,0.0,,,,deepseekv32maas
2026091267,rich_boost,fixed_sequence,0.1,,False,0,0,,1082,0,0,0.0,,,,deepseekv32maas
2026091267,rich_boost,bonferroni,0.1,,False,0,0,,1082,0,0,0.0,,,,deepseekv32maas
2026091267,rich_boost,fixed_sequence,0.14285714285714285,,False,0,0,,1082,0,0,0.0,,,,deepseekv32maas
2026091267,rich_boost,bonferroni,0.14285714285714285,,False,0,0,,1082,0,0,0.0,,,,deepseekv32maas
2026091267,rich_boost,fixed_sequence,0.2,,False,0,0,,1082,0,0,0.0,,,,deepseekv32maas
2026091267,rich_boost,bonferroni,0.2,,False,0,0,,1082,0,0,0.0,,,,deepseekv32maas
2026091267,rich_boost,fixed_sequence,0.25,,False,0,0,,1082,0,0,0.0,,,,deepseekv32maas
2026091267,rich_boost,bonferroni,0.25,,False,0,0,,1082,0,0,0.0,,,,deepseekv32maas
2026091268,raw_u,fixed_sequence,0.1,,False,0,0,,1082,0,0,0.0,,,,deepseekv32maas
2026091268,raw_u,bonferroni,0.1,,False,0,0,,1082,0,0,0.0,,,,deepseekv32maas
2026091268,raw_u,fixed_sequence,0.14285714285714285,,False,0,0,,1082,0,0,0.0,,,,deepseekv32maas
2026091268,raw_u,bonferroni,0.14285714285714285,,False,0,0,,1082,0,0,0.0,,,,deepseekv32maas
2026091268,raw_u,fixed_sequence,0.2,,False,0,0,,1082,0,0,0.0,,,,deepseekv32maas
2026091268,raw_u,bonferroni,0.2,,False,0,0,,1082,0,0,0.0,,,,deepseekv32maas
2026091268,raw_u,fixed_sequence,0.25,,False,0,0,,1082,0,0,0.0,,,,deepseekv32maas
2026091268,raw_u,bonferroni,0.25,,False,0,0,,1082,0,0,0.0,,,,deepseekv32maas
2026091268,u_boost,fixed_sequence,0.1,,False,0,0,,1082,0,0,0.0,,,,deepseekv32maas
2026091268,u_boost,bonferroni,0.1,,False,0,0,,1082,0,0,0.0,,,,deepseekv32maas
2026091268,u_boost,fixed_sequence,0.14285714285714285,,False,0,0,,1082,0,0,0.0,,,,deepseekv32maas
2026091268,u_boost,bonferroni,0.14285714285714285,,False,0,0,,1082,0,0,0.0,,,,deepseekv32maas
2026091268,u_boost,fixed_sequence,0.2,,False,0,0,,1082,0,0,0.0,,,,deepseekv32maas
2026091268,u_boost,bonferroni,0.2,,False,0,0,,1082,0,0,0.0,,,,deepseekv32maas
2026091268,u_boost,fixed_sequence,0.25,,False,0,0,,1082,0,0,0.0,,,,deepseekv32maas
2026091268,u_boost,bonferroni,0.25,,False,0,0,,1082,0,0,0.0,,,,deepseekv32maas
2026091268,rich_logistic,fixed_sequence,0.1,,False,0,0,,1082,0,0,0.0,,,,deepseekv32maas
2026091268,rich_logistic,bonferroni,0.1,,False,0,0,,1082,0,0,0.0,,,,deepseekv32maas
2026091268,rich_logistic,fixed_sequence,0.14285714285714285,,False,0,0,,1082,0,0,0.0,,,,deepseekv32maas
2026091268,rich_logistic,bonferroni,0.14285714285714285,,False,0,0,,1082,0,0,0.0,,,,deepseekv32maas
2026091268,rich_logistic,fixed_sequence,0.2,,False,0,0,,1082,0,0,0.0,,,,deepseekv32maas
2026091268,rich_logistic,bonferroni,0.2,,False,0,0,,1082,0,0,0.0,,,,deepseekv32maas
2026091268,rich_logistic,fixed_sequence,0.25,,False,0,0,,1082,0,0,0.0,,,,deepseekv32maas
2026091268,rich_logistic,bonferroni,0.25,,False,0,0,,1082,0,0,0.0,,,,deepseekv32maas
2026091268,rich_boost,fixed_sequence,0.1,,False,0,0,,1082,0,0,0.0,,,,deepseekv32maas
2026091268,rich_boost,bonferroni,0.1,,False,0,0,,1082,0,0,0.0,,,,deepseekv32maas
2026091268,rich_boost,fixed_sequence,0.14285714285714285,,False,0,0,,1082,0,0,0.0,,,,deepseekv32maas
2026091268,rich_boost,bonferroni,0.14285714285714285,,False,0,0,,1082,0,0,0.0,,,,deepseekv32maas
2026091268,rich_boost,fixed_sequence,0.2,,False,0,0,,1082,0,0,0.0,,,,deepseekv32maas
2026091268,rich_boost,bonferroni,0.2,,False,0,0,,1082,0,0,0.0,,,,deepseekv32maas
2026091268,rich_boost,fixed_sequence,0.25,,False,0,0,,1082,0,0,0.0,,,,deepseekv32maas
2026091268,rich_boost,bonferroni,0.25,,False,0,0,,1082,0,0,0.0,,,,deepseekv32maas
2026091269,raw_u,fixed_sequence,0.1,,False,0,0,,1082,0,0,0.0,,,,deepseekv32maas
2026091269,raw_u,bonferroni,0.1,,False,0,0,,1082,0,0,0.0,,,,deepseekv32maas
2026091269,raw_u,fixed_sequence,0.14285714285714285,,False,0,0,,1082,0,0,0.0,,,,deepseekv32maas
2026091269,raw_u,bonferroni,0.14285714285714285,,False,0,0,,1082,0,0,0.0,,,,deepseekv32maas
2026091269,raw_u,fixed_sequence,0.2,,False,0,0,,1082,0,0,0.0,,,,deepseekv32maas
2026091269,raw_u,bonferroni,0.2,,False,0,0,,1082,0,0,0.0,,,,deepseekv32maas
2026091269,raw_u,fixed_sequence,0.25,,False,0,0,,1082,0,0,0.0,,,,deepseekv32maas
2026091269,raw_u,bonferroni,0.25,,False,0,0,,1082,0,0,0.0,,,,deepseekv32maas
2026091269,u_boost,fixed_sequence,0.1,,False,0,0,,1082,0,0,0.0,,,,deepseekv32maas
2026091269,u_boost,bonferroni,0.1,,False,0,0,,1082,0,0,0.0,,,,deepseekv32maas
2026091269,u_boost,fixed_sequence,0.14285714285714285,,False,0,0,,1082,0,0,0.0,,,,deepseekv32maas
2026091269,u_boost,bonferroni,0.14285714285714285,,False,0,0,,1082,0,0,0.0,,,,deepseekv32maas
2026091269,u_boost,fixed_sequence,0.2,,False,0,0,,1082,0,0,0.0,,,,deepseekv32maas
2026091269,u_boost,bonferroni,0.2,,False,0,0,,1082,0,0,0.0,,,,deepseekv32maas
2026091269,u_boost,fixed_sequence,0.25,,False,0,0,,1082,0,0,0.0,,,,deepseekv32maas
2026091269,u_boost,bonferroni,0.25,,False,0,0,,1082,0,0,0.0,,,,deepseekv32maas
2026091269,rich_logistic,fixed_sequence,0.1,,False,0,0,,1082,0,0,0.0,,,,deepseekv32maas
2026091269,rich_logistic,bonferroni,0.1,,False,0,0,,1082,0,0,0.0,,,,deepseekv32maas
2026091269,rich_logistic,fixed_sequence,0.14285714285714285,,False,0,0,,1082,0,0,0.0,,,,deepseekv32maas
2026091269,rich_logistic,bonferroni,0.14285714285714285,,False,0,0,,1082,0,0,0.0,,,,deepseekv32maas
2026091269,rich_logistic,fixed_sequence,0.2,,False,0,0,,1082,0,0,0.0,,,,deepseekv32maas
2026091269,rich_logistic,bonferroni,0.2,,False,0,0,,1082,0,0,0.0,,,,deepseekv32maas
2026091269,rich_logistic,fixed_sequence,0.25,,False,0,0,,1082,0,0,0.0,,,,deepseekv32maas
2026091269,rich_logistic,bonferroni,0.25,,False,0,0,,1082,0,0,0.0,,,,deepseekv32maas
2026091269,rich_boost,fixed_sequence,0.1,,False,0,0,,1082,0,0,0.0,,,,deepseekv32maas
2026091269,rich_boost,bonferroni,0.1,,False,0,0,,1082,0,0,0.0,,,,deepseekv32maas
2026091269,rich_boost,fixed_sequence,0.14285714285714285,,False,0,0,,1082,0,0,0.0,,,,deepseekv32maas
2026091269,rich_boost,bonferroni,0.14285714285714285,,False,0,0,,1082,0,0,0.0,,,,deepseekv32maas
2026091269,rich_boost,fixed_sequence,0.2,,False,0,0,,1082,0,0,0.0,,,,deepseekv32maas
2026091269,rich_boost,bonferroni,0.2,,False,0,0,,1082,0,0,0.0,,,,deepseekv32maas
2026091269,rich_boost,fixed_sequence,0.25,,False,0,0,,1082,0,0,0.0,,,,deepseekv32maas
2026091269,rich_boost,bonferroni,0.25,,False,0,0,,1082,0,0,0.0,,,,deepseekv32maas
2026091270,raw_u,fixed_sequence,0.1,,False,0,0,,1082,0,0,0.0,,,,deepseekv32maas
2026091270,raw_u,bonferroni,0.1,,False,0,0,,1082,0,0,0.0,,,,deepseekv32maas
2026091270,raw_u,fixed_sequence,0.14285714285714285,,False,0,0,,1082,0,0,0.0,,,,deepseekv32maas
2026091270,raw_u,bonferroni,0.14285714285714285,,False,0,0,,1082,0,0,0.0,,,,deepseekv32maas
2026091270,raw_u,fixed_sequence,0.2,,False,0,0,,1082,0,0,0.0,,,,deepseekv32maas
2026091270,raw_u,bonferroni,0.2,,False,0,0,,1082,0,0,0.0,,,,deepseekv32maas
2026091270,raw_u,fixed_sequence,0.25,,False,0,0,,1082,0,0,0.0,,,,deepseekv32maas
2026091270,raw_u,bonferroni,0.25,,False,0,0,,1082,0,0,0.0,,,,deepseekv32maas
2026091270,u_boost,fixed_sequence,0.1,,False,0,0,,1082,0,0,0.0,,,,deepseekv32maas
2026091270,u_boost,bonferroni,0.1,,False,0,0,,1082,0,0,0.0,,,,deepseekv32maas
2026091270,u_boost,fixed_sequence,0.14285714285714285,,False,0,0,,1082,0,0,0.0,,,,deepseekv32maas
2026091270,u_boost,bonferroni,0.14285714285714285,,False,0,0,,1082,0,0,0.0,,,,deepseekv32maas
2026091270,u_boost,fixed_sequence,0.2,,False,0,0,,1082,0,0,0.0,,,,deepseekv32maas
2026091270,u_boost,bonferroni,0.2,,False,0,0,,1082,0,0,0.0,,,,deepseekv32maas
2026091270,u_boost,fixed_sequence,0.25,,False,0,0,,1082,0,0,0.0,,,,deepseekv32maas
2026091270,u_boost,bonferroni,0.25,,False,0,0,,1082,0,0,0.0,,,,deepseekv32maas
2026091270,rich_logistic,fixed_sequence,0.1,,False,0,0,,1082,0,0,0.0,,,,deepseekv32maas
2026091270,rich_logistic,bonferroni,0.1,,False,0,0,,1082,0,0,0.0,,,,deepseekv32maas
2026091270,rich_logistic,fixed_sequence,0.14285714285714285,,False,0,0,,1082,0,0,0.0,,,,deepseekv32maas
2026091270,rich_logistic,bonferroni,0.14285714285714285,,False,0,0,,1082,0,0,0.0,,,,deepseekv32maas
2026091270,rich_logistic,fixed_sequence,0.2,,False,0,0,,1082,0,0,0.0,,,,deepseekv32maas
2026091270,rich_logistic,bonferroni,0.2,,False,0,0,,1082,0,0,0.0,,,,deepseekv32maas
2026091270,rich_logistic,fixed_sequence,0.25,,False,0,0,,1082,0,0,0.0,,,,deepseekv32maas
2026091270,rich_logistic,bonferroni,0.25,,False,0,0,,1082,0,0,0.0,,,,deepseekv32maas
2026091270,rich_boost,fixed_sequence,0.1,,False,0,0,,1082,0,0,0.0,,,,deepseekv32maas
2026091270,rich_boost,bonferroni,0.1,,False,0,0,,1082,0,0,0.0,,,,deepseekv32maas
2026091270,rich_boost,fixed_sequence,0.14285714285714285,,False,0,0,,1082,0,0,0.0,,,,deepseekv32maas
2026091270,rich_boost,bonferroni,0.14285714285714285,,False,0,0,,1082,0,0,0.0,,,,deepseekv32maas
2026091270,rich_boost,fixed_sequence,0.2,,False,0,0,,1082,0,0,0.0,,,,deepseekv32maas
2026091270,rich_boost,bonferroni,0.2,,False,0,0,,1082,0,0,0.0,,,,deepseekv32maas
2026091270,rich_boost,fixed_sequence,0.25,,False,0,0,,1082,0,0,0.0,,,,deepseekv32maas
2026091270,rich_boost,bonferroni,0.25,,False,0,0,,1082,0,0,0.0,,,,deepseekv32maas
2026091271,raw_u,fixed_sequence,0.1,,False,0,0,,1082,0,0,0.0,,,,deepseekv32maas
2026091271,raw_u,bonferroni,0.1,,False,0,0,,1082,0,0,0.0,,,,deepseekv32maas
2026091271,raw_u,fixed_sequence,0.14285714285714285,,False,0,0,,1082,0,0,0.0,,,,deepseekv32maas
2026091271,raw_u,bonferroni,0.14285714285714285,,False,0,0,,1082,0,0,0.0,,,,deepseekv32maas
2026091271,raw_u,fixed_sequence,0.2,,False,0,0,,1082,0,0,0.0,,,,deepseekv32maas
2026091271,raw_u,bonferroni,0.2,,False,0,0,,1082,0,0,0.0,,,,deepseekv32maas
2026091271,raw_u,fixed_sequence,0.25,,False,0,0,,1082,0,0,0.0,,,,deepseekv32maas
2026091271,raw_u,bonferroni,0.25,,False,0,0,,1082,0,0,0.0,,,,deepseekv32maas
2026091271,u_boost,fixed_sequence,0.1,,False,0,0,,1082,0,0,0.0,,,,deepseekv32maas
2026091271,u_boost,bonferroni,0.1,,False,0,0,,1082,0,0,0.0,,,,deepseekv32maas
2026091271,u_boost,fixed_sequence,0.14285714285714285,,False,0,0,,1082,0,0,0.0,,,,deepseekv32maas
2026091271,u_boost,bonferroni,0.14285714285714285,,False,0,0,,1082,0,0,0.0,,,,deepseekv32maas
2026091271,u_boost,fixed_sequence,0.2,,False,0,0,,1082,0,0,0.0,,,,deepseekv32maas
2026091271,u_boost,bonferroni,0.2,,False,0,0,,1082,0,0,0.0,,,,deepseekv32maas
2026091271,u_boost,fixed_sequence,0.25,,False,0,0,,1082,0,0,0.0,,,,deepseekv32maas
2026091271,u_boost,bonferroni,0.25,,False,0,0,,1082,0,0,0.0,,,,deepseekv32maas
2026091271,rich_logistic,fixed_sequence,0.1,,False,0,0,,1082,0,0,0.0,,,,deepseekv32maas
2026091271,rich_logistic,bonferroni,0.1,,False,0,0,,1082,0,0,0.0,,,,deepseekv32maas
2026091271,rich_logistic,fixed_sequence,0.14285714285714285,,False,0,0,,1082,0,0,0.0,,,,deepseekv32maas
2026091271,rich_logistic,bonferroni,0.14285714285714285,,False,0,0,,1082,0,0,0.0,,,,deepseekv32maas
2026091271,rich_logistic,fixed_sequence,0.2,,False,0,0,,1082,0,0,0.0,,,,deepseekv32maas
2026091271,rich_logistic,bonferroni,0.2,,False,0,0,,1082,0,0,0.0,,,,deepseekv32maas
2026091271,rich_logistic,fixed_sequence,0.25,,False,0,0,,1082,0,0,0.0,,,,deepseekv32maas
2026091271,rich_logistic,bonferroni,0.25,,False,0,0,,1082,0,0,0.0,,,,deepseekv32maas
2026091271,rich_boost,fixed_sequence,0.1,,False,0,0,,1082,0,0,0.0,,,,deepseekv32maas
2026091271,rich_boost,bonferroni,0.1,,False,0,0,,1082,0,0,0.0,,,,deepseekv32maas
2026091271,rich_boost,fixed_sequence,0.14285714285714285,,False,0,0,,1082,0,0,0.0,,,,deepseekv32maas
2026091271,rich_boost,bonferroni,0.14285714285714285,,False,0,0,,1082,0,0,0.0,,,,deepseekv32maas
2026091271,rich_boost,fixed_sequence,0.2,,False,0,0,,1082,0,0,0.0,,,,deepseekv32maas
2026091271,rich_boost,bonferroni,0.2,,False,0,0,,1082,0,0,0.0,,,,deepseekv32maas
2026091271,rich_boost,fixed_sequence,0.25,,False,0,0,,1082,0,0,0.0,,,,deepseekv32maas
2026091271,rich_boost,bonferroni,0.25,,False,0,0,,1082,0,0,0.0,,,,deepseekv32maas
2026091272,raw_u,fixed_sequence,0.1,,False,0,0,,1082,0,0,0.0,,,,deepseekv32maas
2026091272,raw_u,bonferroni,0.1,,False,0,0,,1082,0,0,0.0,,,,deepseekv32maas
2026091272,raw_u,fixed_sequence,0.14285714285714285,,False,0,0,,1082,0,0,0.0,,,,deepseekv32maas
2026091272,raw_u,bonferroni,0.14285714285714285,,False,0,0,,1082,0,0,0.0,,,,deepseekv32maas
2026091272,raw_u,fixed_sequence,0.2,,False,0,0,,1082,0,0,0.0,,,,deepseekv32maas
2026091272,raw_u,bonferroni,0.2,,False,0,0,,1082,0,0,0.0,,,,deepseekv32maas
2026091272,raw_u,fixed_sequence,0.25,,False,0,0,,1082,0,0,0.0,,,,deepseekv32maas
2026091272,raw_u,bonferroni,0.25,,False,0,0,,1082,0,0,0.0,,,,deepseekv32maas
2026091272,u_boost,fixed_sequence,0.1,,False,0,0,,1082,0,0,0.0,,,,deepseekv32maas
2026091272,u_boost,bonferroni,0.1,,False,0,0,,1082,0,0,0.0,,,,deepseekv32maas
2026091272,u_boost,fixed_sequence,0.14285714285714285,,False,0,0,,1082,0,0,0.0,,,,deepseekv32maas
2026091272,u_boost,bonferroni,0.14285714285714285,,False,0,0,,1082,0,0,0.0,,,,deepseekv32maas
2026091272,u_boost,fixed_sequence,0.2,,False,0,0,,1082,0,0,0.0,,,,deepseekv32maas
2026091272,u_boost,bonferroni,0.2,,False,0,0,,1082,0,0,0.0,,,,deepseekv32maas
2026091272,u_boost,fixed_sequence,0.25,,False,0,0,,1082,0,0,0.0,,,,deepseekv32maas
2026091272,u_boost,bonferroni,0.25,,False,0,0,,1082,0,0,0.0,,,,deepseekv32maas
2026091272,rich_logistic,fixed_sequence,0.1,,False,0,0,,1082,0,0,0.0,,,,deepseekv32maas
2026091272,rich_logistic,bonferroni,0.1,,False,0,0,,1082,0,0,0.0,,,,deepseekv32maas
2026091272,rich_logistic,fixed_sequence,0.14285714285714285,,False,0,0,,1082,0,0,0.0,,,,deepseekv32maas
2026091272,rich_logistic,bonferroni,0.14285714285714285,,False,0,0,,1082,0,0,0.0,,,,deepseekv32maas
2026091272,rich_logistic,fixed_sequence,0.2,,False,0,0,,1082,0,0,0.0,,,,deepseekv32maas
2026091272,rich_logistic,bonferroni,0.2,,False,0,0,,1082,0,0,0.0,,,,deepseekv32maas
2026091272,rich_logistic,fixed_sequence,0.25,,False,0,0,,1082,0,0,0.0,,,,deepseekv32maas
2026091272,rich_logistic,bonferroni,0.25,,False,0,0,,1082,0,0,0.0,,,,deepseekv32maas
2026091272,rich_boost,fixed_sequence,0.1,,False,0,0,,1082,0,0,0.0,,,,deepseekv32maas
2026091272,rich_boost,bonferroni,0.1,,False,0,0,,1082,0,0,0.0,,,,deepseekv32maas
2026091272,rich_boost,fixed_sequence,0.14285714285714285,,False,0,0,,1082,0,0,0.0,,,,deepseekv32maas
2026091272,rich_boost,bonferroni,0.14285714285714285,,False,0,0,,1082,0,0,0.0,,,,deepseekv32maas
2026091272,rich_boost,fixed_sequence,0.2,,False,0,0,,1082,0,0,0.0,,,,deepseekv32maas
2026091272,rich_boost,bonferroni,0.2,,False,0,0,,1082,0,0,0.0,,,,deepseekv32maas
2026091272,rich_boost,fixed_sequence,0.25,,False,0,0,,1082,0,0,0.0,,,,deepseekv32maas
2026091272,rich_boost,bonferroni,0.25,,False,0,0,,1082,0,0,0.0,,,,deepseekv32maas
2026091273,raw_u,fixed_sequence,0.1,,False,0,0,,1082,0,0,0.0,,,,deepseekv32maas
2026091273,raw_u,bonferroni,0.1,,False,0,0,,1082,0,0,0.0,,,,deepseekv32maas
2026091273,raw_u,fixed_sequence,0.14285714285714285,,False,0,0,,1082,0,0,0.0,,,,deepseekv32maas
2026091273,raw_u,bonferroni,0.14285714285714285,,False,0,0,,1082,0,0,0.0,,,,deepseekv32maas
2026091273,raw_u,fixed_sequence,0.2,,False,0,0,,1082,0,0,0.0,,,,deepseekv32maas
2026091273,raw_u,bonferroni,0.2,,False,0,0,,1082,0,0,0.0,,,,deepseekv32maas
2026091273,raw_u,fixed_sequence,0.25,,False,0,0,,1082,0,0,0.0,,,,deepseekv32maas
2026091273,raw_u,bonferroni,0.25,,False,0,0,,1082,0,0,0.0,,,,deepseekv32maas
2026091273,u_boost,fixed_sequence,0.1,,False,0,0,,1082,0,0,0.0,,,,deepseekv32maas
2026091273,u_boost,bonferroni,0.1,,False,0,0,,1082,0,0,0.0,,,,deepseekv32maas
2026091273,u_boost,fixed_sequence,0.14285714285714285,,False,0,0,,1082,0,0,0.0,,,,deepseekv32maas
2026091273,u_boost,bonferroni,0.14285714285714285,,False,0,0,,1082,0,0,0.0,,,,deepseekv32maas
2026091273,u_boost,fixed_sequence,0.2,,False,0,0,,1082,0,0,0.0,,,,deepseekv32maas
2026091273,u_boost,bonferroni,0.2,,False,0,0,,1082,0,0,0.0,,,,deepseekv32maas
2026091273,u_boost,fixed_sequence,0.25,,False,0,0,,1082,0,0,0.0,,,,deepseekv32maas
2026091273,u_boost,bonferroni,0.25,,False,0,0,,1082,0,0,0.0,,,,deepseekv32maas
2026091273,rich_logistic,fixed_sequence,0.1,,False,0,0,,1082,0,0,0.0,,,,deepseekv32maas
2026091273,rich_logistic,bonferroni,0.1,,False,0,0,,1082,0,0,0.0,,,,deepseekv32maas
2026091273,rich_logistic,fixed_sequence,0.14285714285714285,,False,0,0,,1082,0,0,0.0,,,,deepseekv32maas
2026091273,rich_logistic,bonferroni,0.14285714285714285,,False,0,0,,1082,0,0,0.0,,,,deepseekv32maas
2026091273,rich_logistic,fixed_sequence,0.2,,False,0,0,,1082,0,0,0.0,,,,deepseekv32maas
2026091273,rich_logistic,bonferroni,0.2,,False,0,0,,1082,0,0,0.0,,,,deepseekv32maas
2026091273,rich_logistic,fixed_sequence,0.25,,False,0,0,,1082,0,0,0.0,,,,deepseekv32maas
2026091273,rich_logistic,bonferroni,0.25,,False,0,0,,1082,0,0,0.0,,,,deepseekv32maas
2026091273,rich_boost,fixed_sequence,0.1,,False,0,0,,1082,0,0,0.0,,,,deepseekv32maas
2026091273,rich_boost,bonferroni,0.1,,False,0,0,,1082,0,0,0.0,,,,deepseekv32maas
2026091273,rich_boost,fixed_sequence,0.14285714285714285,,False,0,0,,1082,0,0,0.0,,,,deepseekv32maas
2026091273,rich_boost,bonferroni,0.14285714285714285,,False,0,0,,1082,0,0,0.0,,,,deepseekv32maas
2026091273,rich_boost,fixed_sequence,0.2,,False,0,0,,1082,0,0,0.0,,,,deepseekv32maas
2026091273,rich_boost,bonferroni,0.2,,False,0,0,,1082,0,0,0.0,,,,deepseekv32maas
2026091273,rich_boost,fixed_sequence,0.25,,False,0,0,,1082,0,0,0.0,,,,deepseekv32maas
2026091273,rich_boost,bonferroni,0.25,,False,0,0,,1082,0,0,0.0,,,,deepseekv32maas
2026091274,raw_u,fixed_sequence,0.1,,False,0,0,,1082,0,0,0.0,,,,deepseekv32maas
2026091274,raw_u,bonferroni,0.1,,False,0,0,,1082,0,0,0.0,,,,deepseekv32maas
2026091274,raw_u,fixed_sequence,0.14285714285714285,,False,0,0,,1082,0,0,0.0,,,,deepseekv32maas
2026091274,raw_u,bonferroni,0.14285714285714285,,False,0,0,,1082,0,0,0.0,,,,deepseekv32maas
2026091274,raw_u,fixed_sequence,0.2,,False,0,0,,1082,0,0,0.0,,,,deepseekv32maas
2026091274,raw_u,bonferroni,0.2,,False,0,0,,1082,0,0,0.0,,,,deepseekv32maas
2026091274,raw_u,fixed_sequence,0.25,,False,0,0,,1082,0,0,0.0,,,,deepseekv32maas
2026091274,raw_u,bonferroni,0.25,,False,0,0,,1082,0,0,0.0,,,,deepseekv32maas
2026091274,u_boost,fixed_sequence,0.1,,False,0,0,,1082,0,0,0.0,,,,deepseekv32maas
2026091274,u_boost,bonferroni,0.1,,False,0,0,,1082,0,0,0.0,,,,deepseekv32maas
2026091274,u_boost,fixed_sequence,0.14285714285714285,,False,0,0,,1082,0,0,0.0,,,,deepseekv32maas
2026091274,u_boost,bonferroni,0.14285714285714285,,False,0,0,,1082,0,0,0.0,,,,deepseekv32maas
2026091274,u_boost,fixed_sequence,0.2,,False,0,0,,1082,0,0,0.0,,,,deepseekv32maas
2026091274,u_boost,bonferroni,0.2,,False,0,0,,1082,0,0,0.0,,,,deepseekv32maas
2026091274,u_boost,fixed_sequence,0.25,,False,0,0,,1082,0,0,0.0,,,,deepseekv32maas
2026091274,u_boost,bonferroni,0.25,,False,0,0,,1082,0,0,0.0,,,,deepseekv32maas
2026091274,rich_logistic,fixed_sequence,0.1,,False,0,0,,1082,0,0,0.0,,,,deepseekv32maas
2026091274,rich_logistic,bonferroni,0.1,,False,0,0,,1082,0,0,0.0,,,,deepseekv32maas
2026091274,rich_logistic,fixed_sequence,0.14285714285714285,,False,0,0,,1082,0,0,0.0,,,,deepseekv32maas
2026091274,rich_logistic,bonferroni,0.14285714285714285,,False,0,0,,1082,0,0,0.0,,,,deepseekv32maas
2026091274,rich_logistic,fixed_sequence,0.2,,False,0,0,,1082,0,0,0.0,,,,deepseekv32maas
2026091274,rich_logistic,bonferroni,0.2,,False,0,0,,1082,0,0,0.0,,,,deepseekv32maas
2026091274,rich_logistic,fixed_sequence,0.25,,False,0,0,,1082,0,0,0.0,,,,deepseekv32maas
2026091274,rich_logistic,bonferroni,0.25,,False,0,0,,1082,0,0,0.0,,,,deepseekv32maas
2026091274,rich_boost,fixed_sequence,0.1,,False,0,0,,1082,0,0,0.0,,,,deepseekv32maas
2026091274,rich_boost,bonferroni,0.1,,False,0,0,,1082,0,0,0.0,,,,deepseekv32maas
2026091274,rich_boost,fixed_sequence,0.14285714285714285,,False,0,0,,1082,0,0,0.0,,,,deepseekv32maas
2026091274,rich_boost,bonferroni,0.14285714285714285,,False,0,0,,1082,0,0,0.0,,,,deepseekv32maas
2026091274,rich_boost,fixed_sequence,0.2,,False,0,0,,1082,0,0,0.0,,,,deepseekv32maas
2026091274,rich_boost,bonferroni,0.2,,False,0,0,,1082,0,0,0.0,,,,deepseekv32maas
2026091274,rich_boost,fixed_sequence,0.25,,False,0,0,,1082,0,0,0.0,,,,deepseekv32maas
2026091274,rich_boost,bonferroni,0.25,,False,0,0,,1082,0,0,0.0,,,,deepseekv32maas
2026091275,raw_u,fixed_sequence,0.1,,False,0,0,,1082,0,0,0.0,,,,deepseekv32maas
2026091275,raw_u,bonferroni,0.1,,False,0,0,,1082,0,0,0.0,,,,deepseekv32maas
2026091275,raw_u,fixed_sequence,0.14285714285714285,,False,0,0,,1082,0,0,0.0,,,,deepseekv32maas
2026091275,raw_u,bonferroni,0.14285714285714285,,False,0,0,,1082,0,0,0.0,,,,deepseekv32maas
2026091275,raw_u,fixed_sequence,0.2,,False,0,0,,1082,0,0,0.0,,,,deepseekv32maas
2026091275,raw_u,bonferroni,0.2,,False,0,0,,1082,0,0,0.0,,,,deepseekv32maas
2026091275,raw_u,fixed_sequence,0.25,,False,0,0,,1082,0,0,0.0,,,,deepseekv32maas
2026091275,raw_u,bonferroni,0.25,,False,0,0,,1082,0,0,0.0,,,,deepseekv32maas
2026091275,u_boost,fixed_sequence,0.1,,False,0,0,,1082,0,0,0.0,,,,deepseekv32maas
2026091275,u_boost,bonferroni,0.1,,False,0,0,,1082,0,0,0.0,,,,deepseekv32maas
2026091275,u_boost,fixed_sequence,0.14285714285714285,,False,0,0,,1082,0,0,0.0,,,,deepseekv32maas
2026091275,u_boost,bonferroni,0.14285714285714285,,False,0,0,,1082,0,0,0.0,,,,deepseekv32maas
2026091275,u_boost,fixed_sequence,0.2,,False,0,0,,1082,0,0,0.0,,,,deepseekv32maas
2026091275,u_boost,bonferroni,0.2,,False,0,0,,1082,0,0,0.0,,,,deepseekv32maas
2026091275,u_boost,fixed_sequence,0.25,,False,0,0,,1082,0,0,0.0,,,,deepseekv32maas
2026091275,u_boost,bonferroni,0.25,,False,0,0,,1082,0,0,0.0,,,,deepseekv32maas
2026091275,rich_logistic,fixed_sequence,0.1,,False,0,0,,1082,0,0,0.0,,,,deepseekv32maas
2026091275,rich_logistic,bonferroni,0.1,,False,0,0,,1082,0,0,0.0,,,,deepseekv32maas
2026091275,rich_logistic,fixed_sequence,0.14285714285714285,,False,0,0,,1082,0,0,0.0,,,,deepseekv32maas
2026091275,rich_logistic,bonferroni,0.14285714285714285,,False,0,0,,1082,0,0,0.0,,,,deepseekv32maas
2026091275,rich_logistic,fixed_sequence,0.2,,False,0,0,,1082,0,0,0.0,,,,deepseekv32maas
2026091275,rich_logistic,bonferroni,0.2,,False,0,0,,1082,0,0,0.0,,,,deepseekv32maas
2026091275,rich_logistic,fixed_sequence,0.25,,False,0,0,,1082,0,0,0.0,,,,deepseekv32maas
2026091275,rich_logistic,bonferroni,0.25,,False,0,0,,1082,0,0,0.0,,,,deepseekv32maas
2026091275,rich_boost,fixed_sequence,0.1,,False,0,0,,1082,0,0,0.0,,,,deepseekv32maas
2026091275,rich_boost,bonferroni,0.1,,False,0,0,,1082,0,0,0.0,,,,deepseekv32maas
2026091275,rich_boost,fixed_sequence,0.14285714285714285,,False,0,0,,1082,0,0,0.0,,,,deepseekv32maas
2026091275,rich_boost,bonferroni,0.14285714285714285,,False,0,0,,1082,0,0,0.0,,,,deepseekv32maas
2026091275,rich_boost,fixed_sequence,0.2,,False,0,0,,1082,0,0,0.0,,,,deepseekv32maas
2026091275,rich_boost,bonferroni,0.2,,False,0,0,,1082,0,0,0.0,,,,deepseekv32maas
2026091275,rich_boost,fixed_sequence,0.25,,False,0,0,,1082,0,0,0.0,,,,deepseekv32maas
2026091275,rich_boost,bonferroni,0.25,,False,0,0,,1082,0,0,0.0,,,,deepseekv32maas
2026091276,raw_u,fixed_sequence,0.1,,False,0,0,,1082,0,0,0.0,,,,deepseekv32maas
2026091276,raw_u,bonferroni,0.1,,False,0,0,,1082,0,0,0.0,,,,deepseekv32maas
2026091276,raw_u,fixed_sequence,0.14285714285714285,,False,0,0,,1082,0,0,0.0,,,,deepseekv32maas
2026091276,raw_u,bonferroni,0.14285714285714285,,False,0,0,,1082,0,0,0.0,,,,deepseekv32maas
2026091276,raw_u,fixed_sequence,0.2,,False,0,0,,1082,0,0,0.0,,,,deepseekv32maas
2026091276,raw_u,bonferroni,0.2,,False,0,0,,1082,0,0,0.0,,,,deepseekv32maas
2026091276,raw_u,fixed_sequence,0.25,,False,0,0,,1082,0,0,0.0,,,,deepseekv32maas
2026091276,raw_u,bonferroni,0.25,,False,0,0,,1082,0,0,0.0,,,,deepseekv32maas
2026091276,u_boost,fixed_sequence,0.1,,False,0,0,,1082,0,0,0.0,,,,deepseekv32maas
2026091276,u_boost,bonferroni,0.1,,False,0,0,,1082,0,0,0.0,,,,deepseekv32maas
2026091276,u_boost,fixed_sequence,0.14285714285714285,,False,0,0,,1082,0,0,0.0,,,,deepseekv32maas
2026091276,u_boost,bonferroni,0.14285714285714285,,False,0,0,,1082,0,0,0.0,,,,deepseekv32maas
2026091276,u_boost,fixed_sequence,0.2,,False,0,0,,1082,0,0,0.0,,,,deepseekv32maas
2026091276,u_boost,bonferroni,0.2,,False,0,0,,1082,0,0,0.0,,,,deepseekv32maas
2026091276,u_boost,fixed_sequence,0.25,,False,0,0,,1082,0,0,0.0,,,,deepseekv32maas
2026091276,u_boost,bonferroni,0.25,,False,0,0,,1082,0,0,0.0,,,,deepseekv32maas
2026091276,rich_logistic,fixed_sequence,0.1,,False,0,0,,1082,0,0,0.0,,,,deepseekv32maas
2026091276,rich_logistic,bonferroni,0.1,,False,0,0,,1082,0,0,0.0,,,,deepseekv32maas
2026091276,rich_logistic,fixed_sequence,0.14285714285714285,,False,0,0,,1082,0,0,0.0,,,,deepseekv32maas
2026091276,rich_logistic,bonferroni,0.14285714285714285,,False,0,0,,1082,0,0,0.0,,,,deepseekv32maas
2026091276,rich_logistic,fixed_sequence,0.2,,False,0,0,,1082,0,0,0.0,,,,deepseekv32maas
2026091276,rich_logistic,bonferroni,0.2,,False,0,0,,1082,0,0,0.0,,,,deepseekv32maas
2026091276,rich_logistic,fixed_sequence,0.25,,False,0,0,,1082,0,0,0.0,,,,deepseekv32maas
2026091276,rich_logistic,bonferroni,0.25,,False,0,0,,1082,0,0,0.0,,,,deepseekv32maas
2026091276,rich_boost,fixed_sequence,0.1,,False,0,0,,1082,0,0,0.0,,,,deepseekv32maas
2026091276,rich_boost,bonferroni,0.1,,False,0,0,,1082,0,0,0.0,,,,deepseekv32maas
2026091276,rich_boost,fixed_sequence,0.14285714285714285,,False,0,0,,1082,0,0,0.0,,,,deepseekv32maas
2026091276,rich_boost,bonferroni,0.14285714285714285,,False,0,0,,1082,0,0,0.0,,,,deepseekv32maas
2026091276,rich_boost,fixed_sequence,0.2,,False,0,0,,1082,0,0,0.0,,,,deepseekv32maas
2026091276,rich_boost,bonferroni,0.2,,False,0,0,,1082,0,0,0.0,,,,deepseekv32maas
2026091276,rich_boost,fixed_sequence,0.25,,False,0,0,,1082,0,0,0.0,,,,deepseekv32maas
2026091276,rich_boost,bonferroni,0.25,,False,0,0,,1082,0,0,0.0,,,,deepseekv32maas
2026091277,raw_u,fixed_sequence,0.1,,False,0,0,,1082,0,0,0.0,,,,deepseekv32maas
2026091277,raw_u,bonferroni,0.1,,False,0,0,,1082,0,0,0.0,,,,deepseekv32maas
2026091277,raw_u,fixed_sequence,0.14285714285714285,,False,0,0,,1082,0,0,0.0,,,,deepseekv32maas
2026091277,raw_u,bonferroni,0.14285714285714285,,False,0,0,,1082,0,0,0.0,,,,deepseekv32maas
2026091277,raw_u,fixed_sequence,0.2,,False,0,0,,1082,0,0,0.0,,,,deepseekv32maas
2026091277,raw_u,bonferroni,0.2,,False,0,0,,1082,0,0,0.0,,,,deepseekv32maas
2026091277,raw_u,fixed_sequence,0.25,,False,0,0,,1082,0,0,0.0,,,,deepseekv32maas
2026091277,raw_u,bonferroni,0.25,,False,0,0,,1082,0,0,0.0,,,,deepseekv32maas
2026091277,u_boost,fixed_sequence,0.1,,False,0,0,,1082,0,0,0.0,,,,deepseekv32maas
2026091277,u_boost,bonferroni,0.1,,False,0,0,,1082,0,0,0.0,,,,deepseekv32maas
2026091277,u_boost,fixed_sequence,0.14285714285714285,,False,0,0,,1082,0,0,0.0,,,,deepseekv32maas
2026091277,u_boost,bonferroni,0.14285714285714285,,False,0,0,,1082,0,0,0.0,,,,deepseekv32maas
2026091277,u_boost,fixed_sequence,0.2,,False,0,0,,1082,0,0,0.0,,,,deepseekv32maas
2026091277,u_boost,bonferroni,0.2,,False,0,0,,1082,0,0,0.0,,,,deepseekv32maas
2026091277,u_boost,fixed_sequence,0.25,,False,0,0,,1082,0,0,0.0,,,,deepseekv32maas
2026091277,u_boost,bonferroni,0.25,,False,0,0,,1082,0,0,0.0,,,,deepseekv32maas
2026091277,rich_logistic,fixed_sequence,0.1,,False,0,0,,1082,0,0,0.0,,,,deepseekv32maas
2026091277,rich_logistic,bonferroni,0.1,,False,0,0,,1082,0,0,0.0,,,,deepseekv32maas
2026091277,rich_logistic,fixed_sequence,0.14285714285714285,,False,0,0,,1082,0,0,0.0,,,,deepseekv32maas
2026091277,rich_logistic,bonferroni,0.14285714285714285,,False,0,0,,1082,0,0,0.0,,,,deepseekv32maas
2026091277,rich_logistic,fixed_sequence,0.2,,False,0,0,,1082,0,0,0.0,,,,deepseekv32maas
2026091277,rich_logistic,bonferroni,0.2,,False,0,0,,1082,0,0,0.0,,,,deepseekv32maas
2026091277,rich_logistic,fixed_sequence,0.25,,False,0,0,,1082,0,0,0.0,,,,deepseekv32maas
2026091277,rich_logistic,bonferroni,0.25,,False,0,0,,1082,0,0,0.0,,,,deepseekv32maas
2026091277,rich_boost,fixed_sequence,0.1,,False,0,0,,1082,0,0,0.0,,,,deepseekv32maas
2026091277,rich_boost,bonferroni,0.1,,False,0,0,,1082,0,0,0.0,,,,deepseekv32maas
2026091277,rich_boost,fixed_sequence,0.14285714285714285,,False,0,0,,1082,0,0,0.0,,,,deepseekv32maas
2026091277,rich_boost,bonferroni,0.14285714285714285,,False,0,0,,1082,0,0,0.0,,,,deepseekv32maas
2026091277,rich_boost,fixed_sequence,0.2,,False,0,0,,1082,0,0,0.0,,,,deepseekv32maas
2026091277,rich_boost,bonferroni,0.2,,False,0,0,,1082,0,0,0.0,,,,deepseekv32maas
2026091277,rich_boost,fixed_sequence,0.25,,False,0,0,,1082,0,0,0.0,,,,deepseekv32maas
2026091277,rich_boost,bonferroni,0.25,,False,0,0,,1082,0,0,0.0,,,,deepseekv32maas
2026091278,raw_u,fixed_sequence,0.1,,False,0,0,,1082,0,0,0.0,,,,deepseekv32maas
2026091278,raw_u,bonferroni,0.1,,False,0,0,,1082,0,0,0.0,,,,deepseekv32maas
2026091278,raw_u,fixed_sequence,0.14285714285714285,,False,0,0,,1082,0,0,0.0,,,,deepseekv32maas
2026091278,raw_u,bonferroni,0.14285714285714285,,False,0,0,,1082,0,0,0.0,,,,deepseekv32maas
2026091278,raw_u,fixed_sequence,0.2,,False,0,0,,1082,0,0,0.0,,,,deepseekv32maas
2026091278,raw_u,bonferroni,0.2,,False,0,0,,1082,0,0,0.0,,,,deepseekv32maas
2026091278,raw_u,fixed_sequence,0.25,,False,0,0,,1082,0,0,0.0,,,,deepseekv32maas
2026091278,raw_u,bonferroni,0.25,,False,0,0,,1082,0,0,0.0,,,,deepseekv32maas
2026091278,u_boost,fixed_sequence,0.1,,False,0,0,,1082,0,0,0.0,,,,deepseekv32maas
2026091278,u_boost,bonferroni,0.1,,False,0,0,,1082,0,0,0.0,,,,deepseekv32maas
2026091278,u_boost,fixed_sequence,0.14285714285714285,,False,0,0,,1082,0,0,0.0,,,,deepseekv32maas
2026091278,u_boost,bonferroni,0.14285714285714285,,False,0,0,,1082,0,0,0.0,,,,deepseekv32maas
2026091278,u_boost,fixed_sequence,0.2,,False,0,0,,1082,0,0,0.0,,,,deepseekv32maas
2026091278,u_boost,bonferroni,0.2,,False,0,0,,1082,0,0,0.0,,,,deepseekv32maas
2026091278,u_boost,fixed_sequence,0.25,,False,0,0,,1082,0,0,0.0,,,,deepseekv32maas
2026091278,u_boost,bonferroni,0.25,,False,0,0,,1082,0,0,0.0,,,,deepseekv32maas
2026091278,rich_logistic,fixed_sequence,0.1,,False,0,0,,1082,0,0,0.0,,,,deepseekv32maas
2026091278,rich_logistic,bonferroni,0.1,,False,0,0,,1082,0,0,0.0,,,,deepseekv32maas
2026091278,rich_logistic,fixed_sequence,0.14285714285714285,,False,0,0,,1082,0,0,0.0,,,,deepseekv32maas
2026091278,rich_logistic,bonferroni,0.14285714285714285,,False,0,0,,1082,0,0,0.0,,,,deepseekv32maas
2026091278,rich_logistic,fixed_sequence,0.2,,False,0,0,,1082,0,0,0.0,,,,deepseekv32maas
2026091278,rich_logistic,bonferroni,0.2,,False,0,0,,1082,0,0,0.0,,,,deepseekv32maas
2026091278,rich_logistic,fixed_sequence,0.25,,False,0,0,,1082,0,0,0.0,,,,deepseekv32maas
2026091278,rich_logistic,bonferroni,0.25,,False,0,0,,1082,0,0,0.0,,,,deepseekv32maas
2026091278,rich_boost,fixed_sequence,0.1,,False,0,0,,1082,0,0,0.0,,,,deepseekv32maas
2026091278,rich_boost,bonferroni,0.1,,False,0,0,,1082,0,0,0.0,,,,deepseekv32maas
2026091278,rich_boost,fixed_sequence,0.14285714285714285,,False,0,0,,1082,0,0,0.0,,,,deepseekv32maas
2026091278,rich_boost,bonferroni,0.14285714285714285,,False,0,0,,1082,0,0,0.0,,,,deepseekv32maas
2026091278,rich_boost,fixed_sequence,0.2,,False,0,0,,1082,0,0,0.0,,,,deepseekv32maas
2026091278,rich_boost,bonferroni,0.2,,False,0,0,,1082,0,0,0.0,,,,deepseekv32maas
2026091278,rich_boost,fixed_sequence,0.25,,False,0,0,,1082,0,0,0.0,,,,deepseekv32maas
2026091278,rich_boost,bonferroni,0.25,,False,0,0,,1082,0,0,0.0,,,,deepseekv32maas
2026091279,raw_u,fixed_sequence,0.1,,False,0,0,,1082,0,0,0.0,,,,deepseekv32maas
2026091279,raw_u,bonferroni,0.1,,False,0,0,,1082,0,0,0.0,,,,deepseekv32maas
2026091279,raw_u,fixed_sequence,0.14285714285714285,,False,0,0,,1082,0,0,0.0,,,,deepseekv32maas
2026091279,raw_u,bonferroni,0.14285714285714285,,False,0,0,,1082,0,0,0.0,,,,deepseekv32maas
2026091279,raw_u,fixed_sequence,0.2,,False,0,0,,1082,0,0,0.0,,,,deepseekv32maas
2026091279,raw_u,bonferroni,0.2,,False,0,0,,1082,0,0,0.0,,,,deepseekv32maas
2026091279,raw_u,fixed_sequence,0.25,,False,0,0,,1082,0,0,0.0,,,,deepseekv32maas
2026091279,raw_u,bonferroni,0.25,,False,0,0,,1082,0,0,0.0,,,,deepseekv32maas
2026091279,u_boost,fixed_sequence,0.1,,False,0,0,,1082,0,0,0.0,,,,deepseekv32maas
2026091279,u_boost,bonferroni,0.1,,False,0,0,,1082,0,0,0.0,,,,deepseekv32maas
2026091279,u_boost,fixed_sequence,0.14285714285714285,,False,0,0,,1082,0,0,0.0,,,,deepseekv32maas
2026091279,u_boost,bonferroni,0.14285714285714285,,False,0,0,,1082,0,0,0.0,,,,deepseekv32maas
2026091279,u_boost,fixed_sequence,0.2,,False,0,0,,1082,0,0,0.0,,,,deepseekv32maas
2026091279,u_boost,bonferroni,0.2,,False,0,0,,1082,0,0,0.0,,,,deepseekv32maas
2026091279,u_boost,fixed_sequence,0.25,,False,0,0,,1082,0,0,0.0,,,,deepseekv32maas
2026091279,u_boost,bonferroni,0.25,,False,0,0,,1082,0,0,0.0,,,,deepseekv32maas
2026091279,rich_logistic,fixed_sequence,0.1,,False,0,0,,1082,0,0,0.0,,,,deepseekv32maas
2026091279,rich_logistic,bonferroni,0.1,,False,0,0,,1082,0,0,0.0,,,,deepseekv32maas
2026091279,rich_logistic,fixed_sequence,0.14285714285714285,,False,0,0,,1082,0,0,0.0,,,,deepseekv32maas
2026091279,rich_logistic,bonferroni,0.14285714285714285,,False,0,0,,1082,0,0,0.0,,,,deepseekv32maas
2026091279,rich_logistic,fixed_sequence,0.2,,False,0,0,,1082,0,0,0.0,,,,deepseekv32maas
2026091279,rich_logistic,bonferroni,0.2,,False,0,0,,1082,0,0,0.0,,,,deepseekv32maas
2026091279,rich_logistic,fixed_sequence,0.25,,False,0,0,,1082,0,0,0.0,,,,deepseekv32maas
2026091279,rich_logistic,bonferroni,0.25,,False,0,0,,1082,0,0,0.0,,,,deepseekv32maas
2026091279,rich_boost,fixed_sequence,0.1,,False,0,0,,1082,0,0,0.0,,,,deepseekv32maas
2026091279,rich_boost,bonferroni,0.1,,False,0,0,,1082,0,0,0.0,,,,deepseekv32maas
2026091279,rich_boost,fixed_sequence,0.14285714285714285,,False,0,0,,1082,0,0,0.0,,,,deepseekv32maas
2026091279,rich_boost,bonferroni,0.14285714285714285,,False,0,0,,1082,0,0,0.0,,,,deepseekv32maas
2026091279,rich_boost,fixed_sequence,0.2,,False,0,0,,1082,0,0,0.0,,,,deepseekv32maas
2026091279,rich_boost,bonferroni,0.2,,False,0,0,,1082,0,0,0.0,,,,deepseekv32maas
2026091279,rich_boost,fixed_sequence,0.25,,False,0,0,,1082,0,0,0.0,,,,deepseekv32maas
2026091279,rich_boost,bonferroni,0.25,,False,0,0,,1082,0,0,0.0,,,,deepseekv32maas
2026091280,raw_u,fixed_sequence,0.1,,False,0,0,,1082,0,0,0.0,,,,deepseekv32maas
2026091280,raw_u,bonferroni,0.1,,False,0,0,,1082,0,0,0.0,,,,deepseekv32maas
2026091280,raw_u,fixed_sequence,0.14285714285714285,,False,0,0,,1082,0,0,0.0,,,,deepseekv32maas
2026091280,raw_u,bonferroni,0.14285714285714285,,False,0,0,,1082,0,0,0.0,,,,deepseekv32maas
2026091280,raw_u,fixed_sequence,0.2,,False,0,0,,1082,0,0,0.0,,,,deepseekv32maas
2026091280,raw_u,bonferroni,0.2,,False,0,0,,1082,0,0,0.0,,,,deepseekv32maas
2026091280,raw_u,fixed_sequence,0.25,,False,0,0,,1082,0,0,0.0,,,,deepseekv32maas
2026091280,raw_u,bonferroni,0.25,,False,0,0,,1082,0,0,0.0,,,,deepseekv32maas
2026091280,u_boost,fixed_sequence,0.1,,False,0,0,,1082,0,0,0.0,,,,deepseekv32maas
2026091280,u_boost,bonferroni,0.1,,False,0,0,,1082,0,0,0.0,,,,deepseekv32maas
2026091280,u_boost,fixed_sequence,0.14285714285714285,,False,0,0,,1082,0,0,0.0,,,,deepseekv32maas
2026091280,u_boost,bonferroni,0.14285714285714285,,False,0,0,,1082,0,0,0.0,,,,deepseekv32maas
2026091280,u_boost,fixed_sequence,0.2,,False,0,0,,1082,0,0,0.0,,,,deepseekv32maas
2026091280,u_boost,bonferroni,0.2,,False,0,0,,1082,0,0,0.0,,,,deepseekv32maas
2026091280,u_boost,fixed_sequence,0.25,,False,0,0,,1082,0,0,0.0,,,,deepseekv32maas
2026091280,u_boost,bonferroni,0.25,,False,0,0,,1082,0,0,0.0,,,,deepseekv32maas
2026091280,rich_logistic,fixed_sequence,0.1,,False,0,0,,1082,0,0,0.0,,,,deepseekv32maas
2026091280,rich_logistic,bonferroni,0.1,,False,0,0,,1082,0,0,0.0,,,,deepseekv32maas
2026091280,rich_logistic,fixed_sequence,0.14285714285714285,,False,0,0,,1082,0,0,0.0,,,,deepseekv32maas
2026091280,rich_logistic,bonferroni,0.14285714285714285,,False,0,0,,1082,0,0,0.0,,,,deepseekv32maas
2026091280,rich_logistic,fixed_sequence,0.2,,False,0,0,,1082,0,0,0.0,,,,deepseekv32maas
2026091280,rich_logistic,bonferroni,0.2,,False,0,0,,1082,0,0,0.0,,,,deepseekv32maas
2026091280,rich_logistic,fixed_sequence,0.25,,False,0,0,,1082,0,0,0.0,,,,deepseekv32maas
2026091280,rich_logistic,bonferroni,0.25,,False,0,0,,1082,0,0,0.0,,,,deepseekv32maas
2026091280,rich_boost,fixed_sequence,0.1,,False,0,0,,1082,0,0,0.0,,,,deepseekv32maas
2026091280,rich_boost,bonferroni,0.1,,False,0,0,,1082,0,0,0.0,,,,deepseekv32maas
2026091280,rich_boost,fixed_sequence,0.14285714285714285,,False,0,0,,1082,0,0,0.0,,,,deepseekv32maas
2026091280,rich_boost,bonferroni,0.14285714285714285,,False,0,0,,1082,0,0,0.0,,,,deepseekv32maas
2026091280,rich_boost,fixed_sequence,0.2,,False,0,0,,1082,0,0,0.0,,,,deepseekv32maas
2026091280,rich_boost,bonferroni,0.2,,False,0,0,,1082,0,0,0.0,,,,deepseekv32maas
2026091280,rich_boost,fixed_sequence,0.25,,False,0,0,,1082,0,0,0.0,,,,deepseekv32maas
2026091280,rich_boost,bonferroni,0.25,,False,0,0,,1082,0,0,0.0,,,,deepseekv32maas
2026091281,raw_u,fixed_sequence,0.1,,False,0,0,,1082,0,0,0.0,,,,deepseekv32maas
2026091281,raw_u,bonferroni,0.1,,False,0,0,,1082,0,0,0.0,,,,deepseekv32maas
2026091281,raw_u,fixed_sequence,0.14285714285714285,,False,0,0,,1082,0,0,0.0,,,,deepseekv32maas
2026091281,raw_u,bonferroni,0.14285714285714285,,False,0,0,,1082,0,0,0.0,,,,deepseekv32maas
2026091281,raw_u,fixed_sequence,0.2,,False,0,0,,1082,0,0,0.0,,,,deepseekv32maas
2026091281,raw_u,bonferroni,0.2,,False,0,0,,1082,0,0,0.0,,,,deepseekv32maas
2026091281,raw_u,fixed_sequence,0.25,,False,0,0,,1082,0,0,0.0,,,,deepseekv32maas
2026091281,raw_u,bonferroni,0.25,,False,0,0,,1082,0,0,0.0,,,,deepseekv32maas
2026091281,u_boost,fixed_sequence,0.1,,False,0,0,,1082,0,0,0.0,,,,deepseekv32maas
2026091281,u_boost,bonferroni,0.1,,False,0,0,,1082,0,0,0.0,,,,deepseekv32maas
2026091281,u_boost,fixed_sequence,0.14285714285714285,,False,0,0,,1082,0,0,0.0,,,,deepseekv32maas
2026091281,u_boost,bonferroni,0.14285714285714285,,False,0,0,,1082,0,0,0.0,,,,deepseekv32maas
2026091281,u_boost,fixed_sequence,0.2,,False,0,0,,1082,0,0,0.0,,,,deepseekv32maas
2026091281,u_boost,bonferroni,0.2,,False,0,0,,1082,0,0,0.0,,,,deepseekv32maas
2026091281,u_boost,fixed_sequence,0.25,,False,0,0,,1082,0,0,0.0,,,,deepseekv32maas
2026091281,u_boost,bonferroni,0.25,,False,0,0,,1082,0,0,0.0,,,,deepseekv32maas
2026091281,rich_logistic,fixed_sequence,0.1,,False,0,0,,1082,0,0,0.0,,,,deepseekv32maas
2026091281,rich_logistic,bonferroni,0.1,,False,0,0,,1082,0,0,0.0,,,,deepseekv32maas
2026091281,rich_logistic,fixed_sequence,0.14285714285714285,,False,0,0,,1082,0,0,0.0,,,,deepseekv32maas
2026091281,rich_logistic,bonferroni,0.14285714285714285,,False,0,0,,1082,0,0,0.0,,,,deepseekv32maas
2026091281,rich_logistic,fixed_sequence,0.2,,False,0,0,,1082,0,0,0.0,,,,deepseekv32maas
2026091281,rich_logistic,bonferroni,0.2,,False,0,0,,1082,0,0,0.0,,,,deepseekv32maas
2026091281,rich_logistic,fixed_sequence,0.25,,False,0,0,,1082,0,0,0.0,,,,deepseekv32maas
2026091281,rich_logistic,bonferroni,0.25,,False,0,0,,1082,0,0,0.0,,,,deepseekv32maas
2026091281,rich_boost,fixed_sequence,0.1,,False,0,0,,1082,0,0,0.0,,,,deepseekv32maas
2026091281,rich_boost,bonferroni,0.1,,False,0,0,,1082,0,0,0.0,,,,deepseekv32maas
2026091281,rich_boost,fixed_sequence,0.14285714285714285,,False,0,0,,1082,0,0,0.0,,,,deepseekv32maas
2026091281,rich_boost,bonferroni,0.14285714285714285,,False,0,0,,1082,0,0,0.0,,,,deepseekv32maas
2026091281,rich_boost,fixed_sequence,0.2,,False,0,0,,1082,0,0,0.0,,,,deepseekv32maas
2026091281,rich_boost,bonferroni,0.2,,False,0,0,,1082,0,0,0.0,,,,deepseekv32maas
2026091281,rich_boost,fixed_sequence,0.25,,False,0,0,,1082,0,0,0.0,,,,deepseekv32maas
2026091281,rich_boost,bonferroni,0.25,,False,0,0,,1082,0,0,0.0,,,,deepseekv32maas
2026091282,raw_u,fixed_sequence,0.1,,False,0,0,,1082,0,0,0.0,,,,deepseekv32maas
2026091282,raw_u,bonferroni,0.1,,False,0,0,,1082,0,0,0.0,,,,deepseekv32maas
2026091282,raw_u,fixed_sequence,0.14285714285714285,,False,0,0,,1082,0,0,0.0,,,,deepseekv32maas
2026091282,raw_u,bonferroni,0.14285714285714285,,False,0,0,,1082,0,0,0.0,,,,deepseekv32maas
2026091282,raw_u,fixed_sequence,0.2,,False,0,0,,1082,0,0,0.0,,,,deepseekv32maas
2026091282,raw_u,bonferroni,0.2,,False,0,0,,1082,0,0,0.0,,,,deepseekv32maas
2026091282,raw_u,fixed_sequence,0.25,,False,0,0,,1082,0,0,0.0,,,,deepseekv32maas
2026091282,raw_u,bonferroni,0.25,,False,0,0,,1082,0,0,0.0,,,,deepseekv32maas
2026091282,u_boost,fixed_sequence,0.1,,False,0,0,,1082,0,0,0.0,,,,deepseekv32maas
2026091282,u_boost,bonferroni,0.1,,False,0,0,,1082,0,0,0.0,,,,deepseekv32maas
2026091282,u_boost,fixed_sequence,0.14285714285714285,,False,0,0,,1082,0,0,0.0,,,,deepseekv32maas
2026091282,u_boost,bonferroni,0.14285714285714285,,False,0,0,,1082,0,0,0.0,,,,deepseekv32maas
2026091282,u_boost,fixed_sequence,0.2,,False,0,0,,1082,0,0,0.0,,,,deepseekv32maas
2026091282,u_boost,bonferroni,0.2,,False,0,0,,1082,0,0,0.0,,,,deepseekv32maas
2026091282,u_boost,fixed_sequence,0.25,,False,0,0,,1082,0,0,0.0,,,,deepseekv32maas
2026091282,u_boost,bonferroni,0.25,,False,0,0,,1082,0,0,0.0,,,,deepseekv32maas
2026091282,rich_logistic,fixed_sequence,0.1,,False,0,0,,1082,0,0,0.0,,,,deepseekv32maas
2026091282,rich_logistic,bonferroni,0.1,,False,0,0,,1082,0,0,0.0,,,,deepseekv32maas
2026091282,rich_logistic,fixed_sequence,0.14285714285714285,,False,0,0,,1082,0,0,0.0,,,,deepseekv32maas
2026091282,rich_logistic,bonferroni,0.14285714285714285,,False,0,0,,1082,0,0,0.0,,,,deepseekv32maas
2026091282,rich_logistic,fixed_sequence,0.2,,False,0,0,,1082,0,0,0.0,,,,deepseekv32maas
2026091282,rich_logistic,bonferroni,0.2,,False,0,0,,1082,0,0,0.0,,,,deepseekv32maas
2026091282,rich_logistic,fixed_sequence,0.25,,False,0,0,,1082,0,0,0.0,,,,deepseekv32maas
2026091282,rich_logistic,bonferroni,0.25,,False,0,0,,1082,0,0,0.0,,,,deepseekv32maas
2026091282,rich_boost,fixed_sequence,0.1,,False,0,0,,1082,0,0,0.0,,,,deepseekv32maas
2026091282,rich_boost,bonferroni,0.1,,False,0,0,,1082,0,0,0.0,,,,deepseekv32maas
2026091282,rich_boost,fixed_sequence,0.14285714285714285,,False,0,0,,1082,0,0,0.0,,,,deepseekv32maas
2026091282,rich_boost,bonferroni,0.14285714285714285,,False,0,0,,1082,0,0,0.0,,,,deepseekv32maas
2026091282,rich_boost,fixed_sequence,0.2,,False,0,0,,1082,0,0,0.0,,,,deepseekv32maas
2026091282,rich_boost,bonferroni,0.2,,False,0,0,,1082,0,0,0.0,,,,deepseekv32maas
2026091282,rich_boost,fixed_sequence,0.25,,False,0,0,,1082,0,0,0.0,,,,deepseekv32maas
2026091282,rich_boost,bonferroni,0.25,,False,0,0,,1082,0,0,0.0,,,,deepseekv32maas
2026091283,raw_u,fixed_sequence,0.1,,False,0,0,,1082,0,0,0.0,,,,deepseekv32maas
2026091283,raw_u,bonferroni,0.1,,False,0,0,,1082,0,0,0.0,,,,deepseekv32maas
2026091283,raw_u,fixed_sequence,0.14285714285714285,,False,0,0,,1082,0,0,0.0,,,,deepseekv32maas
2026091283,raw_u,bonferroni,0.14285714285714285,,False,0,0,,1082,0,0,0.0,,,,deepseekv32maas
2026091283,raw_u,fixed_sequence,0.2,,False,0,0,,1082,0,0,0.0,,,,deepseekv32maas
2026091283,raw_u,bonferroni,0.2,,False,0,0,,1082,0,0,0.0,,,,deepseekv32maas
2026091283,raw_u,fixed_sequence,0.25,,False,0,0,,1082,0,0,0.0,,,,deepseekv32maas
2026091283,raw_u,bonferroni,0.25,,False,0,0,,1082,0,0,0.0,,,,deepseekv32maas
2026091283,u_boost,fixed_sequence,0.1,,False,0,0,,1082,0,0,0.0,,,,deepseekv32maas
2026091283,u_boost,bonferroni,0.1,,False,0,0,,1082,0,0,0.0,,,,deepseekv32maas
2026091283,u_boost,fixed_sequence,0.14285714285714285,,False,0,0,,1082,0,0,0.0,,,,deepseekv32maas
2026091283,u_boost,bonferroni,0.14285714285714285,,False,0,0,,1082,0,0,0.0,,,,deepseekv32maas
2026091283,u_boost,fixed_sequence,0.2,,False,0,0,,1082,0,0,0.0,,,,deepseekv32maas
2026091283,u_boost,bonferroni,0.2,,False,0,0,,1082,0,0,0.0,,,,deepseekv32maas
2026091283,u_boost,fixed_sequence,0.25,,False,0,0,,1082,0,0,0.0,,,,deepseekv32maas
2026091283,u_boost,bonferroni,0.25,,False,0,0,,1082,0,0,0.0,,,,deepseekv32maas
2026091283,rich_logistic,fixed_sequence,0.1,,False,0,0,,1082,0,0,0.0,,,,deepseekv32maas
2026091283,rich_logistic,bonferroni,0.1,,False,0,0,,1082,0,0,0.0,,,,deepseekv32maas
2026091283,rich_logistic,fixed_sequence,0.14285714285714285,,False,0,0,,1082,0,0,0.0,,,,deepseekv32maas
2026091283,rich_logistic,bonferroni,0.14285714285714285,,False,0,0,,1082,0,0,0.0,,,,deepseekv32maas
2026091283,rich_logistic,fixed_sequence,0.2,,False,0,0,,1082,0,0,0.0,,,,deepseekv32maas
2026091283,rich_logistic,bonferroni,0.2,,False,0,0,,1082,0,0,0.0,,,,deepseekv32maas
2026091283,rich_logistic,fixed_sequence,0.25,,False,0,0,,1082,0,0,0.0,,,,deepseekv32maas
2026091283,rich_logistic,bonferroni,0.25,,False,0,0,,1082,0,0,0.0,,,,deepseekv32maas
2026091283,rich_boost,fixed_sequence,0.1,,False,0,0,,1082,0,0,0.0,,,,deepseekv32maas
2026091283,rich_boost,bonferroni,0.1,,False,0,0,,1082,0,0,0.0,,,,deepseekv32maas
2026091283,rich_boost,fixed_sequence,0.14285714285714285,,False,0,0,,1082,0,0,0.0,,,,deepseekv32maas
2026091283,rich_boost,bonferroni,0.14285714285714285,,False,0,0,,1082,0,0,0.0,,,,deepseekv32maas
2026091283,rich_boost,fixed_sequence,0.2,,False,0,0,,1082,0,0,0.0,,,,deepseekv32maas
2026091283,rich_boost,bonferroni,0.2,,False,0,0,,1082,0,0,0.0,,,,deepseekv32maas
2026091283,rich_boost,fixed_sequence,0.25,,False,0,0,,1082,0,0,0.0,,,,deepseekv32maas
2026091283,rich_boost,bonferroni,0.25,,False,0,0,,1082,0,0,0.0,,,,deepseekv32maas
2026091284,raw_u,fixed_sequence,0.1,,False,0,0,,1082,0,0,0.0,,,,deepseekv32maas
2026091284,raw_u,bonferroni,0.1,,False,0,0,,1082,0,0,0.0,,,,deepseekv32maas
2026091284,raw_u,fixed_sequence,0.14285714285714285,,False,0,0,,1082,0,0,0.0,,,,deepseekv32maas
2026091284,raw_u,bonferroni,0.14285714285714285,,False,0,0,,1082,0,0,0.0,,,,deepseekv32maas
2026091284,raw_u,fixed_sequence,0.2,,False,0,0,,1082,0,0,0.0,,,,deepseekv32maas
2026091284,raw_u,bonferroni,0.2,,False,0,0,,1082,0,0,0.0,,,,deepseekv32maas
2026091284,raw_u,fixed_sequence,0.25,,False,0,0,,1082,0,0,0.0,,,,deepseekv32maas
2026091284,raw_u,bonferroni,0.25,,False,0,0,,1082,0,0,0.0,,,,deepseekv32maas
2026091284,u_boost,fixed_sequence,0.1,,False,0,0,,1082,0,0,0.0,,,,deepseekv32maas
2026091284,u_boost,bonferroni,0.1,,False,0,0,,1082,0,0,0.0,,,,deepseekv32maas
2026091284,u_boost,fixed_sequence,0.14285714285714285,,False,0,0,,1082,0,0,0.0,,,,deepseekv32maas
2026091284,u_boost,bonferroni,0.14285714285714285,,False,0,0,,1082,0,0,0.0,,,,deepseekv32maas
2026091284,u_boost,fixed_sequence,0.2,,False,0,0,,1082,0,0,0.0,,,,deepseekv32maas
2026091284,u_boost,bonferroni,0.2,,False,0,0,,1082,0,0,0.0,,,,deepseekv32maas
2026091284,u_boost,fixed_sequence,0.25,,False,0,0,,1082,0,0,0.0,,,,deepseekv32maas
2026091284,u_boost,bonferroni,0.25,,False,0,0,,1082,0,0,0.0,,,,deepseekv32maas
2026091284,rich_logistic,fixed_sequence,0.1,,False,0,0,,1082,0,0,0.0,,,,deepseekv32maas
2026091284,rich_logistic,bonferroni,0.1,,False,0,0,,1082,0,0,0.0,,,,deepseekv32maas
2026091284,rich_logistic,fixed_sequence,0.14285714285714285,,False,0,0,,1082,0,0,0.0,,,,deepseekv32maas
2026091284,rich_logistic,bonferroni,0.14285714285714285,,False,0,0,,1082,0,0,0.0,,,,deepseekv32maas
2026091284,rich_logistic,fixed_sequence,0.2,,False,0,0,,1082,0,0,0.0,,,,deepseekv32maas
2026091284,rich_logistic,bonferroni,0.2,,False,0,0,,1082,0,0,0.0,,,,deepseekv32maas
2026091284,rich_logistic,fixed_sequence,0.25,,False,0,0,,1082,0,0,0.0,,,,deepseekv32maas
2026091284,rich_logistic,bonferroni,0.25,,False,0,0,,1082,0,0,0.0,,,,deepseekv32maas
2026091284,rich_boost,fixed_sequence,0.1,,False,0,0,,1082,0,0,0.0,,,,deepseekv32maas
2026091284,rich_boost,bonferroni,0.1,,False,0,0,,1082,0,0,0.0,,,,deepseekv32maas
2026091284,rich_boost,fixed_sequence,0.14285714285714285,,False,0,0,,1082,0,0,0.0,,,,deepseekv32maas
2026091284,rich_boost,bonferroni,0.14285714285714285,,False,0,0,,1082,0,0,0.0,,,,deepseekv32maas
2026091284,rich_boost,fixed_sequence,0.2,,False,0,0,,1082,0,0,0.0,,,,deepseekv32maas
2026091284,rich_boost,bonferroni,0.2,,False,0,0,,1082,0,0,0.0,,,,deepseekv32maas
2026091284,rich_boost,fixed_sequence,0.25,,False,0,0,,1082,0,0,0.0,,,,deepseekv32maas
2026091284,rich_boost,bonferroni,0.25,,False,0,0,,1082,0,0,0.0,,,,deepseekv32maas
2026091285,raw_u,fixed_sequence,0.1,,False,0,0,,1082,0,0,0.0,,,,deepseekv32maas
2026091285,raw_u,bonferroni,0.1,,False,0,0,,1082,0,0,0.0,,,,deepseekv32maas
2026091285,raw_u,fixed_sequence,0.14285714285714285,,False,0,0,,1082,0,0,0.0,,,,deepseekv32maas
2026091285,raw_u,bonferroni,0.14285714285714285,,False,0,0,,1082,0,0,0.0,,,,deepseekv32maas
2026091285,raw_u,fixed_sequence,0.2,,False,0,0,,1082,0,0,0.0,,,,deepseekv32maas
2026091285,raw_u,bonferroni,0.2,,False,0,0,,1082,0,0,0.0,,,,deepseekv32maas
2026091285,raw_u,fixed_sequence,0.25,,False,0,0,,1082,0,0,0.0,,,,deepseekv32maas
2026091285,raw_u,bonferroni,0.25,,False,0,0,,1082,0,0,0.0,,,,deepseekv32maas
2026091285,u_boost,fixed_sequence,0.1,,False,0,0,,1082,0,0,0.0,,,,deepseekv32maas
2026091285,u_boost,bonferroni,0.1,,False,0,0,,1082,0,0,0.0,,,,deepseekv32maas
2026091285,u_boost,fixed_sequence,0.14285714285714285,,False,0,0,,1082,0,0,0.0,,,,deepseekv32maas
2026091285,u_boost,bonferroni,0.14285714285714285,,False,0,0,,1082,0,0,0.0,,,,deepseekv32maas
2026091285,u_boost,fixed_sequence,0.2,,False,0,0,,1082,0,0,0.0,,,,deepseekv32maas
2026091285,u_boost,bonferroni,0.2,,False,0,0,,1082,0,0,0.0,,,,deepseekv32maas
2026091285,u_boost,fixed_sequence,0.25,,False,0,0,,1082,0,0,0.0,,,,deepseekv32maas
2026091285,u_boost,bonferroni,0.25,,False,0,0,,1082,0,0,0.0,,,,deepseekv32maas
2026091285,rich_logistic,fixed_sequence,0.1,,False,0,0,,1082,0,0,0.0,,,,deepseekv32maas
2026091285,rich_logistic,bonferroni,0.1,,False,0,0,,1082,0,0,0.0,,,,deepseekv32maas
2026091285,rich_logistic,fixed_sequence,0.14285714285714285,,False,0,0,,1082,0,0,0.0,,,,deepseekv32maas
2026091285,rich_logistic,bonferroni,0.14285714285714285,,False,0,0,,1082,0,0,0.0,,,,deepseekv32maas
2026091285,rich_logistic,fixed_sequence,0.2,,False,0,0,,1082,0,0,0.0,,,,deepseekv32maas
2026091285,rich_logistic,bonferroni,0.2,,False,0,0,,1082,0,0,0.0,,,,deepseekv32maas
2026091285,rich_logistic,fixed_sequence,0.25,,False,0,0,,1082,0,0,0.0,,,,deepseekv32maas
2026091285,rich_logistic,bonferroni,0.25,,False,0,0,,1082,0,0,0.0,,,,deepseekv32maas
2026091285,rich_boost,fixed_sequence,0.1,,False,0,0,,1082,0,0,0.0,,,,deepseekv32maas
2026091285,rich_boost,bonferroni,0.1,,False,0,0,,1082,0,0,0.0,,,,deepseekv32maas
2026091285,rich_boost,fixed_sequence,0.14285714285714285,,False,0,0,,1082,0,0,0.0,,,,deepseekv32maas
2026091285,rich_boost,bonferroni,0.14285714285714285,,False,0,0,,1082,0,0,0.0,,,,deepseekv32maas
2026091285,rich_boost,fixed_sequence,0.2,,False,0,0,,1082,0,0,0.0,,,,deepseekv32maas
2026091285,rich_boost,bonferroni,0.2,,False,0,0,,1082,0,0,0.0,,,,deepseekv32maas
2026091285,rich_boost,fixed_sequence,0.25,,False,0,0,,1082,0,0,0.0,,,,deepseekv32maas
2026091285,rich_boost,bonferroni,0.25,,False,0,0,,1082,0,0,0.0,,,,deepseekv32maas
2026091286,raw_u,fixed_sequence,0.1,,False,0,0,,1082,0,0,0.0,,,,deepseekv32maas
2026091286,raw_u,bonferroni,0.1,,False,0,0,,1082,0,0,0.0,,,,deepseekv32maas
2026091286,raw_u,fixed_sequence,0.14285714285714285,,False,0,0,,1082,0,0,0.0,,,,deepseekv32maas
2026091286,raw_u,bonferroni,0.14285714285714285,,False,0,0,,1082,0,0,0.0,,,,deepseekv32maas
2026091286,raw_u,fixed_sequence,0.2,,False,0,0,,1082,0,0,0.0,,,,deepseekv32maas
2026091286,raw_u,bonferroni,0.2,,False,0,0,,1082,0,0,0.0,,,,deepseekv32maas
2026091286,raw_u,fixed_sequence,0.25,,False,0,0,,1082,0,0,0.0,,,,deepseekv32maas
2026091286,raw_u,bonferroni,0.25,,False,0,0,,1082,0,0,0.0,,,,deepseekv32maas
2026091286,u_boost,fixed_sequence,0.1,,False,0,0,,1082,0,0,0.0,,,,deepseekv32maas
2026091286,u_boost,bonferroni,0.1,,False,0,0,,1082,0,0,0.0,,,,deepseekv32maas
2026091286,u_boost,fixed_sequence,0.14285714285714285,,False,0,0,,1082,0,0,0.0,,,,deepseekv32maas
2026091286,u_boost,bonferroni,0.14285714285714285,,False,0,0,,1082,0,0,0.0,,,,deepseekv32maas
2026091286,u_boost,fixed_sequence,0.2,,False,0,0,,1082,0,0,0.0,,,,deepseekv32maas
2026091286,u_boost,bonferroni,0.2,,False,0,0,,1082,0,0,0.0,,,,deepseekv32maas
2026091286,u_boost,fixed_sequence,0.25,,False,0,0,,1082,0,0,0.0,,,,deepseekv32maas
2026091286,u_boost,bonferroni,0.25,,False,0,0,,1082,0,0,0.0,,,,deepseekv32maas
2026091286,rich_logistic,fixed_sequence,0.1,,False,0,0,,1082,0,0,0.0,,,,deepseekv32maas
2026091286,rich_logistic,bonferroni,0.1,,False,0,0,,1082,0,0,0.0,,,,deepseekv32maas
2026091286,rich_logistic,fixed_sequence,0.14285714285714285,,False,0,0,,1082,0,0,0.0,,,,deepseekv32maas
2026091286,rich_logistic,bonferroni,0.14285714285714285,,False,0,0,,1082,0,0,0.0,,,,deepseekv32maas
2026091286,rich_logistic,fixed_sequence,0.2,,False,0,0,,1082,0,0,0.0,,,,deepseekv32maas
2026091286,rich_logistic,bonferroni,0.2,,False,0,0,,1082,0,0,0.0,,,,deepseekv32maas
2026091286,rich_logistic,fixed_sequence,0.25,,False,0,0,,1082,0,0,0.0,,,,deepseekv32maas
2026091286,rich_logistic,bonferroni,0.25,,False,0,0,,1082,0,0,0.0,,,,deepseekv32maas
2026091286,rich_boost,fixed_sequence,0.1,,False,0,0,,1082,0,0,0.0,,,,deepseekv32maas
2026091286,rich_boost,bonferroni,0.1,,False,0,0,,1082,0,0,0.0,,,,deepseekv32maas
2026091286,rich_boost,fixed_sequence,0.14285714285714285,,False,0,0,,1082,0,0,0.0,,,,deepseekv32maas
2026091286,rich_boost,bonferroni,0.14285714285714285,,False,0,0,,1082,0,0,0.0,,,,deepseekv32maas
2026091286,rich_boost,fixed_sequence,0.2,,False,0,0,,1082,0,0,0.0,,,,deepseekv32maas
2026091286,rich_boost,bonferroni,0.2,,False,0,0,,1082,0,0,0.0,,,,deepseekv32maas
2026091286,rich_boost,fixed_sequence,0.25,,False,0,0,,1082,0,0,0.0,,,,deepseekv32maas
2026091286,rich_boost,bonferroni,0.25,,False,0,0,,1082,0,0,0.0,,,,deepseekv32maas
2026091287,raw_u,fixed_sequence,0.1,,False,0,0,,1082,0,0,0.0,,,,deepseekv32maas
2026091287,raw_u,bonferroni,0.1,,False,0,0,,1082,0,0,0.0,,,,deepseekv32maas
2026091287,raw_u,fixed_sequence,0.14285714285714285,,False,0,0,,1082,0,0,0.0,,,,deepseekv32maas
2026091287,raw_u,bonferroni,0.14285714285714285,,False,0,0,,1082,0,0,0.0,,,,deepseekv32maas
2026091287,raw_u,fixed_sequence,0.2,,False,0,0,,1082,0,0,0.0,,,,deepseekv32maas
2026091287,raw_u,bonferroni,0.2,,False,0,0,,1082,0,0,0.0,,,,deepseekv32maas
2026091287,raw_u,fixed_sequence,0.25,,False,0,0,,1082,0,0,0.0,,,,deepseekv32maas
2026091287,raw_u,bonferroni,0.25,,False,0,0,,1082,0,0,0.0,,,,deepseekv32maas
2026091287,u_boost,fixed_sequence,0.1,,False,0,0,,1082,0,0,0.0,,,,deepseekv32maas
2026091287,u_boost,bonferroni,0.1,,False,0,0,,1082,0,0,0.0,,,,deepseekv32maas
2026091287,u_boost,fixed_sequence,0.14285714285714285,,False,0,0,,1082,0,0,0.0,,,,deepseekv32maas
2026091287,u_boost,bonferroni,0.14285714285714285,,False,0,0,,1082,0,0,0.0,,,,deepseekv32maas
2026091287,u_boost,fixed_sequence,0.2,,False,0,0,,1082,0,0,0.0,,,,deepseekv32maas
2026091287,u_boost,bonferroni,0.2,,False,0,0,,1082,0,0,0.0,,,,deepseekv32maas
2026091287,u_boost,fixed_sequence,0.25,,False,0,0,,1082,0,0,0.0,,,,deepseekv32maas
2026091287,u_boost,bonferroni,0.25,,False,0,0,,1082,0,0,0.0,,,,deepseekv32maas
2026091287,rich_logistic,fixed_sequence,0.1,,False,0,0,,1082,0,0,0.0,,,,deepseekv32maas
2026091287,rich_logistic,bonferroni,0.1,,False,0,0,,1082,0,0,0.0,,,,deepseekv32maas
2026091287,rich_logistic,fixed_sequence,0.14285714285714285,,False,0,0,,1082,0,0,0.0,,,,deepseekv32maas
2026091287,rich_logistic,bonferroni,0.14285714285714285,,False,0,0,,1082,0,0,0.0,,,,deepseekv32maas
2026091287,rich_logistic,fixed_sequence,0.2,,False,0,0,,1082,0,0,0.0,,,,deepseekv32maas
2026091287,rich_logistic,bonferroni,0.2,,False,0,0,,1082,0,0,0.0,,,,deepseekv32maas
2026091287,rich_logistic,fixed_sequence,0.25,,False,0,0,,1082,0,0,0.0,,,,deepseekv32maas
2026091287,rich_logistic,bonferroni,0.25,,False,0,0,,1082,0,0,0.0,,,,deepseekv32maas
2026091287,rich_boost,fixed_sequence,0.1,,False,0,0,,1082,0,0,0.0,,,,deepseekv32maas
2026091287,rich_boost,bonferroni,0.1,,False,0,0,,1082,0,0,0.0,,,,deepseekv32maas
2026091287,rich_boost,fixed_sequence,0.14285714285714285,,False,0,0,,1082,0,0,0.0,,,,deepseekv32maas
2026091287,rich_boost,bonferroni,0.14285714285714285,,False,0,0,,1082,0,0,0.0,,,,deepseekv32maas
2026091287,rich_boost,fixed_sequence,0.2,,False,0,0,,1082,0,0,0.0,,,,deepseekv32maas
2026091287,rich_boost,bonferroni,0.2,,False,0,0,,1082,0,0,0.0,,,,deepseekv32maas
2026091287,rich_boost,fixed_sequence,0.25,,False,0,0,,1082,0,0,0.0,,,,deepseekv32maas
2026091287,rich_boost,bonferroni,0.25,,False,0,0,,1082,0,0,0.0,,,,deepseekv32maas
2026091288,raw_u,fixed_sequence,0.1,,False,0,0,,1082,0,0,0.0,,,,deepseekv32maas
2026091288,raw_u,bonferroni,0.1,,False,0,0,,1082,0,0,0.0,,,,deepseekv32maas
2026091288,raw_u,fixed_sequence,0.14285714285714285,,False,0,0,,1082,0,0,0.0,,,,deepseekv32maas
2026091288,raw_u,bonferroni,0.14285714285714285,,False,0,0,,1082,0,0,0.0,,,,deepseekv32maas
2026091288,raw_u,fixed_sequence,0.2,,False,0,0,,1082,0,0,0.0,,,,deepseekv32maas
2026091288,raw_u,bonferroni,0.2,,False,0,0,,1082,0,0,0.0,,,,deepseekv32maas
2026091288,raw_u,fixed_sequence,0.25,,False,0,0,,1082,0,0,0.0,,,,deepseekv32maas
2026091288,raw_u,bonferroni,0.25,,False,0,0,,1082,0,0,0.0,,,,deepseekv32maas
2026091288,u_boost,fixed_sequence,0.1,,False,0,0,,1082,0,0,0.0,,,,deepseekv32maas
2026091288,u_boost,bonferroni,0.1,,False,0,0,,1082,0,0,0.0,,,,deepseekv32maas
2026091288,u_boost,fixed_sequence,0.14285714285714285,,False,0,0,,1082,0,0,0.0,,,,deepseekv32maas
2026091288,u_boost,bonferroni,0.14285714285714285,,False,0,0,,1082,0,0,0.0,,,,deepseekv32maas
2026091288,u_boost,fixed_sequence,0.2,,False,0,0,,1082,0,0,0.0,,,,deepseekv32maas
2026091288,u_boost,bonferroni,0.2,,False,0,0,,1082,0,0,0.0,,,,deepseekv32maas
2026091288,u_boost,fixed_sequence,0.25,,False,0,0,,1082,0,0,0.0,,,,deepseekv32maas
2026091288,u_boost,bonferroni,0.25,,False,0,0,,1082,0,0,0.0,,,,deepseekv32maas
2026091288,rich_logistic,fixed_sequence,0.1,,False,0,0,,1082,0,0,0.0,,,,deepseekv32maas
2026091288,rich_logistic,bonferroni,0.1,,False,0,0,,1082,0,0,0.0,,,,deepseekv32maas
2026091288,rich_logistic,fixed_sequence,0.14285714285714285,,False,0,0,,1082,0,0,0.0,,,,deepseekv32maas
2026091288,rich_logistic,bonferroni,0.14285714285714285,,False,0,0,,1082,0,0,0.0,,,,deepseekv32maas
2026091288,rich_logistic,fixed_sequence,0.2,,False,0,0,,1082,0,0,0.0,,,,deepseekv32maas
2026091288,rich_logistic,bonferroni,0.2,,False,0,0,,1082,0,0,0.0,,,,deepseekv32maas
2026091288,rich_logistic,fixed_sequence,0.25,,False,0,0,,1082,0,0,0.0,,,,deepseekv32maas
2026091288,rich_logistic,bonferroni,0.25,,False,0,0,,1082,0,0,0.0,,,,deepseekv32maas
2026091288,rich_boost,fixed_sequence,0.1,,False,0,0,,1082,0,0,0.0,,,,deepseekv32maas
2026091288,rich_boost,bonferroni,0.1,,False,0,0,,1082,0,0,0.0,,,,deepseekv32maas
2026091288,rich_boost,fixed_sequence,0.14285714285714285,,False,0,0,,1082,0,0,0.0,,,,deepseekv32maas
2026091288,rich_boost,bonferroni,0.14285714285714285,,False,0,0,,1082,0,0,0.0,,,,deepseekv32maas
2026091288,rich_boost,fixed_sequence,0.2,,False,0,0,,1082,0,0,0.0,,,,deepseekv32maas
2026091288,rich_boost,bonferroni,0.2,,False,0,0,,1082,0,0,0.0,,,,deepseekv32maas
2026091288,rich_boost,fixed_sequence,0.25,,False,0,0,,1082,0,0,0.0,,,,deepseekv32maas
2026091288,rich_boost,bonferroni,0.25,,False,0,0,,1082,0,0,0.0,,,,deepseekv32maas
2026091289,raw_u,fixed_sequence,0.1,,False,0,0,,1082,0,0,0.0,,,,deepseekv32maas
2026091289,raw_u,bonferroni,0.1,,False,0,0,,1082,0,0,0.0,,,,deepseekv32maas
2026091289,raw_u,fixed_sequence,0.14285714285714285,,False,0,0,,1082,0,0,0.0,,,,deepseekv32maas
2026091289,raw_u,bonferroni,0.14285714285714285,,False,0,0,,1082,0,0,0.0,,,,deepseekv32maas
2026091289,raw_u,fixed_sequence,0.2,,False,0,0,,1082,0,0,0.0,,,,deepseekv32maas
2026091289,raw_u,bonferroni,0.2,,False,0,0,,1082,0,0,0.0,,,,deepseekv32maas
2026091289,raw_u,fixed_sequence,0.25,,False,0,0,,1082,0,0,0.0,,,,deepseekv32maas
2026091289,raw_u,bonferroni,0.25,,False,0,0,,1082,0,0,0.0,,,,deepseekv32maas
2026091289,u_boost,fixed_sequence,0.1,,False,0,0,,1082,0,0,0.0,,,,deepseekv32maas
2026091289,u_boost,bonferroni,0.1,,False,0,0,,1082,0,0,0.0,,,,deepseekv32maas
2026091289,u_boost,fixed_sequence,0.14285714285714285,,False,0,0,,1082,0,0,0.0,,,,deepseekv32maas
2026091289,u_boost,bonferroni,0.14285714285714285,,False,0,0,,1082,0,0,0.0,,,,deepseekv32maas
2026091289,u_boost,fixed_sequence,0.2,,False,0,0,,1082,0,0,0.0,,,,deepseekv32maas
2026091289,u_boost,bonferroni,0.2,,False,0,0,,1082,0,0,0.0,,,,deepseekv32maas
2026091289,u_boost,fixed_sequence,0.25,,False,0,0,,1082,0,0,0.0,,,,deepseekv32maas
2026091289,u_boost,bonferroni,0.25,,False,0,0,,1082,0,0,0.0,,,,deepseekv32maas
2026091289,rich_logistic,fixed_sequence,0.1,,False,0,0,,1082,0,0,0.0,,,,deepseekv32maas
2026091289,rich_logistic,bonferroni,0.1,,False,0,0,,1082,0,0,0.0,,,,deepseekv32maas
2026091289,rich_logistic,fixed_sequence,0.14285714285714285,,False,0,0,,1082,0,0,0.0,,,,deepseekv32maas
2026091289,rich_logistic,bonferroni,0.14285714285714285,,False,0,0,,1082,0,0,0.0,,,,deepseekv32maas
2026091289,rich_logistic,fixed_sequence,0.2,,False,0,0,,1082,0,0,0.0,,,,deepseekv32maas
2026091289,rich_logistic,bonferroni,0.2,,False,0,0,,1082,0,0,0.0,,,,deepseekv32maas
2026091289,rich_logistic,fixed_sequence,0.25,,False,0,0,,1082,0,0,0.0,,,,deepseekv32maas
2026091289,rich_logistic,bonferroni,0.25,,False,0,0,,1082,0,0,0.0,,,,deepseekv32maas
2026091289,rich_boost,fixed_sequence,0.1,,False,0,0,,1082,0,0,0.0,,,,deepseekv32maas
2026091289,rich_boost,bonferroni,0.1,,False,0,0,,1082,0,0,0.0,,,,deepseekv32maas
2026091289,rich_boost,fixed_sequence,0.14285714285714285,,False,0,0,,1082,0,0,0.0,,,,deepseekv32maas
2026091289,rich_boost,bonferroni,0.14285714285714285,,False,0,0,,1082,0,0,0.0,,,,deepseekv32maas
2026091289,rich_boost,fixed_sequence,0.2,,False,0,0,,1082,0,0,0.0,,,,deepseekv32maas
2026091289,rich_boost,bonferroni,0.2,,False,0,0,,1082,0,0,0.0,,,,deepseekv32maas
2026091289,rich_boost,fixed_sequence,0.25,,False,0,0,,1082,0,0,0.0,,,,deepseekv32maas
2026091289,rich_boost,bonferroni,0.25,,False,0,0,,1082,0,0,0.0,,,,deepseekv32maas
2026091290,raw_u,fixed_sequence,0.1,,False,0,0,,1082,0,0,0.0,,,,deepseekv32maas
2026091290,raw_u,bonferroni,0.1,,False,0,0,,1082,0,0,0.0,,,,deepseekv32maas
2026091290,raw_u,fixed_sequence,0.14285714285714285,,False,0,0,,1082,0,0,0.0,,,,deepseekv32maas
2026091290,raw_u,bonferroni,0.14285714285714285,,False,0,0,,1082,0,0,0.0,,,,deepseekv32maas
2026091290,raw_u,fixed_sequence,0.2,,False,0,0,,1082,0,0,0.0,,,,deepseekv32maas
2026091290,raw_u,bonferroni,0.2,,False,0,0,,1082,0,0,0.0,,,,deepseekv32maas
2026091290,raw_u,fixed_sequence,0.25,,False,0,0,,1082,0,0,0.0,,,,deepseekv32maas
2026091290,raw_u,bonferroni,0.25,,False,0,0,,1082,0,0,0.0,,,,deepseekv32maas
2026091290,u_boost,fixed_sequence,0.1,,False,0,0,,1082,0,0,0.0,,,,deepseekv32maas
2026091290,u_boost,bonferroni,0.1,,False,0,0,,1082,0,0,0.0,,,,deepseekv32maas
2026091290,u_boost,fixed_sequence,0.14285714285714285,,False,0,0,,1082,0,0,0.0,,,,deepseekv32maas
2026091290,u_boost,bonferroni,0.14285714285714285,,False,0,0,,1082,0,0,0.0,,,,deepseekv32maas
2026091290,u_boost,fixed_sequence,0.2,,False,0,0,,1082,0,0,0.0,,,,deepseekv32maas
2026091290,u_boost,bonferroni,0.2,,False,0,0,,1082,0,0,0.0,,,,deepseekv32maas
2026091290,u_boost,fixed_sequence,0.25,,False,0,0,,1082,0,0,0.0,,,,deepseekv32maas
2026091290,u_boost,bonferroni,0.25,,False,0,0,,1082,0,0,0.0,,,,deepseekv32maas
2026091290,rich_logistic,fixed_sequence,0.1,,False,0,0,,1082,0,0,0.0,,,,deepseekv32maas
2026091290,rich_logistic,bonferroni,0.1,,False,0,0,,1082,0,0,0.0,,,,deepseekv32maas
2026091290,rich_logistic,fixed_sequence,0.14285714285714285,,False,0,0,,1082,0,0,0.0,,,,deepseekv32maas
2026091290,rich_logistic,bonferroni,0.14285714285714285,,False,0,0,,1082,0,0,0.0,,,,deepseekv32maas
2026091290,rich_logistic,fixed_sequence,0.2,,False,0,0,,1082,0,0,0.0,,,,deepseekv32maas
2026091290,rich_logistic,bonferroni,0.2,,False,0,0,,1082,0,0,0.0,,,,deepseekv32maas
2026091290,rich_logistic,fixed_sequence,0.25,,False,0,0,,1082,0,0,0.0,,,,deepseekv32maas
2026091290,rich_logistic,bonferroni,0.25,,False,0,0,,1082,0,0,0.0,,,,deepseekv32maas
2026091290,rich_boost,fixed_sequence,0.1,,False,0,0,,1082,0,0,0.0,,,,deepseekv32maas
2026091290,rich_boost,bonferroni,0.1,,False,0,0,,1082,0,0,0.0,,,,deepseekv32maas
2026091290,rich_boost,fixed_sequence,0.14285714285714285,,False,0,0,,1082,0,0,0.0,,,,deepseekv32maas
2026091290,rich_boost,bonferroni,0.14285714285714285,,False,0,0,,1082,0,0,0.0,,,,deepseekv32maas
2026091290,rich_boost,fixed_sequence,0.2,,False,0,0,,1082,0,0,0.0,,,,deepseekv32maas
2026091290,rich_boost,bonferroni,0.2,,False,0,0,,1082,0,0,0.0,,,,deepseekv32maas
2026091290,rich_boost,fixed_sequence,0.25,,False,0,0,,1082,0,0,0.0,,,,deepseekv32maas
2026091290,rich_boost,bonferroni,0.25,,False,0,0,,1082,0,0,0.0,,,,deepseekv32maas
2026091291,raw_u,fixed_sequence,0.1,,False,0,0,,1082,0,0,0.0,,,,deepseekv32maas
2026091291,raw_u,bonferroni,0.1,,False,0,0,,1082,0,0,0.0,,,,deepseekv32maas
2026091291,raw_u,fixed_sequence,0.14285714285714285,,False,0,0,,1082,0,0,0.0,,,,deepseekv32maas
2026091291,raw_u,bonferroni,0.14285714285714285,,False,0,0,,1082,0,0,0.0,,,,deepseekv32maas
2026091291,raw_u,fixed_sequence,0.2,,False,0,0,,1082,0,0,0.0,,,,deepseekv32maas
2026091291,raw_u,bonferroni,0.2,,False,0,0,,1082,0,0,0.0,,,,deepseekv32maas
2026091291,raw_u,fixed_sequence,0.25,,False,0,0,,1082,0,0,0.0,,,,deepseekv32maas
2026091291,raw_u,bonferroni,0.25,,False,0,0,,1082,0,0,0.0,,,,deepseekv32maas
2026091291,u_boost,fixed_sequence,0.1,,False,0,0,,1082,0,0,0.0,,,,deepseekv32maas
2026091291,u_boost,bonferroni,0.1,,False,0,0,,1082,0,0,0.0,,,,deepseekv32maas
2026091291,u_boost,fixed_sequence,0.14285714285714285,,False,0,0,,1082,0,0,0.0,,,,deepseekv32maas
2026091291,u_boost,bonferroni,0.14285714285714285,,False,0,0,,1082,0,0,0.0,,,,deepseekv32maas
2026091291,u_boost,fixed_sequence,0.2,,False,0,0,,1082,0,0,0.0,,,,deepseekv32maas
2026091291,u_boost,bonferroni,0.2,,False,0,0,,1082,0,0,0.0,,,,deepseekv32maas
2026091291,u_boost,fixed_sequence,0.25,,False,0,0,,1082,0,0,0.0,,,,deepseekv32maas
2026091291,u_boost,bonferroni,0.25,,False,0,0,,1082,0,0,0.0,,,,deepseekv32maas
2026091291,rich_logistic,fixed_sequence,0.1,,False,0,0,,1082,0,0,0.0,,,,deepseekv32maas
2026091291,rich_logistic,bonferroni,0.1,,False,0,0,,1082,0,0,0.0,,,,deepseekv32maas
2026091291,rich_logistic,fixed_sequence,0.14285714285714285,,False,0,0,,1082,0,0,0.0,,,,deepseekv32maas
2026091291,rich_logistic,bonferroni,0.14285714285714285,,False,0,0,,1082,0,0,0.0,,,,deepseekv32maas
2026091291,rich_logistic,fixed_sequence,0.2,,False,0,0,,1082,0,0,0.0,,,,deepseekv32maas
2026091291,rich_logistic,bonferroni,0.2,,False,0,0,,1082,0,0,0.0,,,,deepseekv32maas
2026091291,rich_logistic,fixed_sequence,0.25,,False,0,0,,1082,0,0,0.0,,,,deepseekv32maas
2026091291,rich_logistic,bonferroni,0.25,,False,0,0,,1082,0,0,0.0,,,,deepseekv32maas
2026091291,rich_boost,fixed_sequence,0.1,,False,0,0,,1082,0,0,0.0,,,,deepseekv32maas
2026091291,rich_boost,bonferroni,0.1,,False,0,0,,1082,0,0,0.0,,,,deepseekv32maas
2026091291,rich_boost,fixed_sequence,0.14285714285714285,,False,0,0,,1082,0,0,0.0,,,,deepseekv32maas
2026091291,rich_boost,bonferroni,0.14285714285714285,,False,0,0,,1082,0,0,0.0,,,,deepseekv32maas
2026091291,rich_boost,fixed_sequence,0.2,,False,0,0,,1082,0,0,0.0,,,,deepseekv32maas
2026091291,rich_boost,bonferroni,0.2,,False,0,0,,1082,0,0,0.0,,,,deepseekv32maas
2026091291,rich_boost,fixed_sequence,0.25,,False,0,0,,1082,0,0,0.0,,,,deepseekv32maas
2026091291,rich_boost,bonferroni,0.25,,False,0,0,,1082,0,0,0.0,,,,deepseekv32maas
2026091292,raw_u,fixed_sequence,0.1,,False,0,0,,1082,0,0,0.0,,,,deepseekv32maas
2026091292,raw_u,bonferroni,0.1,,False,0,0,,1082,0,0,0.0,,,,deepseekv32maas
2026091292,raw_u,fixed_sequence,0.14285714285714285,,False,0,0,,1082,0,0,0.0,,,,deepseekv32maas
2026091292,raw_u,bonferroni,0.14285714285714285,,False,0,0,,1082,0,0,0.0,,,,deepseekv32maas
2026091292,raw_u,fixed_sequence,0.2,,False,0,0,,1082,0,0,0.0,,,,deepseekv32maas
2026091292,raw_u,bonferroni,0.2,,False,0,0,,1082,0,0,0.0,,,,deepseekv32maas
2026091292,raw_u,fixed_sequence,0.25,,False,0,0,,1082,0,0,0.0,,,,deepseekv32maas
2026091292,raw_u,bonferroni,0.25,,False,0,0,,1082,0,0,0.0,,,,deepseekv32maas
2026091292,u_boost,fixed_sequence,0.1,,False,0,0,,1082,0,0,0.0,,,,deepseekv32maas
2026091292,u_boost,bonferroni,0.1,,False,0,0,,1082,0,0,0.0,,,,deepseekv32maas
2026091292,u_boost,fixed_sequence,0.14285714285714285,,False,0,0,,1082,0,0,0.0,,,,deepseekv32maas
2026091292,u_boost,bonferroni,0.14285714285714285,,False,0,0,,1082,0,0,0.0,,,,deepseekv32maas
2026091292,u_boost,fixed_sequence,0.2,,False,0,0,,1082,0,0,0.0,,,,deepseekv32maas
2026091292,u_boost,bonferroni,0.2,,False,0,0,,1082,0,0,0.0,,,,deepseekv32maas
2026091292,u_boost,fixed_sequence,0.25,,False,0,0,,1082,0,0,0.0,,,,deepseekv32maas
2026091292,u_boost,bonferroni,0.25,,False,0,0,,1082,0,0,0.0,,,,deepseekv32maas
2026091292,rich_logistic,fixed_sequence,0.1,,False,0,0,,1082,0,0,0.0,,,,deepseekv32maas
2026091292,rich_logistic,bonferroni,0.1,,False,0,0,,1082,0,0,0.0,,,,deepseekv32maas
2026091292,rich_logistic,fixed_sequence,0.14285714285714285,,False,0,0,,1082,0,0,0.0,,,,deepseekv32maas
2026091292,rich_logistic,bonferroni,0.14285714285714285,,False,0,0,,1082,0,0,0.0,,,,deepseekv32maas
2026091292,rich_logistic,fixed_sequence,0.2,,False,0,0,,1082,0,0,0.0,,,,deepseekv32maas
2026091292,rich_logistic,bonferroni,0.2,,False,0,0,,1082,0,0,0.0,,,,deepseekv32maas
2026091292,rich_logistic,fixed_sequence,0.25,,False,0,0,,1082,0,0,0.0,,,,deepseekv32maas
2026091292,rich_logistic,bonferroni,0.25,,False,0,0,,1082,0,0,0.0,,,,deepseekv32maas
2026091292,rich_boost,fixed_sequence,0.1,,False,0,0,,1082,0,0,0.0,,,,deepseekv32maas
2026091292,rich_boost,bonferroni,0.1,,False,0,0,,1082,0,0,0.0,,,,deepseekv32maas
2026091292,rich_boost,fixed_sequence,0.14285714285714285,,False,0,0,,1082,0,0,0.0,,,,deepseekv32maas
2026091292,rich_boost,bonferroni,0.14285714285714285,,False,0,0,,1082,0,0,0.0,,,,deepseekv32maas
2026091292,rich_boost,fixed_sequence,0.2,,False,0,0,,1082,0,0,0.0,,,,deepseekv32maas
2026091292,rich_boost,bonferroni,0.2,,False,0,0,,1082,0,0,0.0,,,,deepseekv32maas
2026091292,rich_boost,fixed_sequence,0.25,,False,0,0,,1082,0,0,0.0,,,,deepseekv32maas
2026091292,rich_boost,bonferroni,0.25,,False,0,0,,1082,0,0,0.0,,,,deepseekv32maas
2026091293,raw_u,fixed_sequence,0.1,,False,0,0,,1082,0,0,0.0,,,,deepseekv32maas
2026091293,raw_u,bonferroni,0.1,,False,0,0,,1082,0,0,0.0,,,,deepseekv32maas
2026091293,raw_u,fixed_sequence,0.14285714285714285,,False,0,0,,1082,0,0,0.0,,,,deepseekv32maas
2026091293,raw_u,bonferroni,0.14285714285714285,,False,0,0,,1082,0,0,0.0,,,,deepseekv32maas
2026091293,raw_u,fixed_sequence,0.2,,False,0,0,,1082,0,0,0.0,,,,deepseekv32maas
2026091293,raw_u,bonferroni,0.2,,False,0,0,,1082,0,0,0.0,,,,deepseekv32maas
2026091293,raw_u,fixed_sequence,0.25,,False,0,0,,1082,0,0,0.0,,,,deepseekv32maas
2026091293,raw_u,bonferroni,0.25,,False,0,0,,1082,0,0,0.0,,,,deepseekv32maas
2026091293,u_boost,fixed_sequence,0.1,,False,0,0,,1082,0,0,0.0,,,,deepseekv32maas
2026091293,u_boost,bonferroni,0.1,,False,0,0,,1082,0,0,0.0,,,,deepseekv32maas
2026091293,u_boost,fixed_sequence,0.14285714285714285,,False,0,0,,1082,0,0,0.0,,,,deepseekv32maas
2026091293,u_boost,bonferroni,0.14285714285714285,,False,0,0,,1082,0,0,0.0,,,,deepseekv32maas
2026091293,u_boost,fixed_sequence,0.2,,False,0,0,,1082,0,0,0.0,,,,deepseekv32maas
2026091293,u_boost,bonferroni,0.2,,False,0,0,,1082,0,0,0.0,,,,deepseekv32maas
2026091293,u_boost,fixed_sequence,0.25,,False,0,0,,1082,0,0,0.0,,,,deepseekv32maas
2026091293,u_boost,bonferroni,0.25,,False,0,0,,1082,0,0,0.0,,,,deepseekv32maas
2026091293,rich_logistic,fixed_sequence,0.1,,False,0,0,,1082,0,0,0.0,,,,deepseekv32maas
2026091293,rich_logistic,bonferroni,0.1,,False,0,0,,1082,0,0,0.0,,,,deepseekv32maas
2026091293,rich_logistic,fixed_sequence,0.14285714285714285,,False,0,0,,1082,0,0,0.0,,,,deepseekv32maas
2026091293,rich_logistic,bonferroni,0.14285714285714285,,False,0,0,,1082,0,0,0.0,,,,deepseekv32maas
2026091293,rich_logistic,fixed_sequence,0.2,,False,0,0,,1082,0,0,0.0,,,,deepseekv32maas
2026091293,rich_logistic,bonferroni,0.2,,False,0,0,,1082,0,0,0.0,,,,deepseekv32maas
2026091293,rich_logistic,fixed_sequence,0.25,,False,0,0,,1082,0,0,0.0,,,,deepseekv32maas
2026091293,rich_logistic,bonferroni,0.25,,False,0,0,,1082,0,0,0.0,,,,deepseekv32maas
2026091293,rich_boost,fixed_sequence,0.1,,False,0,0,,1082,0,0,0.0,,,,deepseekv32maas
2026091293,rich_boost,bonferroni,0.1,,False,0,0,,1082,0,0,0.0,,,,deepseekv32maas
2026091293,rich_boost,fixed_sequence,0.14285714285714285,,False,0,0,,1082,0,0,0.0,,,,deepseekv32maas
2026091293,rich_boost,bonferroni,0.14285714285714285,,False,0,0,,1082,0,0,0.0,,,,deepseekv32maas
2026091293,rich_boost,fixed_sequence,0.2,,False,0,0,,1082,0,0,0.0,,,,deepseekv32maas
2026091293,rich_boost,bonferroni,0.2,,False,0,0,,1082,0,0,0.0,,,,deepseekv32maas
2026091293,rich_boost,fixed_sequence,0.25,,False,0,0,,1082,0,0,0.0,,,,deepseekv32maas
2026091293,rich_boost,bonferroni,0.25,,False,0,0,,1082,0,0,0.0,,,,deepseekv32maas
2026091294,raw_u,fixed_sequence,0.1,,False,0,0,,1082,0,0,0.0,,,,deepseekv32maas
2026091294,raw_u,bonferroni,0.1,,False,0,0,,1082,0,0,0.0,,,,deepseekv32maas
2026091294,raw_u,fixed_sequence,0.14285714285714285,,False,0,0,,1082,0,0,0.0,,,,deepseekv32maas
2026091294,raw_u,bonferroni,0.14285714285714285,,False,0,0,,1082,0,0,0.0,,,,deepseekv32maas
2026091294,raw_u,fixed_sequence,0.2,,False,0,0,,1082,0,0,0.0,,,,deepseekv32maas
2026091294,raw_u,bonferroni,0.2,,False,0,0,,1082,0,0,0.0,,,,deepseekv32maas
2026091294,raw_u,fixed_sequence,0.25,,False,0,0,,1082,0,0,0.0,,,,deepseekv32maas
2026091294,raw_u,bonferroni,0.25,,False,0,0,,1082,0,0,0.0,,,,deepseekv32maas
2026091294,u_boost,fixed_sequence,0.1,,False,0,0,,1082,0,0,0.0,,,,deepseekv32maas
2026091294,u_boost,bonferroni,0.1,,False,0,0,,1082,0,0,0.0,,,,deepseekv32maas
2026091294,u_boost,fixed_sequence,0.14285714285714285,,False,0,0,,1082,0,0,0.0,,,,deepseekv32maas
2026091294,u_boost,bonferroni,0.14285714285714285,,False,0,0,,1082,0,0,0.0,,,,deepseekv32maas
2026091294,u_boost,fixed_sequence,0.2,,False,0,0,,1082,0,0,0.0,,,,deepseekv32maas
2026091294,u_boost,bonferroni,0.2,,False,0,0,,1082,0,0,0.0,,,,deepseekv32maas
2026091294,u_boost,fixed_sequence,0.25,,False,0,0,,1082,0,0,0.0,,,,deepseekv32maas
2026091294,u_boost,bonferroni,0.25,,False,0,0,,1082,0,0,0.0,,,,deepseekv32maas
2026091294,rich_logistic,fixed_sequence,0.1,,False,0,0,,1082,0,0,0.0,,,,deepseekv32maas
2026091294,rich_logistic,bonferroni,0.1,,False,0,0,,1082,0,0,0.0,,,,deepseekv32maas
2026091294,rich_logistic,fixed_sequence,0.14285714285714285,,False,0,0,,1082,0,0,0.0,,,,deepseekv32maas
2026091294,rich_logistic,bonferroni,0.14285714285714285,,False,0,0,,1082,0,0,0.0,,,,deepseekv32maas
2026091294,rich_logistic,fixed_sequence,0.2,,False,0,0,,1082,0,0,0.0,,,,deepseekv32maas
2026091294,rich_logistic,bonferroni,0.2,,False,0,0,,1082,0,0,0.0,,,,deepseekv32maas
2026091294,rich_logistic,fixed_sequence,0.25,,False,0,0,,1082,0,0,0.0,,,,deepseekv32maas
2026091294,rich_logistic,bonferroni,0.25,,False,0,0,,1082,0,0,0.0,,,,deepseekv32maas
2026091294,rich_boost,fixed_sequence,0.1,,False,0,0,,1082,0,0,0.0,,,,deepseekv32maas
2026091294,rich_boost,bonferroni,0.1,,False,0,0,,1082,0,0,0.0,,,,deepseekv32maas
2026091294,rich_boost,fixed_sequence,0.14285714285714285,,False,0,0,,1082,0,0,0.0,,,,deepseekv32maas
2026091294,rich_boost,bonferroni,0.14285714285714285,,False,0,0,,1082,0,0,0.0,,,,deepseekv32maas
2026091294,rich_boost,fixed_sequence,0.2,,False,0,0,,1082,0,0,0.0,,,,deepseekv32maas
2026091294,rich_boost,bonferroni,0.2,,False,0,0,,1082,0,0,0.0,,,,deepseekv32maas
2026091294,rich_boost,fixed_sequence,0.25,,False,0,0,,1082,0,0,0.0,,,,deepseekv32maas
2026091294,rich_boost,bonferroni,0.25,,False,0,0,,1082,0,0,0.0,,,,deepseekv32maas
2026091295,raw_u,fixed_sequence,0.1,,False,0,0,,1082,0,0,0.0,,,,deepseekv32maas
2026091295,raw_u,bonferroni,0.1,,False,0,0,,1082,0,0,0.0,,,,deepseekv32maas
2026091295,raw_u,fixed_sequence,0.14285714285714285,,False,0,0,,1082,0,0,0.0,,,,deepseekv32maas
2026091295,raw_u,bonferroni,0.14285714285714285,,False,0,0,,1082,0,0,0.0,,,,deepseekv32maas
2026091295,raw_u,fixed_sequence,0.2,,False,0,0,,1082,0,0,0.0,,,,deepseekv32maas
2026091295,raw_u,bonferroni,0.2,,False,0,0,,1082,0,0,0.0,,,,deepseekv32maas
2026091295,raw_u,fixed_sequence,0.25,,False,0,0,,1082,0,0,0.0,,,,deepseekv32maas
2026091295,raw_u,bonferroni,0.25,,False,0,0,,1082,0,0,0.0,,,,deepseekv32maas
2026091295,u_boost,fixed_sequence,0.1,,False,0,0,,1082,0,0,0.0,,,,deepseekv32maas
2026091295,u_boost,bonferroni,0.1,,False,0,0,,1082,0,0,0.0,,,,deepseekv32maas
2026091295,u_boost,fixed_sequence,0.14285714285714285,,False,0,0,,1082,0,0,0.0,,,,deepseekv32maas
2026091295,u_boost,bonferroni,0.14285714285714285,,False,0,0,,1082,0,0,0.0,,,,deepseekv32maas
2026091295,u_boost,fixed_sequence,0.2,,False,0,0,,1082,0,0,0.0,,,,deepseekv32maas
2026091295,u_boost,bonferroni,0.2,,False,0,0,,1082,0,0,0.0,,,,deepseekv32maas
2026091295,u_boost,fixed_sequence,0.25,,False,0,0,,1082,0,0,0.0,,,,deepseekv32maas
2026091295,u_boost,bonferroni,0.25,,False,0,0,,1082,0,0,0.0,,,,deepseekv32maas
2026091295,rich_logistic,fixed_sequence,0.1,,False,0,0,,1082,0,0,0.0,,,,deepseekv32maas
2026091295,rich_logistic,bonferroni,0.1,,False,0,0,,1082,0,0,0.0,,,,deepseekv32maas
2026091295,rich_logistic,fixed_sequence,0.14285714285714285,,False,0,0,,1082,0,0,0.0,,,,deepseekv32maas
2026091295,rich_logistic,bonferroni,0.14285714285714285,,False,0,0,,1082,0,0,0.0,,,,deepseekv32maas
2026091295,rich_logistic,fixed_sequence,0.2,,False,0,0,,1082,0,0,0.0,,,,deepseekv32maas
2026091295,rich_logistic,bonferroni,0.2,,False,0,0,,1082,0,0,0.0,,,,deepseekv32maas
2026091295,rich_logistic,fixed_sequence,0.25,,False,0,0,,1082,0,0,0.0,,,,deepseekv32maas
2026091295,rich_logistic,bonferroni,0.25,,False,0,0,,1082,0,0,0.0,,,,deepseekv32maas
2026091295,rich_boost,fixed_sequence,0.1,,False,0,0,,1082,0,0,0.0,,,,deepseekv32maas
2026091295,rich_boost,bonferroni,0.1,,False,0,0,,1082,0,0,0.0,,,,deepseekv32maas
2026091295,rich_boost,fixed_sequence,0.14285714285714285,,False,0,0,,1082,0,0,0.0,,,,deepseekv32maas
2026091295,rich_boost,bonferroni,0.14285714285714285,,False,0,0,,1082,0,0,0.0,,,,deepseekv32maas
2026091295,rich_boost,fixed_sequence,0.2,,False,0,0,,1082,0,0,0.0,,,,deepseekv32maas
2026091295,rich_boost,bonferroni,0.2,,False,0,0,,1082,0,0,0.0,,,,deepseekv32maas
2026091295,rich_boost,fixed_sequence,0.25,,False,0,0,,1082,0,0,0.0,,,,deepseekv32maas
2026091295,rich_boost,bonferroni,0.25,,False,0,0,,1082,0,0,0.0,,,,deepseekv32maas
2026091296,raw_u,fixed_sequence,0.1,,False,0,0,,1082,0,0,0.0,,,,deepseekv32maas
2026091296,raw_u,bonferroni,0.1,,False,0,0,,1082,0,0,0.0,,,,deepseekv32maas
2026091296,raw_u,fixed_sequence,0.14285714285714285,,False,0,0,,1082,0,0,0.0,,,,deepseekv32maas
2026091296,raw_u,bonferroni,0.14285714285714285,,False,0,0,,1082,0,0,0.0,,,,deepseekv32maas
2026091296,raw_u,fixed_sequence,0.2,,False,0,0,,1082,0,0,0.0,,,,deepseekv32maas
2026091296,raw_u,bonferroni,0.2,,False,0,0,,1082,0,0,0.0,,,,deepseekv32maas
2026091296,raw_u,fixed_sequence,0.25,,False,0,0,,1082,0,0,0.0,,,,deepseekv32maas
2026091296,raw_u,bonferroni,0.25,,False,0,0,,1082,0,0,0.0,,,,deepseekv32maas
2026091296,u_boost,fixed_sequence,0.1,,False,0,0,,1082,0,0,0.0,,,,deepseekv32maas
2026091296,u_boost,bonferroni,0.1,,False,0,0,,1082,0,0,0.0,,,,deepseekv32maas
2026091296,u_boost,fixed_sequence,0.14285714285714285,,False,0,0,,1082,0,0,0.0,,,,deepseekv32maas
2026091296,u_boost,bonferroni,0.14285714285714285,,False,0,0,,1082,0,0,0.0,,,,deepseekv32maas
2026091296,u_boost,fixed_sequence,0.2,,False,0,0,,1082,0,0,0.0,,,,deepseekv32maas
2026091296,u_boost,bonferroni,0.2,,False,0,0,,1082,0,0,0.0,,,,deepseekv32maas
2026091296,u_boost,fixed_sequence,0.25,,False,0,0,,1082,0,0,0.0,,,,deepseekv32maas
2026091296,u_boost,bonferroni,0.25,,False,0,0,,1082,0,0,0.0,,,,deepseekv32maas
2026091296,rich_logistic,fixed_sequence,0.1,,False,0,0,,1082,0,0,0.0,,,,deepseekv32maas
2026091296,rich_logistic,bonferroni,0.1,,False,0,0,,1082,0,0,0.0,,,,deepseekv32maas
2026091296,rich_logistic,fixed_sequence,0.14285714285714285,,False,0,0,,1082,0,0,0.0,,,,deepseekv32maas
2026091296,rich_logistic,bonferroni,0.14285714285714285,,False,0,0,,1082,0,0,0.0,,,,deepseekv32maas
2026091296,rich_logistic,fixed_sequence,0.2,,False,0,0,,1082,0,0,0.0,,,,deepseekv32maas
2026091296,rich_logistic,bonferroni,0.2,,False,0,0,,1082,0,0,0.0,,,,deepseekv32maas
2026091296,rich_logistic,fixed_sequence,0.25,,False,0,0,,1082,0,0,0.0,,,,deepseekv32maas
2026091296,rich_logistic,bonferroni,0.25,,False,0,0,,1082,0,0,0.0,,,,deepseekv32maas
2026091296,rich_boost,fixed_sequence,0.1,,False,0,0,,1082,0,0,0.0,,,,deepseekv32maas
2026091296,rich_boost,bonferroni,0.1,,False,0,0,,1082,0,0,0.0,,,,deepseekv32maas
2026091296,rich_boost,fixed_sequence,0.14285714285714285,,False,0,0,,1082,0,0,0.0,,,,deepseekv32maas
2026091296,rich_boost,bonferroni,0.14285714285714285,,False,0,0,,1082,0,0,0.0,,,,deepseekv32maas
2026091296,rich_boost,fixed_sequence,0.2,,False,0,0,,1082,0,0,0.0,,,,deepseekv32maas
2026091296,rich_boost,bonferroni,0.2,,False,0,0,,1082,0,0,0.0,,,,deepseekv32maas
2026091296,rich_boost,fixed_sequence,0.25,,False,0,0,,1082,0,0,0.0,,,,deepseekv32maas
2026091296,rich_boost,bonferroni,0.25,,False,0,0,,1082,0,0,0.0,,,,deepseekv32maas
2026091297,raw_u,fixed_sequence,0.1,,False,0,0,,1082,0,0,0.0,,,,deepseekv32maas
2026091297,raw_u,bonferroni,0.1,,False,0,0,,1082,0,0,0.0,,,,deepseekv32maas
2026091297,raw_u,fixed_sequence,0.14285714285714285,,False,0,0,,1082,0,0,0.0,,,,deepseekv32maas
2026091297,raw_u,bonferroni,0.14285714285714285,,False,0,0,,1082,0,0,0.0,,,,deepseekv32maas
2026091297,raw_u,fixed_sequence,0.2,,False,0,0,,1082,0,0,0.0,,,,deepseekv32maas
2026091297,raw_u,bonferroni,0.2,,False,0,0,,1082,0,0,0.0,,,,deepseekv32maas
2026091297,raw_u,fixed_sequence,0.25,,False,0,0,,1082,0,0,0.0,,,,deepseekv32maas
2026091297,raw_u,bonferroni,0.25,,False,0,0,,1082,0,0,0.0,,,,deepseekv32maas
2026091297,u_boost,fixed_sequence,0.1,,False,0,0,,1082,0,0,0.0,,,,deepseekv32maas
2026091297,u_boost,bonferroni,0.1,,False,0,0,,1082,0,0,0.0,,,,deepseekv32maas
2026091297,u_boost,fixed_sequence,0.14285714285714285,,False,0,0,,1082,0,0,0.0,,,,deepseekv32maas
2026091297,u_boost,bonferroni,0.14285714285714285,,False,0,0,,1082,0,0,0.0,,,,deepseekv32maas
2026091297,u_boost,fixed_sequence,0.2,,False,0,0,,1082,0,0,0.0,,,,deepseekv32maas
2026091297,u_boost,bonferroni,0.2,,False,0,0,,1082,0,0,0.0,,,,deepseekv32maas
2026091297,u_boost,fixed_sequence,0.25,,False,0,0,,1082,0,0,0.0,,,,deepseekv32maas
2026091297,u_boost,bonferroni,0.25,,False,0,0,,1082,0,0,0.0,,,,deepseekv32maas
2026091297,rich_logistic,fixed_sequence,0.1,,False,0,0,,1082,0,0,0.0,,,,deepseekv32maas
2026091297,rich_logistic,bonferroni,0.1,,False,0,0,,1082,0,0,0.0,,,,deepseekv32maas
2026091297,rich_logistic,fixed_sequence,0.14285714285714285,,False,0,0,,1082,0,0,0.0,,,,deepseekv32maas
2026091297,rich_logistic,bonferroni,0.14285714285714285,,False,0,0,,1082,0,0,0.0,,,,deepseekv32maas
2026091297,rich_logistic,fixed_sequence,0.2,,False,0,0,,1082,0,0,0.0,,,,deepseekv32maas
2026091297,rich_logistic,bonferroni,0.2,,False,0,0,,1082,0,0,0.0,,,,deepseekv32maas
2026091297,rich_logistic,fixed_sequence,0.25,,False,0,0,,1082,0,0,0.0,,,,deepseekv32maas
2026091297,rich_logistic,bonferroni,0.25,,False,0,0,,1082,0,0,0.0,,,,deepseekv32maas
2026091297,rich_boost,fixed_sequence,0.1,,False,0,0,,1082,0,0,0.0,,,,deepseekv32maas
2026091297,rich_boost,bonferroni,0.1,,False,0,0,,1082,0,0,0.0,,,,deepseekv32maas
2026091297,rich_boost,fixed_sequence,0.14285714285714285,,False,0,0,,1082,0,0,0.0,,,,deepseekv32maas
2026091297,rich_boost,bonferroni,0.14285714285714285,,False,0,0,,1082,0,0,0.0,,,,deepseekv32maas
2026091297,rich_boost,fixed_sequence,0.2,,False,0,0,,1082,0,0,0.0,,,,deepseekv32maas
2026091297,rich_boost,bonferroni,0.2,,False,0,0,,1082,0,0,0.0,,,,deepseekv32maas
2026091297,rich_boost,fixed_sequence,0.25,,False,0,0,,1082,0,0,0.0,,,,deepseekv32maas
2026091297,rich_boost,bonferroni,0.25,,False,0,0,,1082,0,0,0.0,,,,deepseekv32maas
2026091298,raw_u,fixed_sequence,0.1,,False,0,0,,1082,0,0,0.0,,,,deepseekv32maas
2026091298,raw_u,bonferroni,0.1,,False,0,0,,1082,0,0,0.0,,,,deepseekv32maas
2026091298,raw_u,fixed_sequence,0.14285714285714285,,False,0,0,,1082,0,0,0.0,,,,deepseekv32maas
2026091298,raw_u,bonferroni,0.14285714285714285,,False,0,0,,1082,0,0,0.0,,,,deepseekv32maas
2026091298,raw_u,fixed_sequence,0.2,,False,0,0,,1082,0,0,0.0,,,,deepseekv32maas
2026091298,raw_u,bonferroni,0.2,,False,0,0,,1082,0,0,0.0,,,,deepseekv32maas
2026091298,raw_u,fixed_sequence,0.25,,False,0,0,,1082,0,0,0.0,,,,deepseekv32maas
2026091298,raw_u,bonferroni,0.25,,False,0,0,,1082,0,0,0.0,,,,deepseekv32maas
2026091298,u_boost,fixed_sequence,0.1,,False,0,0,,1082,0,0,0.0,,,,deepseekv32maas
2026091298,u_boost,bonferroni,0.1,,False,0,0,,1082,0,0,0.0,,,,deepseekv32maas
2026091298,u_boost,fixed_sequence,0.14285714285714285,,False,0,0,,1082,0,0,0.0,,,,deepseekv32maas
2026091298,u_boost,bonferroni,0.14285714285714285,,False,0,0,,1082,0,0,0.0,,,,deepseekv32maas
2026091298,u_boost,fixed_sequence,0.2,,False,0,0,,1082,0,0,0.0,,,,deepseekv32maas
2026091298,u_boost,bonferroni,0.2,,False,0,0,,1082,0,0,0.0,,,,deepseekv32maas
2026091298,u_boost,fixed_sequence,0.25,,False,0,0,,1082,0,0,0.0,,,,deepseekv32maas
2026091298,u_boost,bonferroni,0.25,,False,0,0,,1082,0,0,0.0,,,,deepseekv32maas
2026091298,rich_logistic,fixed_sequence,0.1,,False,0,0,,1082,0,0,0.0,,,,deepseekv32maas
2026091298,rich_logistic,bonferroni,0.1,,False,0,0,,1082,0,0,0.0,,,,deepseekv32maas
2026091298,rich_logistic,fixed_sequence,0.14285714285714285,,False,0,0,,1082,0,0,0.0,,,,deepseekv32maas
2026091298,rich_logistic,bonferroni,0.14285714285714285,,False,0,0,,1082,0,0,0.0,,,,deepseekv32maas
2026091298,rich_logistic,fixed_sequence,0.2,,False,0,0,,1082,0,0,0.0,,,,deepseekv32maas
2026091298,rich_logistic,bonferroni,0.2,,False,0,0,,1082,0,0,0.0,,,,deepseekv32maas
2026091298,rich_logistic,fixed_sequence,0.25,,False,0,0,,1082,0,0,0.0,,,,deepseekv32maas
2026091298,rich_logistic,bonferroni,0.25,,False,0,0,,1082,0,0,0.0,,,,deepseekv32maas
2026091298,rich_boost,fixed_sequence,0.1,,False,0,0,,1082,0,0,0.0,,,,deepseekv32maas
2026091298,rich_boost,bonferroni,0.1,,False,0,0,,1082,0,0,0.0,,,,deepseekv32maas
2026091298,rich_boost,fixed_sequence,0.14285714285714285,,False,0,0,,1082,0,0,0.0,,,,deepseekv32maas
2026091298,rich_boost,bonferroni,0.14285714285714285,,False,0,0,,1082,0,0,0.0,,,,deepseekv32maas
2026091298,rich_boost,fixed_sequence,0.2,,False,0,0,,1082,0,0,0.0,,,,deepseekv32maas
2026091298,rich_boost,bonferroni,0.2,,False,0,0,,1082,0,0,0.0,,,,deepseekv32maas
2026091298,rich_boost,fixed_sequence,0.25,,False,0,0,,1082,0,0,0.0,,,,deepseekv32maas
2026091298,rich_boost,bonferroni,0.25,,False,0,0,,1082,0,0,0.0,,,,deepseekv32maas
2026091299,raw_u,fixed_sequence,0.1,,False,0,0,,1082,0,0,0.0,,,,deepseekv32maas
2026091299,raw_u,bonferroni,0.1,,False,0,0,,1082,0,0,0.0,,,,deepseekv32maas
2026091299,raw_u,fixed_sequence,0.14285714285714285,,False,0,0,,1082,0,0,0.0,,,,deepseekv32maas
2026091299,raw_u,bonferroni,0.14285714285714285,,False,0,0,,1082,0,0,0.0,,,,deepseekv32maas
2026091299,raw_u,fixed_sequence,0.2,,False,0,0,,1082,0,0,0.0,,,,deepseekv32maas
2026091299,raw_u,bonferroni,0.2,,False,0,0,,1082,0,0,0.0,,,,deepseekv32maas
2026091299,raw_u,fixed_sequence,0.25,,False,0,0,,1082,0,0,0.0,,,,deepseekv32maas
2026091299,raw_u,bonferroni,0.25,,False,0,0,,1082,0,0,0.0,,,,deepseekv32maas
2026091299,u_boost,fixed_sequence,0.1,,False,0,0,,1082,0,0,0.0,,,,deepseekv32maas
2026091299,u_boost,bonferroni,0.1,,False,0,0,,1082,0,0,0.0,,,,deepseekv32maas
2026091299,u_boost,fixed_sequence,0.14285714285714285,,False,0,0,,1082,0,0,0.0,,,,deepseekv32maas
2026091299,u_boost,bonferroni,0.14285714285714285,,False,0,0,,1082,0,0,0.0,,,,deepseekv32maas
2026091299,u_boost,fixed_sequence,0.2,,False,0,0,,1082,0,0,0.0,,,,deepseekv32maas
2026091299,u_boost,bonferroni,0.2,,False,0,0,,1082,0,0,0.0,,,,deepseekv32maas
2026091299,u_boost,fixed_sequence,0.25,,False,0,0,,1082,0,0,0.0,,,,deepseekv32maas
2026091299,u_boost,bonferroni,0.25,,False,0,0,,1082,0,0,0.0,,,,deepseekv32maas
2026091299,rich_logistic,fixed_sequence,0.1,,False,0,0,,1082,0,0,0.0,,,,deepseekv32maas
2026091299,rich_logistic,bonferroni,0.1,,False,0,0,,1082,0,0,0.0,,,,deepseekv32maas
2026091299,rich_logistic,fixed_sequence,0.14285714285714285,,False,0,0,,1082,0,0,0.0,,,,deepseekv32maas
2026091299,rich_logistic,bonferroni,0.14285714285714285,,False,0,0,,1082,0,0,0.0,,,,deepseekv32maas
2026091299,rich_logistic,fixed_sequence,0.2,,False,0,0,,1082,0,0,0.0,,,,deepseekv32maas
2026091299,rich_logistic,bonferroni,0.2,,False,0,0,,1082,0,0,0.0,,,,deepseekv32maas
2026091299,rich_logistic,fixed_sequence,0.25,,False,0,0,,1082,0,0,0.0,,,,deepseekv32maas
2026091299,rich_logistic,bonferroni,0.25,,False,0,0,,1082,0,0,0.0,,,,deepseekv32maas
2026091299,rich_boost,fixed_sequence,0.1,,False,0,0,,1082,0,0,0.0,,,,deepseekv32maas
2026091299,rich_boost,bonferroni,0.1,,False,0,0,,1082,0,0,0.0,,,,deepseekv32maas
2026091299,rich_boost,fixed_sequence,0.14285714285714285,,False,0,0,,1082,0,0,0.0,,,,deepseekv32maas
2026091299,rich_boost,bonferroni,0.14285714285714285,,False,0,0,,1082,0,0,0.0,,,,deepseekv32maas
2026091299,rich_boost,fixed_sequence,0.2,,False,0,0,,1082,0,0,0.0,,,,deepseekv32maas
2026091299,rich_boost,bonferroni,0.2,,False,0,0,,1082,0,0,0.0,,,,deepseekv32maas
2026091299,rich_boost,fixed_sequence,0.25,,False,0,0,,1082,0,0,0.0,,,,deepseekv32maas
2026091299,rich_boost,bonferroni,0.25,,False,0,0,,1082,0,0,0.0,,,,deepseekv32maas
2026091300,raw_u,fixed_sequence,0.1,,False,0,0,,1082,0,0,0.0,,,,deepseekv32maas
2026091300,raw_u,bonferroni,0.1,,False,0,0,,1082,0,0,0.0,,,,deepseekv32maas
2026091300,raw_u,fixed_sequence,0.14285714285714285,,False,0,0,,1082,0,0,0.0,,,,deepseekv32maas
2026091300,raw_u,bonferroni,0.14285714285714285,,False,0,0,,1082,0,0,0.0,,,,deepseekv32maas
2026091300,raw_u,fixed_sequence,0.2,,False,0,0,,1082,0,0,0.0,,,,deepseekv32maas
2026091300,raw_u,bonferroni,0.2,,False,0,0,,1082,0,0,0.0,,,,deepseekv32maas
2026091300,raw_u,fixed_sequence,0.25,,False,0,0,,1082,0,0,0.0,,,,deepseekv32maas
2026091300,raw_u,bonferroni,0.25,,False,0,0,,1082,0,0,0.0,,,,deepseekv32maas
2026091300,u_boost,fixed_sequence,0.1,,False,0,0,,1082,0,0,0.0,,,,deepseekv32maas
2026091300,u_boost,bonferroni,0.1,,False,0,0,,1082,0,0,0.0,,,,deepseekv32maas
2026091300,u_boost,fixed_sequence,0.14285714285714285,,False,0,0,,1082,0,0,0.0,,,,deepseekv32maas
2026091300,u_boost,bonferroni,0.14285714285714285,,False,0,0,,1082,0,0,0.0,,,,deepseekv32maas
2026091300,u_boost,fixed_sequence,0.2,,False,0,0,,1082,0,0,0.0,,,,deepseekv32maas
2026091300,u_boost,bonferroni,0.2,,False,0,0,,1082,0,0,0.0,,,,deepseekv32maas
2026091300,u_boost,fixed_sequence,0.25,,False,0,0,,1082,0,0,0.0,,,,deepseekv32maas
2026091300,u_boost,bonferroni,0.25,,False,0,0,,1082,0,0,0.0,,,,deepseekv32maas
2026091300,rich_logistic,fixed_sequence,0.1,,False,0,0,,1082,0,0,0.0,,,,deepseekv32maas
2026091300,rich_logistic,bonferroni,0.1,,False,0,0,,1082,0,0,0.0,,,,deepseekv32maas
2026091300,rich_logistic,fixed_sequence,0.14285714285714285,,False,0,0,,1082,0,0,0.0,,,,deepseekv32maas
2026091300,rich_logistic,bonferroni,0.14285714285714285,,False,0,0,,1082,0,0,0.0,,,,deepseekv32maas
2026091300,rich_logistic,fixed_sequence,0.2,,False,0,0,,1082,0,0,0.0,,,,deepseekv32maas
2026091300,rich_logistic,bonferroni,0.2,,False,0,0,,1082,0,0,0.0,,,,deepseekv32maas
2026091300,rich_logistic,fixed_sequence,0.25,,False,0,0,,1082,0,0,0.0,,,,deepseekv32maas
2026091300,rich_logistic,bonferroni,0.25,,False,0,0,,1082,0,0,0.0,,,,deepseekv32maas
2026091300,rich_boost,fixed_sequence,0.1,,False,0,0,,1082,0,0,0.0,,,,deepseekv32maas
2026091300,rich_boost,bonferroni,0.1,,False,0,0,,1082,0,0,0.0,,,,deepseekv32maas
2026091300,rich_boost,fixed_sequence,0.14285714285714285,,False,0,0,,1082,0,0,0.0,,,,deepseekv32maas
2026091300,rich_boost,bonferroni,0.14285714285714285,,False,0,0,,1082,0,0,0.0,,,,deepseekv32maas
2026091300,rich_boost,fixed_sequence,0.2,,False,0,0,,1082,0,0,0.0,,,,deepseekv32maas
2026091300,rich_boost,bonferroni,0.2,,False,0,0,,1082,0,0,0.0,,,,deepseekv32maas
2026091300,rich_boost,fixed_sequence,0.25,,False,0,0,,1082,0,0,0.0,,,,deepseekv32maas
2026091300,rich_boost,bonferroni,0.25,,False,0,0,,1082,0,0,0.0,,,,deepseekv32maas
2026091301,raw_u,fixed_sequence,0.1,,False,0,0,,1082,0,0,0.0,,,,deepseekv32maas
2026091301,raw_u,bonferroni,0.1,,False,0,0,,1082,0,0,0.0,,,,deepseekv32maas
2026091301,raw_u,fixed_sequence,0.14285714285714285,,False,0,0,,1082,0,0,0.0,,,,deepseekv32maas
2026091301,raw_u,bonferroni,0.14285714285714285,,False,0,0,,1082,0,0,0.0,,,,deepseekv32maas
2026091301,raw_u,fixed_sequence,0.2,,False,0,0,,1082,0,0,0.0,,,,deepseekv32maas
2026091301,raw_u,bonferroni,0.2,,False,0,0,,1082,0,0,0.0,,,,deepseekv32maas
2026091301,raw_u,fixed_sequence,0.25,,False,0,0,,1082,0,0,0.0,,,,deepseekv32maas
2026091301,raw_u,bonferroni,0.25,,False,0,0,,1082,0,0,0.0,,,,deepseekv32maas
2026091301,u_boost,fixed_sequence,0.1,,False,0,0,,1082,0,0,0.0,,,,deepseekv32maas
2026091301,u_boost,bonferroni,0.1,,False,0,0,,1082,0,0,0.0,,,,deepseekv32maas
2026091301,u_boost,fixed_sequence,0.14285714285714285,,False,0,0,,1082,0,0,0.0,,,,deepseekv32maas
2026091301,u_boost,bonferroni,0.14285714285714285,,False,0,0,,1082,0,0,0.0,,,,deepseekv32maas
2026091301,u_boost,fixed_sequence,0.2,,False,0,0,,1082,0,0,0.0,,,,deepseekv32maas
2026091301,u_boost,bonferroni,0.2,,False,0,0,,1082,0,0,0.0,,,,deepseekv32maas
2026091301,u_boost,fixed_sequence,0.25,,False,0,0,,1082,0,0,0.0,,,,deepseekv32maas
2026091301,u_boost,bonferroni,0.25,,False,0,0,,1082,0,0,0.0,,,,deepseekv32maas
2026091301,rich_logistic,fixed_sequence,0.1,,False,0,0,,1082,0,0,0.0,,,,deepseekv32maas
2026091301,rich_logistic,bonferroni,0.1,,False,0,0,,1082,0,0,0.0,,,,deepseekv32maas
2026091301,rich_logistic,fixed_sequence,0.14285714285714285,,False,0,0,,1082,0,0,0.0,,,,deepseekv32maas
2026091301,rich_logistic,bonferroni,0.14285714285714285,,False,0,0,,1082,0,0,0.0,,,,deepseekv32maas
2026091301,rich_logistic,fixed_sequence,0.2,,False,0,0,,1082,0,0,0.0,,,,deepseekv32maas
2026091301,rich_logistic,bonferroni,0.2,,False,0,0,,1082,0,0,0.0,,,,deepseekv32maas
2026091301,rich_logistic,fixed_sequence,0.25,,False,0,0,,1082,0,0,0.0,,,,deepseekv32maas
2026091301,rich_logistic,bonferroni,0.25,,False,0,0,,1082,0,0,0.0,,,,deepseekv32maas
2026091301,rich_boost,fixed_sequence,0.1,,False,0,0,,1082,0,0,0.0,,,,deepseekv32maas
2026091301,rich_boost,bonferroni,0.1,,False,0,0,,1082,0,0,0.0,,,,deepseekv32maas
2026091301,rich_boost,fixed_sequence,0.14285714285714285,,False,0,0,,1082,0,0,0.0,,,,deepseekv32maas
2026091301,rich_boost,bonferroni,0.14285714285714285,,False,0,0,,1082,0,0,0.0,,,,deepseekv32maas
2026091301,rich_boost,fixed_sequence,0.2,,False,0,0,,1082,0,0,0.0,,,,deepseekv32maas
2026091301,rich_boost,bonferroni,0.2,,False,0,0,,1082,0,0,0.0,,,,deepseekv32maas
2026091301,rich_boost,fixed_sequence,0.25,,False,0,0,,1082,0,0,0.0,,,,deepseekv32maas
2026091301,rich_boost,bonferroni,0.25,,False,0,0,,1082,0,0,0.0,,,,deepseekv32maas
