seed,method,procedure,alpha,threshold,supported,n_calibration_answered,k_calibration_incorrect,calibration_upper,n_test,n_answered,n_incorrect,answer_rate,observed_error,error_lo,error_hi,model_key
2026091201,raw_u,fixed_sequence,0.1,,False,0,0,,1082,0,0,0.0,,,,gemini35flash
2026091201,raw_u,bonferroni,0.1,,False,0,0,,1082,0,0,0.0,,,,gemini35flash
2026091201,raw_u,fixed_sequence,0.14285714285714285,,False,0,0,,1082,0,0,0.0,,,,gemini35flash
2026091201,raw_u,bonferroni,0.14285714285714285,,False,0,0,,1082,0,0,0.0,,,,gemini35flash
2026091201,raw_u,fixed_sequence,0.2,,False,0,0,,1082,0,0,0.0,,,,gemini35flash
2026091201,raw_u,bonferroni,0.2,,False,0,0,,1082,0,0,0.0,,,,gemini35flash
2026091201,raw_u,fixed_sequence,0.25,0.81,True,304,53,0.22868748273371423,1082,300,62,0.27726432532347506,0.20666666666666667,0.16227849673901487,0.2569532425409742,gemini35flash
2026091201,raw_u,bonferroni,0.25,0.8571428571428571,True,188,27,0.24447876793249934,1082,186,31,0.17190388170055454,0.16666666666666666,0.11613948641315268,0.22814965307249424,gemini35flash
2026091201,u_boost,fixed_sequence,0.1,,False,0,0,,1082,0,0,0.0,,,,gemini35flash
2026091201,u_boost,bonferroni,0.1,,False,0,0,,1082,0,0,0.0,,,,gemini35flash
2026091201,u_boost,fixed_sequence,0.14285714285714285,,False,0,0,,1082,0,0,0.0,,,,gemini35flash
2026091201,u_boost,bonferroni,0.14285714285714285,,False,0,0,,1082,0,0,0.0,,,,gemini35flash
2026091201,u_boost,fixed_sequence,0.2,0.76,True,182,22,0.18568873114667145,1082,186,35,0.17190388170055454,0.1881720430107527,0.13470744542162386,0.251857983795246,gemini35flash
2026091201,u_boost,bonferroni,0.2,,False,0,0,,1082,0,0,0.0,,,,gemini35flash
2026091201,u_boost,fixed_sequence,0.25,0.64,True,336,61,0.2336345667086835,1082,347,84,0.32070240295748614,0.2420749279538905,0.19793565794263154,0.2906771947927406,gemini35flash
2026091201,u_boost,bonferroni,0.25,0.75,True,194,25,0.22496098123344596,1082,206,44,0.19038817005545286,0.21359223300970873,0.1596938890508597,0.27592920109322394,gemini35flash
2026091201,rich_logistic,fixed_sequence,0.1,,False,0,0,,1082,0,0,0.0,,,,gemini35flash
2026091201,rich_logistic,bonferroni,0.1,,False,0,0,,1082,0,0,0.0,,,,gemini35flash
2026091201,rich_logistic,fixed_sequence,0.14285714285714285,,False,0,0,,1082,0,0,0.0,,,,gemini35flash
2026091201,rich_logistic,bonferroni,0.14285714285714285,,False,0,0,,1082,0,0,0.0,,,,gemini35flash
2026091201,rich_logistic,fixed_sequence,0.2,,False,0,0,,1082,0,0,0.0,,,,gemini35flash
2026091201,rich_logistic,bonferroni,0.2,,False,0,0,,1082,0,0,0.0,,,,gemini35flash
2026091201,rich_logistic,fixed_sequence,0.25,0.74,True,227,29,0.18580010750531792,1082,223,40,0.20609981515711645,0.17937219730941703,0.13134639059707687,0.23614128899072787,gemini35flash
2026091201,rich_logistic,bonferroni,0.25,0.73,True,272,39,0.2249728979898479,1082,271,52,0.25046210720887246,0.1918819188191882,0.14675378705185538,0.24388972451644306,gemini35flash
2026091201,rich_boost,fixed_sequence,0.1,,False,0,0,,1082,0,0,0.0,,,,gemini35flash
2026091201,rich_boost,bonferroni,0.1,,False,0,0,,1082,0,0,0.0,,,,gemini35flash
2026091201,rich_boost,fixed_sequence,0.14285714285714285,,False,0,0,,1082,0,0,0.0,,,,gemini35flash
2026091201,rich_boost,bonferroni,0.14285714285714285,,False,0,0,,1082,0,0,0.0,,,,gemini35flash
2026091201,rich_boost,fixed_sequence,0.2,0.79,True,167,17,0.16644021598534015,1082,173,27,0.1598890942698706,0.15606936416184972,0.10544027569185227,0.21889025079686736,gemini35flash
2026091201,rich_boost,bonferroni,0.2,,False,0,0,,1082,0,0,0.0,,,,gemini35flash
2026091201,rich_boost,fixed_sequence,0.25,0.78,True,182,21,0.1792651948145849,1082,189,30,0.17467652495378927,0.15873015873015872,0.10972983897658516,0.21877794856921418,gemini35flash
2026091201,rich_boost,bonferroni,0.25,0.72,True,303,50,0.2450351819606084,1082,301,60,0.27818853974122,0.19933554817275748,0.15569938529291805,0.24900067109043642,gemini35flash
2026091202,raw_u,fixed_sequence,0.1,,False,0,0,,1082,0,0,0.0,,,,gemini35flash
2026091202,raw_u,bonferroni,0.1,,False,0,0,,1082,0,0,0.0,,,,gemini35flash
2026091202,raw_u,fixed_sequence,0.14285714285714285,,False,0,0,,1082,0,0,0.0,,,,gemini35flash
2026091202,raw_u,bonferroni,0.14285714285714285,,False,0,0,,1082,0,0,0.0,,,,gemini35flash
2026091202,raw_u,fixed_sequence,0.2,,False,0,0,,1082,0,0,0.0,,,,gemini35flash
2026091202,raw_u,bonferroni,0.2,,False,0,0,,1082,0,0,0.0,,,,gemini35flash
2026091202,raw_u,fixed_sequence,0.25,0.91,True,158,26,0.241611419443843,1082,166,23,0.1534195933456562,0.13855421686746988,0.08990250007483117,0.20061287309944775,gemini35flash
2026091202,raw_u,bonferroni,0.25,,False,0,0,,1082,0,0,0.0,,,,gemini35flash
2026091202,u_boost,fixed_sequence,0.1,,False,0,0,,1082,0,0,0.0,,,,gemini35flash
2026091202,u_boost,bonferroni,0.1,,False,0,0,,1082,0,0,0.0,,,,gemini35flash
2026091202,u_boost,fixed_sequence,0.14285714285714285,,False,0,0,,1082,0,0,0.0,,,,gemini35flash
2026091202,u_boost,bonferroni,0.14285714285714285,,False,0,0,,1082,0,0,0.0,,,,gemini35flash
2026091202,u_boost,fixed_sequence,0.2,,False,0,0,,1082,0,0,0.0,,,,gemini35flash
2026091202,u_boost,bonferroni,0.2,,False,0,0,,1082,0,0,0.0,,,,gemini35flash
2026091202,u_boost,fixed_sequence,0.25,0.76,True,158,26,0.241611419443843,1082,166,23,0.1534195933456562,0.13855421686746988,0.08990250007483117,0.20061287309944775,gemini35flash
2026091202,u_boost,bonferroni,0.25,,False,0,0,,1082,0,0,0.0,,,,gemini35flash
2026091202,rich_logistic,fixed_sequence,0.1,,False,0,0,,1082,0,0,0.0,,,,gemini35flash
2026091202,rich_logistic,bonferroni,0.1,,False,0,0,,1082,0,0,0.0,,,,gemini35flash
2026091202,rich_logistic,fixed_sequence,0.14285714285714285,,False,0,0,,1082,0,0,0.0,,,,gemini35flash
2026091202,rich_logistic,bonferroni,0.14285714285714285,,False,0,0,,1082,0,0,0.0,,,,gemini35flash
2026091202,rich_logistic,fixed_sequence,0.2,,False,0,0,,1082,0,0,0.0,,,,gemini35flash
2026091202,rich_logistic,bonferroni,0.2,,False,0,0,,1082,0,0,0.0,,,,gemini35flash
2026091202,rich_logistic,fixed_sequence,0.25,,False,0,0,,1082,0,0,0.0,,,,gemini35flash
2026091202,rich_logistic,bonferroni,0.25,,False,0,0,,1082,0,0,0.0,,,,gemini35flash
2026091202,rich_boost,fixed_sequence,0.1,,False,0,0,,1082,0,0,0.0,,,,gemini35flash
2026091202,rich_boost,bonferroni,0.1,,False,0,0,,1082,0,0,0.0,,,,gemini35flash
2026091202,rich_boost,fixed_sequence,0.14285714285714285,,False,0,0,,1082,0,0,0.0,,,,gemini35flash
2026091202,rich_boost,bonferroni,0.14285714285714285,,False,0,0,,1082,0,0,0.0,,,,gemini35flash
2026091202,rich_boost,fixed_sequence,0.2,,False,0,0,,1082,0,0,0.0,,,,gemini35flash
2026091202,rich_boost,bonferroni,0.2,,False,0,0,,1082,0,0,0.0,,,,gemini35flash
2026091202,rich_boost,fixed_sequence,0.25,,False,0,0,,1082,0,0,0.0,,,,gemini35flash
2026091202,rich_boost,bonferroni,0.25,,False,0,0,,1082,0,0,0.0,,,,gemini35flash
2026091203,raw_u,fixed_sequence,0.1,,False,0,0,,1082,0,0,0.0,,,,gemini35flash
2026091203,raw_u,bonferroni,0.1,,False,0,0,,1082,0,0,0.0,,,,gemini35flash
2026091203,raw_u,fixed_sequence,0.14285714285714285,,False,0,0,,1082,0,0,0.0,,,,gemini35flash
2026091203,raw_u,bonferroni,0.14285714285714285,,False,0,0,,1082,0,0,0.0,,,,gemini35flash
2026091203,raw_u,fixed_sequence,0.2,,False,0,0,,1082,0,0,0.0,,,,gemini35flash
2026091203,raw_u,bonferroni,0.2,,False,0,0,,1082,0,0,0.0,,,,gemini35flash
2026091203,raw_u,fixed_sequence,0.25,0.81,True,325,56,0.22450180794038316,1082,307,63,0.28373382624768945,0.20521172638436483,0.16144520688622505,0.2547691350904276,gemini35flash
2026091203,raw_u,bonferroni,0.25,0.8571428571428571,True,202,28,0.23442820404127943,1082,199,35,0.18391866913123844,0.17587939698492464,0.12566959758570864,0.23602035393473528,gemini35flash
2026091203,u_boost,fixed_sequence,0.1,,False,0,0,,1082,0,0,0.0,,,,gemini35flash
2026091203,u_boost,bonferroni,0.1,,False,0,0,,1082,0,0,0.0,,,,gemini35flash
2026091203,u_boost,fixed_sequence,0.14285714285714285,,False,0,0,,1082,0,0,0.0,,,,gemini35flash
2026091203,u_boost,bonferroni,0.14285714285714285,,False,0,0,,1082,0,0,0.0,,,,gemini35flash
2026091203,u_boost,fixed_sequence,0.2,0.74,True,170,21,0.19141917829939994,1082,178,28,0.1645101663585952,0.15730337078651685,0.10714388771087535,0.21925998596235863,gemini35flash
2026091203,u_boost,bonferroni,0.2,,False,0,0,,1082,0,0,0.0,,,,gemini35flash
2026091203,u_boost,fixed_sequence,0.25,0.67,True,325,56,0.22450180794038316,1082,307,63,0.28373382624768945,0.20521172638436483,0.16144520688622505,0.2547691350904276,gemini35flash
2026091203,u_boost,bonferroni,0.25,0.71,True,293,49,0.24908224280922373,1082,286,56,0.2643253234750462,0.1958041958041958,0.15143125129267443,0.24660451850408685,gemini35flash
2026091203,rich_logistic,fixed_sequence,0.1,,False,0,0,,1082,0,0,0.0,,,,gemini35flash
2026091203,rich_logistic,bonferroni,0.1,,False,0,0,,1082,0,0,0.0,,,,gemini35flash
2026091203,rich_logistic,fixed_sequence,0.14285714285714285,,False,0,0,,1082,0,0,0.0,,,,gemini35flash
2026091203,rich_logistic,bonferroni,0.14285714285714285,,False,0,0,,1082,0,0,0.0,,,,gemini35flash
2026091203,rich_logistic,fixed_sequence,0.2,,False,0,0,,1082,0,0,0.0,,,,gemini35flash
2026091203,rich_logistic,bonferroni,0.2,,False,0,0,,1082,0,0,0.0,,,,gemini35flash
2026091203,rich_logistic,fixed_sequence,0.25,0.73,True,300,48,0.21329643356616604,1082,295,61,0.27264325323475047,0.20677966101694914,0.16202092646998453,0.2575361342511858,gemini35flash
2026091203,rich_logistic,bonferroni,0.25,0.73,True,300,48,0.23974308321500223,1082,295,61,0.27264325323475047,0.20677966101694914,0.16202092646998453,0.2575361342511858,gemini35flash
2026091203,rich_boost,fixed_sequence,0.1,,False,0,0,,1082,0,0,0.0,,,,gemini35flash
2026091203,rich_boost,bonferroni,0.1,,False,0,0,,1082,0,0,0.0,,,,gemini35flash
2026091203,rich_boost,fixed_sequence,0.14285714285714285,,False,0,0,,1082,0,0,0.0,,,,gemini35flash
2026091203,rich_boost,bonferroni,0.14285714285714285,,False,0,0,,1082,0,0,0.0,,,,gemini35flash
2026091203,rich_boost,fixed_sequence,0.2,0.77,True,217,28,0.18878561863485258,1082,218,40,0.20147874306839186,0.1834862385321101,0.13443947501453496,0.24136190570563587,gemini35flash
2026091203,rich_boost,bonferroni,0.2,,False,0,0,,1082,0,0,0.0,,,,gemini35flash
2026091203,rich_boost,fixed_sequence,0.25,0.69,True,343,57,0.2162757345770133,1082,329,71,0.30406654343807765,0.21580547112462006,0.1725681495772905,0.26424218799537574,gemini35flash
2026091203,rich_boost,bonferroni,0.25,0.68,True,368,65,0.24992028401205277,1082,353,80,0.32624768946395566,0.22662889518413598,0.18399292778746634,0.2739176670504534,gemini35flash
2026091204,raw_u,fixed_sequence,0.1,,False,0,0,,1082,0,0,0.0,,,,gemini35flash
2026091204,raw_u,bonferroni,0.1,,False,0,0,,1082,0,0,0.0,,,,gemini35flash
2026091204,raw_u,fixed_sequence,0.14285714285714285,,False,0,0,,1082,0,0,0.0,,,,gemini35flash
2026091204,raw_u,bonferroni,0.14285714285714285,,False,0,0,,1082,0,0,0.0,,,,gemini35flash
2026091204,raw_u,fixed_sequence,0.2,,False,0,0,,1082,0,0,0.0,,,,gemini35flash
2026091204,raw_u,bonferroni,0.2,,False,0,0,,1082,0,0,0.0,,,,gemini35flash
2026091204,raw_u,fixed_sequence,0.25,0.91,True,153,26,0.2491204882028167,1082,183,33,0.16913123844731978,0.18032786885245902,0.12750011784187232,0.243819232028972,gemini35flash
2026091204,raw_u,bonferroni,0.25,,False,0,0,,1082,0,0,0.0,,,,gemini35flash
2026091204,u_boost,fixed_sequence,0.1,,False,0,0,,1082,0,0,0.0,,,,gemini35flash
2026091204,u_boost,bonferroni,0.1,,False,0,0,,1082,0,0,0.0,,,,gemini35flash
2026091204,u_boost,fixed_sequence,0.14285714285714285,,False,0,0,,1082,0,0,0.0,,,,gemini35flash
2026091204,u_boost,bonferroni,0.14285714285714285,,False,0,0,,1082,0,0,0.0,,,,gemini35flash
2026091204,u_boost,fixed_sequence,0.2,,False,0,0,,1082,0,0,0.0,,,,gemini35flash
2026091204,u_boost,bonferroni,0.2,,False,0,0,,1082,0,0,0.0,,,,gemini35flash
2026091204,u_boost,fixed_sequence,0.25,0.78,True,153,26,0.2491204882028167,1082,183,33,0.16913123844731978,0.18032786885245902,0.12750011784187232,0.243819232028972,gemini35flash
2026091204,u_boost,bonferroni,0.25,,False,0,0,,1082,0,0,0.0,,,,gemini35flash
2026091204,rich_logistic,fixed_sequence,0.1,,False,0,0,,1082,0,0,0.0,,,,gemini35flash
2026091204,rich_logistic,bonferroni,0.1,,False,0,0,,1082,0,0,0.0,,,,gemini35flash
2026091204,rich_logistic,fixed_sequence,0.14285714285714285,,False,0,0,,1082,0,0,0.0,,,,gemini35flash
2026091204,rich_logistic,bonferroni,0.14285714285714285,,False,0,0,,1082,0,0,0.0,,,,gemini35flash
2026091204,rich_logistic,fixed_sequence,0.2,,False,0,0,,1082,0,0,0.0,,,,gemini35flash
2026091204,rich_logistic,bonferroni,0.2,,False,0,0,,1082,0,0,0.0,,,,gemini35flash
2026091204,rich_logistic,fixed_sequence,0.25,,False,0,0,,1082,0,0,0.0,,,,gemini35flash
2026091204,rich_logistic,bonferroni,0.25,,False,0,0,,1082,0,0,0.0,,,,gemini35flash
2026091204,rich_boost,fixed_sequence,0.1,,False,0,0,,1082,0,0,0.0,,,,gemini35flash
2026091204,rich_boost,bonferroni,0.1,,False,0,0,,1082,0,0,0.0,,,,gemini35flash
2026091204,rich_boost,fixed_sequence,0.14285714285714285,,False,0,0,,1082,0,0,0.0,,,,gemini35flash
2026091204,rich_boost,bonferroni,0.14285714285714285,,False,0,0,,1082,0,0,0.0,,,,gemini35flash
2026091204,rich_boost,fixed_sequence,0.2,,False,0,0,,1082,0,0,0.0,,,,gemini35flash
2026091204,rich_boost,bonferroni,0.2,,False,0,0,,1082,0,0,0.0,,,,gemini35flash
2026091204,rich_boost,fixed_sequence,0.25,,False,0,0,,1082,0,0,0.0,,,,gemini35flash
2026091204,rich_boost,bonferroni,0.25,,False,0,0,,1082,0,0,0.0,,,,gemini35flash
2026091205,raw_u,fixed_sequence,0.1,,False,0,0,,1082,0,0,0.0,,,,gemini35flash
2026091205,raw_u,bonferroni,0.1,,False,0,0,,1082,0,0,0.0,,,,gemini35flash
2026091205,raw_u,fixed_sequence,0.14285714285714285,,False,0,0,,1082,0,0,0.0,,,,gemini35flash
2026091205,raw_u,bonferroni,0.14285714285714285,,False,0,0,,1082,0,0,0.0,,,,gemini35flash
2026091205,raw_u,fixed_sequence,0.2,,False,0,0,,1082,0,0,0.0,,,,gemini35flash
2026091205,raw_u,bonferroni,0.2,,False,0,0,,1082,0,0,0.0,,,,gemini35flash
2026091205,raw_u,fixed_sequence,0.25,0.8571428571428571,True,199,33,0.23359909227421077,1082,189,39,0.17467652495378927,0.20634920634920634,0.1510405035219823,0.2711097181354965,gemini35flash
2026091205,raw_u,bonferroni,0.25,,False,0,0,,1082,0,0,0.0,,,,gemini35flash
2026091205,u_boost,fixed_sequence,0.1,,False,0,0,,1082,0,0,0.0,,,,gemini35flash
2026091205,u_boost,bonferroni,0.1,,False,0,0,,1082,0,0,0.0,,,,gemini35flash
2026091205,u_boost,fixed_sequence,0.14285714285714285,,False,0,0,,1082,0,0,0.0,,,,gemini35flash
2026091205,u_boost,bonferroni,0.14285714285714285,,False,0,0,,1082,0,0,0.0,,,,gemini35flash
2026091205,u_boost,fixed_sequence,0.2,,False,0,0,,1082,0,0,0.0,,,,gemini35flash
2026091205,u_boost,bonferroni,0.2,,False,0,0,,1082,0,0,0.0,,,,gemini35flash
2026091205,u_boost,fixed_sequence,0.25,0.74,True,182,28,0.22357167268439318,1082,154,31,0.1423290203327172,0.2012987012987013,0.14105977126229235,0.2733906417840318,gemini35flash
2026091205,u_boost,bonferroni,0.25,,False,0,0,,1082,0,0,0.0,,,,gemini35flash
2026091205,rich_logistic,fixed_sequence,0.1,,False,0,0,,1082,0,0,0.0,,,,gemini35flash
2026091205,rich_logistic,bonferroni,0.1,,False,0,0,,1082,0,0,0.0,,,,gemini35flash
2026091205,rich_logistic,fixed_sequence,0.14285714285714285,,False,0,0,,1082,0,0,0.0,,,,gemini35flash
2026091205,rich_logistic,bonferroni,0.14285714285714285,,False,0,0,,1082,0,0,0.0,,,,gemini35flash
2026091205,rich_logistic,fixed_sequence,0.2,,False,0,0,,1082,0,0,0.0,,,,gemini35flash
2026091205,rich_logistic,bonferroni,0.2,,False,0,0,,1082,0,0,0.0,,,,gemini35flash
2026091205,rich_logistic,fixed_sequence,0.25,0.73,True,241,42,0.23606206160028767,1082,226,43,0.2088724584103512,0.1902654867256637,0.14125149480843827,0.24760164421921207,gemini35flash
2026091205,rich_logistic,bonferroni,0.25,,False,0,0,,1082,0,0,0.0,,,,gemini35flash
2026091205,rich_boost,fixed_sequence,0.1,,False,0,0,,1082,0,0,0.0,,,,gemini35flash
2026091205,rich_boost,bonferroni,0.1,,False,0,0,,1082,0,0,0.0,,,,gemini35flash
2026091205,rich_boost,fixed_sequence,0.14285714285714285,,False,0,0,,1082,0,0,0.0,,,,gemini35flash
2026091205,rich_boost,bonferroni,0.14285714285714285,,False,0,0,,1082,0,0,0.0,,,,gemini35flash
2026091205,rich_boost,fixed_sequence,0.2,,False,0,0,,1082,0,0,0.0,,,,gemini35flash
2026091205,rich_boost,bonferroni,0.2,,False,0,0,,1082,0,0,0.0,,,,gemini35flash
2026091205,rich_boost,fixed_sequence,0.25,0.71,True,241,40,0.22686393059569246,1082,215,43,0.1987060998151571,0.2,0.14868478243413896,0.25978807099219464,gemini35flash
2026091205,rich_boost,bonferroni,0.25,,False,0,0,,1082,0,0,0.0,,,,gemini35flash
2026091206,raw_u,fixed_sequence,0.1,,False,0,0,,1082,0,0,0.0,,,,gemini35flash
2026091206,raw_u,bonferroni,0.1,,False,0,0,,1082,0,0,0.0,,,,gemini35flash
2026091206,raw_u,fixed_sequence,0.14285714285714285,,False,0,0,,1082,0,0,0.0,,,,gemini35flash
2026091206,raw_u,bonferroni,0.14285714285714285,,False,0,0,,1082,0,0,0.0,,,,gemini35flash
2026091206,raw_u,fixed_sequence,0.2,,False,0,0,,1082,0,0,0.0,,,,gemini35flash
2026091206,raw_u,bonferroni,0.2,,False,0,0,,1082,0,0,0.0,,,,gemini35flash
2026091206,raw_u,fixed_sequence,0.25,0.81,True,309,58,0.24278738707674163,1082,304,67,0.2809611829944547,0.22039473684210525,0.17508044762925004,0.27125056337706854,gemini35flash
2026091206,raw_u,bonferroni,0.25,,False,0,0,,1082,0,0,0.0,,,,gemini35flash
2026091206,u_boost,fixed_sequence,0.1,,False,0,0,,1082,0,0,0.0,,,,gemini35flash
2026091206,u_boost,bonferroni,0.1,,False,0,0,,1082,0,0,0.0,,,,gemini35flash
2026091206,u_boost,fixed_sequence,0.14285714285714285,,False,0,0,,1082,0,0,0.0,,,,gemini35flash
2026091206,u_boost,bonferroni,0.14285714285714285,,False,0,0,,1082,0,0,0.0,,,,gemini35flash
2026091206,u_boost,fixed_sequence,0.2,,False,0,0,,1082,0,0,0.0,,,,gemini35flash
2026091206,u_boost,bonferroni,0.2,,False,0,0,,1082,0,0,0.0,,,,gemini35flash
2026091206,u_boost,fixed_sequence,0.25,0.73,True,146,20,0.21349526026392746,1082,175,35,0.16173752310536044,0.2,0.1434376762427407,0.2670132279339368,gemini35flash
2026091206,u_boost,bonferroni,0.25,,False,0,0,,1082,0,0,0.0,,,,gemini35flash
2026091206,rich_logistic,fixed_sequence,0.1,,False,0,0,,1082,0,0,0.0,,,,gemini35flash
2026091206,rich_logistic,bonferroni,0.1,,False,0,0,,1082,0,0,0.0,,,,gemini35flash
2026091206,rich_logistic,fixed_sequence,0.14285714285714285,,False,0,0,,1082,0,0,0.0,,,,gemini35flash
2026091206,rich_logistic,bonferroni,0.14285714285714285,,False,0,0,,1082,0,0,0.0,,,,gemini35flash
2026091206,rich_logistic,fixed_sequence,0.2,,False,0,0,,1082,0,0,0.0,,,,gemini35flash
2026091206,rich_logistic,bonferroni,0.2,,False,0,0,,1082,0,0,0.0,,,,gemini35flash
2026091206,rich_logistic,fixed_sequence,0.25,0.74,True,205,34,0.23250345137329048,1082,236,47,0.21811460258780038,0.19915254237288135,0.15015362601016363,0.25587933307461996,gemini35flash
2026091206,rich_logistic,bonferroni,0.25,0.78,True,148,20,0.2492098984648727,1082,181,37,0.16728280961182995,0.20441988950276244,0.14820256090132583,0.27058177696727526,gemini35flash
2026091206,rich_boost,fixed_sequence,0.1,,False,0,0,,1082,0,0,0.0,,,,gemini35flash
2026091206,rich_boost,bonferroni,0.1,,False,0,0,,1082,0,0,0.0,,,,gemini35flash
2026091206,rich_boost,fixed_sequence,0.14285714285714285,,False,0,0,,1082,0,0,0.0,,,,gemini35flash
2026091206,rich_boost,bonferroni,0.14285714285714285,,False,0,0,,1082,0,0,0.0,,,,gemini35flash
2026091206,rich_boost,fixed_sequence,0.2,,False,0,0,,1082,0,0,0.0,,,,gemini35flash
2026091206,rich_boost,bonferroni,0.2,,False,0,0,,1082,0,0,0.0,,,,gemini35flash
2026091206,rich_boost,fixed_sequence,0.25,0.73,True,199,31,0.22230439632625884,1082,224,43,0.20702402957486138,0.19196428571428573,0.14254713754868845,0.2497318214123987,gemini35flash
2026091206,rich_boost,bonferroni,0.25,0.75,True,195,29,0.24842744327329383,1082,221,43,0.20425138632162662,0.19457013574660634,0.14453585235594912,0.2529965155300541,gemini35flash
2026091207,raw_u,fixed_sequence,0.1,,False,0,0,,1082,0,0,0.0,,,,gemini35flash
2026091207,raw_u,bonferroni,0.1,,False,0,0,,1082,0,0,0.0,,,,gemini35flash
2026091207,raw_u,fixed_sequence,0.14285714285714285,,False,0,0,,1082,0,0,0.0,,,,gemini35flash
2026091207,raw_u,bonferroni,0.14285714285714285,,False,0,0,,1082,0,0,0.0,,,,gemini35flash
2026091207,raw_u,fixed_sequence,0.2,,False,0,0,,1082,0,0,0.0,,,,gemini35flash
2026091207,raw_u,bonferroni,0.2,,False,0,0,,1082,0,0,0.0,,,,gemini35flash
2026091207,raw_u,fixed_sequence,0.25,0.91,True,154,24,0.2328388032150455,1082,164,31,0.15157116451016636,0.18902439024390244,0.13219402580818648,0.2574438615314878,gemini35flash
2026091207,raw_u,bonferroni,0.25,,False,0,0,,1082,0,0,0.0,,,,gemini35flash
2026091207,u_boost,fixed_sequence,0.1,,False,0,0,,1082,0,0,0.0,,,,gemini35flash
2026091207,u_boost,bonferroni,0.1,,False,0,0,,1082,0,0,0.0,,,,gemini35flash
2026091207,u_boost,fixed_sequence,0.14285714285714285,,False,0,0,,1082,0,0,0.0,,,,gemini35flash
2026091207,u_boost,bonferroni,0.14285714285714285,,False,0,0,,1082,0,0,0.0,,,,gemini35flash
2026091207,u_boost,fixed_sequence,0.2,,False,0,0,,1082,0,0,0.0,,,,gemini35flash
2026091207,u_boost,bonferroni,0.2,,False,0,0,,1082,0,0,0.0,,,,gemini35flash
2026091207,u_boost,fixed_sequence,0.25,0.75,True,154,24,0.2328388032150455,1082,164,31,0.15157116451016636,0.18902439024390244,0.13219402580818648,0.2574438615314878,gemini35flash
2026091207,u_boost,bonferroni,0.25,,False,0,0,,1082,0,0,0.0,,,,gemini35flash
2026091207,rich_logistic,fixed_sequence,0.1,,False,0,0,,1082,0,0,0.0,,,,gemini35flash
2026091207,rich_logistic,bonferroni,0.1,,False,0,0,,1082,0,0,0.0,,,,gemini35flash
2026091207,rich_logistic,fixed_sequence,0.14285714285714285,,False,0,0,,1082,0,0,0.0,,,,gemini35flash
2026091207,rich_logistic,bonferroni,0.14285714285714285,,False,0,0,,1082,0,0,0.0,,,,gemini35flash
2026091207,rich_logistic,fixed_sequence,0.2,,False,0,0,,1082,0,0,0.0,,,,gemini35flash
2026091207,rich_logistic,bonferroni,0.2,,False,0,0,,1082,0,0,0.0,,,,gemini35flash
2026091207,rich_logistic,fixed_sequence,0.25,0.74,True,278,48,0.2295862331342678,1082,294,68,0.27171903881700554,0.23129251700680273,0.18431767247069505,0.2837730786277656,gemini35flash
2026091207,rich_logistic,bonferroni,0.25,,False,0,0,,1082,0,0,0.0,,,,gemini35flash
2026091207,rich_boost,fixed_sequence,0.1,,False,0,0,,1082,0,0,0.0,,,,gemini35flash
2026091207,rich_boost,bonferroni,0.1,,False,0,0,,1082,0,0,0.0,,,,gemini35flash
2026091207,rich_boost,fixed_sequence,0.14285714285714285,,False,0,0,,1082,0,0,0.0,,,,gemini35flash
2026091207,rich_boost,bonferroni,0.14285714285714285,,False,0,0,,1082,0,0,0.0,,,,gemini35flash
2026091207,rich_boost,fixed_sequence,0.2,,False,0,0,,1082,0,0,0.0,,,,gemini35flash
2026091207,rich_boost,bonferroni,0.2,,False,0,0,,1082,0,0,0.0,,,,gemini35flash
2026091207,rich_boost,fixed_sequence,0.25,0.69,True,319,61,0.24565952777925082,1082,325,76,0.300369685767098,0.23384615384615384,0.18890030370723782,0.28371648470302335,gemini35flash
2026091207,rich_boost,bonferroni,0.25,0.76,True,197,29,0.24605725890040095,1082,207,42,0.1913123844731978,0.2028985507246377,0.15031804361276177,0.26419816459402057,gemini35flash
2026091208,raw_u,fixed_sequence,0.1,,False,0,0,,1082,0,0,0.0,,,,gemini35flash
2026091208,raw_u,bonferroni,0.1,,False,0,0,,1082,0,0,0.0,,,,gemini35flash
2026091208,raw_u,fixed_sequence,0.14285714285714285,,False,0,0,,1082,0,0,0.0,,,,gemini35flash
2026091208,raw_u,bonferroni,0.14285714285714285,,False,0,0,,1082,0,0,0.0,,,,gemini35flash
2026091208,raw_u,fixed_sequence,0.2,,False,0,0,,1082,0,0,0.0,,,,gemini35flash
2026091208,raw_u,bonferroni,0.2,,False,0,0,,1082,0,0,0.0,,,,gemini35flash
2026091208,raw_u,fixed_sequence,0.25,,False,0,0,,1082,0,0,0.0,,,,gemini35flash
2026091208,raw_u,bonferroni,0.25,,False,0,0,,1082,0,0,0.0,,,,gemini35flash
2026091208,u_boost,fixed_sequence,0.1,,False,0,0,,1082,0,0,0.0,,,,gemini35flash
2026091208,u_boost,bonferroni,0.1,,False,0,0,,1082,0,0,0.0,,,,gemini35flash
2026091208,u_boost,fixed_sequence,0.14285714285714285,,False,0,0,,1082,0,0,0.0,,,,gemini35flash
2026091208,u_boost,bonferroni,0.14285714285714285,,False,0,0,,1082,0,0,0.0,,,,gemini35flash
2026091208,u_boost,fixed_sequence,0.2,,False,0,0,,1082,0,0,0.0,,,,gemini35flash
2026091208,u_boost,bonferroni,0.2,,False,0,0,,1082,0,0,0.0,,,,gemini35flash
2026091208,u_boost,fixed_sequence,0.25,,False,0,0,,1082,0,0,0.0,,,,gemini35flash
2026091208,u_boost,bonferroni,0.25,,False,0,0,,1082,0,0,0.0,,,,gemini35flash
2026091208,rich_logistic,fixed_sequence,0.1,,False,0,0,,1082,0,0,0.0,,,,gemini35flash
2026091208,rich_logistic,bonferroni,0.1,,False,0,0,,1082,0,0,0.0,,,,gemini35flash
2026091208,rich_logistic,fixed_sequence,0.14285714285714285,,False,0,0,,1082,0,0,0.0,,,,gemini35flash
2026091208,rich_logistic,bonferroni,0.14285714285714285,,False,0,0,,1082,0,0,0.0,,,,gemini35flash
2026091208,rich_logistic,fixed_sequence,0.2,,False,0,0,,1082,0,0,0.0,,,,gemini35flash
2026091208,rich_logistic,bonferroni,0.2,,False,0,0,,1082,0,0,0.0,,,,gemini35flash
2026091208,rich_logistic,fixed_sequence,0.25,,False,0,0,,1082,0,0,0.0,,,,gemini35flash
2026091208,rich_logistic,bonferroni,0.25,,False,0,0,,1082,0,0,0.0,,,,gemini35flash
2026091208,rich_boost,fixed_sequence,0.1,,False,0,0,,1082,0,0,0.0,,,,gemini35flash
2026091208,rich_boost,bonferroni,0.1,,False,0,0,,1082,0,0,0.0,,,,gemini35flash
2026091208,rich_boost,fixed_sequence,0.14285714285714285,,False,0,0,,1082,0,0,0.0,,,,gemini35flash
2026091208,rich_boost,bonferroni,0.14285714285714285,,False,0,0,,1082,0,0,0.0,,,,gemini35flash
2026091208,rich_boost,fixed_sequence,0.2,,False,0,0,,1082,0,0,0.0,,,,gemini35flash
2026091208,rich_boost,bonferroni,0.2,,False,0,0,,1082,0,0,0.0,,,,gemini35flash
2026091208,rich_boost,fixed_sequence,0.25,,False,0,0,,1082,0,0,0.0,,,,gemini35flash
2026091208,rich_boost,bonferroni,0.25,,False,0,0,,1082,0,0,0.0,,,,gemini35flash
2026091209,raw_u,fixed_sequence,0.1,,False,0,0,,1082,0,0,0.0,,,,gemini35flash
2026091209,raw_u,bonferroni,0.1,,False,0,0,,1082,0,0,0.0,,,,gemini35flash
2026091209,raw_u,fixed_sequence,0.14285714285714285,,False,0,0,,1082,0,0,0.0,,,,gemini35flash
2026091209,raw_u,bonferroni,0.14285714285714285,,False,0,0,,1082,0,0,0.0,,,,gemini35flash
2026091209,raw_u,fixed_sequence,0.2,,False,0,0,,1082,0,0,0.0,,,,gemini35flash
2026091209,raw_u,bonferroni,0.2,,False,0,0,,1082,0,0,0.0,,,,gemini35flash
2026091209,raw_u,fixed_sequence,0.25,0.8571428571428571,True,186,32,0.24319490184125897,1082,193,37,0.17837338262476896,0.19170984455958548,0.13871947511490146,0.2544281289788824,gemini35flash
2026091209,raw_u,bonferroni,0.25,,False,0,0,,1082,0,0,0.0,,,,gemini35flash
2026091209,u_boost,fixed_sequence,0.1,,False,0,0,,1082,0,0,0.0,,,,gemini35flash
2026091209,u_boost,bonferroni,0.1,,False,0,0,,1082,0,0,0.0,,,,gemini35flash
2026091209,u_boost,fixed_sequence,0.14285714285714285,,False,0,0,,1082,0,0,0.0,,,,gemini35flash
2026091209,u_boost,bonferroni,0.14285714285714285,,False,0,0,,1082,0,0,0.0,,,,gemini35flash
2026091209,u_boost,fixed_sequence,0.2,,False,0,0,,1082,0,0,0.0,,,,gemini35flash
2026091209,u_boost,bonferroni,0.2,,False,0,0,,1082,0,0,0.0,,,,gemini35flash
2026091209,u_boost,fixed_sequence,0.25,0.78,True,166,28,0.2441216958728931,1082,168,28,0.15526802218114602,0.16666666666666666,0.11369771904819069,0.23179162946032605,gemini35flash
2026091209,u_boost,bonferroni,0.25,,False,0,0,,1082,0,0,0.0,,,,gemini35flash
2026091209,rich_logistic,fixed_sequence,0.1,,False,0,0,,1082,0,0,0.0,,,,gemini35flash
2026091209,rich_logistic,bonferroni,0.1,,False,0,0,,1082,0,0,0.0,,,,gemini35flash
2026091209,rich_logistic,fixed_sequence,0.14285714285714285,,False,0,0,,1082,0,0,0.0,,,,gemini35flash
2026091209,rich_logistic,bonferroni,0.14285714285714285,,False,0,0,,1082,0,0,0.0,,,,gemini35flash
2026091209,rich_logistic,fixed_sequence,0.2,,False,0,0,,1082,0,0,0.0,,,,gemini35flash
2026091209,rich_logistic,bonferroni,0.2,,False,0,0,,1082,0,0,0.0,,,,gemini35flash
2026091209,rich_logistic,fixed_sequence,0.25,,False,0,0,,1082,0,0,0.0,,,,gemini35flash
2026091209,rich_logistic,bonferroni,0.25,,False,0,0,,1082,0,0,0.0,,,,gemini35flash
2026091209,rich_boost,fixed_sequence,0.1,,False,0,0,,1082,0,0,0.0,,,,gemini35flash
2026091209,rich_boost,bonferroni,0.1,,False,0,0,,1082,0,0,0.0,,,,gemini35flash
2026091209,rich_boost,fixed_sequence,0.14285714285714285,,False,0,0,,1082,0,0,0.0,,,,gemini35flash
2026091209,rich_boost,bonferroni,0.14285714285714285,,False,0,0,,1082,0,0,0.0,,,,gemini35flash
2026091209,rich_boost,fixed_sequence,0.2,,False,0,0,,1082,0,0,0.0,,,,gemini35flash
2026091209,rich_boost,bonferroni,0.2,,False,0,0,,1082,0,0,0.0,,,,gemini35flash
2026091209,rich_boost,fixed_sequence,0.25,,False,0,0,,1082,0,0,0.0,,,,gemini35flash
2026091209,rich_boost,bonferroni,0.25,,False,0,0,,1082,0,0,0.0,,,,gemini35flash
2026091210,raw_u,fixed_sequence,0.1,,False,0,0,,1082,0,0,0.0,,,,gemini35flash
2026091210,raw_u,bonferroni,0.1,,False,0,0,,1082,0,0,0.0,,,,gemini35flash
2026091210,raw_u,fixed_sequence,0.14285714285714285,,False,0,0,,1082,0,0,0.0,,,,gemini35flash
2026091210,raw_u,bonferroni,0.14285714285714285,,False,0,0,,1082,0,0,0.0,,,,gemini35flash
2026091210,raw_u,fixed_sequence,0.2,,False,0,0,,1082,0,0,0.0,,,,gemini35flash
2026091210,raw_u,bonferroni,0.2,,False,0,0,,1082,0,0,0.0,,,,gemini35flash
2026091210,raw_u,fixed_sequence,0.25,,False,0,0,,1082,0,0,0.0,,,,gemini35flash
2026091210,raw_u,bonferroni,0.25,,False,0,0,,1082,0,0,0.0,,,,gemini35flash
2026091210,u_boost,fixed_sequence,0.1,,False,0,0,,1082,0,0,0.0,,,,gemini35flash
2026091210,u_boost,bonferroni,0.1,,False,0,0,,1082,0,0,0.0,,,,gemini35flash
2026091210,u_boost,fixed_sequence,0.14285714285714285,,False,0,0,,1082,0,0,0.0,,,,gemini35flash
2026091210,u_boost,bonferroni,0.14285714285714285,,False,0,0,,1082,0,0,0.0,,,,gemini35flash
2026091210,u_boost,fixed_sequence,0.2,,False,0,0,,1082,0,0,0.0,,,,gemini35flash
2026091210,u_boost,bonferroni,0.2,,False,0,0,,1082,0,0,0.0,,,,gemini35flash
2026091210,u_boost,fixed_sequence,0.25,,False,0,0,,1082,0,0,0.0,,,,gemini35flash
2026091210,u_boost,bonferroni,0.25,,False,0,0,,1082,0,0,0.0,,,,gemini35flash
2026091210,rich_logistic,fixed_sequence,0.1,,False,0,0,,1082,0,0,0.0,,,,gemini35flash
2026091210,rich_logistic,bonferroni,0.1,,False,0,0,,1082,0,0,0.0,,,,gemini35flash
2026091210,rich_logistic,fixed_sequence,0.14285714285714285,,False,0,0,,1082,0,0,0.0,,,,gemini35flash
2026091210,rich_logistic,bonferroni,0.14285714285714285,,False,0,0,,1082,0,0,0.0,,,,gemini35flash
2026091210,rich_logistic,fixed_sequence,0.2,,False,0,0,,1082,0,0,0.0,,,,gemini35flash
2026091210,rich_logistic,bonferroni,0.2,,False,0,0,,1082,0,0,0.0,,,,gemini35flash
2026091210,rich_logistic,fixed_sequence,0.25,,False,0,0,,1082,0,0,0.0,,,,gemini35flash
2026091210,rich_logistic,bonferroni,0.25,,False,0,0,,1082,0,0,0.0,,,,gemini35flash
2026091210,rich_boost,fixed_sequence,0.1,,False,0,0,,1082,0,0,0.0,,,,gemini35flash
2026091210,rich_boost,bonferroni,0.1,,False,0,0,,1082,0,0,0.0,,,,gemini35flash
2026091210,rich_boost,fixed_sequence,0.14285714285714285,,False,0,0,,1082,0,0,0.0,,,,gemini35flash
2026091210,rich_boost,bonferroni,0.14285714285714285,,False,0,0,,1082,0,0,0.0,,,,gemini35flash
2026091210,rich_boost,fixed_sequence,0.2,,False,0,0,,1082,0,0,0.0,,,,gemini35flash
2026091210,rich_boost,bonferroni,0.2,,False,0,0,,1082,0,0,0.0,,,,gemini35flash
2026091210,rich_boost,fixed_sequence,0.25,,False,0,0,,1082,0,0,0.0,,,,gemini35flash
2026091210,rich_boost,bonferroni,0.25,,False,0,0,,1082,0,0,0.0,,,,gemini35flash
2026091211,raw_u,fixed_sequence,0.1,,False,0,0,,1082,0,0,0.0,,,,gemini35flash
2026091211,raw_u,bonferroni,0.1,,False,0,0,,1082,0,0,0.0,,,,gemini35flash
2026091211,raw_u,fixed_sequence,0.14285714285714285,,False,0,0,,1082,0,0,0.0,,,,gemini35flash
2026091211,raw_u,bonferroni,0.14285714285714285,,False,0,0,,1082,0,0,0.0,,,,gemini35flash
2026091211,raw_u,fixed_sequence,0.2,,False,0,0,,1082,0,0,0.0,,,,gemini35flash
2026091211,raw_u,bonferroni,0.2,,False,0,0,,1082,0,0,0.0,,,,gemini35flash
2026091211,raw_u,fixed_sequence,0.25,,False,0,0,,1082,0,0,0.0,,,,gemini35flash
2026091211,raw_u,bonferroni,0.25,,False,0,0,,1082,0,0,0.0,,,,gemini35flash
2026091211,u_boost,fixed_sequence,0.1,,False,0,0,,1082,0,0,0.0,,,,gemini35flash
2026091211,u_boost,bonferroni,0.1,,False,0,0,,1082,0,0,0.0,,,,gemini35flash
2026091211,u_boost,fixed_sequence,0.14285714285714285,,False,0,0,,1082,0,0,0.0,,,,gemini35flash
2026091211,u_boost,bonferroni,0.14285714285714285,,False,0,0,,1082,0,0,0.0,,,,gemini35flash
2026091211,u_boost,fixed_sequence,0.2,,False,0,0,,1082,0,0,0.0,,,,gemini35flash
2026091211,u_boost,bonferroni,0.2,,False,0,0,,1082,0,0,0.0,,,,gemini35flash
2026091211,u_boost,fixed_sequence,0.25,,False,0,0,,1082,0,0,0.0,,,,gemini35flash
2026091211,u_boost,bonferroni,0.25,,False,0,0,,1082,0,0,0.0,,,,gemini35flash
2026091211,rich_logistic,fixed_sequence,0.1,,False,0,0,,1082,0,0,0.0,,,,gemini35flash
2026091211,rich_logistic,bonferroni,0.1,,False,0,0,,1082,0,0,0.0,,,,gemini35flash
2026091211,rich_logistic,fixed_sequence,0.14285714285714285,,False,0,0,,1082,0,0,0.0,,,,gemini35flash
2026091211,rich_logistic,bonferroni,0.14285714285714285,,False,0,0,,1082,0,0,0.0,,,,gemini35flash
2026091211,rich_logistic,fixed_sequence,0.2,,False,0,0,,1082,0,0,0.0,,,,gemini35flash
2026091211,rich_logistic,bonferroni,0.2,,False,0,0,,1082,0,0,0.0,,,,gemini35flash
2026091211,rich_logistic,fixed_sequence,0.25,,False,0,0,,1082,0,0,0.0,,,,gemini35flash
2026091211,rich_logistic,bonferroni,0.25,,False,0,0,,1082,0,0,0.0,,,,gemini35flash
2026091211,rich_boost,fixed_sequence,0.1,,False,0,0,,1082,0,0,0.0,,,,gemini35flash
2026091211,rich_boost,bonferroni,0.1,,False,0,0,,1082,0,0,0.0,,,,gemini35flash
2026091211,rich_boost,fixed_sequence,0.14285714285714285,,False,0,0,,1082,0,0,0.0,,,,gemini35flash
2026091211,rich_boost,bonferroni,0.14285714285714285,,False,0,0,,1082,0,0,0.0,,,,gemini35flash
2026091211,rich_boost,fixed_sequence,0.2,,False,0,0,,1082,0,0,0.0,,,,gemini35flash
2026091211,rich_boost,bonferroni,0.2,,False,0,0,,1082,0,0,0.0,,,,gemini35flash
2026091211,rich_boost,fixed_sequence,0.25,,False,0,0,,1082,0,0,0.0,,,,gemini35flash
2026091211,rich_boost,bonferroni,0.25,,False,0,0,,1082,0,0,0.0,,,,gemini35flash
2026091212,raw_u,fixed_sequence,0.1,,False,0,0,,1082,0,0,0.0,,,,gemini35flash
2026091212,raw_u,bonferroni,0.1,,False,0,0,,1082,0,0,0.0,,,,gemini35flash
2026091212,raw_u,fixed_sequence,0.14285714285714285,,False,0,0,,1082,0,0,0.0,,,,gemini35flash
2026091212,raw_u,bonferroni,0.14285714285714285,,False,0,0,,1082,0,0,0.0,,,,gemini35flash
2026091212,raw_u,fixed_sequence,0.2,,False,0,0,,1082,0,0,0.0,,,,gemini35flash
2026091212,raw_u,bonferroni,0.2,,False,0,0,,1082,0,0,0.0,,,,gemini35flash
2026091212,raw_u,fixed_sequence,0.25,,False,0,0,,1082,0,0,0.0,,,,gemini35flash
2026091212,raw_u,bonferroni,0.25,,False,0,0,,1082,0,0,0.0,,,,gemini35flash
2026091212,u_boost,fixed_sequence,0.1,,False,0,0,,1082,0,0,0.0,,,,gemini35flash
2026091212,u_boost,bonferroni,0.1,,False,0,0,,1082,0,0,0.0,,,,gemini35flash
2026091212,u_boost,fixed_sequence,0.14285714285714285,,False,0,0,,1082,0,0,0.0,,,,gemini35flash
2026091212,u_boost,bonferroni,0.14285714285714285,,False,0,0,,1082,0,0,0.0,,,,gemini35flash
2026091212,u_boost,fixed_sequence,0.2,,False,0,0,,1082,0,0,0.0,,,,gemini35flash
2026091212,u_boost,bonferroni,0.2,,False,0,0,,1082,0,0,0.0,,,,gemini35flash
2026091212,u_boost,fixed_sequence,0.25,,False,0,0,,1082,0,0,0.0,,,,gemini35flash
2026091212,u_boost,bonferroni,0.25,,False,0,0,,1082,0,0,0.0,,,,gemini35flash
2026091212,rich_logistic,fixed_sequence,0.1,,False,0,0,,1082,0,0,0.0,,,,gemini35flash
2026091212,rich_logistic,bonferroni,0.1,,False,0,0,,1082,0,0,0.0,,,,gemini35flash
2026091212,rich_logistic,fixed_sequence,0.14285714285714285,,False,0,0,,1082,0,0,0.0,,,,gemini35flash
2026091212,rich_logistic,bonferroni,0.14285714285714285,,False,0,0,,1082,0,0,0.0,,,,gemini35flash
2026091212,rich_logistic,fixed_sequence,0.2,,False,0,0,,1082,0,0,0.0,,,,gemini35flash
2026091212,rich_logistic,bonferroni,0.2,,False,0,0,,1082,0,0,0.0,,,,gemini35flash
2026091212,rich_logistic,fixed_sequence,0.25,0.78,True,182,32,0.24829896899719997,1082,170,25,0.15711645101663585,0.14705882352941177,0.09748528413157037,0.20938860094861797,gemini35flash
2026091212,rich_logistic,bonferroni,0.25,,False,0,0,,1082,0,0,0.0,,,,gemini35flash
2026091212,rich_boost,fixed_sequence,0.1,,False,0,0,,1082,0,0,0.0,,,,gemini35flash
2026091212,rich_boost,bonferroni,0.1,,False,0,0,,1082,0,0,0.0,,,,gemini35flash
2026091212,rich_boost,fixed_sequence,0.14285714285714285,,False,0,0,,1082,0,0,0.0,,,,gemini35flash
2026091212,rich_boost,bonferroni,0.14285714285714285,,False,0,0,,1082,0,0,0.0,,,,gemini35flash
2026091212,rich_boost,fixed_sequence,0.2,,False,0,0,,1082,0,0,0.0,,,,gemini35flash
2026091212,rich_boost,bonferroni,0.2,,False,0,0,,1082,0,0,0.0,,,,gemini35flash
2026091212,rich_boost,fixed_sequence,0.25,,False,0,0,,1082,0,0,0.0,,,,gemini35flash
2026091212,rich_boost,bonferroni,0.25,,False,0,0,,1082,0,0,0.0,,,,gemini35flash
2026091213,raw_u,fixed_sequence,0.1,,False,0,0,,1082,0,0,0.0,,,,gemini35flash
2026091213,raw_u,bonferroni,0.1,,False,0,0,,1082,0,0,0.0,,,,gemini35flash
2026091213,raw_u,fixed_sequence,0.14285714285714285,,False,0,0,,1082,0,0,0.0,,,,gemini35flash
2026091213,raw_u,bonferroni,0.14285714285714285,,False,0,0,,1082,0,0,0.0,,,,gemini35flash
2026091213,raw_u,fixed_sequence,0.2,,False,0,0,,1082,0,0,0.0,,,,gemini35flash
2026091213,raw_u,bonferroni,0.2,,False,0,0,,1082,0,0,0.0,,,,gemini35flash
2026091213,raw_u,fixed_sequence,0.25,,False,0,0,,1082,0,0,0.0,,,,gemini35flash
2026091213,raw_u,bonferroni,0.25,,False,0,0,,1082,0,0,0.0,,,,gemini35flash
2026091213,u_boost,fixed_sequence,0.1,,False,0,0,,1082,0,0,0.0,,,,gemini35flash
2026091213,u_boost,bonferroni,0.1,,False,0,0,,1082,0,0,0.0,,,,gemini35flash
2026091213,u_boost,fixed_sequence,0.14285714285714285,,False,0,0,,1082,0,0,0.0,,,,gemini35flash
2026091213,u_boost,bonferroni,0.14285714285714285,,False,0,0,,1082,0,0,0.0,,,,gemini35flash
2026091213,u_boost,fixed_sequence,0.2,,False,0,0,,1082,0,0,0.0,,,,gemini35flash
2026091213,u_boost,bonferroni,0.2,,False,0,0,,1082,0,0,0.0,,,,gemini35flash
2026091213,u_boost,fixed_sequence,0.25,,False,0,0,,1082,0,0,0.0,,,,gemini35flash
2026091213,u_boost,bonferroni,0.25,,False,0,0,,1082,0,0,0.0,,,,gemini35flash
2026091213,rich_logistic,fixed_sequence,0.1,,False,0,0,,1082,0,0,0.0,,,,gemini35flash
2026091213,rich_logistic,bonferroni,0.1,,False,0,0,,1082,0,0,0.0,,,,gemini35flash
2026091213,rich_logistic,fixed_sequence,0.14285714285714285,,False,0,0,,1082,0,0,0.0,,,,gemini35flash
2026091213,rich_logistic,bonferroni,0.14285714285714285,,False,0,0,,1082,0,0,0.0,,,,gemini35flash
2026091213,rich_logistic,fixed_sequence,0.2,,False,0,0,,1082,0,0,0.0,,,,gemini35flash
2026091213,rich_logistic,bonferroni,0.2,,False,0,0,,1082,0,0,0.0,,,,gemini35flash
2026091213,rich_logistic,fixed_sequence,0.25,,False,0,0,,1082,0,0,0.0,,,,gemini35flash
2026091213,rich_logistic,bonferroni,0.25,,False,0,0,,1082,0,0,0.0,,,,gemini35flash
2026091213,rich_boost,fixed_sequence,0.1,,False,0,0,,1082,0,0,0.0,,,,gemini35flash
2026091213,rich_boost,bonferroni,0.1,,False,0,0,,1082,0,0,0.0,,,,gemini35flash
2026091213,rich_boost,fixed_sequence,0.14285714285714285,,False,0,0,,1082,0,0,0.0,,,,gemini35flash
2026091213,rich_boost,bonferroni,0.14285714285714285,,False,0,0,,1082,0,0,0.0,,,,gemini35flash
2026091213,rich_boost,fixed_sequence,0.2,,False,0,0,,1082,0,0,0.0,,,,gemini35flash
2026091213,rich_boost,bonferroni,0.2,,False,0,0,,1082,0,0,0.0,,,,gemini35flash
2026091213,rich_boost,fixed_sequence,0.25,,False,0,0,,1082,0,0,0.0,,,,gemini35flash
2026091213,rich_boost,bonferroni,0.25,,False,0,0,,1082,0,0,0.0,,,,gemini35flash
2026091214,raw_u,fixed_sequence,0.1,,False,0,0,,1082,0,0,0.0,,,,gemini35flash
2026091214,raw_u,bonferroni,0.1,,False,0,0,,1082,0,0,0.0,,,,gemini35flash
2026091214,raw_u,fixed_sequence,0.14285714285714285,,False,0,0,,1082,0,0,0.0,,,,gemini35flash
2026091214,raw_u,bonferroni,0.14285714285714285,,False,0,0,,1082,0,0,0.0,,,,gemini35flash
2026091214,raw_u,fixed_sequence,0.2,,False,0,0,,1082,0,0,0.0,,,,gemini35flash
2026091214,raw_u,bonferroni,0.2,,False,0,0,,1082,0,0,0.0,,,,gemini35flash
2026091214,raw_u,fixed_sequence,0.25,0.8571428571428571,True,191,34,0.24879625717693277,1082,172,28,0.1589648798521257,0.16279069767441862,0.11098217268932306,0.22661133627218952,gemini35flash
2026091214,raw_u,bonferroni,0.25,,False,0,0,,1082,0,0,0.0,,,,gemini35flash
2026091214,u_boost,fixed_sequence,0.1,,False,0,0,,1082,0,0,0.0,,,,gemini35flash
2026091214,u_boost,bonferroni,0.1,,False,0,0,,1082,0,0,0.0,,,,gemini35flash
2026091214,u_boost,fixed_sequence,0.14285714285714285,,False,0,0,,1082,0,0,0.0,,,,gemini35flash
2026091214,u_boost,bonferroni,0.14285714285714285,,False,0,0,,1082,0,0,0.0,,,,gemini35flash
2026091214,u_boost,fixed_sequence,0.2,,False,0,0,,1082,0,0,0.0,,,,gemini35flash
2026091214,u_boost,bonferroni,0.2,,False,0,0,,1082,0,0,0.0,,,,gemini35flash
2026091214,u_boost,fixed_sequence,0.25,0.78,True,169,29,0.24664650496062493,1082,141,18,0.13031423290203328,0.1276595744680851,0.07744598785221421,0.19423597361997463,gemini35flash
2026091214,u_boost,bonferroni,0.25,,False,0,0,,1082,0,0,0.0,,,,gemini35flash
2026091214,rich_logistic,fixed_sequence,0.1,,False,0,0,,1082,0,0,0.0,,,,gemini35flash
2026091214,rich_logistic,bonferroni,0.1,,False,0,0,,1082,0,0,0.0,,,,gemini35flash
2026091214,rich_logistic,fixed_sequence,0.14285714285714285,,False,0,0,,1082,0,0,0.0,,,,gemini35flash
2026091214,rich_logistic,bonferroni,0.14285714285714285,,False,0,0,,1082,0,0,0.0,,,,gemini35flash
2026091214,rich_logistic,fixed_sequence,0.2,,False,0,0,,1082,0,0,0.0,,,,gemini35flash
2026091214,rich_logistic,bonferroni,0.2,,False,0,0,,1082,0,0,0.0,,,,gemini35flash
2026091214,rich_logistic,fixed_sequence,0.25,0.75,True,219,37,0.2335276941233786,1082,199,30,0.18391866913123844,0.1507537688442211,0.10408242908366526,0.20816385400139456,gemini35flash
2026091214,rich_logistic,bonferroni,0.25,,False,0,0,,1082,0,0,0.0,,,,gemini35flash
2026091214,rich_boost,fixed_sequence,0.1,,False,0,0,,1082,0,0,0.0,,,,gemini35flash
2026091214,rich_boost,bonferroni,0.1,,False,0,0,,1082,0,0,0.0,,,,gemini35flash
2026091214,rich_boost,fixed_sequence,0.14285714285714285,,False,0,0,,1082,0,0,0.0,,,,gemini35flash
2026091214,rich_boost,bonferroni,0.14285714285714285,,False,0,0,,1082,0,0,0.0,,,,gemini35flash
2026091214,rich_boost,fixed_sequence,0.2,,False,0,0,,1082,0,0,0.0,,,,gemini35flash
2026091214,rich_boost,bonferroni,0.2,,False,0,0,,1082,0,0,0.0,,,,gemini35flash
2026091214,rich_boost,fixed_sequence,0.25,0.76,True,210,37,0.2431207208956735,1082,191,27,0.17652495378927913,0.14136125654450263,0.09526989787176822,0.19897076425908614,gemini35flash
2026091214,rich_boost,bonferroni,0.25,,False,0,0,,1082,0,0,0.0,,,,gemini35flash
2026091215,raw_u,fixed_sequence,0.1,,False,0,0,,1082,0,0,0.0,,,,gemini35flash
2026091215,raw_u,bonferroni,0.1,,False,0,0,,1082,0,0,0.0,,,,gemini35flash
2026091215,raw_u,fixed_sequence,0.14285714285714285,,False,0,0,,1082,0,0,0.0,,,,gemini35flash
2026091215,raw_u,bonferroni,0.14285714285714285,,False,0,0,,1082,0,0,0.0,,,,gemini35flash
2026091215,raw_u,fixed_sequence,0.2,,False,0,0,,1082,0,0,0.0,,,,gemini35flash
2026091215,raw_u,bonferroni,0.2,,False,0,0,,1082,0,0,0.0,,,,gemini35flash
2026091215,raw_u,fixed_sequence,0.25,,False,0,0,,1082,0,0,0.0,,,,gemini35flash
2026091215,raw_u,bonferroni,0.25,,False,0,0,,1082,0,0,0.0,,,,gemini35flash
2026091215,u_boost,fixed_sequence,0.1,,False,0,0,,1082,0,0,0.0,,,,gemini35flash
2026091215,u_boost,bonferroni,0.1,,False,0,0,,1082,0,0,0.0,,,,gemini35flash
2026091215,u_boost,fixed_sequence,0.14285714285714285,,False,0,0,,1082,0,0,0.0,,,,gemini35flash
2026091215,u_boost,bonferroni,0.14285714285714285,,False,0,0,,1082,0,0,0.0,,,,gemini35flash
2026091215,u_boost,fixed_sequence,0.2,,False,0,0,,1082,0,0,0.0,,,,gemini35flash
2026091215,u_boost,bonferroni,0.2,,False,0,0,,1082,0,0,0.0,,,,gemini35flash
2026091215,u_boost,fixed_sequence,0.25,,False,0,0,,1082,0,0,0.0,,,,gemini35flash
2026091215,u_boost,bonferroni,0.25,,False,0,0,,1082,0,0,0.0,,,,gemini35flash
2026091215,rich_logistic,fixed_sequence,0.1,,False,0,0,,1082,0,0,0.0,,,,gemini35flash
2026091215,rich_logistic,bonferroni,0.1,,False,0,0,,1082,0,0,0.0,,,,gemini35flash
2026091215,rich_logistic,fixed_sequence,0.14285714285714285,,False,0,0,,1082,0,0,0.0,,,,gemini35flash
2026091215,rich_logistic,bonferroni,0.14285714285714285,,False,0,0,,1082,0,0,0.0,,,,gemini35flash
2026091215,rich_logistic,fixed_sequence,0.2,,False,0,0,,1082,0,0,0.0,,,,gemini35flash
2026091215,rich_logistic,bonferroni,0.2,,False,0,0,,1082,0,0,0.0,,,,gemini35flash
2026091215,rich_logistic,fixed_sequence,0.25,,False,0,0,,1082,0,0,0.0,,,,gemini35flash
2026091215,rich_logistic,bonferroni,0.25,,False,0,0,,1082,0,0,0.0,,,,gemini35flash
2026091215,rich_boost,fixed_sequence,0.1,,False,0,0,,1082,0,0,0.0,,,,gemini35flash
2026091215,rich_boost,bonferroni,0.1,,False,0,0,,1082,0,0,0.0,,,,gemini35flash
2026091215,rich_boost,fixed_sequence,0.14285714285714285,,False,0,0,,1082,0,0,0.0,,,,gemini35flash
2026091215,rich_boost,bonferroni,0.14285714285714285,,False,0,0,,1082,0,0,0.0,,,,gemini35flash
2026091215,rich_boost,fixed_sequence,0.2,,False,0,0,,1082,0,0,0.0,,,,gemini35flash
2026091215,rich_boost,bonferroni,0.2,,False,0,0,,1082,0,0,0.0,,,,gemini35flash
2026091215,rich_boost,fixed_sequence,0.25,,False,0,0,,1082,0,0,0.0,,,,gemini35flash
2026091215,rich_boost,bonferroni,0.25,,False,0,0,,1082,0,0,0.0,,,,gemini35flash
2026091216,raw_u,fixed_sequence,0.1,,False,0,0,,1082,0,0,0.0,,,,gemini35flash
2026091216,raw_u,bonferroni,0.1,,False,0,0,,1082,0,0,0.0,,,,gemini35flash
2026091216,raw_u,fixed_sequence,0.14285714285714285,,False,0,0,,1082,0,0,0.0,,,,gemini35flash
2026091216,raw_u,bonferroni,0.14285714285714285,,False,0,0,,1082,0,0,0.0,,,,gemini35flash
2026091216,raw_u,fixed_sequence,0.2,,False,0,0,,1082,0,0,0.0,,,,gemini35flash
2026091216,raw_u,bonferroni,0.2,,False,0,0,,1082,0,0,0.0,,,,gemini35flash
2026091216,raw_u,fixed_sequence,0.25,,False,0,0,,1082,0,0,0.0,,,,gemini35flash
2026091216,raw_u,bonferroni,0.25,,False,0,0,,1082,0,0,0.0,,,,gemini35flash
2026091216,u_boost,fixed_sequence,0.1,,False,0,0,,1082,0,0,0.0,,,,gemini35flash
2026091216,u_boost,bonferroni,0.1,,False,0,0,,1082,0,0,0.0,,,,gemini35flash
2026091216,u_boost,fixed_sequence,0.14285714285714285,,False,0,0,,1082,0,0,0.0,,,,gemini35flash
2026091216,u_boost,bonferroni,0.14285714285714285,,False,0,0,,1082,0,0,0.0,,,,gemini35flash
2026091216,u_boost,fixed_sequence,0.2,,False,0,0,,1082,0,0,0.0,,,,gemini35flash
2026091216,u_boost,bonferroni,0.2,,False,0,0,,1082,0,0,0.0,,,,gemini35flash
2026091216,u_boost,fixed_sequence,0.25,,False,0,0,,1082,0,0,0.0,,,,gemini35flash
2026091216,u_boost,bonferroni,0.25,,False,0,0,,1082,0,0,0.0,,,,gemini35flash
2026091216,rich_logistic,fixed_sequence,0.1,,False,0,0,,1082,0,0,0.0,,,,gemini35flash
2026091216,rich_logistic,bonferroni,0.1,,False,0,0,,1082,0,0,0.0,,,,gemini35flash
2026091216,rich_logistic,fixed_sequence,0.14285714285714285,,False,0,0,,1082,0,0,0.0,,,,gemini35flash
2026091216,rich_logistic,bonferroni,0.14285714285714285,,False,0,0,,1082,0,0,0.0,,,,gemini35flash
2026091216,rich_logistic,fixed_sequence,0.2,,False,0,0,,1082,0,0,0.0,,,,gemini35flash
2026091216,rich_logistic,bonferroni,0.2,,False,0,0,,1082,0,0,0.0,,,,gemini35flash
2026091216,rich_logistic,fixed_sequence,0.25,,False,0,0,,1082,0,0,0.0,,,,gemini35flash
2026091216,rich_logistic,bonferroni,0.25,,False,0,0,,1082,0,0,0.0,,,,gemini35flash
2026091216,rich_boost,fixed_sequence,0.1,,False,0,0,,1082,0,0,0.0,,,,gemini35flash
2026091216,rich_boost,bonferroni,0.1,,False,0,0,,1082,0,0,0.0,,,,gemini35flash
2026091216,rich_boost,fixed_sequence,0.14285714285714285,,False,0,0,,1082,0,0,0.0,,,,gemini35flash
2026091216,rich_boost,bonferroni,0.14285714285714285,,False,0,0,,1082,0,0,0.0,,,,gemini35flash
2026091216,rich_boost,fixed_sequence,0.2,,False,0,0,,1082,0,0,0.0,,,,gemini35flash
2026091216,rich_boost,bonferroni,0.2,,False,0,0,,1082,0,0,0.0,,,,gemini35flash
2026091216,rich_boost,fixed_sequence,0.25,,False,0,0,,1082,0,0,0.0,,,,gemini35flash
2026091216,rich_boost,bonferroni,0.25,,False,0,0,,1082,0,0,0.0,,,,gemini35flash
2026091217,raw_u,fixed_sequence,0.1,,False,0,0,,1082,0,0,0.0,,,,gemini35flash
2026091217,raw_u,bonferroni,0.1,,False,0,0,,1082,0,0,0.0,,,,gemini35flash
2026091217,raw_u,fixed_sequence,0.14285714285714285,,False,0,0,,1082,0,0,0.0,,,,gemini35flash
2026091217,raw_u,bonferroni,0.14285714285714285,,False,0,0,,1082,0,0,0.0,,,,gemini35flash
2026091217,raw_u,fixed_sequence,0.2,,False,0,0,,1082,0,0,0.0,,,,gemini35flash
2026091217,raw_u,bonferroni,0.2,,False,0,0,,1082,0,0,0.0,,,,gemini35flash
2026091217,raw_u,fixed_sequence,0.25,0.81,True,302,55,0.23739462551497498,1082,305,71,0.28188539741219965,0.23278688524590163,0.18651966700990147,0.2843280856006111,gemini35flash
2026091217,raw_u,bonferroni,0.25,,False,0,0,,1082,0,0,0.0,,,,gemini35flash
2026091217,u_boost,fixed_sequence,0.1,,False,0,0,,1082,0,0,0.0,,,,gemini35flash
2026091217,u_boost,bonferroni,0.1,,False,0,0,,1082,0,0,0.0,,,,gemini35flash
2026091217,u_boost,fixed_sequence,0.14285714285714285,,False,0,0,,1082,0,0,0.0,,,,gemini35flash
2026091217,u_boost,bonferroni,0.14285714285714285,,False,0,0,,1082,0,0,0.0,,,,gemini35flash
2026091217,u_boost,fixed_sequence,0.2,,False,0,0,,1082,0,0,0.0,,,,gemini35flash
2026091217,u_boost,bonferroni,0.2,,False,0,0,,1082,0,0,0.0,,,,gemini35flash
2026091217,u_boost,fixed_sequence,0.25,0.68,True,334,63,0.24149338075288637,1082,343,81,0.3170055452865065,0.23615160349854228,0.1921954092428859,0.2847288956371815,gemini35flash
2026091217,u_boost,bonferroni,0.25,,False,0,0,,1082,0,0,0.0,,,,gemini35flash
2026091217,rich_logistic,fixed_sequence,0.1,,False,0,0,,1082,0,0,0.0,,,,gemini35flash
2026091217,rich_logistic,bonferroni,0.1,,False,0,0,,1082,0,0,0.0,,,,gemini35flash
2026091217,rich_logistic,fixed_sequence,0.14285714285714285,,False,0,0,,1082,0,0,0.0,,,,gemini35flash
2026091217,rich_logistic,bonferroni,0.14285714285714285,,False,0,0,,1082,0,0,0.0,,,,gemini35flash
2026091217,rich_logistic,fixed_sequence,0.2,,False,0,0,,1082,0,0,0.0,,,,gemini35flash
2026091217,rich_logistic,bonferroni,0.2,,False,0,0,,1082,0,0,0.0,,,,gemini35flash
2026091217,rich_logistic,fixed_sequence,0.25,0.74,True,276,52,0.2470753037924318,1082,283,57,0.26155268022181144,0.20141342756183744,0.15626583079471623,0.2529348726800986,gemini35flash
2026091217,rich_logistic,bonferroni,0.25,,False,0,0,,1082,0,0,0.0,,,,gemini35flash
2026091217,rich_boost,fixed_sequence,0.1,,False,0,0,,1082,0,0,0.0,,,,gemini35flash
2026091217,rich_boost,bonferroni,0.1,,False,0,0,,1082,0,0,0.0,,,,gemini35flash
2026091217,rich_boost,fixed_sequence,0.14285714285714285,,False,0,0,,1082,0,0,0.0,,,,gemini35flash
2026091217,rich_boost,bonferroni,0.14285714285714285,,False,0,0,,1082,0,0,0.0,,,,gemini35flash
2026091217,rich_boost,fixed_sequence,0.2,,False,0,0,,1082,0,0,0.0,,,,gemini35flash
2026091217,rich_boost,bonferroni,0.2,,False,0,0,,1082,0,0,0.0,,,,gemini35flash
2026091217,rich_boost,fixed_sequence,0.25,0.72,True,290,53,0.2393388052889696,1082,299,65,0.27634011090573013,0.21739130434782608,0.17197284147787084,0.26850726983533973,gemini35flash
2026091217,rich_boost,bonferroni,0.25,,False,0,0,,1082,0,0,0.0,,,,gemini35flash
2026091218,raw_u,fixed_sequence,0.1,,False,0,0,,1082,0,0,0.0,,,,gemini35flash
2026091218,raw_u,bonferroni,0.1,,False,0,0,,1082,0,0,0.0,,,,gemini35flash
2026091218,raw_u,fixed_sequence,0.14285714285714285,,False,0,0,,1082,0,0,0.0,,,,gemini35flash
2026091218,raw_u,bonferroni,0.14285714285714285,,False,0,0,,1082,0,0,0.0,,,,gemini35flash
2026091218,raw_u,fixed_sequence,0.2,,False,0,0,,1082,0,0,0.0,,,,gemini35flash
2026091218,raw_u,bonferroni,0.2,,False,0,0,,1082,0,0,0.0,,,,gemini35flash
2026091218,raw_u,fixed_sequence,0.25,0.8571428571428571,True,186,32,0.24319490184125897,1082,197,29,0.18207024029574861,0.14720812182741116,0.1008569454211312,0.2045259316940371,gemini35flash
2026091218,raw_u,bonferroni,0.25,,False,0,0,,1082,0,0,0.0,,,,gemini35flash
2026091218,u_boost,fixed_sequence,0.1,,False,0,0,,1082,0,0,0.0,,,,gemini35flash
2026091218,u_boost,bonferroni,0.1,,False,0,0,,1082,0,0,0.0,,,,gemini35flash
2026091218,u_boost,fixed_sequence,0.14285714285714285,,False,0,0,,1082,0,0,0.0,,,,gemini35flash
2026091218,u_boost,bonferroni,0.14285714285714285,,False,0,0,,1082,0,0,0.0,,,,gemini35flash
2026091218,u_boost,fixed_sequence,0.2,,False,0,0,,1082,0,0,0.0,,,,gemini35flash
2026091218,u_boost,bonferroni,0.2,,False,0,0,,1082,0,0,0.0,,,,gemini35flash
2026091218,u_boost,fixed_sequence,0.25,0.74,True,291,56,0.2497883293590747,1082,291,62,0.2689463955637708,0.21305841924398625,0.16742960165853887,0.26463573420540576,gemini35flash
2026091218,u_boost,bonferroni,0.25,,False,0,0,,1082,0,0,0.0,,,,gemini35flash
2026091218,rich_logistic,fixed_sequence,0.1,,False,0,0,,1082,0,0,0.0,,,,gemini35flash
2026091218,rich_logistic,bonferroni,0.1,,False,0,0,,1082,0,0,0.0,,,,gemini35flash
2026091218,rich_logistic,fixed_sequence,0.14285714285714285,,False,0,0,,1082,0,0,0.0,,,,gemini35flash
2026091218,rich_logistic,bonferroni,0.14285714285714285,,False,0,0,,1082,0,0,0.0,,,,gemini35flash
2026091218,rich_logistic,fixed_sequence,0.2,,False,0,0,,1082,0,0,0.0,,,,gemini35flash
2026091218,rich_logistic,bonferroni,0.2,,False,0,0,,1082,0,0,0.0,,,,gemini35flash
2026091218,rich_logistic,fixed_sequence,0.25,0.74,True,250,45,0.2411287165971165,1082,224,37,0.20702402957486138,0.16517857142857142,0.11904674887098461,0.2204148794557057,gemini35flash
2026091218,rich_logistic,bonferroni,0.25,,False,0,0,,1082,0,0,0.0,,,,gemini35flash
2026091218,rich_boost,fixed_sequence,0.1,,False,0,0,,1082,0,0,0.0,,,,gemini35flash
2026091218,rich_boost,bonferroni,0.1,,False,0,0,,1082,0,0,0.0,,,,gemini35flash
2026091218,rich_boost,fixed_sequence,0.14285714285714285,,False,0,0,,1082,0,0,0.0,,,,gemini35flash
2026091218,rich_boost,bonferroni,0.14285714285714285,,False,0,0,,1082,0,0,0.0,,,,gemini35flash
2026091218,rich_boost,fixed_sequence,0.2,,False,0,0,,1082,0,0,0.0,,,,gemini35flash
2026091218,rich_boost,bonferroni,0.2,,False,0,0,,1082,0,0,0.0,,,,gemini35flash
2026091218,rich_boost,fixed_sequence,0.25,0.74,True,284,52,0.24036489124315275,1082,289,57,0.26709796672828096,0.1972318339100346,0.15294020199082248,0.24785231911501351,gemini35flash
2026091218,rich_boost,bonferroni,0.25,0.79,True,196,29,0.24723669484303779,1082,195,33,0.18022181146025879,0.16923076923076924,0.11944606058289751,0.22937137702465163,gemini35flash
2026091219,raw_u,fixed_sequence,0.1,,False,0,0,,1082,0,0,0.0,,,,gemini35flash
2026091219,raw_u,bonferroni,0.1,,False,0,0,,1082,0,0,0.0,,,,gemini35flash
2026091219,raw_u,fixed_sequence,0.14285714285714285,,False,0,0,,1082,0,0,0.0,,,,gemini35flash
2026091219,raw_u,bonferroni,0.14285714285714285,,False,0,0,,1082,0,0,0.0,,,,gemini35flash
2026091219,raw_u,fixed_sequence,0.2,,False,0,0,,1082,0,0,0.0,,,,gemini35flash
2026091219,raw_u,bonferroni,0.2,,False,0,0,,1082,0,0,0.0,,,,gemini35flash
2026091219,raw_u,fixed_sequence,0.25,,False,0,0,,1082,0,0,0.0,,,,gemini35flash
2026091219,raw_u,bonferroni,0.25,,False,0,0,,1082,0,0,0.0,,,,gemini35flash
2026091219,u_boost,fixed_sequence,0.1,,False,0,0,,1082,0,0,0.0,,,,gemini35flash
2026091219,u_boost,bonferroni,0.1,,False,0,0,,1082,0,0,0.0,,,,gemini35flash
2026091219,u_boost,fixed_sequence,0.14285714285714285,,False,0,0,,1082,0,0,0.0,,,,gemini35flash
2026091219,u_boost,bonferroni,0.14285714285714285,,False,0,0,,1082,0,0,0.0,,,,gemini35flash
2026091219,u_boost,fixed_sequence,0.2,,False,0,0,,1082,0,0,0.0,,,,gemini35flash
2026091219,u_boost,bonferroni,0.2,,False,0,0,,1082,0,0,0.0,,,,gemini35flash
2026091219,u_boost,fixed_sequence,0.25,,False,0,0,,1082,0,0,0.0,,,,gemini35flash
2026091219,u_boost,bonferroni,0.25,,False,0,0,,1082,0,0,0.0,,,,gemini35flash
2026091219,rich_logistic,fixed_sequence,0.1,,False,0,0,,1082,0,0,0.0,,,,gemini35flash
2026091219,rich_logistic,bonferroni,0.1,,False,0,0,,1082,0,0,0.0,,,,gemini35flash
2026091219,rich_logistic,fixed_sequence,0.14285714285714285,,False,0,0,,1082,0,0,0.0,,,,gemini35flash
2026091219,rich_logistic,bonferroni,0.14285714285714285,,False,0,0,,1082,0,0,0.0,,,,gemini35flash
2026091219,rich_logistic,fixed_sequence,0.2,,False,0,0,,1082,0,0,0.0,,,,gemini35flash
2026091219,rich_logistic,bonferroni,0.2,,False,0,0,,1082,0,0,0.0,,,,gemini35flash
2026091219,rich_logistic,fixed_sequence,0.25,,False,0,0,,1082,0,0,0.0,,,,gemini35flash
2026091219,rich_logistic,bonferroni,0.25,,False,0,0,,1082,0,0,0.0,,,,gemini35flash
2026091219,rich_boost,fixed_sequence,0.1,,False,0,0,,1082,0,0,0.0,,,,gemini35flash
2026091219,rich_boost,bonferroni,0.1,,False,0,0,,1082,0,0,0.0,,,,gemini35flash
2026091219,rich_boost,fixed_sequence,0.14285714285714285,,False,0,0,,1082,0,0,0.0,,,,gemini35flash
2026091219,rich_boost,bonferroni,0.14285714285714285,,False,0,0,,1082,0,0,0.0,,,,gemini35flash
2026091219,rich_boost,fixed_sequence,0.2,,False,0,0,,1082,0,0,0.0,,,,gemini35flash
2026091219,rich_boost,bonferroni,0.2,,False,0,0,,1082,0,0,0.0,,,,gemini35flash
2026091219,rich_boost,fixed_sequence,0.25,0.79,True,201,35,0.24248625827617099,1082,203,46,0.1876155268022181,0.22660098522167488,0.17093307134726174,0.29043667371474813,gemini35flash
2026091219,rich_boost,bonferroni,0.25,,False,0,0,,1082,0,0,0.0,,,,gemini35flash
2026091220,raw_u,fixed_sequence,0.1,,False,0,0,,1082,0,0,0.0,,,,gemini35flash
2026091220,raw_u,bonferroni,0.1,,False,0,0,,1082,0,0,0.0,,,,gemini35flash
2026091220,raw_u,fixed_sequence,0.14285714285714285,,False,0,0,,1082,0,0,0.0,,,,gemini35flash
2026091220,raw_u,bonferroni,0.14285714285714285,,False,0,0,,1082,0,0,0.0,,,,gemini35flash
2026091220,raw_u,fixed_sequence,0.2,,False,0,0,,1082,0,0,0.0,,,,gemini35flash
2026091220,raw_u,bonferroni,0.2,,False,0,0,,1082,0,0,0.0,,,,gemini35flash
2026091220,raw_u,fixed_sequence,0.25,,False,0,0,,1082,0,0,0.0,,,,gemini35flash
2026091220,raw_u,bonferroni,0.25,0.91,True,177,24,0.23841388293260427,1082,175,29,0.16173752310536044,0.1657142857142857,0.11387874804163775,0.22924428586021708,gemini35flash
2026091220,u_boost,fixed_sequence,0.1,,False,0,0,,1082,0,0,0.0,,,,gemini35flash
2026091220,u_boost,bonferroni,0.1,,False,0,0,,1082,0,0,0.0,,,,gemini35flash
2026091220,u_boost,fixed_sequence,0.14285714285714285,,False,0,0,,1082,0,0,0.0,,,,gemini35flash
2026091220,u_boost,bonferroni,0.14285714285714285,,False,0,0,,1082,0,0,0.0,,,,gemini35flash
2026091220,u_boost,fixed_sequence,0.2,,False,0,0,,1082,0,0,0.0,,,,gemini35flash
2026091220,u_boost,bonferroni,0.2,,False,0,0,,1082,0,0,0.0,,,,gemini35flash
2026091220,u_boost,fixed_sequence,0.25,,False,0,0,,1082,0,0,0.0,,,,gemini35flash
2026091220,u_boost,bonferroni,0.25,0.79,True,177,24,0.23841388293260427,1082,175,29,0.16173752310536044,0.1657142857142857,0.11387874804163775,0.22924428586021708,gemini35flash
2026091220,rich_logistic,fixed_sequence,0.1,,False,0,0,,1082,0,0,0.0,,,,gemini35flash
2026091220,rich_logistic,bonferroni,0.1,,False,0,0,,1082,0,0,0.0,,,,gemini35flash
2026091220,rich_logistic,fixed_sequence,0.14285714285714285,,False,0,0,,1082,0,0,0.0,,,,gemini35flash
2026091220,rich_logistic,bonferroni,0.14285714285714285,,False,0,0,,1082,0,0,0.0,,,,gemini35flash
2026091220,rich_logistic,fixed_sequence,0.2,,False,0,0,,1082,0,0,0.0,,,,gemini35flash
2026091220,rich_logistic,bonferroni,0.2,,False,0,0,,1082,0,0,0.0,,,,gemini35flash
2026091220,rich_logistic,fixed_sequence,0.25,0.74,True,291,54,0.24229935585738185,1082,300,63,0.27726432532347506,0.21,0.1653092171414745,0.2605206612986858,gemini35flash
2026091220,rich_logistic,bonferroni,0.25,0.8,True,191,28,0.24710574188079432,1082,195,31,0.18022181146025879,0.15897435897435896,0.11064351315751712,0.21799753038508285,gemini35flash
2026091220,rich_boost,fixed_sequence,0.1,,False,0,0,,1082,0,0,0.0,,,,gemini35flash
2026091220,rich_boost,bonferroni,0.1,,False,0,0,,1082,0,0,0.0,,,,gemini35flash
2026091220,rich_boost,fixed_sequence,0.14285714285714285,,False,0,0,,1082,0,0,0.0,,,,gemini35flash
2026091220,rich_boost,bonferroni,0.14285714285714285,,False,0,0,,1082,0,0,0.0,,,,gemini35flash
2026091220,rich_boost,fixed_sequence,0.2,,False,0,0,,1082,0,0,0.0,,,,gemini35flash
2026091220,rich_boost,bonferroni,0.2,,False,0,0,,1082,0,0,0.0,,,,gemini35flash
2026091220,rich_boost,fixed_sequence,0.25,,False,0,0,,1082,0,0,0.0,,,,gemini35flash
2026091220,rich_boost,bonferroni,0.25,,False,0,0,,1082,0,0,0.0,,,,gemini35flash
2026091221,raw_u,fixed_sequence,0.1,,False,0,0,,1082,0,0,0.0,,,,gemini35flash
2026091221,raw_u,bonferroni,0.1,,False,0,0,,1082,0,0,0.0,,,,gemini35flash
2026091221,raw_u,fixed_sequence,0.14285714285714285,,False,0,0,,1082,0,0,0.0,,,,gemini35flash
2026091221,raw_u,bonferroni,0.14285714285714285,,False,0,0,,1082,0,0,0.0,,,,gemini35flash
2026091221,raw_u,fixed_sequence,0.2,,False,0,0,,1082,0,0,0.0,,,,gemini35flash
2026091221,raw_u,bonferroni,0.2,,False,0,0,,1082,0,0,0.0,,,,gemini35flash
2026091221,raw_u,fixed_sequence,0.25,0.81,True,326,62,0.24389209949767726,1082,325,68,0.300369685767098,0.20923076923076922,0.1662972900570968,0.2575530245611379,gemini35flash
2026091221,raw_u,bonferroni,0.25,,False,0,0,,1082,0,0,0.0,,,,gemini35flash
2026091221,u_boost,fixed_sequence,0.1,,False,0,0,,1082,0,0,0.0,,,,gemini35flash
2026091221,u_boost,bonferroni,0.1,,False,0,0,,1082,0,0,0.0,,,,gemini35flash
2026091221,u_boost,fixed_sequence,0.14285714285714285,,False,0,0,,1082,0,0,0.0,,,,gemini35flash
2026091221,u_boost,bonferroni,0.14285714285714285,,False,0,0,,1082,0,0,0.0,,,,gemini35flash
2026091221,u_boost,fixed_sequence,0.2,,False,0,0,,1082,0,0,0.0,,,,gemini35flash
2026091221,u_boost,bonferroni,0.2,,False,0,0,,1082,0,0,0.0,,,,gemini35flash
2026091221,u_boost,fixed_sequence,0.25,0.65,True,347,67,0.24523290655443414,1082,351,75,0.3243992606284658,0.21367521367521367,0.17194260177185478,0.2603134457256168,gemini35flash
2026091221,u_boost,bonferroni,0.25,,False,0,0,,1082,0,0,0.0,,,,gemini35flash
2026091221,rich_logistic,fixed_sequence,0.1,,False,0,0,,1082,0,0,0.0,,,,gemini35flash
2026091221,rich_logistic,bonferroni,0.1,,False,0,0,,1082,0,0,0.0,,,,gemini35flash
2026091221,rich_logistic,fixed_sequence,0.14285714285714285,,False,0,0,,1082,0,0,0.0,,,,gemini35flash
2026091221,rich_logistic,bonferroni,0.14285714285714285,,False,0,0,,1082,0,0,0.0,,,,gemini35flash
2026091221,rich_logistic,fixed_sequence,0.2,,False,0,0,,1082,0,0,0.0,,,,gemini35flash
2026091221,rich_logistic,bonferroni,0.2,,False,0,0,,1082,0,0,0.0,,,,gemini35flash
2026091221,rich_logistic,fixed_sequence,0.25,0.72,True,297,52,0.23020328954241837,1082,315,65,0.2911275415896488,0.20634920634920634,0.1630193296043061,0.25529818253044473,gemini35flash
2026091221,rich_logistic,bonferroni,0.25,0.78,True,191,28,0.24710574188079432,1082,197,32,0.18207024029574861,0.16243654822335024,0.11383800461010475,0.22150391738378553,gemini35flash
2026091221,rich_boost,fixed_sequence,0.1,,False,0,0,,1082,0,0,0.0,,,,gemini35flash
2026091221,rich_boost,bonferroni,0.1,,False,0,0,,1082,0,0,0.0,,,,gemini35flash
2026091221,rich_boost,fixed_sequence,0.14285714285714285,,False,0,0,,1082,0,0,0.0,,,,gemini35flash
2026091221,rich_boost,bonferroni,0.14285714285714285,,False,0,0,,1082,0,0,0.0,,,,gemini35flash
2026091221,rich_boost,fixed_sequence,0.2,,False,0,0,,1082,0,0,0.0,,,,gemini35flash
2026091221,rich_boost,bonferroni,0.2,,False,0,0,,1082,0,0,0.0,,,,gemini35flash
2026091221,rich_boost,fixed_sequence,0.25,0.68,True,344,64,0.23785588796384852,1082,349,71,0.32255083179297594,0.2034383954154728,0.16244465182301998,0.24954650303423764,gemini35flash
2026091221,rich_boost,bonferroni,0.25,,False,0,0,,1082,0,0,0.0,,,,gemini35flash
2026091222,raw_u,fixed_sequence,0.1,,False,0,0,,1082,0,0,0.0,,,,gemini35flash
2026091222,raw_u,bonferroni,0.1,,False,0,0,,1082,0,0,0.0,,,,gemini35flash
2026091222,raw_u,fixed_sequence,0.14285714285714285,,False,0,0,,1082,0,0,0.0,,,,gemini35flash
2026091222,raw_u,bonferroni,0.14285714285714285,,False,0,0,,1082,0,0,0.0,,,,gemini35flash
2026091222,raw_u,fixed_sequence,0.2,,False,0,0,,1082,0,0,0.0,,,,gemini35flash
2026091222,raw_u,bonferroni,0.2,,False,0,0,,1082,0,0,0.0,,,,gemini35flash
2026091222,raw_u,fixed_sequence,0.25,0.91,True,158,26,0.241611419443843,1082,154,25,0.1423290203327172,0.16233766233766234,0.10789697375694773,0.2302460073380077,gemini35flash
2026091222,raw_u,bonferroni,0.25,,False,0,0,,1082,0,0,0.0,,,,gemini35flash
2026091222,u_boost,fixed_sequence,0.1,,False,0,0,,1082,0,0,0.0,,,,gemini35flash
2026091222,u_boost,bonferroni,0.1,,False,0,0,,1082,0,0,0.0,,,,gemini35flash
2026091222,u_boost,fixed_sequence,0.14285714285714285,,False,0,0,,1082,0,0,0.0,,,,gemini35flash
2026091222,u_boost,bonferroni,0.14285714285714285,,False,0,0,,1082,0,0,0.0,,,,gemini35flash
2026091222,u_boost,fixed_sequence,0.2,,False,0,0,,1082,0,0,0.0,,,,gemini35flash
2026091222,u_boost,bonferroni,0.2,,False,0,0,,1082,0,0,0.0,,,,gemini35flash
2026091222,u_boost,fixed_sequence,0.25,0.74,True,158,26,0.241611419443843,1082,154,25,0.1423290203327172,0.16233766233766234,0.10789697375694773,0.2302460073380077,gemini35flash
2026091222,u_boost,bonferroni,0.25,,False,0,0,,1082,0,0,0.0,,,,gemini35flash
2026091222,rich_logistic,fixed_sequence,0.1,,False,0,0,,1082,0,0,0.0,,,,gemini35flash
2026091222,rich_logistic,bonferroni,0.1,,False,0,0,,1082,0,0,0.0,,,,gemini35flash
2026091222,rich_logistic,fixed_sequence,0.14285714285714285,,False,0,0,,1082,0,0,0.0,,,,gemini35flash
2026091222,rich_logistic,bonferroni,0.14285714285714285,,False,0,0,,1082,0,0,0.0,,,,gemini35flash
2026091222,rich_logistic,fixed_sequence,0.2,,False,0,0,,1082,0,0,0.0,,,,gemini35flash
2026091222,rich_logistic,bonferroni,0.2,,False,0,0,,1082,0,0,0.0,,,,gemini35flash
2026091222,rich_logistic,fixed_sequence,0.25,,False,0,0,,1082,0,0,0.0,,,,gemini35flash
2026091222,rich_logistic,bonferroni,0.25,,False,0,0,,1082,0,0,0.0,,,,gemini35flash
2026091222,rich_boost,fixed_sequence,0.1,,False,0,0,,1082,0,0,0.0,,,,gemini35flash
2026091222,rich_boost,bonferroni,0.1,,False,0,0,,1082,0,0,0.0,,,,gemini35flash
2026091222,rich_boost,fixed_sequence,0.14285714285714285,,False,0,0,,1082,0,0,0.0,,,,gemini35flash
2026091222,rich_boost,bonferroni,0.14285714285714285,,False,0,0,,1082,0,0,0.0,,,,gemini35flash
2026091222,rich_boost,fixed_sequence,0.2,,False,0,0,,1082,0,0,0.0,,,,gemini35flash
2026091222,rich_boost,bonferroni,0.2,,False,0,0,,1082,0,0,0.0,,,,gemini35flash
2026091222,rich_boost,fixed_sequence,0.25,,False,0,0,,1082,0,0,0.0,,,,gemini35flash
2026091222,rich_boost,bonferroni,0.25,,False,0,0,,1082,0,0,0.0,,,,gemini35flash
2026091223,raw_u,fixed_sequence,0.1,,False,0,0,,1082,0,0,0.0,,,,gemini35flash
2026091223,raw_u,bonferroni,0.1,,False,0,0,,1082,0,0,0.0,,,,gemini35flash
2026091223,raw_u,fixed_sequence,0.14285714285714285,,False,0,0,,1082,0,0,0.0,,,,gemini35flash
2026091223,raw_u,bonferroni,0.14285714285714285,,False,0,0,,1082,0,0,0.0,,,,gemini35flash
2026091223,raw_u,fixed_sequence,0.2,,False,0,0,,1082,0,0,0.0,,,,gemini35flash
2026091223,raw_u,bonferroni,0.2,,False,0,0,,1082,0,0,0.0,,,,gemini35flash
2026091223,raw_u,fixed_sequence,0.25,,False,0,0,,1082,0,0,0.0,,,,gemini35flash
2026091223,raw_u,bonferroni,0.25,,False,0,0,,1082,0,0,0.0,,,,gemini35flash
2026091223,u_boost,fixed_sequence,0.1,,False,0,0,,1082,0,0,0.0,,,,gemini35flash
2026091223,u_boost,bonferroni,0.1,,False,0,0,,1082,0,0,0.0,,,,gemini35flash
2026091223,u_boost,fixed_sequence,0.14285714285714285,,False,0,0,,1082,0,0,0.0,,,,gemini35flash
2026091223,u_boost,bonferroni,0.14285714285714285,,False,0,0,,1082,0,0,0.0,,,,gemini35flash
2026091223,u_boost,fixed_sequence,0.2,,False,0,0,,1082,0,0,0.0,,,,gemini35flash
2026091223,u_boost,bonferroni,0.2,,False,0,0,,1082,0,0,0.0,,,,gemini35flash
2026091223,u_boost,fixed_sequence,0.25,,False,0,0,,1082,0,0,0.0,,,,gemini35flash
2026091223,u_boost,bonferroni,0.25,,False,0,0,,1082,0,0,0.0,,,,gemini35flash
2026091223,rich_logistic,fixed_sequence,0.1,,False,0,0,,1082,0,0,0.0,,,,gemini35flash
2026091223,rich_logistic,bonferroni,0.1,,False,0,0,,1082,0,0,0.0,,,,gemini35flash
2026091223,rich_logistic,fixed_sequence,0.14285714285714285,,False,0,0,,1082,0,0,0.0,,,,gemini35flash
2026091223,rich_logistic,bonferroni,0.14285714285714285,,False,0,0,,1082,0,0,0.0,,,,gemini35flash
2026091223,rich_logistic,fixed_sequence,0.2,,False,0,0,,1082,0,0,0.0,,,,gemini35flash
2026091223,rich_logistic,bonferroni,0.2,,False,0,0,,1082,0,0,0.0,,,,gemini35flash
2026091223,rich_logistic,fixed_sequence,0.25,,False,0,0,,1082,0,0,0.0,,,,gemini35flash
2026091223,rich_logistic,bonferroni,0.25,,False,0,0,,1082,0,0,0.0,,,,gemini35flash
2026091223,rich_boost,fixed_sequence,0.1,,False,0,0,,1082,0,0,0.0,,,,gemini35flash
2026091223,rich_boost,bonferroni,0.1,,False,0,0,,1082,0,0,0.0,,,,gemini35flash
2026091223,rich_boost,fixed_sequence,0.14285714285714285,,False,0,0,,1082,0,0,0.0,,,,gemini35flash
2026091223,rich_boost,bonferroni,0.14285714285714285,,False,0,0,,1082,0,0,0.0,,,,gemini35flash
2026091223,rich_boost,fixed_sequence,0.2,,False,0,0,,1082,0,0,0.0,,,,gemini35flash
2026091223,rich_boost,bonferroni,0.2,,False,0,0,,1082,0,0,0.0,,,,gemini35flash
2026091223,rich_boost,fixed_sequence,0.25,,False,0,0,,1082,0,0,0.0,,,,gemini35flash
2026091223,rich_boost,bonferroni,0.25,,False,0,0,,1082,0,0,0.0,,,,gemini35flash
2026091224,raw_u,fixed_sequence,0.1,,False,0,0,,1082,0,0,0.0,,,,gemini35flash
2026091224,raw_u,bonferroni,0.1,,False,0,0,,1082,0,0,0.0,,,,gemini35flash
2026091224,raw_u,fixed_sequence,0.14285714285714285,,False,0,0,,1082,0,0,0.0,,,,gemini35flash
2026091224,raw_u,bonferroni,0.14285714285714285,,False,0,0,,1082,0,0,0.0,,,,gemini35flash
2026091224,raw_u,fixed_sequence,0.2,,False,0,0,,1082,0,0,0.0,,,,gemini35flash
2026091224,raw_u,bonferroni,0.2,,False,0,0,,1082,0,0,0.0,,,,gemini35flash
2026091224,raw_u,fixed_sequence,0.25,0.81,True,293,49,0.22198755962723576,1082,296,71,0.2735674676524954,0.23986486486486486,0.19235239123906245,0.29266799766640733,gemini35flash
2026091224,raw_u,bonferroni,0.25,0.81,True,293,49,0.24908224280922373,1082,296,71,0.2735674676524954,0.23986486486486486,0.19235239123906245,0.29266799766640733,gemini35flash
2026091224,u_boost,fixed_sequence,0.1,,False,0,0,,1082,0,0,0.0,,,,gemini35flash
2026091224,u_boost,bonferroni,0.1,,False,0,0,,1082,0,0,0.0,,,,gemini35flash
2026091224,u_boost,fixed_sequence,0.14285714285714285,,False,0,0,,1082,0,0,0.0,,,,gemini35flash
2026091224,u_boost,bonferroni,0.14285714285714285,,False,0,0,,1082,0,0,0.0,,,,gemini35flash
2026091224,u_boost,fixed_sequence,0.2,,False,0,0,,1082,0,0,0.0,,,,gemini35flash
2026091224,u_boost,bonferroni,0.2,,False,0,0,,1082,0,0,0.0,,,,gemini35flash
2026091224,u_boost,fixed_sequence,0.25,0.69,True,310,55,0.23147382150688936,1082,315,75,0.2911275415896488,0.23809523809523808,0.19213212552621012,0.28905926027473294,gemini35flash
2026091224,u_boost,bonferroni,0.25,0.72,True,293,49,0.24908224280922373,1082,296,71,0.2735674676524954,0.23986486486486486,0.19235239123906245,0.29266799766640733,gemini35flash
2026091224,rich_logistic,fixed_sequence,0.1,,False,0,0,,1082,0,0,0.0,,,,gemini35flash
2026091224,rich_logistic,bonferroni,0.1,,False,0,0,,1082,0,0,0.0,,,,gemini35flash
2026091224,rich_logistic,fixed_sequence,0.14285714285714285,,False,0,0,,1082,0,0,0.0,,,,gemini35flash
2026091224,rich_logistic,bonferroni,0.14285714285714285,,False,0,0,,1082,0,0,0.0,,,,gemini35flash
2026091224,rich_logistic,fixed_sequence,0.2,,False,0,0,,1082,0,0,0.0,,,,gemini35flash
2026091224,rich_logistic,bonferroni,0.2,,False,0,0,,1082,0,0,0.0,,,,gemini35flash
2026091224,rich_logistic,fixed_sequence,0.25,0.74,True,223,33,0.20938989690434098,1082,232,46,0.2144177449168207,0.19827586206896552,0.14897244657627756,0.25546644529648044,gemini35flash
2026091224,rich_logistic,bonferroni,0.25,0.73,True,279,45,0.24453752917882252,1082,282,58,0.26062846580406657,0.20567375886524822,0.160040314276232,0.2576105583847278,gemini35flash
2026091224,rich_boost,fixed_sequence,0.1,,False,0,0,,1082,0,0,0.0,,,,gemini35flash
2026091224,rich_boost,bonferroni,0.1,,False,0,0,,1082,0,0,0.0,,,,gemini35flash
2026091224,rich_boost,fixed_sequence,0.14285714285714285,,False,0,0,,1082,0,0,0.0,,,,gemini35flash
2026091224,rich_boost,bonferroni,0.14285714285714285,,False,0,0,,1082,0,0,0.0,,,,gemini35flash
2026091224,rich_boost,fixed_sequence,0.2,,False,0,0,,1082,0,0,0.0,,,,gemini35flash
2026091224,rich_boost,bonferroni,0.2,,False,0,0,,1082,0,0,0.0,,,,gemini35flash
2026091224,rich_boost,fixed_sequence,0.25,0.73,True,198,28,0.20620558884190499,1082,213,41,0.19685767097966728,0.19248826291079812,0.14181647439119718,0.2519347199632534,gemini35flash
2026091224,rich_boost,bonferroni,0.25,0.71,True,297,50,0.24973572169896688,1082,292,64,0.2698706099815157,0.2191780821917808,0.17308055496495375,0.2710743703968645,gemini35flash
2026091225,raw_u,fixed_sequence,0.1,,False,0,0,,1082,0,0,0.0,,,,gemini35flash
2026091225,raw_u,bonferroni,0.1,,False,0,0,,1082,0,0,0.0,,,,gemini35flash
2026091225,raw_u,fixed_sequence,0.14285714285714285,,False,0,0,,1082,0,0,0.0,,,,gemini35flash
2026091225,raw_u,bonferroni,0.14285714285714285,,False,0,0,,1082,0,0,0.0,,,,gemini35flash
2026091225,raw_u,fixed_sequence,0.2,,False,0,0,,1082,0,0,0.0,,,,gemini35flash
2026091225,raw_u,bonferroni,0.2,,False,0,0,,1082,0,0,0.0,,,,gemini35flash
2026091225,raw_u,fixed_sequence,0.25,,False,0,0,,1082,0,0,0.0,,,,gemini35flash
2026091225,raw_u,bonferroni,0.25,,False,0,0,,1082,0,0,0.0,,,,gemini35flash
2026091225,u_boost,fixed_sequence,0.1,,False,0,0,,1082,0,0,0.0,,,,gemini35flash
2026091225,u_boost,bonferroni,0.1,,False,0,0,,1082,0,0,0.0,,,,gemini35flash
2026091225,u_boost,fixed_sequence,0.14285714285714285,,False,0,0,,1082,0,0,0.0,,,,gemini35flash
2026091225,u_boost,bonferroni,0.14285714285714285,,False,0,0,,1082,0,0,0.0,,,,gemini35flash
2026091225,u_boost,fixed_sequence,0.2,,False,0,0,,1082,0,0,0.0,,,,gemini35flash
2026091225,u_boost,bonferroni,0.2,,False,0,0,,1082,0,0,0.0,,,,gemini35flash
2026091225,u_boost,fixed_sequence,0.25,,False,0,0,,1082,0,0,0.0,,,,gemini35flash
2026091225,u_boost,bonferroni,0.25,,False,0,0,,1082,0,0,0.0,,,,gemini35flash
2026091225,rich_logistic,fixed_sequence,0.1,,False,0,0,,1082,0,0,0.0,,,,gemini35flash
2026091225,rich_logistic,bonferroni,0.1,,False,0,0,,1082,0,0,0.0,,,,gemini35flash
2026091225,rich_logistic,fixed_sequence,0.14285714285714285,,False,0,0,,1082,0,0,0.0,,,,gemini35flash
2026091225,rich_logistic,bonferroni,0.14285714285714285,,False,0,0,,1082,0,0,0.0,,,,gemini35flash
2026091225,rich_logistic,fixed_sequence,0.2,,False,0,0,,1082,0,0,0.0,,,,gemini35flash
2026091225,rich_logistic,bonferroni,0.2,,False,0,0,,1082,0,0,0.0,,,,gemini35flash
2026091225,rich_logistic,fixed_sequence,0.25,0.79,True,150,25,0.2463197959170186,1082,171,27,0.15804066543438078,0.15789473684210525,0.10670609977562255,0.22135190771081453,gemini35flash
2026091225,rich_logistic,bonferroni,0.25,,False,0,0,,1082,0,0,0.0,,,,gemini35flash
2026091225,rich_boost,fixed_sequence,0.1,,False,0,0,,1082,0,0,0.0,,,,gemini35flash
2026091225,rich_boost,bonferroni,0.1,,False,0,0,,1082,0,0,0.0,,,,gemini35flash
2026091225,rich_boost,fixed_sequence,0.14285714285714285,,False,0,0,,1082,0,0,0.0,,,,gemini35flash
2026091225,rich_boost,bonferroni,0.14285714285714285,,False,0,0,,1082,0,0,0.0,,,,gemini35flash
2026091225,rich_boost,fixed_sequence,0.2,,False,0,0,,1082,0,0,0.0,,,,gemini35flash
2026091225,rich_boost,bonferroni,0.2,,False,0,0,,1082,0,0,0.0,,,,gemini35flash
2026091225,rich_boost,fixed_sequence,0.25,,False,0,0,,1082,0,0,0.0,,,,gemini35flash
2026091225,rich_boost,bonferroni,0.25,,False,0,0,,1082,0,0,0.0,,,,gemini35flash
2026091226,raw_u,fixed_sequence,0.1,,False,0,0,,1082,0,0,0.0,,,,gemini35flash
2026091226,raw_u,bonferroni,0.1,,False,0,0,,1082,0,0,0.0,,,,gemini35flash
2026091226,raw_u,fixed_sequence,0.14285714285714285,,False,0,0,,1082,0,0,0.0,,,,gemini35flash
2026091226,raw_u,bonferroni,0.14285714285714285,,False,0,0,,1082,0,0,0.0,,,,gemini35flash
2026091226,raw_u,fixed_sequence,0.2,,False,0,0,,1082,0,0,0.0,,,,gemini35flash
2026091226,raw_u,bonferroni,0.2,,False,0,0,,1082,0,0,0.0,,,,gemini35flash
2026091226,raw_u,fixed_sequence,0.25,,False,0,0,,1082,0,0,0.0,,,,gemini35flash
2026091226,raw_u,bonferroni,0.25,,False,0,0,,1082,0,0,0.0,,,,gemini35flash
2026091226,u_boost,fixed_sequence,0.1,,False,0,0,,1082,0,0,0.0,,,,gemini35flash
2026091226,u_boost,bonferroni,0.1,,False,0,0,,1082,0,0,0.0,,,,gemini35flash
2026091226,u_boost,fixed_sequence,0.14285714285714285,,False,0,0,,1082,0,0,0.0,,,,gemini35flash
2026091226,u_boost,bonferroni,0.14285714285714285,,False,0,0,,1082,0,0,0.0,,,,gemini35flash
2026091226,u_boost,fixed_sequence,0.2,,False,0,0,,1082,0,0,0.0,,,,gemini35flash
2026091226,u_boost,bonferroni,0.2,,False,0,0,,1082,0,0,0.0,,,,gemini35flash
2026091226,u_boost,fixed_sequence,0.25,,False,0,0,,1082,0,0,0.0,,,,gemini35flash
2026091226,u_boost,bonferroni,0.25,,False,0,0,,1082,0,0,0.0,,,,gemini35flash
2026091226,rich_logistic,fixed_sequence,0.1,,False,0,0,,1082,0,0,0.0,,,,gemini35flash
2026091226,rich_logistic,bonferroni,0.1,,False,0,0,,1082,0,0,0.0,,,,gemini35flash
2026091226,rich_logistic,fixed_sequence,0.14285714285714285,,False,0,0,,1082,0,0,0.0,,,,gemini35flash
2026091226,rich_logistic,bonferroni,0.14285714285714285,,False,0,0,,1082,0,0,0.0,,,,gemini35flash
2026091226,rich_logistic,fixed_sequence,0.2,,False,0,0,,1082,0,0,0.0,,,,gemini35flash
2026091226,rich_logistic,bonferroni,0.2,,False,0,0,,1082,0,0,0.0,,,,gemini35flash
2026091226,rich_logistic,fixed_sequence,0.25,,False,0,0,,1082,0,0,0.0,,,,gemini35flash
2026091226,rich_logistic,bonferroni,0.25,,False,0,0,,1082,0,0,0.0,,,,gemini35flash
2026091226,rich_boost,fixed_sequence,0.1,,False,0,0,,1082,0,0,0.0,,,,gemini35flash
2026091226,rich_boost,bonferroni,0.1,,False,0,0,,1082,0,0,0.0,,,,gemini35flash
2026091226,rich_boost,fixed_sequence,0.14285714285714285,,False,0,0,,1082,0,0,0.0,,,,gemini35flash
2026091226,rich_boost,bonferroni,0.14285714285714285,,False,0,0,,1082,0,0,0.0,,,,gemini35flash
2026091226,rich_boost,fixed_sequence,0.2,,False,0,0,,1082,0,0,0.0,,,,gemini35flash
2026091226,rich_boost,bonferroni,0.2,,False,0,0,,1082,0,0,0.0,,,,gemini35flash
2026091226,rich_boost,fixed_sequence,0.25,,False,0,0,,1082,0,0,0.0,,,,gemini35flash
2026091226,rich_boost,bonferroni,0.25,,False,0,0,,1082,0,0,0.0,,,,gemini35flash
2026091227,raw_u,fixed_sequence,0.1,,False,0,0,,1082,0,0,0.0,,,,gemini35flash
2026091227,raw_u,bonferroni,0.1,,False,0,0,,1082,0,0,0.0,,,,gemini35flash
2026091227,raw_u,fixed_sequence,0.14285714285714285,,False,0,0,,1082,0,0,0.0,,,,gemini35flash
2026091227,raw_u,bonferroni,0.14285714285714285,,False,0,0,,1082,0,0,0.0,,,,gemini35flash
2026091227,raw_u,fixed_sequence,0.2,,False,0,0,,1082,0,0,0.0,,,,gemini35flash
2026091227,raw_u,bonferroni,0.2,,False,0,0,,1082,0,0,0.0,,,,gemini35flash
2026091227,raw_u,fixed_sequence,0.25,0.81,True,303,58,0.24742540482133174,1082,309,61,0.2855822550831793,0.19741100323624594,0.1545009150006055,0.24622982561824305,gemini35flash
2026091227,raw_u,bonferroni,0.25,,False,0,0,,1082,0,0,0.0,,,,gemini35flash
2026091227,u_boost,fixed_sequence,0.1,,False,0,0,,1082,0,0,0.0,,,,gemini35flash
2026091227,u_boost,bonferroni,0.1,,False,0,0,,1082,0,0,0.0,,,,gemini35flash
2026091227,u_boost,fixed_sequence,0.14285714285714285,,False,0,0,,1082,0,0,0.0,,,,gemini35flash
2026091227,u_boost,bonferroni,0.14285714285714285,,False,0,0,,1082,0,0,0.0,,,,gemini35flash
2026091227,u_boost,fixed_sequence,0.2,,False,0,0,,1082,0,0,0.0,,,,gemini35flash
2026091227,u_boost,bonferroni,0.2,,False,0,0,,1082,0,0,0.0,,,,gemini35flash
2026091227,u_boost,fixed_sequence,0.25,0.71,True,275,52,0.24794046987469434,1082,275,52,0.2541589648798521,0.1890909090909091,0.14456614279087907,0.24045667104078933,gemini35flash
2026091227,u_boost,bonferroni,0.25,,False,0,0,,1082,0,0,0.0,,,,gemini35flash
2026091227,rich_logistic,fixed_sequence,0.1,,False,0,0,,1082,0,0,0.0,,,,gemini35flash
2026091227,rich_logistic,bonferroni,0.1,,False,0,0,,1082,0,0,0.0,,,,gemini35flash
2026091227,rich_logistic,fixed_sequence,0.14285714285714285,,False,0,0,,1082,0,0,0.0,,,,gemini35flash
2026091227,rich_logistic,bonferroni,0.14285714285714285,,False,0,0,,1082,0,0,0.0,,,,gemini35flash
2026091227,rich_logistic,fixed_sequence,0.2,,False,0,0,,1082,0,0,0.0,,,,gemini35flash
2026091227,rich_logistic,bonferroni,0.2,,False,0,0,,1082,0,0,0.0,,,,gemini35flash
2026091227,rich_logistic,fixed_sequence,0.25,0.78,True,181,28,0.22475442899014103,1082,181,28,0.16728280961182995,0.15469613259668508,0.10532270436386307,0.21575992239142106,gemini35flash
2026091227,rich_logistic,bonferroni,0.25,,False,0,0,,1082,0,0,0.0,,,,gemini35flash
2026091227,rich_boost,fixed_sequence,0.1,,False,0,0,,1082,0,0,0.0,,,,gemini35flash
2026091227,rich_boost,bonferroni,0.1,,False,0,0,,1082,0,0,0.0,,,,gemini35flash
2026091227,rich_boost,fixed_sequence,0.14285714285714285,,False,0,0,,1082,0,0,0.0,,,,gemini35flash
2026091227,rich_boost,bonferroni,0.14285714285714285,,False,0,0,,1082,0,0,0.0,,,,gemini35flash
2026091227,rich_boost,fixed_sequence,0.2,,False,0,0,,1082,0,0,0.0,,,,gemini35flash
2026091227,rich_boost,bonferroni,0.2,,False,0,0,,1082,0,0,0.0,,,,gemini35flash
2026091227,rich_boost,fixed_sequence,0.25,0.74,True,227,41,0.2451709665600145,1082,223,39,0.20609981515711645,0.17488789237668162,0.1274167274135586,0.23122924964169864,gemini35flash
2026091227,rich_boost,bonferroni,0.25,,False,0,0,,1082,0,0,0.0,,,,gemini35flash
2026091228,raw_u,fixed_sequence,0.1,,False,0,0,,1082,0,0,0.0,,,,gemini35flash
2026091228,raw_u,bonferroni,0.1,,False,0,0,,1082,0,0,0.0,,,,gemini35flash
2026091228,raw_u,fixed_sequence,0.14285714285714285,,False,0,0,,1082,0,0,0.0,,,,gemini35flash
2026091228,raw_u,bonferroni,0.14285714285714285,,False,0,0,,1082,0,0,0.0,,,,gemini35flash
2026091228,raw_u,fixed_sequence,0.2,,False,0,0,,1082,0,0,0.0,,,,gemini35flash
2026091228,raw_u,bonferroni,0.2,,False,0,0,,1082,0,0,0.0,,,,gemini35flash
2026091228,raw_u,fixed_sequence,0.25,0.8571428571428571,True,181,32,0.24960852678951193,1082,181,34,0.16728280961182995,0.1878453038674033,0.1337354363124206,0.25247601771535816,gemini35flash
2026091228,raw_u,bonferroni,0.25,,False,0,0,,1082,0,0,0.0,,,,gemini35flash
2026091228,u_boost,fixed_sequence,0.1,,False,0,0,,1082,0,0,0.0,,,,gemini35flash
2026091228,u_boost,bonferroni,0.1,,False,0,0,,1082,0,0,0.0,,,,gemini35flash
2026091228,u_boost,fixed_sequence,0.14285714285714285,,False,0,0,,1082,0,0,0.0,,,,gemini35flash
2026091228,u_boost,bonferroni,0.14285714285714285,,False,0,0,,1082,0,0,0.0,,,,gemini35flash
2026091228,u_boost,fixed_sequence,0.2,,False,0,0,,1082,0,0,0.0,,,,gemini35flash
2026091228,u_boost,bonferroni,0.2,,False,0,0,,1082,0,0,0.0,,,,gemini35flash
2026091228,u_boost,fixed_sequence,0.25,0.75,True,156,26,0.24456024842304405,1082,148,25,0.1367837338262477,0.16891891891891891,0.11239934820212592,0.23917716404681402,gemini35flash
2026091228,u_boost,bonferroni,0.25,,False,0,0,,1082,0,0,0.0,,,,gemini35flash
2026091228,rich_logistic,fixed_sequence,0.1,,False,0,0,,1082,0,0,0.0,,,,gemini35flash
2026091228,rich_logistic,bonferroni,0.1,,False,0,0,,1082,0,0,0.0,,,,gemini35flash
2026091228,rich_logistic,fixed_sequence,0.14285714285714285,,False,0,0,,1082,0,0,0.0,,,,gemini35flash
2026091228,rich_logistic,bonferroni,0.14285714285714285,,False,0,0,,1082,0,0,0.0,,,,gemini35flash
2026091228,rich_logistic,fixed_sequence,0.2,,False,0,0,,1082,0,0,0.0,,,,gemini35flash
2026091228,rich_logistic,bonferroni,0.2,,False,0,0,,1082,0,0,0.0,,,,gemini35flash
2026091228,rich_logistic,fixed_sequence,0.25,0.78,True,173,30,0.24769408519979513,1082,181,31,0.16728280961182995,0.1712707182320442,0.1194357021594071,0.2342080714257749,gemini35flash
2026091228,rich_logistic,bonferroni,0.25,,False,0,0,,1082,0,0,0.0,,,,gemini35flash
2026091228,rich_boost,fixed_sequence,0.1,,False,0,0,,1082,0,0,0.0,,,,gemini35flash
2026091228,rich_boost,bonferroni,0.1,,False,0,0,,1082,0,0,0.0,,,,gemini35flash
2026091228,rich_boost,fixed_sequence,0.14285714285714285,,False,0,0,,1082,0,0,0.0,,,,gemini35flash
2026091228,rich_boost,bonferroni,0.14285714285714285,,False,0,0,,1082,0,0,0.0,,,,gemini35flash
2026091228,rich_boost,fixed_sequence,0.2,,False,0,0,,1082,0,0,0.0,,,,gemini35flash
2026091228,rich_boost,bonferroni,0.2,,False,0,0,,1082,0,0,0.0,,,,gemini35flash
2026091228,rich_boost,fixed_sequence,0.25,0.76,True,190,33,0.24418163566995707,1082,204,36,0.18853974121996303,0.17647058823529413,0.12676438856307365,0.23584130480778756,gemini35flash
2026091228,rich_boost,bonferroni,0.25,,False,0,0,,1082,0,0,0.0,,,,gemini35flash
2026091229,raw_u,fixed_sequence,0.1,,False,0,0,,1082,0,0,0.0,,,,gemini35flash
2026091229,raw_u,bonferroni,0.1,,False,0,0,,1082,0,0,0.0,,,,gemini35flash
2026091229,raw_u,fixed_sequence,0.14285714285714285,,False,0,0,,1082,0,0,0.0,,,,gemini35flash
2026091229,raw_u,bonferroni,0.14285714285714285,,False,0,0,,1082,0,0,0.0,,,,gemini35flash
2026091229,raw_u,fixed_sequence,0.2,0.91,True,179,23,0.19517145342124487,1082,153,29,0.1414048059149723,0.1895424836601307,0.13076711101928698,0.26073636445444287,gemini35flash
2026091229,raw_u,bonferroni,0.2,,False,0,0,,1082,0,0,0.0,,,,gemini35flash
2026091229,raw_u,fixed_sequence,0.25,0.81,True,331,58,0.22717026074200966,1082,288,71,0.266173752310536,0.2465277777777778,0.1978526775763618,0.300501487222014,gemini35flash
2026091229,raw_u,bonferroni,0.25,0.8571428571428571,True,202,30,0.246189506496443,1082,178,37,0.1645101663585952,0.20786516853932585,0.15077978833516112,0.2749446842332428,gemini35flash
2026091229,u_boost,fixed_sequence,0.1,,False,0,0,,1082,0,0,0.0,,,,gemini35flash
2026091229,u_boost,bonferroni,0.1,,False,0,0,,1082,0,0,0.0,,,,gemini35flash
2026091229,u_boost,fixed_sequence,0.14285714285714285,,False,0,0,,1082,0,0,0.0,,,,gemini35flash
2026091229,u_boost,bonferroni,0.14285714285714285,,False,0,0,,1082,0,0,0.0,,,,gemini35flash
2026091229,u_boost,fixed_sequence,0.2,0.78,True,179,23,0.19517145342124487,1082,153,29,0.1414048059149723,0.1895424836601307,0.13076711101928698,0.26073636445444287,gemini35flash
2026091229,u_boost,bonferroni,0.2,,False,0,0,,1082,0,0,0.0,,,,gemini35flash
2026091229,u_boost,fixed_sequence,0.25,0.71,True,357,66,0.2355476348130044,1082,305,74,0.28188539741219965,0.24262295081967214,0.1955830189118564,0.2947397265900842,gemini35flash
2026091229,u_boost,bonferroni,0.25,0.75,True,308,51,0.24495532478245766,1082,263,63,0.24306839186691312,0.23954372623574144,0.1892577042822727,0.2958032740995947,gemini35flash
2026091229,rich_logistic,fixed_sequence,0.1,,False,0,0,,1082,0,0,0.0,,,,gemini35flash
2026091229,rich_logistic,bonferroni,0.1,,False,0,0,,1082,0,0,0.0,,,,gemini35flash
2026091229,rich_logistic,fixed_sequence,0.14285714285714285,,False,0,0,,1082,0,0,0.0,,,,gemini35flash
2026091229,rich_logistic,bonferroni,0.14285714285714285,,False,0,0,,1082,0,0,0.0,,,,gemini35flash
2026091229,rich_logistic,fixed_sequence,0.2,,False,0,0,,1082,0,0,0.0,,,,gemini35flash
2026091229,rich_logistic,bonferroni,0.2,,False,0,0,,1082,0,0,0.0,,,,gemini35flash
2026091229,rich_logistic,fixed_sequence,0.25,0.7,True,336,63,0.2401033505904424,1082,307,75,0.28373382624768945,0.24429967426710097,0.19728109554053028,0.29632816333772116,gemini35flash
2026091229,rich_logistic,bonferroni,0.25,0.77,True,226,33,0.23717574264294344,1082,197,41,0.18207024029574861,0.20812182741116753,0.1536851737743305,0.2715631135005996,gemini35flash
2026091229,rich_boost,fixed_sequence,0.1,,False,0,0,,1082,0,0,0.0,,,,gemini35flash
2026091229,rich_boost,bonferroni,0.1,,False,0,0,,1082,0,0,0.0,,,,gemini35flash
2026091229,rich_boost,fixed_sequence,0.14285714285714285,,False,0,0,,1082,0,0,0.0,,,,gemini35flash
2026091229,rich_boost,bonferroni,0.14285714285714285,,False,0,0,,1082,0,0,0.0,,,,gemini35flash
2026091229,rich_boost,fixed_sequence,0.2,,False,0,0,,1082,0,0,0.0,,,,gemini35flash
2026091229,rich_boost,bonferroni,0.2,,False,0,0,,1082,0,0,0.0,,,,gemini35flash
2026091229,rich_boost,fixed_sequence,0.25,0.75,True,228,34,0.20991000807301824,1082,200,42,0.18484288354898337,0.21,0.15573975672412835,0.27306870461379884,gemini35flash
2026091229,rich_boost,bonferroni,0.25,0.74,True,232,35,0.24150414174468252,1082,203,42,0.1876155268022181,0.20689655172413793,0.15336892818523865,0.26919537890131434,gemini35flash
2026091230,raw_u,fixed_sequence,0.1,,False,0,0,,1082,0,0,0.0,,,,gemini35flash
2026091230,raw_u,bonferroni,0.1,,False,0,0,,1082,0,0,0.0,,,,gemini35flash
2026091230,raw_u,fixed_sequence,0.14285714285714285,,False,0,0,,1082,0,0,0.0,,,,gemini35flash
2026091230,raw_u,bonferroni,0.14285714285714285,,False,0,0,,1082,0,0,0.0,,,,gemini35flash
2026091230,raw_u,fixed_sequence,0.2,,False,0,0,,1082,0,0,0.0,,,,gemini35flash
2026091230,raw_u,bonferroni,0.2,,False,0,0,,1082,0,0,0.0,,,,gemini35flash
2026091230,raw_u,fixed_sequence,0.25,0.81,True,307,59,0.24785438395154205,1082,319,75,0.2948243992606285,0.23510971786833856,0.18965731132977615,0.2855565064702278,gemini35flash
2026091230,raw_u,bonferroni,0.25,,False,0,0,,1082,0,0,0.0,,,,gemini35flash
2026091230,u_boost,fixed_sequence,0.1,,False,0,0,,1082,0,0,0.0,,,,gemini35flash
2026091230,u_boost,bonferroni,0.1,,False,0,0,,1082,0,0,0.0,,,,gemini35flash
2026091230,u_boost,fixed_sequence,0.14285714285714285,,False,0,0,,1082,0,0,0.0,,,,gemini35flash
2026091230,u_boost,bonferroni,0.14285714285714285,,False,0,0,,1082,0,0,0.0,,,,gemini35flash
2026091230,u_boost,fixed_sequence,0.2,,False,0,0,,1082,0,0,0.0,,,,gemini35flash
2026091230,u_boost,bonferroni,0.2,,False,0,0,,1082,0,0,0.0,,,,gemini35flash
2026091230,u_boost,fixed_sequence,0.25,0.77,True,152,25,0.24323601469114897,1082,178,36,0.1645101663585952,0.20224719101123595,0.14585413120950597,0.26883228640387463,gemini35flash
2026091230,u_boost,bonferroni,0.25,,False,0,0,,1082,0,0,0.0,,,,gemini35flash
2026091230,rich_logistic,fixed_sequence,0.1,,False,0,0,,1082,0,0,0.0,,,,gemini35flash
2026091230,rich_logistic,bonferroni,0.1,,False,0,0,,1082,0,0,0.0,,,,gemini35flash
2026091230,rich_logistic,fixed_sequence,0.14285714285714285,,False,0,0,,1082,0,0,0.0,,,,gemini35flash
2026091230,rich_logistic,bonferroni,0.14285714285714285,,False,0,0,,1082,0,0,0.0,,,,gemini35flash
2026091230,rich_logistic,fixed_sequence,0.2,,False,0,0,,1082,0,0,0.0,,,,gemini35flash
2026091230,rich_logistic,bonferroni,0.2,,False,0,0,,1082,0,0,0.0,,,,gemini35flash
2026091230,rich_logistic,fixed_sequence,0.25,0.75,True,275,51,0.24396711307628025,1082,303,70,0.2800369685767098,0.23102310231023102,0.18475097734714047,0.28264022717192594,gemini35flash
2026091230,rich_logistic,bonferroni,0.25,,False,0,0,,1082,0,0,0.0,,,,gemini35flash
2026091230,rich_boost,fixed_sequence,0.1,,False,0,0,,1082,0,0,0.0,,,,gemini35flash
2026091230,rich_boost,bonferroni,0.1,,False,0,0,,1082,0,0,0.0,,,,gemini35flash
2026091230,rich_boost,fixed_sequence,0.14285714285714285,,False,0,0,,1082,0,0,0.0,,,,gemini35flash
2026091230,rich_boost,bonferroni,0.14285714285714285,,False,0,0,,1082,0,0,0.0,,,,gemini35flash
2026091230,rich_boost,fixed_sequence,0.2,,False,0,0,,1082,0,0,0.0,,,,gemini35flash
2026091230,rich_boost,bonferroni,0.2,,False,0,0,,1082,0,0,0.0,,,,gemini35flash
2026091230,rich_boost,fixed_sequence,0.25,,False,0,0,,1082,0,0,0.0,,,,gemini35flash
2026091230,rich_boost,bonferroni,0.25,,False,0,0,,1082,0,0,0.0,,,,gemini35flash
2026091231,raw_u,fixed_sequence,0.1,,False,0,0,,1082,0,0,0.0,,,,gemini35flash
2026091231,raw_u,bonferroni,0.1,,False,0,0,,1082,0,0,0.0,,,,gemini35flash
2026091231,raw_u,fixed_sequence,0.14285714285714285,,False,0,0,,1082,0,0,0.0,,,,gemini35flash
2026091231,raw_u,bonferroni,0.14285714285714285,,False,0,0,,1082,0,0,0.0,,,,gemini35flash
2026091231,raw_u,fixed_sequence,0.2,,False,0,0,,1082,0,0,0.0,,,,gemini35flash
2026091231,raw_u,bonferroni,0.2,,False,0,0,,1082,0,0,0.0,,,,gemini35flash
2026091231,raw_u,fixed_sequence,0.25,0.8571428571428571,True,197,34,0.24154298456542808,1082,187,39,0.17282809611829944,0.20855614973262032,0.15270640326701354,0.2738869289454096,gemini35flash
2026091231,raw_u,bonferroni,0.25,,False,0,0,,1082,0,0,0.0,,,,gemini35flash
2026091231,u_boost,fixed_sequence,0.1,,False,0,0,,1082,0,0,0.0,,,,gemini35flash
2026091231,u_boost,bonferroni,0.1,,False,0,0,,1082,0,0,0.0,,,,gemini35flash
2026091231,u_boost,fixed_sequence,0.14285714285714285,,False,0,0,,1082,0,0,0.0,,,,gemini35flash
2026091231,u_boost,bonferroni,0.14285714285714285,,False,0,0,,1082,0,0,0.0,,,,gemini35flash
2026091231,u_boost,fixed_sequence,0.2,,False,0,0,,1082,0,0,0.0,,,,gemini35flash
2026091231,u_boost,bonferroni,0.2,,False,0,0,,1082,0,0,0.0,,,,gemini35flash
2026091231,u_boost,fixed_sequence,0.25,0.72,True,177,30,0.24234886569661485,1082,167,33,0.15434380776340112,0.19760479041916168,0.14009816191812732,0.26616346929435464,gemini35flash
2026091231,u_boost,bonferroni,0.25,,False,0,0,,1082,0,0,0.0,,,,gemini35flash
2026091231,rich_logistic,fixed_sequence,0.1,,False,0,0,,1082,0,0,0.0,,,,gemini35flash
2026091231,rich_logistic,bonferroni,0.1,,False,0,0,,1082,0,0,0.0,,,,gemini35flash
2026091231,rich_logistic,fixed_sequence,0.14285714285714285,,False,0,0,,1082,0,0,0.0,,,,gemini35flash
2026091231,rich_logistic,bonferroni,0.14285714285714285,,False,0,0,,1082,0,0,0.0,,,,gemini35flash
2026091231,rich_logistic,fixed_sequence,0.2,,False,0,0,,1082,0,0,0.0,,,,gemini35flash
2026091231,rich_logistic,bonferroni,0.2,,False,0,0,,1082,0,0,0.0,,,,gemini35flash
2026091231,rich_logistic,fixed_sequence,0.25,0.76,True,251,44,0.23581371678091032,1082,219,46,0.2024029574861368,0.2100456621004566,0.1580752180621408,0.27004551656034026,gemini35flash
2026091231,rich_logistic,bonferroni,0.25,,False,0,0,,1082,0,0,0.0,,,,gemini35flash
2026091231,rich_boost,fixed_sequence,0.1,,False,0,0,,1082,0,0,0.0,,,,gemini35flash
2026091231,rich_boost,bonferroni,0.1,,False,0,0,,1082,0,0,0.0,,,,gemini35flash
2026091231,rich_boost,fixed_sequence,0.14285714285714285,,False,0,0,,1082,0,0,0.0,,,,gemini35flash
2026091231,rich_boost,bonferroni,0.14285714285714285,,False,0,0,,1082,0,0,0.0,,,,gemini35flash
2026091231,rich_boost,fixed_sequence,0.2,,False,0,0,,1082,0,0,0.0,,,,gemini35flash
2026091231,rich_boost,bonferroni,0.2,,False,0,0,,1082,0,0,0.0,,,,gemini35flash
2026091231,rich_boost,fixed_sequence,0.25,0.72,True,233,39,0.22958756881483464,1082,207,41,0.1913123844731978,0.19806763285024154,0.14604567923125988,0.2589546287329121,gemini35flash
2026091231,rich_boost,bonferroni,0.25,,False,0,0,,1082,0,0,0.0,,,,gemini35flash
2026091232,raw_u,fixed_sequence,0.1,,False,0,0,,1082,0,0,0.0,,,,gemini35flash
2026091232,raw_u,bonferroni,0.1,,False,0,0,,1082,0,0,0.0,,,,gemini35flash
2026091232,raw_u,fixed_sequence,0.14285714285714285,,False,0,0,,1082,0,0,0.0,,,,gemini35flash
2026091232,raw_u,bonferroni,0.14285714285714285,,False,0,0,,1082,0,0,0.0,,,,gemini35flash
2026091232,raw_u,fixed_sequence,0.2,,False,0,0,,1082,0,0,0.0,,,,gemini35flash
2026091232,raw_u,bonferroni,0.2,,False,0,0,,1082,0,0,0.0,,,,gemini35flash
2026091232,raw_u,fixed_sequence,0.25,,False,0,0,,1082,0,0,0.0,,,,gemini35flash
2026091232,raw_u,bonferroni,0.25,,False,0,0,,1082,0,0,0.0,,,,gemini35flash
2026091232,u_boost,fixed_sequence,0.1,,False,0,0,,1082,0,0,0.0,,,,gemini35flash
2026091232,u_boost,bonferroni,0.1,,False,0,0,,1082,0,0,0.0,,,,gemini35flash
2026091232,u_boost,fixed_sequence,0.14285714285714285,,False,0,0,,1082,0,0,0.0,,,,gemini35flash
2026091232,u_boost,bonferroni,0.14285714285714285,,False,0,0,,1082,0,0,0.0,,,,gemini35flash
2026091232,u_boost,fixed_sequence,0.2,,False,0,0,,1082,0,0,0.0,,,,gemini35flash
2026091232,u_boost,bonferroni,0.2,,False,0,0,,1082,0,0,0.0,,,,gemini35flash
2026091232,u_boost,fixed_sequence,0.25,,False,0,0,,1082,0,0,0.0,,,,gemini35flash
2026091232,u_boost,bonferroni,0.25,,False,0,0,,1082,0,0,0.0,,,,gemini35flash
2026091232,rich_logistic,fixed_sequence,0.1,,False,0,0,,1082,0,0,0.0,,,,gemini35flash
2026091232,rich_logistic,bonferroni,0.1,,False,0,0,,1082,0,0,0.0,,,,gemini35flash
2026091232,rich_logistic,fixed_sequence,0.14285714285714285,,False,0,0,,1082,0,0,0.0,,,,gemini35flash
2026091232,rich_logistic,bonferroni,0.14285714285714285,,False,0,0,,1082,0,0,0.0,,,,gemini35flash
2026091232,rich_logistic,fixed_sequence,0.2,,False,0,0,,1082,0,0,0.0,,,,gemini35flash
2026091232,rich_logistic,bonferroni,0.2,,False,0,0,,1082,0,0,0.0,,,,gemini35flash
2026091232,rich_logistic,fixed_sequence,0.25,0.75,True,211,37,0.24201619818128847,1082,210,29,0.19408502772643252,0.1380952380952381,0.094474404281866,0.1922710775900521,gemini35flash
2026091232,rich_logistic,bonferroni,0.25,,False,0,0,,1082,0,0,0.0,,,,gemini35flash
2026091232,rich_boost,fixed_sequence,0.1,,False,0,0,,1082,0,0,0.0,,,,gemini35flash
2026091232,rich_boost,bonferroni,0.1,,False,0,0,,1082,0,0,0.0,,,,gemini35flash
2026091232,rich_boost,fixed_sequence,0.14285714285714285,,False,0,0,,1082,0,0,0.0,,,,gemini35flash
2026091232,rich_boost,bonferroni,0.14285714285714285,,False,0,0,,1082,0,0,0.0,,,,gemini35flash
2026091232,rich_boost,fixed_sequence,0.2,,False,0,0,,1082,0,0,0.0,,,,gemini35flash
2026091232,rich_boost,bonferroni,0.2,,False,0,0,,1082,0,0,0.0,,,,gemini35flash
2026091232,rich_boost,fixed_sequence,0.25,,False,0,0,,1082,0,0,0.0,,,,gemini35flash
2026091232,rich_boost,bonferroni,0.25,,False,0,0,,1082,0,0,0.0,,,,gemini35flash
2026091233,raw_u,fixed_sequence,0.1,,False,0,0,,1082,0,0,0.0,,,,gemini35flash
2026091233,raw_u,bonferroni,0.1,,False,0,0,,1082,0,0,0.0,,,,gemini35flash
2026091233,raw_u,fixed_sequence,0.14285714285714285,,False,0,0,,1082,0,0,0.0,,,,gemini35flash
2026091233,raw_u,bonferroni,0.14285714285714285,,False,0,0,,1082,0,0,0.0,,,,gemini35flash
2026091233,raw_u,fixed_sequence,0.2,,False,0,0,,1082,0,0,0.0,,,,gemini35flash
2026091233,raw_u,bonferroni,0.2,,False,0,0,,1082,0,0,0.0,,,,gemini35flash
2026091233,raw_u,fixed_sequence,0.25,0.8571428571428571,True,186,32,0.24319490184125897,1082,177,29,0.16358595194085027,0.1638418079096045,0.11255746814749275,0.22675355048329413,gemini35flash
2026091233,raw_u,bonferroni,0.25,,False,0,0,,1082,0,0,0.0,,,,gemini35flash
2026091233,u_boost,fixed_sequence,0.1,,False,0,0,,1082,0,0,0.0,,,,gemini35flash
2026091233,u_boost,bonferroni,0.1,,False,0,0,,1082,0,0,0.0,,,,gemini35flash
2026091233,u_boost,fixed_sequence,0.14285714285714285,,False,0,0,,1082,0,0,0.0,,,,gemini35flash
2026091233,u_boost,bonferroni,0.14285714285714285,,False,0,0,,1082,0,0,0.0,,,,gemini35flash
2026091233,u_boost,fixed_sequence,0.2,,False,0,0,,1082,0,0,0.0,,,,gemini35flash
2026091233,u_boost,bonferroni,0.2,,False,0,0,,1082,0,0,0.0,,,,gemini35flash
2026091233,u_boost,fixed_sequence,0.25,0.75,True,163,26,0.23454042653303553,1082,154,25,0.1423290203327172,0.16233766233766234,0.10789697375694773,0.2302460073380077,gemini35flash
2026091233,u_boost,bonferroni,0.25,,False,0,0,,1082,0,0,0.0,,,,gemini35flash
2026091233,rich_logistic,fixed_sequence,0.1,,False,0,0,,1082,0,0,0.0,,,,gemini35flash
2026091233,rich_logistic,bonferroni,0.1,,False,0,0,,1082,0,0,0.0,,,,gemini35flash
2026091233,rich_logistic,fixed_sequence,0.14285714285714285,,False,0,0,,1082,0,0,0.0,,,,gemini35flash
2026091233,rich_logistic,bonferroni,0.14285714285714285,,False,0,0,,1082,0,0,0.0,,,,gemini35flash
2026091233,rich_logistic,fixed_sequence,0.2,,False,0,0,,1082,0,0,0.0,,,,gemini35flash
2026091233,rich_logistic,bonferroni,0.2,,False,0,0,,1082,0,0,0.0,,,,gemini35flash
2026091233,rich_logistic,fixed_sequence,0.25,0.76,True,218,40,0.24980990027513583,1082,203,34,0.1876155268022181,0.16748768472906403,0.1188658773138022,0.22610367897811603,gemini35flash
2026091233,rich_logistic,bonferroni,0.25,,False,0,0,,1082,0,0,0.0,,,,gemini35flash
2026091233,rich_boost,fixed_sequence,0.1,,False,0,0,,1082,0,0,0.0,,,,gemini35flash
2026091233,rich_boost,bonferroni,0.1,,False,0,0,,1082,0,0,0.0,,,,gemini35flash
2026091233,rich_boost,fixed_sequence,0.14285714285714285,,False,0,0,,1082,0,0,0.0,,,,gemini35flash
2026091233,rich_boost,bonferroni,0.14285714285714285,,False,0,0,,1082,0,0,0.0,,,,gemini35flash
2026091233,rich_boost,fixed_sequence,0.2,,False,0,0,,1082,0,0,0.0,,,,gemini35flash
2026091233,rich_boost,bonferroni,0.2,,False,0,0,,1082,0,0,0.0,,,,gemini35flash
2026091233,rich_boost,fixed_sequence,0.25,0.74,True,218,40,0.24980990027513583,1082,203,34,0.1876155268022181,0.16748768472906403,0.1188658773138022,0.22610367897811603,gemini35flash
2026091233,rich_boost,bonferroni,0.25,,False,0,0,,1082,0,0,0.0,,,,gemini35flash
2026091234,raw_u,fixed_sequence,0.1,,False,0,0,,1082,0,0,0.0,,,,gemini35flash
2026091234,raw_u,bonferroni,0.1,,False,0,0,,1082,0,0,0.0,,,,gemini35flash
2026091234,raw_u,fixed_sequence,0.14285714285714285,,False,0,0,,1082,0,0,0.0,,,,gemini35flash
2026091234,raw_u,bonferroni,0.14285714285714285,,False,0,0,,1082,0,0,0.0,,,,gemini35flash
2026091234,raw_u,fixed_sequence,0.2,,False,0,0,,1082,0,0,0.0,,,,gemini35flash
2026091234,raw_u,bonferroni,0.2,,False,0,0,,1082,0,0,0.0,,,,gemini35flash
2026091234,raw_u,fixed_sequence,0.25,,False,0,0,,1082,0,0,0.0,,,,gemini35flash
2026091234,raw_u,bonferroni,0.25,,False,0,0,,1082,0,0,0.0,,,,gemini35flash
2026091234,u_boost,fixed_sequence,0.1,,False,0,0,,1082,0,0,0.0,,,,gemini35flash
2026091234,u_boost,bonferroni,0.1,,False,0,0,,1082,0,0,0.0,,,,gemini35flash
2026091234,u_boost,fixed_sequence,0.14285714285714285,,False,0,0,,1082,0,0,0.0,,,,gemini35flash
2026091234,u_boost,bonferroni,0.14285714285714285,,False,0,0,,1082,0,0,0.0,,,,gemini35flash
2026091234,u_boost,fixed_sequence,0.2,,False,0,0,,1082,0,0,0.0,,,,gemini35flash
2026091234,u_boost,bonferroni,0.2,,False,0,0,,1082,0,0,0.0,,,,gemini35flash
2026091234,u_boost,fixed_sequence,0.25,,False,0,0,,1082,0,0,0.0,,,,gemini35flash
2026091234,u_boost,bonferroni,0.25,,False,0,0,,1082,0,0,0.0,,,,gemini35flash
2026091234,rich_logistic,fixed_sequence,0.1,,False,0,0,,1082,0,0,0.0,,,,gemini35flash
2026091234,rich_logistic,bonferroni,0.1,,False,0,0,,1082,0,0,0.0,,,,gemini35flash
2026091234,rich_logistic,fixed_sequence,0.14285714285714285,,False,0,0,,1082,0,0,0.0,,,,gemini35flash
2026091234,rich_logistic,bonferroni,0.14285714285714285,,False,0,0,,1082,0,0,0.0,,,,gemini35flash
2026091234,rich_logistic,fixed_sequence,0.2,,False,0,0,,1082,0,0,0.0,,,,gemini35flash
2026091234,rich_logistic,bonferroni,0.2,,False,0,0,,1082,0,0,0.0,,,,gemini35flash
2026091234,rich_logistic,fixed_sequence,0.25,,False,0,0,,1082,0,0,0.0,,,,gemini35flash
2026091234,rich_logistic,bonferroni,0.25,,False,0,0,,1082,0,0,0.0,,,,gemini35flash
2026091234,rich_boost,fixed_sequence,0.1,,False,0,0,,1082,0,0,0.0,,,,gemini35flash
2026091234,rich_boost,bonferroni,0.1,,False,0,0,,1082,0,0,0.0,,,,gemini35flash
2026091234,rich_boost,fixed_sequence,0.14285714285714285,,False,0,0,,1082,0,0,0.0,,,,gemini35flash
2026091234,rich_boost,bonferroni,0.14285714285714285,,False,0,0,,1082,0,0,0.0,,,,gemini35flash
2026091234,rich_boost,fixed_sequence,0.2,,False,0,0,,1082,0,0,0.0,,,,gemini35flash
2026091234,rich_boost,bonferroni,0.2,,False,0,0,,1082,0,0,0.0,,,,gemini35flash
2026091234,rich_boost,fixed_sequence,0.25,,False,0,0,,1082,0,0,0.0,,,,gemini35flash
2026091234,rich_boost,bonferroni,0.25,,False,0,0,,1082,0,0,0.0,,,,gemini35flash
2026091235,raw_u,fixed_sequence,0.1,,False,0,0,,1082,0,0,0.0,,,,gemini35flash
2026091235,raw_u,bonferroni,0.1,,False,0,0,,1082,0,0,0.0,,,,gemini35flash
2026091235,raw_u,fixed_sequence,0.14285714285714285,,False,0,0,,1082,0,0,0.0,,,,gemini35flash
2026091235,raw_u,bonferroni,0.14285714285714285,,False,0,0,,1082,0,0,0.0,,,,gemini35flash
2026091235,raw_u,fixed_sequence,0.2,,False,0,0,,1082,0,0,0.0,,,,gemini35flash
2026091235,raw_u,bonferroni,0.2,,False,0,0,,1082,0,0,0.0,,,,gemini35flash
2026091235,raw_u,fixed_sequence,0.25,,False,0,0,,1082,0,0,0.0,,,,gemini35flash
2026091235,raw_u,bonferroni,0.25,,False,0,0,,1082,0,0,0.0,,,,gemini35flash
2026091235,u_boost,fixed_sequence,0.1,,False,0,0,,1082,0,0,0.0,,,,gemini35flash
2026091235,u_boost,bonferroni,0.1,,False,0,0,,1082,0,0,0.0,,,,gemini35flash
2026091235,u_boost,fixed_sequence,0.14285714285714285,,False,0,0,,1082,0,0,0.0,,,,gemini35flash
2026091235,u_boost,bonferroni,0.14285714285714285,,False,0,0,,1082,0,0,0.0,,,,gemini35flash
2026091235,u_boost,fixed_sequence,0.2,,False,0,0,,1082,0,0,0.0,,,,gemini35flash
2026091235,u_boost,bonferroni,0.2,,False,0,0,,1082,0,0,0.0,,,,gemini35flash
2026091235,u_boost,fixed_sequence,0.25,,False,0,0,,1082,0,0,0.0,,,,gemini35flash
2026091235,u_boost,bonferroni,0.25,,False,0,0,,1082,0,0,0.0,,,,gemini35flash
2026091235,rich_logistic,fixed_sequence,0.1,,False,0,0,,1082,0,0,0.0,,,,gemini35flash
2026091235,rich_logistic,bonferroni,0.1,,False,0,0,,1082,0,0,0.0,,,,gemini35flash
2026091235,rich_logistic,fixed_sequence,0.14285714285714285,,False,0,0,,1082,0,0,0.0,,,,gemini35flash
2026091235,rich_logistic,bonferroni,0.14285714285714285,,False,0,0,,1082,0,0,0.0,,,,gemini35flash
2026091235,rich_logistic,fixed_sequence,0.2,,False,0,0,,1082,0,0,0.0,,,,gemini35flash
2026091235,rich_logistic,bonferroni,0.2,,False,0,0,,1082,0,0,0.0,,,,gemini35flash
2026091235,rich_logistic,fixed_sequence,0.25,,False,0,0,,1082,0,0,0.0,,,,gemini35flash
2026091235,rich_logistic,bonferroni,0.25,,False,0,0,,1082,0,0,0.0,,,,gemini35flash
2026091235,rich_boost,fixed_sequence,0.1,,False,0,0,,1082,0,0,0.0,,,,gemini35flash
2026091235,rich_boost,bonferroni,0.1,,False,0,0,,1082,0,0,0.0,,,,gemini35flash
2026091235,rich_boost,fixed_sequence,0.14285714285714285,,False,0,0,,1082,0,0,0.0,,,,gemini35flash
2026091235,rich_boost,bonferroni,0.14285714285714285,,False,0,0,,1082,0,0,0.0,,,,gemini35flash
2026091235,rich_boost,fixed_sequence,0.2,,False,0,0,,1082,0,0,0.0,,,,gemini35flash
2026091235,rich_boost,bonferroni,0.2,,False,0,0,,1082,0,0,0.0,,,,gemini35flash
2026091235,rich_boost,fixed_sequence,0.25,,False,0,0,,1082,0,0,0.0,,,,gemini35flash
2026091235,rich_boost,bonferroni,0.25,,False,0,0,,1082,0,0,0.0,,,,gemini35flash
2026091236,raw_u,fixed_sequence,0.1,,False,0,0,,1082,0,0,0.0,,,,gemini35flash
2026091236,raw_u,bonferroni,0.1,,False,0,0,,1082,0,0,0.0,,,,gemini35flash
2026091236,raw_u,fixed_sequence,0.14285714285714285,,False,0,0,,1082,0,0,0.0,,,,gemini35flash
2026091236,raw_u,bonferroni,0.14285714285714285,,False,0,0,,1082,0,0,0.0,,,,gemini35flash
2026091236,raw_u,fixed_sequence,0.2,,False,0,0,,1082,0,0,0.0,,,,gemini35flash
2026091236,raw_u,bonferroni,0.2,,False,0,0,,1082,0,0,0.0,,,,gemini35flash
2026091236,raw_u,fixed_sequence,0.25,0.8571428571428571,True,180,31,0.24472166408487606,1082,200,33,0.18484288354898337,0.165,0.11638311995805387,0.22384346771182062,gemini35flash
2026091236,raw_u,bonferroni,0.25,,False,0,0,,1082,0,0,0.0,,,,gemini35flash
2026091236,u_boost,fixed_sequence,0.1,,False,0,0,,1082,0,0,0.0,,,,gemini35flash
2026091236,u_boost,bonferroni,0.1,,False,0,0,,1082,0,0,0.0,,,,gemini35flash
2026091236,u_boost,fixed_sequence,0.14285714285714285,,False,0,0,,1082,0,0,0.0,,,,gemini35flash
2026091236,u_boost,bonferroni,0.14285714285714285,,False,0,0,,1082,0,0,0.0,,,,gemini35flash
2026091236,u_boost,fixed_sequence,0.2,,False,0,0,,1082,0,0,0.0,,,,gemini35flash
2026091236,u_boost,bonferroni,0.2,,False,0,0,,1082,0,0,0.0,,,,gemini35flash
2026091236,u_boost,fixed_sequence,0.25,0.75,True,158,25,0.23442978932020878,1082,163,25,0.15064695009242143,0.15337423312883436,0.10178200659844504,0.21803070104052014,gemini35flash
2026091236,u_boost,bonferroni,0.25,,False,0,0,,1082,0,0,0.0,,,,gemini35flash
2026091236,rich_logistic,fixed_sequence,0.1,,False,0,0,,1082,0,0,0.0,,,,gemini35flash
2026091236,rich_logistic,bonferroni,0.1,,False,0,0,,1082,0,0,0.0,,,,gemini35flash
2026091236,rich_logistic,fixed_sequence,0.14285714285714285,,False,0,0,,1082,0,0,0.0,,,,gemini35flash
2026091236,rich_logistic,bonferroni,0.14285714285714285,,False,0,0,,1082,0,0,0.0,,,,gemini35flash
2026091236,rich_logistic,fixed_sequence,0.2,,False,0,0,,1082,0,0,0.0,,,,gemini35flash
2026091236,rich_logistic,bonferroni,0.2,,False,0,0,,1082,0,0,0.0,,,,gemini35flash
2026091236,rich_logistic,fixed_sequence,0.25,0.73,True,233,42,0.24384630129078208,1082,230,44,0.21256931608133087,0.19130434782608696,0.14257785726186703,0.24817726781654104,gemini35flash
2026091236,rich_logistic,bonferroni,0.25,,False,0,0,,1082,0,0,0.0,,,,gemini35flash
2026091236,rich_boost,fixed_sequence,0.1,,False,0,0,,1082,0,0,0.0,,,,gemini35flash
2026091236,rich_boost,bonferroni,0.1,,False,0,0,,1082,0,0,0.0,,,,gemini35flash
2026091236,rich_boost,fixed_sequence,0.14285714285714285,,False,0,0,,1082,0,0,0.0,,,,gemini35flash
2026091236,rich_boost,bonferroni,0.14285714285714285,,False,0,0,,1082,0,0,0.0,,,,gemini35flash
2026091236,rich_boost,fixed_sequence,0.2,,False,0,0,,1082,0,0,0.0,,,,gemini35flash
2026091236,rich_boost,bonferroni,0.2,,False,0,0,,1082,0,0,0.0,,,,gemini35flash
2026091236,rich_boost,fixed_sequence,0.25,0.69,True,332,64,0.24616397201618478,1082,349,73,0.32255083179297594,0.20916905444126074,0.16769199595261675,0.25565953934733265,gemini35flash
2026091236,rich_boost,bonferroni,0.25,,False,0,0,,1082,0,0,0.0,,,,gemini35flash
2026091237,raw_u,fixed_sequence,0.1,,False,0,0,,1082,0,0,0.0,,,,gemini35flash
2026091237,raw_u,bonferroni,0.1,,False,0,0,,1082,0,0,0.0,,,,gemini35flash
2026091237,raw_u,fixed_sequence,0.14285714285714285,,False,0,0,,1082,0,0,0.0,,,,gemini35flash
2026091237,raw_u,bonferroni,0.14285714285714285,,False,0,0,,1082,0,0,0.0,,,,gemini35flash
2026091237,raw_u,fixed_sequence,0.2,,False,0,0,,1082,0,0,0.0,,,,gemini35flash
2026091237,raw_u,bonferroni,0.2,,False,0,0,,1082,0,0,0.0,,,,gemini35flash
2026091237,raw_u,fixed_sequence,0.25,0.91,True,156,25,0.23729371095111382,1082,164,25,0.15157116451016636,0.1524390243902439,0.10114512322640952,0.216752796375159,gemini35flash
2026091237,raw_u,bonferroni,0.25,,False,0,0,,1082,0,0,0.0,,,,gemini35flash
2026091237,u_boost,fixed_sequence,0.1,,False,0,0,,1082,0,0,0.0,,,,gemini35flash
2026091237,u_boost,bonferroni,0.1,,False,0,0,,1082,0,0,0.0,,,,gemini35flash
2026091237,u_boost,fixed_sequence,0.14285714285714285,,False,0,0,,1082,0,0,0.0,,,,gemini35flash
2026091237,u_boost,bonferroni,0.14285714285714285,,False,0,0,,1082,0,0,0.0,,,,gemini35flash
2026091237,u_boost,fixed_sequence,0.2,,False,0,0,,1082,0,0,0.0,,,,gemini35flash
2026091237,u_boost,bonferroni,0.2,,False,0,0,,1082,0,0,0.0,,,,gemini35flash
2026091237,u_boost,fixed_sequence,0.25,0.77,True,156,25,0.23729371095111382,1082,164,25,0.15157116451016636,0.1524390243902439,0.10114512322640952,0.216752796375159,gemini35flash
2026091237,u_boost,bonferroni,0.25,,False,0,0,,1082,0,0,0.0,,,,gemini35flash
2026091237,rich_logistic,fixed_sequence,0.1,,False,0,0,,1082,0,0,0.0,,,,gemini35flash
2026091237,rich_logistic,bonferroni,0.1,,False,0,0,,1082,0,0,0.0,,,,gemini35flash
2026091237,rich_logistic,fixed_sequence,0.14285714285714285,,False,0,0,,1082,0,0,0.0,,,,gemini35flash
2026091237,rich_logistic,bonferroni,0.14285714285714285,,False,0,0,,1082,0,0,0.0,,,,gemini35flash
2026091237,rich_logistic,fixed_sequence,0.2,,False,0,0,,1082,0,0,0.0,,,,gemini35flash
2026091237,rich_logistic,bonferroni,0.2,,False,0,0,,1082,0,0,0.0,,,,gemini35flash
2026091237,rich_logistic,fixed_sequence,0.25,0.76,True,201,36,0.24801798504365924,1082,225,38,0.20794824399260628,0.1688888888888889,0.12237393275505526,0.22436236684429045,gemini35flash
2026091237,rich_logistic,bonferroni,0.25,,False,0,0,,1082,0,0,0.0,,,,gemini35flash
2026091237,rich_boost,fixed_sequence,0.1,,False,0,0,,1082,0,0,0.0,,,,gemini35flash
2026091237,rich_boost,bonferroni,0.1,,False,0,0,,1082,0,0,0.0,,,,gemini35flash
2026091237,rich_boost,fixed_sequence,0.14285714285714285,,False,0,0,,1082,0,0,0.0,,,,gemini35flash
2026091237,rich_boost,bonferroni,0.14285714285714285,,False,0,0,,1082,0,0,0.0,,,,gemini35flash
2026091237,rich_boost,fixed_sequence,0.2,,False,0,0,,1082,0,0,0.0,,,,gemini35flash
2026091237,rich_boost,bonferroni,0.2,,False,0,0,,1082,0,0,0.0,,,,gemini35flash
2026091237,rich_boost,fixed_sequence,0.25,,False,0,0,,1082,0,0,0.0,,,,gemini35flash
2026091237,rich_boost,bonferroni,0.25,,False,0,0,,1082,0,0,0.0,,,,gemini35flash
2026091238,raw_u,fixed_sequence,0.1,,False,0,0,,1082,0,0,0.0,,,,gemini35flash
2026091238,raw_u,bonferroni,0.1,,False,0,0,,1082,0,0,0.0,,,,gemini35flash
2026091238,raw_u,fixed_sequence,0.14285714285714285,,False,0,0,,1082,0,0,0.0,,,,gemini35flash
2026091238,raw_u,bonferroni,0.14285714285714285,,False,0,0,,1082,0,0,0.0,,,,gemini35flash
2026091238,raw_u,fixed_sequence,0.2,,False,0,0,,1082,0,0,0.0,,,,gemini35flash
2026091238,raw_u,bonferroni,0.2,,False,0,0,,1082,0,0,0.0,,,,gemini35flash
2026091238,raw_u,fixed_sequence,0.25,,False,0,0,,1082,0,0,0.0,,,,gemini35flash
2026091238,raw_u,bonferroni,0.25,,False,0,0,,1082,0,0,0.0,,,,gemini35flash
2026091238,u_boost,fixed_sequence,0.1,,False,0,0,,1082,0,0,0.0,,,,gemini35flash
2026091238,u_boost,bonferroni,0.1,,False,0,0,,1082,0,0,0.0,,,,gemini35flash
2026091238,u_boost,fixed_sequence,0.14285714285714285,,False,0,0,,1082,0,0,0.0,,,,gemini35flash
2026091238,u_boost,bonferroni,0.14285714285714285,,False,0,0,,1082,0,0,0.0,,,,gemini35flash
2026091238,u_boost,fixed_sequence,0.2,,False,0,0,,1082,0,0,0.0,,,,gemini35flash
2026091238,u_boost,bonferroni,0.2,,False,0,0,,1082,0,0,0.0,,,,gemini35flash
2026091238,u_boost,fixed_sequence,0.25,,False,0,0,,1082,0,0,0.0,,,,gemini35flash
2026091238,u_boost,bonferroni,0.25,,False,0,0,,1082,0,0,0.0,,,,gemini35flash
2026091238,rich_logistic,fixed_sequence,0.1,,False,0,0,,1082,0,0,0.0,,,,gemini35flash
2026091238,rich_logistic,bonferroni,0.1,,False,0,0,,1082,0,0,0.0,,,,gemini35flash
2026091238,rich_logistic,fixed_sequence,0.14285714285714285,,False,0,0,,1082,0,0,0.0,,,,gemini35flash
2026091238,rich_logistic,bonferroni,0.14285714285714285,,False,0,0,,1082,0,0,0.0,,,,gemini35flash
2026091238,rich_logistic,fixed_sequence,0.2,,False,0,0,,1082,0,0,0.0,,,,gemini35flash
2026091238,rich_logistic,bonferroni,0.2,,False,0,0,,1082,0,0,0.0,,,,gemini35flash
2026091238,rich_logistic,fixed_sequence,0.25,,False,0,0,,1082,0,0,0.0,,,,gemini35flash
2026091238,rich_logistic,bonferroni,0.25,,False,0,0,,1082,0,0,0.0,,,,gemini35flash
2026091238,rich_boost,fixed_sequence,0.1,,False,0,0,,1082,0,0,0.0,,,,gemini35flash
2026091238,rich_boost,bonferroni,0.1,,False,0,0,,1082,0,0,0.0,,,,gemini35flash
2026091238,rich_boost,fixed_sequence,0.14285714285714285,,False,0,0,,1082,0,0,0.0,,,,gemini35flash
2026091238,rich_boost,bonferroni,0.14285714285714285,,False,0,0,,1082,0,0,0.0,,,,gemini35flash
2026091238,rich_boost,fixed_sequence,0.2,,False,0,0,,1082,0,0,0.0,,,,gemini35flash
2026091238,rich_boost,bonferroni,0.2,,False,0,0,,1082,0,0,0.0,,,,gemini35flash
2026091238,rich_boost,fixed_sequence,0.25,,False,0,0,,1082,0,0,0.0,,,,gemini35flash
2026091238,rich_boost,bonferroni,0.25,,False,0,0,,1082,0,0,0.0,,,,gemini35flash
2026091239,raw_u,fixed_sequence,0.1,,False,0,0,,1082,0,0,0.0,,,,gemini35flash
2026091239,raw_u,bonferroni,0.1,,False,0,0,,1082,0,0,0.0,,,,gemini35flash
2026091239,raw_u,fixed_sequence,0.14285714285714285,,False,0,0,,1082,0,0,0.0,,,,gemini35flash
2026091239,raw_u,bonferroni,0.14285714285714285,,False,0,0,,1082,0,0,0.0,,,,gemini35flash
2026091239,raw_u,fixed_sequence,0.2,,False,0,0,,1082,0,0,0.0,,,,gemini35flash
2026091239,raw_u,bonferroni,0.2,,False,0,0,,1082,0,0,0.0,,,,gemini35flash
2026091239,raw_u,fixed_sequence,0.25,,False,0,0,,1082,0,0,0.0,,,,gemini35flash
2026091239,raw_u,bonferroni,0.25,,False,0,0,,1082,0,0,0.0,,,,gemini35flash
2026091239,u_boost,fixed_sequence,0.1,,False,0,0,,1082,0,0,0.0,,,,gemini35flash
2026091239,u_boost,bonferroni,0.1,,False,0,0,,1082,0,0,0.0,,,,gemini35flash
2026091239,u_boost,fixed_sequence,0.14285714285714285,,False,0,0,,1082,0,0,0.0,,,,gemini35flash
2026091239,u_boost,bonferroni,0.14285714285714285,,False,0,0,,1082,0,0,0.0,,,,gemini35flash
2026091239,u_boost,fixed_sequence,0.2,,False,0,0,,1082,0,0,0.0,,,,gemini35flash
2026091239,u_boost,bonferroni,0.2,,False,0,0,,1082,0,0,0.0,,,,gemini35flash
2026091239,u_boost,fixed_sequence,0.25,,False,0,0,,1082,0,0,0.0,,,,gemini35flash
2026091239,u_boost,bonferroni,0.25,,False,0,0,,1082,0,0,0.0,,,,gemini35flash
2026091239,rich_logistic,fixed_sequence,0.1,,False,0,0,,1082,0,0,0.0,,,,gemini35flash
2026091239,rich_logistic,bonferroni,0.1,,False,0,0,,1082,0,0,0.0,,,,gemini35flash
2026091239,rich_logistic,fixed_sequence,0.14285714285714285,,False,0,0,,1082,0,0,0.0,,,,gemini35flash
2026091239,rich_logistic,bonferroni,0.14285714285714285,,False,0,0,,1082,0,0,0.0,,,,gemini35flash
2026091239,rich_logistic,fixed_sequence,0.2,,False,0,0,,1082,0,0,0.0,,,,gemini35flash
2026091239,rich_logistic,bonferroni,0.2,,False,0,0,,1082,0,0,0.0,,,,gemini35flash
2026091239,rich_logistic,fixed_sequence,0.25,0.76,True,199,34,0.23921802931779285,1082,198,37,0.18299445471349354,0.18686868686868688,0.13511753308593052,0.24825126891778107,gemini35flash
2026091239,rich_logistic,bonferroni,0.25,,False,0,0,,1082,0,0,0.0,,,,gemini35flash
2026091239,rich_boost,fixed_sequence,0.1,,False,0,0,,1082,0,0,0.0,,,,gemini35flash
2026091239,rich_boost,bonferroni,0.1,,False,0,0,,1082,0,0,0.0,,,,gemini35flash
2026091239,rich_boost,fixed_sequence,0.14285714285714285,,False,0,0,,1082,0,0,0.0,,,,gemini35flash
2026091239,rich_boost,bonferroni,0.14285714285714285,,False,0,0,,1082,0,0,0.0,,,,gemini35flash
2026091239,rich_boost,fixed_sequence,0.2,,False,0,0,,1082,0,0,0.0,,,,gemini35flash
2026091239,rich_boost,bonferroni,0.2,,False,0,0,,1082,0,0,0.0,,,,gemini35flash
2026091239,rich_boost,fixed_sequence,0.25,0.73,True,208,37,0.24536019809155005,1082,215,38,0.1987060998151571,0.17674418604651163,0.1282146127678142,0.234426109764552,gemini35flash
2026091239,rich_boost,bonferroni,0.25,,False,0,0,,1082,0,0,0.0,,,,gemini35flash
2026091240,raw_u,fixed_sequence,0.1,,False,0,0,,1082,0,0,0.0,,,,gemini35flash
2026091240,raw_u,bonferroni,0.1,,False,0,0,,1082,0,0,0.0,,,,gemini35flash
2026091240,raw_u,fixed_sequence,0.14285714285714285,,False,0,0,,1082,0,0,0.0,,,,gemini35flash
2026091240,raw_u,bonferroni,0.14285714285714285,,False,0,0,,1082,0,0,0.0,,,,gemini35flash
2026091240,raw_u,fixed_sequence,0.2,,False,0,0,,1082,0,0,0.0,,,,gemini35flash
2026091240,raw_u,bonferroni,0.2,,False,0,0,,1082,0,0,0.0,,,,gemini35flash
2026091240,raw_u,fixed_sequence,0.25,0.91,True,161,27,0.24434414339142407,1082,160,21,0.1478743068391867,0.13125,0.08311646553587873,0.19360815576416976,gemini35flash
2026091240,raw_u,bonferroni,0.25,,False,0,0,,1082,0,0,0.0,,,,gemini35flash
2026091240,u_boost,fixed_sequence,0.1,,False,0,0,,1082,0,0,0.0,,,,gemini35flash
2026091240,u_boost,bonferroni,0.1,,False,0,0,,1082,0,0,0.0,,,,gemini35flash
2026091240,u_boost,fixed_sequence,0.14285714285714285,,False,0,0,,1082,0,0,0.0,,,,gemini35flash
2026091240,u_boost,bonferroni,0.14285714285714285,,False,0,0,,1082,0,0,0.0,,,,gemini35flash
2026091240,u_boost,fixed_sequence,0.2,,False,0,0,,1082,0,0,0.0,,,,gemini35flash
2026091240,u_boost,bonferroni,0.2,,False,0,0,,1082,0,0,0.0,,,,gemini35flash
2026091240,u_boost,fixed_sequence,0.25,0.74,True,284,53,0.24421277204711486,1082,278,56,0.25693160813308685,0.2014388489208633,0.1559014555832098,0.2534661953092426,gemini35flash
2026091240,u_boost,bonferroni,0.25,,False,0,0,,1082,0,0,0.0,,,,gemini35flash
2026091240,rich_logistic,fixed_sequence,0.1,,False,0,0,,1082,0,0,0.0,,,,gemini35flash
2026091240,rich_logistic,bonferroni,0.1,,False,0,0,,1082,0,0,0.0,,,,gemini35flash
2026091240,rich_logistic,fixed_sequence,0.14285714285714285,,False,0,0,,1082,0,0,0.0,,,,gemini35flash
2026091240,rich_logistic,bonferroni,0.14285714285714285,,False,0,0,,1082,0,0,0.0,,,,gemini35flash
2026091240,rich_logistic,fixed_sequence,0.2,,False,0,0,,1082,0,0,0.0,,,,gemini35flash
2026091240,rich_logistic,bonferroni,0.2,,False,0,0,,1082,0,0,0.0,,,,gemini35flash
2026091240,rich_logistic,fixed_sequence,0.25,0.73,True,219,37,0.2335276941233786,1082,228,38,0.21072088724584104,0.16666666666666666,0.12072419956548204,0.22150923704956477,gemini35flash
2026091240,rich_logistic,bonferroni,0.25,,False,0,0,,1082,0,0,0.0,,,,gemini35flash
2026091240,rich_boost,fixed_sequence,0.1,,False,0,0,,1082,0,0,0.0,,,,gemini35flash
2026091240,rich_boost,bonferroni,0.1,,False,0,0,,1082,0,0,0.0,,,,gemini35flash
2026091240,rich_boost,fixed_sequence,0.14285714285714285,,False,0,0,,1082,0,0,0.0,,,,gemini35flash
2026091240,rich_boost,bonferroni,0.14285714285714285,,False,0,0,,1082,0,0,0.0,,,,gemini35flash
2026091240,rich_boost,fixed_sequence,0.2,,False,0,0,,1082,0,0,0.0,,,,gemini35flash
2026091240,rich_boost,bonferroni,0.2,,False,0,0,,1082,0,0,0.0,,,,gemini35flash
2026091240,rich_boost,fixed_sequence,0.25,0.78,True,188,31,0.2347557284405981,1082,190,27,0.1756007393715342,0.14210526315789473,0.09578312874172937,0.1999819884983972,gemini35flash
2026091240,rich_boost,bonferroni,0.25,,False,0,0,,1082,0,0,0.0,,,,gemini35flash
2026091241,raw_u,fixed_sequence,0.1,,False,0,0,,1082,0,0,0.0,,,,gemini35flash
2026091241,raw_u,bonferroni,0.1,,False,0,0,,1082,0,0,0.0,,,,gemini35flash
2026091241,raw_u,fixed_sequence,0.14285714285714285,,False,0,0,,1082,0,0,0.0,,,,gemini35flash
2026091241,raw_u,bonferroni,0.14285714285714285,,False,0,0,,1082,0,0,0.0,,,,gemini35flash
2026091241,raw_u,fixed_sequence,0.2,,False,0,0,,1082,0,0,0.0,,,,gemini35flash
2026091241,raw_u,bonferroni,0.2,,False,0,0,,1082,0,0,0.0,,,,gemini35flash
2026091241,raw_u,fixed_sequence,0.25,0.8571428571428571,True,193,30,0.22308603465110846,1082,197,47,0.18207024029574861,0.23857868020304568,0.18087413420746354,0.3043280908523506,gemini35flash
2026091241,raw_u,bonferroni,0.25,,False,0,0,,1082,0,0,0.0,,,,gemini35flash
2026091241,u_boost,fixed_sequence,0.1,,False,0,0,,1082,0,0,0.0,,,,gemini35flash
2026091241,u_boost,bonferroni,0.1,,False,0,0,,1082,0,0,0.0,,,,gemini35flash
2026091241,u_boost,fixed_sequence,0.14285714285714285,,False,0,0,,1082,0,0,0.0,,,,gemini35flash
2026091241,u_boost,bonferroni,0.14285714285714285,,False,0,0,,1082,0,0,0.0,,,,gemini35flash
2026091241,u_boost,fixed_sequence,0.2,,False,0,0,,1082,0,0,0.0,,,,gemini35flash
2026091241,u_boost,bonferroni,0.2,,False,0,0,,1082,0,0,0.0,,,,gemini35flash
2026091241,u_boost,fixed_sequence,0.25,0.77,True,193,30,0.22308603465110846,1082,197,47,0.18207024029574861,0.23857868020304568,0.18087413420746354,0.3043280908523506,gemini35flash
2026091241,u_boost,bonferroni,0.25,,False,0,0,,1082,0,0,0.0,,,,gemini35flash
2026091241,rich_logistic,fixed_sequence,0.1,,False,0,0,,1082,0,0,0.0,,,,gemini35flash
2026091241,rich_logistic,bonferroni,0.1,,False,0,0,,1082,0,0,0.0,,,,gemini35flash
2026091241,rich_logistic,fixed_sequence,0.14285714285714285,,False,0,0,,1082,0,0,0.0,,,,gemini35flash
2026091241,rich_logistic,bonferroni,0.14285714285714285,,False,0,0,,1082,0,0,0.0,,,,gemini35flash
2026091241,rich_logistic,fixed_sequence,0.2,,False,0,0,,1082,0,0,0.0,,,,gemini35flash
2026091241,rich_logistic,bonferroni,0.2,,False,0,0,,1082,0,0,0.0,,,,gemini35flash
2026091241,rich_logistic,fixed_sequence,0.25,0.72,True,303,55,0.2366380528167813,1082,308,72,0.2846580406654344,0.23376623376623376,0.18763989047561488,0.28509490998089965,gemini35flash
2026091241,rich_logistic,bonferroni,0.25,0.74,True,229,34,0.23937535536473908,1082,228,45,0.21072088724584104,0.19736842105263158,0.14775609911576823,0.25503372599330737,gemini35flash
2026091241,rich_boost,fixed_sequence,0.1,,False,0,0,,1082,0,0,0.0,,,,gemini35flash
2026091241,rich_boost,bonferroni,0.1,,False,0,0,,1082,0,0,0.0,,,,gemini35flash
2026091241,rich_boost,fixed_sequence,0.14285714285714285,,False,0,0,,1082,0,0,0.0,,,,gemini35flash
2026091241,rich_boost,bonferroni,0.14285714285714285,,False,0,0,,1082,0,0,0.0,,,,gemini35flash
2026091241,rich_boost,fixed_sequence,0.2,,False,0,0,,1082,0,0,0.0,,,,gemini35flash
2026091241,rich_boost,bonferroni,0.2,,False,0,0,,1082,0,0,0.0,,,,gemini35flash
2026091241,rich_boost,fixed_sequence,0.25,0.67,True,345,67,0.24660746163171593,1082,351,84,0.3243992606284658,0.23931623931623933,0.19562030300694347,0.2874713990102044,gemini35flash
2026091241,rich_boost,bonferroni,0.25,0.77,True,199,30,0.2496765578080394,1082,202,49,0.1866913123844732,0.24257425742574257,0.18516896060301574,0.3076997591444953,gemini35flash
2026091242,raw_u,fixed_sequence,0.1,,False,0,0,,1082,0,0,0.0,,,,gemini35flash
2026091242,raw_u,bonferroni,0.1,,False,0,0,,1082,0,0,0.0,,,,gemini35flash
2026091242,raw_u,fixed_sequence,0.14285714285714285,,False,0,0,,1082,0,0,0.0,,,,gemini35flash
2026091242,raw_u,bonferroni,0.14285714285714285,,False,0,0,,1082,0,0,0.0,,,,gemini35flash
2026091242,raw_u,fixed_sequence,0.2,,False,0,0,,1082,0,0,0.0,,,,gemini35flash
2026091242,raw_u,bonferroni,0.2,,False,0,0,,1082,0,0,0.0,,,,gemini35flash
2026091242,raw_u,fixed_sequence,0.25,0.81,True,317,56,0.22998081011656926,1082,298,68,0.2754158964879852,0.22818791946308725,0.18177566327719757,0.2800946400829356,gemini35flash
2026091242,raw_u,bonferroni,0.25,,False,0,0,,1082,0,0,0.0,,,,gemini35flash
2026091242,u_boost,fixed_sequence,0.1,,False,0,0,,1082,0,0,0.0,,,,gemini35flash
2026091242,u_boost,bonferroni,0.1,,False,0,0,,1082,0,0,0.0,,,,gemini35flash
2026091242,u_boost,fixed_sequence,0.14285714285714285,,False,0,0,,1082,0,0,0.0,,,,gemini35flash
2026091242,u_boost,bonferroni,0.14285714285714285,,False,0,0,,1082,0,0,0.0,,,,gemini35flash
2026091242,u_boost,fixed_sequence,0.2,,False,0,0,,1082,0,0,0.0,,,,gemini35flash
2026091242,u_boost,bonferroni,0.2,,False,0,0,,1082,0,0,0.0,,,,gemini35flash
2026091242,u_boost,fixed_sequence,0.25,0.66,True,353,68,0.24426374988358326,1082,333,75,0.3077634011090573,0.22522522522522523,0.18147666020265368,0.2739363776500104,gemini35flash
2026091242,u_boost,bonferroni,0.25,,False,0,0,,1082,0,0,0.0,,,,gemini35flash
2026091242,rich_logistic,fixed_sequence,0.1,,False,0,0,,1082,0,0,0.0,,,,gemini35flash
2026091242,rich_logistic,bonferroni,0.1,,False,0,0,,1082,0,0,0.0,,,,gemini35flash
2026091242,rich_logistic,fixed_sequence,0.14285714285714285,,False,0,0,,1082,0,0,0.0,,,,gemini35flash
2026091242,rich_logistic,bonferroni,0.14285714285714285,,False,0,0,,1082,0,0,0.0,,,,gemini35flash
2026091242,rich_logistic,fixed_sequence,0.2,,False,0,0,,1082,0,0,0.0,,,,gemini35flash
2026091242,rich_logistic,bonferroni,0.2,,False,0,0,,1082,0,0,0.0,,,,gemini35flash
2026091242,rich_logistic,fixed_sequence,0.25,0.71,True,334,61,0.23498795205214706,1082,296,62,0.2735674676524954,0.20945945945945946,0.1645281461297859,0.26031204164448934,gemini35flash
2026091242,rich_logistic,bonferroni,0.25,0.74,True,226,34,0.24237495404796888,1082,211,41,0.19500924214417745,0.1943127962085308,0.14319868999641353,0.25423213860434685,gemini35flash
2026091242,rich_boost,fixed_sequence,0.1,,False,0,0,,1082,0,0,0.0,,,,gemini35flash
2026091242,rich_boost,bonferroni,0.1,,False,0,0,,1082,0,0,0.0,,,,gemini35flash
2026091242,rich_boost,fixed_sequence,0.14285714285714285,,False,0,0,,1082,0,0,0.0,,,,gemini35flash
2026091242,rich_boost,bonferroni,0.14285714285714285,,False,0,0,,1082,0,0,0.0,,,,gemini35flash
2026091242,rich_boost,fixed_sequence,0.2,,False,0,0,,1082,0,0,0.0,,,,gemini35flash
2026091242,rich_boost,bonferroni,0.2,,False,0,0,,1082,0,0,0.0,,,,gemini35flash
2026091242,rich_boost,fixed_sequence,0.25,0.69,True,333,63,0.2421944342517759,1082,312,66,0.28835489833641403,0.21153846153846154,0.1675487811797611,0.26109973520785135,gemini35flash
2026091242,rich_boost,bonferroni,0.25,0.72,True,231,35,0.24249158980154828,1082,220,43,0.2033271719038817,0.19545454545454546,0.14521116338401857,0.2541037443719043,gemini35flash
2026091243,raw_u,fixed_sequence,0.1,,False,0,0,,1082,0,0,0.0,,,,gemini35flash
2026091243,raw_u,bonferroni,0.1,,False,0,0,,1082,0,0,0.0,,,,gemini35flash
2026091243,raw_u,fixed_sequence,0.14285714285714285,,False,0,0,,1082,0,0,0.0,,,,gemini35flash
2026091243,raw_u,bonferroni,0.14285714285714285,,False,0,0,,1082,0,0,0.0,,,,gemini35flash
2026091243,raw_u,fixed_sequence,0.2,,False,0,0,,1082,0,0,0.0,,,,gemini35flash
2026091243,raw_u,bonferroni,0.2,,False,0,0,,1082,0,0,0.0,,,,gemini35flash
2026091243,raw_u,fixed_sequence,0.25,0.91,True,158,25,0.23442978932020878,1082,170,30,0.15711645101663585,0.17647058823529413,0.12234466043283675,0.2422375162326456,gemini35flash
2026091243,raw_u,bonferroni,0.25,,False,0,0,,1082,0,0,0.0,,,,gemini35flash
2026091243,u_boost,fixed_sequence,0.1,,False,0,0,,1082,0,0,0.0,,,,gemini35flash
2026091243,u_boost,bonferroni,0.1,,False,0,0,,1082,0,0,0.0,,,,gemini35flash
2026091243,u_boost,fixed_sequence,0.14285714285714285,,False,0,0,,1082,0,0,0.0,,,,gemini35flash
2026091243,u_boost,bonferroni,0.14285714285714285,,False,0,0,,1082,0,0,0.0,,,,gemini35flash
2026091243,u_boost,fixed_sequence,0.2,,False,0,0,,1082,0,0,0.0,,,,gemini35flash
2026091243,u_boost,bonferroni,0.2,,False,0,0,,1082,0,0,0.0,,,,gemini35flash
2026091243,u_boost,fixed_sequence,0.25,0.79,True,158,25,0.23442978932020878,1082,170,30,0.15711645101663585,0.17647058823529413,0.12234466043283675,0.2422375162326456,gemini35flash
2026091243,u_boost,bonferroni,0.25,,False,0,0,,1082,0,0,0.0,,,,gemini35flash
2026091243,rich_logistic,fixed_sequence,0.1,,False,0,0,,1082,0,0,0.0,,,,gemini35flash
2026091243,rich_logistic,bonferroni,0.1,,False,0,0,,1082,0,0,0.0,,,,gemini35flash
2026091243,rich_logistic,fixed_sequence,0.14285714285714285,,False,0,0,,1082,0,0,0.0,,,,gemini35flash
2026091243,rich_logistic,bonferroni,0.14285714285714285,,False,0,0,,1082,0,0,0.0,,,,gemini35flash
2026091243,rich_logistic,fixed_sequence,0.2,,False,0,0,,1082,0,0,0.0,,,,gemini35flash
2026091243,rich_logistic,bonferroni,0.2,,False,0,0,,1082,0,0,0.0,,,,gemini35flash
2026091243,rich_logistic,fixed_sequence,0.25,,False,0,0,,1082,0,0,0.0,,,,gemini35flash
2026091243,rich_logistic,bonferroni,0.25,,False,0,0,,1082,0,0,0.0,,,,gemini35flash
2026091243,rich_boost,fixed_sequence,0.1,,False,0,0,,1082,0,0,0.0,,,,gemini35flash
2026091243,rich_boost,bonferroni,0.1,,False,0,0,,1082,0,0,0.0,,,,gemini35flash
2026091243,rich_boost,fixed_sequence,0.14285714285714285,,False,0,0,,1082,0,0,0.0,,,,gemini35flash
2026091243,rich_boost,bonferroni,0.14285714285714285,,False,0,0,,1082,0,0,0.0,,,,gemini35flash
2026091243,rich_boost,fixed_sequence,0.2,,False,0,0,,1082,0,0,0.0,,,,gemini35flash
2026091243,rich_boost,bonferroni,0.2,,False,0,0,,1082,0,0,0.0,,,,gemini35flash
2026091243,rich_boost,fixed_sequence,0.25,0.81,True,174,30,0.2463358685688363,1082,188,34,0.17375231053604437,0.18085106382978725,0.1286156358903018,0.2434431579425179,gemini35flash
2026091243,rich_boost,bonferroni,0.25,,False,0,0,,1082,0,0,0.0,,,,gemini35flash
2026091244,raw_u,fixed_sequence,0.1,,False,0,0,,1082,0,0,0.0,,,,gemini35flash
2026091244,raw_u,bonferroni,0.1,,False,0,0,,1082,0,0,0.0,,,,gemini35flash
2026091244,raw_u,fixed_sequence,0.14285714285714285,,False,0,0,,1082,0,0,0.0,,,,gemini35flash
2026091244,raw_u,bonferroni,0.14285714285714285,,False,0,0,,1082,0,0,0.0,,,,gemini35flash
2026091244,raw_u,fixed_sequence,0.2,,False,0,0,,1082,0,0,0.0,,,,gemini35flash
2026091244,raw_u,bonferroni,0.2,,False,0,0,,1082,0,0,0.0,,,,gemini35flash
2026091244,raw_u,fixed_sequence,0.25,,False,0,0,,1082,0,0,0.0,,,,gemini35flash
2026091244,raw_u,bonferroni,0.25,,False,0,0,,1082,0,0,0.0,,,,gemini35flash
2026091244,u_boost,fixed_sequence,0.1,,False,0,0,,1082,0,0,0.0,,,,gemini35flash
2026091244,u_boost,bonferroni,0.1,,False,0,0,,1082,0,0,0.0,,,,gemini35flash
2026091244,u_boost,fixed_sequence,0.14285714285714285,,False,0,0,,1082,0,0,0.0,,,,gemini35flash
2026091244,u_boost,bonferroni,0.14285714285714285,,False,0,0,,1082,0,0,0.0,,,,gemini35flash
2026091244,u_boost,fixed_sequence,0.2,,False,0,0,,1082,0,0,0.0,,,,gemini35flash
2026091244,u_boost,bonferroni,0.2,,False,0,0,,1082,0,0,0.0,,,,gemini35flash
2026091244,u_boost,fixed_sequence,0.25,,False,0,0,,1082,0,0,0.0,,,,gemini35flash
2026091244,u_boost,bonferroni,0.25,,False,0,0,,1082,0,0,0.0,,,,gemini35flash
2026091244,rich_logistic,fixed_sequence,0.1,,False,0,0,,1082,0,0,0.0,,,,gemini35flash
2026091244,rich_logistic,bonferroni,0.1,,False,0,0,,1082,0,0,0.0,,,,gemini35flash
2026091244,rich_logistic,fixed_sequence,0.14285714285714285,,False,0,0,,1082,0,0,0.0,,,,gemini35flash
2026091244,rich_logistic,bonferroni,0.14285714285714285,,False,0,0,,1082,0,0,0.0,,,,gemini35flash
2026091244,rich_logistic,fixed_sequence,0.2,,False,0,0,,1082,0,0,0.0,,,,gemini35flash
2026091244,rich_logistic,bonferroni,0.2,,False,0,0,,1082,0,0,0.0,,,,gemini35flash
2026091244,rich_logistic,fixed_sequence,0.25,,False,0,0,,1082,0,0,0.0,,,,gemini35flash
2026091244,rich_logistic,bonferroni,0.25,,False,0,0,,1082,0,0,0.0,,,,gemini35flash
2026091244,rich_boost,fixed_sequence,0.1,,False,0,0,,1082,0,0,0.0,,,,gemini35flash
2026091244,rich_boost,bonferroni,0.1,,False,0,0,,1082,0,0,0.0,,,,gemini35flash
2026091244,rich_boost,fixed_sequence,0.14285714285714285,,False,0,0,,1082,0,0,0.0,,,,gemini35flash
2026091244,rich_boost,bonferroni,0.14285714285714285,,False,0,0,,1082,0,0,0.0,,,,gemini35flash
2026091244,rich_boost,fixed_sequence,0.2,,False,0,0,,1082,0,0,0.0,,,,gemini35flash
2026091244,rich_boost,bonferroni,0.2,,False,0,0,,1082,0,0,0.0,,,,gemini35flash
2026091244,rich_boost,fixed_sequence,0.25,,False,0,0,,1082,0,0,0.0,,,,gemini35flash
2026091244,rich_boost,bonferroni,0.25,,False,0,0,,1082,0,0,0.0,,,,gemini35flash
2026091245,raw_u,fixed_sequence,0.1,,False,0,0,,1082,0,0,0.0,,,,gemini35flash
2026091245,raw_u,bonferroni,0.1,,False,0,0,,1082,0,0,0.0,,,,gemini35flash
2026091245,raw_u,fixed_sequence,0.14285714285714285,,False,0,0,,1082,0,0,0.0,,,,gemini35flash
2026091245,raw_u,bonferroni,0.14285714285714285,,False,0,0,,1082,0,0,0.0,,,,gemini35flash
2026091245,raw_u,fixed_sequence,0.2,,False,0,0,,1082,0,0,0.0,,,,gemini35flash
2026091245,raw_u,bonferroni,0.2,,False,0,0,,1082,0,0,0.0,,,,gemini35flash
2026091245,raw_u,fixed_sequence,0.25,0.8571428571428571,True,167,28,0.24272762658243502,1082,214,35,0.1977818853974122,0.16355140186915887,0.11664140327752112,0.22004868530822894,gemini35flash
2026091245,raw_u,bonferroni,0.25,,False,0,0,,1082,0,0,0.0,,,,gemini35flash
2026091245,u_boost,fixed_sequence,0.1,,False,0,0,,1082,0,0,0.0,,,,gemini35flash
2026091245,u_boost,bonferroni,0.1,,False,0,0,,1082,0,0,0.0,,,,gemini35flash
2026091245,u_boost,fixed_sequence,0.14285714285714285,,False,0,0,,1082,0,0,0.0,,,,gemini35flash
2026091245,u_boost,bonferroni,0.14285714285714285,,False,0,0,,1082,0,0,0.0,,,,gemini35flash
2026091245,u_boost,fixed_sequence,0.2,,False,0,0,,1082,0,0,0.0,,,,gemini35flash
2026091245,u_boost,bonferroni,0.2,,False,0,0,,1082,0,0,0.0,,,,gemini35flash
2026091245,u_boost,fixed_sequence,0.25,0.76,True,144,22,0.2323514729851829,1082,177,26,0.16358595194085027,0.14689265536723164,0.09825360520296568,0.20777836075501718,gemini35flash
2026091245,u_boost,bonferroni,0.25,,False,0,0,,1082,0,0,0.0,,,,gemini35flash
2026091245,rich_logistic,fixed_sequence,0.1,,False,0,0,,1082,0,0,0.0,,,,gemini35flash
2026091245,rich_logistic,bonferroni,0.1,,False,0,0,,1082,0,0,0.0,,,,gemini35flash
2026091245,rich_logistic,fixed_sequence,0.14285714285714285,,False,0,0,,1082,0,0,0.0,,,,gemini35flash
2026091245,rich_logistic,bonferroni,0.14285714285714285,,False,0,0,,1082,0,0,0.0,,,,gemini35flash
2026091245,rich_logistic,fixed_sequence,0.2,,False,0,0,,1082,0,0,0.0,,,,gemini35flash
2026091245,rich_logistic,bonferroni,0.2,,False,0,0,,1082,0,0,0.0,,,,gemini35flash
2026091245,rich_logistic,fixed_sequence,0.25,0.72,True,310,60,0.24904199606932167,1082,322,73,0.2975970425138632,0.2267080745341615,0.18212249903095687,0.27640033440866024,gemini35flash
2026091245,rich_logistic,bonferroni,0.25,,False,0,0,,1082,0,0,0.0,,,,gemini35flash
2026091245,rich_boost,fixed_sequence,0.1,,False,0,0,,1082,0,0,0.0,,,,gemini35flash
2026091245,rich_boost,bonferroni,0.1,,False,0,0,,1082,0,0,0.0,,,,gemini35flash
2026091245,rich_boost,fixed_sequence,0.14285714285714285,,False,0,0,,1082,0,0,0.0,,,,gemini35flash
2026091245,rich_boost,bonferroni,0.14285714285714285,,False,0,0,,1082,0,0,0.0,,,,gemini35flash
2026091245,rich_boost,fixed_sequence,0.2,,False,0,0,,1082,0,0,0.0,,,,gemini35flash
2026091245,rich_boost,bonferroni,0.2,,False,0,0,,1082,0,0,0.0,,,,gemini35flash
2026091245,rich_boost,fixed_sequence,0.25,0.73,True,229,34,0.2090266601743946,1082,234,44,0.21626617375231053,0.18803418803418803,0.1400760848500654,0.24408433710160865,gemini35flash
2026091245,rich_boost,bonferroni,0.25,0.73,True,229,34,0.23937535536473908,1082,234,44,0.21626617375231053,0.18803418803418803,0.1400760848500654,0.24408433710160865,gemini35flash
2026091246,raw_u,fixed_sequence,0.1,,False,0,0,,1082,0,0,0.0,,,,gemini35flash
2026091246,raw_u,bonferroni,0.1,,False,0,0,,1082,0,0,0.0,,,,gemini35flash
2026091246,raw_u,fixed_sequence,0.14285714285714285,,False,0,0,,1082,0,0,0.0,,,,gemini35flash
2026091246,raw_u,bonferroni,0.14285714285714285,,False,0,0,,1082,0,0,0.0,,,,gemini35flash
2026091246,raw_u,fixed_sequence,0.2,,False,0,0,,1082,0,0,0.0,,,,gemini35flash
2026091246,raw_u,bonferroni,0.2,,False,0,0,,1082,0,0,0.0,,,,gemini35flash
2026091246,raw_u,fixed_sequence,0.25,,False,0,0,,1082,0,0,0.0,,,,gemini35flash
2026091246,raw_u,bonferroni,0.25,,False,0,0,,1082,0,0,0.0,,,,gemini35flash
2026091246,u_boost,fixed_sequence,0.1,,False,0,0,,1082,0,0,0.0,,,,gemini35flash
2026091246,u_boost,bonferroni,0.1,,False,0,0,,1082,0,0,0.0,,,,gemini35flash
2026091246,u_boost,fixed_sequence,0.14285714285714285,,False,0,0,,1082,0,0,0.0,,,,gemini35flash
2026091246,u_boost,bonferroni,0.14285714285714285,,False,0,0,,1082,0,0,0.0,,,,gemini35flash
2026091246,u_boost,fixed_sequence,0.2,,False,0,0,,1082,0,0,0.0,,,,gemini35flash
2026091246,u_boost,bonferroni,0.2,,False,0,0,,1082,0,0,0.0,,,,gemini35flash
2026091246,u_boost,fixed_sequence,0.25,,False,0,0,,1082,0,0,0.0,,,,gemini35flash
2026091246,u_boost,bonferroni,0.25,,False,0,0,,1082,0,0,0.0,,,,gemini35flash
2026091246,rich_logistic,fixed_sequence,0.1,,False,0,0,,1082,0,0,0.0,,,,gemini35flash
2026091246,rich_logistic,bonferroni,0.1,,False,0,0,,1082,0,0,0.0,,,,gemini35flash
2026091246,rich_logistic,fixed_sequence,0.14285714285714285,,False,0,0,,1082,0,0,0.0,,,,gemini35flash
2026091246,rich_logistic,bonferroni,0.14285714285714285,,False,0,0,,1082,0,0,0.0,,,,gemini35flash
2026091246,rich_logistic,fixed_sequence,0.2,,False,0,0,,1082,0,0,0.0,,,,gemini35flash
2026091246,rich_logistic,bonferroni,0.2,,False,0,0,,1082,0,0,0.0,,,,gemini35flash
2026091246,rich_logistic,fixed_sequence,0.25,,False,0,0,,1082,0,0,0.0,,,,gemini35flash
2026091246,rich_logistic,bonferroni,0.25,,False,0,0,,1082,0,0,0.0,,,,gemini35flash
2026091246,rich_boost,fixed_sequence,0.1,,False,0,0,,1082,0,0,0.0,,,,gemini35flash
2026091246,rich_boost,bonferroni,0.1,,False,0,0,,1082,0,0,0.0,,,,gemini35flash
2026091246,rich_boost,fixed_sequence,0.14285714285714285,,False,0,0,,1082,0,0,0.0,,,,gemini35flash
2026091246,rich_boost,bonferroni,0.14285714285714285,,False,0,0,,1082,0,0,0.0,,,,gemini35flash
2026091246,rich_boost,fixed_sequence,0.2,,False,0,0,,1082,0,0,0.0,,,,gemini35flash
2026091246,rich_boost,bonferroni,0.2,,False,0,0,,1082,0,0,0.0,,,,gemini35flash
2026091246,rich_boost,fixed_sequence,0.25,,False,0,0,,1082,0,0,0.0,,,,gemini35flash
2026091246,rich_boost,bonferroni,0.25,,False,0,0,,1082,0,0,0.0,,,,gemini35flash
2026091247,raw_u,fixed_sequence,0.1,,False,0,0,,1082,0,0,0.0,,,,gemini35flash
2026091247,raw_u,bonferroni,0.1,,False,0,0,,1082,0,0,0.0,,,,gemini35flash
2026091247,raw_u,fixed_sequence,0.14285714285714285,,False,0,0,,1082,0,0,0.0,,,,gemini35flash
2026091247,raw_u,bonferroni,0.14285714285714285,,False,0,0,,1082,0,0,0.0,,,,gemini35flash
2026091247,raw_u,fixed_sequence,0.2,,False,0,0,,1082,0,0,0.0,,,,gemini35flash
2026091247,raw_u,bonferroni,0.2,,False,0,0,,1082,0,0,0.0,,,,gemini35flash
2026091247,raw_u,fixed_sequence,0.25,,False,0,0,,1082,0,0,0.0,,,,gemini35flash
2026091247,raw_u,bonferroni,0.25,,False,0,0,,1082,0,0,0.0,,,,gemini35flash
2026091247,u_boost,fixed_sequence,0.1,,False,0,0,,1082,0,0,0.0,,,,gemini35flash
2026091247,u_boost,bonferroni,0.1,,False,0,0,,1082,0,0,0.0,,,,gemini35flash
2026091247,u_boost,fixed_sequence,0.14285714285714285,,False,0,0,,1082,0,0,0.0,,,,gemini35flash
2026091247,u_boost,bonferroni,0.14285714285714285,,False,0,0,,1082,0,0,0.0,,,,gemini35flash
2026091247,u_boost,fixed_sequence,0.2,,False,0,0,,1082,0,0,0.0,,,,gemini35flash
2026091247,u_boost,bonferroni,0.2,,False,0,0,,1082,0,0,0.0,,,,gemini35flash
2026091247,u_boost,fixed_sequence,0.25,,False,0,0,,1082,0,0,0.0,,,,gemini35flash
2026091247,u_boost,bonferroni,0.25,,False,0,0,,1082,0,0,0.0,,,,gemini35flash
2026091247,rich_logistic,fixed_sequence,0.1,,False,0,0,,1082,0,0,0.0,,,,gemini35flash
2026091247,rich_logistic,bonferroni,0.1,,False,0,0,,1082,0,0,0.0,,,,gemini35flash
2026091247,rich_logistic,fixed_sequence,0.14285714285714285,,False,0,0,,1082,0,0,0.0,,,,gemini35flash
2026091247,rich_logistic,bonferroni,0.14285714285714285,,False,0,0,,1082,0,0,0.0,,,,gemini35flash
2026091247,rich_logistic,fixed_sequence,0.2,,False,0,0,,1082,0,0,0.0,,,,gemini35flash
2026091247,rich_logistic,bonferroni,0.2,,False,0,0,,1082,0,0,0.0,,,,gemini35flash
2026091247,rich_logistic,fixed_sequence,0.25,0.77,True,195,35,0.24962099447631259,1082,201,30,0.18576709796672827,0.14925373134328357,0.10302205175844725,0.2061631949459787,gemini35flash
2026091247,rich_logistic,bonferroni,0.25,,False,0,0,,1082,0,0,0.0,,,,gemini35flash
2026091247,rich_boost,fixed_sequence,0.1,,False,0,0,,1082,0,0,0.0,,,,gemini35flash
2026091247,rich_boost,bonferroni,0.1,,False,0,0,,1082,0,0,0.0,,,,gemini35flash
2026091247,rich_boost,fixed_sequence,0.14285714285714285,,False,0,0,,1082,0,0,0.0,,,,gemini35flash
2026091247,rich_boost,bonferroni,0.14285714285714285,,False,0,0,,1082,0,0,0.0,,,,gemini35flash
2026091247,rich_boost,fixed_sequence,0.2,,False,0,0,,1082,0,0,0.0,,,,gemini35flash
2026091247,rich_boost,bonferroni,0.2,,False,0,0,,1082,0,0,0.0,,,,gemini35flash
2026091247,rich_boost,fixed_sequence,0.25,,False,0,0,,1082,0,0,0.0,,,,gemini35flash
2026091247,rich_boost,bonferroni,0.25,,False,0,0,,1082,0,0,0.0,,,,gemini35flash
2026091248,raw_u,fixed_sequence,0.1,,False,0,0,,1082,0,0,0.0,,,,gemini35flash
2026091248,raw_u,bonferroni,0.1,,False,0,0,,1082,0,0,0.0,,,,gemini35flash
2026091248,raw_u,fixed_sequence,0.14285714285714285,,False,0,0,,1082,0,0,0.0,,,,gemini35flash
2026091248,raw_u,bonferroni,0.14285714285714285,,False,0,0,,1082,0,0,0.0,,,,gemini35flash
2026091248,raw_u,fixed_sequence,0.2,0.91,True,158,19,0.190541849572596,1082,170,29,0.15711645101663585,0.17058823529411765,0.11732192535833265,0.23571661369229518,gemini35flash
2026091248,raw_u,bonferroni,0.2,,False,0,0,,1082,0,0,0.0,,,,gemini35flash
2026091248,raw_u,fixed_sequence,0.25,0.8571428571428571,True,186,27,0.21284462234682125,1082,194,36,0.17929759704251386,0.18556701030927836,0.13348306597353604,0.24752728814940944,gemini35flash
2026091248,raw_u,bonferroni,0.25,0.8571428571428571,True,186,27,0.24694494062070896,1082,194,36,0.17929759704251386,0.18556701030927836,0.13348306597353604,0.24752728814940944,gemini35flash
2026091248,u_boost,fixed_sequence,0.1,,False,0,0,,1082,0,0,0.0,,,,gemini35flash
2026091248,u_boost,bonferroni,0.1,,False,0,0,,1082,0,0,0.0,,,,gemini35flash
2026091248,u_boost,fixed_sequence,0.14285714285714285,,False,0,0,,1082,0,0,0.0,,,,gemini35flash
2026091248,u_boost,bonferroni,0.14285714285714285,,False,0,0,,1082,0,0,0.0,,,,gemini35flash
2026091248,u_boost,fixed_sequence,0.2,0.74,True,158,19,0.190541849572596,1082,170,29,0.15711645101663585,0.17058823529411765,0.11732192535833265,0.23571661369229518,gemini35flash
2026091248,u_boost,bonferroni,0.2,,False,0,0,,1082,0,0,0.0,,,,gemini35flash
2026091248,u_boost,fixed_sequence,0.25,0.76,True,158,19,0.190541849572596,1082,170,29,0.15711645101663585,0.17058823529411765,0.11732192535833265,0.23571661369229518,gemini35flash
2026091248,u_boost,bonferroni,0.25,0.74,True,158,19,0.22664075324871993,1082,170,29,0.15711645101663585,0.17058823529411765,0.11732192535833265,0.23571661369229518,gemini35flash
2026091248,rich_logistic,fixed_sequence,0.1,,False,0,0,,1082,0,0,0.0,,,,gemini35flash
2026091248,rich_logistic,bonferroni,0.1,,False,0,0,,1082,0,0,0.0,,,,gemini35flash
2026091248,rich_logistic,fixed_sequence,0.14285714285714285,,False,0,0,,1082,0,0,0.0,,,,gemini35flash
2026091248,rich_logistic,bonferroni,0.14285714285714285,,False,0,0,,1082,0,0,0.0,,,,gemini35flash
2026091248,rich_logistic,fixed_sequence,0.2,,False,0,0,,1082,0,0,0.0,,,,gemini35flash
2026091248,rich_logistic,bonferroni,0.2,,False,0,0,,1082,0,0,0.0,,,,gemini35flash
2026091248,rich_logistic,fixed_sequence,0.25,0.7,True,325,61,0.24127693719208737,1082,365,83,0.33733826247689463,0.2273972602739726,0.18539032357914376,0.27388884217241627,gemini35flash
2026091248,rich_logistic,bonferroni,0.25,0.73,True,273,45,0.2496304195922369,1082,304,61,0.2809611829944547,0.20065789473684212,0.15710503963153138,0.2501522927562034,gemini35flash
2026091248,rich_boost,fixed_sequence,0.1,,False,0,0,,1082,0,0,0.0,,,,gemini35flash
2026091248,rich_boost,bonferroni,0.1,,False,0,0,,1082,0,0,0.0,,,,gemini35flash
2026091248,rich_boost,fixed_sequence,0.14285714285714285,,False,0,0,,1082,0,0,0.0,,,,gemini35flash
2026091248,rich_boost,bonferroni,0.14285714285714285,,False,0,0,,1082,0,0,0.0,,,,gemini35flash
2026091248,rich_boost,fixed_sequence,0.2,0.78,True,179,23,0.19517145342124487,1082,183,31,0.16913123844731978,0.16939890710382513,0.11809499074109925,0.23174659613298187,gemini35flash
2026091248,rich_boost,bonferroni,0.2,,False,0,0,,1082,0,0,0.0,,,,gemini35flash
2026091248,rich_boost,fixed_sequence,0.25,0.68,True,315,56,0.2313925091282076,1082,341,73,0.31515711645101663,0.21407624633431085,0.1717232096322943,0.26147390088094263,gemini35flash
2026091248,rich_boost,bonferroni,0.25,0.72,True,274,45,0.24876697942752554,1082,306,63,0.2828096118299446,0.20588235294117646,0.16198609637120645,0.2555752232370139,gemini35flash
2026091249,raw_u,fixed_sequence,0.1,,False,0,0,,1082,0,0,0.0,,,,gemini35flash
2026091249,raw_u,bonferroni,0.1,,False,0,0,,1082,0,0,0.0,,,,gemini35flash
2026091249,raw_u,fixed_sequence,0.14285714285714285,,False,0,0,,1082,0,0,0.0,,,,gemini35flash
2026091249,raw_u,bonferroni,0.14285714285714285,,False,0,0,,1082,0,0,0.0,,,,gemini35flash
2026091249,raw_u,fixed_sequence,0.2,,False,0,0,,1082,0,0,0.0,,,,gemini35flash
2026091249,raw_u,bonferroni,0.2,,False,0,0,,1082,0,0,0.0,,,,gemini35flash
2026091249,raw_u,fixed_sequence,0.25,0.91,True,142,20,0.21922765560407598,1082,169,27,0.15619223659889095,0.15976331360946747,0.10800271713946581,0.22386942554091635,gemini35flash
2026091249,raw_u,bonferroni,0.25,,False,0,0,,1082,0,0,0.0,,,,gemini35flash
2026091249,u_boost,fixed_sequence,0.1,,False,0,0,,1082,0,0,0.0,,,,gemini35flash
2026091249,u_boost,bonferroni,0.1,,False,0,0,,1082,0,0,0.0,,,,gemini35flash
2026091249,u_boost,fixed_sequence,0.14285714285714285,,False,0,0,,1082,0,0,0.0,,,,gemini35flash
2026091249,u_boost,bonferroni,0.14285714285714285,,False,0,0,,1082,0,0,0.0,,,,gemini35flash
2026091249,u_boost,fixed_sequence,0.2,,False,0,0,,1082,0,0,0.0,,,,gemini35flash
2026091249,u_boost,bonferroni,0.2,,False,0,0,,1082,0,0,0.0,,,,gemini35flash
2026091249,u_boost,fixed_sequence,0.25,0.74,True,142,20,0.21922765560407598,1082,169,27,0.15619223659889095,0.15976331360946747,0.10800271713946581,0.22386942554091635,gemini35flash
2026091249,u_boost,bonferroni,0.25,,False,0,0,,1082,0,0,0.0,,,,gemini35flash
2026091249,rich_logistic,fixed_sequence,0.1,,False,0,0,,1082,0,0,0.0,,,,gemini35flash
2026091249,rich_logistic,bonferroni,0.1,,False,0,0,,1082,0,0,0.0,,,,gemini35flash
2026091249,rich_logistic,fixed_sequence,0.14285714285714285,,False,0,0,,1082,0,0,0.0,,,,gemini35flash
2026091249,rich_logistic,bonferroni,0.14285714285714285,,False,0,0,,1082,0,0,0.0,,,,gemini35flash
2026091249,rich_logistic,fixed_sequence,0.2,,False,0,0,,1082,0,0,0.0,,,,gemini35flash
2026091249,rich_logistic,bonferroni,0.2,,False,0,0,,1082,0,0,0.0,,,,gemini35flash
2026091249,rich_logistic,fixed_sequence,0.25,0.73,True,271,49,0.23935440817020057,1082,289,53,0.26709796672828096,0.18339100346020762,0.14049487572963196,0.23291373697531667,gemini35flash
2026091249,rich_logistic,bonferroni,0.25,0.77,True,160,22,0.24697655852215394,1082,184,29,0.17005545286506468,0.15760869565217392,0.10816524193871326,0.21844564760317123,gemini35flash
2026091249,rich_boost,fixed_sequence,0.1,,False,0,0,,1082,0,0,0.0,,,,gemini35flash
2026091249,rich_boost,bonferroni,0.1,,False,0,0,,1082,0,0,0.0,,,,gemini35flash
2026091249,rich_boost,fixed_sequence,0.14285714285714285,,False,0,0,,1082,0,0,0.0,,,,gemini35flash
2026091249,rich_boost,bonferroni,0.14285714285714285,,False,0,0,,1082,0,0,0.0,,,,gemini35flash
2026091249,rich_boost,fixed_sequence,0.2,,False,0,0,,1082,0,0,0.0,,,,gemini35flash
2026091249,rich_boost,bonferroni,0.2,,False,0,0,,1082,0,0,0.0,,,,gemini35flash
2026091249,rich_boost,fixed_sequence,0.25,0.74,True,187,30,0.22994075257522767,1082,209,33,0.19316081330868762,0.15789473684210525,0.11124857258681034,0.21453541474696006,gemini35flash
2026091249,rich_boost,bonferroni,0.25,,False,0,0,,1082,0,0,0.0,,,,gemini35flash
2026091250,raw_u,fixed_sequence,0.1,,False,0,0,,1082,0,0,0.0,,,,gemini35flash
2026091250,raw_u,bonferroni,0.1,,False,0,0,,1082,0,0,0.0,,,,gemini35flash
2026091250,raw_u,fixed_sequence,0.14285714285714285,,False,0,0,,1082,0,0,0.0,,,,gemini35flash
2026091250,raw_u,bonferroni,0.14285714285714285,,False,0,0,,1082,0,0,0.0,,,,gemini35flash
2026091250,raw_u,fixed_sequence,0.2,,False,0,0,,1082,0,0,0.0,,,,gemini35flash
2026091250,raw_u,bonferroni,0.2,,False,0,0,,1082,0,0,0.0,,,,gemini35flash
2026091250,raw_u,fixed_sequence,0.25,,False,0,0,,1082,0,0,0.0,,,,gemini35flash
2026091250,raw_u,bonferroni,0.25,,False,0,0,,1082,0,0,0.0,,,,gemini35flash
2026091250,u_boost,fixed_sequence,0.1,,False,0,0,,1082,0,0,0.0,,,,gemini35flash
2026091250,u_boost,bonferroni,0.1,,False,0,0,,1082,0,0,0.0,,,,gemini35flash
2026091250,u_boost,fixed_sequence,0.14285714285714285,,False,0,0,,1082,0,0,0.0,,,,gemini35flash
2026091250,u_boost,bonferroni,0.14285714285714285,,False,0,0,,1082,0,0,0.0,,,,gemini35flash
2026091250,u_boost,fixed_sequence,0.2,,False,0,0,,1082,0,0,0.0,,,,gemini35flash
2026091250,u_boost,bonferroni,0.2,,False,0,0,,1082,0,0,0.0,,,,gemini35flash
2026091250,u_boost,fixed_sequence,0.25,,False,0,0,,1082,0,0,0.0,,,,gemini35flash
2026091250,u_boost,bonferroni,0.25,,False,0,0,,1082,0,0,0.0,,,,gemini35flash
2026091250,rich_logistic,fixed_sequence,0.1,,False,0,0,,1082,0,0,0.0,,,,gemini35flash
2026091250,rich_logistic,bonferroni,0.1,,False,0,0,,1082,0,0,0.0,,,,gemini35flash
2026091250,rich_logistic,fixed_sequence,0.14285714285714285,,False,0,0,,1082,0,0,0.0,,,,gemini35flash
2026091250,rich_logistic,bonferroni,0.14285714285714285,,False,0,0,,1082,0,0,0.0,,,,gemini35flash
2026091250,rich_logistic,fixed_sequence,0.2,,False,0,0,,1082,0,0,0.0,,,,gemini35flash
2026091250,rich_logistic,bonferroni,0.2,,False,0,0,,1082,0,0,0.0,,,,gemini35flash
2026091250,rich_logistic,fixed_sequence,0.25,,False,0,0,,1082,0,0,0.0,,,,gemini35flash
2026091250,rich_logistic,bonferroni,0.25,,False,0,0,,1082,0,0,0.0,,,,gemini35flash
2026091250,rich_boost,fixed_sequence,0.1,,False,0,0,,1082,0,0,0.0,,,,gemini35flash
2026091250,rich_boost,bonferroni,0.1,,False,0,0,,1082,0,0,0.0,,,,gemini35flash
2026091250,rich_boost,fixed_sequence,0.14285714285714285,,False,0,0,,1082,0,0,0.0,,,,gemini35flash
2026091250,rich_boost,bonferroni,0.14285714285714285,,False,0,0,,1082,0,0,0.0,,,,gemini35flash
2026091250,rich_boost,fixed_sequence,0.2,,False,0,0,,1082,0,0,0.0,,,,gemini35flash
2026091250,rich_boost,bonferroni,0.2,,False,0,0,,1082,0,0,0.0,,,,gemini35flash
2026091250,rich_boost,fixed_sequence,0.25,,False,0,0,,1082,0,0,0.0,,,,gemini35flash
2026091250,rich_boost,bonferroni,0.25,,False,0,0,,1082,0,0,0.0,,,,gemini35flash
2026091251,raw_u,fixed_sequence,0.1,,False,0,0,,1082,0,0,0.0,,,,gemini35flash
2026091251,raw_u,bonferroni,0.1,,False,0,0,,1082,0,0,0.0,,,,gemini35flash
2026091251,raw_u,fixed_sequence,0.14285714285714285,,False,0,0,,1082,0,0,0.0,,,,gemini35flash
2026091251,raw_u,bonferroni,0.14285714285714285,,False,0,0,,1082,0,0,0.0,,,,gemini35flash
2026091251,raw_u,fixed_sequence,0.2,,False,0,0,,1082,0,0,0.0,,,,gemini35flash
2026091251,raw_u,bonferroni,0.2,,False,0,0,,1082,0,0,0.0,,,,gemini35flash
2026091251,raw_u,fixed_sequence,0.25,0.91,True,143,23,0.24189272424046737,1082,166,26,0.1534195933456562,0.1566265060240964,0.10493712061503567,0.22101169921043443,gemini35flash
2026091251,raw_u,bonferroni,0.25,,False,0,0,,1082,0,0,0.0,,,,gemini35flash
2026091251,u_boost,fixed_sequence,0.1,,False,0,0,,1082,0,0,0.0,,,,gemini35flash
2026091251,u_boost,bonferroni,0.1,,False,0,0,,1082,0,0,0.0,,,,gemini35flash
2026091251,u_boost,fixed_sequence,0.14285714285714285,,False,0,0,,1082,0,0,0.0,,,,gemini35flash
2026091251,u_boost,bonferroni,0.14285714285714285,,False,0,0,,1082,0,0,0.0,,,,gemini35flash
2026091251,u_boost,fixed_sequence,0.2,,False,0,0,,1082,0,0,0.0,,,,gemini35flash
2026091251,u_boost,bonferroni,0.2,,False,0,0,,1082,0,0,0.0,,,,gemini35flash
2026091251,u_boost,fixed_sequence,0.25,0.79,True,143,23,0.24189272424046737,1082,166,26,0.1534195933456562,0.1566265060240964,0.10493712061503567,0.22101169921043443,gemini35flash
2026091251,u_boost,bonferroni,0.25,,False,0,0,,1082,0,0,0.0,,,,gemini35flash
2026091251,rich_logistic,fixed_sequence,0.1,,False,0,0,,1082,0,0,0.0,,,,gemini35flash
2026091251,rich_logistic,bonferroni,0.1,,False,0,0,,1082,0,0,0.0,,,,gemini35flash
2026091251,rich_logistic,fixed_sequence,0.14285714285714285,,False,0,0,,1082,0,0,0.0,,,,gemini35flash
2026091251,rich_logistic,bonferroni,0.14285714285714285,,False,0,0,,1082,0,0,0.0,,,,gemini35flash
2026091251,rich_logistic,fixed_sequence,0.2,,False,0,0,,1082,0,0,0.0,,,,gemini35flash
2026091251,rich_logistic,bonferroni,0.2,,False,0,0,,1082,0,0,0.0,,,,gemini35flash
2026091251,rich_logistic,fixed_sequence,0.25,0.78,True,183,28,0.2224012671181245,1082,213,37,0.19685767097966728,0.17370892018779344,0.12535410279926767,0.2313939276756106,gemini35flash
2026091251,rich_logistic,bonferroni,0.25,,False,0,0,,1082,0,0,0.0,,,,gemini35flash
2026091251,rich_boost,fixed_sequence,0.1,,False,0,0,,1082,0,0,0.0,,,,gemini35flash
2026091251,rich_boost,bonferroni,0.1,,False,0,0,,1082,0,0,0.0,,,,gemini35flash
2026091251,rich_boost,fixed_sequence,0.14285714285714285,,False,0,0,,1082,0,0,0.0,,,,gemini35flash
2026091251,rich_boost,bonferroni,0.14285714285714285,,False,0,0,,1082,0,0,0.0,,,,gemini35flash
2026091251,rich_boost,fixed_sequence,0.2,,False,0,0,,1082,0,0,0.0,,,,gemini35flash
2026091251,rich_boost,bonferroni,0.2,,False,0,0,,1082,0,0,0.0,,,,gemini35flash
2026091251,rich_boost,fixed_sequence,0.25,0.72,True,257,47,0.2433652774607801,1082,317,75,0.2929759704251386,0.23659305993690852,0.1908866827851831,0.2872972407102731,gemini35flash
2026091251,rich_boost,bonferroni,0.25,,False,0,0,,1082,0,0,0.0,,,,gemini35flash
2026091252,raw_u,fixed_sequence,0.1,,False,0,0,,1082,0,0,0.0,,,,gemini35flash
2026091252,raw_u,bonferroni,0.1,,False,0,0,,1082,0,0,0.0,,,,gemini35flash
2026091252,raw_u,fixed_sequence,0.14285714285714285,,False,0,0,,1082,0,0,0.0,,,,gemini35flash
2026091252,raw_u,bonferroni,0.14285714285714285,,False,0,0,,1082,0,0,0.0,,,,gemini35flash
2026091252,raw_u,fixed_sequence,0.2,,False,0,0,,1082,0,0,0.0,,,,gemini35flash
2026091252,raw_u,bonferroni,0.2,,False,0,0,,1082,0,0,0.0,,,,gemini35flash
2026091252,raw_u,fixed_sequence,0.25,,False,0,0,,1082,0,0,0.0,,,,gemini35flash
2026091252,raw_u,bonferroni,0.25,,False,0,0,,1082,0,0,0.0,,,,gemini35flash
2026091252,u_boost,fixed_sequence,0.1,,False,0,0,,1082,0,0,0.0,,,,gemini35flash
2026091252,u_boost,bonferroni,0.1,,False,0,0,,1082,0,0,0.0,,,,gemini35flash
2026091252,u_boost,fixed_sequence,0.14285714285714285,,False,0,0,,1082,0,0,0.0,,,,gemini35flash
2026091252,u_boost,bonferroni,0.14285714285714285,,False,0,0,,1082,0,0,0.0,,,,gemini35flash
2026091252,u_boost,fixed_sequence,0.2,,False,0,0,,1082,0,0,0.0,,,,gemini35flash
2026091252,u_boost,bonferroni,0.2,,False,0,0,,1082,0,0,0.0,,,,gemini35flash
2026091252,u_boost,fixed_sequence,0.25,,False,0,0,,1082,0,0,0.0,,,,gemini35flash
2026091252,u_boost,bonferroni,0.25,,False,0,0,,1082,0,0,0.0,,,,gemini35flash
2026091252,rich_logistic,fixed_sequence,0.1,,False,0,0,,1082,0,0,0.0,,,,gemini35flash
2026091252,rich_logistic,bonferroni,0.1,,False,0,0,,1082,0,0,0.0,,,,gemini35flash
2026091252,rich_logistic,fixed_sequence,0.14285714285714285,,False,0,0,,1082,0,0,0.0,,,,gemini35flash
2026091252,rich_logistic,bonferroni,0.14285714285714285,,False,0,0,,1082,0,0,0.0,,,,gemini35flash
2026091252,rich_logistic,fixed_sequence,0.2,,False,0,0,,1082,0,0,0.0,,,,gemini35flash
2026091252,rich_logistic,bonferroni,0.2,,False,0,0,,1082,0,0,0.0,,,,gemini35flash
2026091252,rich_logistic,fixed_sequence,0.25,0.69,True,357,69,0.2446430080769265,1082,320,65,0.2957486136783734,0.203125,0.16040974379901382,0.25143220511959324,gemini35flash
2026091252,rich_logistic,bonferroni,0.25,,False,0,0,,1082,0,0,0.0,,,,gemini35flash
2026091252,rich_boost,fixed_sequence,0.1,,False,0,0,,1082,0,0,0.0,,,,gemini35flash
2026091252,rich_boost,bonferroni,0.1,,False,0,0,,1082,0,0,0.0,,,,gemini35flash
2026091252,rich_boost,fixed_sequence,0.14285714285714285,,False,0,0,,1082,0,0,0.0,,,,gemini35flash
2026091252,rich_boost,bonferroni,0.14285714285714285,,False,0,0,,1082,0,0,0.0,,,,gemini35flash
2026091252,rich_boost,fixed_sequence,0.2,,False,0,0,,1082,0,0,0.0,,,,gemini35flash
2026091252,rich_boost,bonferroni,0.2,,False,0,0,,1082,0,0,0.0,,,,gemini35flash
2026091252,rich_boost,fixed_sequence,0.25,,False,0,0,,1082,0,0,0.0,,,,gemini35flash
2026091252,rich_boost,bonferroni,0.25,,False,0,0,,1082,0,0,0.0,,,,gemini35flash
2026091253,raw_u,fixed_sequence,0.1,,False,0,0,,1082,0,0,0.0,,,,gemini35flash
2026091253,raw_u,bonferroni,0.1,,False,0,0,,1082,0,0,0.0,,,,gemini35flash
2026091253,raw_u,fixed_sequence,0.14285714285714285,,False,0,0,,1082,0,0,0.0,,,,gemini35flash
2026091253,raw_u,bonferroni,0.14285714285714285,,False,0,0,,1082,0,0,0.0,,,,gemini35flash
2026091253,raw_u,fixed_sequence,0.2,,False,0,0,,1082,0,0,0.0,,,,gemini35flash
2026091253,raw_u,bonferroni,0.2,,False,0,0,,1082,0,0,0.0,,,,gemini35flash
2026091253,raw_u,fixed_sequence,0.25,0.91,True,157,26,0.2430769208087737,1082,184,35,0.17005545286506468,0.19021739130434784,0.13621471795078843,0.25448458650282574,gemini35flash
2026091253,raw_u,bonferroni,0.25,,False,0,0,,1082,0,0,0.0,,,,gemini35flash
2026091253,u_boost,fixed_sequence,0.1,,False,0,0,,1082,0,0,0.0,,,,gemini35flash
2026091253,u_boost,bonferroni,0.1,,False,0,0,,1082,0,0,0.0,,,,gemini35flash
2026091253,u_boost,fixed_sequence,0.14285714285714285,,False,0,0,,1082,0,0,0.0,,,,gemini35flash
2026091253,u_boost,bonferroni,0.14285714285714285,,False,0,0,,1082,0,0,0.0,,,,gemini35flash
2026091253,u_boost,fixed_sequence,0.2,,False,0,0,,1082,0,0,0.0,,,,gemini35flash
2026091253,u_boost,bonferroni,0.2,,False,0,0,,1082,0,0,0.0,,,,gemini35flash
2026091253,u_boost,fixed_sequence,0.25,0.78,True,157,26,0.2430769208087737,1082,184,35,0.17005545286506468,0.19021739130434784,0.13621471795078843,0.25448458650282574,gemini35flash
2026091253,u_boost,bonferroni,0.25,,False,0,0,,1082,0,0,0.0,,,,gemini35flash
2026091253,rich_logistic,fixed_sequence,0.1,,False,0,0,,1082,0,0,0.0,,,,gemini35flash
2026091253,rich_logistic,bonferroni,0.1,,False,0,0,,1082,0,0,0.0,,,,gemini35flash
2026091253,rich_logistic,fixed_sequence,0.14285714285714285,,False,0,0,,1082,0,0,0.0,,,,gemini35flash
2026091253,rich_logistic,bonferroni,0.14285714285714285,,False,0,0,,1082,0,0,0.0,,,,gemini35flash
2026091253,rich_logistic,fixed_sequence,0.2,,False,0,0,,1082,0,0,0.0,,,,gemini35flash
2026091253,rich_logistic,bonferroni,0.2,,False,0,0,,1082,0,0,0.0,,,,gemini35flash
2026091253,rich_logistic,fixed_sequence,0.25,0.79,True,160,27,0.2457985608850556,1082,189,36,0.17467652495378927,0.19047619047619047,0.1371171285638723,0.2538142710866018,gemini35flash
2026091253,rich_logistic,bonferroni,0.25,,False,0,0,,1082,0,0,0.0,,,,gemini35flash
2026091253,rich_boost,fixed_sequence,0.1,,False,0,0,,1082,0,0,0.0,,,,gemini35flash
2026091253,rich_boost,bonferroni,0.1,,False,0,0,,1082,0,0,0.0,,,,gemini35flash
2026091253,rich_boost,fixed_sequence,0.14285714285714285,,False,0,0,,1082,0,0,0.0,,,,gemini35flash
2026091253,rich_boost,bonferroni,0.14285714285714285,,False,0,0,,1082,0,0,0.0,,,,gemini35flash
2026091253,rich_boost,fixed_sequence,0.2,,False,0,0,,1082,0,0,0.0,,,,gemini35flash
2026091253,rich_boost,bonferroni,0.2,,False,0,0,,1082,0,0,0.0,,,,gemini35flash
2026091253,rich_boost,fixed_sequence,0.25,0.81,True,160,27,0.2457985608850556,1082,187,35,0.17282809611829944,0.18716577540106952,0.13396626611603651,0.25056485046973986,gemini35flash
2026091253,rich_boost,bonferroni,0.25,,False,0,0,,1082,0,0,0.0,,,,gemini35flash
2026091254,raw_u,fixed_sequence,0.1,,False,0,0,,1082,0,0,0.0,,,,gemini35flash
2026091254,raw_u,bonferroni,0.1,,False,0,0,,1082,0,0,0.0,,,,gemini35flash
2026091254,raw_u,fixed_sequence,0.14285714285714285,,False,0,0,,1082,0,0,0.0,,,,gemini35flash
2026091254,raw_u,bonferroni,0.14285714285714285,,False,0,0,,1082,0,0,0.0,,,,gemini35flash
2026091254,raw_u,fixed_sequence,0.2,,False,0,0,,1082,0,0,0.0,,,,gemini35flash
2026091254,raw_u,bonferroni,0.2,,False,0,0,,1082,0,0,0.0,,,,gemini35flash
2026091254,raw_u,fixed_sequence,0.25,,False,0,0,,1082,0,0,0.0,,,,gemini35flash
2026091254,raw_u,bonferroni,0.25,,False,0,0,,1082,0,0,0.0,,,,gemini35flash
2026091254,u_boost,fixed_sequence,0.1,,False,0,0,,1082,0,0,0.0,,,,gemini35flash
2026091254,u_boost,bonferroni,0.1,,False,0,0,,1082,0,0,0.0,,,,gemini35flash
2026091254,u_boost,fixed_sequence,0.14285714285714285,,False,0,0,,1082,0,0,0.0,,,,gemini35flash
2026091254,u_boost,bonferroni,0.14285714285714285,,False,0,0,,1082,0,0,0.0,,,,gemini35flash
2026091254,u_boost,fixed_sequence,0.2,,False,0,0,,1082,0,0,0.0,,,,gemini35flash
2026091254,u_boost,bonferroni,0.2,,False,0,0,,1082,0,0,0.0,,,,gemini35flash
2026091254,u_boost,fixed_sequence,0.25,,False,0,0,,1082,0,0,0.0,,,,gemini35flash
2026091254,u_boost,bonferroni,0.25,,False,0,0,,1082,0,0,0.0,,,,gemini35flash
2026091254,rich_logistic,fixed_sequence,0.1,,False,0,0,,1082,0,0,0.0,,,,gemini35flash
2026091254,rich_logistic,bonferroni,0.1,,False,0,0,,1082,0,0,0.0,,,,gemini35flash
2026091254,rich_logistic,fixed_sequence,0.14285714285714285,,False,0,0,,1082,0,0,0.0,,,,gemini35flash
2026091254,rich_logistic,bonferroni,0.14285714285714285,,False,0,0,,1082,0,0,0.0,,,,gemini35flash
2026091254,rich_logistic,fixed_sequence,0.2,,False,0,0,,1082,0,0,0.0,,,,gemini35flash
2026091254,rich_logistic,bonferroni,0.2,,False,0,0,,1082,0,0,0.0,,,,gemini35flash
2026091254,rich_logistic,fixed_sequence,0.25,,False,0,0,,1082,0,0,0.0,,,,gemini35flash
2026091254,rich_logistic,bonferroni,0.25,,False,0,0,,1082,0,0,0.0,,,,gemini35flash
2026091254,rich_boost,fixed_sequence,0.1,,False,0,0,,1082,0,0,0.0,,,,gemini35flash
2026091254,rich_boost,bonferroni,0.1,,False,0,0,,1082,0,0,0.0,,,,gemini35flash
2026091254,rich_boost,fixed_sequence,0.14285714285714285,,False,0,0,,1082,0,0,0.0,,,,gemini35flash
2026091254,rich_boost,bonferroni,0.14285714285714285,,False,0,0,,1082,0,0,0.0,,,,gemini35flash
2026091254,rich_boost,fixed_sequence,0.2,,False,0,0,,1082,0,0,0.0,,,,gemini35flash
2026091254,rich_boost,bonferroni,0.2,,False,0,0,,1082,0,0,0.0,,,,gemini35flash
2026091254,rich_boost,fixed_sequence,0.25,,False,0,0,,1082,0,0,0.0,,,,gemini35flash
2026091254,rich_boost,bonferroni,0.25,,False,0,0,,1082,0,0,0.0,,,,gemini35flash
2026091255,raw_u,fixed_sequence,0.1,,False,0,0,,1082,0,0,0.0,,,,gemini35flash
2026091255,raw_u,bonferroni,0.1,,False,0,0,,1082,0,0,0.0,,,,gemini35flash
2026091255,raw_u,fixed_sequence,0.14285714285714285,,False,0,0,,1082,0,0,0.0,,,,gemini35flash
2026091255,raw_u,bonferroni,0.14285714285714285,,False,0,0,,1082,0,0,0.0,,,,gemini35flash
2026091255,raw_u,fixed_sequence,0.2,0.91,True,162,15,0.15652347270270994,1082,170,32,0.15711645101663585,0.18823529411764706,0.1324593324267829,0.25521255085081007,gemini35flash
2026091255,raw_u,bonferroni,0.2,0.91,True,162,15,0.19009914996319993,1082,170,32,0.15711645101663585,0.18823529411764706,0.1324593324267829,0.25521255085081007,gemini35flash
2026091255,raw_u,fixed_sequence,0.25,0.81,True,294,48,0.21750581370890573,1082,312,68,0.28835489833641403,0.21794871794871795,0.17340619385321396,0.2679365138563167,gemini35flash
2026091255,raw_u,bonferroni,0.25,0.81,True,294,48,0.24439137833782223,1082,312,68,0.28835489833641403,0.21794871794871795,0.17340619385321396,0.2679365138563167,gemini35flash
2026091255,u_boost,fixed_sequence,0.1,,False,0,0,,1082,0,0,0.0,,,,gemini35flash
2026091255,u_boost,bonferroni,0.1,,False,0,0,,1082,0,0,0.0,,,,gemini35flash
2026091255,u_boost,fixed_sequence,0.14285714285714285,,False,0,0,,1082,0,0,0.0,,,,gemini35flash
2026091255,u_boost,bonferroni,0.14285714285714285,,False,0,0,,1082,0,0,0.0,,,,gemini35flash
2026091255,u_boost,fixed_sequence,0.2,0.76,True,162,15,0.15652347270270994,1082,170,32,0.15711645101663585,0.18823529411764706,0.1324593324267829,0.25521255085081007,gemini35flash
2026091255,u_boost,bonferroni,0.2,0.75,True,162,15,0.19009914996319993,1082,170,32,0.15711645101663585,0.18823529411764706,0.1324593324267829,0.25521255085081007,gemini35flash
2026091255,u_boost,fixed_sequence,0.25,0.7,True,294,48,0.21750581370890573,1082,312,68,0.28835489833641403,0.21794871794871795,0.17340619385321396,0.2679365138563167,gemini35flash
2026091255,u_boost,bonferroni,0.25,0.69,True,294,48,0.24439137833782223,1082,312,68,0.28835489833641403,0.21794871794871795,0.17340619385321396,0.2679365138563167,gemini35flash
2026091255,rich_logistic,fixed_sequence,0.1,,False,0,0,,1082,0,0,0.0,,,,gemini35flash
2026091255,rich_logistic,bonferroni,0.1,,False,0,0,,1082,0,0,0.0,,,,gemini35flash
2026091255,rich_logistic,fixed_sequence,0.14285714285714285,,False,0,0,,1082,0,0,0.0,,,,gemini35flash
2026091255,rich_logistic,bonferroni,0.14285714285714285,,False,0,0,,1082,0,0,0.0,,,,gemini35flash
2026091255,rich_logistic,fixed_sequence,0.2,,False,0,0,,1082,0,0,0.0,,,,gemini35flash
2026091255,rich_logistic,bonferroni,0.2,0.78,True,181,18,0.1924533489775721,1082,188,34,0.17375231053604437,0.18085106382978725,0.1286156358903018,0.2434431579425179,gemini35flash
2026091255,rich_logistic,fixed_sequence,0.25,0.71,True,303,52,0.22579692742119414,1082,325,71,0.300369685767098,0.21846153846153846,0.17474640740087938,0.267390950700121,gemini35flash
2026091255,rich_logistic,bonferroni,0.25,0.72,True,269,39,0.2273572760459402,1082,297,62,0.2744916820702403,0.20875420875420875,0.16395989807219252,0.2594641578053118,gemini35flash
2026091255,rich_boost,fixed_sequence,0.1,,False,0,0,,1082,0,0,0.0,,,,gemini35flash
2026091255,rich_boost,bonferroni,0.1,,False,0,0,,1082,0,0,0.0,,,,gemini35flash
2026091255,rich_boost,fixed_sequence,0.14285714285714285,,False,0,0,,1082,0,0,0.0,,,,gemini35flash
2026091255,rich_boost,bonferroni,0.14285714285714285,,False,0,0,,1082,0,0,0.0,,,,gemini35flash
2026091255,rich_boost,fixed_sequence,0.2,0.78,True,163,15,0.1555975480357532,1082,175,32,0.16173752310536044,0.18285714285714286,0.12856424838769678,0.24821959774477578,gemini35flash
2026091255,rich_boost,bonferroni,0.2,0.76,True,208,23,0.1988395829891563,1082,210,36,0.19408502772643252,0.17142857142857143,0.12304866127735173,0.22934353223227408,gemini35flash
2026091255,rich_boost,fixed_sequence,0.25,0.67,True,309,55,0.23219775735124035,1082,343,74,0.3170055452865065,0.21574344023323616,0.17337361818327973,0.2630981794227404,gemini35flash
2026091255,rich_boost,bonferroni,0.25,0.71,True,295,49,0.2474786229315067,1082,324,73,0.29944547134935307,0.22530864197530864,0.18096880389514022,0.2747495814287879,gemini35flash
2026091256,raw_u,fixed_sequence,0.1,,False,0,0,,1082,0,0,0.0,,,,gemini35flash
2026091256,raw_u,bonferroni,0.1,,False,0,0,,1082,0,0,0.0,,,,gemini35flash
2026091256,raw_u,fixed_sequence,0.14285714285714285,,False,0,0,,1082,0,0,0.0,,,,gemini35flash
2026091256,raw_u,bonferroni,0.14285714285714285,,False,0,0,,1082,0,0,0.0,,,,gemini35flash
2026091256,raw_u,fixed_sequence,0.2,,False,0,0,,1082,0,0,0.0,,,,gemini35flash
2026091256,raw_u,bonferroni,0.2,,False,0,0,,1082,0,0,0.0,,,,gemini35flash
2026091256,raw_u,fixed_sequence,0.25,,False,0,0,,1082,0,0,0.0,,,,gemini35flash
2026091256,raw_u,bonferroni,0.25,,False,0,0,,1082,0,0,0.0,,,,gemini35flash
2026091256,u_boost,fixed_sequence,0.1,,False,0,0,,1082,0,0,0.0,,,,gemini35flash
2026091256,u_boost,bonferroni,0.1,,False,0,0,,1082,0,0,0.0,,,,gemini35flash
2026091256,u_boost,fixed_sequence,0.14285714285714285,,False,0,0,,1082,0,0,0.0,,,,gemini35flash
2026091256,u_boost,bonferroni,0.14285714285714285,,False,0,0,,1082,0,0,0.0,,,,gemini35flash
2026091256,u_boost,fixed_sequence,0.2,,False,0,0,,1082,0,0,0.0,,,,gemini35flash
2026091256,u_boost,bonferroni,0.2,,False,0,0,,1082,0,0,0.0,,,,gemini35flash
2026091256,u_boost,fixed_sequence,0.25,,False,0,0,,1082,0,0,0.0,,,,gemini35flash
2026091256,u_boost,bonferroni,0.25,,False,0,0,,1082,0,0,0.0,,,,gemini35flash
2026091256,rich_logistic,fixed_sequence,0.1,,False,0,0,,1082,0,0,0.0,,,,gemini35flash
2026091256,rich_logistic,bonferroni,0.1,,False,0,0,,1082,0,0,0.0,,,,gemini35flash
2026091256,rich_logistic,fixed_sequence,0.14285714285714285,,False,0,0,,1082,0,0,0.0,,,,gemini35flash
2026091256,rich_logistic,bonferroni,0.14285714285714285,,False,0,0,,1082,0,0,0.0,,,,gemini35flash
2026091256,rich_logistic,fixed_sequence,0.2,,False,0,0,,1082,0,0,0.0,,,,gemini35flash
2026091256,rich_logistic,bonferroni,0.2,,False,0,0,,1082,0,0,0.0,,,,gemini35flash
2026091256,rich_logistic,fixed_sequence,0.25,,False,0,0,,1082,0,0,0.0,,,,gemini35flash
2026091256,rich_logistic,bonferroni,0.25,,False,0,0,,1082,0,0,0.0,,,,gemini35flash
2026091256,rich_boost,fixed_sequence,0.1,,False,0,0,,1082,0,0,0.0,,,,gemini35flash
2026091256,rich_boost,bonferroni,0.1,,False,0,0,,1082,0,0,0.0,,,,gemini35flash
2026091256,rich_boost,fixed_sequence,0.14285714285714285,,False,0,0,,1082,0,0,0.0,,,,gemini35flash
2026091256,rich_boost,bonferroni,0.14285714285714285,,False,0,0,,1082,0,0,0.0,,,,gemini35flash
2026091256,rich_boost,fixed_sequence,0.2,,False,0,0,,1082,0,0,0.0,,,,gemini35flash
2026091256,rich_boost,bonferroni,0.2,,False,0,0,,1082,0,0,0.0,,,,gemini35flash
2026091256,rich_boost,fixed_sequence,0.25,,False,0,0,,1082,0,0,0.0,,,,gemini35flash
2026091256,rich_boost,bonferroni,0.25,,False,0,0,,1082,0,0,0.0,,,,gemini35flash
2026091257,raw_u,fixed_sequence,0.1,,False,0,0,,1082,0,0,0.0,,,,gemini35flash
2026091257,raw_u,bonferroni,0.1,,False,0,0,,1082,0,0,0.0,,,,gemini35flash
2026091257,raw_u,fixed_sequence,0.14285714285714285,,False,0,0,,1082,0,0,0.0,,,,gemini35flash
2026091257,raw_u,bonferroni,0.14285714285714285,,False,0,0,,1082,0,0,0.0,,,,gemini35flash
2026091257,raw_u,fixed_sequence,0.2,,False,0,0,,1082,0,0,0.0,,,,gemini35flash
2026091257,raw_u,bonferroni,0.2,,False,0,0,,1082,0,0,0.0,,,,gemini35flash
2026091257,raw_u,fixed_sequence,0.25,0.81,True,301,53,0.23088951676483158,1082,310,60,0.28650646950092423,0.1935483870967742,0.15107048126936118,0.24199277789584447,gemini35flash
2026091257,raw_u,bonferroni,0.25,0.91,True,165,23,0.2473140325126132,1082,177,27,0.16358595194085027,0.15254237288135594,0.10299671712995634,0.2141272627480882,gemini35flash
2026091257,u_boost,fixed_sequence,0.1,,False,0,0,,1082,0,0,0.0,,,,gemini35flash
2026091257,u_boost,bonferroni,0.1,,False,0,0,,1082,0,0,0.0,,,,gemini35flash
2026091257,u_boost,fixed_sequence,0.14285714285714285,,False,0,0,,1082,0,0,0.0,,,,gemini35flash
2026091257,u_boost,bonferroni,0.14285714285714285,,False,0,0,,1082,0,0,0.0,,,,gemini35flash
2026091257,u_boost,fixed_sequence,0.2,,False,0,0,,1082,0,0,0.0,,,,gemini35flash
2026091257,u_boost,bonferroni,0.2,,False,0,0,,1082,0,0,0.0,,,,gemini35flash
2026091257,u_boost,fixed_sequence,0.25,0.7,True,330,61,0.23774220244604546,1082,354,74,0.32717190388170053,0.20903954802259886,0.16785726443079674,0.25516555473161806,gemini35flash
2026091257,u_boost,bonferroni,0.25,0.72,True,180,26,0.24803511352345714,1082,202,35,0.1866913123844732,0.17326732673267325,0.12375373178472765,0.2326436391850721,gemini35flash
2026091257,rich_logistic,fixed_sequence,0.1,,False,0,0,,1082,0,0,0.0,,,,gemini35flash
2026091257,rich_logistic,bonferroni,0.1,,False,0,0,,1082,0,0,0.0,,,,gemini35flash
2026091257,rich_logistic,fixed_sequence,0.14285714285714285,,False,0,0,,1082,0,0,0.0,,,,gemini35flash
2026091257,rich_logistic,bonferroni,0.14285714285714285,,False,0,0,,1082,0,0,0.0,,,,gemini35flash
2026091257,rich_logistic,fixed_sequence,0.2,,False,0,0,,1082,0,0,0.0,,,,gemini35flash
2026091257,rich_logistic,bonferroni,0.2,,False,0,0,,1082,0,0,0.0,,,,gemini35flash
2026091257,rich_logistic,fixed_sequence,0.25,0.74,True,226,38,0.231502489438793,1082,235,37,0.21719038817005545,0.1574468085106383,0.11334426074216325,0.21042857498429066,gemini35flash
2026091257,rich_logistic,bonferroni,0.25,0.77,True,186,25,0.23405969515039163,1082,192,27,0.17744916820702403,0.140625,0.09476214192835028,0.19796969659452865,gemini35flash
2026091257,rich_boost,fixed_sequence,0.1,,False,0,0,,1082,0,0,0.0,,,,gemini35flash
2026091257,rich_boost,bonferroni,0.1,,False,0,0,,1082,0,0,0.0,,,,gemini35flash
2026091257,rich_boost,fixed_sequence,0.14285714285714285,,False,0,0,,1082,0,0,0.0,,,,gemini35flash
2026091257,rich_boost,bonferroni,0.14285714285714285,,False,0,0,,1082,0,0,0.0,,,,gemini35flash
2026091257,rich_boost,fixed_sequence,0.2,,False,0,0,,1082,0,0,0.0,,,,gemini35flash
2026091257,rich_boost,bonferroni,0.2,,False,0,0,,1082,0,0,0.0,,,,gemini35flash
2026091257,rich_boost,fixed_sequence,0.25,0.74,True,218,34,0.21917123893971857,1082,225,34,0.20794824399260628,0.1511111111111111,0.1069745971252953,0.20471019991926354,gemini35flash
2026091257,rich_boost,bonferroni,0.25,0.79,True,167,23,0.2445434251402744,1082,179,27,0.16543438077634012,0.15083798882681565,0.10181696075649406,0.21182249687848617,gemini35flash
2026091258,raw_u,fixed_sequence,0.1,,False,0,0,,1082,0,0,0.0,,,,gemini35flash
2026091258,raw_u,bonferroni,0.1,,False,0,0,,1082,0,0,0.0,,,,gemini35flash
2026091258,raw_u,fixed_sequence,0.14285714285714285,,False,0,0,,1082,0,0,0.0,,,,gemini35flash
2026091258,raw_u,bonferroni,0.14285714285714285,,False,0,0,,1082,0,0,0.0,,,,gemini35flash
2026091258,raw_u,fixed_sequence,0.2,,False,0,0,,1082,0,0,0.0,,,,gemini35flash
2026091258,raw_u,bonferroni,0.2,,False,0,0,,1082,0,0,0.0,,,,gemini35flash
2026091258,raw_u,fixed_sequence,0.25,0.91,True,174,29,0.23987914059132673,1082,149,27,0.1377079482439926,0.18120805369127516,0.12294435087231513,0.2525870904384175,gemini35flash
2026091258,raw_u,bonferroni,0.25,,False,0,0,,1082,0,0,0.0,,,,gemini35flash
2026091258,u_boost,fixed_sequence,0.1,,False,0,0,,1082,0,0,0.0,,,,gemini35flash
2026091258,u_boost,bonferroni,0.1,,False,0,0,,1082,0,0,0.0,,,,gemini35flash
2026091258,u_boost,fixed_sequence,0.14285714285714285,,False,0,0,,1082,0,0,0.0,,,,gemini35flash
2026091258,u_boost,bonferroni,0.14285714285714285,,False,0,0,,1082,0,0,0.0,,,,gemini35flash
2026091258,u_boost,fixed_sequence,0.2,,False,0,0,,1082,0,0,0.0,,,,gemini35flash
2026091258,u_boost,bonferroni,0.2,,False,0,0,,1082,0,0,0.0,,,,gemini35flash
2026091258,u_boost,fixed_sequence,0.25,0.79,True,174,29,0.23987914059132673,1082,149,27,0.1377079482439926,0.18120805369127516,0.12294435087231513,0.2525870904384175,gemini35flash
2026091258,u_boost,bonferroni,0.25,,False,0,0,,1082,0,0,0.0,,,,gemini35flash
2026091258,rich_logistic,fixed_sequence,0.1,,False,0,0,,1082,0,0,0.0,,,,gemini35flash
2026091258,rich_logistic,bonferroni,0.1,,False,0,0,,1082,0,0,0.0,,,,gemini35flash
2026091258,rich_logistic,fixed_sequence,0.14285714285714285,,False,0,0,,1082,0,0,0.0,,,,gemini35flash
2026091258,rich_logistic,bonferroni,0.14285714285714285,,False,0,0,,1082,0,0,0.0,,,,gemini35flash
2026091258,rich_logistic,fixed_sequence,0.2,,False,0,0,,1082,0,0,0.0,,,,gemini35flash
2026091258,rich_logistic,bonferroni,0.2,,False,0,0,,1082,0,0,0.0,,,,gemini35flash
2026091258,rich_logistic,fixed_sequence,0.25,0.73,True,264,50,0.2496073019405051,1082,247,54,0.22828096118299446,0.21862348178137653,0.1687128264319801,0.27542294267252104,gemini35flash
2026091258,rich_logistic,bonferroni,0.25,,False,0,0,,1082,0,0,0.0,,,,gemini35flash
2026091258,rich_boost,fixed_sequence,0.1,,False,0,0,,1082,0,0,0.0,,,,gemini35flash
2026091258,rich_boost,bonferroni,0.1,,False,0,0,,1082,0,0,0.0,,,,gemini35flash
2026091258,rich_boost,fixed_sequence,0.14285714285714285,,False,0,0,,1082,0,0,0.0,,,,gemini35flash
2026091258,rich_boost,bonferroni,0.14285714285714285,,False,0,0,,1082,0,0,0.0,,,,gemini35flash
2026091258,rich_boost,fixed_sequence,0.2,,False,0,0,,1082,0,0,0.0,,,,gemini35flash
2026091258,rich_boost,bonferroni,0.2,,False,0,0,,1082,0,0,0.0,,,,gemini35flash
2026091258,rich_boost,fixed_sequence,0.25,0.77,True,215,36,0.2325166346322926,1082,200,38,0.18484288354898337,0.19,0.13810312537283959,0.25133151862374414,gemini35flash
2026091258,rich_boost,bonferroni,0.25,,False,0,0,,1082,0,0,0.0,,,,gemini35flash
2026091259,raw_u,fixed_sequence,0.1,,False,0,0,,1082,0,0,0.0,,,,gemini35flash
2026091259,raw_u,bonferroni,0.1,,False,0,0,,1082,0,0,0.0,,,,gemini35flash
2026091259,raw_u,fixed_sequence,0.14285714285714285,,False,0,0,,1082,0,0,0.0,,,,gemini35flash
2026091259,raw_u,bonferroni,0.14285714285714285,,False,0,0,,1082,0,0,0.0,,,,gemini35flash
2026091259,raw_u,fixed_sequence,0.2,,False,0,0,,1082,0,0,0.0,,,,gemini35flash
2026091259,raw_u,bonferroni,0.2,,False,0,0,,1082,0,0,0.0,,,,gemini35flash
2026091259,raw_u,fixed_sequence,0.25,,False,0,0,,1082,0,0,0.0,,,,gemini35flash
2026091259,raw_u,bonferroni,0.25,,False,0,0,,1082,0,0,0.0,,,,gemini35flash
2026091259,u_boost,fixed_sequence,0.1,,False,0,0,,1082,0,0,0.0,,,,gemini35flash
2026091259,u_boost,bonferroni,0.1,,False,0,0,,1082,0,0,0.0,,,,gemini35flash
2026091259,u_boost,fixed_sequence,0.14285714285714285,,False,0,0,,1082,0,0,0.0,,,,gemini35flash
2026091259,u_boost,bonferroni,0.14285714285714285,,False,0,0,,1082,0,0,0.0,,,,gemini35flash
2026091259,u_boost,fixed_sequence,0.2,,False,0,0,,1082,0,0,0.0,,,,gemini35flash
2026091259,u_boost,bonferroni,0.2,,False,0,0,,1082,0,0,0.0,,,,gemini35flash
2026091259,u_boost,fixed_sequence,0.25,,False,0,0,,1082,0,0,0.0,,,,gemini35flash
2026091259,u_boost,bonferroni,0.25,,False,0,0,,1082,0,0,0.0,,,,gemini35flash
2026091259,rich_logistic,fixed_sequence,0.1,,False,0,0,,1082,0,0,0.0,,,,gemini35flash
2026091259,rich_logistic,bonferroni,0.1,,False,0,0,,1082,0,0,0.0,,,,gemini35flash
2026091259,rich_logistic,fixed_sequence,0.14285714285714285,,False,0,0,,1082,0,0,0.0,,,,gemini35flash
2026091259,rich_logistic,bonferroni,0.14285714285714285,,False,0,0,,1082,0,0,0.0,,,,gemini35flash
2026091259,rich_logistic,fixed_sequence,0.2,,False,0,0,,1082,0,0,0.0,,,,gemini35flash
2026091259,rich_logistic,bonferroni,0.2,,False,0,0,,1082,0,0,0.0,,,,gemini35flash
2026091259,rich_logistic,fixed_sequence,0.25,,False,0,0,,1082,0,0,0.0,,,,gemini35flash
2026091259,rich_logistic,bonferroni,0.25,,False,0,0,,1082,0,0,0.0,,,,gemini35flash
2026091259,rich_boost,fixed_sequence,0.1,,False,0,0,,1082,0,0,0.0,,,,gemini35flash
2026091259,rich_boost,bonferroni,0.1,,False,0,0,,1082,0,0,0.0,,,,gemini35flash
2026091259,rich_boost,fixed_sequence,0.14285714285714285,,False,0,0,,1082,0,0,0.0,,,,gemini35flash
2026091259,rich_boost,bonferroni,0.14285714285714285,,False,0,0,,1082,0,0,0.0,,,,gemini35flash
2026091259,rich_boost,fixed_sequence,0.2,,False,0,0,,1082,0,0,0.0,,,,gemini35flash
2026091259,rich_boost,bonferroni,0.2,,False,0,0,,1082,0,0,0.0,,,,gemini35flash
2026091259,rich_boost,fixed_sequence,0.25,,False,0,0,,1082,0,0,0.0,,,,gemini35flash
2026091259,rich_boost,bonferroni,0.25,,False,0,0,,1082,0,0,0.0,,,,gemini35flash
2026091260,raw_u,fixed_sequence,0.1,,False,0,0,,1082,0,0,0.0,,,,gemini35flash
2026091260,raw_u,bonferroni,0.1,,False,0,0,,1082,0,0,0.0,,,,gemini35flash
2026091260,raw_u,fixed_sequence,0.14285714285714285,,False,0,0,,1082,0,0,0.0,,,,gemini35flash
2026091260,raw_u,bonferroni,0.14285714285714285,,False,0,0,,1082,0,0,0.0,,,,gemini35flash
2026091260,raw_u,fixed_sequence,0.2,,False,0,0,,1082,0,0,0.0,,,,gemini35flash
2026091260,raw_u,bonferroni,0.2,,False,0,0,,1082,0,0,0.0,,,,gemini35flash
2026091260,raw_u,fixed_sequence,0.25,0.91,True,168,27,0.23462457146220245,1082,161,29,0.1487985212569316,0.18012422360248448,0.12407525718609415,0.2483341641066691,gemini35flash
2026091260,raw_u,bonferroni,0.25,,False,0,0,,1082,0,0,0.0,,,,gemini35flash
2026091260,u_boost,fixed_sequence,0.1,,False,0,0,,1082,0,0,0.0,,,,gemini35flash
2026091260,u_boost,bonferroni,0.1,,False,0,0,,1082,0,0,0.0,,,,gemini35flash
2026091260,u_boost,fixed_sequence,0.14285714285714285,,False,0,0,,1082,0,0,0.0,,,,gemini35flash
2026091260,u_boost,bonferroni,0.14285714285714285,,False,0,0,,1082,0,0,0.0,,,,gemini35flash
2026091260,u_boost,fixed_sequence,0.2,,False,0,0,,1082,0,0,0.0,,,,gemini35flash
2026091260,u_boost,bonferroni,0.2,,False,0,0,,1082,0,0,0.0,,,,gemini35flash
2026091260,u_boost,fixed_sequence,0.25,0.75,True,185,30,0.2323199709004213,1082,186,41,0.17190388170055454,0.22043010752688172,0.16306990191685317,0.286925097566425,gemini35flash
2026091260,u_boost,bonferroni,0.25,,False,0,0,,1082,0,0,0.0,,,,gemini35flash
2026091260,rich_logistic,fixed_sequence,0.1,,False,0,0,,1082,0,0,0.0,,,,gemini35flash
2026091260,rich_logistic,bonferroni,0.1,,False,0,0,,1082,0,0,0.0,,,,gemini35flash
2026091260,rich_logistic,fixed_sequence,0.14285714285714285,,False,0,0,,1082,0,0,0.0,,,,gemini35flash
2026091260,rich_logistic,bonferroni,0.14285714285714285,,False,0,0,,1082,0,0,0.0,,,,gemini35flash
2026091260,rich_logistic,fixed_sequence,0.2,,False,0,0,,1082,0,0,0.0,,,,gemini35flash
2026091260,rich_logistic,bonferroni,0.2,,False,0,0,,1082,0,0,0.0,,,,gemini35flash
2026091260,rich_logistic,fixed_sequence,0.25,0.78,True,188,33,0.2466644315526947,1082,185,30,0.1709796672828096,0.16216216216216217,0.11216438462340546,0.22333225180128702,gemini35flash
2026091260,rich_logistic,bonferroni,0.25,,False,0,0,,1082,0,0,0.0,,,,gemini35flash
2026091260,rich_boost,fixed_sequence,0.1,,False,0,0,,1082,0,0,0.0,,,,gemini35flash
2026091260,rich_boost,bonferroni,0.1,,False,0,0,,1082,0,0,0.0,,,,gemini35flash
2026091260,rich_boost,fixed_sequence,0.14285714285714285,,False,0,0,,1082,0,0,0.0,,,,gemini35flash
2026091260,rich_boost,bonferroni,0.14285714285714285,,False,0,0,,1082,0,0,0.0,,,,gemini35flash
2026091260,rich_boost,fixed_sequence,0.2,,False,0,0,,1082,0,0,0.0,,,,gemini35flash
2026091260,rich_boost,bonferroni,0.2,,False,0,0,,1082,0,0,0.0,,,,gemini35flash
2026091260,rich_boost,fixed_sequence,0.25,,False,0,0,,1082,0,0,0.0,,,,gemini35flash
2026091260,rich_boost,bonferroni,0.25,,False,0,0,,1082,0,0,0.0,,,,gemini35flash
2026091261,raw_u,fixed_sequence,0.1,,False,0,0,,1082,0,0,0.0,,,,gemini35flash
2026091261,raw_u,bonferroni,0.1,,False,0,0,,1082,0,0,0.0,,,,gemini35flash
2026091261,raw_u,fixed_sequence,0.14285714285714285,,False,0,0,,1082,0,0,0.0,,,,gemini35flash
2026091261,raw_u,bonferroni,0.14285714285714285,,False,0,0,,1082,0,0,0.0,,,,gemini35flash
2026091261,raw_u,fixed_sequence,0.2,,False,0,0,,1082,0,0,0.0,,,,gemini35flash
2026091261,raw_u,bonferroni,0.2,,False,0,0,,1082,0,0,0.0,,,,gemini35flash
2026091261,raw_u,fixed_sequence,0.25,0.81,True,316,61,0.24791091977812452,1082,297,55,0.2744916820702403,0.18518518518518517,0.14266075429879238,0.2341169184866581,gemini35flash
2026091261,raw_u,bonferroni,0.25,,False,0,0,,1082,0,0,0.0,,,,gemini35flash
2026091261,u_boost,fixed_sequence,0.1,,False,0,0,,1082,0,0,0.0,,,,gemini35flash
2026091261,u_boost,bonferroni,0.1,,False,0,0,,1082,0,0,0.0,,,,gemini35flash
2026091261,u_boost,fixed_sequence,0.14285714285714285,,False,0,0,,1082,0,0,0.0,,,,gemini35flash
2026091261,u_boost,bonferroni,0.14285714285714285,,False,0,0,,1082,0,0,0.0,,,,gemini35flash
2026091261,u_boost,fixed_sequence,0.2,,False,0,0,,1082,0,0,0.0,,,,gemini35flash
2026091261,u_boost,bonferroni,0.2,,False,0,0,,1082,0,0,0.0,,,,gemini35flash
2026091261,u_boost,fixed_sequence,0.25,0.69,True,190,33,0.24418163566995707,1082,177,34,0.16358595194085027,0.192090395480226,0.13684857300984282,0.2579441575586933,gemini35flash
2026091261,u_boost,bonferroni,0.25,,False,0,0,,1082,0,0,0.0,,,,gemini35flash
2026091261,rich_logistic,fixed_sequence,0.1,,False,0,0,,1082,0,0,0.0,,,,gemini35flash
2026091261,rich_logistic,bonferroni,0.1,,False,0,0,,1082,0,0,0.0,,,,gemini35flash
2026091261,rich_logistic,fixed_sequence,0.14285714285714285,,False,0,0,,1082,0,0,0.0,,,,gemini35flash
2026091261,rich_logistic,bonferroni,0.14285714285714285,,False,0,0,,1082,0,0,0.0,,,,gemini35flash
2026091261,rich_logistic,fixed_sequence,0.2,,False,0,0,,1082,0,0,0.0,,,,gemini35flash
2026091261,rich_logistic,bonferroni,0.2,,False,0,0,,1082,0,0,0.0,,,,gemini35flash
2026091261,rich_logistic,fixed_sequence,0.25,0.74,True,223,38,0.2344939098614844,1082,204,32,0.18853974121996303,0.1568627450980392,0.109835626839122,0.21416705182640328,gemini35flash
2026091261,rich_logistic,bonferroni,0.25,,False,0,0,,1082,0,0,0.0,,,,gemini35flash
2026091261,rich_boost,fixed_sequence,0.1,,False,0,0,,1082,0,0,0.0,,,,gemini35flash
2026091261,rich_boost,bonferroni,0.1,,False,0,0,,1082,0,0,0.0,,,,gemini35flash
2026091261,rich_boost,fixed_sequence,0.14285714285714285,,False,0,0,,1082,0,0,0.0,,,,gemini35flash
2026091261,rich_boost,bonferroni,0.14285714285714285,,False,0,0,,1082,0,0,0.0,,,,gemini35flash
2026091261,rich_boost,fixed_sequence,0.2,,False,0,0,,1082,0,0,0.0,,,,gemini35flash
2026091261,rich_boost,bonferroni,0.2,,False,0,0,,1082,0,0,0.0,,,,gemini35flash
2026091261,rich_boost,fixed_sequence,0.25,0.76,True,172,29,0.2425411728828446,1082,150,26,0.13863216266173753,0.17333333333333334,0.1164621733606251,0.24356675011341974,gemini35flash
2026091261,rich_boost,bonferroni,0.25,,False,0,0,,1082,0,0,0.0,,,,gemini35flash
2026091262,raw_u,fixed_sequence,0.1,,False,0,0,,1082,0,0,0.0,,,,gemini35flash
2026091262,raw_u,bonferroni,0.1,,False,0,0,,1082,0,0,0.0,,,,gemini35flash
2026091262,raw_u,fixed_sequence,0.14285714285714285,,False,0,0,,1082,0,0,0.0,,,,gemini35flash
2026091262,raw_u,bonferroni,0.14285714285714285,,False,0,0,,1082,0,0,0.0,,,,gemini35flash
2026091262,raw_u,fixed_sequence,0.2,,False,0,0,,1082,0,0,0.0,,,,gemini35flash
2026091262,raw_u,bonferroni,0.2,,False,0,0,,1082,0,0,0.0,,,,gemini35flash
2026091262,raw_u,fixed_sequence,0.25,0.8571428571428571,True,203,32,0.2236499368718738,1082,191,32,0.17652495378927913,0.16753926701570682,0.11750851816085424,0.22820387614700377,gemini35flash
2026091262,raw_u,bonferroni,0.25,0.91,True,174,24,0.2422658783381726,1082,167,28,0.15434380776340112,0.16766467065868262,0.1143975208357154,0.23312382279437485,gemini35flash
2026091262,u_boost,fixed_sequence,0.1,,False,0,0,,1082,0,0,0.0,,,,gemini35flash
2026091262,u_boost,bonferroni,0.1,,False,0,0,,1082,0,0,0.0,,,,gemini35flash
2026091262,u_boost,fixed_sequence,0.14285714285714285,,False,0,0,,1082,0,0,0.0,,,,gemini35flash
2026091262,u_boost,bonferroni,0.14285714285714285,,False,0,0,,1082,0,0,0.0,,,,gemini35flash
2026091262,u_boost,fixed_sequence,0.2,,False,0,0,,1082,0,0,0.0,,,,gemini35flash
2026091262,u_boost,bonferroni,0.2,,False,0,0,,1082,0,0,0.0,,,,gemini35flash
2026091262,u_boost,fixed_sequence,0.25,0.74,True,215,37,0.23769639781175128,1082,203,43,0.1876155268022181,0.21182266009852216,0.15774200500828228,0.2745232461574785,gemini35flash
2026091262,u_boost,bonferroni,0.25,0.79,True,174,24,0.2422658783381726,1082,167,28,0.15434380776340112,0.16766467065868262,0.1143975208357154,0.23312382279437485,gemini35flash
2026091262,rich_logistic,fixed_sequence,0.1,,False,0,0,,1082,0,0,0.0,,,,gemini35flash
2026091262,rich_logistic,bonferroni,0.1,,False,0,0,,1082,0,0,0.0,,,,gemini35flash
2026091262,rich_logistic,fixed_sequence,0.14285714285714285,,False,0,0,,1082,0,0,0.0,,,,gemini35flash
2026091262,rich_logistic,bonferroni,0.14285714285714285,,False,0,0,,1082,0,0,0.0,,,,gemini35flash
2026091262,rich_logistic,fixed_sequence,0.2,,False,0,0,,1082,0,0,0.0,,,,gemini35flash
2026091262,rich_logistic,bonferroni,0.2,,False,0,0,,1082,0,0,0.0,,,,gemini35flash
2026091262,rich_logistic,fixed_sequence,0.25,0.7,True,325,62,0.24461708888945044,1082,321,67,0.2966728280961183,0.2087227414330218,0.16557643343239345,0.25733583917315905,gemini35flash
2026091262,rich_logistic,bonferroni,0.25,0.77,True,219,34,0.24967393190701848,1082,210,38,0.19408502772643252,0.18095238095238095,0.13134939703700058,0.23980342566889715,gemini35flash
2026091262,rich_boost,fixed_sequence,0.1,,False,0,0,,1082,0,0,0.0,,,,gemini35flash
2026091262,rich_boost,bonferroni,0.1,,False,0,0,,1082,0,0,0.0,,,,gemini35flash
2026091262,rich_boost,fixed_sequence,0.14285714285714285,,False,0,0,,1082,0,0,0.0,,,,gemini35flash
2026091262,rich_boost,bonferroni,0.14285714285714285,,False,0,0,,1082,0,0,0.0,,,,gemini35flash
2026091262,rich_boost,fixed_sequence,0.2,,False,0,0,,1082,0,0,0.0,,,,gemini35flash
2026091262,rich_boost,bonferroni,0.2,,False,0,0,,1082,0,0,0.0,,,,gemini35flash
2026091262,rich_boost,fixed_sequence,0.25,0.71,True,281,53,0.24672476098034518,1082,270,54,0.24953789279112754,0.2,0.15396480708243337,0.25275394928222744,gemini35flash
2026091262,rich_boost,bonferroni,0.25,0.8,True,217,33,0.24644628403749866,1082,207,37,0.1913123844731978,0.178743961352657,0.12908490815259618,0.23785518958016155,gemini35flash
2026091263,raw_u,fixed_sequence,0.1,,False,0,0,,1082,0,0,0.0,,,,gemini35flash
2026091263,raw_u,bonferroni,0.1,,False,0,0,,1082,0,0,0.0,,,,gemini35flash
2026091263,raw_u,fixed_sequence,0.14285714285714285,,False,0,0,,1082,0,0,0.0,,,,gemini35flash
2026091263,raw_u,bonferroni,0.14285714285714285,,False,0,0,,1082,0,0,0.0,,,,gemini35flash
2026091263,raw_u,fixed_sequence,0.2,,False,0,0,,1082,0,0,0.0,,,,gemini35flash
2026091263,raw_u,bonferroni,0.2,,False,0,0,,1082,0,0,0.0,,,,gemini35flash
2026091263,raw_u,fixed_sequence,0.25,,False,0,0,,1082,0,0,0.0,,,,gemini35flash
2026091263,raw_u,bonferroni,0.25,,False,0,0,,1082,0,0,0.0,,,,gemini35flash
2026091263,u_boost,fixed_sequence,0.1,,False,0,0,,1082,0,0,0.0,,,,gemini35flash
2026091263,u_boost,bonferroni,0.1,,False,0,0,,1082,0,0,0.0,,,,gemini35flash
2026091263,u_boost,fixed_sequence,0.14285714285714285,,False,0,0,,1082,0,0,0.0,,,,gemini35flash
2026091263,u_boost,bonferroni,0.14285714285714285,,False,0,0,,1082,0,0,0.0,,,,gemini35flash
2026091263,u_boost,fixed_sequence,0.2,,False,0,0,,1082,0,0,0.0,,,,gemini35flash
2026091263,u_boost,bonferroni,0.2,,False,0,0,,1082,0,0,0.0,,,,gemini35flash
2026091263,u_boost,fixed_sequence,0.25,,False,0,0,,1082,0,0,0.0,,,,gemini35flash
2026091263,u_boost,bonferroni,0.25,,False,0,0,,1082,0,0,0.0,,,,gemini35flash
2026091263,rich_logistic,fixed_sequence,0.1,,False,0,0,,1082,0,0,0.0,,,,gemini35flash
2026091263,rich_logistic,bonferroni,0.1,,False,0,0,,1082,0,0,0.0,,,,gemini35flash
2026091263,rich_logistic,fixed_sequence,0.14285714285714285,,False,0,0,,1082,0,0,0.0,,,,gemini35flash
2026091263,rich_logistic,bonferroni,0.14285714285714285,,False,0,0,,1082,0,0,0.0,,,,gemini35flash
2026091263,rich_logistic,fixed_sequence,0.2,,False,0,0,,1082,0,0,0.0,,,,gemini35flash
2026091263,rich_logistic,bonferroni,0.2,,False,0,0,,1082,0,0,0.0,,,,gemini35flash
2026091263,rich_logistic,fixed_sequence,0.25,,False,0,0,,1082,0,0,0.0,,,,gemini35flash
2026091263,rich_logistic,bonferroni,0.25,,False,0,0,,1082,0,0,0.0,,,,gemini35flash
2026091263,rich_boost,fixed_sequence,0.1,,False,0,0,,1082,0,0,0.0,,,,gemini35flash
2026091263,rich_boost,bonferroni,0.1,,False,0,0,,1082,0,0,0.0,,,,gemini35flash
2026091263,rich_boost,fixed_sequence,0.14285714285714285,,False,0,0,,1082,0,0,0.0,,,,gemini35flash
2026091263,rich_boost,bonferroni,0.14285714285714285,,False,0,0,,1082,0,0,0.0,,,,gemini35flash
2026091263,rich_boost,fixed_sequence,0.2,,False,0,0,,1082,0,0,0.0,,,,gemini35flash
2026091263,rich_boost,bonferroni,0.2,,False,0,0,,1082,0,0,0.0,,,,gemini35flash
2026091263,rich_boost,fixed_sequence,0.25,,False,0,0,,1082,0,0,0.0,,,,gemini35flash
2026091263,rich_boost,bonferroni,0.25,,False,0,0,,1082,0,0,0.0,,,,gemini35flash
2026091264,raw_u,fixed_sequence,0.1,,False,0,0,,1082,0,0,0.0,,,,gemini35flash
2026091264,raw_u,bonferroni,0.1,,False,0,0,,1082,0,0,0.0,,,,gemini35flash
2026091264,raw_u,fixed_sequence,0.14285714285714285,,False,0,0,,1082,0,0,0.0,,,,gemini35flash
2026091264,raw_u,bonferroni,0.14285714285714285,,False,0,0,,1082,0,0,0.0,,,,gemini35flash
2026091264,raw_u,fixed_sequence,0.2,,False,0,0,,1082,0,0,0.0,,,,gemini35flash
2026091264,raw_u,bonferroni,0.2,,False,0,0,,1082,0,0,0.0,,,,gemini35flash
2026091264,raw_u,fixed_sequence,0.25,0.91,True,172,29,0.2425411728828446,1082,161,27,0.1487985212569316,0.16770186335403728,0.1135207697835242,0.23453781915186683,gemini35flash
2026091264,raw_u,bonferroni,0.25,,False,0,0,,1082,0,0,0.0,,,,gemini35flash
2026091264,u_boost,fixed_sequence,0.1,,False,0,0,,1082,0,0,0.0,,,,gemini35flash
2026091264,u_boost,bonferroni,0.1,,False,0,0,,1082,0,0,0.0,,,,gemini35flash
2026091264,u_boost,fixed_sequence,0.14285714285714285,,False,0,0,,1082,0,0,0.0,,,,gemini35flash
2026091264,u_boost,bonferroni,0.14285714285714285,,False,0,0,,1082,0,0,0.0,,,,gemini35flash
2026091264,u_boost,fixed_sequence,0.2,,False,0,0,,1082,0,0,0.0,,,,gemini35flash
2026091264,u_boost,bonferroni,0.2,,False,0,0,,1082,0,0,0.0,,,,gemini35flash
2026091264,u_boost,fixed_sequence,0.25,,False,0,0,,1082,0,0,0.0,,,,gemini35flash
2026091264,u_boost,bonferroni,0.25,,False,0,0,,1082,0,0,0.0,,,,gemini35flash
2026091264,rich_logistic,fixed_sequence,0.1,,False,0,0,,1082,0,0,0.0,,,,gemini35flash
2026091264,rich_logistic,bonferroni,0.1,,False,0,0,,1082,0,0,0.0,,,,gemini35flash
2026091264,rich_logistic,fixed_sequence,0.14285714285714285,,False,0,0,,1082,0,0,0.0,,,,gemini35flash
2026091264,rich_logistic,bonferroni,0.14285714285714285,,False,0,0,,1082,0,0,0.0,,,,gemini35flash
2026091264,rich_logistic,fixed_sequence,0.2,,False,0,0,,1082,0,0,0.0,,,,gemini35flash
2026091264,rich_logistic,bonferroni,0.2,,False,0,0,,1082,0,0,0.0,,,,gemini35flash
2026091264,rich_logistic,fixed_sequence,0.25,0.73,True,232,40,0.23532344347279968,1082,228,42,0.21072088724584104,0.18421052631578946,0.13610623230185606,0.24072917706394345,gemini35flash
2026091264,rich_logistic,bonferroni,0.25,,False,0,0,,1082,0,0,0.0,,,,gemini35flash
2026091264,rich_boost,fixed_sequence,0.1,,False,0,0,,1082,0,0,0.0,,,,gemini35flash
2026091264,rich_boost,bonferroni,0.1,,False,0,0,,1082,0,0,0.0,,,,gemini35flash
2026091264,rich_boost,fixed_sequence,0.14285714285714285,,False,0,0,,1082,0,0,0.0,,,,gemini35flash
2026091264,rich_boost,bonferroni,0.14285714285714285,,False,0,0,,1082,0,0,0.0,,,,gemini35flash
2026091264,rich_boost,fixed_sequence,0.2,,False,0,0,,1082,0,0,0.0,,,,gemini35flash
2026091264,rich_boost,bonferroni,0.2,,False,0,0,,1082,0,0,0.0,,,,gemini35flash
2026091264,rich_boost,fixed_sequence,0.25,0.73,True,222,40,0.2454925870287004,1082,220,39,0.2033271719038817,0.17727272727272728,0.12919941083582112,0.234271129420443,gemini35flash
2026091264,rich_boost,bonferroni,0.25,,False,0,0,,1082,0,0,0.0,,,,gemini35flash
2026091265,raw_u,fixed_sequence,0.1,,False,0,0,,1082,0,0,0.0,,,,gemini35flash
2026091265,raw_u,bonferroni,0.1,,False,0,0,,1082,0,0,0.0,,,,gemini35flash
2026091265,raw_u,fixed_sequence,0.14285714285714285,,False,0,0,,1082,0,0,0.0,,,,gemini35flash
2026091265,raw_u,bonferroni,0.14285714285714285,,False,0,0,,1082,0,0,0.0,,,,gemini35flash
2026091265,raw_u,fixed_sequence,0.2,,False,0,0,,1082,0,0,0.0,,,,gemini35flash
2026091265,raw_u,bonferroni,0.2,,False,0,0,,1082,0,0,0.0,,,,gemini35flash
2026091265,raw_u,fixed_sequence,0.25,,False,0,0,,1082,0,0,0.0,,,,gemini35flash
2026091265,raw_u,bonferroni,0.25,,False,0,0,,1082,0,0,0.0,,,,gemini35flash
2026091265,u_boost,fixed_sequence,0.1,,False,0,0,,1082,0,0,0.0,,,,gemini35flash
2026091265,u_boost,bonferroni,0.1,,False,0,0,,1082,0,0,0.0,,,,gemini35flash
2026091265,u_boost,fixed_sequence,0.14285714285714285,,False,0,0,,1082,0,0,0.0,,,,gemini35flash
2026091265,u_boost,bonferroni,0.14285714285714285,,False,0,0,,1082,0,0,0.0,,,,gemini35flash
2026091265,u_boost,fixed_sequence,0.2,,False,0,0,,1082,0,0,0.0,,,,gemini35flash
2026091265,u_boost,bonferroni,0.2,,False,0,0,,1082,0,0,0.0,,,,gemini35flash
2026091265,u_boost,fixed_sequence,0.25,,False,0,0,,1082,0,0,0.0,,,,gemini35flash
2026091265,u_boost,bonferroni,0.25,,False,0,0,,1082,0,0,0.0,,,,gemini35flash
2026091265,rich_logistic,fixed_sequence,0.1,,False,0,0,,1082,0,0,0.0,,,,gemini35flash
2026091265,rich_logistic,bonferroni,0.1,,False,0,0,,1082,0,0,0.0,,,,gemini35flash
2026091265,rich_logistic,fixed_sequence,0.14285714285714285,,False,0,0,,1082,0,0,0.0,,,,gemini35flash
2026091265,rich_logistic,bonferroni,0.14285714285714285,,False,0,0,,1082,0,0,0.0,,,,gemini35flash
2026091265,rich_logistic,fixed_sequence,0.2,,False,0,0,,1082,0,0,0.0,,,,gemini35flash
2026091265,rich_logistic,bonferroni,0.2,,False,0,0,,1082,0,0,0.0,,,,gemini35flash
2026091265,rich_logistic,fixed_sequence,0.25,,False,0,0,,1082,0,0,0.0,,,,gemini35flash
2026091265,rich_logistic,bonferroni,0.25,,False,0,0,,1082,0,0,0.0,,,,gemini35flash
2026091265,rich_boost,fixed_sequence,0.1,,False,0,0,,1082,0,0,0.0,,,,gemini35flash
2026091265,rich_boost,bonferroni,0.1,,False,0,0,,1082,0,0,0.0,,,,gemini35flash
2026091265,rich_boost,fixed_sequence,0.14285714285714285,,False,0,0,,1082,0,0,0.0,,,,gemini35flash
2026091265,rich_boost,bonferroni,0.14285714285714285,,False,0,0,,1082,0,0,0.0,,,,gemini35flash
2026091265,rich_boost,fixed_sequence,0.2,,False,0,0,,1082,0,0,0.0,,,,gemini35flash
2026091265,rich_boost,bonferroni,0.2,,False,0,0,,1082,0,0,0.0,,,,gemini35flash
2026091265,rich_boost,fixed_sequence,0.25,,False,0,0,,1082,0,0,0.0,,,,gemini35flash
2026091265,rich_boost,bonferroni,0.25,,False,0,0,,1082,0,0,0.0,,,,gemini35flash
2026091266,raw_u,fixed_sequence,0.1,,False,0,0,,1082,0,0,0.0,,,,gemini35flash
2026091266,raw_u,bonferroni,0.1,,False,0,0,,1082,0,0,0.0,,,,gemini35flash
2026091266,raw_u,fixed_sequence,0.14285714285714285,,False,0,0,,1082,0,0,0.0,,,,gemini35flash
2026091266,raw_u,bonferroni,0.14285714285714285,,False,0,0,,1082,0,0,0.0,,,,gemini35flash
2026091266,raw_u,fixed_sequence,0.2,,False,0,0,,1082,0,0,0.0,,,,gemini35flash
2026091266,raw_u,bonferroni,0.2,,False,0,0,,1082,0,0,0.0,,,,gemini35flash
2026091266,raw_u,fixed_sequence,0.25,0.91,True,143,23,0.24189272424046737,1082,192,31,0.17744916820702403,0.16145833333333334,0.11241672322869593,0.22127990417556248,gemini35flash
2026091266,raw_u,bonferroni,0.25,,False,0,0,,1082,0,0,0.0,,,,gemini35flash
2026091266,u_boost,fixed_sequence,0.1,,False,0,0,,1082,0,0,0.0,,,,gemini35flash
2026091266,u_boost,bonferroni,0.1,,False,0,0,,1082,0,0,0.0,,,,gemini35flash
2026091266,u_boost,fixed_sequence,0.14285714285714285,,False,0,0,,1082,0,0,0.0,,,,gemini35flash
2026091266,u_boost,bonferroni,0.14285714285714285,,False,0,0,,1082,0,0,0.0,,,,gemini35flash
2026091266,u_boost,fixed_sequence,0.2,,False,0,0,,1082,0,0,0.0,,,,gemini35flash
2026091266,u_boost,bonferroni,0.2,,False,0,0,,1082,0,0,0.0,,,,gemini35flash
2026091266,u_boost,fixed_sequence,0.25,0.75,True,143,23,0.24189272424046737,1082,192,31,0.17744916820702403,0.16145833333333334,0.11241672322869593,0.22127990417556248,gemini35flash
2026091266,u_boost,bonferroni,0.25,,False,0,0,,1082,0,0,0.0,,,,gemini35flash
2026091266,rich_logistic,fixed_sequence,0.1,,False,0,0,,1082,0,0,0.0,,,,gemini35flash
2026091266,rich_logistic,bonferroni,0.1,,False,0,0,,1082,0,0,0.0,,,,gemini35flash
2026091266,rich_logistic,fixed_sequence,0.14285714285714285,,False,0,0,,1082,0,0,0.0,,,,gemini35flash
2026091266,rich_logistic,bonferroni,0.14285714285714285,,False,0,0,,1082,0,0,0.0,,,,gemini35flash
2026091266,rich_logistic,fixed_sequence,0.2,,False,0,0,,1082,0,0,0.0,,,,gemini35flash
2026091266,rich_logistic,bonferroni,0.2,,False,0,0,,1082,0,0,0.0,,,,gemini35flash
2026091266,rich_logistic,fixed_sequence,0.25,0.73,True,209,38,0.24953833484154184,1082,269,47,0.24861367837338263,0.17472118959107807,0.13129370540058644,0.225479228071619,gemini35flash
2026091266,rich_logistic,bonferroni,0.25,,False,0,0,,1082,0,0,0.0,,,,gemini35flash
2026091266,rich_boost,fixed_sequence,0.1,,False,0,0,,1082,0,0,0.0,,,,gemini35flash
2026091266,rich_boost,bonferroni,0.1,,False,0,0,,1082,0,0,0.0,,,,gemini35flash
2026091266,rich_boost,fixed_sequence,0.14285714285714285,,False,0,0,,1082,0,0,0.0,,,,gemini35flash
2026091266,rich_boost,bonferroni,0.14285714285714285,,False,0,0,,1082,0,0,0.0,,,,gemini35flash
2026091266,rich_boost,fixed_sequence,0.2,,False,0,0,,1082,0,0,0.0,,,,gemini35flash
2026091266,rich_boost,bonferroni,0.2,,False,0,0,,1082,0,0,0.0,,,,gemini35flash
2026091266,rich_boost,fixed_sequence,0.25,0.75,True,191,30,0.22532519611831026,1082,251,43,0.23197781885397412,0.17131474103585656,0.12684235614141112,0.2237392717181496,gemini35flash
2026091266,rich_boost,bonferroni,0.25,,False,0,0,,1082,0,0,0.0,,,,gemini35flash
2026091267,raw_u,fixed_sequence,0.1,,False,0,0,,1082,0,0,0.0,,,,gemini35flash
2026091267,raw_u,bonferroni,0.1,,False,0,0,,1082,0,0,0.0,,,,gemini35flash
2026091267,raw_u,fixed_sequence,0.14285714285714285,,False,0,0,,1082,0,0,0.0,,,,gemini35flash
2026091267,raw_u,bonferroni,0.14285714285714285,,False,0,0,,1082,0,0,0.0,,,,gemini35flash
2026091267,raw_u,fixed_sequence,0.2,,False,0,0,,1082,0,0,0.0,,,,gemini35flash
2026091267,raw_u,bonferroni,0.2,,False,0,0,,1082,0,0,0.0,,,,gemini35flash
2026091267,raw_u,fixed_sequence,0.25,0.91,True,162,26,0.2359214232400403,1082,171,26,0.15804066543438078,0.15204678362573099,0.10178972015835963,0.21479391608012913,gemini35flash
2026091267,raw_u,bonferroni,0.25,,False,0,0,,1082,0,0,0.0,,,,gemini35flash
2026091267,u_boost,fixed_sequence,0.1,,False,0,0,,1082,0,0,0.0,,,,gemini35flash
2026091267,u_boost,bonferroni,0.1,,False,0,0,,1082,0,0,0.0,,,,gemini35flash
2026091267,u_boost,fixed_sequence,0.14285714285714285,,False,0,0,,1082,0,0,0.0,,,,gemini35flash
2026091267,u_boost,bonferroni,0.14285714285714285,,False,0,0,,1082,0,0,0.0,,,,gemini35flash
2026091267,u_boost,fixed_sequence,0.2,,False,0,0,,1082,0,0,0.0,,,,gemini35flash
2026091267,u_boost,bonferroni,0.2,,False,0,0,,1082,0,0,0.0,,,,gemini35flash
2026091267,u_boost,fixed_sequence,0.25,,False,0,0,,1082,0,0,0.0,,,,gemini35flash
2026091267,u_boost,bonferroni,0.25,,False,0,0,,1082,0,0,0.0,,,,gemini35flash
2026091267,rich_logistic,fixed_sequence,0.1,,False,0,0,,1082,0,0,0.0,,,,gemini35flash
2026091267,rich_logistic,bonferroni,0.1,,False,0,0,,1082,0,0,0.0,,,,gemini35flash
2026091267,rich_logistic,fixed_sequence,0.14285714285714285,,False,0,0,,1082,0,0,0.0,,,,gemini35flash
2026091267,rich_logistic,bonferroni,0.14285714285714285,,False,0,0,,1082,0,0,0.0,,,,gemini35flash
2026091267,rich_logistic,fixed_sequence,0.2,,False,0,0,,1082,0,0,0.0,,,,gemini35flash
2026091267,rich_logistic,bonferroni,0.2,,False,0,0,,1082,0,0,0.0,,,,gemini35flash
2026091267,rich_logistic,fixed_sequence,0.25,0.73,True,269,50,0.24514047942291486,1082,293,50,0.2707948243992606,0.17064846416382254,0.12939106423259322,0.2187123345208172,gemini35flash
2026091267,rich_logistic,bonferroni,0.25,,False,0,0,,1082,0,0,0.0,,,,gemini35flash
2026091267,rich_boost,fixed_sequence,0.1,,False,0,0,,1082,0,0,0.0,,,,gemini35flash
2026091267,rich_boost,bonferroni,0.1,,False,0,0,,1082,0,0,0.0,,,,gemini35flash
2026091267,rich_boost,fixed_sequence,0.14285714285714285,,False,0,0,,1082,0,0,0.0,,,,gemini35flash
2026091267,rich_boost,bonferroni,0.14285714285714285,,False,0,0,,1082,0,0,0.0,,,,gemini35flash
2026091267,rich_boost,fixed_sequence,0.2,,False,0,0,,1082,0,0,0.0,,,,gemini35flash
2026091267,rich_boost,bonferroni,0.2,,False,0,0,,1082,0,0,0.0,,,,gemini35flash
2026091267,rich_boost,fixed_sequence,0.25,0.77,True,187,31,0.23595698455314715,1082,199,30,0.18391866913123844,0.1507537688442211,0.10408242908366526,0.20816385400139456,gemini35flash
2026091267,rich_boost,bonferroni,0.25,,False,0,0,,1082,0,0,0.0,,,,gemini35flash
2026091268,raw_u,fixed_sequence,0.1,,False,0,0,,1082,0,0,0.0,,,,gemini35flash
2026091268,raw_u,bonferroni,0.1,,False,0,0,,1082,0,0,0.0,,,,gemini35flash
2026091268,raw_u,fixed_sequence,0.14285714285714285,,False,0,0,,1082,0,0,0.0,,,,gemini35flash
2026091268,raw_u,bonferroni,0.14285714285714285,,False,0,0,,1082,0,0,0.0,,,,gemini35flash
2026091268,raw_u,fixed_sequence,0.2,,False,0,0,,1082,0,0,0.0,,,,gemini35flash
2026091268,raw_u,bonferroni,0.2,,False,0,0,,1082,0,0,0.0,,,,gemini35flash
2026091268,raw_u,fixed_sequence,0.25,0.81,True,294,50,0.22500250801161212,1082,325,73,0.300369685767098,0.2246153846153846,0.18039742914265963,0.273931556377996,gemini35flash
2026091268,raw_u,bonferroni,0.25,,False,0,0,,1082,0,0,0.0,,,,gemini35flash
2026091268,u_boost,fixed_sequence,0.1,,False,0,0,,1082,0,0,0.0,,,,gemini35flash
2026091268,u_boost,bonferroni,0.1,,False,0,0,,1082,0,0,0.0,,,,gemini35flash
2026091268,u_boost,fixed_sequence,0.14285714285714285,,False,0,0,,1082,0,0,0.0,,,,gemini35flash
2026091268,u_boost,bonferroni,0.14285714285714285,,False,0,0,,1082,0,0,0.0,,,,gemini35flash
2026091268,u_boost,fixed_sequence,0.2,,False,0,0,,1082,0,0,0.0,,,,gemini35flash
2026091268,u_boost,bonferroni,0.2,,False,0,0,,1082,0,0,0.0,,,,gemini35flash
2026091268,u_boost,fixed_sequence,0.25,0.61,True,408,78,0.23879507037297779,1082,437,112,0.40388170055452866,0.2562929061784897,0.2159847871398231,0.29993591144609794,gemini35flash
2026091268,u_boost,bonferroni,0.25,,False,0,0,,1082,0,0,0.0,,,,gemini35flash
2026091268,rich_logistic,fixed_sequence,0.1,,False,0,0,,1082,0,0,0.0,,,,gemini35flash
2026091268,rich_logistic,bonferroni,0.1,,False,0,0,,1082,0,0,0.0,,,,gemini35flash
2026091268,rich_logistic,fixed_sequence,0.14285714285714285,,False,0,0,,1082,0,0,0.0,,,,gemini35flash
2026091268,rich_logistic,bonferroni,0.14285714285714285,,False,0,0,,1082,0,0,0.0,,,,gemini35flash
2026091268,rich_logistic,fixed_sequence,0.2,,False,0,0,,1082,0,0,0.0,,,,gemini35flash
2026091268,rich_logistic,bonferroni,0.2,,False,0,0,,1082,0,0,0.0,,,,gemini35flash
2026091268,rich_logistic,fixed_sequence,0.25,0.72,True,278,42,0.20568191376614753,1082,298,62,0.2754158964879852,0.2080536912751678,0.16339556734948424,0.2586217652373527,gemini35flash
2026091268,rich_logistic,bonferroni,0.25,0.71,True,300,48,0.23974308321500223,1082,324,71,0.29944547134935307,0.2191358024691358,0.17529960460577843,0.268189870396494,gemini35flash
2026091268,rich_boost,fixed_sequence,0.1,,False,0,0,,1082,0,0,0.0,,,,gemini35flash
2026091268,rich_boost,bonferroni,0.1,,False,0,0,,1082,0,0,0.0,,,,gemini35flash
2026091268,rich_boost,fixed_sequence,0.14285714285714285,,False,0,0,,1082,0,0,0.0,,,,gemini35flash
2026091268,rich_boost,bonferroni,0.14285714285714285,,False,0,0,,1082,0,0,0.0,,,,gemini35flash
2026091268,rich_boost,fixed_sequence,0.2,,False,0,0,,1082,0,0,0.0,,,,gemini35flash
2026091268,rich_boost,bonferroni,0.2,,False,0,0,,1082,0,0,0.0,,,,gemini35flash
2026091268,rich_boost,fixed_sequence,0.25,0.72,True,200,31,0.22123747403460448,1082,218,43,0.20147874306839186,0.19724770642201836,0.14658092272527642,0.25634744847919827,gemini35flash
2026091268,rich_boost,bonferroni,0.25,0.65,True,357,60,0.24150971280095054,1082,369,86,0.3410351201478743,0.23306233062330622,0.19086279516621568,0.2796035377984683,gemini35flash
2026091269,raw_u,fixed_sequence,0.1,,False,0,0,,1082,0,0,0.0,,,,gemini35flash
2026091269,raw_u,bonferroni,0.1,,False,0,0,,1082,0,0,0.0,,,,gemini35flash
2026091269,raw_u,fixed_sequence,0.14285714285714285,,False,0,0,,1082,0,0,0.0,,,,gemini35flash
2026091269,raw_u,bonferroni,0.14285714285714285,,False,0,0,,1082,0,0,0.0,,,,gemini35flash
2026091269,raw_u,fixed_sequence,0.2,,False,0,0,,1082,0,0,0.0,,,,gemini35flash
2026091269,raw_u,bonferroni,0.2,,False,0,0,,1082,0,0,0.0,,,,gemini35flash
2026091269,raw_u,fixed_sequence,0.25,0.8571428571428571,True,210,28,0.19485075264321267,1082,187,32,0.17282809611829944,0.1711229946524064,0.12009006661070896,0.23289974535101662,gemini35flash
2026091269,raw_u,bonferroni,0.25,0.81,True,329,56,0.24734297624513954,1082,297,60,0.2744916820702403,0.20202020202020202,0.15784911041278255,0.2522469520406429,gemini35flash
2026091269,u_boost,fixed_sequence,0.1,,False,0,0,,1082,0,0,0.0,,,,gemini35flash
2026091269,u_boost,bonferroni,0.1,,False,0,0,,1082,0,0,0.0,,,,gemini35flash
2026091269,u_boost,fixed_sequence,0.14285714285714285,,False,0,0,,1082,0,0,0.0,,,,gemini35flash
2026091269,u_boost,bonferroni,0.14285714285714285,,False,0,0,,1082,0,0,0.0,,,,gemini35flash
2026091269,u_boost,fixed_sequence,0.2,0.76,True,184,21,0.17738776171704887,1082,160,24,0.1478743068391867,0.15,0.09853388973943542,0.21491830252908622,gemini35flash
2026091269,u_boost,bonferroni,0.2,,False,0,0,,1082,0,0,0.0,,,,gemini35flash
2026091269,u_boost,fixed_sequence,0.25,0.64,True,367,68,0.23523728647121228,1082,333,72,0.3077634011090573,0.21621621621621623,0.1731967301952309,0.26436406359429027,gemini35flash
2026091269,u_boost,bonferroni,0.25,0.74,True,222,33,0.24120875160147986,1082,196,36,0.18114602587800369,0.1836734693877551,0.13208288016355255,0.24509860659251143,gemini35flash
2026091269,rich_logistic,fixed_sequence,0.1,,False,0,0,,1082,0,0,0.0,,,,gemini35flash
2026091269,rich_logistic,bonferroni,0.1,,False,0,0,,1082,0,0,0.0,,,,gemini35flash
2026091269,rich_logistic,fixed_sequence,0.14285714285714285,,False,0,0,,1082,0,0,0.0,,,,gemini35flash
2026091269,rich_logistic,bonferroni,0.14285714285714285,,False,0,0,,1082,0,0,0.0,,,,gemini35flash
2026091269,rich_logistic,fixed_sequence,0.2,,False,0,0,,1082,0,0,0.0,,,,gemini35flash
2026091269,rich_logistic,bonferroni,0.2,,False,0,0,,1082,0,0,0.0,,,,gemini35flash
2026091269,rich_logistic,fixed_sequence,0.25,0.74,True,241,33,0.1942828219659488,1082,213,39,0.19685767097966728,0.18309859154929578,0.1335597889726383,0.24168912208610438,gemini35flash
2026091269,rich_logistic,bonferroni,0.25,0.74,True,241,33,0.22317853872959298,1082,213,39,0.19685767097966728,0.18309859154929578,0.1335597889726383,0.24168912208610438,gemini35flash
2026091269,rich_boost,fixed_sequence,0.1,,False,0,0,,1082,0,0,0.0,,,,gemini35flash
2026091269,rich_boost,bonferroni,0.1,,False,0,0,,1082,0,0,0.0,,,,gemini35flash
2026091269,rich_boost,fixed_sequence,0.14285714285714285,,False,0,0,,1082,0,0,0.0,,,,gemini35flash
2026091269,rich_boost,bonferroni,0.14285714285714285,,False,0,0,,1082,0,0,0.0,,,,gemini35flash
2026091269,rich_boost,fixed_sequence,0.2,,False,0,0,,1082,0,0,0.0,,,,gemini35flash
2026091269,rich_boost,bonferroni,0.2,,False,0,0,,1082,0,0,0.0,,,,gemini35flash
2026091269,rich_boost,fixed_sequence,0.25,0.7,True,330,54,0.21455816275955117,1082,291,57,0.2689463955637708,0.1958762886597938,0.1518629334428583,0.24620311707307804,gemini35flash
2026091269,rich_boost,bonferroni,0.25,0.69,True,357,62,0.24782684828369983,1082,316,64,0.2920517560073937,0.20253164556962025,0.1596108021752477,0.251128012356145,gemini35flash
2026091270,raw_u,fixed_sequence,0.1,,False,0,0,,1082,0,0,0.0,,,,gemini35flash
2026091270,raw_u,bonferroni,0.1,,False,0,0,,1082,0,0,0.0,,,,gemini35flash
2026091270,raw_u,fixed_sequence,0.14285714285714285,,False,0,0,,1082,0,0,0.0,,,,gemini35flash
2026091270,raw_u,bonferroni,0.14285714285714285,,False,0,0,,1082,0,0,0.0,,,,gemini35flash
2026091270,raw_u,fixed_sequence,0.2,,False,0,0,,1082,0,0,0.0,,,,gemini35flash
2026091270,raw_u,bonferroni,0.2,,False,0,0,,1082,0,0,0.0,,,,gemini35flash
2026091270,raw_u,fixed_sequence,0.25,,False,0,0,,1082,0,0,0.0,,,,gemini35flash
2026091270,raw_u,bonferroni,0.25,,False,0,0,,1082,0,0,0.0,,,,gemini35flash
2026091270,u_boost,fixed_sequence,0.1,,False,0,0,,1082,0,0,0.0,,,,gemini35flash
2026091270,u_boost,bonferroni,0.1,,False,0,0,,1082,0,0,0.0,,,,gemini35flash
2026091270,u_boost,fixed_sequence,0.14285714285714285,,False,0,0,,1082,0,0,0.0,,,,gemini35flash
2026091270,u_boost,bonferroni,0.14285714285714285,,False,0,0,,1082,0,0,0.0,,,,gemini35flash
2026091270,u_boost,fixed_sequence,0.2,,False,0,0,,1082,0,0,0.0,,,,gemini35flash
2026091270,u_boost,bonferroni,0.2,,False,0,0,,1082,0,0,0.0,,,,gemini35flash
2026091270,u_boost,fixed_sequence,0.25,,False,0,0,,1082,0,0,0.0,,,,gemini35flash
2026091270,u_boost,bonferroni,0.25,,False,0,0,,1082,0,0,0.0,,,,gemini35flash
2026091270,rich_logistic,fixed_sequence,0.1,,False,0,0,,1082,0,0,0.0,,,,gemini35flash
2026091270,rich_logistic,bonferroni,0.1,,False,0,0,,1082,0,0,0.0,,,,gemini35flash
2026091270,rich_logistic,fixed_sequence,0.14285714285714285,,False,0,0,,1082,0,0,0.0,,,,gemini35flash
2026091270,rich_logistic,bonferroni,0.14285714285714285,,False,0,0,,1082,0,0,0.0,,,,gemini35flash
2026091270,rich_logistic,fixed_sequence,0.2,,False,0,0,,1082,0,0,0.0,,,,gemini35flash
2026091270,rich_logistic,bonferroni,0.2,,False,0,0,,1082,0,0,0.0,,,,gemini35flash
2026091270,rich_logistic,fixed_sequence,0.25,,False,0,0,,1082,0,0,0.0,,,,gemini35flash
2026091270,rich_logistic,bonferroni,0.25,,False,0,0,,1082,0,0,0.0,,,,gemini35flash
2026091270,rich_boost,fixed_sequence,0.1,,False,0,0,,1082,0,0,0.0,,,,gemini35flash
2026091270,rich_boost,bonferroni,0.1,,False,0,0,,1082,0,0,0.0,,,,gemini35flash
2026091270,rich_boost,fixed_sequence,0.14285714285714285,,False,0,0,,1082,0,0,0.0,,,,gemini35flash
2026091270,rich_boost,bonferroni,0.14285714285714285,,False,0,0,,1082,0,0,0.0,,,,gemini35flash
2026091270,rich_boost,fixed_sequence,0.2,,False,0,0,,1082,0,0,0.0,,,,gemini35flash
2026091270,rich_boost,bonferroni,0.2,,False,0,0,,1082,0,0,0.0,,,,gemini35flash
2026091270,rich_boost,fixed_sequence,0.25,,False,0,0,,1082,0,0,0.0,,,,gemini35flash
2026091270,rich_boost,bonferroni,0.25,,False,0,0,,1082,0,0,0.0,,,,gemini35flash
2026091271,raw_u,fixed_sequence,0.1,,False,0,0,,1082,0,0,0.0,,,,gemini35flash
2026091271,raw_u,bonferroni,0.1,,False,0,0,,1082,0,0,0.0,,,,gemini35flash
2026091271,raw_u,fixed_sequence,0.14285714285714285,,False,0,0,,1082,0,0,0.0,,,,gemini35flash
2026091271,raw_u,bonferroni,0.14285714285714285,,False,0,0,,1082,0,0,0.0,,,,gemini35flash
2026091271,raw_u,fixed_sequence,0.2,,False,0,0,,1082,0,0,0.0,,,,gemini35flash
2026091271,raw_u,bonferroni,0.2,,False,0,0,,1082,0,0,0.0,,,,gemini35flash
2026091271,raw_u,fixed_sequence,0.25,0.91,True,160,27,0.2457985608850556,1082,154,23,0.1423290203327172,0.14935064935064934,0.09709247614920305,0.21562493393266466,gemini35flash
2026091271,raw_u,bonferroni,0.25,,False,0,0,,1082,0,0,0.0,,,,gemini35flash
2026091271,u_boost,fixed_sequence,0.1,,False,0,0,,1082,0,0,0.0,,,,gemini35flash
2026091271,u_boost,bonferroni,0.1,,False,0,0,,1082,0,0,0.0,,,,gemini35flash
2026091271,u_boost,fixed_sequence,0.14285714285714285,,False,0,0,,1082,0,0,0.0,,,,gemini35flash
2026091271,u_boost,bonferroni,0.14285714285714285,,False,0,0,,1082,0,0,0.0,,,,gemini35flash
2026091271,u_boost,fixed_sequence,0.2,,False,0,0,,1082,0,0,0.0,,,,gemini35flash
2026091271,u_boost,bonferroni,0.2,,False,0,0,,1082,0,0,0.0,,,,gemini35flash
2026091271,u_boost,fixed_sequence,0.25,0.75,True,160,27,0.2457985608850556,1082,154,23,0.1423290203327172,0.14935064935064934,0.09709247614920305,0.21562493393266466,gemini35flash
2026091271,u_boost,bonferroni,0.25,,False,0,0,,1082,0,0,0.0,,,,gemini35flash
2026091271,rich_logistic,fixed_sequence,0.1,,False,0,0,,1082,0,0,0.0,,,,gemini35flash
2026091271,rich_logistic,bonferroni,0.1,,False,0,0,,1082,0,0,0.0,,,,gemini35flash
2026091271,rich_logistic,fixed_sequence,0.14285714285714285,,False,0,0,,1082,0,0,0.0,,,,gemini35flash
2026091271,rich_logistic,bonferroni,0.14285714285714285,,False,0,0,,1082,0,0,0.0,,,,gemini35flash
2026091271,rich_logistic,fixed_sequence,0.2,,False,0,0,,1082,0,0,0.0,,,,gemini35flash
2026091271,rich_logistic,bonferroni,0.2,,False,0,0,,1082,0,0,0.0,,,,gemini35flash
2026091271,rich_logistic,fixed_sequence,0.25,0.77,True,179,31,0.2460270266617856,1082,179,26,0.16543438077634012,0.1452513966480447,0.09712891692212323,0.20554038026928742,gemini35flash
2026091271,rich_logistic,bonferroni,0.25,,False,0,0,,1082,0,0,0.0,,,,gemini35flash
2026091271,rich_boost,fixed_sequence,0.1,,False,0,0,,1082,0,0,0.0,,,,gemini35flash
2026091271,rich_boost,bonferroni,0.1,,False,0,0,,1082,0,0,0.0,,,,gemini35flash
2026091271,rich_boost,fixed_sequence,0.14285714285714285,,False,0,0,,1082,0,0,0.0,,,,gemini35flash
2026091271,rich_boost,bonferroni,0.14285714285714285,,False,0,0,,1082,0,0,0.0,,,,gemini35flash
2026091271,rich_boost,fixed_sequence,0.2,,False,0,0,,1082,0,0,0.0,,,,gemini35flash
2026091271,rich_boost,bonferroni,0.2,,False,0,0,,1082,0,0,0.0,,,,gemini35flash
2026091271,rich_boost,fixed_sequence,0.25,0.77,True,192,34,0.24755737355412516,1082,188,29,0.17375231053604437,0.15425531914893617,0.10580608548770522,0.21396541708911737,gemini35flash
2026091271,rich_boost,bonferroni,0.25,,False,0,0,,1082,0,0,0.0,,,,gemini35flash
2026091272,raw_u,fixed_sequence,0.1,,False,0,0,,1082,0,0,0.0,,,,gemini35flash
2026091272,raw_u,bonferroni,0.1,,False,0,0,,1082,0,0,0.0,,,,gemini35flash
2026091272,raw_u,fixed_sequence,0.14285714285714285,,False,0,0,,1082,0,0,0.0,,,,gemini35flash
2026091272,raw_u,bonferroni,0.14285714285714285,,False,0,0,,1082,0,0,0.0,,,,gemini35flash
2026091272,raw_u,fixed_sequence,0.2,0.91,True,178,20,0.17654545186542128,1082,158,27,0.14602587800369685,0.17088607594936708,0.11573842223563502,0.23880462110747433,gemini35flash
2026091272,raw_u,bonferroni,0.2,,False,0,0,,1082,0,0,0.0,,,,gemini35flash
2026091272,raw_u,fixed_sequence,0.25,0.91,True,178,20,0.17654545186542128,1082,158,27,0.14602587800369685,0.17088607594936708,0.11573842223563502,0.23880462110747433,gemini35flash
2026091272,raw_u,bonferroni,0.25,0.8571428571428571,True,202,29,0.2403242809492269,1082,189,33,0.17467652495378927,0.1746031746031746,0.12334159506534041,0.23637531380710117,gemini35flash
2026091272,u_boost,fixed_sequence,0.1,,False,0,0,,1082,0,0,0.0,,,,gemini35flash
2026091272,u_boost,bonferroni,0.1,,False,0,0,,1082,0,0,0.0,,,,gemini35flash
2026091272,u_boost,fixed_sequence,0.14285714285714285,,False,0,0,,1082,0,0,0.0,,,,gemini35flash
2026091272,u_boost,bonferroni,0.14285714285714285,,False,0,0,,1082,0,0,0.0,,,,gemini35flash
2026091272,u_boost,fixed_sequence,0.2,0.8,True,178,20,0.17654545186542128,1082,158,27,0.14602587800369685,0.17088607594936708,0.11573842223563502,0.23880462110747433,gemini35flash
2026091272,u_boost,bonferroni,0.2,,False,0,0,,1082,0,0,0.0,,,,gemini35flash
2026091272,u_boost,fixed_sequence,0.25,0.75,True,291,53,0.23854528223210095,1082,287,62,0.26524953789279115,0.21602787456445993,0.16982561769216292,0.26819920051505014,gemini35flash
2026091272,u_boost,bonferroni,0.25,0.78,True,178,20,0.20961769417495196,1082,158,27,0.14602587800369685,0.17088607594936708,0.11573842223563502,0.23880462110747433,gemini35flash
2026091272,rich_logistic,fixed_sequence,0.1,,False,0,0,,1082,0,0,0.0,,,,gemini35flash
2026091272,rich_logistic,bonferroni,0.1,,False,0,0,,1082,0,0,0.0,,,,gemini35flash
2026091272,rich_logistic,fixed_sequence,0.14285714285714285,,False,0,0,,1082,0,0,0.0,,,,gemini35flash
2026091272,rich_logistic,bonferroni,0.14285714285714285,,False,0,0,,1082,0,0,0.0,,,,gemini35flash
2026091272,rich_logistic,fixed_sequence,0.2,,False,0,0,,1082,0,0,0.0,,,,gemini35flash
2026091272,rich_logistic,bonferroni,0.2,,False,0,0,,1082,0,0,0.0,,,,gemini35flash
2026091272,rich_logistic,fixed_sequence,0.25,0.72,True,301,48,0.2126106286946211,1082,285,64,0.2634011090573013,0.22456140350877193,0.17744902230437626,0.2775012482732471,gemini35flash
2026091272,rich_logistic,bonferroni,0.25,0.72,True,301,48,0.23898544596619206,1082,285,64,0.2634011090573013,0.22456140350877193,0.17744902230437626,0.2775012482732471,gemini35flash
2026091272,rich_boost,fixed_sequence,0.1,,False,0,0,,1082,0,0,0.0,,,,gemini35flash
2026091272,rich_boost,bonferroni,0.1,,False,0,0,,1082,0,0,0.0,,,,gemini35flash
2026091272,rich_boost,fixed_sequence,0.14285714285714285,,False,0,0,,1082,0,0,0.0,,,,gemini35flash
2026091272,rich_boost,bonferroni,0.14285714285714285,,False,0,0,,1082,0,0,0.0,,,,gemini35flash
2026091272,rich_boost,fixed_sequence,0.2,,False,0,0,,1082,0,0,0.0,,,,gemini35flash
2026091272,rich_boost,bonferroni,0.2,,False,0,0,,1082,0,0,0.0,,,,gemini35flash
2026091272,rich_boost,fixed_sequence,0.25,0.75,True,226,32,0.2017074798207989,1082,211,42,0.19500924214417745,0.1990521327014218,0.14738634691606267,0.2593825462274629,gemini35flash
2026091272,rich_boost,bonferroni,0.25,0.71,True,309,51,0.24420133931318372,1082,301,69,0.27818853974122,0.2292358803986711,0.18296156990223347,0.280927662371575,gemini35flash
2026091273,raw_u,fixed_sequence,0.1,,False,0,0,,1082,0,0,0.0,,,,gemini35flash
2026091273,raw_u,bonferroni,0.1,,False,0,0,,1082,0,0,0.0,,,,gemini35flash
2026091273,raw_u,fixed_sequence,0.14285714285714285,,False,0,0,,1082,0,0,0.0,,,,gemini35flash
2026091273,raw_u,bonferroni,0.14285714285714285,,False,0,0,,1082,0,0,0.0,,,,gemini35flash
2026091273,raw_u,fixed_sequence,0.2,,False,0,0,,1082,0,0,0.0,,,,gemini35flash
2026091273,raw_u,bonferroni,0.2,,False,0,0,,1082,0,0,0.0,,,,gemini35flash
2026091273,raw_u,fixed_sequence,0.25,0.8571428571428571,True,177,30,0.24234886569661485,1082,184,28,0.17005545286506468,0.15217391304347827,0.10356245269374574,0.2123696103397878,gemini35flash
2026091273,raw_u,bonferroni,0.25,,False,0,0,,1082,0,0,0.0,,,,gemini35flash
2026091273,u_boost,fixed_sequence,0.1,,False,0,0,,1082,0,0,0.0,,,,gemini35flash
2026091273,u_boost,bonferroni,0.1,,False,0,0,,1082,0,0,0.0,,,,gemini35flash
2026091273,u_boost,fixed_sequence,0.14285714285714285,,False,0,0,,1082,0,0,0.0,,,,gemini35flash
2026091273,u_boost,bonferroni,0.14285714285714285,,False,0,0,,1082,0,0,0.0,,,,gemini35flash
2026091273,u_boost,fixed_sequence,0.2,,False,0,0,,1082,0,0,0.0,,,,gemini35flash
2026091273,u_boost,bonferroni,0.2,,False,0,0,,1082,0,0,0.0,,,,gemini35flash
2026091273,u_boost,fixed_sequence,0.25,0.74,True,155,24,0.23140656127141265,1082,156,21,0.14417744916820702,0.1346153846153846,0.08529956219472573,0.1983859135461304,gemini35flash
2026091273,u_boost,bonferroni,0.25,,False,0,0,,1082,0,0,0.0,,,,gemini35flash
2026091273,rich_logistic,fixed_sequence,0.1,,False,0,0,,1082,0,0,0.0,,,,gemini35flash
2026091273,rich_logistic,bonferroni,0.1,,False,0,0,,1082,0,0,0.0,,,,gemini35flash
2026091273,rich_logistic,fixed_sequence,0.14285714285714285,,False,0,0,,1082,0,0,0.0,,,,gemini35flash
2026091273,rich_logistic,bonferroni,0.14285714285714285,,False,0,0,,1082,0,0,0.0,,,,gemini35flash
2026091273,rich_logistic,fixed_sequence,0.2,,False,0,0,,1082,0,0,0.0,,,,gemini35flash
2026091273,rich_logistic,bonferroni,0.2,,False,0,0,,1082,0,0,0.0,,,,gemini35flash
2026091273,rich_logistic,fixed_sequence,0.25,0.7,True,299,56,0.24334058955679175,1082,317,62,0.2929759704251386,0.19558359621451105,0.1533669441975117,0.24359298892752165,gemini35flash
2026091273,rich_logistic,bonferroni,0.25,0.72,True,219,34,0.24967393190701848,1082,233,41,0.21534195933456562,0.1759656652360515,0.129334239190758,0.23105006186782165,gemini35flash
2026091273,rich_boost,fixed_sequence,0.1,,False,0,0,,1082,0,0,0.0,,,,gemini35flash
2026091273,rich_boost,bonferroni,0.1,,False,0,0,,1082,0,0,0.0,,,,gemini35flash
2026091273,rich_boost,fixed_sequence,0.14285714285714285,,False,0,0,,1082,0,0,0.0,,,,gemini35flash
2026091273,rich_boost,bonferroni,0.14285714285714285,,False,0,0,,1082,0,0,0.0,,,,gemini35flash
2026091273,rich_boost,fixed_sequence,0.2,,False,0,0,,1082,0,0,0.0,,,,gemini35flash
2026091273,rich_boost,bonferroni,0.2,,False,0,0,,1082,0,0,0.0,,,,gemini35flash
2026091273,rich_boost,fixed_sequence,0.25,0.7,True,311,60,0.2482692310135776,1082,335,65,0.3096118299445471,0.19402985074626866,0.15305987993268563,0.24050481124715767,gemini35flash
2026091273,rich_boost,bonferroni,0.25,,False,0,0,,1082,0,0,0.0,,,,gemini35flash
2026091274,raw_u,fixed_sequence,0.1,,False,0,0,,1082,0,0,0.0,,,,gemini35flash
2026091274,raw_u,bonferroni,0.1,,False,0,0,,1082,0,0,0.0,,,,gemini35flash
2026091274,raw_u,fixed_sequence,0.14285714285714285,,False,0,0,,1082,0,0,0.0,,,,gemini35flash
2026091274,raw_u,bonferroni,0.14285714285714285,,False,0,0,,1082,0,0,0.0,,,,gemini35flash
2026091274,raw_u,fixed_sequence,0.2,,False,0,0,,1082,0,0,0.0,,,,gemini35flash
2026091274,raw_u,bonferroni,0.2,,False,0,0,,1082,0,0,0.0,,,,gemini35flash
2026091274,raw_u,fixed_sequence,0.25,,False,0,0,,1082,0,0,0.0,,,,gemini35flash
2026091274,raw_u,bonferroni,0.25,,False,0,0,,1082,0,0,0.0,,,,gemini35flash
2026091274,u_boost,fixed_sequence,0.1,,False,0,0,,1082,0,0,0.0,,,,gemini35flash
2026091274,u_boost,bonferroni,0.1,,False,0,0,,1082,0,0,0.0,,,,gemini35flash
2026091274,u_boost,fixed_sequence,0.14285714285714285,,False,0,0,,1082,0,0,0.0,,,,gemini35flash
2026091274,u_boost,bonferroni,0.14285714285714285,,False,0,0,,1082,0,0,0.0,,,,gemini35flash
2026091274,u_boost,fixed_sequence,0.2,,False,0,0,,1082,0,0,0.0,,,,gemini35flash
2026091274,u_boost,bonferroni,0.2,,False,0,0,,1082,0,0,0.0,,,,gemini35flash
2026091274,u_boost,fixed_sequence,0.25,,False,0,0,,1082,0,0,0.0,,,,gemini35flash
2026091274,u_boost,bonferroni,0.25,,False,0,0,,1082,0,0,0.0,,,,gemini35flash
2026091274,rich_logistic,fixed_sequence,0.1,,False,0,0,,1082,0,0,0.0,,,,gemini35flash
2026091274,rich_logistic,bonferroni,0.1,,False,0,0,,1082,0,0,0.0,,,,gemini35flash
2026091274,rich_logistic,fixed_sequence,0.14285714285714285,,False,0,0,,1082,0,0,0.0,,,,gemini35flash
2026091274,rich_logistic,bonferroni,0.14285714285714285,,False,0,0,,1082,0,0,0.0,,,,gemini35flash
2026091274,rich_logistic,fixed_sequence,0.2,,False,0,0,,1082,0,0,0.0,,,,gemini35flash
2026091274,rich_logistic,bonferroni,0.2,,False,0,0,,1082,0,0,0.0,,,,gemini35flash
2026091274,rich_logistic,fixed_sequence,0.25,,False,0,0,,1082,0,0,0.0,,,,gemini35flash
2026091274,rich_logistic,bonferroni,0.25,,False,0,0,,1082,0,0,0.0,,,,gemini35flash
2026091274,rich_boost,fixed_sequence,0.1,,False,0,0,,1082,0,0,0.0,,,,gemini35flash
2026091274,rich_boost,bonferroni,0.1,,False,0,0,,1082,0,0,0.0,,,,gemini35flash
2026091274,rich_boost,fixed_sequence,0.14285714285714285,,False,0,0,,1082,0,0,0.0,,,,gemini35flash
2026091274,rich_boost,bonferroni,0.14285714285714285,,False,0,0,,1082,0,0,0.0,,,,gemini35flash
2026091274,rich_boost,fixed_sequence,0.2,,False,0,0,,1082,0,0,0.0,,,,gemini35flash
2026091274,rich_boost,bonferroni,0.2,,False,0,0,,1082,0,0,0.0,,,,gemini35flash
2026091274,rich_boost,fixed_sequence,0.25,,False,0,0,,1082,0,0,0.0,,,,gemini35flash
2026091274,rich_boost,bonferroni,0.25,,False,0,0,,1082,0,0,0.0,,,,gemini35flash
2026091275,raw_u,fixed_sequence,0.1,,False,0,0,,1082,0,0,0.0,,,,gemini35flash
2026091275,raw_u,bonferroni,0.1,,False,0,0,,1082,0,0,0.0,,,,gemini35flash
2026091275,raw_u,fixed_sequence,0.14285714285714285,,False,0,0,,1082,0,0,0.0,,,,gemini35flash
2026091275,raw_u,bonferroni,0.14285714285714285,,False,0,0,,1082,0,0,0.0,,,,gemini35flash
2026091275,raw_u,fixed_sequence,0.2,0.8571428571428571,True,199,23,0.1762461671930321,1082,182,47,0.16820702402957485,0.25824175824175827,0.1963320157363088,0.3282048831152843,gemini35flash
2026091275,raw_u,bonferroni,0.2,0.91,True,169,17,0.19784891921560557,1082,155,37,0.14325323475046212,0.23870967741935484,0.17398236806227266,0.3137011973349666,gemini35flash
2026091275,raw_u,fixed_sequence,0.25,0.81,True,318,57,0.2327167402362798,1082,303,75,0.2800369685767098,0.24752475247524752,0.19996068859145064,0.3001009705647686,gemini35flash
2026091275,raw_u,bonferroni,0.25,0.8571428571428571,True,199,23,0.20735068502979562,1082,182,47,0.16820702402957485,0.25824175824175827,0.1963320157363088,0.3282048831152843,gemini35flash
2026091275,u_boost,fixed_sequence,0.1,,False,0,0,,1082,0,0,0.0,,,,gemini35flash
2026091275,u_boost,bonferroni,0.1,,False,0,0,,1082,0,0,0.0,,,,gemini35flash
2026091275,u_boost,fixed_sequence,0.14285714285714285,,False,0,0,,1082,0,0,0.0,,,,gemini35flash
2026091275,u_boost,bonferroni,0.14285714285714285,,False,0,0,,1082,0,0,0.0,,,,gemini35flash
2026091275,u_boost,fixed_sequence,0.2,0.77,True,169,17,0.16454208006992843,1082,155,37,0.14325323475046212,0.23870967741935484,0.17398236806227266,0.3137011973349666,gemini35flash
2026091275,u_boost,bonferroni,0.2,0.75,True,169,17,0.19784891921560557,1082,155,37,0.14325323475046212,0.23870967741935484,0.17398236806227266,0.3137011973349666,gemini35flash
2026091275,u_boost,fixed_sequence,0.25,0.67,True,334,63,0.24149338075288637,1082,327,82,0.3022181146025878,0.25076452599388377,0.20470068754870938,0.30140680911965084,gemini35flash
2026091275,u_boost,bonferroni,0.25,0.75,True,169,17,0.19784891921560557,1082,155,37,0.14325323475046212,0.23870967741935484,0.17398236806227266,0.3137011973349666,gemini35flash
2026091275,rich_logistic,fixed_sequence,0.1,,False,0,0,,1082,0,0,0.0,,,,gemini35flash
2026091275,rich_logistic,bonferroni,0.1,,False,0,0,,1082,0,0,0.0,,,,gemini35flash
2026091275,rich_logistic,fixed_sequence,0.14285714285714285,,False,0,0,,1082,0,0,0.0,,,,gemini35flash
2026091275,rich_logistic,bonferroni,0.14285714285714285,,False,0,0,,1082,0,0,0.0,,,,gemini35flash
2026091275,rich_logistic,fixed_sequence,0.2,0.77,True,220,29,0.19150485136522077,1082,204,46,0.18853974121996303,0.22549019607843138,0.17006836850668702,0.28907277218782246,gemini35flash
2026091275,rich_logistic,bonferroni,0.2,,False,0,0,,1082,0,0,0.0,,,,gemini35flash
2026091275,rich_logistic,fixed_sequence,0.25,0.75,True,235,35,0.20867167828399294,1082,216,48,0.19963031423290203,0.2222222222222222,0.16862833353531503,0.28360921265702316,gemini35flash
2026091275,rich_logistic,bonferroni,0.25,0.75,True,235,35,0.23858929014775124,1082,216,48,0.19963031423290203,0.2222222222222222,0.16862833353531503,0.28360921265702316,gemini35flash
2026091275,rich_boost,fixed_sequence,0.1,,False,0,0,,1082,0,0,0.0,,,,gemini35flash
2026091275,rich_boost,bonferroni,0.1,,False,0,0,,1082,0,0,0.0,,,,gemini35flash
2026091275,rich_boost,fixed_sequence,0.14285714285714285,,False,0,0,,1082,0,0,0.0,,,,gemini35flash
2026091275,rich_boost,bonferroni,0.14285714285714285,,False,0,0,,1082,0,0,0.0,,,,gemini35flash
2026091275,rich_boost,fixed_sequence,0.2,0.73,True,230,32,0.19832270183926215,1082,216,49,0.19963031423290203,0.22685185185185186,0.17278927603343514,0.2885748803932019,gemini35flash
2026091275,rich_boost,bonferroni,0.2,,False,0,0,,1082,0,0,0.0,,,,gemini35flash
2026091275,rich_boost,fixed_sequence,0.25,0.71,True,324,56,0.22517239410391135,1082,307,73,0.28373382624768945,0.23778501628664495,0.1912685382281779,0.2894409998044889,gemini35flash
2026091275,rich_boost,bonferroni,0.25,0.72,True,237,36,0.24162262376434085,1082,227,52,0.2097966728280961,0.2290748898678414,0.1760699760815006,0.2893021602104791,gemini35flash
2026091276,raw_u,fixed_sequence,0.1,,False,0,0,,1082,0,0,0.0,,,,gemini35flash
2026091276,raw_u,bonferroni,0.1,,False,0,0,,1082,0,0,0.0,,,,gemini35flash
2026091276,raw_u,fixed_sequence,0.14285714285714285,,False,0,0,,1082,0,0,0.0,,,,gemini35flash
2026091276,raw_u,bonferroni,0.14285714285714285,,False,0,0,,1082,0,0,0.0,,,,gemini35flash
2026091276,raw_u,fixed_sequence,0.2,,False,0,0,,1082,0,0,0.0,,,,gemini35flash
2026091276,raw_u,bonferroni,0.2,,False,0,0,,1082,0,0,0.0,,,,gemini35flash
2026091276,raw_u,fixed_sequence,0.25,,False,0,0,,1082,0,0,0.0,,,,gemini35flash
2026091276,raw_u,bonferroni,0.25,,False,0,0,,1082,0,0,0.0,,,,gemini35flash
2026091276,u_boost,fixed_sequence,0.1,,False,0,0,,1082,0,0,0.0,,,,gemini35flash
2026091276,u_boost,bonferroni,0.1,,False,0,0,,1082,0,0,0.0,,,,gemini35flash
2026091276,u_boost,fixed_sequence,0.14285714285714285,,False,0,0,,1082,0,0,0.0,,,,gemini35flash
2026091276,u_boost,bonferroni,0.14285714285714285,,False,0,0,,1082,0,0,0.0,,,,gemini35flash
2026091276,u_boost,fixed_sequence,0.2,,False,0,0,,1082,0,0,0.0,,,,gemini35flash
2026091276,u_boost,bonferroni,0.2,,False,0,0,,1082,0,0,0.0,,,,gemini35flash
2026091276,u_boost,fixed_sequence,0.25,,False,0,0,,1082,0,0,0.0,,,,gemini35flash
2026091276,u_boost,bonferroni,0.25,,False,0,0,,1082,0,0,0.0,,,,gemini35flash
2026091276,rich_logistic,fixed_sequence,0.1,,False,0,0,,1082,0,0,0.0,,,,gemini35flash
2026091276,rich_logistic,bonferroni,0.1,,False,0,0,,1082,0,0,0.0,,,,gemini35flash
2026091276,rich_logistic,fixed_sequence,0.14285714285714285,,False,0,0,,1082,0,0,0.0,,,,gemini35flash
2026091276,rich_logistic,bonferroni,0.14285714285714285,,False,0,0,,1082,0,0,0.0,,,,gemini35flash
2026091276,rich_logistic,fixed_sequence,0.2,,False,0,0,,1082,0,0,0.0,,,,gemini35flash
2026091276,rich_logistic,bonferroni,0.2,,False,0,0,,1082,0,0,0.0,,,,gemini35flash
2026091276,rich_logistic,fixed_sequence,0.25,,False,0,0,,1082,0,0,0.0,,,,gemini35flash
2026091276,rich_logistic,bonferroni,0.25,,False,0,0,,1082,0,0,0.0,,,,gemini35flash
2026091276,rich_boost,fixed_sequence,0.1,,False,0,0,,1082,0,0,0.0,,,,gemini35flash
2026091276,rich_boost,bonferroni,0.1,,False,0,0,,1082,0,0,0.0,,,,gemini35flash
2026091276,rich_boost,fixed_sequence,0.14285714285714285,,False,0,0,,1082,0,0,0.0,,,,gemini35flash
2026091276,rich_boost,bonferroni,0.14285714285714285,,False,0,0,,1082,0,0,0.0,,,,gemini35flash
2026091276,rich_boost,fixed_sequence,0.2,,False,0,0,,1082,0,0,0.0,,,,gemini35flash
2026091276,rich_boost,bonferroni,0.2,,False,0,0,,1082,0,0,0.0,,,,gemini35flash
2026091276,rich_boost,fixed_sequence,0.25,,False,0,0,,1082,0,0,0.0,,,,gemini35flash
2026091276,rich_boost,bonferroni,0.25,,False,0,0,,1082,0,0,0.0,,,,gemini35flash
2026091277,raw_u,fixed_sequence,0.1,,False,0,0,,1082,0,0,0.0,,,,gemini35flash
2026091277,raw_u,bonferroni,0.1,,False,0,0,,1082,0,0,0.0,,,,gemini35flash
2026091277,raw_u,fixed_sequence,0.14285714285714285,,False,0,0,,1082,0,0,0.0,,,,gemini35flash
2026091277,raw_u,bonferroni,0.14285714285714285,,False,0,0,,1082,0,0,0.0,,,,gemini35flash
2026091277,raw_u,fixed_sequence,0.2,,False,0,0,,1082,0,0,0.0,,,,gemini35flash
2026091277,raw_u,bonferroni,0.2,,False,0,0,,1082,0,0,0.0,,,,gemini35flash
2026091277,raw_u,fixed_sequence,0.25,0.91,True,170,27,0.23198756515337648,1082,168,28,0.15526802218114602,0.16666666666666666,0.11369771904819069,0.23179162946032605,gemini35flash
2026091277,raw_u,bonferroni,0.25,,False,0,0,,1082,0,0,0.0,,,,gemini35flash
2026091277,u_boost,fixed_sequence,0.1,,False,0,0,,1082,0,0,0.0,,,,gemini35flash
2026091277,u_boost,bonferroni,0.1,,False,0,0,,1082,0,0,0.0,,,,gemini35flash
2026091277,u_boost,fixed_sequence,0.14285714285714285,,False,0,0,,1082,0,0,0.0,,,,gemini35flash
2026091277,u_boost,bonferroni,0.14285714285714285,,False,0,0,,1082,0,0,0.0,,,,gemini35flash
2026091277,u_boost,fixed_sequence,0.2,,False,0,0,,1082,0,0,0.0,,,,gemini35flash
2026091277,u_boost,bonferroni,0.2,,False,0,0,,1082,0,0,0.0,,,,gemini35flash
2026091277,u_boost,fixed_sequence,0.25,,False,0,0,,1082,0,0,0.0,,,,gemini35flash
2026091277,u_boost,bonferroni,0.25,,False,0,0,,1082,0,0,0.0,,,,gemini35flash
2026091277,rich_logistic,fixed_sequence,0.1,,False,0,0,,1082,0,0,0.0,,,,gemini35flash
2026091277,rich_logistic,bonferroni,0.1,,False,0,0,,1082,0,0,0.0,,,,gemini35flash
2026091277,rich_logistic,fixed_sequence,0.14285714285714285,,False,0,0,,1082,0,0,0.0,,,,gemini35flash
2026091277,rich_logistic,bonferroni,0.14285714285714285,,False,0,0,,1082,0,0,0.0,,,,gemini35flash
2026091277,rich_logistic,fixed_sequence,0.2,,False,0,0,,1082,0,0,0.0,,,,gemini35flash
2026091277,rich_logistic,bonferroni,0.2,,False,0,0,,1082,0,0,0.0,,,,gemini35flash
2026091277,rich_logistic,fixed_sequence,0.25,0.76,True,284,53,0.24421277204711486,1082,271,60,0.25046210720887246,0.22140221402214022,0.17341454949634075,0.275595342832602,gemini35flash
2026091277,rich_logistic,bonferroni,0.25,,False,0,0,,1082,0,0,0.0,,,,gemini35flash
2026091277,rich_boost,fixed_sequence,0.1,,False,0,0,,1082,0,0,0.0,,,,gemini35flash
2026091277,rich_boost,bonferroni,0.1,,False,0,0,,1082,0,0,0.0,,,,gemini35flash
2026091277,rich_boost,fixed_sequence,0.14285714285714285,,False,0,0,,1082,0,0,0.0,,,,gemini35flash
2026091277,rich_boost,bonferroni,0.14285714285714285,,False,0,0,,1082,0,0,0.0,,,,gemini35flash
2026091277,rich_boost,fixed_sequence,0.2,,False,0,0,,1082,0,0,0.0,,,,gemini35flash
2026091277,rich_boost,bonferroni,0.2,,False,0,0,,1082,0,0,0.0,,,,gemini35flash
2026091277,rich_boost,fixed_sequence,0.25,0.8,True,220,40,0.24763248436079707,1082,217,38,0.20055452865064696,0.17511520737327188,0.12700224624553005,0.2323419477631929,gemini35flash
2026091277,rich_boost,bonferroni,0.25,,False,0,0,,1082,0,0,0.0,,,,gemini35flash
2026091278,raw_u,fixed_sequence,0.1,,False,0,0,,1082,0,0,0.0,,,,gemini35flash
2026091278,raw_u,bonferroni,0.1,,False,0,0,,1082,0,0,0.0,,,,gemini35flash
2026091278,raw_u,fixed_sequence,0.14285714285714285,,False,0,0,,1082,0,0,0.0,,,,gemini35flash
2026091278,raw_u,bonferroni,0.14285714285714285,,False,0,0,,1082,0,0,0.0,,,,gemini35flash
2026091278,raw_u,fixed_sequence,0.2,,False,0,0,,1082,0,0,0.0,,,,gemini35flash
2026091278,raw_u,bonferroni,0.2,,False,0,0,,1082,0,0,0.0,,,,gemini35flash
2026091278,raw_u,fixed_sequence,0.25,,False,0,0,,1082,0,0,0.0,,,,gemini35flash
2026091278,raw_u,bonferroni,0.25,,False,0,0,,1082,0,0,0.0,,,,gemini35flash
2026091278,u_boost,fixed_sequence,0.1,,False,0,0,,1082,0,0,0.0,,,,gemini35flash
2026091278,u_boost,bonferroni,0.1,,False,0,0,,1082,0,0,0.0,,,,gemini35flash
2026091278,u_boost,fixed_sequence,0.14285714285714285,,False,0,0,,1082,0,0,0.0,,,,gemini35flash
2026091278,u_boost,bonferroni,0.14285714285714285,,False,0,0,,1082,0,0,0.0,,,,gemini35flash
2026091278,u_boost,fixed_sequence,0.2,,False,0,0,,1082,0,0,0.0,,,,gemini35flash
2026091278,u_boost,bonferroni,0.2,,False,0,0,,1082,0,0,0.0,,,,gemini35flash
2026091278,u_boost,fixed_sequence,0.25,,False,0,0,,1082,0,0,0.0,,,,gemini35flash
2026091278,u_boost,bonferroni,0.25,,False,0,0,,1082,0,0,0.0,,,,gemini35flash
2026091278,rich_logistic,fixed_sequence,0.1,,False,0,0,,1082,0,0,0.0,,,,gemini35flash
2026091278,rich_logistic,bonferroni,0.1,,False,0,0,,1082,0,0,0.0,,,,gemini35flash
2026091278,rich_logistic,fixed_sequence,0.14285714285714285,,False,0,0,,1082,0,0,0.0,,,,gemini35flash
2026091278,rich_logistic,bonferroni,0.14285714285714285,,False,0,0,,1082,0,0,0.0,,,,gemini35flash
2026091278,rich_logistic,fixed_sequence,0.2,,False,0,0,,1082,0,0,0.0,,,,gemini35flash
2026091278,rich_logistic,bonferroni,0.2,,False,0,0,,1082,0,0,0.0,,,,gemini35flash
2026091278,rich_logistic,fixed_sequence,0.25,,False,0,0,,1082,0,0,0.0,,,,gemini35flash
2026091278,rich_logistic,bonferroni,0.25,,False,0,0,,1082,0,0,0.0,,,,gemini35flash
2026091278,rich_boost,fixed_sequence,0.1,,False,0,0,,1082,0,0,0.0,,,,gemini35flash
2026091278,rich_boost,bonferroni,0.1,,False,0,0,,1082,0,0,0.0,,,,gemini35flash
2026091278,rich_boost,fixed_sequence,0.14285714285714285,,False,0,0,,1082,0,0,0.0,,,,gemini35flash
2026091278,rich_boost,bonferroni,0.14285714285714285,,False,0,0,,1082,0,0,0.0,,,,gemini35flash
2026091278,rich_boost,fixed_sequence,0.2,,False,0,0,,1082,0,0,0.0,,,,gemini35flash
2026091278,rich_boost,bonferroni,0.2,,False,0,0,,1082,0,0,0.0,,,,gemini35flash
2026091278,rich_boost,fixed_sequence,0.25,,False,0,0,,1082,0,0,0.0,,,,gemini35flash
2026091278,rich_boost,bonferroni,0.25,,False,0,0,,1082,0,0,0.0,,,,gemini35flash
2026091279,raw_u,fixed_sequence,0.1,,False,0,0,,1082,0,0,0.0,,,,gemini35flash
2026091279,raw_u,bonferroni,0.1,,False,0,0,,1082,0,0,0.0,,,,gemini35flash
2026091279,raw_u,fixed_sequence,0.14285714285714285,,False,0,0,,1082,0,0,0.0,,,,gemini35flash
2026091279,raw_u,bonferroni,0.14285714285714285,,False,0,0,,1082,0,0,0.0,,,,gemini35flash
2026091279,raw_u,fixed_sequence,0.2,,False,0,0,,1082,0,0,0.0,,,,gemini35flash
2026091279,raw_u,bonferroni,0.2,,False,0,0,,1082,0,0,0.0,,,,gemini35flash
2026091279,raw_u,fixed_sequence,0.25,0.91,True,152,23,0.22823955068870275,1082,161,26,0.1487985212569316,0.16149068322981366,0.10828558080937736,0.22759924628813377,gemini35flash
2026091279,raw_u,bonferroni,0.25,,False,0,0,,1082,0,0,0.0,,,,gemini35flash
2026091279,u_boost,fixed_sequence,0.1,,False,0,0,,1082,0,0,0.0,,,,gemini35flash
2026091279,u_boost,bonferroni,0.1,,False,0,0,,1082,0,0,0.0,,,,gemini35flash
2026091279,u_boost,fixed_sequence,0.14285714285714285,,False,0,0,,1082,0,0,0.0,,,,gemini35flash
2026091279,u_boost,bonferroni,0.14285714285714285,,False,0,0,,1082,0,0,0.0,,,,gemini35flash
2026091279,u_boost,fixed_sequence,0.2,,False,0,0,,1082,0,0,0.0,,,,gemini35flash
2026091279,u_boost,bonferroni,0.2,,False,0,0,,1082,0,0,0.0,,,,gemini35flash
2026091279,u_boost,fixed_sequence,0.25,0.8,True,152,23,0.22823955068870275,1082,161,26,0.1487985212569316,0.16149068322981366,0.10828558080937736,0.22759924628813377,gemini35flash
2026091279,u_boost,bonferroni,0.25,,False,0,0,,1082,0,0,0.0,,,,gemini35flash
2026091279,rich_logistic,fixed_sequence,0.1,,False,0,0,,1082,0,0,0.0,,,,gemini35flash
2026091279,rich_logistic,bonferroni,0.1,,False,0,0,,1082,0,0,0.0,,,,gemini35flash
2026091279,rich_logistic,fixed_sequence,0.14285714285714285,,False,0,0,,1082,0,0,0.0,,,,gemini35flash
2026091279,rich_logistic,bonferroni,0.14285714285714285,,False,0,0,,1082,0,0,0.0,,,,gemini35flash
2026091279,rich_logistic,fixed_sequence,0.2,,False,0,0,,1082,0,0,0.0,,,,gemini35flash
2026091279,rich_logistic,bonferroni,0.2,,False,0,0,,1082,0,0,0.0,,,,gemini35flash
2026091279,rich_logistic,fixed_sequence,0.25,0.77,True,204,36,0.24452523709411847,1082,208,40,0.1922365988909427,0.19230769230769232,0.14108490725393294,0.2525256392362779,gemini35flash
2026091279,rich_logistic,bonferroni,0.25,,False,0,0,,1082,0,0,0.0,,,,gemini35flash
2026091279,rich_boost,fixed_sequence,0.1,,False,0,0,,1082,0,0,0.0,,,,gemini35flash
2026091279,rich_boost,bonferroni,0.1,,False,0,0,,1082,0,0,0.0,,,,gemini35flash
2026091279,rich_boost,fixed_sequence,0.14285714285714285,,False,0,0,,1082,0,0,0.0,,,,gemini35flash
2026091279,rich_boost,bonferroni,0.14285714285714285,,False,0,0,,1082,0,0,0.0,,,,gemini35flash
2026091279,rich_boost,fixed_sequence,0.2,,False,0,0,,1082,0,0,0.0,,,,gemini35flash
2026091279,rich_boost,bonferroni,0.2,,False,0,0,,1082,0,0,0.0,,,,gemini35flash
2026091279,rich_boost,fixed_sequence,0.25,0.81,True,204,36,0.24452523709411847,1082,208,40,0.1922365988909427,0.19230769230769232,0.14108490725393294,0.2525256392362779,gemini35flash
2026091279,rich_boost,bonferroni,0.25,,False,0,0,,1082,0,0,0.0,,,,gemini35flash
2026091280,raw_u,fixed_sequence,0.1,,False,0,0,,1082,0,0,0.0,,,,gemini35flash
2026091280,raw_u,bonferroni,0.1,,False,0,0,,1082,0,0,0.0,,,,gemini35flash
2026091280,raw_u,fixed_sequence,0.14285714285714285,,False,0,0,,1082,0,0,0.0,,,,gemini35flash
2026091280,raw_u,bonferroni,0.14285714285714285,,False,0,0,,1082,0,0,0.0,,,,gemini35flash
2026091280,raw_u,fixed_sequence,0.2,,False,0,0,,1082,0,0,0.0,,,,gemini35flash
2026091280,raw_u,bonferroni,0.2,,False,0,0,,1082,0,0,0.0,,,,gemini35flash
2026091280,raw_u,fixed_sequence,0.25,,False,0,0,,1082,0,0,0.0,,,,gemini35flash
2026091280,raw_u,bonferroni,0.25,,False,0,0,,1082,0,0,0.0,,,,gemini35flash
2026091280,u_boost,fixed_sequence,0.1,,False,0,0,,1082,0,0,0.0,,,,gemini35flash
2026091280,u_boost,bonferroni,0.1,,False,0,0,,1082,0,0,0.0,,,,gemini35flash
2026091280,u_boost,fixed_sequence,0.14285714285714285,,False,0,0,,1082,0,0,0.0,,,,gemini35flash
2026091280,u_boost,bonferroni,0.14285714285714285,,False,0,0,,1082,0,0,0.0,,,,gemini35flash
2026091280,u_boost,fixed_sequence,0.2,,False,0,0,,1082,0,0,0.0,,,,gemini35flash
2026091280,u_boost,bonferroni,0.2,,False,0,0,,1082,0,0,0.0,,,,gemini35flash
2026091280,u_boost,fixed_sequence,0.25,,False,0,0,,1082,0,0,0.0,,,,gemini35flash
2026091280,u_boost,bonferroni,0.25,,False,0,0,,1082,0,0,0.0,,,,gemini35flash
2026091280,rich_logistic,fixed_sequence,0.1,,False,0,0,,1082,0,0,0.0,,,,gemini35flash
2026091280,rich_logistic,bonferroni,0.1,,False,0,0,,1082,0,0,0.0,,,,gemini35flash
2026091280,rich_logistic,fixed_sequence,0.14285714285714285,,False,0,0,,1082,0,0,0.0,,,,gemini35flash
2026091280,rich_logistic,bonferroni,0.14285714285714285,,False,0,0,,1082,0,0,0.0,,,,gemini35flash
2026091280,rich_logistic,fixed_sequence,0.2,,False,0,0,,1082,0,0,0.0,,,,gemini35flash
2026091280,rich_logistic,bonferroni,0.2,,False,0,0,,1082,0,0,0.0,,,,gemini35flash
2026091280,rich_logistic,fixed_sequence,0.25,,False,0,0,,1082,0,0,0.0,,,,gemini35flash
2026091280,rich_logistic,bonferroni,0.25,,False,0,0,,1082,0,0,0.0,,,,gemini35flash
2026091280,rich_boost,fixed_sequence,0.1,,False,0,0,,1082,0,0,0.0,,,,gemini35flash
2026091280,rich_boost,bonferroni,0.1,,False,0,0,,1082,0,0,0.0,,,,gemini35flash
2026091280,rich_boost,fixed_sequence,0.14285714285714285,,False,0,0,,1082,0,0,0.0,,,,gemini35flash
2026091280,rich_boost,bonferroni,0.14285714285714285,,False,0,0,,1082,0,0,0.0,,,,gemini35flash
2026091280,rich_boost,fixed_sequence,0.2,,False,0,0,,1082,0,0,0.0,,,,gemini35flash
2026091280,rich_boost,bonferroni,0.2,,False,0,0,,1082,0,0,0.0,,,,gemini35flash
2026091280,rich_boost,fixed_sequence,0.25,,False,0,0,,1082,0,0,0.0,,,,gemini35flash
2026091280,rich_boost,bonferroni,0.25,,False,0,0,,1082,0,0,0.0,,,,gemini35flash
2026091281,raw_u,fixed_sequence,0.1,,False,0,0,,1082,0,0,0.0,,,,gemini35flash
2026091281,raw_u,bonferroni,0.1,,False,0,0,,1082,0,0,0.0,,,,gemini35flash
2026091281,raw_u,fixed_sequence,0.14285714285714285,,False,0,0,,1082,0,0,0.0,,,,gemini35flash
2026091281,raw_u,bonferroni,0.14285714285714285,,False,0,0,,1082,0,0,0.0,,,,gemini35flash
2026091281,raw_u,fixed_sequence,0.2,,False,0,0,,1082,0,0,0.0,,,,gemini35flash
2026091281,raw_u,bonferroni,0.2,,False,0,0,,1082,0,0,0.0,,,,gemini35flash
2026091281,raw_u,fixed_sequence,0.25,0.91,True,167,24,0.21549621503618752,1082,150,24,0.13863216266173753,0.16,0.10528667783956379,0.22864918353310765,gemini35flash
2026091281,raw_u,bonferroni,0.25,,False,0,0,,1082,0,0,0.0,,,,gemini35flash
2026091281,u_boost,fixed_sequence,0.1,,False,0,0,,1082,0,0,0.0,,,,gemini35flash
2026091281,u_boost,bonferroni,0.1,,False,0,0,,1082,0,0,0.0,,,,gemini35flash
2026091281,u_boost,fixed_sequence,0.14285714285714285,,False,0,0,,1082,0,0,0.0,,,,gemini35flash
2026091281,u_boost,bonferroni,0.14285714285714285,,False,0,0,,1082,0,0,0.0,,,,gemini35flash
2026091281,u_boost,fixed_sequence,0.2,,False,0,0,,1082,0,0,0.0,,,,gemini35flash
2026091281,u_boost,bonferroni,0.2,,False,0,0,,1082,0,0,0.0,,,,gemini35flash
2026091281,u_boost,fixed_sequence,0.25,0.79,True,167,24,0.21549621503618752,1082,150,24,0.13863216266173753,0.16,0.10528667783956379,0.22864918353310765,gemini35flash
2026091281,u_boost,bonferroni,0.25,,False,0,0,,1082,0,0,0.0,,,,gemini35flash
2026091281,rich_logistic,fixed_sequence,0.1,,False,0,0,,1082,0,0,0.0,,,,gemini35flash
2026091281,rich_logistic,bonferroni,0.1,,False,0,0,,1082,0,0,0.0,,,,gemini35flash
2026091281,rich_logistic,fixed_sequence,0.14285714285714285,,False,0,0,,1082,0,0,0.0,,,,gemini35flash
2026091281,rich_logistic,bonferroni,0.14285714285714285,,False,0,0,,1082,0,0,0.0,,,,gemini35flash
2026091281,rich_logistic,fixed_sequence,0.2,,False,0,0,,1082,0,0,0.0,,,,gemini35flash
2026091281,rich_logistic,bonferroni,0.2,,False,0,0,,1082,0,0,0.0,,,,gemini35flash
2026091281,rich_logistic,fixed_sequence,0.25,0.74,True,234,40,0.23338961852800688,1082,217,38,0.20055452865064696,0.17511520737327188,0.12700224624553005,0.2323419477631929,gemini35flash
2026091281,rich_logistic,bonferroni,0.25,,False,0,0,,1082,0,0,0.0,,,,gemini35flash
2026091281,rich_boost,fixed_sequence,0.1,,False,0,0,,1082,0,0,0.0,,,,gemini35flash
2026091281,rich_boost,bonferroni,0.1,,False,0,0,,1082,0,0,0.0,,,,gemini35flash
2026091281,rich_boost,fixed_sequence,0.14285714285714285,,False,0,0,,1082,0,0,0.0,,,,gemini35flash
2026091281,rich_boost,bonferroni,0.14285714285714285,,False,0,0,,1082,0,0,0.0,,,,gemini35flash
2026091281,rich_boost,fixed_sequence,0.2,,False,0,0,,1082,0,0,0.0,,,,gemini35flash
2026091281,rich_boost,bonferroni,0.2,,False,0,0,,1082,0,0,0.0,,,,gemini35flash
2026091281,rich_boost,fixed_sequence,0.25,,False,0,0,,1082,0,0,0.0,,,,gemini35flash
2026091281,rich_boost,bonferroni,0.25,,False,0,0,,1082,0,0,0.0,,,,gemini35flash
2026091282,raw_u,fixed_sequence,0.1,,False,0,0,,1082,0,0,0.0,,,,gemini35flash
2026091282,raw_u,bonferroni,0.1,,False,0,0,,1082,0,0,0.0,,,,gemini35flash
2026091282,raw_u,fixed_sequence,0.14285714285714285,,False,0,0,,1082,0,0,0.0,,,,gemini35flash
2026091282,raw_u,bonferroni,0.14285714285714285,,False,0,0,,1082,0,0,0.0,,,,gemini35flash
2026091282,raw_u,fixed_sequence,0.2,,False,0,0,,1082,0,0,0.0,,,,gemini35flash
2026091282,raw_u,bonferroni,0.2,,False,0,0,,1082,0,0,0.0,,,,gemini35flash
2026091282,raw_u,fixed_sequence,0.25,0.91,True,150,25,0.2463197959170186,1082,169,22,0.15619223659889095,0.1301775147928994,0.08341249413370821,0.19043402646764385,gemini35flash
2026091282,raw_u,bonferroni,0.25,,False,0,0,,1082,0,0,0.0,,,,gemini35flash
2026091282,u_boost,fixed_sequence,0.1,,False,0,0,,1082,0,0,0.0,,,,gemini35flash
2026091282,u_boost,bonferroni,0.1,,False,0,0,,1082,0,0,0.0,,,,gemini35flash
2026091282,u_boost,fixed_sequence,0.14285714285714285,,False,0,0,,1082,0,0,0.0,,,,gemini35flash
2026091282,u_boost,bonferroni,0.14285714285714285,,False,0,0,,1082,0,0,0.0,,,,gemini35flash
2026091282,u_boost,fixed_sequence,0.2,,False,0,0,,1082,0,0,0.0,,,,gemini35flash
2026091282,u_boost,bonferroni,0.2,,False,0,0,,1082,0,0,0.0,,,,gemini35flash
2026091282,u_boost,fixed_sequence,0.25,,False,0,0,,1082,0,0,0.0,,,,gemini35flash
2026091282,u_boost,bonferroni,0.25,,False,0,0,,1082,0,0,0.0,,,,gemini35flash
2026091282,rich_logistic,fixed_sequence,0.1,,False,0,0,,1082,0,0,0.0,,,,gemini35flash
2026091282,rich_logistic,bonferroni,0.1,,False,0,0,,1082,0,0,0.0,,,,gemini35flash
2026091282,rich_logistic,fixed_sequence,0.14285714285714285,,False,0,0,,1082,0,0,0.0,,,,gemini35flash
2026091282,rich_logistic,bonferroni,0.14285714285714285,,False,0,0,,1082,0,0,0.0,,,,gemini35flash
2026091282,rich_logistic,fixed_sequence,0.2,,False,0,0,,1082,0,0,0.0,,,,gemini35flash
2026091282,rich_logistic,bonferroni,0.2,,False,0,0,,1082,0,0,0.0,,,,gemini35flash
2026091282,rich_logistic,fixed_sequence,0.25,0.74,True,209,35,0.2335827279654078,1082,216,32,0.19963031423290203,0.14814814814814814,0.10359246540021753,0.2026576048210679,gemini35flash
2026091282,rich_logistic,bonferroni,0.25,,False,0,0,,1082,0,0,0.0,,,,gemini35flash
2026091282,rich_boost,fixed_sequence,0.1,,False,0,0,,1082,0,0,0.0,,,,gemini35flash
2026091282,rich_boost,bonferroni,0.1,,False,0,0,,1082,0,0,0.0,,,,gemini35flash
2026091282,rich_boost,fixed_sequence,0.14285714285714285,,False,0,0,,1082,0,0,0.0,,,,gemini35flash
2026091282,rich_boost,bonferroni,0.14285714285714285,,False,0,0,,1082,0,0,0.0,,,,gemini35flash
2026091282,rich_boost,fixed_sequence,0.2,,False,0,0,,1082,0,0,0.0,,,,gemini35flash
2026091282,rich_boost,bonferroni,0.2,,False,0,0,,1082,0,0,0.0,,,,gemini35flash
2026091282,rich_boost,fixed_sequence,0.25,0.75,True,224,39,0.2384453514604884,1082,224,33,0.20702402957486138,0.14732142857142858,0.10362956969818579,0.20062785008654827,gemini35flash
2026091282,rich_boost,bonferroni,0.25,,False,0,0,,1082,0,0,0.0,,,,gemini35flash
2026091283,raw_u,fixed_sequence,0.1,,False,0,0,,1082,0,0,0.0,,,,gemini35flash
2026091283,raw_u,bonferroni,0.1,,False,0,0,,1082,0,0,0.0,,,,gemini35flash
2026091283,raw_u,fixed_sequence,0.14285714285714285,,False,0,0,,1082,0,0,0.0,,,,gemini35flash
2026091283,raw_u,bonferroni,0.14285714285714285,,False,0,0,,1082,0,0,0.0,,,,gemini35flash
2026091283,raw_u,fixed_sequence,0.2,,False,0,0,,1082,0,0,0.0,,,,gemini35flash
2026091283,raw_u,bonferroni,0.2,,False,0,0,,1082,0,0,0.0,,,,gemini35flash
2026091283,raw_u,fixed_sequence,0.25,0.91,True,151,21,0.2144292444382422,1082,164,35,0.15157116451016636,0.21341463414634146,0.1533800998472822,0.28410151927881566,gemini35flash
2026091283,raw_u,bonferroni,0.25,,False,0,0,,1082,0,0,0.0,,,,gemini35flash
2026091283,u_boost,fixed_sequence,0.1,,False,0,0,,1082,0,0,0.0,,,,gemini35flash
2026091283,u_boost,bonferroni,0.1,,False,0,0,,1082,0,0,0.0,,,,gemini35flash
2026091283,u_boost,fixed_sequence,0.14285714285714285,,False,0,0,,1082,0,0,0.0,,,,gemini35flash
2026091283,u_boost,bonferroni,0.14285714285714285,,False,0,0,,1082,0,0,0.0,,,,gemini35flash
2026091283,u_boost,fixed_sequence,0.2,,False,0,0,,1082,0,0,0.0,,,,gemini35flash
2026091283,u_boost,bonferroni,0.2,,False,0,0,,1082,0,0,0.0,,,,gemini35flash
2026091283,u_boost,fixed_sequence,0.25,0.81,True,151,21,0.2144292444382422,1082,164,35,0.15157116451016636,0.21341463414634146,0.1533800998472822,0.28410151927881566,gemini35flash
2026091283,u_boost,bonferroni,0.25,,False,0,0,,1082,0,0,0.0,,,,gemini35flash
2026091283,rich_logistic,fixed_sequence,0.1,,False,0,0,,1082,0,0,0.0,,,,gemini35flash
2026091283,rich_logistic,bonferroni,0.1,,False,0,0,,1082,0,0,0.0,,,,gemini35flash
2026091283,rich_logistic,fixed_sequence,0.14285714285714285,,False,0,0,,1082,0,0,0.0,,,,gemini35flash
2026091283,rich_logistic,bonferroni,0.14285714285714285,,False,0,0,,1082,0,0,0.0,,,,gemini35flash
2026091283,rich_logistic,fixed_sequence,0.2,,False,0,0,,1082,0,0,0.0,,,,gemini35flash
2026091283,rich_logistic,bonferroni,0.2,,False,0,0,,1082,0,0,0.0,,,,gemini35flash
2026091283,rich_logistic,fixed_sequence,0.25,0.76,True,189,30,0.2276096409885401,1082,210,44,0.19408502772643252,0.20952380952380953,0.15656098156179302,0.27088213270924716,gemini35flash
2026091283,rich_logistic,bonferroni,0.25,0.78,True,167,23,0.2445434251402744,1082,186,39,0.17190388170055454,0.20967741935483872,0.15355323361084217,0.27529690422982367,gemini35flash
2026091283,rich_boost,fixed_sequence,0.1,,False,0,0,,1082,0,0,0.0,,,,gemini35flash
2026091283,rich_boost,bonferroni,0.1,,False,0,0,,1082,0,0,0.0,,,,gemini35flash
2026091283,rich_boost,fixed_sequence,0.14285714285714285,,False,0,0,,1082,0,0,0.0,,,,gemini35flash
2026091283,rich_boost,bonferroni,0.14285714285714285,,False,0,0,,1082,0,0,0.0,,,,gemini35flash
2026091283,rich_boost,fixed_sequence,0.2,,False,0,0,,1082,0,0,0.0,,,,gemini35flash
2026091283,rich_boost,bonferroni,0.2,,False,0,0,,1082,0,0,0.0,,,,gemini35flash
2026091283,rich_boost,fixed_sequence,0.25,0.79,True,173,28,0.23468551698556128,1082,192,41,0.17744916820702403,0.21354166666666666,0.15781321394532513,0.27833758765219135,gemini35flash
2026091283,rich_boost,bonferroni,0.25,,False,0,0,,1082,0,0,0.0,,,,gemini35flash
2026091284,raw_u,fixed_sequence,0.1,,False,0,0,,1082,0,0,0.0,,,,gemini35flash
2026091284,raw_u,bonferroni,0.1,,False,0,0,,1082,0,0,0.0,,,,gemini35flash
2026091284,raw_u,fixed_sequence,0.14285714285714285,,False,0,0,,1082,0,0,0.0,,,,gemini35flash
2026091284,raw_u,bonferroni,0.14285714285714285,,False,0,0,,1082,0,0,0.0,,,,gemini35flash
2026091284,raw_u,fixed_sequence,0.2,,False,0,0,,1082,0,0,0.0,,,,gemini35flash
2026091284,raw_u,bonferroni,0.2,,False,0,0,,1082,0,0,0.0,,,,gemini35flash
2026091284,raw_u,fixed_sequence,0.25,0.8571428571428571,True,201,35,0.24248625827617099,1082,185,33,0.1709796672828096,0.1783783783783784,0.12608309489284314,0.24128651446778598,gemini35flash
2026091284,raw_u,bonferroni,0.25,,False,0,0,,1082,0,0,0.0,,,,gemini35flash
2026091284,u_boost,fixed_sequence,0.1,,False,0,0,,1082,0,0,0.0,,,,gemini35flash
2026091284,u_boost,bonferroni,0.1,,False,0,0,,1082,0,0,0.0,,,,gemini35flash
2026091284,u_boost,fixed_sequence,0.14285714285714285,,False,0,0,,1082,0,0,0.0,,,,gemini35flash
2026091284,u_boost,bonferroni,0.14285714285714285,,False,0,0,,1082,0,0,0.0,,,,gemini35flash
2026091284,u_boost,fixed_sequence,0.2,,False,0,0,,1082,0,0,0.0,,,,gemini35flash
2026091284,u_boost,bonferroni,0.2,,False,0,0,,1082,0,0,0.0,,,,gemini35flash
2026091284,u_boost,fixed_sequence,0.25,0.75,True,176,29,0.23727473274575137,1082,150,20,0.13863216266173753,0.13333333333333333,0.08338380663952641,0.19838696759904956,gemini35flash
2026091284,u_boost,bonferroni,0.25,,False,0,0,,1082,0,0,0.0,,,,gemini35flash
2026091284,rich_logistic,fixed_sequence,0.1,,False,0,0,,1082,0,0,0.0,,,,gemini35flash
2026091284,rich_logistic,bonferroni,0.1,,False,0,0,,1082,0,0,0.0,,,,gemini35flash
2026091284,rich_logistic,fixed_sequence,0.14285714285714285,,False,0,0,,1082,0,0,0.0,,,,gemini35flash
2026091284,rich_logistic,bonferroni,0.14285714285714285,,False,0,0,,1082,0,0,0.0,,,,gemini35flash
2026091284,rich_logistic,fixed_sequence,0.2,,False,0,0,,1082,0,0,0.0,,,,gemini35flash
2026091284,rich_logistic,bonferroni,0.2,,False,0,0,,1082,0,0,0.0,,,,gemini35flash
2026091284,rich_logistic,fixed_sequence,0.25,0.75,True,228,42,0.24897684699403688,1082,220,35,0.2033271719038817,0.1590909090909091,0.11338352393979434,0.21424811457750667,gemini35flash
2026091284,rich_logistic,bonferroni,0.25,,False,0,0,,1082,0,0,0.0,,,,gemini35flash
2026091284,rich_boost,fixed_sequence,0.1,,False,0,0,,1082,0,0,0.0,,,,gemini35flash
2026091284,rich_boost,bonferroni,0.1,,False,0,0,,1082,0,0,0.0,,,,gemini35flash
2026091284,rich_boost,fixed_sequence,0.14285714285714285,,False,0,0,,1082,0,0,0.0,,,,gemini35flash
2026091284,rich_boost,bonferroni,0.14285714285714285,,False,0,0,,1082,0,0,0.0,,,,gemini35flash
2026091284,rich_boost,fixed_sequence,0.2,,False,0,0,,1082,0,0,0.0,,,,gemini35flash
2026091284,rich_boost,bonferroni,0.2,,False,0,0,,1082,0,0,0.0,,,,gemini35flash
2026091284,rich_boost,fixed_sequence,0.25,0.78,True,225,41,0.24726160629035168,1082,208,34,0.1922365988909427,0.16346153846153846,0.11593666774597261,0.22085882594294753,gemini35flash
2026091284,rich_boost,bonferroni,0.25,,False,0,0,,1082,0,0,0.0,,,,gemini35flash
2026091285,raw_u,fixed_sequence,0.1,,False,0,0,,1082,0,0,0.0,,,,gemini35flash
2026091285,raw_u,bonferroni,0.1,,False,0,0,,1082,0,0,0.0,,,,gemini35flash
2026091285,raw_u,fixed_sequence,0.14285714285714285,,False,0,0,,1082,0,0,0.0,,,,gemini35flash
2026091285,raw_u,bonferroni,0.14285714285714285,,False,0,0,,1082,0,0,0.0,,,,gemini35flash
2026091285,raw_u,fixed_sequence,0.2,,False,0,0,,1082,0,0,0.0,,,,gemini35flash
2026091285,raw_u,bonferroni,0.2,,False,0,0,,1082,0,0,0.0,,,,gemini35flash
2026091285,raw_u,fixed_sequence,0.25,0.8571428571428571,True,195,35,0.24962099447631259,1082,184,35,0.17005545286506468,0.19021739130434784,0.13621471795078843,0.25448458650282574,gemini35flash
2026091285,raw_u,bonferroni,0.25,,False,0,0,,1082,0,0,0.0,,,,gemini35flash
2026091285,u_boost,fixed_sequence,0.1,,False,0,0,,1082,0,0,0.0,,,,gemini35flash
2026091285,u_boost,bonferroni,0.1,,False,0,0,,1082,0,0,0.0,,,,gemini35flash
2026091285,u_boost,fixed_sequence,0.14285714285714285,,False,0,0,,1082,0,0,0.0,,,,gemini35flash
2026091285,u_boost,bonferroni,0.14285714285714285,,False,0,0,,1082,0,0,0.0,,,,gemini35flash
2026091285,u_boost,fixed_sequence,0.2,,False,0,0,,1082,0,0,0.0,,,,gemini35flash
2026091285,u_boost,bonferroni,0.2,,False,0,0,,1082,0,0,0.0,,,,gemini35flash
2026091285,u_boost,fixed_sequence,0.25,0.72,True,286,54,0.2463820875907096,1082,260,57,0.24029574861367836,0.21923076923076923,0.17047813373661683,0.27450750666649726,gemini35flash
2026091285,u_boost,bonferroni,0.25,,False,0,0,,1082,0,0,0.0,,,,gemini35flash
2026091285,rich_logistic,fixed_sequence,0.1,,False,0,0,,1082,0,0,0.0,,,,gemini35flash
2026091285,rich_logistic,bonferroni,0.1,,False,0,0,,1082,0,0,0.0,,,,gemini35flash
2026091285,rich_logistic,fixed_sequence,0.14285714285714285,,False,0,0,,1082,0,0,0.0,,,,gemini35flash
2026091285,rich_logistic,bonferroni,0.14285714285714285,,False,0,0,,1082,0,0,0.0,,,,gemini35flash
2026091285,rich_logistic,fixed_sequence,0.2,,False,0,0,,1082,0,0,0.0,,,,gemini35flash
2026091285,rich_logistic,bonferroni,0.2,,False,0,0,,1082,0,0,0.0,,,,gemini35flash
2026091285,rich_logistic,fixed_sequence,0.25,0.73,True,297,52,0.23020328954241837,1082,262,57,0.24214417744916822,0.21755725190839695,0.16914029452762644,0.27248705656968186,gemini35flash
2026091285,rich_logistic,bonferroni,0.25,,False,0,0,,1082,0,0,0.0,,,,gemini35flash
2026091285,rich_boost,fixed_sequence,0.1,,False,0,0,,1082,0,0,0.0,,,,gemini35flash
2026091285,rich_boost,bonferroni,0.1,,False,0,0,,1082,0,0,0.0,,,,gemini35flash
2026091285,rich_boost,fixed_sequence,0.14285714285714285,,False,0,0,,1082,0,0,0.0,,,,gemini35flash
2026091285,rich_boost,bonferroni,0.14285714285714285,,False,0,0,,1082,0,0,0.0,,,,gemini35flash
2026091285,rich_boost,fixed_sequence,0.2,,False,0,0,,1082,0,0,0.0,,,,gemini35flash
2026091285,rich_boost,bonferroni,0.2,,False,0,0,,1082,0,0,0.0,,,,gemini35flash
2026091285,rich_boost,fixed_sequence,0.25,0.72,True,247,43,0.235019509953896,1082,209,46,0.19316081330868762,0.22009569377990432,0.16587307871890683,0.28244031769269873,gemini35flash
2026091285,rich_boost,bonferroni,0.25,,False,0,0,,1082,0,0,0.0,,,,gemini35flash
2026091286,raw_u,fixed_sequence,0.1,,False,0,0,,1082,0,0,0.0,,,,gemini35flash
2026091286,raw_u,bonferroni,0.1,,False,0,0,,1082,0,0,0.0,,,,gemini35flash
2026091286,raw_u,fixed_sequence,0.14285714285714285,,False,0,0,,1082,0,0,0.0,,,,gemini35flash
2026091286,raw_u,bonferroni,0.14285714285714285,,False,0,0,,1082,0,0,0.0,,,,gemini35flash
2026091286,raw_u,fixed_sequence,0.2,,False,0,0,,1082,0,0,0.0,,,,gemini35flash
2026091286,raw_u,bonferroni,0.2,,False,0,0,,1082,0,0,0.0,,,,gemini35flash
2026091286,raw_u,fixed_sequence,0.25,0.91,True,158,26,0.241611419443843,1082,163,31,0.15064695009242143,0.1901840490797546,0.13303005965199052,0.2589546178145459,gemini35flash
2026091286,raw_u,bonferroni,0.25,,False,0,0,,1082,0,0,0.0,,,,gemini35flash
2026091286,u_boost,fixed_sequence,0.1,,False,0,0,,1082,0,0,0.0,,,,gemini35flash
2026091286,u_boost,bonferroni,0.1,,False,0,0,,1082,0,0,0.0,,,,gemini35flash
2026091286,u_boost,fixed_sequence,0.14285714285714285,,False,0,0,,1082,0,0,0.0,,,,gemini35flash
2026091286,u_boost,bonferroni,0.14285714285714285,,False,0,0,,1082,0,0,0.0,,,,gemini35flash
2026091286,u_boost,fixed_sequence,0.2,,False,0,0,,1082,0,0,0.0,,,,gemini35flash
2026091286,u_boost,bonferroni,0.2,,False,0,0,,1082,0,0,0.0,,,,gemini35flash
2026091286,u_boost,fixed_sequence,0.25,0.74,True,158,26,0.241611419443843,1082,163,31,0.15064695009242143,0.1901840490797546,0.13303005965199052,0.2589546178145459,gemini35flash
2026091286,u_boost,bonferroni,0.25,,False,0,0,,1082,0,0,0.0,,,,gemini35flash
2026091286,rich_logistic,fixed_sequence,0.1,,False,0,0,,1082,0,0,0.0,,,,gemini35flash
2026091286,rich_logistic,bonferroni,0.1,,False,0,0,,1082,0,0,0.0,,,,gemini35flash
2026091286,rich_logistic,fixed_sequence,0.14285714285714285,,False,0,0,,1082,0,0,0.0,,,,gemini35flash
2026091286,rich_logistic,bonferroni,0.14285714285714285,,False,0,0,,1082,0,0,0.0,,,,gemini35flash
2026091286,rich_logistic,fixed_sequence,0.2,,False,0,0,,1082,0,0,0.0,,,,gemini35flash
2026091286,rich_logistic,bonferroni,0.2,,False,0,0,,1082,0,0,0.0,,,,gemini35flash
2026091286,rich_logistic,fixed_sequence,0.25,0.74,True,276,50,0.23914827165070998,1082,289,62,0.26709796672828096,0.21453287197231835,0.1686190853663187,0.2664055846968658,gemini35flash
2026091286,rich_logistic,bonferroni,0.25,,False,0,0,,1082,0,0,0.0,,,,gemini35flash
2026091286,rich_boost,fixed_sequence,0.1,,False,0,0,,1082,0,0,0.0,,,,gemini35flash
2026091286,rich_boost,bonferroni,0.1,,False,0,0,,1082,0,0,0.0,,,,gemini35flash
2026091286,rich_boost,fixed_sequence,0.14285714285714285,,False,0,0,,1082,0,0,0.0,,,,gemini35flash
2026091286,rich_boost,bonferroni,0.14285714285714285,,False,0,0,,1082,0,0,0.0,,,,gemini35flash
2026091286,rich_boost,fixed_sequence,0.2,,False,0,0,,1082,0,0,0.0,,,,gemini35flash
2026091286,rich_boost,bonferroni,0.2,,False,0,0,,1082,0,0,0.0,,,,gemini35flash
2026091286,rich_boost,fixed_sequence,0.25,0.74,True,261,47,0.23977437923563527,1082,274,59,0.2532347504621072,0.21532846715328466,0.16814823025179512,0.2687816680035263,gemini35flash
2026091286,rich_boost,bonferroni,0.25,,False,0,0,,1082,0,0,0.0,,,,gemini35flash
2026091287,raw_u,fixed_sequence,0.1,,False,0,0,,1082,0,0,0.0,,,,gemini35flash
2026091287,raw_u,bonferroni,0.1,,False,0,0,,1082,0,0,0.0,,,,gemini35flash
2026091287,raw_u,fixed_sequence,0.14285714285714285,,False,0,0,,1082,0,0,0.0,,,,gemini35flash
2026091287,raw_u,bonferroni,0.14285714285714285,,False,0,0,,1082,0,0,0.0,,,,gemini35flash
2026091287,raw_u,fixed_sequence,0.2,,False,0,0,,1082,0,0,0.0,,,,gemini35flash
2026091287,raw_u,bonferroni,0.2,,False,0,0,,1082,0,0,0.0,,,,gemini35flash
2026091287,raw_u,fixed_sequence,0.25,,False,0,0,,1082,0,0,0.0,,,,gemini35flash
2026091287,raw_u,bonferroni,0.25,,False,0,0,,1082,0,0,0.0,,,,gemini35flash
2026091287,u_boost,fixed_sequence,0.1,,False,0,0,,1082,0,0,0.0,,,,gemini35flash
2026091287,u_boost,bonferroni,0.1,,False,0,0,,1082,0,0,0.0,,,,gemini35flash
2026091287,u_boost,fixed_sequence,0.14285714285714285,,False,0,0,,1082,0,0,0.0,,,,gemini35flash
2026091287,u_boost,bonferroni,0.14285714285714285,,False,0,0,,1082,0,0,0.0,,,,gemini35flash
2026091287,u_boost,fixed_sequence,0.2,,False,0,0,,1082,0,0,0.0,,,,gemini35flash
2026091287,u_boost,bonferroni,0.2,,False,0,0,,1082,0,0,0.0,,,,gemini35flash
2026091287,u_boost,fixed_sequence,0.25,,False,0,0,,1082,0,0,0.0,,,,gemini35flash
2026091287,u_boost,bonferroni,0.25,,False,0,0,,1082,0,0,0.0,,,,gemini35flash
2026091287,rich_logistic,fixed_sequence,0.1,,False,0,0,,1082,0,0,0.0,,,,gemini35flash
2026091287,rich_logistic,bonferroni,0.1,,False,0,0,,1082,0,0,0.0,,,,gemini35flash
2026091287,rich_logistic,fixed_sequence,0.14285714285714285,,False,0,0,,1082,0,0,0.0,,,,gemini35flash
2026091287,rich_logistic,bonferroni,0.14285714285714285,,False,0,0,,1082,0,0,0.0,,,,gemini35flash
2026091287,rich_logistic,fixed_sequence,0.2,,False,0,0,,1082,0,0,0.0,,,,gemini35flash
2026091287,rich_logistic,bonferroni,0.2,,False,0,0,,1082,0,0,0.0,,,,gemini35flash
2026091287,rich_logistic,fixed_sequence,0.25,,False,0,0,,1082,0,0,0.0,,,,gemini35flash
2026091287,rich_logistic,bonferroni,0.25,,False,0,0,,1082,0,0,0.0,,,,gemini35flash
2026091287,rich_boost,fixed_sequence,0.1,,False,0,0,,1082,0,0,0.0,,,,gemini35flash
2026091287,rich_boost,bonferroni,0.1,,False,0,0,,1082,0,0,0.0,,,,gemini35flash
2026091287,rich_boost,fixed_sequence,0.14285714285714285,,False,0,0,,1082,0,0,0.0,,,,gemini35flash
2026091287,rich_boost,bonferroni,0.14285714285714285,,False,0,0,,1082,0,0,0.0,,,,gemini35flash
2026091287,rich_boost,fixed_sequence,0.2,,False,0,0,,1082,0,0,0.0,,,,gemini35flash
2026091287,rich_boost,bonferroni,0.2,,False,0,0,,1082,0,0,0.0,,,,gemini35flash
2026091287,rich_boost,fixed_sequence,0.25,,False,0,0,,1082,0,0,0.0,,,,gemini35flash
2026091287,rich_boost,bonferroni,0.25,,False,0,0,,1082,0,0,0.0,,,,gemini35flash
2026091288,raw_u,fixed_sequence,0.1,,False,0,0,,1082,0,0,0.0,,,,gemini35flash
2026091288,raw_u,bonferroni,0.1,,False,0,0,,1082,0,0,0.0,,,,gemini35flash
2026091288,raw_u,fixed_sequence,0.14285714285714285,,False,0,0,,1082,0,0,0.0,,,,gemini35flash
2026091288,raw_u,bonferroni,0.14285714285714285,,False,0,0,,1082,0,0,0.0,,,,gemini35flash
2026091288,raw_u,fixed_sequence,0.2,,False,0,0,,1082,0,0,0.0,,,,gemini35flash
2026091288,raw_u,bonferroni,0.2,,False,0,0,,1082,0,0,0.0,,,,gemini35flash
2026091288,raw_u,fixed_sequence,0.25,,False,0,0,,1082,0,0,0.0,,,,gemini35flash
2026091288,raw_u,bonferroni,0.25,,False,0,0,,1082,0,0,0.0,,,,gemini35flash
2026091288,u_boost,fixed_sequence,0.1,,False,0,0,,1082,0,0,0.0,,,,gemini35flash
2026091288,u_boost,bonferroni,0.1,,False,0,0,,1082,0,0,0.0,,,,gemini35flash
2026091288,u_boost,fixed_sequence,0.14285714285714285,,False,0,0,,1082,0,0,0.0,,,,gemini35flash
2026091288,u_boost,bonferroni,0.14285714285714285,,False,0,0,,1082,0,0,0.0,,,,gemini35flash
2026091288,u_boost,fixed_sequence,0.2,,False,0,0,,1082,0,0,0.0,,,,gemini35flash
2026091288,u_boost,bonferroni,0.2,,False,0,0,,1082,0,0,0.0,,,,gemini35flash
2026091288,u_boost,fixed_sequence,0.25,,False,0,0,,1082,0,0,0.0,,,,gemini35flash
2026091288,u_boost,bonferroni,0.25,,False,0,0,,1082,0,0,0.0,,,,gemini35flash
2026091288,rich_logistic,fixed_sequence,0.1,,False,0,0,,1082,0,0,0.0,,,,gemini35flash
2026091288,rich_logistic,bonferroni,0.1,,False,0,0,,1082,0,0,0.0,,,,gemini35flash
2026091288,rich_logistic,fixed_sequence,0.14285714285714285,,False,0,0,,1082,0,0,0.0,,,,gemini35flash
2026091288,rich_logistic,bonferroni,0.14285714285714285,,False,0,0,,1082,0,0,0.0,,,,gemini35flash
2026091288,rich_logistic,fixed_sequence,0.2,,False,0,0,,1082,0,0,0.0,,,,gemini35flash
2026091288,rich_logistic,bonferroni,0.2,,False,0,0,,1082,0,0,0.0,,,,gemini35flash
2026091288,rich_logistic,fixed_sequence,0.25,,False,0,0,,1082,0,0,0.0,,,,gemini35flash
2026091288,rich_logistic,bonferroni,0.25,,False,0,0,,1082,0,0,0.0,,,,gemini35flash
2026091288,rich_boost,fixed_sequence,0.1,,False,0,0,,1082,0,0,0.0,,,,gemini35flash
2026091288,rich_boost,bonferroni,0.1,,False,0,0,,1082,0,0,0.0,,,,gemini35flash
2026091288,rich_boost,fixed_sequence,0.14285714285714285,,False,0,0,,1082,0,0,0.0,,,,gemini35flash
2026091288,rich_boost,bonferroni,0.14285714285714285,,False,0,0,,1082,0,0,0.0,,,,gemini35flash
2026091288,rich_boost,fixed_sequence,0.2,,False,0,0,,1082,0,0,0.0,,,,gemini35flash
2026091288,rich_boost,bonferroni,0.2,,False,0,0,,1082,0,0,0.0,,,,gemini35flash
2026091288,rich_boost,fixed_sequence,0.25,,False,0,0,,1082,0,0,0.0,,,,gemini35flash
2026091288,rich_boost,bonferroni,0.25,,False,0,0,,1082,0,0,0.0,,,,gemini35flash
2026091289,raw_u,fixed_sequence,0.1,,False,0,0,,1082,0,0,0.0,,,,gemini35flash
2026091289,raw_u,bonferroni,0.1,,False,0,0,,1082,0,0,0.0,,,,gemini35flash
2026091289,raw_u,fixed_sequence,0.14285714285714285,,False,0,0,,1082,0,0,0.0,,,,gemini35flash
2026091289,raw_u,bonferroni,0.14285714285714285,,False,0,0,,1082,0,0,0.0,,,,gemini35flash
2026091289,raw_u,fixed_sequence,0.2,,False,0,0,,1082,0,0,0.0,,,,gemini35flash
2026091289,raw_u,bonferroni,0.2,,False,0,0,,1082,0,0,0.0,,,,gemini35flash
2026091289,raw_u,fixed_sequence,0.25,0.8571428571428571,True,184,27,0.2150633487544808,1082,182,30,0.16820702402957485,0.16483516483516483,0.11406246373263476,0.22687408033061307,gemini35flash
2026091289,raw_u,bonferroni,0.25,0.8571428571428571,True,184,27,0.24946115307134903,1082,182,30,0.16820702402957485,0.16483516483516483,0.11406246373263476,0.22687408033061307,gemini35flash
2026091289,u_boost,fixed_sequence,0.1,,False,0,0,,1082,0,0,0.0,,,,gemini35flash
2026091289,u_boost,bonferroni,0.1,,False,0,0,,1082,0,0,0.0,,,,gemini35flash
2026091289,u_boost,fixed_sequence,0.14285714285714285,,False,0,0,,1082,0,0,0.0,,,,gemini35flash
2026091289,u_boost,bonferroni,0.14285714285714285,,False,0,0,,1082,0,0,0.0,,,,gemini35flash
2026091289,u_boost,fixed_sequence,0.2,,False,0,0,,1082,0,0,0.0,,,,gemini35flash
2026091289,u_boost,bonferroni,0.2,,False,0,0,,1082,0,0,0.0,,,,gemini35flash
2026091289,u_boost,fixed_sequence,0.25,0.75,True,158,22,0.21266893738095485,1082,155,19,0.14325323475046212,0.12258064516129032,0.07544045340500169,0.1847912287731694,gemini35flash
2026091289,u_boost,bonferroni,0.25,0.75,True,158,22,0.24989334462623944,1082,155,19,0.14325323475046212,0.12258064516129032,0.07544045340500169,0.1847912287731694,gemini35flash
2026091289,rich_logistic,fixed_sequence,0.1,,False,0,0,,1082,0,0,0.0,,,,gemini35flash
2026091289,rich_logistic,bonferroni,0.1,,False,0,0,,1082,0,0,0.0,,,,gemini35flash
2026091289,rich_logistic,fixed_sequence,0.14285714285714285,,False,0,0,,1082,0,0,0.0,,,,gemini35flash
2026091289,rich_logistic,bonferroni,0.14285714285714285,,False,0,0,,1082,0,0,0.0,,,,gemini35flash
2026091289,rich_logistic,fixed_sequence,0.2,,False,0,0,,1082,0,0,0.0,,,,gemini35flash
2026091289,rich_logistic,bonferroni,0.2,,False,0,0,,1082,0,0,0.0,,,,gemini35flash
2026091289,rich_logistic,fixed_sequence,0.25,0.76,True,222,35,0.22042728171344078,1082,217,32,0.20055452865064696,0.14746543778801843,0.10310411346544683,0.20175397323906444,gemini35flash
2026091289,rich_logistic,bonferroni,0.25,,False,0,0,,1082,0,0,0.0,,,,gemini35flash
2026091289,rich_boost,fixed_sequence,0.1,,False,0,0,,1082,0,0,0.0,,,,gemini35flash
2026091289,rich_boost,bonferroni,0.1,,False,0,0,,1082,0,0,0.0,,,,gemini35flash
2026091289,rich_boost,fixed_sequence,0.14285714285714285,,False,0,0,,1082,0,0,0.0,,,,gemini35flash
2026091289,rich_boost,bonferroni,0.14285714285714285,,False,0,0,,1082,0,0,0.0,,,,gemini35flash
2026091289,rich_boost,fixed_sequence,0.2,,False,0,0,,1082,0,0,0.0,,,,gemini35flash
2026091289,rich_boost,bonferroni,0.2,,False,0,0,,1082,0,0,0.0,,,,gemini35flash
2026091289,rich_boost,fixed_sequence,0.25,,False,0,0,,1082,0,0,0.0,,,,gemini35flash
2026091289,rich_boost,bonferroni,0.25,0.8,True,167,23,0.2445434251402744,1082,159,20,0.14695009242144177,0.12578616352201258,0.07855501898626534,0.1875634667832973,gemini35flash
2026091290,raw_u,fixed_sequence,0.1,,False,0,0,,1082,0,0,0.0,,,,gemini35flash
2026091290,raw_u,bonferroni,0.1,,False,0,0,,1082,0,0,0.0,,,,gemini35flash
2026091290,raw_u,fixed_sequence,0.14285714285714285,,False,0,0,,1082,0,0,0.0,,,,gemini35flash
2026091290,raw_u,bonferroni,0.14285714285714285,,False,0,0,,1082,0,0,0.0,,,,gemini35flash
2026091290,raw_u,fixed_sequence,0.2,,False,0,0,,1082,0,0,0.0,,,,gemini35flash
2026091290,raw_u,bonferroni,0.2,,False,0,0,,1082,0,0,0.0,,,,gemini35flash
2026091290,raw_u,fixed_sequence,0.25,0.91,True,168,29,0.2480459033960756,1082,155,28,0.14325323475046212,0.18064516129032257,0.12352161044380507,0.2503890546273029,gemini35flash
2026091290,raw_u,bonferroni,0.25,,False,0,0,,1082,0,0,0.0,,,,gemini35flash
2026091290,u_boost,fixed_sequence,0.1,,False,0,0,,1082,0,0,0.0,,,,gemini35flash
2026091290,u_boost,bonferroni,0.1,,False,0,0,,1082,0,0,0.0,,,,gemini35flash
2026091290,u_boost,fixed_sequence,0.14285714285714285,,False,0,0,,1082,0,0,0.0,,,,gemini35flash
2026091290,u_boost,bonferroni,0.14285714285714285,,False,0,0,,1082,0,0,0.0,,,,gemini35flash
2026091290,u_boost,fixed_sequence,0.2,,False,0,0,,1082,0,0,0.0,,,,gemini35flash
2026091290,u_boost,bonferroni,0.2,,False,0,0,,1082,0,0,0.0,,,,gemini35flash
2026091290,u_boost,fixed_sequence,0.25,0.76,True,168,29,0.2480459033960756,1082,155,28,0.14325323475046212,0.18064516129032257,0.12352161044380507,0.2503890546273029,gemini35flash
2026091290,u_boost,bonferroni,0.25,,False,0,0,,1082,0,0,0.0,,,,gemini35flash
2026091290,rich_logistic,fixed_sequence,0.1,,False,0,0,,1082,0,0,0.0,,,,gemini35flash
2026091290,rich_logistic,bonferroni,0.1,,False,0,0,,1082,0,0,0.0,,,,gemini35flash
2026091290,rich_logistic,fixed_sequence,0.14285714285714285,,False,0,0,,1082,0,0,0.0,,,,gemini35flash
2026091290,rich_logistic,bonferroni,0.14285714285714285,,False,0,0,,1082,0,0,0.0,,,,gemini35flash
2026091290,rich_logistic,fixed_sequence,0.2,,False,0,0,,1082,0,0,0.0,,,,gemini35flash
2026091290,rich_logistic,bonferroni,0.2,,False,0,0,,1082,0,0,0.0,,,,gemini35flash
2026091290,rich_logistic,fixed_sequence,0.25,,False,0,0,,1082,0,0,0.0,,,,gemini35flash
2026091290,rich_logistic,bonferroni,0.25,,False,0,0,,1082,0,0,0.0,,,,gemini35flash
2026091290,rich_boost,fixed_sequence,0.1,,False,0,0,,1082,0,0,0.0,,,,gemini35flash
2026091290,rich_boost,bonferroni,0.1,,False,0,0,,1082,0,0,0.0,,,,gemini35flash
2026091290,rich_boost,fixed_sequence,0.14285714285714285,,False,0,0,,1082,0,0,0.0,,,,gemini35flash
2026091290,rich_boost,bonferroni,0.14285714285714285,,False,0,0,,1082,0,0,0.0,,,,gemini35flash
2026091290,rich_boost,fixed_sequence,0.2,,False,0,0,,1082,0,0,0.0,,,,gemini35flash
2026091290,rich_boost,bonferroni,0.2,,False,0,0,,1082,0,0,0.0,,,,gemini35flash
2026091290,rich_boost,fixed_sequence,0.25,,False,0,0,,1082,0,0,0.0,,,,gemini35flash
2026091290,rich_boost,bonferroni,0.25,,False,0,0,,1082,0,0,0.0,,,,gemini35flash
2026091291,raw_u,fixed_sequence,0.1,,False,0,0,,1082,0,0,0.0,,,,gemini35flash
2026091291,raw_u,bonferroni,0.1,,False,0,0,,1082,0,0,0.0,,,,gemini35flash
2026091291,raw_u,fixed_sequence,0.14285714285714285,,False,0,0,,1082,0,0,0.0,,,,gemini35flash
2026091291,raw_u,bonferroni,0.14285714285714285,,False,0,0,,1082,0,0,0.0,,,,gemini35flash
2026091291,raw_u,fixed_sequence,0.2,,False,0,0,,1082,0,0,0.0,,,,gemini35flash
2026091291,raw_u,bonferroni,0.2,,False,0,0,,1082,0,0,0.0,,,,gemini35flash
2026091291,raw_u,fixed_sequence,0.25,0.8571428571428571,True,187,32,0.2419514041362343,1082,188,31,0.17375231053604437,0.16489361702127658,0.11487144002137689,0.22581293966935995,gemini35flash
2026091291,raw_u,bonferroni,0.25,,False,0,0,,1082,0,0,0.0,,,,gemini35flash
2026091291,u_boost,fixed_sequence,0.1,,False,0,0,,1082,0,0,0.0,,,,gemini35flash
2026091291,u_boost,bonferroni,0.1,,False,0,0,,1082,0,0,0.0,,,,gemini35flash
2026091291,u_boost,fixed_sequence,0.14285714285714285,,False,0,0,,1082,0,0,0.0,,,,gemini35flash
2026091291,u_boost,bonferroni,0.14285714285714285,,False,0,0,,1082,0,0,0.0,,,,gemini35flash
2026091291,u_boost,fixed_sequence,0.2,,False,0,0,,1082,0,0,0.0,,,,gemini35flash
2026091291,u_boost,bonferroni,0.2,,False,0,0,,1082,0,0,0.0,,,,gemini35flash
2026091291,u_boost,fixed_sequence,0.25,0.75,True,164,28,0.24695826885224953,1082,161,20,0.1487985212569316,0.12422360248447205,0.07755698832915109,0.18531642971075335,gemini35flash
2026091291,u_boost,bonferroni,0.25,,False,0,0,,1082,0,0,0.0,,,,gemini35flash
2026091291,rich_logistic,fixed_sequence,0.1,,False,0,0,,1082,0,0,0.0,,,,gemini35flash
2026091291,rich_logistic,bonferroni,0.1,,False,0,0,,1082,0,0,0.0,,,,gemini35flash
2026091291,rich_logistic,fixed_sequence,0.14285714285714285,,False,0,0,,1082,0,0,0.0,,,,gemini35flash
2026091291,rich_logistic,bonferroni,0.14285714285714285,,False,0,0,,1082,0,0,0.0,,,,gemini35flash
2026091291,rich_logistic,fixed_sequence,0.2,,False,0,0,,1082,0,0,0.0,,,,gemini35flash
2026091291,rich_logistic,bonferroni,0.2,,False,0,0,,1082,0,0,0.0,,,,gemini35flash
2026091291,rich_logistic,fixed_sequence,0.25,,False,0,0,,1082,0,0,0.0,,,,gemini35flash
2026091291,rich_logistic,bonferroni,0.25,,False,0,0,,1082,0,0,0.0,,,,gemini35flash
2026091291,rich_boost,fixed_sequence,0.1,,False,0,0,,1082,0,0,0.0,,,,gemini35flash
2026091291,rich_boost,bonferroni,0.1,,False,0,0,,1082,0,0,0.0,,,,gemini35flash
2026091291,rich_boost,fixed_sequence,0.14285714285714285,,False,0,0,,1082,0,0,0.0,,,,gemini35flash
2026091291,rich_boost,bonferroni,0.14285714285714285,,False,0,0,,1082,0,0,0.0,,,,gemini35flash
2026091291,rich_boost,fixed_sequence,0.2,,False,0,0,,1082,0,0,0.0,,,,gemini35flash
2026091291,rich_boost,bonferroni,0.2,,False,0,0,,1082,0,0,0.0,,,,gemini35flash
2026091291,rich_boost,fixed_sequence,0.25,0.79,True,184,32,0.24572051767997277,1082,180,22,0.16635859519408502,0.12222222222222222,0.07820482142664296,0.17918207693911434,gemini35flash
2026091291,rich_boost,bonferroni,0.25,,False,0,0,,1082,0,0,0.0,,,,gemini35flash
2026091292,raw_u,fixed_sequence,0.1,,False,0,0,,1082,0,0,0.0,,,,gemini35flash
2026091292,raw_u,bonferroni,0.1,,False,0,0,,1082,0,0,0.0,,,,gemini35flash
2026091292,raw_u,fixed_sequence,0.14285714285714285,,False,0,0,,1082,0,0,0.0,,,,gemini35flash
2026091292,raw_u,bonferroni,0.14285714285714285,,False,0,0,,1082,0,0,0.0,,,,gemini35flash
2026091292,raw_u,fixed_sequence,0.2,0.91,True,162,20,0.19327382482569058,1082,165,33,0.15249537892791126,0.2,0.1418504363674775,0.2692467577586126,gemini35flash
2026091292,raw_u,bonferroni,0.2,,False,0,0,,1082,0,0,0.0,,,,gemini35flash
2026091292,raw_u,fixed_sequence,0.25,0.81,True,296,55,0.24203738135301803,1082,301,67,0.27818853974122,0.22259136212624583,0.17687222931576468,0.2738633652275397,gemini35flash
2026091292,raw_u,bonferroni,0.25,0.91,True,162,20,0.22902975395372657,1082,165,33,0.15249537892791126,0.2,0.1418504363674775,0.2692467577586126,gemini35flash
2026091292,u_boost,fixed_sequence,0.1,,False,0,0,,1082,0,0,0.0,,,,gemini35flash
2026091292,u_boost,bonferroni,0.1,,False,0,0,,1082,0,0,0.0,,,,gemini35flash
2026091292,u_boost,fixed_sequence,0.14285714285714285,,False,0,0,,1082,0,0,0.0,,,,gemini35flash
2026091292,u_boost,bonferroni,0.14285714285714285,,False,0,0,,1082,0,0,0.0,,,,gemini35flash
2026091292,u_boost,fixed_sequence,0.2,0.74,True,162,20,0.19327382482569058,1082,165,33,0.15249537892791126,0.2,0.1418504363674775,0.2692467577586126,gemini35flash
2026091292,u_boost,bonferroni,0.2,,False,0,0,,1082,0,0,0.0,,,,gemini35flash
2026091292,u_boost,fixed_sequence,0.25,0.75,True,162,20,0.19327382482569058,1082,165,33,0.15249537892791126,0.2,0.1418504363674775,0.2692467577586126,gemini35flash
2026091292,u_boost,bonferroni,0.25,0.74,True,162,20,0.22902975395372657,1082,165,33,0.15249537892791126,0.2,0.1418504363674775,0.2692467577586126,gemini35flash
2026091292,rich_logistic,fixed_sequence,0.1,,False,0,0,,1082,0,0,0.0,,,,gemini35flash
2026091292,rich_logistic,bonferroni,0.1,,False,0,0,,1082,0,0,0.0,,,,gemini35flash
2026091292,rich_logistic,fixed_sequence,0.14285714285714285,,False,0,0,,1082,0,0,0.0,,,,gemini35flash
2026091292,rich_logistic,bonferroni,0.14285714285714285,,False,0,0,,1082,0,0,0.0,,,,gemini35flash
2026091292,rich_logistic,fixed_sequence,0.2,,False,0,0,,1082,0,0,0.0,,,,gemini35flash
2026091292,rich_logistic,bonferroni,0.2,,False,0,0,,1082,0,0,0.0,,,,gemini35flash
2026091292,rich_logistic,fixed_sequence,0.25,0.75,True,224,35,0.2185334547694558,1082,217,42,0.20055452865064696,0.1935483870967742,0.14319741321969306,0.2524786037066521,gemini35flash
2026091292,rich_logistic,bonferroni,0.25,0.74,True,224,35,0.24963553165949096,1082,217,42,0.20055452865064696,0.1935483870967742,0.14319741321969306,0.2524786037066521,gemini35flash
2026091292,rich_boost,fixed_sequence,0.1,,False,0,0,,1082,0,0,0.0,,,,gemini35flash
2026091292,rich_boost,bonferroni,0.1,,False,0,0,,1082,0,0,0.0,,,,gemini35flash
2026091292,rich_boost,fixed_sequence,0.14285714285714285,,False,0,0,,1082,0,0,0.0,,,,gemini35flash
2026091292,rich_boost,bonferroni,0.14285714285714285,,False,0,0,,1082,0,0,0.0,,,,gemini35flash
2026091292,rich_boost,fixed_sequence,0.2,0.81,True,164,21,0.1981345054010276,1082,168,34,0.15526802218114602,0.20238095238095238,0.14441325052332357,0.27115460306149275,gemini35flash
2026091292,rich_boost,bonferroni,0.2,,False,0,0,,1082,0,0,0.0,,,,gemini35flash
2026091292,rich_boost,fixed_sequence,0.25,0.74,True,210,31,0.21110450339185985,1082,207,41,0.1913123844731978,0.19806763285024154,0.14604567923125988,0.2589546287329121,gemini35flash
2026091292,rich_boost,bonferroni,0.25,0.73,True,210,31,0.24298256289926629,1082,208,41,0.1922365988909427,0.1971153846153846,0.14532335621356943,0.2577576831673532,gemini35flash
2026091293,raw_u,fixed_sequence,0.1,,False,0,0,,1082,0,0,0.0,,,,gemini35flash
2026091293,raw_u,bonferroni,0.1,,False,0,0,,1082,0,0,0.0,,,,gemini35flash
2026091293,raw_u,fixed_sequence,0.14285714285714285,,False,0,0,,1082,0,0,0.0,,,,gemini35flash
2026091293,raw_u,bonferroni,0.14285714285714285,,False,0,0,,1082,0,0,0.0,,,,gemini35flash
2026091293,raw_u,fixed_sequence,0.2,,False,0,0,,1082,0,0,0.0,,,,gemini35flash
2026091293,raw_u,bonferroni,0.2,,False,0,0,,1082,0,0,0.0,,,,gemini35flash
2026091293,raw_u,fixed_sequence,0.25,0.91,True,166,28,0.2441216958728931,1082,149,23,0.1377079482439926,0.15436241610738255,0.1004397640784818,0.2225626806135007,gemini35flash
2026091293,raw_u,bonferroni,0.25,,False,0,0,,1082,0,0,0.0,,,,gemini35flash
2026091293,u_boost,fixed_sequence,0.1,,False,0,0,,1082,0,0,0.0,,,,gemini35flash
2026091293,u_boost,bonferroni,0.1,,False,0,0,,1082,0,0,0.0,,,,gemini35flash
2026091293,u_boost,fixed_sequence,0.14285714285714285,,False,0,0,,1082,0,0,0.0,,,,gemini35flash
2026091293,u_boost,bonferroni,0.14285714285714285,,False,0,0,,1082,0,0,0.0,,,,gemini35flash
2026091293,u_boost,fixed_sequence,0.2,,False,0,0,,1082,0,0,0.0,,,,gemini35flash
2026091293,u_boost,bonferroni,0.2,,False,0,0,,1082,0,0,0.0,,,,gemini35flash
2026091293,u_boost,fixed_sequence,0.25,,False,0,0,,1082,0,0,0.0,,,,gemini35flash
2026091293,u_boost,bonferroni,0.25,,False,0,0,,1082,0,0,0.0,,,,gemini35flash
2026091293,rich_logistic,fixed_sequence,0.1,,False,0,0,,1082,0,0,0.0,,,,gemini35flash
2026091293,rich_logistic,bonferroni,0.1,,False,0,0,,1082,0,0,0.0,,,,gemini35flash
2026091293,rich_logistic,fixed_sequence,0.14285714285714285,,False,0,0,,1082,0,0,0.0,,,,gemini35flash
2026091293,rich_logistic,bonferroni,0.14285714285714285,,False,0,0,,1082,0,0,0.0,,,,gemini35flash
2026091293,rich_logistic,fixed_sequence,0.2,,False,0,0,,1082,0,0,0.0,,,,gemini35flash
2026091293,rich_logistic,bonferroni,0.2,,False,0,0,,1082,0,0,0.0,,,,gemini35flash
2026091293,rich_logistic,fixed_sequence,0.25,0.78,True,208,36,0.24001800785145957,1082,194,30,0.17929759704251386,0.15463917525773196,0.10683148324961253,0.2133392420201983,gemini35flash
2026091293,rich_logistic,bonferroni,0.25,,False,0,0,,1082,0,0,0.0,,,,gemini35flash
2026091293,rich_boost,fixed_sequence,0.1,,False,0,0,,1082,0,0,0.0,,,,gemini35flash
2026091293,rich_boost,bonferroni,0.1,,False,0,0,,1082,0,0,0.0,,,,gemini35flash
2026091293,rich_boost,fixed_sequence,0.14285714285714285,,False,0,0,,1082,0,0,0.0,,,,gemini35flash
2026091293,rich_boost,bonferroni,0.14285714285714285,,False,0,0,,1082,0,0,0.0,,,,gemini35flash
2026091293,rich_boost,fixed_sequence,0.2,,False,0,0,,1082,0,0,0.0,,,,gemini35flash
2026091293,rich_boost,bonferroni,0.2,,False,0,0,,1082,0,0,0.0,,,,gemini35flash
2026091293,rich_boost,fixed_sequence,0.25,,False,0,0,,1082,0,0,0.0,,,,gemini35flash
2026091293,rich_boost,bonferroni,0.25,,False,0,0,,1082,0,0,0.0,,,,gemini35flash
2026091294,raw_u,fixed_sequence,0.1,,False,0,0,,1082,0,0,0.0,,,,gemini35flash
2026091294,raw_u,bonferroni,0.1,,False,0,0,,1082,0,0,0.0,,,,gemini35flash
2026091294,raw_u,fixed_sequence,0.14285714285714285,,False,0,0,,1082,0,0,0.0,,,,gemini35flash
2026091294,raw_u,bonferroni,0.14285714285714285,,False,0,0,,1082,0,0,0.0,,,,gemini35flash
2026091294,raw_u,fixed_sequence,0.2,,False,0,0,,1082,0,0,0.0,,,,gemini35flash
2026091294,raw_u,bonferroni,0.2,,False,0,0,,1082,0,0,0.0,,,,gemini35flash
2026091294,raw_u,fixed_sequence,0.25,,False,0,0,,1082,0,0,0.0,,,,gemini35flash
2026091294,raw_u,bonferroni,0.25,,False,0,0,,1082,0,0,0.0,,,,gemini35flash
2026091294,u_boost,fixed_sequence,0.1,,False,0,0,,1082,0,0,0.0,,,,gemini35flash
2026091294,u_boost,bonferroni,0.1,,False,0,0,,1082,0,0,0.0,,,,gemini35flash
2026091294,u_boost,fixed_sequence,0.14285714285714285,,False,0,0,,1082,0,0,0.0,,,,gemini35flash
2026091294,u_boost,bonferroni,0.14285714285714285,,False,0,0,,1082,0,0,0.0,,,,gemini35flash
2026091294,u_boost,fixed_sequence,0.2,,False,0,0,,1082,0,0,0.0,,,,gemini35flash
2026091294,u_boost,bonferroni,0.2,,False,0,0,,1082,0,0,0.0,,,,gemini35flash
2026091294,u_boost,fixed_sequence,0.25,,False,0,0,,1082,0,0,0.0,,,,gemini35flash
2026091294,u_boost,bonferroni,0.25,,False,0,0,,1082,0,0,0.0,,,,gemini35flash
2026091294,rich_logistic,fixed_sequence,0.1,,False,0,0,,1082,0,0,0.0,,,,gemini35flash
2026091294,rich_logistic,bonferroni,0.1,,False,0,0,,1082,0,0,0.0,,,,gemini35flash
2026091294,rich_logistic,fixed_sequence,0.14285714285714285,,False,0,0,,1082,0,0,0.0,,,,gemini35flash
2026091294,rich_logistic,bonferroni,0.14285714285714285,,False,0,0,,1082,0,0,0.0,,,,gemini35flash
2026091294,rich_logistic,fixed_sequence,0.2,,False,0,0,,1082,0,0,0.0,,,,gemini35flash
2026091294,rich_logistic,bonferroni,0.2,,False,0,0,,1082,0,0,0.0,,,,gemini35flash
2026091294,rich_logistic,fixed_sequence,0.25,,False,0,0,,1082,0,0,0.0,,,,gemini35flash
2026091294,rich_logistic,bonferroni,0.25,,False,0,0,,1082,0,0,0.0,,,,gemini35flash
2026091294,rich_boost,fixed_sequence,0.1,,False,0,0,,1082,0,0,0.0,,,,gemini35flash
2026091294,rich_boost,bonferroni,0.1,,False,0,0,,1082,0,0,0.0,,,,gemini35flash
2026091294,rich_boost,fixed_sequence,0.14285714285714285,,False,0,0,,1082,0,0,0.0,,,,gemini35flash
2026091294,rich_boost,bonferroni,0.14285714285714285,,False,0,0,,1082,0,0,0.0,,,,gemini35flash
2026091294,rich_boost,fixed_sequence,0.2,,False,0,0,,1082,0,0,0.0,,,,gemini35flash
2026091294,rich_boost,bonferroni,0.2,,False,0,0,,1082,0,0,0.0,,,,gemini35flash
2026091294,rich_boost,fixed_sequence,0.25,0.78,True,182,32,0.24829896899719997,1082,177,33,0.16358595194085027,0.1864406779661017,0.13194923063636385,0.25174578658072305,gemini35flash
2026091294,rich_boost,bonferroni,0.25,,False,0,0,,1082,0,0,0.0,,,,gemini35flash
2026091295,raw_u,fixed_sequence,0.1,,False,0,0,,1082,0,0,0.0,,,,gemini35flash
2026091295,raw_u,bonferroni,0.1,,False,0,0,,1082,0,0,0.0,,,,gemini35flash
2026091295,raw_u,fixed_sequence,0.14285714285714285,,False,0,0,,1082,0,0,0.0,,,,gemini35flash
2026091295,raw_u,bonferroni,0.14285714285714285,,False,0,0,,1082,0,0,0.0,,,,gemini35flash
2026091295,raw_u,fixed_sequence,0.2,,False,0,0,,1082,0,0,0.0,,,,gemini35flash
2026091295,raw_u,bonferroni,0.2,,False,0,0,,1082,0,0,0.0,,,,gemini35flash
2026091295,raw_u,fixed_sequence,0.25,0.8571428571428571,True,177,27,0.22320595875801877,1082,211,36,0.19500924214417745,0.17061611374407584,0.12245047140250716,0.22829514007404808,gemini35flash
2026091295,raw_u,bonferroni,0.25,0.81,True,273,45,0.2496304195922369,1082,330,68,0.3049907578558225,0.20606060606060606,0.16371609743458224,0.2537700151316261,gemini35flash
2026091295,u_boost,fixed_sequence,0.1,,False,0,0,,1082,0,0,0.0,,,,gemini35flash
2026091295,u_boost,bonferroni,0.1,,False,0,0,,1082,0,0,0.0,,,,gemini35flash
2026091295,u_boost,fixed_sequence,0.14285714285714285,,False,0,0,,1082,0,0,0.0,,,,gemini35flash
2026091295,u_boost,bonferroni,0.14285714285714285,,False,0,0,,1082,0,0,0.0,,,,gemini35flash
2026091295,u_boost,fixed_sequence,0.2,,False,0,0,,1082,0,0,0.0,,,,gemini35flash
2026091295,u_boost,bonferroni,0.2,,False,0,0,,1082,0,0,0.0,,,,gemini35flash
2026091295,u_boost,fixed_sequence,0.25,0.77,True,158,23,0.2199603514443469,1082,179,26,0.16543438077634012,0.1452513966480447,0.09712891692212323,0.20554038026928742,gemini35flash
2026091295,u_boost,bonferroni,0.25,0.72,True,254,41,0.24919469021182045,1082,298,58,0.2754158964879852,0.19463087248322147,0.15123645360909366,0.24421379530134937,gemini35flash
2026091295,rich_logistic,fixed_sequence,0.1,,False,0,0,,1082,0,0,0.0,,,,gemini35flash
2026091295,rich_logistic,bonferroni,0.1,,False,0,0,,1082,0,0,0.0,,,,gemini35flash
2026091295,rich_logistic,fixed_sequence,0.14285714285714285,,False,0,0,,1082,0,0,0.0,,,,gemini35flash
2026091295,rich_logistic,bonferroni,0.14285714285714285,,False,0,0,,1082,0,0,0.0,,,,gemini35flash
2026091295,rich_logistic,fixed_sequence,0.2,,False,0,0,,1082,0,0,0.0,,,,gemini35flash
2026091295,rich_logistic,bonferroni,0.2,,False,0,0,,1082,0,0,0.0,,,,gemini35flash
2026091295,rich_logistic,fixed_sequence,0.25,0.74,True,211,30,0.20476786951527243,1082,231,42,0.2134935304990758,0.18181818181818182,0.13429268354079957,0.2377117392259032,gemini35flash
2026091295,rich_logistic,bonferroni,0.25,0.73,True,211,30,0.2362871164639413,1082,231,42,0.2134935304990758,0.18181818181818182,0.13429268354079957,0.2377117392259032,gemini35flash
2026091295,rich_boost,fixed_sequence,0.1,,False,0,0,,1082,0,0,0.0,,,,gemini35flash
2026091295,rich_boost,bonferroni,0.1,,False,0,0,,1082,0,0,0.0,,,,gemini35flash
2026091295,rich_boost,fixed_sequence,0.14285714285714285,,False,0,0,,1082,0,0,0.0,,,,gemini35flash
2026091295,rich_boost,bonferroni,0.14285714285714285,,False,0,0,,1082,0,0,0.0,,,,gemini35flash
2026091295,rich_boost,fixed_sequence,0.2,,False,0,0,,1082,0,0,0.0,,,,gemini35flash
2026091295,rich_boost,bonferroni,0.2,,False,0,0,,1082,0,0,0.0,,,,gemini35flash
2026091295,rich_boost,fixed_sequence,0.25,0.67,True,319,57,0.23201135906636713,1082,377,81,0.34842883548983367,0.21485411140583555,0.17444861824491156,0.259802588521229,gemini35flash
2026091295,rich_boost,bonferroni,0.25,0.73,True,213,31,0.23975603393874304,1082,233,39,0.21534195933456562,0.16738197424892703,0.12181446806729752,0.22163533048534745,gemini35flash
2026091296,raw_u,fixed_sequence,0.1,,False,0,0,,1082,0,0,0.0,,,,gemini35flash
2026091296,raw_u,bonferroni,0.1,,False,0,0,,1082,0,0,0.0,,,,gemini35flash
2026091296,raw_u,fixed_sequence,0.14285714285714285,,False,0,0,,1082,0,0,0.0,,,,gemini35flash
2026091296,raw_u,bonferroni,0.14285714285714285,,False,0,0,,1082,0,0,0.0,,,,gemini35flash
2026091296,raw_u,fixed_sequence,0.2,,False,0,0,,1082,0,0,0.0,,,,gemini35flash
2026091296,raw_u,bonferroni,0.2,,False,0,0,,1082,0,0,0.0,,,,gemini35flash
2026091296,raw_u,fixed_sequence,0.25,0.8571428571428571,True,200,35,0.2436470087708632,1082,199,38,0.18391866913123844,0.19095477386934673,0.13881694734651312,0.25254540592549946,gemini35flash
2026091296,raw_u,bonferroni,0.25,0.91,True,172,24,0.24490347464268658,1082,178,34,0.1645101663585952,0.19101123595505617,0.1360567603114776,0.2565551065305884,gemini35flash
2026091296,u_boost,fixed_sequence,0.1,,False,0,0,,1082,0,0,0.0,,,,gemini35flash
2026091296,u_boost,bonferroni,0.1,,False,0,0,,1082,0,0,0.0,,,,gemini35flash
2026091296,u_boost,fixed_sequence,0.14285714285714285,,False,0,0,,1082,0,0,0.0,,,,gemini35flash
2026091296,u_boost,bonferroni,0.14285714285714285,,False,0,0,,1082,0,0,0.0,,,,gemini35flash
2026091296,u_boost,fixed_sequence,0.2,,False,0,0,,1082,0,0,0.0,,,,gemini35flash
2026091296,u_boost,bonferroni,0.2,,False,0,0,,1082,0,0,0.0,,,,gemini35flash
2026091296,u_boost,fixed_sequence,0.25,0.73,True,172,24,0.20949311260124154,1082,178,34,0.1645101663585952,0.19101123595505617,0.1360567603114776,0.2565551065305884,gemini35flash
2026091296,u_boost,bonferroni,0.25,0.73,True,172,24,0.24490347464268658,1082,178,34,0.1645101663585952,0.19101123595505617,0.1360567603114776,0.2565551065305884,gemini35flash
2026091296,rich_logistic,fixed_sequence,0.1,,False,0,0,,1082,0,0,0.0,,,,gemini35flash
2026091296,rich_logistic,bonferroni,0.1,,False,0,0,,1082,0,0,0.0,,,,gemini35flash
2026091296,rich_logistic,fixed_sequence,0.14285714285714285,,False,0,0,,1082,0,0,0.0,,,,gemini35flash
2026091296,rich_logistic,bonferroni,0.14285714285714285,,False,0,0,,1082,0,0,0.0,,,,gemini35flash
2026091296,rich_logistic,fixed_sequence,0.2,,False,0,0,,1082,0,0,0.0,,,,gemini35flash
2026091296,rich_logistic,bonferroni,0.2,,False,0,0,,1082,0,0,0.0,,,,gemini35flash
2026091296,rich_logistic,fixed_sequence,0.25,0.72,True,312,57,0.23704055575611632,1082,295,54,0.27264325323475047,0.18305084745762712,0.14060810005768107,0.2319901948598119,gemini35flash
2026091296,rich_logistic,bonferroni,0.25,0.73,True,247,37,0.2370907573775197,1082,244,47,0.2255083179297597,0.19262295081967212,0.14510008687851045,0.24778255468655142,gemini35flash
2026091296,rich_boost,fixed_sequence,0.1,,False,0,0,,1082,0,0,0.0,,,,gemini35flash
2026091296,rich_boost,bonferroni,0.1,,False,0,0,,1082,0,0,0.0,,,,gemini35flash
2026091296,rich_boost,fixed_sequence,0.14285714285714285,,False,0,0,,1082,0,0,0.0,,,,gemini35flash
2026091296,rich_boost,bonferroni,0.14285714285714285,,False,0,0,,1082,0,0,0.0,,,,gemini35flash
2026091296,rich_boost,fixed_sequence,0.2,,False,0,0,,1082,0,0,0.0,,,,gemini35flash
2026091296,rich_boost,bonferroni,0.2,,False,0,0,,1082,0,0,0.0,,,,gemini35flash
2026091296,rich_boost,fixed_sequence,0.25,0.78,True,174,24,0.20718427164004427,1082,179,34,0.16543438077634012,0.18994413407821228,0.1352740707002313,0.25518088904848574,gemini35flash
2026091296,rich_boost,bonferroni,0.25,0.73,True,228,31,0.22482462653129132,1082,219,42,0.2024029574861368,0.1917808219178082,0.1418535900584832,0.2502580181481838,gemini35flash
2026091297,raw_u,fixed_sequence,0.1,,False,0,0,,1082,0,0,0.0,,,,gemini35flash
2026091297,raw_u,bonferroni,0.1,,False,0,0,,1082,0,0,0.0,,,,gemini35flash
2026091297,raw_u,fixed_sequence,0.14285714285714285,,False,0,0,,1082,0,0,0.0,,,,gemini35flash
2026091297,raw_u,bonferroni,0.14285714285714285,,False,0,0,,1082,0,0,0.0,,,,gemini35flash
2026091297,raw_u,fixed_sequence,0.2,,False,0,0,,1082,0,0,0.0,,,,gemini35flash
2026091297,raw_u,bonferroni,0.2,,False,0,0,,1082,0,0,0.0,,,,gemini35flash
2026091297,raw_u,fixed_sequence,0.25,,False,0,0,,1082,0,0,0.0,,,,gemini35flash
2026091297,raw_u,bonferroni,0.25,,False,0,0,,1082,0,0,0.0,,,,gemini35flash
2026091297,u_boost,fixed_sequence,0.1,,False,0,0,,1082,0,0,0.0,,,,gemini35flash
2026091297,u_boost,bonferroni,0.1,,False,0,0,,1082,0,0,0.0,,,,gemini35flash
2026091297,u_boost,fixed_sequence,0.14285714285714285,,False,0,0,,1082,0,0,0.0,,,,gemini35flash
2026091297,u_boost,bonferroni,0.14285714285714285,,False,0,0,,1082,0,0,0.0,,,,gemini35flash
2026091297,u_boost,fixed_sequence,0.2,,False,0,0,,1082,0,0,0.0,,,,gemini35flash
2026091297,u_boost,bonferroni,0.2,,False,0,0,,1082,0,0,0.0,,,,gemini35flash
2026091297,u_boost,fixed_sequence,0.25,,False,0,0,,1082,0,0,0.0,,,,gemini35flash
2026091297,u_boost,bonferroni,0.25,,False,0,0,,1082,0,0,0.0,,,,gemini35flash
2026091297,rich_logistic,fixed_sequence,0.1,,False,0,0,,1082,0,0,0.0,,,,gemini35flash
2026091297,rich_logistic,bonferroni,0.1,,False,0,0,,1082,0,0,0.0,,,,gemini35flash
2026091297,rich_logistic,fixed_sequence,0.14285714285714285,,False,0,0,,1082,0,0,0.0,,,,gemini35flash
2026091297,rich_logistic,bonferroni,0.14285714285714285,,False,0,0,,1082,0,0,0.0,,,,gemini35flash
2026091297,rich_logistic,fixed_sequence,0.2,,False,0,0,,1082,0,0,0.0,,,,gemini35flash
2026091297,rich_logistic,bonferroni,0.2,,False,0,0,,1082,0,0,0.0,,,,gemini35flash
2026091297,rich_logistic,fixed_sequence,0.25,0.75,True,203,33,0.22918382916547922,1082,217,33,0.20055452865064696,0.15207373271889402,0.10705083178021156,0.20688709213353895,gemini35flash
2026091297,rich_logistic,bonferroni,0.25,,False,0,0,,1082,0,0,0.0,,,,gemini35flash
2026091297,rich_boost,fixed_sequence,0.1,,False,0,0,,1082,0,0,0.0,,,,gemini35flash
2026091297,rich_boost,bonferroni,0.1,,False,0,0,,1082,0,0,0.0,,,,gemini35flash
2026091297,rich_boost,fixed_sequence,0.14285714285714285,,False,0,0,,1082,0,0,0.0,,,,gemini35flash
2026091297,rich_boost,bonferroni,0.14285714285714285,,False,0,0,,1082,0,0,0.0,,,,gemini35flash
2026091297,rich_boost,fixed_sequence,0.2,,False,0,0,,1082,0,0,0.0,,,,gemini35flash
2026091297,rich_boost,bonferroni,0.2,,False,0,0,,1082,0,0,0.0,,,,gemini35flash
2026091297,rich_boost,fixed_sequence,0.25,0.77,True,184,31,0.2396354395228137,1082,204,31,0.18853974121996303,0.15196078431372548,0.10564463761607085,0.20870866824878576,gemini35flash
2026091297,rich_boost,bonferroni,0.25,,False,0,0,,1082,0,0,0.0,,,,gemini35flash
2026091298,raw_u,fixed_sequence,0.1,,False,0,0,,1082,0,0,0.0,,,,gemini35flash
2026091298,raw_u,bonferroni,0.1,,False,0,0,,1082,0,0,0.0,,,,gemini35flash
2026091298,raw_u,fixed_sequence,0.14285714285714285,,False,0,0,,1082,0,0,0.0,,,,gemini35flash
2026091298,raw_u,bonferroni,0.14285714285714285,,False,0,0,,1082,0,0,0.0,,,,gemini35flash
2026091298,raw_u,fixed_sequence,0.2,,False,0,0,,1082,0,0,0.0,,,,gemini35flash
2026091298,raw_u,bonferroni,0.2,,False,0,0,,1082,0,0,0.0,,,,gemini35flash
2026091298,raw_u,fixed_sequence,0.25,0.81,True,294,54,0.23991386358288425,1082,314,59,0.2902033271719039,0.18789808917197454,0.14622376238603305,0.23557316112414814,gemini35flash
2026091298,raw_u,bonferroni,0.25,0.8571428571428571,True,199,29,0.24373168880008647,1082,187,27,0.17282809611829944,0.1443850267379679,0.09735657174378451,0.20307816682411067,gemini35flash
2026091298,u_boost,fixed_sequence,0.1,,False,0,0,,1082,0,0,0.0,,,,gemini35flash
2026091298,u_boost,bonferroni,0.1,,False,0,0,,1082,0,0,0.0,,,,gemini35flash
2026091298,u_boost,fixed_sequence,0.14285714285714285,,False,0,0,,1082,0,0,0.0,,,,gemini35flash
2026091298,u_boost,bonferroni,0.14285714285714285,,False,0,0,,1082,0,0,0.0,,,,gemini35flash
2026091298,u_boost,fixed_sequence,0.2,,False,0,0,,1082,0,0,0.0,,,,gemini35flash
2026091298,u_boost,bonferroni,0.2,,False,0,0,,1082,0,0,0.0,,,,gemini35flash
2026091298,u_boost,fixed_sequence,0.25,0.71,True,268,49,0.24193486830635488,1082,288,55,0.266173752310536,0.1909722222222222,0.1472280436557013,0.2412025381801374,gemini35flash
2026091298,u_boost,bonferroni,0.25,0.75,True,173,24,0.24357756721598445,1082,161,23,0.1487985212569316,0.14285714285714285,0.09276468055329191,0.20660683824577064,gemini35flash
2026091298,rich_logistic,fixed_sequence,0.1,,False,0,0,,1082,0,0,0.0,,,,gemini35flash
2026091298,rich_logistic,bonferroni,0.1,,False,0,0,,1082,0,0,0.0,,,,gemini35flash
2026091298,rich_logistic,fixed_sequence,0.14285714285714285,,False,0,0,,1082,0,0,0.0,,,,gemini35flash
2026091298,rich_logistic,bonferroni,0.14285714285714285,,False,0,0,,1082,0,0,0.0,,,,gemini35flash
2026091298,rich_logistic,fixed_sequence,0.2,,False,0,0,,1082,0,0,0.0,,,,gemini35flash
2026091298,rich_logistic,bonferroni,0.2,,False,0,0,,1082,0,0,0.0,,,,gemini35flash
2026091298,rich_logistic,fixed_sequence,0.25,0.71,True,298,57,0.2477809021666106,1082,317,65,0.2929759704251386,0.20504731861198738,0.16196535856274752,0.2537376467466354,gemini35flash
2026091298,rich_logistic,bonferroni,0.25,0.77,True,190,28,0.24832627882400296,1082,181,25,0.16728280961182995,0.13812154696132597,0.09142116292312377,0.19710869688411223,gemini35flash
2026091298,rich_boost,fixed_sequence,0.1,,False,0,0,,1082,0,0,0.0,,,,gemini35flash
2026091298,rich_boost,bonferroni,0.1,,False,0,0,,1082,0,0,0.0,,,,gemini35flash
2026091298,rich_boost,fixed_sequence,0.14285714285714285,,False,0,0,,1082,0,0,0.0,,,,gemini35flash
2026091298,rich_boost,bonferroni,0.14285714285714285,,False,0,0,,1082,0,0,0.0,,,,gemini35flash
2026091298,rich_boost,fixed_sequence,0.2,,False,0,0,,1082,0,0,0.0,,,,gemini35flash
2026091298,rich_boost,bonferroni,0.2,,False,0,0,,1082,0,0,0.0,,,,gemini35flash
2026091298,rich_boost,fixed_sequence,0.25,0.71,True,270,44,0.2197966232790626,1082,294,54,0.27171903881700554,0.1836734693877551,0.141097668095404,0.23275516789630651,gemini35flash
2026091298,rich_boost,bonferroni,0.25,0.71,True,270,44,0.24800747179255186,1082,294,54,0.27171903881700554,0.1836734693877551,0.141097668095404,0.23275516789630651,gemini35flash
2026091299,raw_u,fixed_sequence,0.1,,False,0,0,,1082,0,0,0.0,,,,gemini35flash
2026091299,raw_u,bonferroni,0.1,,False,0,0,,1082,0,0,0.0,,,,gemini35flash
2026091299,raw_u,fixed_sequence,0.14285714285714285,,False,0,0,,1082,0,0,0.0,,,,gemini35flash
2026091299,raw_u,bonferroni,0.14285714285714285,,False,0,0,,1082,0,0,0.0,,,,gemini35flash
2026091299,raw_u,fixed_sequence,0.2,,False,0,0,,1082,0,0,0.0,,,,gemini35flash
2026091299,raw_u,bonferroni,0.2,,False,0,0,,1082,0,0,0.0,,,,gemini35flash
2026091299,raw_u,fixed_sequence,0.25,,False,0,0,,1082,0,0,0.0,,,,gemini35flash
2026091299,raw_u,bonferroni,0.25,,False,0,0,,1082,0,0,0.0,,,,gemini35flash
2026091299,u_boost,fixed_sequence,0.1,,False,0,0,,1082,0,0,0.0,,,,gemini35flash
2026091299,u_boost,bonferroni,0.1,,False,0,0,,1082,0,0,0.0,,,,gemini35flash
2026091299,u_boost,fixed_sequence,0.14285714285714285,,False,0,0,,1082,0,0,0.0,,,,gemini35flash
2026091299,u_boost,bonferroni,0.14285714285714285,,False,0,0,,1082,0,0,0.0,,,,gemini35flash
2026091299,u_boost,fixed_sequence,0.2,,False,0,0,,1082,0,0,0.0,,,,gemini35flash
2026091299,u_boost,bonferroni,0.2,,False,0,0,,1082,0,0,0.0,,,,gemini35flash
2026091299,u_boost,fixed_sequence,0.25,,False,0,0,,1082,0,0,0.0,,,,gemini35flash
2026091299,u_boost,bonferroni,0.25,,False,0,0,,1082,0,0,0.0,,,,gemini35flash
2026091299,rich_logistic,fixed_sequence,0.1,,False,0,0,,1082,0,0,0.0,,,,gemini35flash
2026091299,rich_logistic,bonferroni,0.1,,False,0,0,,1082,0,0,0.0,,,,gemini35flash
2026091299,rich_logistic,fixed_sequence,0.14285714285714285,,False,0,0,,1082,0,0,0.0,,,,gemini35flash
2026091299,rich_logistic,bonferroni,0.14285714285714285,,False,0,0,,1082,0,0,0.0,,,,gemini35flash
2026091299,rich_logistic,fixed_sequence,0.2,,False,0,0,,1082,0,0,0.0,,,,gemini35flash
2026091299,rich_logistic,bonferroni,0.2,,False,0,0,,1082,0,0,0.0,,,,gemini35flash
2026091299,rich_logistic,fixed_sequence,0.25,,False,0,0,,1082,0,0,0.0,,,,gemini35flash
2026091299,rich_logistic,bonferroni,0.25,,False,0,0,,1082,0,0,0.0,,,,gemini35flash
2026091299,rich_boost,fixed_sequence,0.1,,False,0,0,,1082,0,0,0.0,,,,gemini35flash
2026091299,rich_boost,bonferroni,0.1,,False,0,0,,1082,0,0,0.0,,,,gemini35flash
2026091299,rich_boost,fixed_sequence,0.14285714285714285,,False,0,0,,1082,0,0,0.0,,,,gemini35flash
2026091299,rich_boost,bonferroni,0.14285714285714285,,False,0,0,,1082,0,0,0.0,,,,gemini35flash
2026091299,rich_boost,fixed_sequence,0.2,,False,0,0,,1082,0,0,0.0,,,,gemini35flash
2026091299,rich_boost,bonferroni,0.2,,False,0,0,,1082,0,0,0.0,,,,gemini35flash
2026091299,rich_boost,fixed_sequence,0.25,,False,0,0,,1082,0,0,0.0,,,,gemini35flash
2026091299,rich_boost,bonferroni,0.25,,False,0,0,,1082,0,0,0.0,,,,gemini35flash
2026091300,raw_u,fixed_sequence,0.1,,False,0,0,,1082,0,0,0.0,,,,gemini35flash
2026091300,raw_u,bonferroni,0.1,,False,0,0,,1082,0,0,0.0,,,,gemini35flash
2026091300,raw_u,fixed_sequence,0.14285714285714285,,False,0,0,,1082,0,0,0.0,,,,gemini35flash
2026091300,raw_u,bonferroni,0.14285714285714285,,False,0,0,,1082,0,0,0.0,,,,gemini35flash
2026091300,raw_u,fixed_sequence,0.2,,False,0,0,,1082,0,0,0.0,,,,gemini35flash
2026091300,raw_u,bonferroni,0.2,,False,0,0,,1082,0,0,0.0,,,,gemini35flash
2026091300,raw_u,fixed_sequence,0.25,0.8571428571428571,True,188,31,0.2347557284405981,1082,196,37,0.18114602587800369,0.18877551020408162,0.1365355971411745,0.2506857754922564,gemini35flash
2026091300,raw_u,bonferroni,0.25,0.91,True,164,23,0.2487229043468737,1082,170,31,0.15711645101663585,0.18235294117647058,0.12739075841490535,0.2487358877425461,gemini35flash
2026091300,u_boost,fixed_sequence,0.1,,False,0,0,,1082,0,0,0.0,,,,gemini35flash
2026091300,u_boost,bonferroni,0.1,,False,0,0,,1082,0,0,0.0,,,,gemini35flash
2026091300,u_boost,fixed_sequence,0.14285714285714285,,False,0,0,,1082,0,0,0.0,,,,gemini35flash
2026091300,u_boost,bonferroni,0.14285714285714285,,False,0,0,,1082,0,0,0.0,,,,gemini35flash
2026091300,u_boost,fixed_sequence,0.2,,False,0,0,,1082,0,0,0.0,,,,gemini35flash
2026091300,u_boost,bonferroni,0.2,,False,0,0,,1082,0,0,0.0,,,,gemini35flash
2026091300,u_boost,fixed_sequence,0.25,0.73,True,269,51,0.24920458556259908,1082,294,67,0.27171903881700554,0.22789115646258504,0.18119941610155643,0.28015954414162475,gemini35flash
2026091300,u_boost,bonferroni,0.25,0.77,True,164,23,0.2487229043468737,1082,170,31,0.15711645101663585,0.18235294117647058,0.12739075841490535,0.2487358877425461,gemini35flash
2026091300,rich_logistic,fixed_sequence,0.1,,False,0,0,,1082,0,0,0.0,,,,gemini35flash
2026091300,rich_logistic,bonferroni,0.1,,False,0,0,,1082,0,0,0.0,,,,gemini35flash
2026091300,rich_logistic,fixed_sequence,0.14285714285714285,,False,0,0,,1082,0,0,0.0,,,,gemini35flash
2026091300,rich_logistic,bonferroni,0.14285714285714285,,False,0,0,,1082,0,0,0.0,,,,gemini35flash
2026091300,rich_logistic,fixed_sequence,0.2,,False,0,0,,1082,0,0,0.0,,,,gemini35flash
2026091300,rich_logistic,bonferroni,0.2,,False,0,0,,1082,0,0,0.0,,,,gemini35flash
2026091300,rich_logistic,fixed_sequence,0.25,,False,0,0,,1082,0,0,0.0,,,,gemini35flash
2026091300,rich_logistic,bonferroni,0.25,0.78,True,207,30,0.24058843796792087,1082,217,39,0.20055452865064696,0.17972350230414746,0.1310327450591937,0.23739390923282208,gemini35flash
2026091300,rich_boost,fixed_sequence,0.1,,False,0,0,,1082,0,0,0.0,,,,gemini35flash
2026091300,rich_boost,bonferroni,0.1,,False,0,0,,1082,0,0,0.0,,,,gemini35flash
2026091300,rich_boost,fixed_sequence,0.14285714285714285,,False,0,0,,1082,0,0,0.0,,,,gemini35flash
2026091300,rich_boost,bonferroni,0.14285714285714285,,False,0,0,,1082,0,0,0.0,,,,gemini35flash
2026091300,rich_boost,fixed_sequence,0.2,,False,0,0,,1082,0,0,0.0,,,,gemini35flash
2026091300,rich_boost,bonferroni,0.2,,False,0,0,,1082,0,0,0.0,,,,gemini35flash
2026091300,rich_boost,fixed_sequence,0.25,,False,0,0,,1082,0,0,0.0,,,,gemini35flash
2026091300,rich_boost,bonferroni,0.25,0.8,True,198,29,0.24488897578254273,1082,196,36,0.18114602587800369,0.1836734693877551,0.13208288016355255,0.24509860659251143,gemini35flash
2026091301,raw_u,fixed_sequence,0.1,,False,0,0,,1082,0,0,0.0,,,,gemini35flash
2026091301,raw_u,bonferroni,0.1,,False,0,0,,1082,0,0,0.0,,,,gemini35flash
2026091301,raw_u,fixed_sequence,0.14285714285714285,,False,0,0,,1082,0,0,0.0,,,,gemini35flash
2026091301,raw_u,bonferroni,0.14285714285714285,,False,0,0,,1082,0,0,0.0,,,,gemini35flash
2026091301,raw_u,fixed_sequence,0.2,,False,0,0,,1082,0,0,0.0,,,,gemini35flash
2026091301,raw_u,bonferroni,0.2,,False,0,0,,1082,0,0,0.0,,,,gemini35flash
2026091301,raw_u,fixed_sequence,0.25,0.91,True,153,26,0.2491204882028167,1082,174,23,0.16081330868761554,0.13218390804597702,0.08567334521971763,0.1917125807760488,gemini35flash
2026091301,raw_u,bonferroni,0.25,,False,0,0,,1082,0,0,0.0,,,,gemini35flash
2026091301,u_boost,fixed_sequence,0.1,,False,0,0,,1082,0,0,0.0,,,,gemini35flash
2026091301,u_boost,bonferroni,0.1,,False,0,0,,1082,0,0,0.0,,,,gemini35flash
2026091301,u_boost,fixed_sequence,0.14285714285714285,,False,0,0,,1082,0,0,0.0,,,,gemini35flash
2026091301,u_boost,bonferroni,0.14285714285714285,,False,0,0,,1082,0,0,0.0,,,,gemini35flash
2026091301,u_boost,fixed_sequence,0.2,,False,0,0,,1082,0,0,0.0,,,,gemini35flash
2026091301,u_boost,bonferroni,0.2,,False,0,0,,1082,0,0,0.0,,,,gemini35flash
2026091301,u_boost,fixed_sequence,0.25,0.78,True,153,26,0.2491204882028167,1082,174,23,0.16081330868761554,0.13218390804597702,0.08567334521971763,0.1917125807760488,gemini35flash
2026091301,u_boost,bonferroni,0.25,,False,0,0,,1082,0,0,0.0,,,,gemini35flash
2026091301,rich_logistic,fixed_sequence,0.1,,False,0,0,,1082,0,0,0.0,,,,gemini35flash
2026091301,rich_logistic,bonferroni,0.1,,False,0,0,,1082,0,0,0.0,,,,gemini35flash
2026091301,rich_logistic,fixed_sequence,0.14285714285714285,,False,0,0,,1082,0,0,0.0,,,,gemini35flash
2026091301,rich_logistic,bonferroni,0.14285714285714285,,False,0,0,,1082,0,0,0.0,,,,gemini35flash
2026091301,rich_logistic,fixed_sequence,0.2,,False,0,0,,1082,0,0,0.0,,,,gemini35flash
2026091301,rich_logistic,bonferroni,0.2,,False,0,0,,1082,0,0,0.0,,,,gemini35flash
2026091301,rich_logistic,fixed_sequence,0.25,0.75,True,206,37,0.2476411878550246,1082,235,37,0.21719038817005545,0.1574468085106383,0.11334426074216325,0.21042857498429066,gemini35flash
2026091301,rich_logistic,bonferroni,0.25,,False,0,0,,1082,0,0,0.0,,,,gemini35flash
2026091301,rich_boost,fixed_sequence,0.1,,False,0,0,,1082,0,0,0.0,,,,gemini35flash
2026091301,rich_boost,bonferroni,0.1,,False,0,0,,1082,0,0,0.0,,,,gemini35flash
2026091301,rich_boost,fixed_sequence,0.14285714285714285,,False,0,0,,1082,0,0,0.0,,,,gemini35flash
2026091301,rich_boost,bonferroni,0.14285714285714285,,False,0,0,,1082,0,0,0.0,,,,gemini35flash
2026091301,rich_boost,fixed_sequence,0.2,,False,0,0,,1082,0,0,0.0,,,,gemini35flash
2026091301,rich_boost,bonferroni,0.2,,False,0,0,,1082,0,0,0.0,,,,gemini35flash
2026091301,rich_boost,fixed_sequence,0.25,,False,0,0,,1082,0,0,0.0,,,,gemini35flash
2026091301,rich_boost,bonferroni,0.25,,False,0,0,,1082,0,0,0.0,,,,gemini35flash
2026091201,raw_u,fixed_sequence,0.1,,False,0,0,,1082,0,0,0.0,,,,sonnet46
2026091201,raw_u,bonferroni,0.1,,False,0,0,,1082,0,0,0.0,,,,sonnet46
2026091201,raw_u,fixed_sequence,0.14285714285714285,,False,0,0,,1082,0,0,0.0,,,,sonnet46
2026091201,raw_u,bonferroni,0.14285714285714285,,False,0,0,,1082,0,0,0.0,,,,sonnet46
2026091201,raw_u,fixed_sequence,0.2,,False,0,0,,1082,0,0,0.0,,,,sonnet46
2026091201,raw_u,bonferroni,0.2,,False,0,0,,1082,0,0,0.0,,,,sonnet46
2026091201,raw_u,fixed_sequence,0.25,,False,0,0,,1082,0,0,0.0,,,,sonnet46
2026091201,raw_u,bonferroni,0.25,,False,0,0,,1082,0,0,0.0,,,,sonnet46
2026091201,u_boost,fixed_sequence,0.1,,False,0,0,,1082,0,0,0.0,,,,sonnet46
2026091201,u_boost,bonferroni,0.1,,False,0,0,,1082,0,0,0.0,,,,sonnet46
2026091201,u_boost,fixed_sequence,0.14285714285714285,,False,0,0,,1082,0,0,0.0,,,,sonnet46
2026091201,u_boost,bonferroni,0.14285714285714285,,False,0,0,,1082,0,0,0.0,,,,sonnet46
2026091201,u_boost,fixed_sequence,0.2,,False,0,0,,1082,0,0,0.0,,,,sonnet46
2026091201,u_boost,bonferroni,0.2,,False,0,0,,1082,0,0,0.0,,,,sonnet46
2026091201,u_boost,fixed_sequence,0.25,,False,0,0,,1082,0,0,0.0,,,,sonnet46
2026091201,u_boost,bonferroni,0.25,,False,0,0,,1082,0,0,0.0,,,,sonnet46
2026091201,rich_logistic,fixed_sequence,0.1,,False,0,0,,1082,0,0,0.0,,,,sonnet46
2026091201,rich_logistic,bonferroni,0.1,,False,0,0,,1082,0,0,0.0,,,,sonnet46
2026091201,rich_logistic,fixed_sequence,0.14285714285714285,,False,0,0,,1082,0,0,0.0,,,,sonnet46
2026091201,rich_logistic,bonferroni,0.14285714285714285,,False,0,0,,1082,0,0,0.0,,,,sonnet46
2026091201,rich_logistic,fixed_sequence,0.2,,False,0,0,,1082,0,0,0.0,,,,sonnet46
2026091201,rich_logistic,bonferroni,0.2,,False,0,0,,1082,0,0,0.0,,,,sonnet46
2026091201,rich_logistic,fixed_sequence,0.25,,False,0,0,,1082,0,0,0.0,,,,sonnet46
2026091201,rich_logistic,bonferroni,0.25,,False,0,0,,1082,0,0,0.0,,,,sonnet46
2026091201,rich_boost,fixed_sequence,0.1,,False,0,0,,1082,0,0,0.0,,,,sonnet46
2026091201,rich_boost,bonferroni,0.1,,False,0,0,,1082,0,0,0.0,,,,sonnet46
2026091201,rich_boost,fixed_sequence,0.14285714285714285,,False,0,0,,1082,0,0,0.0,,,,sonnet46
2026091201,rich_boost,bonferroni,0.14285714285714285,,False,0,0,,1082,0,0,0.0,,,,sonnet46
2026091201,rich_boost,fixed_sequence,0.2,,False,0,0,,1082,0,0,0.0,,,,sonnet46
2026091201,rich_boost,bonferroni,0.2,,False,0,0,,1082,0,0,0.0,,,,sonnet46
2026091201,rich_boost,fixed_sequence,0.25,,False,0,0,,1082,0,0,0.0,,,,sonnet46
2026091201,rich_boost,bonferroni,0.25,,False,0,0,,1082,0,0,0.0,,,,sonnet46
2026091202,raw_u,fixed_sequence,0.1,,False,0,0,,1082,0,0,0.0,,,,sonnet46
2026091202,raw_u,bonferroni,0.1,,False,0,0,,1082,0,0,0.0,,,,sonnet46
2026091202,raw_u,fixed_sequence,0.14285714285714285,,False,0,0,,1082,0,0,0.0,,,,sonnet46
2026091202,raw_u,bonferroni,0.14285714285714285,,False,0,0,,1082,0,0,0.0,,,,sonnet46
2026091202,raw_u,fixed_sequence,0.2,,False,0,0,,1082,0,0,0.0,,,,sonnet46
2026091202,raw_u,bonferroni,0.2,,False,0,0,,1082,0,0,0.0,,,,sonnet46
2026091202,raw_u,fixed_sequence,0.25,,False,0,0,,1082,0,0,0.0,,,,sonnet46
2026091202,raw_u,bonferroni,0.25,,False,0,0,,1082,0,0,0.0,,,,sonnet46
2026091202,u_boost,fixed_sequence,0.1,,False,0,0,,1082,0,0,0.0,,,,sonnet46
2026091202,u_boost,bonferroni,0.1,,False,0,0,,1082,0,0,0.0,,,,sonnet46
2026091202,u_boost,fixed_sequence,0.14285714285714285,,False,0,0,,1082,0,0,0.0,,,,sonnet46
2026091202,u_boost,bonferroni,0.14285714285714285,,False,0,0,,1082,0,0,0.0,,,,sonnet46
2026091202,u_boost,fixed_sequence,0.2,,False,0,0,,1082,0,0,0.0,,,,sonnet46
2026091202,u_boost,bonferroni,0.2,,False,0,0,,1082,0,0,0.0,,,,sonnet46
2026091202,u_boost,fixed_sequence,0.25,,False,0,0,,1082,0,0,0.0,,,,sonnet46
2026091202,u_boost,bonferroni,0.25,,False,0,0,,1082,0,0,0.0,,,,sonnet46
2026091202,rich_logistic,fixed_sequence,0.1,,False,0,0,,1082,0,0,0.0,,,,sonnet46
2026091202,rich_logistic,bonferroni,0.1,,False,0,0,,1082,0,0,0.0,,,,sonnet46
2026091202,rich_logistic,fixed_sequence,0.14285714285714285,,False,0,0,,1082,0,0,0.0,,,,sonnet46
2026091202,rich_logistic,bonferroni,0.14285714285714285,,False,0,0,,1082,0,0,0.0,,,,sonnet46
2026091202,rich_logistic,fixed_sequence,0.2,,False,0,0,,1082,0,0,0.0,,,,sonnet46
2026091202,rich_logistic,bonferroni,0.2,,False,0,0,,1082,0,0,0.0,,,,sonnet46
2026091202,rich_logistic,fixed_sequence,0.25,,False,0,0,,1082,0,0,0.0,,,,sonnet46
2026091202,rich_logistic,bonferroni,0.25,,False,0,0,,1082,0,0,0.0,,,,sonnet46
2026091202,rich_boost,fixed_sequence,0.1,,False,0,0,,1082,0,0,0.0,,,,sonnet46
2026091202,rich_boost,bonferroni,0.1,,False,0,0,,1082,0,0,0.0,,,,sonnet46
2026091202,rich_boost,fixed_sequence,0.14285714285714285,,False,0,0,,1082,0,0,0.0,,,,sonnet46
2026091202,rich_boost,bonferroni,0.14285714285714285,,False,0,0,,1082,0,0,0.0,,,,sonnet46
2026091202,rich_boost,fixed_sequence,0.2,,False,0,0,,1082,0,0,0.0,,,,sonnet46
2026091202,rich_boost,bonferroni,0.2,,False,0,0,,1082,0,0,0.0,,,,sonnet46
2026091202,rich_boost,fixed_sequence,0.25,,False,0,0,,1082,0,0,0.0,,,,sonnet46
2026091202,rich_boost,bonferroni,0.25,,False,0,0,,1082,0,0,0.0,,,,sonnet46
2026091203,raw_u,fixed_sequence,0.1,,False,0,0,,1082,0,0,0.0,,,,sonnet46
2026091203,raw_u,bonferroni,0.1,,False,0,0,,1082,0,0,0.0,,,,sonnet46
2026091203,raw_u,fixed_sequence,0.14285714285714285,,False,0,0,,1082,0,0,0.0,,,,sonnet46
2026091203,raw_u,bonferroni,0.14285714285714285,,False,0,0,,1082,0,0,0.0,,,,sonnet46
2026091203,raw_u,fixed_sequence,0.2,,False,0,0,,1082,0,0,0.0,,,,sonnet46
2026091203,raw_u,bonferroni,0.2,,False,0,0,,1082,0,0,0.0,,,,sonnet46
2026091203,raw_u,fixed_sequence,0.25,,False,0,0,,1082,0,0,0.0,,,,sonnet46
2026091203,raw_u,bonferroni,0.25,,False,0,0,,1082,0,0,0.0,,,,sonnet46
2026091203,u_boost,fixed_sequence,0.1,,False,0,0,,1082,0,0,0.0,,,,sonnet46
2026091203,u_boost,bonferroni,0.1,,False,0,0,,1082,0,0,0.0,,,,sonnet46
2026091203,u_boost,fixed_sequence,0.14285714285714285,,False,0,0,,1082,0,0,0.0,,,,sonnet46
2026091203,u_boost,bonferroni,0.14285714285714285,,False,0,0,,1082,0,0,0.0,,,,sonnet46
2026091203,u_boost,fixed_sequence,0.2,,False,0,0,,1082,0,0,0.0,,,,sonnet46
2026091203,u_boost,bonferroni,0.2,,False,0,0,,1082,0,0,0.0,,,,sonnet46
2026091203,u_boost,fixed_sequence,0.25,,False,0,0,,1082,0,0,0.0,,,,sonnet46
2026091203,u_boost,bonferroni,0.25,,False,0,0,,1082,0,0,0.0,,,,sonnet46
2026091203,rich_logistic,fixed_sequence,0.1,,False,0,0,,1082,0,0,0.0,,,,sonnet46
2026091203,rich_logistic,bonferroni,0.1,,False,0,0,,1082,0,0,0.0,,,,sonnet46
2026091203,rich_logistic,fixed_sequence,0.14285714285714285,,False,0,0,,1082,0,0,0.0,,,,sonnet46
2026091203,rich_logistic,bonferroni,0.14285714285714285,,False,0,0,,1082,0,0,0.0,,,,sonnet46
2026091203,rich_logistic,fixed_sequence,0.2,,False,0,0,,1082,0,0,0.0,,,,sonnet46
2026091203,rich_logistic,bonferroni,0.2,,False,0,0,,1082,0,0,0.0,,,,sonnet46
2026091203,rich_logistic,fixed_sequence,0.25,,False,0,0,,1082,0,0,0.0,,,,sonnet46
2026091203,rich_logistic,bonferroni,0.25,,False,0,0,,1082,0,0,0.0,,,,sonnet46
2026091203,rich_boost,fixed_sequence,0.1,,False,0,0,,1082,0,0,0.0,,,,sonnet46
2026091203,rich_boost,bonferroni,0.1,,False,0,0,,1082,0,0,0.0,,,,sonnet46
2026091203,rich_boost,fixed_sequence,0.14285714285714285,,False,0,0,,1082,0,0,0.0,,,,sonnet46
2026091203,rich_boost,bonferroni,0.14285714285714285,,False,0,0,,1082,0,0,0.0,,,,sonnet46
2026091203,rich_boost,fixed_sequence,0.2,,False,0,0,,1082,0,0,0.0,,,,sonnet46
2026091203,rich_boost,bonferroni,0.2,,False,0,0,,1082,0,0,0.0,,,,sonnet46
2026091203,rich_boost,fixed_sequence,0.25,,False,0,0,,1082,0,0,0.0,,,,sonnet46
2026091203,rich_boost,bonferroni,0.25,,False,0,0,,1082,0,0,0.0,,,,sonnet46
2026091204,raw_u,fixed_sequence,0.1,,False,0,0,,1082,0,0,0.0,,,,sonnet46
2026091204,raw_u,bonferroni,0.1,,False,0,0,,1082,0,0,0.0,,,,sonnet46
2026091204,raw_u,fixed_sequence,0.14285714285714285,,False,0,0,,1082,0,0,0.0,,,,sonnet46
2026091204,raw_u,bonferroni,0.14285714285714285,,False,0,0,,1082,0,0,0.0,,,,sonnet46
2026091204,raw_u,fixed_sequence,0.2,,False,0,0,,1082,0,0,0.0,,,,sonnet46
2026091204,raw_u,bonferroni,0.2,,False,0,0,,1082,0,0,0.0,,,,sonnet46
2026091204,raw_u,fixed_sequence,0.25,,False,0,0,,1082,0,0,0.0,,,,sonnet46
2026091204,raw_u,bonferroni,0.25,,False,0,0,,1082,0,0,0.0,,,,sonnet46
2026091204,u_boost,fixed_sequence,0.1,,False,0,0,,1082,0,0,0.0,,,,sonnet46
2026091204,u_boost,bonferroni,0.1,,False,0,0,,1082,0,0,0.0,,,,sonnet46
2026091204,u_boost,fixed_sequence,0.14285714285714285,,False,0,0,,1082,0,0,0.0,,,,sonnet46
2026091204,u_boost,bonferroni,0.14285714285714285,,False,0,0,,1082,0,0,0.0,,,,sonnet46
2026091204,u_boost,fixed_sequence,0.2,,False,0,0,,1082,0,0,0.0,,,,sonnet46
2026091204,u_boost,bonferroni,0.2,,False,0,0,,1082,0,0,0.0,,,,sonnet46
2026091204,u_boost,fixed_sequence,0.25,,False,0,0,,1082,0,0,0.0,,,,sonnet46
2026091204,u_boost,bonferroni,0.25,,False,0,0,,1082,0,0,0.0,,,,sonnet46
2026091204,rich_logistic,fixed_sequence,0.1,,False,0,0,,1082,0,0,0.0,,,,sonnet46
2026091204,rich_logistic,bonferroni,0.1,,False,0,0,,1082,0,0,0.0,,,,sonnet46
2026091204,rich_logistic,fixed_sequence,0.14285714285714285,,False,0,0,,1082,0,0,0.0,,,,sonnet46
2026091204,rich_logistic,bonferroni,0.14285714285714285,,False,0,0,,1082,0,0,0.0,,,,sonnet46
2026091204,rich_logistic,fixed_sequence,0.2,,False,0,0,,1082,0,0,0.0,,,,sonnet46
2026091204,rich_logistic,bonferroni,0.2,,False,0,0,,1082,0,0,0.0,,,,sonnet46
2026091204,rich_logistic,fixed_sequence,0.25,,False,0,0,,1082,0,0,0.0,,,,sonnet46
2026091204,rich_logistic,bonferroni,0.25,,False,0,0,,1082,0,0,0.0,,,,sonnet46
2026091204,rich_boost,fixed_sequence,0.1,,False,0,0,,1082,0,0,0.0,,,,sonnet46
2026091204,rich_boost,bonferroni,0.1,,False,0,0,,1082,0,0,0.0,,,,sonnet46
2026091204,rich_boost,fixed_sequence,0.14285714285714285,,False,0,0,,1082,0,0,0.0,,,,sonnet46
2026091204,rich_boost,bonferroni,0.14285714285714285,,False,0,0,,1082,0,0,0.0,,,,sonnet46
2026091204,rich_boost,fixed_sequence,0.2,,False,0,0,,1082,0,0,0.0,,,,sonnet46
2026091204,rich_boost,bonferroni,0.2,,False,0,0,,1082,0,0,0.0,,,,sonnet46
2026091204,rich_boost,fixed_sequence,0.25,,False,0,0,,1082,0,0,0.0,,,,sonnet46
2026091204,rich_boost,bonferroni,0.25,,False,0,0,,1082,0,0,0.0,,,,sonnet46
2026091205,raw_u,fixed_sequence,0.1,,False,0,0,,1082,0,0,0.0,,,,sonnet46
2026091205,raw_u,bonferroni,0.1,,False,0,0,,1082,0,0,0.0,,,,sonnet46
2026091205,raw_u,fixed_sequence,0.14285714285714285,,False,0,0,,1082,0,0,0.0,,,,sonnet46
2026091205,raw_u,bonferroni,0.14285714285714285,,False,0,0,,1082,0,0,0.0,,,,sonnet46
2026091205,raw_u,fixed_sequence,0.2,,False,0,0,,1082,0,0,0.0,,,,sonnet46
2026091205,raw_u,bonferroni,0.2,,False,0,0,,1082,0,0,0.0,,,,sonnet46
2026091205,raw_u,fixed_sequence,0.25,,False,0,0,,1082,0,0,0.0,,,,sonnet46
2026091205,raw_u,bonferroni,0.25,,False,0,0,,1082,0,0,0.0,,,,sonnet46
2026091205,u_boost,fixed_sequence,0.1,,False,0,0,,1082,0,0,0.0,,,,sonnet46
2026091205,u_boost,bonferroni,0.1,,False,0,0,,1082,0,0,0.0,,,,sonnet46
2026091205,u_boost,fixed_sequence,0.14285714285714285,,False,0,0,,1082,0,0,0.0,,,,sonnet46
2026091205,u_boost,bonferroni,0.14285714285714285,,False,0,0,,1082,0,0,0.0,,,,sonnet46
2026091205,u_boost,fixed_sequence,0.2,,False,0,0,,1082,0,0,0.0,,,,sonnet46
2026091205,u_boost,bonferroni,0.2,,False,0,0,,1082,0,0,0.0,,,,sonnet46
2026091205,u_boost,fixed_sequence,0.25,,False,0,0,,1082,0,0,0.0,,,,sonnet46
2026091205,u_boost,bonferroni,0.25,,False,0,0,,1082,0,0,0.0,,,,sonnet46
2026091205,rich_logistic,fixed_sequence,0.1,,False,0,0,,1082,0,0,0.0,,,,sonnet46
2026091205,rich_logistic,bonferroni,0.1,,False,0,0,,1082,0,0,0.0,,,,sonnet46
2026091205,rich_logistic,fixed_sequence,0.14285714285714285,,False,0,0,,1082,0,0,0.0,,,,sonnet46
2026091205,rich_logistic,bonferroni,0.14285714285714285,,False,0,0,,1082,0,0,0.0,,,,sonnet46
2026091205,rich_logistic,fixed_sequence,0.2,,False,0,0,,1082,0,0,0.0,,,,sonnet46
2026091205,rich_logistic,bonferroni,0.2,,False,0,0,,1082,0,0,0.0,,,,sonnet46
2026091205,rich_logistic,fixed_sequence,0.25,,False,0,0,,1082,0,0,0.0,,,,sonnet46
2026091205,rich_logistic,bonferroni,0.25,,False,0,0,,1082,0,0,0.0,,,,sonnet46
2026091205,rich_boost,fixed_sequence,0.1,,False,0,0,,1082,0,0,0.0,,,,sonnet46
2026091205,rich_boost,bonferroni,0.1,,False,0,0,,1082,0,0,0.0,,,,sonnet46
2026091205,rich_boost,fixed_sequence,0.14285714285714285,,False,0,0,,1082,0,0,0.0,,,,sonnet46
2026091205,rich_boost,bonferroni,0.14285714285714285,,False,0,0,,1082,0,0,0.0,,,,sonnet46
2026091205,rich_boost,fixed_sequence,0.2,,False,0,0,,1082,0,0,0.0,,,,sonnet46
2026091205,rich_boost,bonferroni,0.2,,False,0,0,,1082,0,0,0.0,,,,sonnet46
2026091205,rich_boost,fixed_sequence,0.25,,False,0,0,,1082,0,0,0.0,,,,sonnet46
2026091205,rich_boost,bonferroni,0.25,,False,0,0,,1082,0,0,0.0,,,,sonnet46
2026091206,raw_u,fixed_sequence,0.1,,False,0,0,,1082,0,0,0.0,,,,sonnet46
2026091206,raw_u,bonferroni,0.1,,False,0,0,,1082,0,0,0.0,,,,sonnet46
2026091206,raw_u,fixed_sequence,0.14285714285714285,,False,0,0,,1082,0,0,0.0,,,,sonnet46
2026091206,raw_u,bonferroni,0.14285714285714285,,False,0,0,,1082,0,0,0.0,,,,sonnet46
2026091206,raw_u,fixed_sequence,0.2,,False,0,0,,1082,0,0,0.0,,,,sonnet46
2026091206,raw_u,bonferroni,0.2,,False,0,0,,1082,0,0,0.0,,,,sonnet46
2026091206,raw_u,fixed_sequence,0.25,,False,0,0,,1082,0,0,0.0,,,,sonnet46
2026091206,raw_u,bonferroni,0.25,,False,0,0,,1082,0,0,0.0,,,,sonnet46
2026091206,u_boost,fixed_sequence,0.1,,False,0,0,,1082,0,0,0.0,,,,sonnet46
2026091206,u_boost,bonferroni,0.1,,False,0,0,,1082,0,0,0.0,,,,sonnet46
2026091206,u_boost,fixed_sequence,0.14285714285714285,,False,0,0,,1082,0,0,0.0,,,,sonnet46
2026091206,u_boost,bonferroni,0.14285714285714285,,False,0,0,,1082,0,0,0.0,,,,sonnet46
2026091206,u_boost,fixed_sequence,0.2,,False,0,0,,1082,0,0,0.0,,,,sonnet46
2026091206,u_boost,bonferroni,0.2,,False,0,0,,1082,0,0,0.0,,,,sonnet46
2026091206,u_boost,fixed_sequence,0.25,0.77,True,58,7,0.24978394404124754,1082,50,10,0.04621072088724584,0.2,0.10030223747257103,0.33718310838348775,sonnet46
2026091206,u_boost,bonferroni,0.25,,False,0,0,,1082,0,0,0.0,,,,sonnet46
2026091206,rich_logistic,fixed_sequence,0.1,,False,0,0,,1082,0,0,0.0,,,,sonnet46
2026091206,rich_logistic,bonferroni,0.1,,False,0,0,,1082,0,0,0.0,,,,sonnet46
2026091206,rich_logistic,fixed_sequence,0.14285714285714285,,False,0,0,,1082,0,0,0.0,,,,sonnet46
2026091206,rich_logistic,bonferroni,0.14285714285714285,,False,0,0,,1082,0,0,0.0,,,,sonnet46
2026091206,rich_logistic,fixed_sequence,0.2,,False,0,0,,1082,0,0,0.0,,,,sonnet46
2026091206,rich_logistic,bonferroni,0.2,,False,0,0,,1082,0,0,0.0,,,,sonnet46
2026091206,rich_logistic,fixed_sequence,0.25,,False,0,0,,1082,0,0,0.0,,,,sonnet46
2026091206,rich_logistic,bonferroni,0.25,,False,0,0,,1082,0,0,0.0,,,,sonnet46
2026091206,rich_boost,fixed_sequence,0.1,,False,0,0,,1082,0,0,0.0,,,,sonnet46
2026091206,rich_boost,bonferroni,0.1,,False,0,0,,1082,0,0,0.0,,,,sonnet46
2026091206,rich_boost,fixed_sequence,0.14285714285714285,,False,0,0,,1082,0,0,0.0,,,,sonnet46
2026091206,rich_boost,bonferroni,0.14285714285714285,,False,0,0,,1082,0,0,0.0,,,,sonnet46
2026091206,rich_boost,fixed_sequence,0.2,,False,0,0,,1082,0,0,0.0,,,,sonnet46
2026091206,rich_boost,bonferroni,0.2,,False,0,0,,1082,0,0,0.0,,,,sonnet46
2026091206,rich_boost,fixed_sequence,0.25,,False,0,0,,1082,0,0,0.0,,,,sonnet46
2026091206,rich_boost,bonferroni,0.25,,False,0,0,,1082,0,0,0.0,,,,sonnet46
2026091207,raw_u,fixed_sequence,0.1,,False,0,0,,1082,0,0,0.0,,,,sonnet46
2026091207,raw_u,bonferroni,0.1,,False,0,0,,1082,0,0,0.0,,,,sonnet46
2026091207,raw_u,fixed_sequence,0.14285714285714285,,False,0,0,,1082,0,0,0.0,,,,sonnet46
2026091207,raw_u,bonferroni,0.14285714285714285,,False,0,0,,1082,0,0,0.0,,,,sonnet46
2026091207,raw_u,fixed_sequence,0.2,,False,0,0,,1082,0,0,0.0,,,,sonnet46
2026091207,raw_u,bonferroni,0.2,,False,0,0,,1082,0,0,0.0,,,,sonnet46
2026091207,raw_u,fixed_sequence,0.25,,False,0,0,,1082,0,0,0.0,,,,sonnet46
2026091207,raw_u,bonferroni,0.25,,False,0,0,,1082,0,0,0.0,,,,sonnet46
2026091207,u_boost,fixed_sequence,0.1,,False,0,0,,1082,0,0,0.0,,,,sonnet46
2026091207,u_boost,bonferroni,0.1,,False,0,0,,1082,0,0,0.0,,,,sonnet46
2026091207,u_boost,fixed_sequence,0.14285714285714285,,False,0,0,,1082,0,0,0.0,,,,sonnet46
2026091207,u_boost,bonferroni,0.14285714285714285,,False,0,0,,1082,0,0,0.0,,,,sonnet46
2026091207,u_boost,fixed_sequence,0.2,,False,0,0,,1082,0,0,0.0,,,,sonnet46
2026091207,u_boost,bonferroni,0.2,,False,0,0,,1082,0,0,0.0,,,,sonnet46
2026091207,u_boost,fixed_sequence,0.25,,False,0,0,,1082,0,0,0.0,,,,sonnet46
2026091207,u_boost,bonferroni,0.25,,False,0,0,,1082,0,0,0.0,,,,sonnet46
2026091207,rich_logistic,fixed_sequence,0.1,,False,0,0,,1082,0,0,0.0,,,,sonnet46
2026091207,rich_logistic,bonferroni,0.1,,False,0,0,,1082,0,0,0.0,,,,sonnet46
2026091207,rich_logistic,fixed_sequence,0.14285714285714285,,False,0,0,,1082,0,0,0.0,,,,sonnet46
2026091207,rich_logistic,bonferroni,0.14285714285714285,,False,0,0,,1082,0,0,0.0,,,,sonnet46
2026091207,rich_logistic,fixed_sequence,0.2,,False,0,0,,1082,0,0,0.0,,,,sonnet46
2026091207,rich_logistic,bonferroni,0.2,,False,0,0,,1082,0,0,0.0,,,,sonnet46
2026091207,rich_logistic,fixed_sequence,0.25,,False,0,0,,1082,0,0,0.0,,,,sonnet46
2026091207,rich_logistic,bonferroni,0.25,,False,0,0,,1082,0,0,0.0,,,,sonnet46
2026091207,rich_boost,fixed_sequence,0.1,,False,0,0,,1082,0,0,0.0,,,,sonnet46
2026091207,rich_boost,bonferroni,0.1,,False,0,0,,1082,0,0,0.0,,,,sonnet46
2026091207,rich_boost,fixed_sequence,0.14285714285714285,,False,0,0,,1082,0,0,0.0,,,,sonnet46
2026091207,rich_boost,bonferroni,0.14285714285714285,,False,0,0,,1082,0,0,0.0,,,,sonnet46
2026091207,rich_boost,fixed_sequence,0.2,,False,0,0,,1082,0,0,0.0,,,,sonnet46
2026091207,rich_boost,bonferroni,0.2,,False,0,0,,1082,0,0,0.0,,,,sonnet46
2026091207,rich_boost,fixed_sequence,0.25,,False,0,0,,1082,0,0,0.0,,,,sonnet46
2026091207,rich_boost,bonferroni,0.25,,False,0,0,,1082,0,0,0.0,,,,sonnet46
2026091208,raw_u,fixed_sequence,0.1,,False,0,0,,1082,0,0,0.0,,,,sonnet46
2026091208,raw_u,bonferroni,0.1,,False,0,0,,1082,0,0,0.0,,,,sonnet46
2026091208,raw_u,fixed_sequence,0.14285714285714285,,False,0,0,,1082,0,0,0.0,,,,sonnet46
2026091208,raw_u,bonferroni,0.14285714285714285,,False,0,0,,1082,0,0,0.0,,,,sonnet46
2026091208,raw_u,fixed_sequence,0.2,,False,0,0,,1082,0,0,0.0,,,,sonnet46
2026091208,raw_u,bonferroni,0.2,,False,0,0,,1082,0,0,0.0,,,,sonnet46
2026091208,raw_u,fixed_sequence,0.25,,False,0,0,,1082,0,0,0.0,,,,sonnet46
2026091208,raw_u,bonferroni,0.25,,False,0,0,,1082,0,0,0.0,,,,sonnet46
2026091208,u_boost,fixed_sequence,0.1,,False,0,0,,1082,0,0,0.0,,,,sonnet46
2026091208,u_boost,bonferroni,0.1,,False,0,0,,1082,0,0,0.0,,,,sonnet46
2026091208,u_boost,fixed_sequence,0.14285714285714285,,False,0,0,,1082,0,0,0.0,,,,sonnet46
2026091208,u_boost,bonferroni,0.14285714285714285,,False,0,0,,1082,0,0,0.0,,,,sonnet46
2026091208,u_boost,fixed_sequence,0.2,,False,0,0,,1082,0,0,0.0,,,,sonnet46
2026091208,u_boost,bonferroni,0.2,,False,0,0,,1082,0,0,0.0,,,,sonnet46
2026091208,u_boost,fixed_sequence,0.25,,False,0,0,,1082,0,0,0.0,,,,sonnet46
2026091208,u_boost,bonferroni,0.25,,False,0,0,,1082,0,0,0.0,,,,sonnet46
2026091208,rich_logistic,fixed_sequence,0.1,,False,0,0,,1082,0,0,0.0,,,,sonnet46
2026091208,rich_logistic,bonferroni,0.1,,False,0,0,,1082,0,0,0.0,,,,sonnet46
2026091208,rich_logistic,fixed_sequence,0.14285714285714285,,False,0,0,,1082,0,0,0.0,,,,sonnet46
2026091208,rich_logistic,bonferroni,0.14285714285714285,,False,0,0,,1082,0,0,0.0,,,,sonnet46
2026091208,rich_logistic,fixed_sequence,0.2,,False,0,0,,1082,0,0,0.0,,,,sonnet46
2026091208,rich_logistic,bonferroni,0.2,,False,0,0,,1082,0,0,0.0,,,,sonnet46
2026091208,rich_logistic,fixed_sequence,0.25,,False,0,0,,1082,0,0,0.0,,,,sonnet46
2026091208,rich_logistic,bonferroni,0.25,,False,0,0,,1082,0,0,0.0,,,,sonnet46
2026091208,rich_boost,fixed_sequence,0.1,,False,0,0,,1082,0,0,0.0,,,,sonnet46
2026091208,rich_boost,bonferroni,0.1,,False,0,0,,1082,0,0,0.0,,,,sonnet46
2026091208,rich_boost,fixed_sequence,0.14285714285714285,,False,0,0,,1082,0,0,0.0,,,,sonnet46
2026091208,rich_boost,bonferroni,0.14285714285714285,,False,0,0,,1082,0,0,0.0,,,,sonnet46
2026091208,rich_boost,fixed_sequence,0.2,,False,0,0,,1082,0,0,0.0,,,,sonnet46
2026091208,rich_boost,bonferroni,0.2,,False,0,0,,1082,0,0,0.0,,,,sonnet46
2026091208,rich_boost,fixed_sequence,0.25,,False,0,0,,1082,0,0,0.0,,,,sonnet46
2026091208,rich_boost,bonferroni,0.25,,False,0,0,,1082,0,0,0.0,,,,sonnet46
2026091209,raw_u,fixed_sequence,0.1,,False,0,0,,1082,0,0,0.0,,,,sonnet46
2026091209,raw_u,bonferroni,0.1,,False,0,0,,1082,0,0,0.0,,,,sonnet46
2026091209,raw_u,fixed_sequence,0.14285714285714285,,False,0,0,,1082,0,0,0.0,,,,sonnet46
2026091209,raw_u,bonferroni,0.14285714285714285,,False,0,0,,1082,0,0,0.0,,,,sonnet46
2026091209,raw_u,fixed_sequence,0.2,,False,0,0,,1082,0,0,0.0,,,,sonnet46
2026091209,raw_u,bonferroni,0.2,,False,0,0,,1082,0,0,0.0,,,,sonnet46
2026091209,raw_u,fixed_sequence,0.25,,False,0,0,,1082,0,0,0.0,,,,sonnet46
2026091209,raw_u,bonferroni,0.25,,False,0,0,,1082,0,0,0.0,,,,sonnet46
2026091209,u_boost,fixed_sequence,0.1,,False,0,0,,1082,0,0,0.0,,,,sonnet46
2026091209,u_boost,bonferroni,0.1,,False,0,0,,1082,0,0,0.0,,,,sonnet46
2026091209,u_boost,fixed_sequence,0.14285714285714285,,False,0,0,,1082,0,0,0.0,,,,sonnet46
2026091209,u_boost,bonferroni,0.14285714285714285,,False,0,0,,1082,0,0,0.0,,,,sonnet46
2026091209,u_boost,fixed_sequence,0.2,,False,0,0,,1082,0,0,0.0,,,,sonnet46
2026091209,u_boost,bonferroni,0.2,,False,0,0,,1082,0,0,0.0,,,,sonnet46
2026091209,u_boost,fixed_sequence,0.25,,False,0,0,,1082,0,0,0.0,,,,sonnet46
2026091209,u_boost,bonferroni,0.25,,False,0,0,,1082,0,0,0.0,,,,sonnet46
2026091209,rich_logistic,fixed_sequence,0.1,,False,0,0,,1082,0,0,0.0,,,,sonnet46
2026091209,rich_logistic,bonferroni,0.1,,False,0,0,,1082,0,0,0.0,,,,sonnet46
2026091209,rich_logistic,fixed_sequence,0.14285714285714285,,False,0,0,,1082,0,0,0.0,,,,sonnet46
2026091209,rich_logistic,bonferroni,0.14285714285714285,,False,0,0,,1082,0,0,0.0,,,,sonnet46
2026091209,rich_logistic,fixed_sequence,0.2,,False,0,0,,1082,0,0,0.0,,,,sonnet46
2026091209,rich_logistic,bonferroni,0.2,,False,0,0,,1082,0,0,0.0,,,,sonnet46
2026091209,rich_logistic,fixed_sequence,0.25,,False,0,0,,1082,0,0,0.0,,,,sonnet46
2026091209,rich_logistic,bonferroni,0.25,,False,0,0,,1082,0,0,0.0,,,,sonnet46
2026091209,rich_boost,fixed_sequence,0.1,,False,0,0,,1082,0,0,0.0,,,,sonnet46
2026091209,rich_boost,bonferroni,0.1,,False,0,0,,1082,0,0,0.0,,,,sonnet46
2026091209,rich_boost,fixed_sequence,0.14285714285714285,,False,0,0,,1082,0,0,0.0,,,,sonnet46
2026091209,rich_boost,bonferroni,0.14285714285714285,,False,0,0,,1082,0,0,0.0,,,,sonnet46
2026091209,rich_boost,fixed_sequence,0.2,,False,0,0,,1082,0,0,0.0,,,,sonnet46
2026091209,rich_boost,bonferroni,0.2,,False,0,0,,1082,0,0,0.0,,,,sonnet46
2026091209,rich_boost,fixed_sequence,0.25,,False,0,0,,1082,0,0,0.0,,,,sonnet46
2026091209,rich_boost,bonferroni,0.25,,False,0,0,,1082,0,0,0.0,,,,sonnet46
2026091210,raw_u,fixed_sequence,0.1,,False,0,0,,1082,0,0,0.0,,,,sonnet46
2026091210,raw_u,bonferroni,0.1,,False,0,0,,1082,0,0,0.0,,,,sonnet46
2026091210,raw_u,fixed_sequence,0.14285714285714285,,False,0,0,,1082,0,0,0.0,,,,sonnet46
2026091210,raw_u,bonferroni,0.14285714285714285,,False,0,0,,1082,0,0,0.0,,,,sonnet46
2026091210,raw_u,fixed_sequence,0.2,,False,0,0,,1082,0,0,0.0,,,,sonnet46
2026091210,raw_u,bonferroni,0.2,,False,0,0,,1082,0,0,0.0,,,,sonnet46
2026091210,raw_u,fixed_sequence,0.25,,False,0,0,,1082,0,0,0.0,,,,sonnet46
2026091210,raw_u,bonferroni,0.25,,False,0,0,,1082,0,0,0.0,,,,sonnet46
2026091210,u_boost,fixed_sequence,0.1,,False,0,0,,1082,0,0,0.0,,,,sonnet46
2026091210,u_boost,bonferroni,0.1,,False,0,0,,1082,0,0,0.0,,,,sonnet46
2026091210,u_boost,fixed_sequence,0.14285714285714285,,False,0,0,,1082,0,0,0.0,,,,sonnet46
2026091210,u_boost,bonferroni,0.14285714285714285,,False,0,0,,1082,0,0,0.0,,,,sonnet46
2026091210,u_boost,fixed_sequence,0.2,,False,0,0,,1082,0,0,0.0,,,,sonnet46
2026091210,u_boost,bonferroni,0.2,,False,0,0,,1082,0,0,0.0,,,,sonnet46
2026091210,u_boost,fixed_sequence,0.25,,False,0,0,,1082,0,0,0.0,,,,sonnet46
2026091210,u_boost,bonferroni,0.25,,False,0,0,,1082,0,0,0.0,,,,sonnet46
2026091210,rich_logistic,fixed_sequence,0.1,,False,0,0,,1082,0,0,0.0,,,,sonnet46
2026091210,rich_logistic,bonferroni,0.1,,False,0,0,,1082,0,0,0.0,,,,sonnet46
2026091210,rich_logistic,fixed_sequence,0.14285714285714285,,False,0,0,,1082,0,0,0.0,,,,sonnet46
2026091210,rich_logistic,bonferroni,0.14285714285714285,,False,0,0,,1082,0,0,0.0,,,,sonnet46
2026091210,rich_logistic,fixed_sequence,0.2,,False,0,0,,1082,0,0,0.0,,,,sonnet46
2026091210,rich_logistic,bonferroni,0.2,,False,0,0,,1082,0,0,0.0,,,,sonnet46
2026091210,rich_logistic,fixed_sequence,0.25,,False,0,0,,1082,0,0,0.0,,,,sonnet46
2026091210,rich_logistic,bonferroni,0.25,,False,0,0,,1082,0,0,0.0,,,,sonnet46
2026091210,rich_boost,fixed_sequence,0.1,,False,0,0,,1082,0,0,0.0,,,,sonnet46
2026091210,rich_boost,bonferroni,0.1,,False,0,0,,1082,0,0,0.0,,,,sonnet46
2026091210,rich_boost,fixed_sequence,0.14285714285714285,,False,0,0,,1082,0,0,0.0,,,,sonnet46
2026091210,rich_boost,bonferroni,0.14285714285714285,,False,0,0,,1082,0,0,0.0,,,,sonnet46
2026091210,rich_boost,fixed_sequence,0.2,,False,0,0,,1082,0,0,0.0,,,,sonnet46
2026091210,rich_boost,bonferroni,0.2,,False,0,0,,1082,0,0,0.0,,,,sonnet46
2026091210,rich_boost,fixed_sequence,0.25,,False,0,0,,1082,0,0,0.0,,,,sonnet46
2026091210,rich_boost,bonferroni,0.25,,False,0,0,,1082,0,0,0.0,,,,sonnet46
2026091211,raw_u,fixed_sequence,0.1,,False,0,0,,1082,0,0,0.0,,,,sonnet46
2026091211,raw_u,bonferroni,0.1,,False,0,0,,1082,0,0,0.0,,,,sonnet46
2026091211,raw_u,fixed_sequence,0.14285714285714285,,False,0,0,,1082,0,0,0.0,,,,sonnet46
2026091211,raw_u,bonferroni,0.14285714285714285,,False,0,0,,1082,0,0,0.0,,,,sonnet46
2026091211,raw_u,fixed_sequence,0.2,,False,0,0,,1082,0,0,0.0,,,,sonnet46
2026091211,raw_u,bonferroni,0.2,,False,0,0,,1082,0,0,0.0,,,,sonnet46
2026091211,raw_u,fixed_sequence,0.25,,False,0,0,,1082,0,0,0.0,,,,sonnet46
2026091211,raw_u,bonferroni,0.25,,False,0,0,,1082,0,0,0.0,,,,sonnet46
2026091211,u_boost,fixed_sequence,0.1,,False,0,0,,1082,0,0,0.0,,,,sonnet46
2026091211,u_boost,bonferroni,0.1,,False,0,0,,1082,0,0,0.0,,,,sonnet46
2026091211,u_boost,fixed_sequence,0.14285714285714285,,False,0,0,,1082,0,0,0.0,,,,sonnet46
2026091211,u_boost,bonferroni,0.14285714285714285,,False,0,0,,1082,0,0,0.0,,,,sonnet46
2026091211,u_boost,fixed_sequence,0.2,,False,0,0,,1082,0,0,0.0,,,,sonnet46
2026091211,u_boost,bonferroni,0.2,,False,0,0,,1082,0,0,0.0,,,,sonnet46
2026091211,u_boost,fixed_sequence,0.25,,False,0,0,,1082,0,0,0.0,,,,sonnet46
2026091211,u_boost,bonferroni,0.25,,False,0,0,,1082,0,0,0.0,,,,sonnet46
2026091211,rich_logistic,fixed_sequence,0.1,,False,0,0,,1082,0,0,0.0,,,,sonnet46
2026091211,rich_logistic,bonferroni,0.1,,False,0,0,,1082,0,0,0.0,,,,sonnet46
2026091211,rich_logistic,fixed_sequence,0.14285714285714285,,False,0,0,,1082,0,0,0.0,,,,sonnet46
2026091211,rich_logistic,bonferroni,0.14285714285714285,,False,0,0,,1082,0,0,0.0,,,,sonnet46
2026091211,rich_logistic,fixed_sequence,0.2,,False,0,0,,1082,0,0,0.0,,,,sonnet46
2026091211,rich_logistic,bonferroni,0.2,,False,0,0,,1082,0,0,0.0,,,,sonnet46
2026091211,rich_logistic,fixed_sequence,0.25,,False,0,0,,1082,0,0,0.0,,,,sonnet46
2026091211,rich_logistic,bonferroni,0.25,,False,0,0,,1082,0,0,0.0,,,,sonnet46
2026091211,rich_boost,fixed_sequence,0.1,,False,0,0,,1082,0,0,0.0,,,,sonnet46
2026091211,rich_boost,bonferroni,0.1,,False,0,0,,1082,0,0,0.0,,,,sonnet46
2026091211,rich_boost,fixed_sequence,0.14285714285714285,,False,0,0,,1082,0,0,0.0,,,,sonnet46
2026091211,rich_boost,bonferroni,0.14285714285714285,,False,0,0,,1082,0,0,0.0,,,,sonnet46
2026091211,rich_boost,fixed_sequence,0.2,,False,0,0,,1082,0,0,0.0,,,,sonnet46
2026091211,rich_boost,bonferroni,0.2,,False,0,0,,1082,0,0,0.0,,,,sonnet46
2026091211,rich_boost,fixed_sequence,0.25,,False,0,0,,1082,0,0,0.0,,,,sonnet46
2026091211,rich_boost,bonferroni,0.25,,False,0,0,,1082,0,0,0.0,,,,sonnet46
2026091212,raw_u,fixed_sequence,0.1,,False,0,0,,1082,0,0,0.0,,,,sonnet46
2026091212,raw_u,bonferroni,0.1,,False,0,0,,1082,0,0,0.0,,,,sonnet46
2026091212,raw_u,fixed_sequence,0.14285714285714285,,False,0,0,,1082,0,0,0.0,,,,sonnet46
2026091212,raw_u,bonferroni,0.14285714285714285,,False,0,0,,1082,0,0,0.0,,,,sonnet46
2026091212,raw_u,fixed_sequence,0.2,,False,0,0,,1082,0,0,0.0,,,,sonnet46
2026091212,raw_u,bonferroni,0.2,,False,0,0,,1082,0,0,0.0,,,,sonnet46
2026091212,raw_u,fixed_sequence,0.25,,False,0,0,,1082,0,0,0.0,,,,sonnet46
2026091212,raw_u,bonferroni,0.25,,False,0,0,,1082,0,0,0.0,,,,sonnet46
2026091212,u_boost,fixed_sequence,0.1,,False,0,0,,1082,0,0,0.0,,,,sonnet46
2026091212,u_boost,bonferroni,0.1,,False,0,0,,1082,0,0,0.0,,,,sonnet46
2026091212,u_boost,fixed_sequence,0.14285714285714285,,False,0,0,,1082,0,0,0.0,,,,sonnet46
2026091212,u_boost,bonferroni,0.14285714285714285,,False,0,0,,1082,0,0,0.0,,,,sonnet46
2026091212,u_boost,fixed_sequence,0.2,,False,0,0,,1082,0,0,0.0,,,,sonnet46
2026091212,u_boost,bonferroni,0.2,,False,0,0,,1082,0,0,0.0,,,,sonnet46
2026091212,u_boost,fixed_sequence,0.25,,False,0,0,,1082,0,0,0.0,,,,sonnet46
2026091212,u_boost,bonferroni,0.25,,False,0,0,,1082,0,0,0.0,,,,sonnet46
2026091212,rich_logistic,fixed_sequence,0.1,,False,0,0,,1082,0,0,0.0,,,,sonnet46
2026091212,rich_logistic,bonferroni,0.1,,False,0,0,,1082,0,0,0.0,,,,sonnet46
2026091212,rich_logistic,fixed_sequence,0.14285714285714285,,False,0,0,,1082,0,0,0.0,,,,sonnet46
2026091212,rich_logistic,bonferroni,0.14285714285714285,,False,0,0,,1082,0,0,0.0,,,,sonnet46
2026091212,rich_logistic,fixed_sequence,0.2,,False,0,0,,1082,0,0,0.0,,,,sonnet46
2026091212,rich_logistic,bonferroni,0.2,,False,0,0,,1082,0,0,0.0,,,,sonnet46
2026091212,rich_logistic,fixed_sequence,0.25,,False,0,0,,1082,0,0,0.0,,,,sonnet46
2026091212,rich_logistic,bonferroni,0.25,,False,0,0,,1082,0,0,0.0,,,,sonnet46
2026091212,rich_boost,fixed_sequence,0.1,,False,0,0,,1082,0,0,0.0,,,,sonnet46
2026091212,rich_boost,bonferroni,0.1,,False,0,0,,1082,0,0,0.0,,,,sonnet46
2026091212,rich_boost,fixed_sequence,0.14285714285714285,,False,0,0,,1082,0,0,0.0,,,,sonnet46
2026091212,rich_boost,bonferroni,0.14285714285714285,,False,0,0,,1082,0,0,0.0,,,,sonnet46
2026091212,rich_boost,fixed_sequence,0.2,,False,0,0,,1082,0,0,0.0,,,,sonnet46
2026091212,rich_boost,bonferroni,0.2,,False,0,0,,1082,0,0,0.0,,,,sonnet46
2026091212,rich_boost,fixed_sequence,0.25,,False,0,0,,1082,0,0,0.0,,,,sonnet46
2026091212,rich_boost,bonferroni,0.25,,False,0,0,,1082,0,0,0.0,,,,sonnet46
2026091213,raw_u,fixed_sequence,0.1,,False,0,0,,1082,0,0,0.0,,,,sonnet46
2026091213,raw_u,bonferroni,0.1,,False,0,0,,1082,0,0,0.0,,,,sonnet46
2026091213,raw_u,fixed_sequence,0.14285714285714285,,False,0,0,,1082,0,0,0.0,,,,sonnet46
2026091213,raw_u,bonferroni,0.14285714285714285,,False,0,0,,1082,0,0,0.0,,,,sonnet46
2026091213,raw_u,fixed_sequence,0.2,,False,0,0,,1082,0,0,0.0,,,,sonnet46
2026091213,raw_u,bonferroni,0.2,,False,0,0,,1082,0,0,0.0,,,,sonnet46
2026091213,raw_u,fixed_sequence,0.25,,False,0,0,,1082,0,0,0.0,,,,sonnet46
2026091213,raw_u,bonferroni,0.25,,False,0,0,,1082,0,0,0.0,,,,sonnet46
2026091213,u_boost,fixed_sequence,0.1,,False,0,0,,1082,0,0,0.0,,,,sonnet46
2026091213,u_boost,bonferroni,0.1,,False,0,0,,1082,0,0,0.0,,,,sonnet46
2026091213,u_boost,fixed_sequence,0.14285714285714285,,False,0,0,,1082,0,0,0.0,,,,sonnet46
2026091213,u_boost,bonferroni,0.14285714285714285,,False,0,0,,1082,0,0,0.0,,,,sonnet46
2026091213,u_boost,fixed_sequence,0.2,,False,0,0,,1082,0,0,0.0,,,,sonnet46
2026091213,u_boost,bonferroni,0.2,,False,0,0,,1082,0,0,0.0,,,,sonnet46
2026091213,u_boost,fixed_sequence,0.25,,False,0,0,,1082,0,0,0.0,,,,sonnet46
2026091213,u_boost,bonferroni,0.25,,False,0,0,,1082,0,0,0.0,,,,sonnet46
2026091213,rich_logistic,fixed_sequence,0.1,,False,0,0,,1082,0,0,0.0,,,,sonnet46
2026091213,rich_logistic,bonferroni,0.1,,False,0,0,,1082,0,0,0.0,,,,sonnet46
2026091213,rich_logistic,fixed_sequence,0.14285714285714285,,False,0,0,,1082,0,0,0.0,,,,sonnet46
2026091213,rich_logistic,bonferroni,0.14285714285714285,,False,0,0,,1082,0,0,0.0,,,,sonnet46
2026091213,rich_logistic,fixed_sequence,0.2,,False,0,0,,1082,0,0,0.0,,,,sonnet46
2026091213,rich_logistic,bonferroni,0.2,,False,0,0,,1082,0,0,0.0,,,,sonnet46
2026091213,rich_logistic,fixed_sequence,0.25,,False,0,0,,1082,0,0,0.0,,,,sonnet46
2026091213,rich_logistic,bonferroni,0.25,,False,0,0,,1082,0,0,0.0,,,,sonnet46
2026091213,rich_boost,fixed_sequence,0.1,,False,0,0,,1082,0,0,0.0,,,,sonnet46
2026091213,rich_boost,bonferroni,0.1,,False,0,0,,1082,0,0,0.0,,,,sonnet46
2026091213,rich_boost,fixed_sequence,0.14285714285714285,,False,0,0,,1082,0,0,0.0,,,,sonnet46
2026091213,rich_boost,bonferroni,0.14285714285714285,,False,0,0,,1082,0,0,0.0,,,,sonnet46
2026091213,rich_boost,fixed_sequence,0.2,,False,0,0,,1082,0,0,0.0,,,,sonnet46
2026091213,rich_boost,bonferroni,0.2,,False,0,0,,1082,0,0,0.0,,,,sonnet46
2026091213,rich_boost,fixed_sequence,0.25,,False,0,0,,1082,0,0,0.0,,,,sonnet46
2026091213,rich_boost,bonferroni,0.25,,False,0,0,,1082,0,0,0.0,,,,sonnet46
2026091214,raw_u,fixed_sequence,0.1,,False,0,0,,1082,0,0,0.0,,,,sonnet46
2026091214,raw_u,bonferroni,0.1,,False,0,0,,1082,0,0,0.0,,,,sonnet46
2026091214,raw_u,fixed_sequence,0.14285714285714285,,False,0,0,,1082,0,0,0.0,,,,sonnet46
2026091214,raw_u,bonferroni,0.14285714285714285,,False,0,0,,1082,0,0,0.0,,,,sonnet46
2026091214,raw_u,fixed_sequence,0.2,,False,0,0,,1082,0,0,0.0,,,,sonnet46
2026091214,raw_u,bonferroni,0.2,,False,0,0,,1082,0,0,0.0,,,,sonnet46
2026091214,raw_u,fixed_sequence,0.25,,False,0,0,,1082,0,0,0.0,,,,sonnet46
2026091214,raw_u,bonferroni,0.25,,False,0,0,,1082,0,0,0.0,,,,sonnet46
2026091214,u_boost,fixed_sequence,0.1,,False,0,0,,1082,0,0,0.0,,,,sonnet46
2026091214,u_boost,bonferroni,0.1,,False,0,0,,1082,0,0,0.0,,,,sonnet46
2026091214,u_boost,fixed_sequence,0.14285714285714285,,False,0,0,,1082,0,0,0.0,,,,sonnet46
2026091214,u_boost,bonferroni,0.14285714285714285,,False,0,0,,1082,0,0,0.0,,,,sonnet46
2026091214,u_boost,fixed_sequence,0.2,,False,0,0,,1082,0,0,0.0,,,,sonnet46
2026091214,u_boost,bonferroni,0.2,,False,0,0,,1082,0,0,0.0,,,,sonnet46
2026091214,u_boost,fixed_sequence,0.25,,False,0,0,,1082,0,0,0.0,,,,sonnet46
2026091214,u_boost,bonferroni,0.25,,False,0,0,,1082,0,0,0.0,,,,sonnet46
2026091214,rich_logistic,fixed_sequence,0.1,,False,0,0,,1082,0,0,0.0,,,,sonnet46
2026091214,rich_logistic,bonferroni,0.1,,False,0,0,,1082,0,0,0.0,,,,sonnet46
2026091214,rich_logistic,fixed_sequence,0.14285714285714285,,False,0,0,,1082,0,0,0.0,,,,sonnet46
2026091214,rich_logistic,bonferroni,0.14285714285714285,,False,0,0,,1082,0,0,0.0,,,,sonnet46
2026091214,rich_logistic,fixed_sequence,0.2,,False,0,0,,1082,0,0,0.0,,,,sonnet46
2026091214,rich_logistic,bonferroni,0.2,,False,0,0,,1082,0,0,0.0,,,,sonnet46
2026091214,rich_logistic,fixed_sequence,0.25,,False,0,0,,1082,0,0,0.0,,,,sonnet46
2026091214,rich_logistic,bonferroni,0.25,,False,0,0,,1082,0,0,0.0,,,,sonnet46
2026091214,rich_boost,fixed_sequence,0.1,,False,0,0,,1082,0,0,0.0,,,,sonnet46
2026091214,rich_boost,bonferroni,0.1,,False,0,0,,1082,0,0,0.0,,,,sonnet46
2026091214,rich_boost,fixed_sequence,0.14285714285714285,,False,0,0,,1082,0,0,0.0,,,,sonnet46
2026091214,rich_boost,bonferroni,0.14285714285714285,,False,0,0,,1082,0,0,0.0,,,,sonnet46
2026091214,rich_boost,fixed_sequence,0.2,,False,0,0,,1082,0,0,0.0,,,,sonnet46
2026091214,rich_boost,bonferroni,0.2,,False,0,0,,1082,0,0,0.0,,,,sonnet46
2026091214,rich_boost,fixed_sequence,0.25,,False,0,0,,1082,0,0,0.0,,,,sonnet46
2026091214,rich_boost,bonferroni,0.25,,False,0,0,,1082,0,0,0.0,,,,sonnet46
2026091215,raw_u,fixed_sequence,0.1,,False,0,0,,1082,0,0,0.0,,,,sonnet46
2026091215,raw_u,bonferroni,0.1,,False,0,0,,1082,0,0,0.0,,,,sonnet46
2026091215,raw_u,fixed_sequence,0.14285714285714285,,False,0,0,,1082,0,0,0.0,,,,sonnet46
2026091215,raw_u,bonferroni,0.14285714285714285,,False,0,0,,1082,0,0,0.0,,,,sonnet46
2026091215,raw_u,fixed_sequence,0.2,,False,0,0,,1082,0,0,0.0,,,,sonnet46
2026091215,raw_u,bonferroni,0.2,,False,0,0,,1082,0,0,0.0,,,,sonnet46
2026091215,raw_u,fixed_sequence,0.25,,False,0,0,,1082,0,0,0.0,,,,sonnet46
2026091215,raw_u,bonferroni,0.25,,False,0,0,,1082,0,0,0.0,,,,sonnet46
2026091215,u_boost,fixed_sequence,0.1,,False,0,0,,1082,0,0,0.0,,,,sonnet46
2026091215,u_boost,bonferroni,0.1,,False,0,0,,1082,0,0,0.0,,,,sonnet46
2026091215,u_boost,fixed_sequence,0.14285714285714285,,False,0,0,,1082,0,0,0.0,,,,sonnet46
2026091215,u_boost,bonferroni,0.14285714285714285,,False,0,0,,1082,0,0,0.0,,,,sonnet46
2026091215,u_boost,fixed_sequence,0.2,,False,0,0,,1082,0,0,0.0,,,,sonnet46
2026091215,u_boost,bonferroni,0.2,,False,0,0,,1082,0,0,0.0,,,,sonnet46
2026091215,u_boost,fixed_sequence,0.25,,False,0,0,,1082,0,0,0.0,,,,sonnet46
2026091215,u_boost,bonferroni,0.25,,False,0,0,,1082,0,0,0.0,,,,sonnet46
2026091215,rich_logistic,fixed_sequence,0.1,,False,0,0,,1082,0,0,0.0,,,,sonnet46
2026091215,rich_logistic,bonferroni,0.1,,False,0,0,,1082,0,0,0.0,,,,sonnet46
2026091215,rich_logistic,fixed_sequence,0.14285714285714285,,False,0,0,,1082,0,0,0.0,,,,sonnet46
2026091215,rich_logistic,bonferroni,0.14285714285714285,,False,0,0,,1082,0,0,0.0,,,,sonnet46
2026091215,rich_logistic,fixed_sequence,0.2,,False,0,0,,1082,0,0,0.0,,,,sonnet46
2026091215,rich_logistic,bonferroni,0.2,,False,0,0,,1082,0,0,0.0,,,,sonnet46
2026091215,rich_logistic,fixed_sequence,0.25,,False,0,0,,1082,0,0,0.0,,,,sonnet46
2026091215,rich_logistic,bonferroni,0.25,,False,0,0,,1082,0,0,0.0,,,,sonnet46
2026091215,rich_boost,fixed_sequence,0.1,,False,0,0,,1082,0,0,0.0,,,,sonnet46
2026091215,rich_boost,bonferroni,0.1,,False,0,0,,1082,0,0,0.0,,,,sonnet46
2026091215,rich_boost,fixed_sequence,0.14285714285714285,,False,0,0,,1082,0,0,0.0,,,,sonnet46
2026091215,rich_boost,bonferroni,0.14285714285714285,,False,0,0,,1082,0,0,0.0,,,,sonnet46
2026091215,rich_boost,fixed_sequence,0.2,,False,0,0,,1082,0,0,0.0,,,,sonnet46
2026091215,rich_boost,bonferroni,0.2,,False,0,0,,1082,0,0,0.0,,,,sonnet46
2026091215,rich_boost,fixed_sequence,0.25,,False,0,0,,1082,0,0,0.0,,,,sonnet46
2026091215,rich_boost,bonferroni,0.25,,False,0,0,,1082,0,0,0.0,,,,sonnet46
2026091216,raw_u,fixed_sequence,0.1,,False,0,0,,1082,0,0,0.0,,,,sonnet46
2026091216,raw_u,bonferroni,0.1,,False,0,0,,1082,0,0,0.0,,,,sonnet46
2026091216,raw_u,fixed_sequence,0.14285714285714285,,False,0,0,,1082,0,0,0.0,,,,sonnet46
2026091216,raw_u,bonferroni,0.14285714285714285,,False,0,0,,1082,0,0,0.0,,,,sonnet46
2026091216,raw_u,fixed_sequence,0.2,,False,0,0,,1082,0,0,0.0,,,,sonnet46
2026091216,raw_u,bonferroni,0.2,,False,0,0,,1082,0,0,0.0,,,,sonnet46
2026091216,raw_u,fixed_sequence,0.25,,False,0,0,,1082,0,0,0.0,,,,sonnet46
2026091216,raw_u,bonferroni,0.25,,False,0,0,,1082,0,0,0.0,,,,sonnet46
2026091216,u_boost,fixed_sequence,0.1,,False,0,0,,1082,0,0,0.0,,,,sonnet46
2026091216,u_boost,bonferroni,0.1,,False,0,0,,1082,0,0,0.0,,,,sonnet46
2026091216,u_boost,fixed_sequence,0.14285714285714285,,False,0,0,,1082,0,0,0.0,,,,sonnet46
2026091216,u_boost,bonferroni,0.14285714285714285,,False,0,0,,1082,0,0,0.0,,,,sonnet46
2026091216,u_boost,fixed_sequence,0.2,,False,0,0,,1082,0,0,0.0,,,,sonnet46
2026091216,u_boost,bonferroni,0.2,,False,0,0,,1082,0,0,0.0,,,,sonnet46
2026091216,u_boost,fixed_sequence,0.25,,False,0,0,,1082,0,0,0.0,,,,sonnet46
2026091216,u_boost,bonferroni,0.25,,False,0,0,,1082,0,0,0.0,,,,sonnet46
2026091216,rich_logistic,fixed_sequence,0.1,,False,0,0,,1082,0,0,0.0,,,,sonnet46
2026091216,rich_logistic,bonferroni,0.1,,False,0,0,,1082,0,0,0.0,,,,sonnet46
2026091216,rich_logistic,fixed_sequence,0.14285714285714285,,False,0,0,,1082,0,0,0.0,,,,sonnet46
2026091216,rich_logistic,bonferroni,0.14285714285714285,,False,0,0,,1082,0,0,0.0,,,,sonnet46
2026091216,rich_logistic,fixed_sequence,0.2,,False,0,0,,1082,0,0,0.0,,,,sonnet46
2026091216,rich_logistic,bonferroni,0.2,,False,0,0,,1082,0,0,0.0,,,,sonnet46
2026091216,rich_logistic,fixed_sequence,0.25,,False,0,0,,1082,0,0,0.0,,,,sonnet46
2026091216,rich_logistic,bonferroni,0.25,,False,0,0,,1082,0,0,0.0,,,,sonnet46
2026091216,rich_boost,fixed_sequence,0.1,,False,0,0,,1082,0,0,0.0,,,,sonnet46
2026091216,rich_boost,bonferroni,0.1,,False,0,0,,1082,0,0,0.0,,,,sonnet46
2026091216,rich_boost,fixed_sequence,0.14285714285714285,,False,0,0,,1082,0,0,0.0,,,,sonnet46
2026091216,rich_boost,bonferroni,0.14285714285714285,,False,0,0,,1082,0,0,0.0,,,,sonnet46
2026091216,rich_boost,fixed_sequence,0.2,,False,0,0,,1082,0,0,0.0,,,,sonnet46
2026091216,rich_boost,bonferroni,0.2,,False,0,0,,1082,0,0,0.0,,,,sonnet46
2026091216,rich_boost,fixed_sequence,0.25,,False,0,0,,1082,0,0,0.0,,,,sonnet46
2026091216,rich_boost,bonferroni,0.25,,False,0,0,,1082,0,0,0.0,,,,sonnet46
2026091217,raw_u,fixed_sequence,0.1,,False,0,0,,1082,0,0,0.0,,,,sonnet46
2026091217,raw_u,bonferroni,0.1,,False,0,0,,1082,0,0,0.0,,,,sonnet46
2026091217,raw_u,fixed_sequence,0.14285714285714285,,False,0,0,,1082,0,0,0.0,,,,sonnet46
2026091217,raw_u,bonferroni,0.14285714285714285,,False,0,0,,1082,0,0,0.0,,,,sonnet46
2026091217,raw_u,fixed_sequence,0.2,,False,0,0,,1082,0,0,0.0,,,,sonnet46
2026091217,raw_u,bonferroni,0.2,,False,0,0,,1082,0,0,0.0,,,,sonnet46
2026091217,raw_u,fixed_sequence,0.25,,False,0,0,,1082,0,0,0.0,,,,sonnet46
2026091217,raw_u,bonferroni,0.25,,False,0,0,,1082,0,0,0.0,,,,sonnet46
2026091217,u_boost,fixed_sequence,0.1,,False,0,0,,1082,0,0,0.0,,,,sonnet46
2026091217,u_boost,bonferroni,0.1,,False,0,0,,1082,0,0,0.0,,,,sonnet46
2026091217,u_boost,fixed_sequence,0.14285714285714285,,False,0,0,,1082,0,0,0.0,,,,sonnet46
2026091217,u_boost,bonferroni,0.14285714285714285,,False,0,0,,1082,0,0,0.0,,,,sonnet46
2026091217,u_boost,fixed_sequence,0.2,,False,0,0,,1082,0,0,0.0,,,,sonnet46
2026091217,u_boost,bonferroni,0.2,,False,0,0,,1082,0,0,0.0,,,,sonnet46
2026091217,u_boost,fixed_sequence,0.25,,False,0,0,,1082,0,0,0.0,,,,sonnet46
2026091217,u_boost,bonferroni,0.25,,False,0,0,,1082,0,0,0.0,,,,sonnet46
2026091217,rich_logistic,fixed_sequence,0.1,,False,0,0,,1082,0,0,0.0,,,,sonnet46
2026091217,rich_logistic,bonferroni,0.1,,False,0,0,,1082,0,0,0.0,,,,sonnet46
2026091217,rich_logistic,fixed_sequence,0.14285714285714285,,False,0,0,,1082,0,0,0.0,,,,sonnet46
2026091217,rich_logistic,bonferroni,0.14285714285714285,,False,0,0,,1082,0,0,0.0,,,,sonnet46
2026091217,rich_logistic,fixed_sequence,0.2,,False,0,0,,1082,0,0,0.0,,,,sonnet46
2026091217,rich_logistic,bonferroni,0.2,,False,0,0,,1082,0,0,0.0,,,,sonnet46
2026091217,rich_logistic,fixed_sequence,0.25,,False,0,0,,1082,0,0,0.0,,,,sonnet46
2026091217,rich_logistic,bonferroni,0.25,,False,0,0,,1082,0,0,0.0,,,,sonnet46
2026091217,rich_boost,fixed_sequence,0.1,,False,0,0,,1082,0,0,0.0,,,,sonnet46
2026091217,rich_boost,bonferroni,0.1,,False,0,0,,1082,0,0,0.0,,,,sonnet46
2026091217,rich_boost,fixed_sequence,0.14285714285714285,,False,0,0,,1082,0,0,0.0,,,,sonnet46
2026091217,rich_boost,bonferroni,0.14285714285714285,,False,0,0,,1082,0,0,0.0,,,,sonnet46
2026091217,rich_boost,fixed_sequence,0.2,,False,0,0,,1082,0,0,0.0,,,,sonnet46
2026091217,rich_boost,bonferroni,0.2,,False,0,0,,1082,0,0,0.0,,,,sonnet46
2026091217,rich_boost,fixed_sequence,0.25,,False,0,0,,1082,0,0,0.0,,,,sonnet46
2026091217,rich_boost,bonferroni,0.25,,False,0,0,,1082,0,0,0.0,,,,sonnet46
2026091218,raw_u,fixed_sequence,0.1,,False,0,0,,1082,0,0,0.0,,,,sonnet46
2026091218,raw_u,bonferroni,0.1,,False,0,0,,1082,0,0,0.0,,,,sonnet46
2026091218,raw_u,fixed_sequence,0.14285714285714285,,False,0,0,,1082,0,0,0.0,,,,sonnet46
2026091218,raw_u,bonferroni,0.14285714285714285,,False,0,0,,1082,0,0,0.0,,,,sonnet46
2026091218,raw_u,fixed_sequence,0.2,,False,0,0,,1082,0,0,0.0,,,,sonnet46
2026091218,raw_u,bonferroni,0.2,,False,0,0,,1082,0,0,0.0,,,,sonnet46
2026091218,raw_u,fixed_sequence,0.25,,False,0,0,,1082,0,0,0.0,,,,sonnet46
2026091218,raw_u,bonferroni,0.25,,False,0,0,,1082,0,0,0.0,,,,sonnet46
2026091218,u_boost,fixed_sequence,0.1,,False,0,0,,1082,0,0,0.0,,,,sonnet46
2026091218,u_boost,bonferroni,0.1,,False,0,0,,1082,0,0,0.0,,,,sonnet46
2026091218,u_boost,fixed_sequence,0.14285714285714285,,False,0,0,,1082,0,0,0.0,,,,sonnet46
2026091218,u_boost,bonferroni,0.14285714285714285,,False,0,0,,1082,0,0,0.0,,,,sonnet46
2026091218,u_boost,fixed_sequence,0.2,,False,0,0,,1082,0,0,0.0,,,,sonnet46
2026091218,u_boost,bonferroni,0.2,,False,0,0,,1082,0,0,0.0,,,,sonnet46
2026091218,u_boost,fixed_sequence,0.25,,False,0,0,,1082,0,0,0.0,,,,sonnet46
2026091218,u_boost,bonferroni,0.25,,False,0,0,,1082,0,0,0.0,,,,sonnet46
2026091218,rich_logistic,fixed_sequence,0.1,,False,0,0,,1082,0,0,0.0,,,,sonnet46
2026091218,rich_logistic,bonferroni,0.1,,False,0,0,,1082,0,0,0.0,,,,sonnet46
2026091218,rich_logistic,fixed_sequence,0.14285714285714285,,False,0,0,,1082,0,0,0.0,,,,sonnet46
2026091218,rich_logistic,bonferroni,0.14285714285714285,,False,0,0,,1082,0,0,0.0,,,,sonnet46
2026091218,rich_logistic,fixed_sequence,0.2,,False,0,0,,1082,0,0,0.0,,,,sonnet46
2026091218,rich_logistic,bonferroni,0.2,,False,0,0,,1082,0,0,0.0,,,,sonnet46
2026091218,rich_logistic,fixed_sequence,0.25,,False,0,0,,1082,0,0,0.0,,,,sonnet46
2026091218,rich_logistic,bonferroni,0.25,,False,0,0,,1082,0,0,0.0,,,,sonnet46
2026091218,rich_boost,fixed_sequence,0.1,,False,0,0,,1082,0,0,0.0,,,,sonnet46
2026091218,rich_boost,bonferroni,0.1,,False,0,0,,1082,0,0,0.0,,,,sonnet46
2026091218,rich_boost,fixed_sequence,0.14285714285714285,,False,0,0,,1082,0,0,0.0,,,,sonnet46
2026091218,rich_boost,bonferroni,0.14285714285714285,,False,0,0,,1082,0,0,0.0,,,,sonnet46
2026091218,rich_boost,fixed_sequence,0.2,,False,0,0,,1082,0,0,0.0,,,,sonnet46
2026091218,rich_boost,bonferroni,0.2,,False,0,0,,1082,0,0,0.0,,,,sonnet46
2026091218,rich_boost,fixed_sequence,0.25,,False,0,0,,1082,0,0,0.0,,,,sonnet46
2026091218,rich_boost,bonferroni,0.25,,False,0,0,,1082,0,0,0.0,,,,sonnet46
2026091219,raw_u,fixed_sequence,0.1,,False,0,0,,1082,0,0,0.0,,,,sonnet46
2026091219,raw_u,bonferroni,0.1,,False,0,0,,1082,0,0,0.0,,,,sonnet46
2026091219,raw_u,fixed_sequence,0.14285714285714285,,False,0,0,,1082,0,0,0.0,,,,sonnet46
2026091219,raw_u,bonferroni,0.14285714285714285,,False,0,0,,1082,0,0,0.0,,,,sonnet46
2026091219,raw_u,fixed_sequence,0.2,,False,0,0,,1082,0,0,0.0,,,,sonnet46
2026091219,raw_u,bonferroni,0.2,,False,0,0,,1082,0,0,0.0,,,,sonnet46
2026091219,raw_u,fixed_sequence,0.25,,False,0,0,,1082,0,0,0.0,,,,sonnet46
2026091219,raw_u,bonferroni,0.25,,False,0,0,,1082,0,0,0.0,,,,sonnet46
2026091219,u_boost,fixed_sequence,0.1,,False,0,0,,1082,0,0,0.0,,,,sonnet46
2026091219,u_boost,bonferroni,0.1,,False,0,0,,1082,0,0,0.0,,,,sonnet46
2026091219,u_boost,fixed_sequence,0.14285714285714285,,False,0,0,,1082,0,0,0.0,,,,sonnet46
2026091219,u_boost,bonferroni,0.14285714285714285,,False,0,0,,1082,0,0,0.0,,,,sonnet46
2026091219,u_boost,fixed_sequence,0.2,,False,0,0,,1082,0,0,0.0,,,,sonnet46
2026091219,u_boost,bonferroni,0.2,,False,0,0,,1082,0,0,0.0,,,,sonnet46
2026091219,u_boost,fixed_sequence,0.25,,False,0,0,,1082,0,0,0.0,,,,sonnet46
2026091219,u_boost,bonferroni,0.25,,False,0,0,,1082,0,0,0.0,,,,sonnet46
2026091219,rich_logistic,fixed_sequence,0.1,,False,0,0,,1082,0,0,0.0,,,,sonnet46
2026091219,rich_logistic,bonferroni,0.1,,False,0,0,,1082,0,0,0.0,,,,sonnet46
2026091219,rich_logistic,fixed_sequence,0.14285714285714285,,False,0,0,,1082,0,0,0.0,,,,sonnet46
2026091219,rich_logistic,bonferroni,0.14285714285714285,,False,0,0,,1082,0,0,0.0,,,,sonnet46
2026091219,rich_logistic,fixed_sequence,0.2,,False,0,0,,1082,0,0,0.0,,,,sonnet46
2026091219,rich_logistic,bonferroni,0.2,,False,0,0,,1082,0,0,0.0,,,,sonnet46
2026091219,rich_logistic,fixed_sequence,0.25,,False,0,0,,1082,0,0,0.0,,,,sonnet46
2026091219,rich_logistic,bonferroni,0.25,,False,0,0,,1082,0,0,0.0,,,,sonnet46
2026091219,rich_boost,fixed_sequence,0.1,,False,0,0,,1082,0,0,0.0,,,,sonnet46
2026091219,rich_boost,bonferroni,0.1,,False,0,0,,1082,0,0,0.0,,,,sonnet46
2026091219,rich_boost,fixed_sequence,0.14285714285714285,,False,0,0,,1082,0,0,0.0,,,,sonnet46
2026091219,rich_boost,bonferroni,0.14285714285714285,,False,0,0,,1082,0,0,0.0,,,,sonnet46
2026091219,rich_boost,fixed_sequence,0.2,,False,0,0,,1082,0,0,0.0,,,,sonnet46
2026091219,rich_boost,bonferroni,0.2,,False,0,0,,1082,0,0,0.0,,,,sonnet46
2026091219,rich_boost,fixed_sequence,0.25,,False,0,0,,1082,0,0,0.0,,,,sonnet46
2026091219,rich_boost,bonferroni,0.25,,False,0,0,,1082,0,0,0.0,,,,sonnet46
2026091220,raw_u,fixed_sequence,0.1,,False,0,0,,1082,0,0,0.0,,,,sonnet46
2026091220,raw_u,bonferroni,0.1,,False,0,0,,1082,0,0,0.0,,,,sonnet46
2026091220,raw_u,fixed_sequence,0.14285714285714285,,False,0,0,,1082,0,0,0.0,,,,sonnet46
2026091220,raw_u,bonferroni,0.14285714285714285,,False,0,0,,1082,0,0,0.0,,,,sonnet46
2026091220,raw_u,fixed_sequence,0.2,,False,0,0,,1082,0,0,0.0,,,,sonnet46
2026091220,raw_u,bonferroni,0.2,,False,0,0,,1082,0,0,0.0,,,,sonnet46
2026091220,raw_u,fixed_sequence,0.25,,False,0,0,,1082,0,0,0.0,,,,sonnet46
2026091220,raw_u,bonferroni,0.25,,False,0,0,,1082,0,0,0.0,,,,sonnet46
2026091220,u_boost,fixed_sequence,0.1,,False,0,0,,1082,0,0,0.0,,,,sonnet46
2026091220,u_boost,bonferroni,0.1,,False,0,0,,1082,0,0,0.0,,,,sonnet46
2026091220,u_boost,fixed_sequence,0.14285714285714285,,False,0,0,,1082,0,0,0.0,,,,sonnet46
2026091220,u_boost,bonferroni,0.14285714285714285,,False,0,0,,1082,0,0,0.0,,,,sonnet46
2026091220,u_boost,fixed_sequence,0.2,,False,0,0,,1082,0,0,0.0,,,,sonnet46
2026091220,u_boost,bonferroni,0.2,,False,0,0,,1082,0,0,0.0,,,,sonnet46
2026091220,u_boost,fixed_sequence,0.25,,False,0,0,,1082,0,0,0.0,,,,sonnet46
2026091220,u_boost,bonferroni,0.25,,False,0,0,,1082,0,0,0.0,,,,sonnet46
2026091220,rich_logistic,fixed_sequence,0.1,,False,0,0,,1082,0,0,0.0,,,,sonnet46
2026091220,rich_logistic,bonferroni,0.1,,False,0,0,,1082,0,0,0.0,,,,sonnet46
2026091220,rich_logistic,fixed_sequence,0.14285714285714285,,False,0,0,,1082,0,0,0.0,,,,sonnet46
2026091220,rich_logistic,bonferroni,0.14285714285714285,,False,0,0,,1082,0,0,0.0,,,,sonnet46
2026091220,rich_logistic,fixed_sequence,0.2,,False,0,0,,1082,0,0,0.0,,,,sonnet46
2026091220,rich_logistic,bonferroni,0.2,,False,0,0,,1082,0,0,0.0,,,,sonnet46
2026091220,rich_logistic,fixed_sequence,0.25,,False,0,0,,1082,0,0,0.0,,,,sonnet46
2026091220,rich_logistic,bonferroni,0.25,,False,0,0,,1082,0,0,0.0,,,,sonnet46
2026091220,rich_boost,fixed_sequence,0.1,,False,0,0,,1082,0,0,0.0,,,,sonnet46
2026091220,rich_boost,bonferroni,0.1,,False,0,0,,1082,0,0,0.0,,,,sonnet46
2026091220,rich_boost,fixed_sequence,0.14285714285714285,,False,0,0,,1082,0,0,0.0,,,,sonnet46
2026091220,rich_boost,bonferroni,0.14285714285714285,,False,0,0,,1082,0,0,0.0,,,,sonnet46
2026091220,rich_boost,fixed_sequence,0.2,,False,0,0,,1082,0,0,0.0,,,,sonnet46
2026091220,rich_boost,bonferroni,0.2,,False,0,0,,1082,0,0,0.0,,,,sonnet46
2026091220,rich_boost,fixed_sequence,0.25,,False,0,0,,1082,0,0,0.0,,,,sonnet46
2026091220,rich_boost,bonferroni,0.25,,False,0,0,,1082,0,0,0.0,,,,sonnet46
2026091221,raw_u,fixed_sequence,0.1,,False,0,0,,1082,0,0,0.0,,,,sonnet46
2026091221,raw_u,bonferroni,0.1,,False,0,0,,1082,0,0,0.0,,,,sonnet46
2026091221,raw_u,fixed_sequence,0.14285714285714285,,False,0,0,,1082,0,0,0.0,,,,sonnet46
2026091221,raw_u,bonferroni,0.14285714285714285,,False,0,0,,1082,0,0,0.0,,,,sonnet46
2026091221,raw_u,fixed_sequence,0.2,,False,0,0,,1082,0,0,0.0,,,,sonnet46
2026091221,raw_u,bonferroni,0.2,,False,0,0,,1082,0,0,0.0,,,,sonnet46
2026091221,raw_u,fixed_sequence,0.25,,False,0,0,,1082,0,0,0.0,,,,sonnet46
2026091221,raw_u,bonferroni,0.25,,False,0,0,,1082,0,0,0.0,,,,sonnet46
2026091221,u_boost,fixed_sequence,0.1,,False,0,0,,1082,0,0,0.0,,,,sonnet46
2026091221,u_boost,bonferroni,0.1,,False,0,0,,1082,0,0,0.0,,,,sonnet46
2026091221,u_boost,fixed_sequence,0.14285714285714285,,False,0,0,,1082,0,0,0.0,,,,sonnet46
2026091221,u_boost,bonferroni,0.14285714285714285,,False,0,0,,1082,0,0,0.0,,,,sonnet46
2026091221,u_boost,fixed_sequence,0.2,,False,0,0,,1082,0,0,0.0,,,,sonnet46
2026091221,u_boost,bonferroni,0.2,,False,0,0,,1082,0,0,0.0,,,,sonnet46
2026091221,u_boost,fixed_sequence,0.25,,False,0,0,,1082,0,0,0.0,,,,sonnet46
2026091221,u_boost,bonferroni,0.25,,False,0,0,,1082,0,0,0.0,,,,sonnet46
2026091221,rich_logistic,fixed_sequence,0.1,,False,0,0,,1082,0,0,0.0,,,,sonnet46
2026091221,rich_logistic,bonferroni,0.1,,False,0,0,,1082,0,0,0.0,,,,sonnet46
2026091221,rich_logistic,fixed_sequence,0.14285714285714285,,False,0,0,,1082,0,0,0.0,,,,sonnet46
2026091221,rich_logistic,bonferroni,0.14285714285714285,,False,0,0,,1082,0,0,0.0,,,,sonnet46
2026091221,rich_logistic,fixed_sequence,0.2,,False,0,0,,1082,0,0,0.0,,,,sonnet46
2026091221,rich_logistic,bonferroni,0.2,,False,0,0,,1082,0,0,0.0,,,,sonnet46
2026091221,rich_logistic,fixed_sequence,0.25,0.75,True,56,6,0.23559929666549378,1082,52,8,0.04805914972273567,0.15384615384615385,0.06883923437830912,0.28081108406329136,sonnet46
2026091221,rich_logistic,bonferroni,0.25,,False,0,0,,1082,0,0,0.0,,,,sonnet46
2026091221,rich_boost,fixed_sequence,0.1,,False,0,0,,1082,0,0,0.0,,,,sonnet46
2026091221,rich_boost,bonferroni,0.1,,False,0,0,,1082,0,0,0.0,,,,sonnet46
2026091221,rich_boost,fixed_sequence,0.14285714285714285,,False,0,0,,1082,0,0,0.0,,,,sonnet46
2026091221,rich_boost,bonferroni,0.14285714285714285,,False,0,0,,1082,0,0,0.0,,,,sonnet46
2026091221,rich_boost,fixed_sequence,0.2,,False,0,0,,1082,0,0,0.0,,,,sonnet46
2026091221,rich_boost,bonferroni,0.2,,False,0,0,,1082,0,0,0.0,,,,sonnet46
2026091221,rich_boost,fixed_sequence,0.25,,False,0,0,,1082,0,0,0.0,,,,sonnet46
2026091221,rich_boost,bonferroni,0.25,,False,0,0,,1082,0,0,0.0,,,,sonnet46
2026091222,raw_u,fixed_sequence,0.1,,False,0,0,,1082,0,0,0.0,,,,sonnet46
2026091222,raw_u,bonferroni,0.1,,False,0,0,,1082,0,0,0.0,,,,sonnet46
2026091222,raw_u,fixed_sequence,0.14285714285714285,,False,0,0,,1082,0,0,0.0,,,,sonnet46
2026091222,raw_u,bonferroni,0.14285714285714285,,False,0,0,,1082,0,0,0.0,,,,sonnet46
2026091222,raw_u,fixed_sequence,0.2,,False,0,0,,1082,0,0,0.0,,,,sonnet46
2026091222,raw_u,bonferroni,0.2,,False,0,0,,1082,0,0,0.0,,,,sonnet46
2026091222,raw_u,fixed_sequence,0.25,,False,0,0,,1082,0,0,0.0,,,,sonnet46
2026091222,raw_u,bonferroni,0.25,,False,0,0,,1082,0,0,0.0,,,,sonnet46
2026091222,u_boost,fixed_sequence,0.1,,False,0,0,,1082,0,0,0.0,,,,sonnet46
2026091222,u_boost,bonferroni,0.1,,False,0,0,,1082,0,0,0.0,,,,sonnet46
2026091222,u_boost,fixed_sequence,0.14285714285714285,,False,0,0,,1082,0,0,0.0,,,,sonnet46
2026091222,u_boost,bonferroni,0.14285714285714285,,False,0,0,,1082,0,0,0.0,,,,sonnet46
2026091222,u_boost,fixed_sequence,0.2,,False,0,0,,1082,0,0,0.0,,,,sonnet46
2026091222,u_boost,bonferroni,0.2,,False,0,0,,1082,0,0,0.0,,,,sonnet46
2026091222,u_boost,fixed_sequence,0.25,,False,0,0,,1082,0,0,0.0,,,,sonnet46
2026091222,u_boost,bonferroni,0.25,,False,0,0,,1082,0,0,0.0,,,,sonnet46
2026091222,rich_logistic,fixed_sequence,0.1,,False,0,0,,1082,0,0,0.0,,,,sonnet46
2026091222,rich_logistic,bonferroni,0.1,,False,0,0,,1082,0,0,0.0,,,,sonnet46
2026091222,rich_logistic,fixed_sequence,0.14285714285714285,,False,0,0,,1082,0,0,0.0,,,,sonnet46
2026091222,rich_logistic,bonferroni,0.14285714285714285,,False,0,0,,1082,0,0,0.0,,,,sonnet46
2026091222,rich_logistic,fixed_sequence,0.2,,False,0,0,,1082,0,0,0.0,,,,sonnet46
2026091222,rich_logistic,bonferroni,0.2,,False,0,0,,1082,0,0,0.0,,,,sonnet46
2026091222,rich_logistic,fixed_sequence,0.25,,False,0,0,,1082,0,0,0.0,,,,sonnet46
2026091222,rich_logistic,bonferroni,0.25,,False,0,0,,1082,0,0,0.0,,,,sonnet46
2026091222,rich_boost,fixed_sequence,0.1,,False,0,0,,1082,0,0,0.0,,,,sonnet46
2026091222,rich_boost,bonferroni,0.1,,False,0,0,,1082,0,0,0.0,,,,sonnet46
2026091222,rich_boost,fixed_sequence,0.14285714285714285,,False,0,0,,1082,0,0,0.0,,,,sonnet46
2026091222,rich_boost,bonferroni,0.14285714285714285,,False,0,0,,1082,0,0,0.0,,,,sonnet46
2026091222,rich_boost,fixed_sequence,0.2,,False,0,0,,1082,0,0,0.0,,,,sonnet46
2026091222,rich_boost,bonferroni,0.2,,False,0,0,,1082,0,0,0.0,,,,sonnet46
2026091222,rich_boost,fixed_sequence,0.25,,False,0,0,,1082,0,0,0.0,,,,sonnet46
2026091222,rich_boost,bonferroni,0.25,,False,0,0,,1082,0,0,0.0,,,,sonnet46
2026091223,raw_u,fixed_sequence,0.1,,False,0,0,,1082,0,0,0.0,,,,sonnet46
2026091223,raw_u,bonferroni,0.1,,False,0,0,,1082,0,0,0.0,,,,sonnet46
2026091223,raw_u,fixed_sequence,0.14285714285714285,,False,0,0,,1082,0,0,0.0,,,,sonnet46
2026091223,raw_u,bonferroni,0.14285714285714285,,False,0,0,,1082,0,0,0.0,,,,sonnet46
2026091223,raw_u,fixed_sequence,0.2,,False,0,0,,1082,0,0,0.0,,,,sonnet46
2026091223,raw_u,bonferroni,0.2,,False,0,0,,1082,0,0,0.0,,,,sonnet46
2026091223,raw_u,fixed_sequence,0.25,,False,0,0,,1082,0,0,0.0,,,,sonnet46
2026091223,raw_u,bonferroni,0.25,,False,0,0,,1082,0,0,0.0,,,,sonnet46
2026091223,u_boost,fixed_sequence,0.1,,False,0,0,,1082,0,0,0.0,,,,sonnet46
2026091223,u_boost,bonferroni,0.1,,False,0,0,,1082,0,0,0.0,,,,sonnet46
2026091223,u_boost,fixed_sequence,0.14285714285714285,,False,0,0,,1082,0,0,0.0,,,,sonnet46
2026091223,u_boost,bonferroni,0.14285714285714285,,False,0,0,,1082,0,0,0.0,,,,sonnet46
2026091223,u_boost,fixed_sequence,0.2,,False,0,0,,1082,0,0,0.0,,,,sonnet46
2026091223,u_boost,bonferroni,0.2,,False,0,0,,1082,0,0,0.0,,,,sonnet46
2026091223,u_boost,fixed_sequence,0.25,,False,0,0,,1082,0,0,0.0,,,,sonnet46
2026091223,u_boost,bonferroni,0.25,,False,0,0,,1082,0,0,0.0,,,,sonnet46
2026091223,rich_logistic,fixed_sequence,0.1,,False,0,0,,1082,0,0,0.0,,,,sonnet46
2026091223,rich_logistic,bonferroni,0.1,,False,0,0,,1082,0,0,0.0,,,,sonnet46
2026091223,rich_logistic,fixed_sequence,0.14285714285714285,,False,0,0,,1082,0,0,0.0,,,,sonnet46
2026091223,rich_logistic,bonferroni,0.14285714285714285,,False,0,0,,1082,0,0,0.0,,,,sonnet46
2026091223,rich_logistic,fixed_sequence,0.2,,False,0,0,,1082,0,0,0.0,,,,sonnet46
2026091223,rich_logistic,bonferroni,0.2,,False,0,0,,1082,0,0,0.0,,,,sonnet46
2026091223,rich_logistic,fixed_sequence,0.25,,False,0,0,,1082,0,0,0.0,,,,sonnet46
2026091223,rich_logistic,bonferroni,0.25,,False,0,0,,1082,0,0,0.0,,,,sonnet46
2026091223,rich_boost,fixed_sequence,0.1,,False,0,0,,1082,0,0,0.0,,,,sonnet46
2026091223,rich_boost,bonferroni,0.1,,False,0,0,,1082,0,0,0.0,,,,sonnet46
2026091223,rich_boost,fixed_sequence,0.14285714285714285,,False,0,0,,1082,0,0,0.0,,,,sonnet46
2026091223,rich_boost,bonferroni,0.14285714285714285,,False,0,0,,1082,0,0,0.0,,,,sonnet46
2026091223,rich_boost,fixed_sequence,0.2,,False,0,0,,1082,0,0,0.0,,,,sonnet46
2026091223,rich_boost,bonferroni,0.2,,False,0,0,,1082,0,0,0.0,,,,sonnet46
2026091223,rich_boost,fixed_sequence,0.25,,False,0,0,,1082,0,0,0.0,,,,sonnet46
2026091223,rich_boost,bonferroni,0.25,,False,0,0,,1082,0,0,0.0,,,,sonnet46
2026091224,raw_u,fixed_sequence,0.1,,False,0,0,,1082,0,0,0.0,,,,sonnet46
2026091224,raw_u,bonferroni,0.1,,False,0,0,,1082,0,0,0.0,,,,sonnet46
2026091224,raw_u,fixed_sequence,0.14285714285714285,,False,0,0,,1082,0,0,0.0,,,,sonnet46
2026091224,raw_u,bonferroni,0.14285714285714285,,False,0,0,,1082,0,0,0.0,,,,sonnet46
2026091224,raw_u,fixed_sequence,0.2,,False,0,0,,1082,0,0,0.0,,,,sonnet46
2026091224,raw_u,bonferroni,0.2,,False,0,0,,1082,0,0,0.0,,,,sonnet46
2026091224,raw_u,fixed_sequence,0.25,,False,0,0,,1082,0,0,0.0,,,,sonnet46
2026091224,raw_u,bonferroni,0.25,,False,0,0,,1082,0,0,0.0,,,,sonnet46
2026091224,u_boost,fixed_sequence,0.1,,False,0,0,,1082,0,0,0.0,,,,sonnet46
2026091224,u_boost,bonferroni,0.1,,False,0,0,,1082,0,0,0.0,,,,sonnet46
2026091224,u_boost,fixed_sequence,0.14285714285714285,,False,0,0,,1082,0,0,0.0,,,,sonnet46
2026091224,u_boost,bonferroni,0.14285714285714285,,False,0,0,,1082,0,0,0.0,,,,sonnet46
2026091224,u_boost,fixed_sequence,0.2,,False,0,0,,1082,0,0,0.0,,,,sonnet46
2026091224,u_boost,bonferroni,0.2,,False,0,0,,1082,0,0,0.0,,,,sonnet46
2026091224,u_boost,fixed_sequence,0.25,,False,0,0,,1082,0,0,0.0,,,,sonnet46
2026091224,u_boost,bonferroni,0.25,,False,0,0,,1082,0,0,0.0,,,,sonnet46
2026091224,rich_logistic,fixed_sequence,0.1,,False,0,0,,1082,0,0,0.0,,,,sonnet46
2026091224,rich_logistic,bonferroni,0.1,,False,0,0,,1082,0,0,0.0,,,,sonnet46
2026091224,rich_logistic,fixed_sequence,0.14285714285714285,,False,0,0,,1082,0,0,0.0,,,,sonnet46
2026091224,rich_logistic,bonferroni,0.14285714285714285,,False,0,0,,1082,0,0,0.0,,,,sonnet46
2026091224,rich_logistic,fixed_sequence,0.2,,False,0,0,,1082,0,0,0.0,,,,sonnet46
2026091224,rich_logistic,bonferroni,0.2,,False,0,0,,1082,0,0,0.0,,,,sonnet46
2026091224,rich_logistic,fixed_sequence,0.25,,False,0,0,,1082,0,0,0.0,,,,sonnet46
2026091224,rich_logistic,bonferroni,0.25,,False,0,0,,1082,0,0,0.0,,,,sonnet46
2026091224,rich_boost,fixed_sequence,0.1,,False,0,0,,1082,0,0,0.0,,,,sonnet46
2026091224,rich_boost,bonferroni,0.1,,False,0,0,,1082,0,0,0.0,,,,sonnet46
2026091224,rich_boost,fixed_sequence,0.14285714285714285,,False,0,0,,1082,0,0,0.0,,,,sonnet46
2026091224,rich_boost,bonferroni,0.14285714285714285,,False,0,0,,1082,0,0,0.0,,,,sonnet46
2026091224,rich_boost,fixed_sequence,0.2,,False,0,0,,1082,0,0,0.0,,,,sonnet46
2026091224,rich_boost,bonferroni,0.2,,False,0,0,,1082,0,0,0.0,,,,sonnet46
2026091224,rich_boost,fixed_sequence,0.25,,False,0,0,,1082,0,0,0.0,,,,sonnet46
2026091224,rich_boost,bonferroni,0.25,,False,0,0,,1082,0,0,0.0,,,,sonnet46
2026091225,raw_u,fixed_sequence,0.1,,False,0,0,,1082,0,0,0.0,,,,sonnet46
2026091225,raw_u,bonferroni,0.1,,False,0,0,,1082,0,0,0.0,,,,sonnet46
2026091225,raw_u,fixed_sequence,0.14285714285714285,,False,0,0,,1082,0,0,0.0,,,,sonnet46
2026091225,raw_u,bonferroni,0.14285714285714285,,False,0,0,,1082,0,0,0.0,,,,sonnet46
2026091225,raw_u,fixed_sequence,0.2,,False,0,0,,1082,0,0,0.0,,,,sonnet46
2026091225,raw_u,bonferroni,0.2,,False,0,0,,1082,0,0,0.0,,,,sonnet46
2026091225,raw_u,fixed_sequence,0.25,,False,0,0,,1082,0,0,0.0,,,,sonnet46
2026091225,raw_u,bonferroni,0.25,,False,0,0,,1082,0,0,0.0,,,,sonnet46
2026091225,u_boost,fixed_sequence,0.1,,False,0,0,,1082,0,0,0.0,,,,sonnet46
2026091225,u_boost,bonferroni,0.1,,False,0,0,,1082,0,0,0.0,,,,sonnet46
2026091225,u_boost,fixed_sequence,0.14285714285714285,,False,0,0,,1082,0,0,0.0,,,,sonnet46
2026091225,u_boost,bonferroni,0.14285714285714285,,False,0,0,,1082,0,0,0.0,,,,sonnet46
2026091225,u_boost,fixed_sequence,0.2,,False,0,0,,1082,0,0,0.0,,,,sonnet46
2026091225,u_boost,bonferroni,0.2,,False,0,0,,1082,0,0,0.0,,,,sonnet46
2026091225,u_boost,fixed_sequence,0.25,,False,0,0,,1082,0,0,0.0,,,,sonnet46
2026091225,u_boost,bonferroni,0.25,,False,0,0,,1082,0,0,0.0,,,,sonnet46
2026091225,rich_logistic,fixed_sequence,0.1,,False,0,0,,1082,0,0,0.0,,,,sonnet46
2026091225,rich_logistic,bonferroni,0.1,,False,0,0,,1082,0,0,0.0,,,,sonnet46
2026091225,rich_logistic,fixed_sequence,0.14285714285714285,,False,0,0,,1082,0,0,0.0,,,,sonnet46
2026091225,rich_logistic,bonferroni,0.14285714285714285,,False,0,0,,1082,0,0,0.0,,,,sonnet46
2026091225,rich_logistic,fixed_sequence,0.2,,False,0,0,,1082,0,0,0.0,,,,sonnet46
2026091225,rich_logistic,bonferroni,0.2,,False,0,0,,1082,0,0,0.0,,,,sonnet46
2026091225,rich_logistic,fixed_sequence,0.25,,False,0,0,,1082,0,0,0.0,,,,sonnet46
2026091225,rich_logistic,bonferroni,0.25,,False,0,0,,1082,0,0,0.0,,,,sonnet46
2026091225,rich_boost,fixed_sequence,0.1,,False,0,0,,1082,0,0,0.0,,,,sonnet46
2026091225,rich_boost,bonferroni,0.1,,False,0,0,,1082,0,0,0.0,,,,sonnet46
2026091225,rich_boost,fixed_sequence,0.14285714285714285,,False,0,0,,1082,0,0,0.0,,,,sonnet46
2026091225,rich_boost,bonferroni,0.14285714285714285,,False,0,0,,1082,0,0,0.0,,,,sonnet46
2026091225,rich_boost,fixed_sequence,0.2,,False,0,0,,1082,0,0,0.0,,,,sonnet46
2026091225,rich_boost,bonferroni,0.2,,False,0,0,,1082,0,0,0.0,,,,sonnet46
2026091225,rich_boost,fixed_sequence,0.25,,False,0,0,,1082,0,0,0.0,,,,sonnet46
2026091225,rich_boost,bonferroni,0.25,,False,0,0,,1082,0,0,0.0,,,,sonnet46
2026091226,raw_u,fixed_sequence,0.1,,False,0,0,,1082,0,0,0.0,,,,sonnet46
2026091226,raw_u,bonferroni,0.1,,False,0,0,,1082,0,0,0.0,,,,sonnet46
2026091226,raw_u,fixed_sequence,0.14285714285714285,,False,0,0,,1082,0,0,0.0,,,,sonnet46
2026091226,raw_u,bonferroni,0.14285714285714285,,False,0,0,,1082,0,0,0.0,,,,sonnet46
2026091226,raw_u,fixed_sequence,0.2,,False,0,0,,1082,0,0,0.0,,,,sonnet46
2026091226,raw_u,bonferroni,0.2,,False,0,0,,1082,0,0,0.0,,,,sonnet46
2026091226,raw_u,fixed_sequence,0.25,,False,0,0,,1082,0,0,0.0,,,,sonnet46
2026091226,raw_u,bonferroni,0.25,,False,0,0,,1082,0,0,0.0,,,,sonnet46
2026091226,u_boost,fixed_sequence,0.1,,False,0,0,,1082,0,0,0.0,,,,sonnet46
2026091226,u_boost,bonferroni,0.1,,False,0,0,,1082,0,0,0.0,,,,sonnet46
2026091226,u_boost,fixed_sequence,0.14285714285714285,,False,0,0,,1082,0,0,0.0,,,,sonnet46
2026091226,u_boost,bonferroni,0.14285714285714285,,False,0,0,,1082,0,0,0.0,,,,sonnet46
2026091226,u_boost,fixed_sequence,0.2,,False,0,0,,1082,0,0,0.0,,,,sonnet46
2026091226,u_boost,bonferroni,0.2,,False,0,0,,1082,0,0,0.0,,,,sonnet46
2026091226,u_boost,fixed_sequence,0.25,,False,0,0,,1082,0,0,0.0,,,,sonnet46
2026091226,u_boost,bonferroni,0.25,,False,0,0,,1082,0,0,0.0,,,,sonnet46
2026091226,rich_logistic,fixed_sequence,0.1,,False,0,0,,1082,0,0,0.0,,,,sonnet46
2026091226,rich_logistic,bonferroni,0.1,,False,0,0,,1082,0,0,0.0,,,,sonnet46
2026091226,rich_logistic,fixed_sequence,0.14285714285714285,,False,0,0,,1082,0,0,0.0,,,,sonnet46
2026091226,rich_logistic,bonferroni,0.14285714285714285,,False,0,0,,1082,0,0,0.0,,,,sonnet46
2026091226,rich_logistic,fixed_sequence,0.2,,False,0,0,,1082,0,0,0.0,,,,sonnet46
2026091226,rich_logistic,bonferroni,0.2,,False,0,0,,1082,0,0,0.0,,,,sonnet46
2026091226,rich_logistic,fixed_sequence,0.25,,False,0,0,,1082,0,0,0.0,,,,sonnet46
2026091226,rich_logistic,bonferroni,0.25,,False,0,0,,1082,0,0,0.0,,,,sonnet46
2026091226,rich_boost,fixed_sequence,0.1,,False,0,0,,1082,0,0,0.0,,,,sonnet46
2026091226,rich_boost,bonferroni,0.1,,False,0,0,,1082,0,0,0.0,,,,sonnet46
2026091226,rich_boost,fixed_sequence,0.14285714285714285,,False,0,0,,1082,0,0,0.0,,,,sonnet46
2026091226,rich_boost,bonferroni,0.14285714285714285,,False,0,0,,1082,0,0,0.0,,,,sonnet46
2026091226,rich_boost,fixed_sequence,0.2,,False,0,0,,1082,0,0,0.0,,,,sonnet46
2026091226,rich_boost,bonferroni,0.2,,False,0,0,,1082,0,0,0.0,,,,sonnet46
2026091226,rich_boost,fixed_sequence,0.25,,False,0,0,,1082,0,0,0.0,,,,sonnet46
2026091226,rich_boost,bonferroni,0.25,,False,0,0,,1082,0,0,0.0,,,,sonnet46
2026091227,raw_u,fixed_sequence,0.1,,False,0,0,,1082,0,0,0.0,,,,sonnet46
2026091227,raw_u,bonferroni,0.1,,False,0,0,,1082,0,0,0.0,,,,sonnet46
2026091227,raw_u,fixed_sequence,0.14285714285714285,,False,0,0,,1082,0,0,0.0,,,,sonnet46
2026091227,raw_u,bonferroni,0.14285714285714285,,False,0,0,,1082,0,0,0.0,,,,sonnet46
2026091227,raw_u,fixed_sequence,0.2,,False,0,0,,1082,0,0,0.0,,,,sonnet46
2026091227,raw_u,bonferroni,0.2,,False,0,0,,1082,0,0,0.0,,,,sonnet46
2026091227,raw_u,fixed_sequence,0.25,,False,0,0,,1082,0,0,0.0,,,,sonnet46
2026091227,raw_u,bonferroni,0.25,,False,0,0,,1082,0,0,0.0,,,,sonnet46
2026091227,u_boost,fixed_sequence,0.1,,False,0,0,,1082,0,0,0.0,,,,sonnet46
2026091227,u_boost,bonferroni,0.1,,False,0,0,,1082,0,0,0.0,,,,sonnet46
2026091227,u_boost,fixed_sequence,0.14285714285714285,,False,0,0,,1082,0,0,0.0,,,,sonnet46
2026091227,u_boost,bonferroni,0.14285714285714285,,False,0,0,,1082,0,0,0.0,,,,sonnet46
2026091227,u_boost,fixed_sequence,0.2,,False,0,0,,1082,0,0,0.0,,,,sonnet46
2026091227,u_boost,bonferroni,0.2,,False,0,0,,1082,0,0,0.0,,,,sonnet46
2026091227,u_boost,fixed_sequence,0.25,,False,0,0,,1082,0,0,0.0,,,,sonnet46
2026091227,u_boost,bonferroni,0.25,,False,0,0,,1082,0,0,0.0,,,,sonnet46
2026091227,rich_logistic,fixed_sequence,0.1,,False,0,0,,1082,0,0,0.0,,,,sonnet46
2026091227,rich_logistic,bonferroni,0.1,,False,0,0,,1082,0,0,0.0,,,,sonnet46
2026091227,rich_logistic,fixed_sequence,0.14285714285714285,,False,0,0,,1082,0,0,0.0,,,,sonnet46
2026091227,rich_logistic,bonferroni,0.14285714285714285,,False,0,0,,1082,0,0,0.0,,,,sonnet46
2026091227,rich_logistic,fixed_sequence,0.2,,False,0,0,,1082,0,0,0.0,,,,sonnet46
2026091227,rich_logistic,bonferroni,0.2,,False,0,0,,1082,0,0,0.0,,,,sonnet46
2026091227,rich_logistic,fixed_sequence,0.25,,False,0,0,,1082,0,0,0.0,,,,sonnet46
2026091227,rich_logistic,bonferroni,0.25,,False,0,0,,1082,0,0,0.0,,,,sonnet46
2026091227,rich_boost,fixed_sequence,0.1,,False,0,0,,1082,0,0,0.0,,,,sonnet46
2026091227,rich_boost,bonferroni,0.1,,False,0,0,,1082,0,0,0.0,,,,sonnet46
2026091227,rich_boost,fixed_sequence,0.14285714285714285,,False,0,0,,1082,0,0,0.0,,,,sonnet46
2026091227,rich_boost,bonferroni,0.14285714285714285,,False,0,0,,1082,0,0,0.0,,,,sonnet46
2026091227,rich_boost,fixed_sequence,0.2,,False,0,0,,1082,0,0,0.0,,,,sonnet46
2026091227,rich_boost,bonferroni,0.2,,False,0,0,,1082,0,0,0.0,,,,sonnet46
2026091227,rich_boost,fixed_sequence,0.25,,False,0,0,,1082,0,0,0.0,,,,sonnet46
2026091227,rich_boost,bonferroni,0.25,,False,0,0,,1082,0,0,0.0,,,,sonnet46
2026091228,raw_u,fixed_sequence,0.1,,False,0,0,,1082,0,0,0.0,,,,sonnet46
2026091228,raw_u,bonferroni,0.1,,False,0,0,,1082,0,0,0.0,,,,sonnet46
2026091228,raw_u,fixed_sequence,0.14285714285714285,,False,0,0,,1082,0,0,0.0,,,,sonnet46
2026091228,raw_u,bonferroni,0.14285714285714285,,False,0,0,,1082,0,0,0.0,,,,sonnet46
2026091228,raw_u,fixed_sequence,0.2,,False,0,0,,1082,0,0,0.0,,,,sonnet46
2026091228,raw_u,bonferroni,0.2,,False,0,0,,1082,0,0,0.0,,,,sonnet46
2026091228,raw_u,fixed_sequence,0.25,,False,0,0,,1082,0,0,0.0,,,,sonnet46
2026091228,raw_u,bonferroni,0.25,,False,0,0,,1082,0,0,0.0,,,,sonnet46
2026091228,u_boost,fixed_sequence,0.1,,False,0,0,,1082,0,0,0.0,,,,sonnet46
2026091228,u_boost,bonferroni,0.1,,False,0,0,,1082,0,0,0.0,,,,sonnet46
2026091228,u_boost,fixed_sequence,0.14285714285714285,,False,0,0,,1082,0,0,0.0,,,,sonnet46
2026091228,u_boost,bonferroni,0.14285714285714285,,False,0,0,,1082,0,0,0.0,,,,sonnet46
2026091228,u_boost,fixed_sequence,0.2,,False,0,0,,1082,0,0,0.0,,,,sonnet46
2026091228,u_boost,bonferroni,0.2,,False,0,0,,1082,0,0,0.0,,,,sonnet46
2026091228,u_boost,fixed_sequence,0.25,,False,0,0,,1082,0,0,0.0,,,,sonnet46
2026091228,u_boost,bonferroni,0.25,,False,0,0,,1082,0,0,0.0,,,,sonnet46
2026091228,rich_logistic,fixed_sequence,0.1,,False,0,0,,1082,0,0,0.0,,,,sonnet46
2026091228,rich_logistic,bonferroni,0.1,,False,0,0,,1082,0,0,0.0,,,,sonnet46
2026091228,rich_logistic,fixed_sequence,0.14285714285714285,,False,0,0,,1082,0,0,0.0,,,,sonnet46
2026091228,rich_logistic,bonferroni,0.14285714285714285,,False,0,0,,1082,0,0,0.0,,,,sonnet46
2026091228,rich_logistic,fixed_sequence,0.2,,False,0,0,,1082,0,0,0.0,,,,sonnet46
2026091228,rich_logistic,bonferroni,0.2,,False,0,0,,1082,0,0,0.0,,,,sonnet46
2026091228,rich_logistic,fixed_sequence,0.25,,False,0,0,,1082,0,0,0.0,,,,sonnet46
2026091228,rich_logistic,bonferroni,0.25,,False,0,0,,1082,0,0,0.0,,,,sonnet46
2026091228,rich_boost,fixed_sequence,0.1,,False,0,0,,1082,0,0,0.0,,,,sonnet46
2026091228,rich_boost,bonferroni,0.1,,False,0,0,,1082,0,0,0.0,,,,sonnet46
2026091228,rich_boost,fixed_sequence,0.14285714285714285,,False,0,0,,1082,0,0,0.0,,,,sonnet46
2026091228,rich_boost,bonferroni,0.14285714285714285,,False,0,0,,1082,0,0,0.0,,,,sonnet46
2026091228,rich_boost,fixed_sequence,0.2,,False,0,0,,1082,0,0,0.0,,,,sonnet46
2026091228,rich_boost,bonferroni,0.2,,False,0,0,,1082,0,0,0.0,,,,sonnet46
2026091228,rich_boost,fixed_sequence,0.25,,False,0,0,,1082,0,0,0.0,,,,sonnet46
2026091228,rich_boost,bonferroni,0.25,,False,0,0,,1082,0,0,0.0,,,,sonnet46
2026091229,raw_u,fixed_sequence,0.1,,False,0,0,,1082,0,0,0.0,,,,sonnet46
2026091229,raw_u,bonferroni,0.1,,False,0,0,,1082,0,0,0.0,,,,sonnet46
2026091229,raw_u,fixed_sequence,0.14285714285714285,,False,0,0,,1082,0,0,0.0,,,,sonnet46
2026091229,raw_u,bonferroni,0.14285714285714285,,False,0,0,,1082,0,0,0.0,,,,sonnet46
2026091229,raw_u,fixed_sequence,0.2,,False,0,0,,1082,0,0,0.0,,,,sonnet46
2026091229,raw_u,bonferroni,0.2,,False,0,0,,1082,0,0,0.0,,,,sonnet46
2026091229,raw_u,fixed_sequence,0.25,,False,0,0,,1082,0,0,0.0,,,,sonnet46
2026091229,raw_u,bonferroni,0.25,,False,0,0,,1082,0,0,0.0,,,,sonnet46
2026091229,u_boost,fixed_sequence,0.1,,False,0,0,,1082,0,0,0.0,,,,sonnet46
2026091229,u_boost,bonferroni,0.1,,False,0,0,,1082,0,0,0.0,,,,sonnet46
2026091229,u_boost,fixed_sequence,0.14285714285714285,,False,0,0,,1082,0,0,0.0,,,,sonnet46
2026091229,u_boost,bonferroni,0.14285714285714285,,False,0,0,,1082,0,0,0.0,,,,sonnet46
2026091229,u_boost,fixed_sequence,0.2,,False,0,0,,1082,0,0,0.0,,,,sonnet46
2026091229,u_boost,bonferroni,0.2,,False,0,0,,1082,0,0,0.0,,,,sonnet46
2026091229,u_boost,fixed_sequence,0.25,,False,0,0,,1082,0,0,0.0,,,,sonnet46
2026091229,u_boost,bonferroni,0.25,,False,0,0,,1082,0,0,0.0,,,,sonnet46
2026091229,rich_logistic,fixed_sequence,0.1,,False,0,0,,1082,0,0,0.0,,,,sonnet46
2026091229,rich_logistic,bonferroni,0.1,,False,0,0,,1082,0,0,0.0,,,,sonnet46
2026091229,rich_logistic,fixed_sequence,0.14285714285714285,,False,0,0,,1082,0,0,0.0,,,,sonnet46
2026091229,rich_logistic,bonferroni,0.14285714285714285,,False,0,0,,1082,0,0,0.0,,,,sonnet46
2026091229,rich_logistic,fixed_sequence,0.2,,False,0,0,,1082,0,0,0.0,,,,sonnet46
2026091229,rich_logistic,bonferroni,0.2,,False,0,0,,1082,0,0,0.0,,,,sonnet46
2026091229,rich_logistic,fixed_sequence,0.25,,False,0,0,,1082,0,0,0.0,,,,sonnet46
2026091229,rich_logistic,bonferroni,0.25,,False,0,0,,1082,0,0,0.0,,,,sonnet46
2026091229,rich_boost,fixed_sequence,0.1,,False,0,0,,1082,0,0,0.0,,,,sonnet46
2026091229,rich_boost,bonferroni,0.1,,False,0,0,,1082,0,0,0.0,,,,sonnet46
2026091229,rich_boost,fixed_sequence,0.14285714285714285,,False,0,0,,1082,0,0,0.0,,,,sonnet46
2026091229,rich_boost,bonferroni,0.14285714285714285,,False,0,0,,1082,0,0,0.0,,,,sonnet46
2026091229,rich_boost,fixed_sequence,0.2,,False,0,0,,1082,0,0,0.0,,,,sonnet46
2026091229,rich_boost,bonferroni,0.2,,False,0,0,,1082,0,0,0.0,,,,sonnet46
2026091229,rich_boost,fixed_sequence,0.25,,False,0,0,,1082,0,0,0.0,,,,sonnet46
2026091229,rich_boost,bonferroni,0.25,,False,0,0,,1082,0,0,0.0,,,,sonnet46
2026091230,raw_u,fixed_sequence,0.1,,False,0,0,,1082,0,0,0.0,,,,sonnet46
2026091230,raw_u,bonferroni,0.1,,False,0,0,,1082,0,0,0.0,,,,sonnet46
2026091230,raw_u,fixed_sequence,0.14285714285714285,,False,0,0,,1082,0,0,0.0,,,,sonnet46
2026091230,raw_u,bonferroni,0.14285714285714285,,False,0,0,,1082,0,0,0.0,,,,sonnet46
2026091230,raw_u,fixed_sequence,0.2,,False,0,0,,1082,0,0,0.0,,,,sonnet46
2026091230,raw_u,bonferroni,0.2,,False,0,0,,1082,0,0,0.0,,,,sonnet46
2026091230,raw_u,fixed_sequence,0.25,,False,0,0,,1082,0,0,0.0,,,,sonnet46
2026091230,raw_u,bonferroni,0.25,,False,0,0,,1082,0,0,0.0,,,,sonnet46
2026091230,u_boost,fixed_sequence,0.1,,False,0,0,,1082,0,0,0.0,,,,sonnet46
2026091230,u_boost,bonferroni,0.1,,False,0,0,,1082,0,0,0.0,,,,sonnet46
2026091230,u_boost,fixed_sequence,0.14285714285714285,,False,0,0,,1082,0,0,0.0,,,,sonnet46
2026091230,u_boost,bonferroni,0.14285714285714285,,False,0,0,,1082,0,0,0.0,,,,sonnet46
2026091230,u_boost,fixed_sequence,0.2,,False,0,0,,1082,0,0,0.0,,,,sonnet46
2026091230,u_boost,bonferroni,0.2,,False,0,0,,1082,0,0,0.0,,,,sonnet46
2026091230,u_boost,fixed_sequence,0.25,,False,0,0,,1082,0,0,0.0,,,,sonnet46
2026091230,u_boost,bonferroni,0.25,,False,0,0,,1082,0,0,0.0,,,,sonnet46
2026091230,rich_logistic,fixed_sequence,0.1,,False,0,0,,1082,0,0,0.0,,,,sonnet46
2026091230,rich_logistic,bonferroni,0.1,,False,0,0,,1082,0,0,0.0,,,,sonnet46
2026091230,rich_logistic,fixed_sequence,0.14285714285714285,,False,0,0,,1082,0,0,0.0,,,,sonnet46
2026091230,rich_logistic,bonferroni,0.14285714285714285,,False,0,0,,1082,0,0,0.0,,,,sonnet46
2026091230,rich_logistic,fixed_sequence,0.2,,False,0,0,,1082,0,0,0.0,,,,sonnet46
2026091230,rich_logistic,bonferroni,0.2,,False,0,0,,1082,0,0,0.0,,,,sonnet46
2026091230,rich_logistic,fixed_sequence,0.25,,False,0,0,,1082,0,0,0.0,,,,sonnet46
2026091230,rich_logistic,bonferroni,0.25,,False,0,0,,1082,0,0,0.0,,,,sonnet46
2026091230,rich_boost,fixed_sequence,0.1,,False,0,0,,1082,0,0,0.0,,,,sonnet46
2026091230,rich_boost,bonferroni,0.1,,False,0,0,,1082,0,0,0.0,,,,sonnet46
2026091230,rich_boost,fixed_sequence,0.14285714285714285,,False,0,0,,1082,0,0,0.0,,,,sonnet46
2026091230,rich_boost,bonferroni,0.14285714285714285,,False,0,0,,1082,0,0,0.0,,,,sonnet46
2026091230,rich_boost,fixed_sequence,0.2,,False,0,0,,1082,0,0,0.0,,,,sonnet46
2026091230,rich_boost,bonferroni,0.2,,False,0,0,,1082,0,0,0.0,,,,sonnet46
2026091230,rich_boost,fixed_sequence,0.25,,False,0,0,,1082,0,0,0.0,,,,sonnet46
2026091230,rich_boost,bonferroni,0.25,,False,0,0,,1082,0,0,0.0,,,,sonnet46
2026091231,raw_u,fixed_sequence,0.1,,False,0,0,,1082,0,0,0.0,,,,sonnet46
2026091231,raw_u,bonferroni,0.1,,False,0,0,,1082,0,0,0.0,,,,sonnet46
2026091231,raw_u,fixed_sequence,0.14285714285714285,,False,0,0,,1082,0,0,0.0,,,,sonnet46
2026091231,raw_u,bonferroni,0.14285714285714285,,False,0,0,,1082,0,0,0.0,,,,sonnet46
2026091231,raw_u,fixed_sequence,0.2,,False,0,0,,1082,0,0,0.0,,,,sonnet46
2026091231,raw_u,bonferroni,0.2,,False,0,0,,1082,0,0,0.0,,,,sonnet46
2026091231,raw_u,fixed_sequence,0.25,,False,0,0,,1082,0,0,0.0,,,,sonnet46
2026091231,raw_u,bonferroni,0.25,,False,0,0,,1082,0,0,0.0,,,,sonnet46
2026091231,u_boost,fixed_sequence,0.1,,False,0,0,,1082,0,0,0.0,,,,sonnet46
2026091231,u_boost,bonferroni,0.1,,False,0,0,,1082,0,0,0.0,,,,sonnet46
2026091231,u_boost,fixed_sequence,0.14285714285714285,,False,0,0,,1082,0,0,0.0,,,,sonnet46
2026091231,u_boost,bonferroni,0.14285714285714285,,False,0,0,,1082,0,0,0.0,,,,sonnet46
2026091231,u_boost,fixed_sequence,0.2,,False,0,0,,1082,0,0,0.0,,,,sonnet46
2026091231,u_boost,bonferroni,0.2,,False,0,0,,1082,0,0,0.0,,,,sonnet46
2026091231,u_boost,fixed_sequence,0.25,0.7,True,98,14,0.24068682352480672,1082,112,26,0.10351201478743069,0.23214285714285715,0.1575921766720092,0.3213537250729895,sonnet46
2026091231,u_boost,bonferroni,0.25,0.77,True,54,3,0.23364485892899756,1082,57,10,0.05268022181146026,0.17543859649122806,0.08747322881027376,0.2990576594568134,sonnet46
2026091231,rich_logistic,fixed_sequence,0.1,,False,0,0,,1082,0,0,0.0,,,,sonnet46
2026091231,rich_logistic,bonferroni,0.1,,False,0,0,,1082,0,0,0.0,,,,sonnet46
2026091231,rich_logistic,fixed_sequence,0.14285714285714285,,False,0,0,,1082,0,0,0.0,,,,sonnet46
2026091231,rich_logistic,bonferroni,0.14285714285714285,,False,0,0,,1082,0,0,0.0,,,,sonnet46
2026091231,rich_logistic,fixed_sequence,0.2,,False,0,0,,1082,0,0,0.0,,,,sonnet46
2026091231,rich_logistic,bonferroni,0.2,,False,0,0,,1082,0,0,0.0,,,,sonnet46
2026091231,rich_logistic,fixed_sequence,0.25,,False,0,0,,1082,0,0,0.0,,,,sonnet46
2026091231,rich_logistic,bonferroni,0.25,,False,0,0,,1082,0,0,0.0,,,,sonnet46
2026091231,rich_boost,fixed_sequence,0.1,,False,0,0,,1082,0,0,0.0,,,,sonnet46
2026091231,rich_boost,bonferroni,0.1,,False,0,0,,1082,0,0,0.0,,,,sonnet46
2026091231,rich_boost,fixed_sequence,0.14285714285714285,,False,0,0,,1082,0,0,0.0,,,,sonnet46
2026091231,rich_boost,bonferroni,0.14285714285714285,,False,0,0,,1082,0,0,0.0,,,,sonnet46
2026091231,rich_boost,fixed_sequence,0.2,,False,0,0,,1082,0,0,0.0,,,,sonnet46
2026091231,rich_boost,bonferroni,0.2,,False,0,0,,1082,0,0,0.0,,,,sonnet46
2026091231,rich_boost,fixed_sequence,0.25,,False,0,0,,1082,0,0,0.0,,,,sonnet46
2026091231,rich_boost,bonferroni,0.25,,False,0,0,,1082,0,0,0.0,,,,sonnet46
2026091232,raw_u,fixed_sequence,0.1,,False,0,0,,1082,0,0,0.0,,,,sonnet46
2026091232,raw_u,bonferroni,0.1,,False,0,0,,1082,0,0,0.0,,,,sonnet46
2026091232,raw_u,fixed_sequence,0.14285714285714285,,False,0,0,,1082,0,0,0.0,,,,sonnet46
2026091232,raw_u,bonferroni,0.14285714285714285,,False,0,0,,1082,0,0,0.0,,,,sonnet46
2026091232,raw_u,fixed_sequence,0.2,,False,0,0,,1082,0,0,0.0,,,,sonnet46
2026091232,raw_u,bonferroni,0.2,,False,0,0,,1082,0,0,0.0,,,,sonnet46
2026091232,raw_u,fixed_sequence,0.25,,False,0,0,,1082,0,0,0.0,,,,sonnet46
2026091232,raw_u,bonferroni,0.25,,False,0,0,,1082,0,0,0.0,,,,sonnet46
2026091232,u_boost,fixed_sequence,0.1,,False,0,0,,1082,0,0,0.0,,,,sonnet46
2026091232,u_boost,bonferroni,0.1,,False,0,0,,1082,0,0,0.0,,,,sonnet46
2026091232,u_boost,fixed_sequence,0.14285714285714285,,False,0,0,,1082,0,0,0.0,,,,sonnet46
2026091232,u_boost,bonferroni,0.14285714285714285,,False,0,0,,1082,0,0,0.0,,,,sonnet46
2026091232,u_boost,fixed_sequence,0.2,,False,0,0,,1082,0,0,0.0,,,,sonnet46
2026091232,u_boost,bonferroni,0.2,,False,0,0,,1082,0,0,0.0,,,,sonnet46
2026091232,u_boost,fixed_sequence,0.25,,False,0,0,,1082,0,0,0.0,,,,sonnet46
2026091232,u_boost,bonferroni,0.25,,False,0,0,,1082,0,0,0.0,,,,sonnet46
2026091232,rich_logistic,fixed_sequence,0.1,,False,0,0,,1082,0,0,0.0,,,,sonnet46
2026091232,rich_logistic,bonferroni,0.1,,False,0,0,,1082,0,0,0.0,,,,sonnet46
2026091232,rich_logistic,fixed_sequence,0.14285714285714285,,False,0,0,,1082,0,0,0.0,,,,sonnet46
2026091232,rich_logistic,bonferroni,0.14285714285714285,,False,0,0,,1082,0,0,0.0,,,,sonnet46
2026091232,rich_logistic,fixed_sequence,0.2,,False,0,0,,1082,0,0,0.0,,,,sonnet46
2026091232,rich_logistic,bonferroni,0.2,,False,0,0,,1082,0,0,0.0,,,,sonnet46
2026091232,rich_logistic,fixed_sequence,0.25,,False,0,0,,1082,0,0,0.0,,,,sonnet46
2026091232,rich_logistic,bonferroni,0.25,,False,0,0,,1082,0,0,0.0,,,,sonnet46
2026091232,rich_boost,fixed_sequence,0.1,,False,0,0,,1082,0,0,0.0,,,,sonnet46
2026091232,rich_boost,bonferroni,0.1,,False,0,0,,1082,0,0,0.0,,,,sonnet46
2026091232,rich_boost,fixed_sequence,0.14285714285714285,,False,0,0,,1082,0,0,0.0,,,,sonnet46
2026091232,rich_boost,bonferroni,0.14285714285714285,,False,0,0,,1082,0,0,0.0,,,,sonnet46
2026091232,rich_boost,fixed_sequence,0.2,,False,0,0,,1082,0,0,0.0,,,,sonnet46
2026091232,rich_boost,bonferroni,0.2,,False,0,0,,1082,0,0,0.0,,,,sonnet46
2026091232,rich_boost,fixed_sequence,0.25,,False,0,0,,1082,0,0,0.0,,,,sonnet46
2026091232,rich_boost,bonferroni,0.25,,False,0,0,,1082,0,0,0.0,,,,sonnet46
2026091233,raw_u,fixed_sequence,0.1,,False,0,0,,1082,0,0,0.0,,,,sonnet46
2026091233,raw_u,bonferroni,0.1,,False,0,0,,1082,0,0,0.0,,,,sonnet46
2026091233,raw_u,fixed_sequence,0.14285714285714285,,False,0,0,,1082,0,0,0.0,,,,sonnet46
2026091233,raw_u,bonferroni,0.14285714285714285,,False,0,0,,1082,0,0,0.0,,,,sonnet46
2026091233,raw_u,fixed_sequence,0.2,,False,0,0,,1082,0,0,0.0,,,,sonnet46
2026091233,raw_u,bonferroni,0.2,,False,0,0,,1082,0,0,0.0,,,,sonnet46
2026091233,raw_u,fixed_sequence,0.25,,False,0,0,,1082,0,0,0.0,,,,sonnet46
2026091233,raw_u,bonferroni,0.25,,False,0,0,,1082,0,0,0.0,,,,sonnet46
2026091233,u_boost,fixed_sequence,0.1,,False,0,0,,1082,0,0,0.0,,,,sonnet46
2026091233,u_boost,bonferroni,0.1,,False,0,0,,1082,0,0,0.0,,,,sonnet46
2026091233,u_boost,fixed_sequence,0.14285714285714285,,False,0,0,,1082,0,0,0.0,,,,sonnet46
2026091233,u_boost,bonferroni,0.14285714285714285,,False,0,0,,1082,0,0,0.0,,,,sonnet46
2026091233,u_boost,fixed_sequence,0.2,,False,0,0,,1082,0,0,0.0,,,,sonnet46
2026091233,u_boost,bonferroni,0.2,,False,0,0,,1082,0,0,0.0,,,,sonnet46
2026091233,u_boost,fixed_sequence,0.25,,False,0,0,,1082,0,0,0.0,,,,sonnet46
2026091233,u_boost,bonferroni,0.25,,False,0,0,,1082,0,0,0.0,,,,sonnet46
2026091233,rich_logistic,fixed_sequence,0.1,,False,0,0,,1082,0,0,0.0,,,,sonnet46
2026091233,rich_logistic,bonferroni,0.1,,False,0,0,,1082,0,0,0.0,,,,sonnet46
2026091233,rich_logistic,fixed_sequence,0.14285714285714285,,False,0,0,,1082,0,0,0.0,,,,sonnet46
2026091233,rich_logistic,bonferroni,0.14285714285714285,,False,0,0,,1082,0,0,0.0,,,,sonnet46
2026091233,rich_logistic,fixed_sequence,0.2,,False,0,0,,1082,0,0,0.0,,,,sonnet46
2026091233,rich_logistic,bonferroni,0.2,,False,0,0,,1082,0,0,0.0,,,,sonnet46
2026091233,rich_logistic,fixed_sequence,0.25,,False,0,0,,1082,0,0,0.0,,,,sonnet46
2026091233,rich_logistic,bonferroni,0.25,,False,0,0,,1082,0,0,0.0,,,,sonnet46
2026091233,rich_boost,fixed_sequence,0.1,,False,0,0,,1082,0,0,0.0,,,,sonnet46
2026091233,rich_boost,bonferroni,0.1,,False,0,0,,1082,0,0,0.0,,,,sonnet46
2026091233,rich_boost,fixed_sequence,0.14285714285714285,,False,0,0,,1082,0,0,0.0,,,,sonnet46
2026091233,rich_boost,bonferroni,0.14285714285714285,,False,0,0,,1082,0,0,0.0,,,,sonnet46
2026091233,rich_boost,fixed_sequence,0.2,,False,0,0,,1082,0,0,0.0,,,,sonnet46
2026091233,rich_boost,bonferroni,0.2,,False,0,0,,1082,0,0,0.0,,,,sonnet46
2026091233,rich_boost,fixed_sequence,0.25,,False,0,0,,1082,0,0,0.0,,,,sonnet46
2026091233,rich_boost,bonferroni,0.25,,False,0,0,,1082,0,0,0.0,,,,sonnet46
2026091234,raw_u,fixed_sequence,0.1,,False,0,0,,1082,0,0,0.0,,,,sonnet46
2026091234,raw_u,bonferroni,0.1,,False,0,0,,1082,0,0,0.0,,,,sonnet46
2026091234,raw_u,fixed_sequence,0.14285714285714285,,False,0,0,,1082,0,0,0.0,,,,sonnet46
2026091234,raw_u,bonferroni,0.14285714285714285,,False,0,0,,1082,0,0,0.0,,,,sonnet46
2026091234,raw_u,fixed_sequence,0.2,,False,0,0,,1082,0,0,0.0,,,,sonnet46
2026091234,raw_u,bonferroni,0.2,,False,0,0,,1082,0,0,0.0,,,,sonnet46
2026091234,raw_u,fixed_sequence,0.25,,False,0,0,,1082,0,0,0.0,,,,sonnet46
2026091234,raw_u,bonferroni,0.25,,False,0,0,,1082,0,0,0.0,,,,sonnet46
2026091234,u_boost,fixed_sequence,0.1,,False,0,0,,1082,0,0,0.0,,,,sonnet46
2026091234,u_boost,bonferroni,0.1,,False,0,0,,1082,0,0,0.0,,,,sonnet46
2026091234,u_boost,fixed_sequence,0.14285714285714285,,False,0,0,,1082,0,0,0.0,,,,sonnet46
2026091234,u_boost,bonferroni,0.14285714285714285,,False,0,0,,1082,0,0,0.0,,,,sonnet46
2026091234,u_boost,fixed_sequence,0.2,,False,0,0,,1082,0,0,0.0,,,,sonnet46
2026091234,u_boost,bonferroni,0.2,,False,0,0,,1082,0,0,0.0,,,,sonnet46
2026091234,u_boost,fixed_sequence,0.25,,False,0,0,,1082,0,0,0.0,,,,sonnet46
2026091234,u_boost,bonferroni,0.25,,False,0,0,,1082,0,0,0.0,,,,sonnet46
2026091234,rich_logistic,fixed_sequence,0.1,,False,0,0,,1082,0,0,0.0,,,,sonnet46
2026091234,rich_logistic,bonferroni,0.1,,False,0,0,,1082,0,0,0.0,,,,sonnet46
2026091234,rich_logistic,fixed_sequence,0.14285714285714285,,False,0,0,,1082,0,0,0.0,,,,sonnet46
2026091234,rich_logistic,bonferroni,0.14285714285714285,,False,0,0,,1082,0,0,0.0,,,,sonnet46
2026091234,rich_logistic,fixed_sequence,0.2,,False,0,0,,1082,0,0,0.0,,,,sonnet46
2026091234,rich_logistic,bonferroni,0.2,,False,0,0,,1082,0,0,0.0,,,,sonnet46
2026091234,rich_logistic,fixed_sequence,0.25,,False,0,0,,1082,0,0,0.0,,,,sonnet46
2026091234,rich_logistic,bonferroni,0.25,,False,0,0,,1082,0,0,0.0,,,,sonnet46
2026091234,rich_boost,fixed_sequence,0.1,,False,0,0,,1082,0,0,0.0,,,,sonnet46
2026091234,rich_boost,bonferroni,0.1,,False,0,0,,1082,0,0,0.0,,,,sonnet46
2026091234,rich_boost,fixed_sequence,0.14285714285714285,,False,0,0,,1082,0,0,0.0,,,,sonnet46
2026091234,rich_boost,bonferroni,0.14285714285714285,,False,0,0,,1082,0,0,0.0,,,,sonnet46
2026091234,rich_boost,fixed_sequence,0.2,,False,0,0,,1082,0,0,0.0,,,,sonnet46
2026091234,rich_boost,bonferroni,0.2,,False,0,0,,1082,0,0,0.0,,,,sonnet46
2026091234,rich_boost,fixed_sequence,0.25,,False,0,0,,1082,0,0,0.0,,,,sonnet46
2026091234,rich_boost,bonferroni,0.25,,False,0,0,,1082,0,0,0.0,,,,sonnet46
2026091235,raw_u,fixed_sequence,0.1,,False,0,0,,1082,0,0,0.0,,,,sonnet46
2026091235,raw_u,bonferroni,0.1,,False,0,0,,1082,0,0,0.0,,,,sonnet46
2026091235,raw_u,fixed_sequence,0.14285714285714285,,False,0,0,,1082,0,0,0.0,,,,sonnet46
2026091235,raw_u,bonferroni,0.14285714285714285,,False,0,0,,1082,0,0,0.0,,,,sonnet46
2026091235,raw_u,fixed_sequence,0.2,,False,0,0,,1082,0,0,0.0,,,,sonnet46
2026091235,raw_u,bonferroni,0.2,,False,0,0,,1082,0,0,0.0,,,,sonnet46
2026091235,raw_u,fixed_sequence,0.25,,False,0,0,,1082,0,0,0.0,,,,sonnet46
2026091235,raw_u,bonferroni,0.25,,False,0,0,,1082,0,0,0.0,,,,sonnet46
2026091235,u_boost,fixed_sequence,0.1,,False,0,0,,1082,0,0,0.0,,,,sonnet46
2026091235,u_boost,bonferroni,0.1,,False,0,0,,1082,0,0,0.0,,,,sonnet46
2026091235,u_boost,fixed_sequence,0.14285714285714285,,False,0,0,,1082,0,0,0.0,,,,sonnet46
2026091235,u_boost,bonferroni,0.14285714285714285,,False,0,0,,1082,0,0,0.0,,,,sonnet46
2026091235,u_boost,fixed_sequence,0.2,,False,0,0,,1082,0,0,0.0,,,,sonnet46
2026091235,u_boost,bonferroni,0.2,,False,0,0,,1082,0,0,0.0,,,,sonnet46
2026091235,u_boost,fixed_sequence,0.25,,False,0,0,,1082,0,0,0.0,,,,sonnet46
2026091235,u_boost,bonferroni,0.25,,False,0,0,,1082,0,0,0.0,,,,sonnet46
2026091235,rich_logistic,fixed_sequence,0.1,,False,0,0,,1082,0,0,0.0,,,,sonnet46
2026091235,rich_logistic,bonferroni,0.1,,False,0,0,,1082,0,0,0.0,,,,sonnet46
2026091235,rich_logistic,fixed_sequence,0.14285714285714285,,False,0,0,,1082,0,0,0.0,,,,sonnet46
2026091235,rich_logistic,bonferroni,0.14285714285714285,,False,0,0,,1082,0,0,0.0,,,,sonnet46
2026091235,rich_logistic,fixed_sequence,0.2,,False,0,0,,1082,0,0,0.0,,,,sonnet46
2026091235,rich_logistic,bonferroni,0.2,,False,0,0,,1082,0,0,0.0,,,,sonnet46
2026091235,rich_logistic,fixed_sequence,0.25,,False,0,0,,1082,0,0,0.0,,,,sonnet46
2026091235,rich_logistic,bonferroni,0.25,,False,0,0,,1082,0,0,0.0,,,,sonnet46
2026091235,rich_boost,fixed_sequence,0.1,,False,0,0,,1082,0,0,0.0,,,,sonnet46
2026091235,rich_boost,bonferroni,0.1,,False,0,0,,1082,0,0,0.0,,,,sonnet46
2026091235,rich_boost,fixed_sequence,0.14285714285714285,,False,0,0,,1082,0,0,0.0,,,,sonnet46
2026091235,rich_boost,bonferroni,0.14285714285714285,,False,0,0,,1082,0,0,0.0,,,,sonnet46
2026091235,rich_boost,fixed_sequence,0.2,,False,0,0,,1082,0,0,0.0,,,,sonnet46
2026091235,rich_boost,bonferroni,0.2,,False,0,0,,1082,0,0,0.0,,,,sonnet46
2026091235,rich_boost,fixed_sequence,0.25,,False,0,0,,1082,0,0,0.0,,,,sonnet46
2026091235,rich_boost,bonferroni,0.25,,False,0,0,,1082,0,0,0.0,,,,sonnet46
2026091236,raw_u,fixed_sequence,0.1,,False,0,0,,1082,0,0,0.0,,,,sonnet46
2026091236,raw_u,bonferroni,0.1,,False,0,0,,1082,0,0,0.0,,,,sonnet46
2026091236,raw_u,fixed_sequence,0.14285714285714285,,False,0,0,,1082,0,0,0.0,,,,sonnet46
2026091236,raw_u,bonferroni,0.14285714285714285,,False,0,0,,1082,0,0,0.0,,,,sonnet46
2026091236,raw_u,fixed_sequence,0.2,,False,0,0,,1082,0,0,0.0,,,,sonnet46
2026091236,raw_u,bonferroni,0.2,,False,0,0,,1082,0,0,0.0,,,,sonnet46
2026091236,raw_u,fixed_sequence,0.25,0.8571428571428571,True,48,5,0.24505752860301963,1082,40,7,0.036968576709796676,0.175,0.07338272935208517,0.32779013336158586,sonnet46
2026091236,raw_u,bonferroni,0.25,,False,0,0,,1082,0,0,0.0,,,,sonnet46
2026091236,u_boost,fixed_sequence,0.1,,False,0,0,,1082,0,0,0.0,,,,sonnet46
2026091236,u_boost,bonferroni,0.1,,False,0,0,,1082,0,0,0.0,,,,sonnet46
2026091236,u_boost,fixed_sequence,0.14285714285714285,,False,0,0,,1082,0,0,0.0,,,,sonnet46
2026091236,u_boost,bonferroni,0.14285714285714285,,False,0,0,,1082,0,0,0.0,,,,sonnet46
2026091236,u_boost,fixed_sequence,0.2,,False,0,0,,1082,0,0,0.0,,,,sonnet46
2026091236,u_boost,bonferroni,0.2,,False,0,0,,1082,0,0,0.0,,,,sonnet46
2026091236,u_boost,fixed_sequence,0.25,0.81,True,48,5,0.24505752860301963,1082,40,7,0.036968576709796676,0.175,0.07338272935208517,0.32779013336158586,sonnet46
2026091236,u_boost,bonferroni,0.25,,False,0,0,,1082,0,0,0.0,,,,sonnet46
2026091236,rich_logistic,fixed_sequence,0.1,,False,0,0,,1082,0,0,0.0,,,,sonnet46
2026091236,rich_logistic,bonferroni,0.1,,False,0,0,,1082,0,0,0.0,,,,sonnet46
2026091236,rich_logistic,fixed_sequence,0.14285714285714285,,False,0,0,,1082,0,0,0.0,,,,sonnet46
2026091236,rich_logistic,bonferroni,0.14285714285714285,,False,0,0,,1082,0,0,0.0,,,,sonnet46
2026091236,rich_logistic,fixed_sequence,0.2,,False,0,0,,1082,0,0,0.0,,,,sonnet46
2026091236,rich_logistic,bonferroni,0.2,,False,0,0,,1082,0,0,0.0,,,,sonnet46
2026091236,rich_logistic,fixed_sequence,0.25,0.8,True,23,1,0.24709465049224508,1082,17,1,0.015711645101663587,0.058823529411764705,0.0014881743912666346,0.2868893966672207,sonnet46
2026091236,rich_logistic,bonferroni,0.25,,False,0,0,,1082,0,0,0.0,,,,sonnet46
2026091236,rich_boost,fixed_sequence,0.1,,False,0,0,,1082,0,0,0.0,,,,sonnet46
2026091236,rich_boost,bonferroni,0.1,,False,0,0,,1082,0,0,0.0,,,,sonnet46
2026091236,rich_boost,fixed_sequence,0.14285714285714285,,False,0,0,,1082,0,0,0.0,,,,sonnet46
2026091236,rich_boost,bonferroni,0.14285714285714285,,False,0,0,,1082,0,0,0.0,,,,sonnet46
2026091236,rich_boost,fixed_sequence,0.2,,False,0,0,,1082,0,0,0.0,,,,sonnet46
2026091236,rich_boost,bonferroni,0.2,,False,0,0,,1082,0,0,0.0,,,,sonnet46
2026091236,rich_boost,fixed_sequence,0.25,,False,0,0,,1082,0,0,0.0,,,,sonnet46
2026091236,rich_boost,bonferroni,0.25,,False,0,0,,1082,0,0,0.0,,,,sonnet46
2026091237,raw_u,fixed_sequence,0.1,,False,0,0,,1082,0,0,0.0,,,,sonnet46
2026091237,raw_u,bonferroni,0.1,,False,0,0,,1082,0,0,0.0,,,,sonnet46
2026091237,raw_u,fixed_sequence,0.14285714285714285,,False,0,0,,1082,0,0,0.0,,,,sonnet46
2026091237,raw_u,bonferroni,0.14285714285714285,,False,0,0,,1082,0,0,0.0,,,,sonnet46
2026091237,raw_u,fixed_sequence,0.2,,False,0,0,,1082,0,0,0.0,,,,sonnet46
2026091237,raw_u,bonferroni,0.2,,False,0,0,,1082,0,0,0.0,,,,sonnet46
2026091237,raw_u,fixed_sequence,0.25,,False,0,0,,1082,0,0,0.0,,,,sonnet46
2026091237,raw_u,bonferroni,0.25,,False,0,0,,1082,0,0,0.0,,,,sonnet46
2026091237,u_boost,fixed_sequence,0.1,,False,0,0,,1082,0,0,0.0,,,,sonnet46
2026091237,u_boost,bonferroni,0.1,,False,0,0,,1082,0,0,0.0,,,,sonnet46
2026091237,u_boost,fixed_sequence,0.14285714285714285,,False,0,0,,1082,0,0,0.0,,,,sonnet46
2026091237,u_boost,bonferroni,0.14285714285714285,,False,0,0,,1082,0,0,0.0,,,,sonnet46
2026091237,u_boost,fixed_sequence,0.2,,False,0,0,,1082,0,0,0.0,,,,sonnet46
2026091237,u_boost,bonferroni,0.2,,False,0,0,,1082,0,0,0.0,,,,sonnet46
2026091237,u_boost,fixed_sequence,0.25,,False,0,0,,1082,0,0,0.0,,,,sonnet46
2026091237,u_boost,bonferroni,0.25,,False,0,0,,1082,0,0,0.0,,,,sonnet46
2026091237,rich_logistic,fixed_sequence,0.1,,False,0,0,,1082,0,0,0.0,,,,sonnet46
2026091237,rich_logistic,bonferroni,0.1,,False,0,0,,1082,0,0,0.0,,,,sonnet46
2026091237,rich_logistic,fixed_sequence,0.14285714285714285,,False,0,0,,1082,0,0,0.0,,,,sonnet46
2026091237,rich_logistic,bonferroni,0.14285714285714285,,False,0,0,,1082,0,0,0.0,,,,sonnet46
2026091237,rich_logistic,fixed_sequence,0.2,,False,0,0,,1082,0,0,0.0,,,,sonnet46
2026091237,rich_logistic,bonferroni,0.2,,False,0,0,,1082,0,0,0.0,,,,sonnet46
2026091237,rich_logistic,fixed_sequence,0.25,,False,0,0,,1082,0,0,0.0,,,,sonnet46
2026091237,rich_logistic,bonferroni,0.25,,False,0,0,,1082,0,0,0.0,,,,sonnet46
2026091237,rich_boost,fixed_sequence,0.1,,False,0,0,,1082,0,0,0.0,,,,sonnet46
2026091237,rich_boost,bonferroni,0.1,,False,0,0,,1082,0,0,0.0,,,,sonnet46
2026091237,rich_boost,fixed_sequence,0.14285714285714285,,False,0,0,,1082,0,0,0.0,,,,sonnet46
2026091237,rich_boost,bonferroni,0.14285714285714285,,False,0,0,,1082,0,0,0.0,,,,sonnet46
2026091237,rich_boost,fixed_sequence,0.2,,False,0,0,,1082,0,0,0.0,,,,sonnet46
2026091237,rich_boost,bonferroni,0.2,,False,0,0,,1082,0,0,0.0,,,,sonnet46
2026091237,rich_boost,fixed_sequence,0.25,,False,0,0,,1082,0,0,0.0,,,,sonnet46
2026091237,rich_boost,bonferroni,0.25,,False,0,0,,1082,0,0,0.0,,,,sonnet46
2026091238,raw_u,fixed_sequence,0.1,,False,0,0,,1082,0,0,0.0,,,,sonnet46
2026091238,raw_u,bonferroni,0.1,,False,0,0,,1082,0,0,0.0,,,,sonnet46
2026091238,raw_u,fixed_sequence,0.14285714285714285,,False,0,0,,1082,0,0,0.0,,,,sonnet46
2026091238,raw_u,bonferroni,0.14285714285714285,,False,0,0,,1082,0,0,0.0,,,,sonnet46
2026091238,raw_u,fixed_sequence,0.2,,False,0,0,,1082,0,0,0.0,,,,sonnet46
2026091238,raw_u,bonferroni,0.2,,False,0,0,,1082,0,0,0.0,,,,sonnet46
2026091238,raw_u,fixed_sequence,0.25,,False,0,0,,1082,0,0,0.0,,,,sonnet46
2026091238,raw_u,bonferroni,0.25,,False,0,0,,1082,0,0,0.0,,,,sonnet46
2026091238,u_boost,fixed_sequence,0.1,,False,0,0,,1082,0,0,0.0,,,,sonnet46
2026091238,u_boost,bonferroni,0.1,,False,0,0,,1082,0,0,0.0,,,,sonnet46
2026091238,u_boost,fixed_sequence,0.14285714285714285,,False,0,0,,1082,0,0,0.0,,,,sonnet46
2026091238,u_boost,bonferroni,0.14285714285714285,,False,0,0,,1082,0,0,0.0,,,,sonnet46
2026091238,u_boost,fixed_sequence,0.2,,False,0,0,,1082,0,0,0.0,,,,sonnet46
2026091238,u_boost,bonferroni,0.2,,False,0,0,,1082,0,0,0.0,,,,sonnet46
2026091238,u_boost,fixed_sequence,0.25,,False,0,0,,1082,0,0,0.0,,,,sonnet46
2026091238,u_boost,bonferroni,0.25,,False,0,0,,1082,0,0,0.0,,,,sonnet46
2026091238,rich_logistic,fixed_sequence,0.1,,False,0,0,,1082,0,0,0.0,,,,sonnet46
2026091238,rich_logistic,bonferroni,0.1,,False,0,0,,1082,0,0,0.0,,,,sonnet46
2026091238,rich_logistic,fixed_sequence,0.14285714285714285,,False,0,0,,1082,0,0,0.0,,,,sonnet46
2026091238,rich_logistic,bonferroni,0.14285714285714285,,False,0,0,,1082,0,0,0.0,,,,sonnet46
2026091238,rich_logistic,fixed_sequence,0.2,,False,0,0,,1082,0,0,0.0,,,,sonnet46
2026091238,rich_logistic,bonferroni,0.2,,False,0,0,,1082,0,0,0.0,,,,sonnet46
2026091238,rich_logistic,fixed_sequence,0.25,,False,0,0,,1082,0,0,0.0,,,,sonnet46
2026091238,rich_logistic,bonferroni,0.25,,False,0,0,,1082,0,0,0.0,,,,sonnet46
2026091238,rich_boost,fixed_sequence,0.1,,False,0,0,,1082,0,0,0.0,,,,sonnet46
2026091238,rich_boost,bonferroni,0.1,,False,0,0,,1082,0,0,0.0,,,,sonnet46
2026091238,rich_boost,fixed_sequence,0.14285714285714285,,False,0,0,,1082,0,0,0.0,,,,sonnet46
2026091238,rich_boost,bonferroni,0.14285714285714285,,False,0,0,,1082,0,0,0.0,,,,sonnet46
2026091238,rich_boost,fixed_sequence,0.2,,False,0,0,,1082,0,0,0.0,,,,sonnet46
2026091238,rich_boost,bonferroni,0.2,,False,0,0,,1082,0,0,0.0,,,,sonnet46
2026091238,rich_boost,fixed_sequence,0.25,,False,0,0,,1082,0,0,0.0,,,,sonnet46
2026091238,rich_boost,bonferroni,0.25,,False,0,0,,1082,0,0,0.0,,,,sonnet46
2026091239,raw_u,fixed_sequence,0.1,,False,0,0,,1082,0,0,0.0,,,,sonnet46
2026091239,raw_u,bonferroni,0.1,,False,0,0,,1082,0,0,0.0,,,,sonnet46
2026091239,raw_u,fixed_sequence,0.14285714285714285,,False,0,0,,1082,0,0,0.0,,,,sonnet46
2026091239,raw_u,bonferroni,0.14285714285714285,,False,0,0,,1082,0,0,0.0,,,,sonnet46
2026091239,raw_u,fixed_sequence,0.2,,False,0,0,,1082,0,0,0.0,,,,sonnet46
2026091239,raw_u,bonferroni,0.2,,False,0,0,,1082,0,0,0.0,,,,sonnet46
2026091239,raw_u,fixed_sequence,0.25,,False,0,0,,1082,0,0,0.0,,,,sonnet46
2026091239,raw_u,bonferroni,0.25,,False,0,0,,1082,0,0,0.0,,,,sonnet46
2026091239,u_boost,fixed_sequence,0.1,,False,0,0,,1082,0,0,0.0,,,,sonnet46
2026091239,u_boost,bonferroni,0.1,,False,0,0,,1082,0,0,0.0,,,,sonnet46
2026091239,u_boost,fixed_sequence,0.14285714285714285,,False,0,0,,1082,0,0,0.0,,,,sonnet46
2026091239,u_boost,bonferroni,0.14285714285714285,,False,0,0,,1082,0,0,0.0,,,,sonnet46
2026091239,u_boost,fixed_sequence,0.2,,False,0,0,,1082,0,0,0.0,,,,sonnet46
2026091239,u_boost,bonferroni,0.2,,False,0,0,,1082,0,0,0.0,,,,sonnet46
2026091239,u_boost,fixed_sequence,0.25,,False,0,0,,1082,0,0,0.0,,,,sonnet46
2026091239,u_boost,bonferroni,0.25,,False,0,0,,1082,0,0,0.0,,,,sonnet46
2026091239,rich_logistic,fixed_sequence,0.1,,False,0,0,,1082,0,0,0.0,,,,sonnet46
2026091239,rich_logistic,bonferroni,0.1,,False,0,0,,1082,0,0,0.0,,,,sonnet46
2026091239,rich_logistic,fixed_sequence,0.14285714285714285,,False,0,0,,1082,0,0,0.0,,,,sonnet46
2026091239,rich_logistic,bonferroni,0.14285714285714285,,False,0,0,,1082,0,0,0.0,,,,sonnet46
2026091239,rich_logistic,fixed_sequence,0.2,,False,0,0,,1082,0,0,0.0,,,,sonnet46
2026091239,rich_logistic,bonferroni,0.2,,False,0,0,,1082,0,0,0.0,,,,sonnet46
2026091239,rich_logistic,fixed_sequence,0.25,,False,0,0,,1082,0,0,0.0,,,,sonnet46
2026091239,rich_logistic,bonferroni,0.25,,False,0,0,,1082,0,0,0.0,,,,sonnet46
2026091239,rich_boost,fixed_sequence,0.1,,False,0,0,,1082,0,0,0.0,,,,sonnet46
2026091239,rich_boost,bonferroni,0.1,,False,0,0,,1082,0,0,0.0,,,,sonnet46
2026091239,rich_boost,fixed_sequence,0.14285714285714285,,False,0,0,,1082,0,0,0.0,,,,sonnet46
2026091239,rich_boost,bonferroni,0.14285714285714285,,False,0,0,,1082,0,0,0.0,,,,sonnet46
2026091239,rich_boost,fixed_sequence,0.2,,False,0,0,,1082,0,0,0.0,,,,sonnet46
2026091239,rich_boost,bonferroni,0.2,,False,0,0,,1082,0,0,0.0,,,,sonnet46
2026091239,rich_boost,fixed_sequence,0.25,,False,0,0,,1082,0,0,0.0,,,,sonnet46
2026091239,rich_boost,bonferroni,0.25,,False,0,0,,1082,0,0,0.0,,,,sonnet46
2026091240,raw_u,fixed_sequence,0.1,,False,0,0,,1082,0,0,0.0,,,,sonnet46
2026091240,raw_u,bonferroni,0.1,,False,0,0,,1082,0,0,0.0,,,,sonnet46
2026091240,raw_u,fixed_sequence,0.14285714285714285,,False,0,0,,1082,0,0,0.0,,,,sonnet46
2026091240,raw_u,bonferroni,0.14285714285714285,,False,0,0,,1082,0,0,0.0,,,,sonnet46
2026091240,raw_u,fixed_sequence,0.2,,False,0,0,,1082,0,0,0.0,,,,sonnet46
2026091240,raw_u,bonferroni,0.2,,False,0,0,,1082,0,0,0.0,,,,sonnet46
2026091240,raw_u,fixed_sequence,0.25,,False,0,0,,1082,0,0,0.0,,,,sonnet46
2026091240,raw_u,bonferroni,0.25,,False,0,0,,1082,0,0,0.0,,,,sonnet46
2026091240,u_boost,fixed_sequence,0.1,,False,0,0,,1082,0,0,0.0,,,,sonnet46
2026091240,u_boost,bonferroni,0.1,,False,0,0,,1082,0,0,0.0,,,,sonnet46
2026091240,u_boost,fixed_sequence,0.14285714285714285,,False,0,0,,1082,0,0,0.0,,,,sonnet46
2026091240,u_boost,bonferroni,0.14285714285714285,,False,0,0,,1082,0,0,0.0,,,,sonnet46
2026091240,u_boost,fixed_sequence,0.2,,False,0,0,,1082,0,0,0.0,,,,sonnet46
2026091240,u_boost,bonferroni,0.2,,False,0,0,,1082,0,0,0.0,,,,sonnet46
2026091240,u_boost,fixed_sequence,0.25,,False,0,0,,1082,0,0,0.0,,,,sonnet46
2026091240,u_boost,bonferroni,0.25,,False,0,0,,1082,0,0,0.0,,,,sonnet46
2026091240,rich_logistic,fixed_sequence,0.1,,False,0,0,,1082,0,0,0.0,,,,sonnet46
2026091240,rich_logistic,bonferroni,0.1,,False,0,0,,1082,0,0,0.0,,,,sonnet46
2026091240,rich_logistic,fixed_sequence,0.14285714285714285,,False,0,0,,1082,0,0,0.0,,,,sonnet46
2026091240,rich_logistic,bonferroni,0.14285714285714285,,False,0,0,,1082,0,0,0.0,,,,sonnet46
2026091240,rich_logistic,fixed_sequence,0.2,,False,0,0,,1082,0,0,0.0,,,,sonnet46
2026091240,rich_logistic,bonferroni,0.2,,False,0,0,,1082,0,0,0.0,,,,sonnet46
2026091240,rich_logistic,fixed_sequence,0.25,,False,0,0,,1082,0,0,0.0,,,,sonnet46
2026091240,rich_logistic,bonferroni,0.25,,False,0,0,,1082,0,0,0.0,,,,sonnet46
2026091240,rich_boost,fixed_sequence,0.1,,False,0,0,,1082,0,0,0.0,,,,sonnet46
2026091240,rich_boost,bonferroni,0.1,,False,0,0,,1082,0,0,0.0,,,,sonnet46
2026091240,rich_boost,fixed_sequence,0.14285714285714285,,False,0,0,,1082,0,0,0.0,,,,sonnet46
2026091240,rich_boost,bonferroni,0.14285714285714285,,False,0,0,,1082,0,0,0.0,,,,sonnet46
2026091240,rich_boost,fixed_sequence,0.2,,False,0,0,,1082,0,0,0.0,,,,sonnet46
2026091240,rich_boost,bonferroni,0.2,,False,0,0,,1082,0,0,0.0,,,,sonnet46
2026091240,rich_boost,fixed_sequence,0.25,,False,0,0,,1082,0,0,0.0,,,,sonnet46
2026091240,rich_boost,bonferroni,0.25,,False,0,0,,1082,0,0,0.0,,,,sonnet46
2026091241,raw_u,fixed_sequence,0.1,,False,0,0,,1082,0,0,0.0,,,,sonnet46
2026091241,raw_u,bonferroni,0.1,,False,0,0,,1082,0,0,0.0,,,,sonnet46
2026091241,raw_u,fixed_sequence,0.14285714285714285,,False,0,0,,1082,0,0,0.0,,,,sonnet46
2026091241,raw_u,bonferroni,0.14285714285714285,,False,0,0,,1082,0,0,0.0,,,,sonnet46
2026091241,raw_u,fixed_sequence,0.2,,False,0,0,,1082,0,0,0.0,,,,sonnet46
2026091241,raw_u,bonferroni,0.2,,False,0,0,,1082,0,0,0.0,,,,sonnet46
2026091241,raw_u,fixed_sequence,0.25,,False,0,0,,1082,0,0,0.0,,,,sonnet46
2026091241,raw_u,bonferroni,0.25,,False,0,0,,1082,0,0,0.0,,,,sonnet46
2026091241,u_boost,fixed_sequence,0.1,,False,0,0,,1082,0,0,0.0,,,,sonnet46
2026091241,u_boost,bonferroni,0.1,,False,0,0,,1082,0,0,0.0,,,,sonnet46
2026091241,u_boost,fixed_sequence,0.14285714285714285,,False,0,0,,1082,0,0,0.0,,,,sonnet46
2026091241,u_boost,bonferroni,0.14285714285714285,,False,0,0,,1082,0,0,0.0,,,,sonnet46
2026091241,u_boost,fixed_sequence,0.2,,False,0,0,,1082,0,0,0.0,,,,sonnet46
2026091241,u_boost,bonferroni,0.2,,False,0,0,,1082,0,0,0.0,,,,sonnet46
2026091241,u_boost,fixed_sequence,0.25,,False,0,0,,1082,0,0,0.0,,,,sonnet46
2026091241,u_boost,bonferroni,0.25,,False,0,0,,1082,0,0,0.0,,,,sonnet46
2026091241,rich_logistic,fixed_sequence,0.1,,False,0,0,,1082,0,0,0.0,,,,sonnet46
2026091241,rich_logistic,bonferroni,0.1,,False,0,0,,1082,0,0,0.0,,,,sonnet46
2026091241,rich_logistic,fixed_sequence,0.14285714285714285,,False,0,0,,1082,0,0,0.0,,,,sonnet46
2026091241,rich_logistic,bonferroni,0.14285714285714285,,False,0,0,,1082,0,0,0.0,,,,sonnet46
2026091241,rich_logistic,fixed_sequence,0.2,,False,0,0,,1082,0,0,0.0,,,,sonnet46
2026091241,rich_logistic,bonferroni,0.2,,False,0,0,,1082,0,0,0.0,,,,sonnet46
2026091241,rich_logistic,fixed_sequence,0.25,,False,0,0,,1082,0,0,0.0,,,,sonnet46
2026091241,rich_logistic,bonferroni,0.25,,False,0,0,,1082,0,0,0.0,,,,sonnet46
2026091241,rich_boost,fixed_sequence,0.1,,False,0,0,,1082,0,0,0.0,,,,sonnet46
2026091241,rich_boost,bonferroni,0.1,,False,0,0,,1082,0,0,0.0,,,,sonnet46
2026091241,rich_boost,fixed_sequence,0.14285714285714285,,False,0,0,,1082,0,0,0.0,,,,sonnet46
2026091241,rich_boost,bonferroni,0.14285714285714285,,False,0,0,,1082,0,0,0.0,,,,sonnet46
2026091241,rich_boost,fixed_sequence,0.2,,False,0,0,,1082,0,0,0.0,,,,sonnet46
2026091241,rich_boost,bonferroni,0.2,,False,0,0,,1082,0,0,0.0,,,,sonnet46
2026091241,rich_boost,fixed_sequence,0.25,,False,0,0,,1082,0,0,0.0,,,,sonnet46
2026091241,rich_boost,bonferroni,0.25,,False,0,0,,1082,0,0,0.0,,,,sonnet46
2026091242,raw_u,fixed_sequence,0.1,,False,0,0,,1082,0,0,0.0,,,,sonnet46
2026091242,raw_u,bonferroni,0.1,,False,0,0,,1082,0,0,0.0,,,,sonnet46
2026091242,raw_u,fixed_sequence,0.14285714285714285,,False,0,0,,1082,0,0,0.0,,,,sonnet46
2026091242,raw_u,bonferroni,0.14285714285714285,,False,0,0,,1082,0,0,0.0,,,,sonnet46
2026091242,raw_u,fixed_sequence,0.2,,False,0,0,,1082,0,0,0.0,,,,sonnet46
2026091242,raw_u,bonferroni,0.2,,False,0,0,,1082,0,0,0.0,,,,sonnet46
2026091242,raw_u,fixed_sequence,0.25,,False,0,0,,1082,0,0,0.0,,,,sonnet46
2026091242,raw_u,bonferroni,0.25,,False,0,0,,1082,0,0,0.0,,,,sonnet46
2026091242,u_boost,fixed_sequence,0.1,,False,0,0,,1082,0,0,0.0,,,,sonnet46
2026091242,u_boost,bonferroni,0.1,,False,0,0,,1082,0,0,0.0,,,,sonnet46
2026091242,u_boost,fixed_sequence,0.14285714285714285,,False,0,0,,1082,0,0,0.0,,,,sonnet46
2026091242,u_boost,bonferroni,0.14285714285714285,,False,0,0,,1082,0,0,0.0,,,,sonnet46
2026091242,u_boost,fixed_sequence,0.2,,False,0,0,,1082,0,0,0.0,,,,sonnet46
2026091242,u_boost,bonferroni,0.2,,False,0,0,,1082,0,0,0.0,,,,sonnet46
2026091242,u_boost,fixed_sequence,0.25,,False,0,0,,1082,0,0,0.0,,,,sonnet46
2026091242,u_boost,bonferroni,0.25,,False,0,0,,1082,0,0,0.0,,,,sonnet46
2026091242,rich_logistic,fixed_sequence,0.1,,False,0,0,,1082,0,0,0.0,,,,sonnet46
2026091242,rich_logistic,bonferroni,0.1,,False,0,0,,1082,0,0,0.0,,,,sonnet46
2026091242,rich_logistic,fixed_sequence,0.14285714285714285,,False,0,0,,1082,0,0,0.0,,,,sonnet46
2026091242,rich_logistic,bonferroni,0.14285714285714285,,False,0,0,,1082,0,0,0.0,,,,sonnet46
2026091242,rich_logistic,fixed_sequence,0.2,,False,0,0,,1082,0,0,0.0,,,,sonnet46
2026091242,rich_logistic,bonferroni,0.2,,False,0,0,,1082,0,0,0.0,,,,sonnet46
2026091242,rich_logistic,fixed_sequence,0.25,,False,0,0,,1082,0,0,0.0,,,,sonnet46
2026091242,rich_logistic,bonferroni,0.25,,False,0,0,,1082,0,0,0.0,,,,sonnet46
2026091242,rich_boost,fixed_sequence,0.1,,False,0,0,,1082,0,0,0.0,,,,sonnet46
2026091242,rich_boost,bonferroni,0.1,,False,0,0,,1082,0,0,0.0,,,,sonnet46
2026091242,rich_boost,fixed_sequence,0.14285714285714285,,False,0,0,,1082,0,0,0.0,,,,sonnet46
2026091242,rich_boost,bonferroni,0.14285714285714285,,False,0,0,,1082,0,0,0.0,,,,sonnet46
2026091242,rich_boost,fixed_sequence,0.2,,False,0,0,,1082,0,0,0.0,,,,sonnet46
2026091242,rich_boost,bonferroni,0.2,,False,0,0,,1082,0,0,0.0,,,,sonnet46
2026091242,rich_boost,fixed_sequence,0.25,,False,0,0,,1082,0,0,0.0,,,,sonnet46
2026091242,rich_boost,bonferroni,0.25,,False,0,0,,1082,0,0,0.0,,,,sonnet46
2026091243,raw_u,fixed_sequence,0.1,,False,0,0,,1082,0,0,0.0,,,,sonnet46
2026091243,raw_u,bonferroni,0.1,,False,0,0,,1082,0,0,0.0,,,,sonnet46
2026091243,raw_u,fixed_sequence,0.14285714285714285,,False,0,0,,1082,0,0,0.0,,,,sonnet46
2026091243,raw_u,bonferroni,0.14285714285714285,,False,0,0,,1082,0,0,0.0,,,,sonnet46
2026091243,raw_u,fixed_sequence,0.2,,False,0,0,,1082,0,0,0.0,,,,sonnet46
2026091243,raw_u,bonferroni,0.2,,False,0,0,,1082,0,0,0.0,,,,sonnet46
2026091243,raw_u,fixed_sequence,0.25,,False,0,0,,1082,0,0,0.0,,,,sonnet46
2026091243,raw_u,bonferroni,0.25,,False,0,0,,1082,0,0,0.0,,,,sonnet46
2026091243,u_boost,fixed_sequence,0.1,,False,0,0,,1082,0,0,0.0,,,,sonnet46
2026091243,u_boost,bonferroni,0.1,,False,0,0,,1082,0,0,0.0,,,,sonnet46
2026091243,u_boost,fixed_sequence,0.14285714285714285,,False,0,0,,1082,0,0,0.0,,,,sonnet46
2026091243,u_boost,bonferroni,0.14285714285714285,,False,0,0,,1082,0,0,0.0,,,,sonnet46
2026091243,u_boost,fixed_sequence,0.2,,False,0,0,,1082,0,0,0.0,,,,sonnet46
2026091243,u_boost,bonferroni,0.2,,False,0,0,,1082,0,0,0.0,,,,sonnet46
2026091243,u_boost,fixed_sequence,0.25,,False,0,0,,1082,0,0,0.0,,,,sonnet46
2026091243,u_boost,bonferroni,0.25,,False,0,0,,1082,0,0,0.0,,,,sonnet46
2026091243,rich_logistic,fixed_sequence,0.1,,False,0,0,,1082,0,0,0.0,,,,sonnet46
2026091243,rich_logistic,bonferroni,0.1,,False,0,0,,1082,0,0,0.0,,,,sonnet46
2026091243,rich_logistic,fixed_sequence,0.14285714285714285,,False,0,0,,1082,0,0,0.0,,,,sonnet46
2026091243,rich_logistic,bonferroni,0.14285714285714285,,False,0,0,,1082,0,0,0.0,,,,sonnet46
2026091243,rich_logistic,fixed_sequence,0.2,,False,0,0,,1082,0,0,0.0,,,,sonnet46
2026091243,rich_logistic,bonferroni,0.2,,False,0,0,,1082,0,0,0.0,,,,sonnet46
2026091243,rich_logistic,fixed_sequence,0.25,,False,0,0,,1082,0,0,0.0,,,,sonnet46
2026091243,rich_logistic,bonferroni,0.25,,False,0,0,,1082,0,0,0.0,,,,sonnet46
2026091243,rich_boost,fixed_sequence,0.1,,False,0,0,,1082,0,0,0.0,,,,sonnet46
2026091243,rich_boost,bonferroni,0.1,,False,0,0,,1082,0,0,0.0,,,,sonnet46
2026091243,rich_boost,fixed_sequence,0.14285714285714285,,False,0,0,,1082,0,0,0.0,,,,sonnet46
2026091243,rich_boost,bonferroni,0.14285714285714285,,False,0,0,,1082,0,0,0.0,,,,sonnet46
2026091243,rich_boost,fixed_sequence,0.2,,False,0,0,,1082,0,0,0.0,,,,sonnet46
2026091243,rich_boost,bonferroni,0.2,,False,0,0,,1082,0,0,0.0,,,,sonnet46
2026091243,rich_boost,fixed_sequence,0.25,,False,0,0,,1082,0,0,0.0,,,,sonnet46
2026091243,rich_boost,bonferroni,0.25,,False,0,0,,1082,0,0,0.0,,,,sonnet46
2026091244,raw_u,fixed_sequence,0.1,,False,0,0,,1082,0,0,0.0,,,,sonnet46
2026091244,raw_u,bonferroni,0.1,,False,0,0,,1082,0,0,0.0,,,,sonnet46
2026091244,raw_u,fixed_sequence,0.14285714285714285,,False,0,0,,1082,0,0,0.0,,,,sonnet46
2026091244,raw_u,bonferroni,0.14285714285714285,,False,0,0,,1082,0,0,0.0,,,,sonnet46
2026091244,raw_u,fixed_sequence,0.2,,False,0,0,,1082,0,0,0.0,,,,sonnet46
2026091244,raw_u,bonferroni,0.2,,False,0,0,,1082,0,0,0.0,,,,sonnet46
2026091244,raw_u,fixed_sequence,0.25,,False,0,0,,1082,0,0,0.0,,,,sonnet46
2026091244,raw_u,bonferroni,0.25,,False,0,0,,1082,0,0,0.0,,,,sonnet46
2026091244,u_boost,fixed_sequence,0.1,,False,0,0,,1082,0,0,0.0,,,,sonnet46
2026091244,u_boost,bonferroni,0.1,,False,0,0,,1082,0,0,0.0,,,,sonnet46
2026091244,u_boost,fixed_sequence,0.14285714285714285,,False,0,0,,1082,0,0,0.0,,,,sonnet46
2026091244,u_boost,bonferroni,0.14285714285714285,,False,0,0,,1082,0,0,0.0,,,,sonnet46
2026091244,u_boost,fixed_sequence,0.2,,False,0,0,,1082,0,0,0.0,,,,sonnet46
2026091244,u_boost,bonferroni,0.2,,False,0,0,,1082,0,0,0.0,,,,sonnet46
2026091244,u_boost,fixed_sequence,0.25,,False,0,0,,1082,0,0,0.0,,,,sonnet46
2026091244,u_boost,bonferroni,0.25,,False,0,0,,1082,0,0,0.0,,,,sonnet46
2026091244,rich_logistic,fixed_sequence,0.1,,False,0,0,,1082,0,0,0.0,,,,sonnet46
2026091244,rich_logistic,bonferroni,0.1,,False,0,0,,1082,0,0,0.0,,,,sonnet46
2026091244,rich_logistic,fixed_sequence,0.14285714285714285,,False,0,0,,1082,0,0,0.0,,,,sonnet46
2026091244,rich_logistic,bonferroni,0.14285714285714285,,False,0,0,,1082,0,0,0.0,,,,sonnet46
2026091244,rich_logistic,fixed_sequence,0.2,,False,0,0,,1082,0,0,0.0,,,,sonnet46
2026091244,rich_logistic,bonferroni,0.2,,False,0,0,,1082,0,0,0.0,,,,sonnet46
2026091244,rich_logistic,fixed_sequence,0.25,,False,0,0,,1082,0,0,0.0,,,,sonnet46
2026091244,rich_logistic,bonferroni,0.25,,False,0,0,,1082,0,0,0.0,,,,sonnet46
2026091244,rich_boost,fixed_sequence,0.1,,False,0,0,,1082,0,0,0.0,,,,sonnet46
2026091244,rich_boost,bonferroni,0.1,,False,0,0,,1082,0,0,0.0,,,,sonnet46
2026091244,rich_boost,fixed_sequence,0.14285714285714285,,False,0,0,,1082,0,0,0.0,,,,sonnet46
2026091244,rich_boost,bonferroni,0.14285714285714285,,False,0,0,,1082,0,0,0.0,,,,sonnet46
2026091244,rich_boost,fixed_sequence,0.2,,False,0,0,,1082,0,0,0.0,,,,sonnet46
2026091244,rich_boost,bonferroni,0.2,,False,0,0,,1082,0,0,0.0,,,,sonnet46
2026091244,rich_boost,fixed_sequence,0.25,,False,0,0,,1082,0,0,0.0,,,,sonnet46
2026091244,rich_boost,bonferroni,0.25,,False,0,0,,1082,0,0,0.0,,,,sonnet46
2026091245,raw_u,fixed_sequence,0.1,,False,0,0,,1082,0,0,0.0,,,,sonnet46
2026091245,raw_u,bonferroni,0.1,,False,0,0,,1082,0,0,0.0,,,,sonnet46
2026091245,raw_u,fixed_sequence,0.14285714285714285,,False,0,0,,1082,0,0,0.0,,,,sonnet46
2026091245,raw_u,bonferroni,0.14285714285714285,,False,0,0,,1082,0,0,0.0,,,,sonnet46
2026091245,raw_u,fixed_sequence,0.2,,False,0,0,,1082,0,0,0.0,,,,sonnet46
2026091245,raw_u,bonferroni,0.2,,False,0,0,,1082,0,0,0.0,,,,sonnet46
2026091245,raw_u,fixed_sequence,0.25,,False,0,0,,1082,0,0,0.0,,,,sonnet46
2026091245,raw_u,bonferroni,0.25,,False,0,0,,1082,0,0,0.0,,,,sonnet46
2026091245,u_boost,fixed_sequence,0.1,,False,0,0,,1082,0,0,0.0,,,,sonnet46
2026091245,u_boost,bonferroni,0.1,,False,0,0,,1082,0,0,0.0,,,,sonnet46
2026091245,u_boost,fixed_sequence,0.14285714285714285,,False,0,0,,1082,0,0,0.0,,,,sonnet46
2026091245,u_boost,bonferroni,0.14285714285714285,,False,0,0,,1082,0,0,0.0,,,,sonnet46
2026091245,u_boost,fixed_sequence,0.2,,False,0,0,,1082,0,0,0.0,,,,sonnet46
2026091245,u_boost,bonferroni,0.2,,False,0,0,,1082,0,0,0.0,,,,sonnet46
2026091245,u_boost,fixed_sequence,0.25,,False,0,0,,1082,0,0,0.0,,,,sonnet46
2026091245,u_boost,bonferroni,0.25,,False,0,0,,1082,0,0,0.0,,,,sonnet46
2026091245,rich_logistic,fixed_sequence,0.1,,False,0,0,,1082,0,0,0.0,,,,sonnet46
2026091245,rich_logistic,bonferroni,0.1,,False,0,0,,1082,0,0,0.0,,,,sonnet46
2026091245,rich_logistic,fixed_sequence,0.14285714285714285,,False,0,0,,1082,0,0,0.0,,,,sonnet46
2026091245,rich_logistic,bonferroni,0.14285714285714285,,False,0,0,,1082,0,0,0.0,,,,sonnet46
2026091245,rich_logistic,fixed_sequence,0.2,,False,0,0,,1082,0,0,0.0,,,,sonnet46
2026091245,rich_logistic,bonferroni,0.2,,False,0,0,,1082,0,0,0.0,,,,sonnet46
2026091245,rich_logistic,fixed_sequence,0.25,,False,0,0,,1082,0,0,0.0,,,,sonnet46
2026091245,rich_logistic,bonferroni,0.25,,False,0,0,,1082,0,0,0.0,,,,sonnet46
2026091245,rich_boost,fixed_sequence,0.1,,False,0,0,,1082,0,0,0.0,,,,sonnet46
2026091245,rich_boost,bonferroni,0.1,,False,0,0,,1082,0,0,0.0,,,,sonnet46
2026091245,rich_boost,fixed_sequence,0.14285714285714285,,False,0,0,,1082,0,0,0.0,,,,sonnet46
2026091245,rich_boost,bonferroni,0.14285714285714285,,False,0,0,,1082,0,0,0.0,,,,sonnet46
2026091245,rich_boost,fixed_sequence,0.2,,False,0,0,,1082,0,0,0.0,,,,sonnet46
2026091245,rich_boost,bonferroni,0.2,,False,0,0,,1082,0,0,0.0,,,,sonnet46
2026091245,rich_boost,fixed_sequence,0.25,,False,0,0,,1082,0,0,0.0,,,,sonnet46
2026091245,rich_boost,bonferroni,0.25,,False,0,0,,1082,0,0,0.0,,,,sonnet46
2026091246,raw_u,fixed_sequence,0.1,,False,0,0,,1082,0,0,0.0,,,,sonnet46
2026091246,raw_u,bonferroni,0.1,,False,0,0,,1082,0,0,0.0,,,,sonnet46
2026091246,raw_u,fixed_sequence,0.14285714285714285,,False,0,0,,1082,0,0,0.0,,,,sonnet46
2026091246,raw_u,bonferroni,0.14285714285714285,,False,0,0,,1082,0,0,0.0,,,,sonnet46
2026091246,raw_u,fixed_sequence,0.2,,False,0,0,,1082,0,0,0.0,,,,sonnet46
2026091246,raw_u,bonferroni,0.2,,False,0,0,,1082,0,0,0.0,,,,sonnet46
2026091246,raw_u,fixed_sequence,0.25,,False,0,0,,1082,0,0,0.0,,,,sonnet46
2026091246,raw_u,bonferroni,0.25,,False,0,0,,1082,0,0,0.0,,,,sonnet46
2026091246,u_boost,fixed_sequence,0.1,,False,0,0,,1082,0,0,0.0,,,,sonnet46
2026091246,u_boost,bonferroni,0.1,,False,0,0,,1082,0,0,0.0,,,,sonnet46
2026091246,u_boost,fixed_sequence,0.14285714285714285,,False,0,0,,1082,0,0,0.0,,,,sonnet46
2026091246,u_boost,bonferroni,0.14285714285714285,,False,0,0,,1082,0,0,0.0,,,,sonnet46
2026091246,u_boost,fixed_sequence,0.2,,False,0,0,,1082,0,0,0.0,,,,sonnet46
2026091246,u_boost,bonferroni,0.2,,False,0,0,,1082,0,0,0.0,,,,sonnet46
2026091246,u_boost,fixed_sequence,0.25,,False,0,0,,1082,0,0,0.0,,,,sonnet46
2026091246,u_boost,bonferroni,0.25,,False,0,0,,1082,0,0,0.0,,,,sonnet46
2026091246,rich_logistic,fixed_sequence,0.1,,False,0,0,,1082,0,0,0.0,,,,sonnet46
2026091246,rich_logistic,bonferroni,0.1,,False,0,0,,1082,0,0,0.0,,,,sonnet46
2026091246,rich_logistic,fixed_sequence,0.14285714285714285,,False,0,0,,1082,0,0,0.0,,,,sonnet46
2026091246,rich_logistic,bonferroni,0.14285714285714285,,False,0,0,,1082,0,0,0.0,,,,sonnet46
2026091246,rich_logistic,fixed_sequence,0.2,,False,0,0,,1082,0,0,0.0,,,,sonnet46
2026091246,rich_logistic,bonferroni,0.2,,False,0,0,,1082,0,0,0.0,,,,sonnet46
2026091246,rich_logistic,fixed_sequence,0.25,,False,0,0,,1082,0,0,0.0,,,,sonnet46
2026091246,rich_logistic,bonferroni,0.25,,False,0,0,,1082,0,0,0.0,,,,sonnet46
2026091246,rich_boost,fixed_sequence,0.1,,False,0,0,,1082,0,0,0.0,,,,sonnet46
2026091246,rich_boost,bonferroni,0.1,,False,0,0,,1082,0,0,0.0,,,,sonnet46
2026091246,rich_boost,fixed_sequence,0.14285714285714285,,False,0,0,,1082,0,0,0.0,,,,sonnet46
2026091246,rich_boost,bonferroni,0.14285714285714285,,False,0,0,,1082,0,0,0.0,,,,sonnet46
2026091246,rich_boost,fixed_sequence,0.2,,False,0,0,,1082,0,0,0.0,,,,sonnet46
2026091246,rich_boost,bonferroni,0.2,,False,0,0,,1082,0,0,0.0,,,,sonnet46
2026091246,rich_boost,fixed_sequence,0.25,,False,0,0,,1082,0,0,0.0,,,,sonnet46
2026091246,rich_boost,bonferroni,0.25,,False,0,0,,1082,0,0,0.0,,,,sonnet46
2026091247,raw_u,fixed_sequence,0.1,,False,0,0,,1082,0,0,0.0,,,,sonnet46
2026091247,raw_u,bonferroni,0.1,,False,0,0,,1082,0,0,0.0,,,,sonnet46
2026091247,raw_u,fixed_sequence,0.14285714285714285,,False,0,0,,1082,0,0,0.0,,,,sonnet46
2026091247,raw_u,bonferroni,0.14285714285714285,,False,0,0,,1082,0,0,0.0,,,,sonnet46
2026091247,raw_u,fixed_sequence,0.2,,False,0,0,,1082,0,0,0.0,,,,sonnet46
2026091247,raw_u,bonferroni,0.2,,False,0,0,,1082,0,0,0.0,,,,sonnet46
2026091247,raw_u,fixed_sequence,0.25,,False,0,0,,1082,0,0,0.0,,,,sonnet46
2026091247,raw_u,bonferroni,0.25,,False,0,0,,1082,0,0,0.0,,,,sonnet46
2026091247,u_boost,fixed_sequence,0.1,,False,0,0,,1082,0,0,0.0,,,,sonnet46
2026091247,u_boost,bonferroni,0.1,,False,0,0,,1082,0,0,0.0,,,,sonnet46
2026091247,u_boost,fixed_sequence,0.14285714285714285,,False,0,0,,1082,0,0,0.0,,,,sonnet46
2026091247,u_boost,bonferroni,0.14285714285714285,,False,0,0,,1082,0,0,0.0,,,,sonnet46
2026091247,u_boost,fixed_sequence,0.2,,False,0,0,,1082,0,0,0.0,,,,sonnet46
2026091247,u_boost,bonferroni,0.2,,False,0,0,,1082,0,0,0.0,,,,sonnet46
2026091247,u_boost,fixed_sequence,0.25,,False,0,0,,1082,0,0,0.0,,,,sonnet46
2026091247,u_boost,bonferroni,0.25,,False,0,0,,1082,0,0,0.0,,,,sonnet46
2026091247,rich_logistic,fixed_sequence,0.1,,False,0,0,,1082,0,0,0.0,,,,sonnet46
2026091247,rich_logistic,bonferroni,0.1,,False,0,0,,1082,0,0,0.0,,,,sonnet46
2026091247,rich_logistic,fixed_sequence,0.14285714285714285,,False,0,0,,1082,0,0,0.0,,,,sonnet46
2026091247,rich_logistic,bonferroni,0.14285714285714285,,False,0,0,,1082,0,0,0.0,,,,sonnet46
2026091247,rich_logistic,fixed_sequence,0.2,,False,0,0,,1082,0,0,0.0,,,,sonnet46
2026091247,rich_logistic,bonferroni,0.2,,False,0,0,,1082,0,0,0.0,,,,sonnet46
2026091247,rich_logistic,fixed_sequence,0.25,,False,0,0,,1082,0,0,0.0,,,,sonnet46
2026091247,rich_logistic,bonferroni,0.25,,False,0,0,,1082,0,0,0.0,,,,sonnet46
2026091247,rich_boost,fixed_sequence,0.1,,False,0,0,,1082,0,0,0.0,,,,sonnet46
2026091247,rich_boost,bonferroni,0.1,,False,0,0,,1082,0,0,0.0,,,,sonnet46
2026091247,rich_boost,fixed_sequence,0.14285714285714285,,False,0,0,,1082,0,0,0.0,,,,sonnet46
2026091247,rich_boost,bonferroni,0.14285714285714285,,False,0,0,,1082,0,0,0.0,,,,sonnet46
2026091247,rich_boost,fixed_sequence,0.2,,False,0,0,,1082,0,0,0.0,,,,sonnet46
2026091247,rich_boost,bonferroni,0.2,,False,0,0,,1082,0,0,0.0,,,,sonnet46
2026091247,rich_boost,fixed_sequence,0.25,,False,0,0,,1082,0,0,0.0,,,,sonnet46
2026091247,rich_boost,bonferroni,0.25,,False,0,0,,1082,0,0,0.0,,,,sonnet46
2026091248,raw_u,fixed_sequence,0.1,,False,0,0,,1082,0,0,0.0,,,,sonnet46
2026091248,raw_u,bonferroni,0.1,,False,0,0,,1082,0,0,0.0,,,,sonnet46
2026091248,raw_u,fixed_sequence,0.14285714285714285,,False,0,0,,1082,0,0,0.0,,,,sonnet46
2026091248,raw_u,bonferroni,0.14285714285714285,,False,0,0,,1082,0,0,0.0,,,,sonnet46
2026091248,raw_u,fixed_sequence,0.2,0.8571428571428571,True,41,1,0.14580115365058466,1082,46,11,0.04251386321626617,0.2391304347826087,0.12586139482256908,0.3876689101140717,sonnet46
2026091248,raw_u,bonferroni,0.2,,False,0,0,,1082,0,0,0.0,,,,sonnet46
2026091248,raw_u,fixed_sequence,0.25,,False,0,0,,1082,0,0,0.0,,,,sonnet46
2026091248,raw_u,bonferroni,0.25,0.8571428571428571,True,41,1,0.21925021723445362,1082,46,11,0.04251386321626617,0.2391304347826087,0.12586139482256908,0.3876689101140717,sonnet46
2026091248,u_boost,fixed_sequence,0.1,,False,0,0,,1082,0,0,0.0,,,,sonnet46
2026091248,u_boost,bonferroni,0.1,,False,0,0,,1082,0,0,0.0,,,,sonnet46
2026091248,u_boost,fixed_sequence,0.14285714285714285,,False,0,0,,1082,0,0,0.0,,,,sonnet46
2026091248,u_boost,bonferroni,0.14285714285714285,,False,0,0,,1082,0,0,0.0,,,,sonnet46
2026091248,u_boost,fixed_sequence,0.2,0.8,True,57,3,0.1610353051901727,1082,55,14,0.05083179297597042,0.2545454545454545,0.146700445502928,0.3900284426569952,sonnet46
2026091248,u_boost,bonferroni,0.2,,False,0,0,,1082,0,0,0.0,,,,sonnet46
2026091248,u_boost,fixed_sequence,0.25,,False,0,0,,1082,0,0,0.0,,,,sonnet46
2026091248,u_boost,bonferroni,0.25,0.8,True,57,3,0.22252399520668478,1082,55,14,0.05083179297597042,0.2545454545454545,0.146700445502928,0.3900284426569952,sonnet46
2026091248,rich_logistic,fixed_sequence,0.1,,False,0,0,,1082,0,0,0.0,,,,sonnet46
2026091248,rich_logistic,bonferroni,0.1,,False,0,0,,1082,0,0,0.0,,,,sonnet46
2026091248,rich_logistic,fixed_sequence,0.14285714285714285,,False,0,0,,1082,0,0,0.0,,,,sonnet46
2026091248,rich_logistic,bonferroni,0.14285714285714285,,False,0,0,,1082,0,0,0.0,,,,sonnet46
2026091248,rich_logistic,fixed_sequence,0.2,,False,0,0,,1082,0,0,0.0,,,,sonnet46
2026091248,rich_logistic,bonferroni,0.2,,False,0,0,,1082,0,0,0.0,,,,sonnet46
2026091248,rich_logistic,fixed_sequence,0.25,,False,0,0,,1082,0,0,0.0,,,,sonnet46
2026091248,rich_logistic,bonferroni,0.25,,False,0,0,,1082,0,0,0.0,,,,sonnet46
2026091248,rich_boost,fixed_sequence,0.1,,False,0,0,,1082,0,0,0.0,,,,sonnet46
2026091248,rich_boost,bonferroni,0.1,,False,0,0,,1082,0,0,0.0,,,,sonnet46
2026091248,rich_boost,fixed_sequence,0.14285714285714285,,False,0,0,,1082,0,0,0.0,,,,sonnet46
2026091248,rich_boost,bonferroni,0.14285714285714285,,False,0,0,,1082,0,0,0.0,,,,sonnet46
2026091248,rich_boost,fixed_sequence,0.2,,False,0,0,,1082,0,0,0.0,,,,sonnet46
2026091248,rich_boost,bonferroni,0.2,,False,0,0,,1082,0,0,0.0,,,,sonnet46
2026091248,rich_boost,fixed_sequence,0.25,,False,0,0,,1082,0,0,0.0,,,,sonnet46
2026091248,rich_boost,bonferroni,0.25,,False,0,0,,1082,0,0,0.0,,,,sonnet46
2026091249,raw_u,fixed_sequence,0.1,,False,0,0,,1082,0,0,0.0,,,,sonnet46
2026091249,raw_u,bonferroni,0.1,,False,0,0,,1082,0,0,0.0,,,,sonnet46
2026091249,raw_u,fixed_sequence,0.14285714285714285,,False,0,0,,1082,0,0,0.0,,,,sonnet46
2026091249,raw_u,bonferroni,0.14285714285714285,,False,0,0,,1082,0,0,0.0,,,,sonnet46
2026091249,raw_u,fixed_sequence,0.2,,False,0,0,,1082,0,0,0.0,,,,sonnet46
2026091249,raw_u,bonferroni,0.2,,False,0,0,,1082,0,0,0.0,,,,sonnet46
2026091249,raw_u,fixed_sequence,0.25,,False,0,0,,1082,0,0,0.0,,,,sonnet46
2026091249,raw_u,bonferroni,0.25,,False,0,0,,1082,0,0,0.0,,,,sonnet46
2026091249,u_boost,fixed_sequence,0.1,,False,0,0,,1082,0,0,0.0,,,,sonnet46
2026091249,u_boost,bonferroni,0.1,,False,0,0,,1082,0,0,0.0,,,,sonnet46
2026091249,u_boost,fixed_sequence,0.14285714285714285,,False,0,0,,1082,0,0,0.0,,,,sonnet46
2026091249,u_boost,bonferroni,0.14285714285714285,,False,0,0,,1082,0,0,0.0,,,,sonnet46
2026091249,u_boost,fixed_sequence,0.2,,False,0,0,,1082,0,0,0.0,,,,sonnet46
2026091249,u_boost,bonferroni,0.2,,False,0,0,,1082,0,0,0.0,,,,sonnet46
2026091249,u_boost,fixed_sequence,0.25,,False,0,0,,1082,0,0,0.0,,,,sonnet46
2026091249,u_boost,bonferroni,0.25,,False,0,0,,1082,0,0,0.0,,,,sonnet46
2026091249,rich_logistic,fixed_sequence,0.1,,False,0,0,,1082,0,0,0.0,,,,sonnet46
2026091249,rich_logistic,bonferroni,0.1,,False,0,0,,1082,0,0,0.0,,,,sonnet46
2026091249,rich_logistic,fixed_sequence,0.14285714285714285,,False,0,0,,1082,0,0,0.0,,,,sonnet46
2026091249,rich_logistic,bonferroni,0.14285714285714285,,False,0,0,,1082,0,0,0.0,,,,sonnet46
2026091249,rich_logistic,fixed_sequence,0.2,,False,0,0,,1082,0,0,0.0,,,,sonnet46
2026091249,rich_logistic,bonferroni,0.2,,False,0,0,,1082,0,0,0.0,,,,sonnet46
2026091249,rich_logistic,fixed_sequence,0.25,,False,0,0,,1082,0,0,0.0,,,,sonnet46
2026091249,rich_logistic,bonferroni,0.25,,False,0,0,,1082,0,0,0.0,,,,sonnet46
2026091249,rich_boost,fixed_sequence,0.1,,False,0,0,,1082,0,0,0.0,,,,sonnet46
2026091249,rich_boost,bonferroni,0.1,,False,0,0,,1082,0,0,0.0,,,,sonnet46
2026091249,rich_boost,fixed_sequence,0.14285714285714285,,False,0,0,,1082,0,0,0.0,,,,sonnet46
2026091249,rich_boost,bonferroni,0.14285714285714285,,False,0,0,,1082,0,0,0.0,,,,sonnet46
2026091249,rich_boost,fixed_sequence,0.2,,False,0,0,,1082,0,0,0.0,,,,sonnet46
2026091249,rich_boost,bonferroni,0.2,,False,0,0,,1082,0,0,0.0,,,,sonnet46
2026091249,rich_boost,fixed_sequence,0.25,,False,0,0,,1082,0,0,0.0,,,,sonnet46
2026091249,rich_boost,bonferroni,0.25,,False,0,0,,1082,0,0,0.0,,,,sonnet46
2026091250,raw_u,fixed_sequence,0.1,,False,0,0,,1082,0,0,0.0,,,,sonnet46
2026091250,raw_u,bonferroni,0.1,,False,0,0,,1082,0,0,0.0,,,,sonnet46
2026091250,raw_u,fixed_sequence,0.14285714285714285,,False,0,0,,1082,0,0,0.0,,,,sonnet46
2026091250,raw_u,bonferroni,0.14285714285714285,,False,0,0,,1082,0,0,0.0,,,,sonnet46
2026091250,raw_u,fixed_sequence,0.2,,False,0,0,,1082,0,0,0.0,,,,sonnet46
2026091250,raw_u,bonferroni,0.2,,False,0,0,,1082,0,0,0.0,,,,sonnet46
2026091250,raw_u,fixed_sequence,0.25,,False,0,0,,1082,0,0,0.0,,,,sonnet46
2026091250,raw_u,bonferroni,0.25,,False,0,0,,1082,0,0,0.0,,,,sonnet46
2026091250,u_boost,fixed_sequence,0.1,,False,0,0,,1082,0,0,0.0,,,,sonnet46
2026091250,u_boost,bonferroni,0.1,,False,0,0,,1082,0,0,0.0,,,,sonnet46
2026091250,u_boost,fixed_sequence,0.14285714285714285,,False,0,0,,1082,0,0,0.0,,,,sonnet46
2026091250,u_boost,bonferroni,0.14285714285714285,,False,0,0,,1082,0,0,0.0,,,,sonnet46
2026091250,u_boost,fixed_sequence,0.2,,False,0,0,,1082,0,0,0.0,,,,sonnet46
2026091250,u_boost,bonferroni,0.2,,False,0,0,,1082,0,0,0.0,,,,sonnet46
2026091250,u_boost,fixed_sequence,0.25,,False,0,0,,1082,0,0,0.0,,,,sonnet46
2026091250,u_boost,bonferroni,0.25,,False,0,0,,1082,0,0,0.0,,,,sonnet46
2026091250,rich_logistic,fixed_sequence,0.1,,False,0,0,,1082,0,0,0.0,,,,sonnet46
2026091250,rich_logistic,bonferroni,0.1,,False,0,0,,1082,0,0,0.0,,,,sonnet46
2026091250,rich_logistic,fixed_sequence,0.14285714285714285,,False,0,0,,1082,0,0,0.0,,,,sonnet46
2026091250,rich_logistic,bonferroni,0.14285714285714285,,False,0,0,,1082,0,0,0.0,,,,sonnet46
2026091250,rich_logistic,fixed_sequence,0.2,,False,0,0,,1082,0,0,0.0,,,,sonnet46
2026091250,rich_logistic,bonferroni,0.2,,False,0,0,,1082,0,0,0.0,,,,sonnet46
2026091250,rich_logistic,fixed_sequence,0.25,,False,0,0,,1082,0,0,0.0,,,,sonnet46
2026091250,rich_logistic,bonferroni,0.25,,False,0,0,,1082,0,0,0.0,,,,sonnet46
2026091250,rich_boost,fixed_sequence,0.1,,False,0,0,,1082,0,0,0.0,,,,sonnet46
2026091250,rich_boost,bonferroni,0.1,,False,0,0,,1082,0,0,0.0,,,,sonnet46
2026091250,rich_boost,fixed_sequence,0.14285714285714285,,False,0,0,,1082,0,0,0.0,,,,sonnet46
2026091250,rich_boost,bonferroni,0.14285714285714285,,False,0,0,,1082,0,0,0.0,,,,sonnet46
2026091250,rich_boost,fixed_sequence,0.2,,False,0,0,,1082,0,0,0.0,,,,sonnet46
2026091250,rich_boost,bonferroni,0.2,,False,0,0,,1082,0,0,0.0,,,,sonnet46
2026091250,rich_boost,fixed_sequence,0.25,,False,0,0,,1082,0,0,0.0,,,,sonnet46
2026091250,rich_boost,bonferroni,0.25,,False,0,0,,1082,0,0,0.0,,,,sonnet46
2026091251,raw_u,fixed_sequence,0.1,,False,0,0,,1082,0,0,0.0,,,,sonnet46
2026091251,raw_u,bonferroni,0.1,,False,0,0,,1082,0,0,0.0,,,,sonnet46
2026091251,raw_u,fixed_sequence,0.14285714285714285,,False,0,0,,1082,0,0,0.0,,,,sonnet46
2026091251,raw_u,bonferroni,0.14285714285714285,,False,0,0,,1082,0,0,0.0,,,,sonnet46
2026091251,raw_u,fixed_sequence,0.2,,False,0,0,,1082,0,0,0.0,,,,sonnet46
2026091251,raw_u,bonferroni,0.2,,False,0,0,,1082,0,0,0.0,,,,sonnet46
2026091251,raw_u,fixed_sequence,0.25,,False,0,0,,1082,0,0,0.0,,,,sonnet46
2026091251,raw_u,bonferroni,0.25,,False,0,0,,1082,0,0,0.0,,,,sonnet46
2026091251,u_boost,fixed_sequence,0.1,,False,0,0,,1082,0,0,0.0,,,,sonnet46
2026091251,u_boost,bonferroni,0.1,,False,0,0,,1082,0,0,0.0,,,,sonnet46
2026091251,u_boost,fixed_sequence,0.14285714285714285,,False,0,0,,1082,0,0,0.0,,,,sonnet46
2026091251,u_boost,bonferroni,0.14285714285714285,,False,0,0,,1082,0,0,0.0,,,,sonnet46
2026091251,u_boost,fixed_sequence,0.2,,False,0,0,,1082,0,0,0.0,,,,sonnet46
2026091251,u_boost,bonferroni,0.2,,False,0,0,,1082,0,0,0.0,,,,sonnet46
2026091251,u_boost,fixed_sequence,0.25,,False,0,0,,1082,0,0,0.0,,,,sonnet46
2026091251,u_boost,bonferroni,0.25,,False,0,0,,1082,0,0,0.0,,,,sonnet46
2026091251,rich_logistic,fixed_sequence,0.1,,False,0,0,,1082,0,0,0.0,,,,sonnet46
2026091251,rich_logistic,bonferroni,0.1,,False,0,0,,1082,0,0,0.0,,,,sonnet46
2026091251,rich_logistic,fixed_sequence,0.14285714285714285,,False,0,0,,1082,0,0,0.0,,,,sonnet46
2026091251,rich_logistic,bonferroni,0.14285714285714285,,False,0,0,,1082,0,0,0.0,,,,sonnet46
2026091251,rich_logistic,fixed_sequence,0.2,,False,0,0,,1082,0,0,0.0,,,,sonnet46
2026091251,rich_logistic,bonferroni,0.2,,False,0,0,,1082,0,0,0.0,,,,sonnet46
2026091251,rich_logistic,fixed_sequence,0.25,,False,0,0,,1082,0,0,0.0,,,,sonnet46
2026091251,rich_logistic,bonferroni,0.25,,False,0,0,,1082,0,0,0.0,,,,sonnet46
2026091251,rich_boost,fixed_sequence,0.1,,False,0,0,,1082,0,0,0.0,,,,sonnet46
2026091251,rich_boost,bonferroni,0.1,,False,0,0,,1082,0,0,0.0,,,,sonnet46
2026091251,rich_boost,fixed_sequence,0.14285714285714285,,False,0,0,,1082,0,0,0.0,,,,sonnet46
2026091251,rich_boost,bonferroni,0.14285714285714285,,False,0,0,,1082,0,0,0.0,,,,sonnet46
2026091251,rich_boost,fixed_sequence,0.2,,False,0,0,,1082,0,0,0.0,,,,sonnet46
2026091251,rich_boost,bonferroni,0.2,,False,0,0,,1082,0,0,0.0,,,,sonnet46
2026091251,rich_boost,fixed_sequence,0.25,,False,0,0,,1082,0,0,0.0,,,,sonnet46
2026091251,rich_boost,bonferroni,0.25,,False,0,0,,1082,0,0,0.0,,,,sonnet46
2026091252,raw_u,fixed_sequence,0.1,,False,0,0,,1082,0,0,0.0,,,,sonnet46
2026091252,raw_u,bonferroni,0.1,,False,0,0,,1082,0,0,0.0,,,,sonnet46
2026091252,raw_u,fixed_sequence,0.14285714285714285,,False,0,0,,1082,0,0,0.0,,,,sonnet46
2026091252,raw_u,bonferroni,0.14285714285714285,,False,0,0,,1082,0,0,0.0,,,,sonnet46
2026091252,raw_u,fixed_sequence,0.2,,False,0,0,,1082,0,0,0.0,,,,sonnet46
2026091252,raw_u,bonferroni,0.2,,False,0,0,,1082,0,0,0.0,,,,sonnet46
2026091252,raw_u,fixed_sequence,0.25,,False,0,0,,1082,0,0,0.0,,,,sonnet46
2026091252,raw_u,bonferroni,0.25,,False,0,0,,1082,0,0,0.0,,,,sonnet46
2026091252,u_boost,fixed_sequence,0.1,,False,0,0,,1082,0,0,0.0,,,,sonnet46
2026091252,u_boost,bonferroni,0.1,,False,0,0,,1082,0,0,0.0,,,,sonnet46
2026091252,u_boost,fixed_sequence,0.14285714285714285,,False,0,0,,1082,0,0,0.0,,,,sonnet46
2026091252,u_boost,bonferroni,0.14285714285714285,,False,0,0,,1082,0,0,0.0,,,,sonnet46
2026091252,u_boost,fixed_sequence,0.2,,False,0,0,,1082,0,0,0.0,,,,sonnet46
2026091252,u_boost,bonferroni,0.2,,False,0,0,,1082,0,0,0.0,,,,sonnet46
2026091252,u_boost,fixed_sequence,0.25,,False,0,0,,1082,0,0,0.0,,,,sonnet46
2026091252,u_boost,bonferroni,0.25,,False,0,0,,1082,0,0,0.0,,,,sonnet46
2026091252,rich_logistic,fixed_sequence,0.1,,False,0,0,,1082,0,0,0.0,,,,sonnet46
2026091252,rich_logistic,bonferroni,0.1,,False,0,0,,1082,0,0,0.0,,,,sonnet46
2026091252,rich_logistic,fixed_sequence,0.14285714285714285,,False,0,0,,1082,0,0,0.0,,,,sonnet46
2026091252,rich_logistic,bonferroni,0.14285714285714285,,False,0,0,,1082,0,0,0.0,,,,sonnet46
2026091252,rich_logistic,fixed_sequence,0.2,,False,0,0,,1082,0,0,0.0,,,,sonnet46
2026091252,rich_logistic,bonferroni,0.2,,False,0,0,,1082,0,0,0.0,,,,sonnet46
2026091252,rich_logistic,fixed_sequence,0.25,,False,0,0,,1082,0,0,0.0,,,,sonnet46
2026091252,rich_logistic,bonferroni,0.25,,False,0,0,,1082,0,0,0.0,,,,sonnet46
2026091252,rich_boost,fixed_sequence,0.1,,False,0,0,,1082,0,0,0.0,,,,sonnet46
2026091252,rich_boost,bonferroni,0.1,,False,0,0,,1082,0,0,0.0,,,,sonnet46
2026091252,rich_boost,fixed_sequence,0.14285714285714285,,False,0,0,,1082,0,0,0.0,,,,sonnet46
2026091252,rich_boost,bonferroni,0.14285714285714285,,False,0,0,,1082,0,0,0.0,,,,sonnet46
2026091252,rich_boost,fixed_sequence,0.2,,False,0,0,,1082,0,0,0.0,,,,sonnet46
2026091252,rich_boost,bonferroni,0.2,,False,0,0,,1082,0,0,0.0,,,,sonnet46
2026091252,rich_boost,fixed_sequence,0.25,,False,0,0,,1082,0,0,0.0,,,,sonnet46
2026091252,rich_boost,bonferroni,0.25,,False,0,0,,1082,0,0,0.0,,,,sonnet46
2026091253,raw_u,fixed_sequence,0.1,,False,0,0,,1082,0,0,0.0,,,,sonnet46
2026091253,raw_u,bonferroni,0.1,,False,0,0,,1082,0,0,0.0,,,,sonnet46
2026091253,raw_u,fixed_sequence,0.14285714285714285,,False,0,0,,1082,0,0,0.0,,,,sonnet46
2026091253,raw_u,bonferroni,0.14285714285714285,,False,0,0,,1082,0,0,0.0,,,,sonnet46
2026091253,raw_u,fixed_sequence,0.2,,False,0,0,,1082,0,0,0.0,,,,sonnet46
2026091253,raw_u,bonferroni,0.2,,False,0,0,,1082,0,0,0.0,,,,sonnet46
2026091253,raw_u,fixed_sequence,0.25,,False,0,0,,1082,0,0,0.0,,,,sonnet46
2026091253,raw_u,bonferroni,0.25,,False,0,0,,1082,0,0,0.0,,,,sonnet46
2026091253,u_boost,fixed_sequence,0.1,,False,0,0,,1082,0,0,0.0,,,,sonnet46
2026091253,u_boost,bonferroni,0.1,,False,0,0,,1082,0,0,0.0,,,,sonnet46
2026091253,u_boost,fixed_sequence,0.14285714285714285,,False,0,0,,1082,0,0,0.0,,,,sonnet46
2026091253,u_boost,bonferroni,0.14285714285714285,,False,0,0,,1082,0,0,0.0,,,,sonnet46
2026091253,u_boost,fixed_sequence,0.2,,False,0,0,,1082,0,0,0.0,,,,sonnet46
2026091253,u_boost,bonferroni,0.2,,False,0,0,,1082,0,0,0.0,,,,sonnet46
2026091253,u_boost,fixed_sequence,0.25,,False,0,0,,1082,0,0,0.0,,,,sonnet46
2026091253,u_boost,bonferroni,0.25,,False,0,0,,1082,0,0,0.0,,,,sonnet46
2026091253,rich_logistic,fixed_sequence,0.1,,False,0,0,,1082,0,0,0.0,,,,sonnet46
2026091253,rich_logistic,bonferroni,0.1,,False,0,0,,1082,0,0,0.0,,,,sonnet46
2026091253,rich_logistic,fixed_sequence,0.14285714285714285,,False,0,0,,1082,0,0,0.0,,,,sonnet46
2026091253,rich_logistic,bonferroni,0.14285714285714285,,False,0,0,,1082,0,0,0.0,,,,sonnet46
2026091253,rich_logistic,fixed_sequence,0.2,,False,0,0,,1082,0,0,0.0,,,,sonnet46
2026091253,rich_logistic,bonferroni,0.2,,False,0,0,,1082,0,0,0.0,,,,sonnet46
2026091253,rich_logistic,fixed_sequence,0.25,,False,0,0,,1082,0,0,0.0,,,,sonnet46
2026091253,rich_logistic,bonferroni,0.25,,False,0,0,,1082,0,0,0.0,,,,sonnet46
2026091253,rich_boost,fixed_sequence,0.1,,False,0,0,,1082,0,0,0.0,,,,sonnet46
2026091253,rich_boost,bonferroni,0.1,,False,0,0,,1082,0,0,0.0,,,,sonnet46
2026091253,rich_boost,fixed_sequence,0.14285714285714285,,False,0,0,,1082,0,0,0.0,,,,sonnet46
2026091253,rich_boost,bonferroni,0.14285714285714285,,False,0,0,,1082,0,0,0.0,,,,sonnet46
2026091253,rich_boost,fixed_sequence,0.2,,False,0,0,,1082,0,0,0.0,,,,sonnet46
2026091253,rich_boost,bonferroni,0.2,,False,0,0,,1082,0,0,0.0,,,,sonnet46
2026091253,rich_boost,fixed_sequence,0.25,,False,0,0,,1082,0,0,0.0,,,,sonnet46
2026091253,rich_boost,bonferroni,0.25,,False,0,0,,1082,0,0,0.0,,,,sonnet46
2026091254,raw_u,fixed_sequence,0.1,,False,0,0,,1082,0,0,0.0,,,,sonnet46
2026091254,raw_u,bonferroni,0.1,,False,0,0,,1082,0,0,0.0,,,,sonnet46
2026091254,raw_u,fixed_sequence,0.14285714285714285,,False,0,0,,1082,0,0,0.0,,,,sonnet46
2026091254,raw_u,bonferroni,0.14285714285714285,,False,0,0,,1082,0,0,0.0,,,,sonnet46
2026091254,raw_u,fixed_sequence,0.2,,False,0,0,,1082,0,0,0.0,,,,sonnet46
2026091254,raw_u,bonferroni,0.2,,False,0,0,,1082,0,0,0.0,,,,sonnet46
2026091254,raw_u,fixed_sequence,0.25,,False,0,0,,1082,0,0,0.0,,,,sonnet46
2026091254,raw_u,bonferroni,0.25,,False,0,0,,1082,0,0,0.0,,,,sonnet46
2026091254,u_boost,fixed_sequence,0.1,,False,0,0,,1082,0,0,0.0,,,,sonnet46
2026091254,u_boost,bonferroni,0.1,,False,0,0,,1082,0,0,0.0,,,,sonnet46
2026091254,u_boost,fixed_sequence,0.14285714285714285,,False,0,0,,1082,0,0,0.0,,,,sonnet46
2026091254,u_boost,bonferroni,0.14285714285714285,,False,0,0,,1082,0,0,0.0,,,,sonnet46
2026091254,u_boost,fixed_sequence,0.2,,False,0,0,,1082,0,0,0.0,,,,sonnet46
2026091254,u_boost,bonferroni,0.2,,False,0,0,,1082,0,0,0.0,,,,sonnet46
2026091254,u_boost,fixed_sequence,0.25,,False,0,0,,1082,0,0,0.0,,,,sonnet46
2026091254,u_boost,bonferroni,0.25,,False,0,0,,1082,0,0,0.0,,,,sonnet46
2026091254,rich_logistic,fixed_sequence,0.1,,False,0,0,,1082,0,0,0.0,,,,sonnet46
2026091254,rich_logistic,bonferroni,0.1,,False,0,0,,1082,0,0,0.0,,,,sonnet46
2026091254,rich_logistic,fixed_sequence,0.14285714285714285,,False,0,0,,1082,0,0,0.0,,,,sonnet46
2026091254,rich_logistic,bonferroni,0.14285714285714285,,False,0,0,,1082,0,0,0.0,,,,sonnet46
2026091254,rich_logistic,fixed_sequence,0.2,,False,0,0,,1082,0,0,0.0,,,,sonnet46
2026091254,rich_logistic,bonferroni,0.2,,False,0,0,,1082,0,0,0.0,,,,sonnet46
2026091254,rich_logistic,fixed_sequence,0.25,,False,0,0,,1082,0,0,0.0,,,,sonnet46
2026091254,rich_logistic,bonferroni,0.25,,False,0,0,,1082,0,0,0.0,,,,sonnet46
2026091254,rich_boost,fixed_sequence,0.1,,False,0,0,,1082,0,0,0.0,,,,sonnet46
2026091254,rich_boost,bonferroni,0.1,,False,0,0,,1082,0,0,0.0,,,,sonnet46
2026091254,rich_boost,fixed_sequence,0.14285714285714285,,False,0,0,,1082,0,0,0.0,,,,sonnet46
2026091254,rich_boost,bonferroni,0.14285714285714285,,False,0,0,,1082,0,0,0.0,,,,sonnet46
2026091254,rich_boost,fixed_sequence,0.2,,False,0,0,,1082,0,0,0.0,,,,sonnet46
2026091254,rich_boost,bonferroni,0.2,,False,0,0,,1082,0,0,0.0,,,,sonnet46
2026091254,rich_boost,fixed_sequence,0.25,,False,0,0,,1082,0,0,0.0,,,,sonnet46
2026091254,rich_boost,bonferroni,0.25,,False,0,0,,1082,0,0,0.0,,,,sonnet46
2026091255,raw_u,fixed_sequence,0.1,,False,0,0,,1082,0,0,0.0,,,,sonnet46
2026091255,raw_u,bonferroni,0.1,,False,0,0,,1082,0,0,0.0,,,,sonnet46
2026091255,raw_u,fixed_sequence,0.14285714285714285,,False,0,0,,1082,0,0,0.0,,,,sonnet46
2026091255,raw_u,bonferroni,0.14285714285714285,,False,0,0,,1082,0,0,0.0,,,,sonnet46
2026091255,raw_u,fixed_sequence,0.2,,False,0,0,,1082,0,0,0.0,,,,sonnet46
2026091255,raw_u,bonferroni,0.2,,False,0,0,,1082,0,0,0.0,,,,sonnet46
2026091255,raw_u,fixed_sequence,0.25,,False,0,0,,1082,0,0,0.0,,,,sonnet46
2026091255,raw_u,bonferroni,0.25,,False,0,0,,1082,0,0,0.0,,,,sonnet46
2026091255,u_boost,fixed_sequence,0.1,,False,0,0,,1082,0,0,0.0,,,,sonnet46
2026091255,u_boost,bonferroni,0.1,,False,0,0,,1082,0,0,0.0,,,,sonnet46
2026091255,u_boost,fixed_sequence,0.14285714285714285,,False,0,0,,1082,0,0,0.0,,,,sonnet46
2026091255,u_boost,bonferroni,0.14285714285714285,,False,0,0,,1082,0,0,0.0,,,,sonnet46
2026091255,u_boost,fixed_sequence,0.2,,False,0,0,,1082,0,0,0.0,,,,sonnet46
2026091255,u_boost,bonferroni,0.2,,False,0,0,,1082,0,0,0.0,,,,sonnet46
2026091255,u_boost,fixed_sequence,0.25,,False,0,0,,1082,0,0,0.0,,,,sonnet46
2026091255,u_boost,bonferroni,0.25,,False,0,0,,1082,0,0,0.0,,,,sonnet46
2026091255,rich_logistic,fixed_sequence,0.1,,False,0,0,,1082,0,0,0.0,,,,sonnet46
2026091255,rich_logistic,bonferroni,0.1,,False,0,0,,1082,0,0,0.0,,,,sonnet46
2026091255,rich_logistic,fixed_sequence,0.14285714285714285,,False,0,0,,1082,0,0,0.0,,,,sonnet46
2026091255,rich_logistic,bonferroni,0.14285714285714285,,False,0,0,,1082,0,0,0.0,,,,sonnet46
2026091255,rich_logistic,fixed_sequence,0.2,,False,0,0,,1082,0,0,0.0,,,,sonnet46
2026091255,rich_logistic,bonferroni,0.2,,False,0,0,,1082,0,0,0.0,,,,sonnet46
2026091255,rich_logistic,fixed_sequence,0.25,,False,0,0,,1082,0,0,0.0,,,,sonnet46
2026091255,rich_logistic,bonferroni,0.25,,False,0,0,,1082,0,0,0.0,,,,sonnet46
2026091255,rich_boost,fixed_sequence,0.1,,False,0,0,,1082,0,0,0.0,,,,sonnet46
2026091255,rich_boost,bonferroni,0.1,,False,0,0,,1082,0,0,0.0,,,,sonnet46
2026091255,rich_boost,fixed_sequence,0.14285714285714285,,False,0,0,,1082,0,0,0.0,,,,sonnet46
2026091255,rich_boost,bonferroni,0.14285714285714285,,False,0,0,,1082,0,0,0.0,,,,sonnet46
2026091255,rich_boost,fixed_sequence,0.2,,False,0,0,,1082,0,0,0.0,,,,sonnet46
2026091255,rich_boost,bonferroni,0.2,,False,0,0,,1082,0,0,0.0,,,,sonnet46
2026091255,rich_boost,fixed_sequence,0.25,,False,0,0,,1082,0,0,0.0,,,,sonnet46
2026091255,rich_boost,bonferroni,0.25,,False,0,0,,1082,0,0,0.0,,,,sonnet46
2026091256,raw_u,fixed_sequence,0.1,,False,0,0,,1082,0,0,0.0,,,,sonnet46
2026091256,raw_u,bonferroni,0.1,,False,0,0,,1082,0,0,0.0,,,,sonnet46
2026091256,raw_u,fixed_sequence,0.14285714285714285,,False,0,0,,1082,0,0,0.0,,,,sonnet46
2026091256,raw_u,bonferroni,0.14285714285714285,,False,0,0,,1082,0,0,0.0,,,,sonnet46
2026091256,raw_u,fixed_sequence,0.2,,False,0,0,,1082,0,0,0.0,,,,sonnet46
2026091256,raw_u,bonferroni,0.2,,False,0,0,,1082,0,0,0.0,,,,sonnet46
2026091256,raw_u,fixed_sequence,0.25,,False,0,0,,1082,0,0,0.0,,,,sonnet46
2026091256,raw_u,bonferroni,0.25,,False,0,0,,1082,0,0,0.0,,,,sonnet46
2026091256,u_boost,fixed_sequence,0.1,,False,0,0,,1082,0,0,0.0,,,,sonnet46
2026091256,u_boost,bonferroni,0.1,,False,0,0,,1082,0,0,0.0,,,,sonnet46
2026091256,u_boost,fixed_sequence,0.14285714285714285,,False,0,0,,1082,0,0,0.0,,,,sonnet46
2026091256,u_boost,bonferroni,0.14285714285714285,,False,0,0,,1082,0,0,0.0,,,,sonnet46
2026091256,u_boost,fixed_sequence,0.2,,False,0,0,,1082,0,0,0.0,,,,sonnet46
2026091256,u_boost,bonferroni,0.2,,False,0,0,,1082,0,0,0.0,,,,sonnet46
2026091256,u_boost,fixed_sequence,0.25,,False,0,0,,1082,0,0,0.0,,,,sonnet46
2026091256,u_boost,bonferroni,0.25,,False,0,0,,1082,0,0,0.0,,,,sonnet46
2026091256,rich_logistic,fixed_sequence,0.1,,False,0,0,,1082,0,0,0.0,,,,sonnet46
2026091256,rich_logistic,bonferroni,0.1,,False,0,0,,1082,0,0,0.0,,,,sonnet46
2026091256,rich_logistic,fixed_sequence,0.14285714285714285,,False,0,0,,1082,0,0,0.0,,,,sonnet46
2026091256,rich_logistic,bonferroni,0.14285714285714285,,False,0,0,,1082,0,0,0.0,,,,sonnet46
2026091256,rich_logistic,fixed_sequence,0.2,,False,0,0,,1082,0,0,0.0,,,,sonnet46
2026091256,rich_logistic,bonferroni,0.2,,False,0,0,,1082,0,0,0.0,,,,sonnet46
2026091256,rich_logistic,fixed_sequence,0.25,,False,0,0,,1082,0,0,0.0,,,,sonnet46
2026091256,rich_logistic,bonferroni,0.25,,False,0,0,,1082,0,0,0.0,,,,sonnet46
2026091256,rich_boost,fixed_sequence,0.1,,False,0,0,,1082,0,0,0.0,,,,sonnet46
2026091256,rich_boost,bonferroni,0.1,,False,0,0,,1082,0,0,0.0,,,,sonnet46
2026091256,rich_boost,fixed_sequence,0.14285714285714285,,False,0,0,,1082,0,0,0.0,,,,sonnet46
2026091256,rich_boost,bonferroni,0.14285714285714285,,False,0,0,,1082,0,0,0.0,,,,sonnet46
2026091256,rich_boost,fixed_sequence,0.2,,False,0,0,,1082,0,0,0.0,,,,sonnet46
2026091256,rich_boost,bonferroni,0.2,,False,0,0,,1082,0,0,0.0,,,,sonnet46
2026091256,rich_boost,fixed_sequence,0.25,,False,0,0,,1082,0,0,0.0,,,,sonnet46
2026091256,rich_boost,bonferroni,0.25,,False,0,0,,1082,0,0,0.0,,,,sonnet46
2026091257,raw_u,fixed_sequence,0.1,,False,0,0,,1082,0,0,0.0,,,,sonnet46
2026091257,raw_u,bonferroni,0.1,,False,0,0,,1082,0,0,0.0,,,,sonnet46
2026091257,raw_u,fixed_sequence,0.14285714285714285,,False,0,0,,1082,0,0,0.0,,,,sonnet46
2026091257,raw_u,bonferroni,0.14285714285714285,,False,0,0,,1082,0,0,0.0,,,,sonnet46
2026091257,raw_u,fixed_sequence,0.2,,False,0,0,,1082,0,0,0.0,,,,sonnet46
2026091257,raw_u,bonferroni,0.2,,False,0,0,,1082,0,0,0.0,,,,sonnet46
2026091257,raw_u,fixed_sequence,0.25,,False,0,0,,1082,0,0,0.0,,,,sonnet46
2026091257,raw_u,bonferroni,0.25,,False,0,0,,1082,0,0,0.0,,,,sonnet46
2026091257,u_boost,fixed_sequence,0.1,,False,0,0,,1082,0,0,0.0,,,,sonnet46
2026091257,u_boost,bonferroni,0.1,,False,0,0,,1082,0,0,0.0,,,,sonnet46
2026091257,u_boost,fixed_sequence,0.14285714285714285,,False,0,0,,1082,0,0,0.0,,,,sonnet46
2026091257,u_boost,bonferroni,0.14285714285714285,,False,0,0,,1082,0,0,0.0,,,,sonnet46
2026091257,u_boost,fixed_sequence,0.2,,False,0,0,,1082,0,0,0.0,,,,sonnet46
2026091257,u_boost,bonferroni,0.2,,False,0,0,,1082,0,0,0.0,,,,sonnet46
2026091257,u_boost,fixed_sequence,0.25,,False,0,0,,1082,0,0,0.0,,,,sonnet46
2026091257,u_boost,bonferroni,0.25,,False,0,0,,1082,0,0,0.0,,,,sonnet46
2026091257,rich_logistic,fixed_sequence,0.1,,False,0,0,,1082,0,0,0.0,,,,sonnet46
2026091257,rich_logistic,bonferroni,0.1,,False,0,0,,1082,0,0,0.0,,,,sonnet46
2026091257,rich_logistic,fixed_sequence,0.14285714285714285,,False,0,0,,1082,0,0,0.0,,,,sonnet46
2026091257,rich_logistic,bonferroni,0.14285714285714285,,False,0,0,,1082,0,0,0.0,,,,sonnet46
2026091257,rich_logistic,fixed_sequence,0.2,,False,0,0,,1082,0,0,0.0,,,,sonnet46
2026091257,rich_logistic,bonferroni,0.2,,False,0,0,,1082,0,0,0.0,,,,sonnet46
2026091257,rich_logistic,fixed_sequence,0.25,,False,0,0,,1082,0,0,0.0,,,,sonnet46
2026091257,rich_logistic,bonferroni,0.25,,False,0,0,,1082,0,0,0.0,,,,sonnet46
2026091257,rich_boost,fixed_sequence,0.1,,False,0,0,,1082,0,0,0.0,,,,sonnet46
2026091257,rich_boost,bonferroni,0.1,,False,0,0,,1082,0,0,0.0,,,,sonnet46
2026091257,rich_boost,fixed_sequence,0.14285714285714285,,False,0,0,,1082,0,0,0.0,,,,sonnet46
2026091257,rich_boost,bonferroni,0.14285714285714285,,False,0,0,,1082,0,0,0.0,,,,sonnet46
2026091257,rich_boost,fixed_sequence,0.2,,False,0,0,,1082,0,0,0.0,,,,sonnet46
2026091257,rich_boost,bonferroni,0.2,,False,0,0,,1082,0,0,0.0,,,,sonnet46
2026091257,rich_boost,fixed_sequence,0.25,,False,0,0,,1082,0,0,0.0,,,,sonnet46
2026091257,rich_boost,bonferroni,0.25,,False,0,0,,1082,0,0,0.0,,,,sonnet46
2026091258,raw_u,fixed_sequence,0.1,,False,0,0,,1082,0,0,0.0,,,,sonnet46
2026091258,raw_u,bonferroni,0.1,,False,0,0,,1082,0,0,0.0,,,,sonnet46
2026091258,raw_u,fixed_sequence,0.14285714285714285,,False,0,0,,1082,0,0,0.0,,,,sonnet46
2026091258,raw_u,bonferroni,0.14285714285714285,,False,0,0,,1082,0,0,0.0,,,,sonnet46
2026091258,raw_u,fixed_sequence,0.2,,False,0,0,,1082,0,0,0.0,,,,sonnet46
2026091258,raw_u,bonferroni,0.2,,False,0,0,,1082,0,0,0.0,,,,sonnet46
2026091258,raw_u,fixed_sequence,0.25,,False,0,0,,1082,0,0,0.0,,,,sonnet46
2026091258,raw_u,bonferroni,0.25,,False,0,0,,1082,0,0,0.0,,,,sonnet46
2026091258,u_boost,fixed_sequence,0.1,,False,0,0,,1082,0,0,0.0,,,,sonnet46
2026091258,u_boost,bonferroni,0.1,,False,0,0,,1082,0,0,0.0,,,,sonnet46
2026091258,u_boost,fixed_sequence,0.14285714285714285,,False,0,0,,1082,0,0,0.0,,,,sonnet46
2026091258,u_boost,bonferroni,0.14285714285714285,,False,0,0,,1082,0,0,0.0,,,,sonnet46
2026091258,u_boost,fixed_sequence,0.2,,False,0,0,,1082,0,0,0.0,,,,sonnet46
2026091258,u_boost,bonferroni,0.2,,False,0,0,,1082,0,0,0.0,,,,sonnet46
2026091258,u_boost,fixed_sequence,0.25,,False,0,0,,1082,0,0,0.0,,,,sonnet46
2026091258,u_boost,bonferroni,0.25,,False,0,0,,1082,0,0,0.0,,,,sonnet46
2026091258,rich_logistic,fixed_sequence,0.1,,False,0,0,,1082,0,0,0.0,,,,sonnet46
2026091258,rich_logistic,bonferroni,0.1,,False,0,0,,1082,0,0,0.0,,,,sonnet46
2026091258,rich_logistic,fixed_sequence,0.14285714285714285,,False,0,0,,1082,0,0,0.0,,,,sonnet46
2026091258,rich_logistic,bonferroni,0.14285714285714285,,False,0,0,,1082,0,0,0.0,,,,sonnet46
2026091258,rich_logistic,fixed_sequence,0.2,,False,0,0,,1082,0,0,0.0,,,,sonnet46
2026091258,rich_logistic,bonferroni,0.2,,False,0,0,,1082,0,0,0.0,,,,sonnet46
2026091258,rich_logistic,fixed_sequence,0.25,,False,0,0,,1082,0,0,0.0,,,,sonnet46
2026091258,rich_logistic,bonferroni,0.25,,False,0,0,,1082,0,0,0.0,,,,sonnet46
2026091258,rich_boost,fixed_sequence,0.1,,False,0,0,,1082,0,0,0.0,,,,sonnet46
2026091258,rich_boost,bonferroni,0.1,,False,0,0,,1082,0,0,0.0,,,,sonnet46
2026091258,rich_boost,fixed_sequence,0.14285714285714285,,False,0,0,,1082,0,0,0.0,,,,sonnet46
2026091258,rich_boost,bonferroni,0.14285714285714285,,False,0,0,,1082,0,0,0.0,,,,sonnet46
2026091258,rich_boost,fixed_sequence,0.2,,False,0,0,,1082,0,0,0.0,,,,sonnet46
2026091258,rich_boost,bonferroni,0.2,,False,0,0,,1082,0,0,0.0,,,,sonnet46
2026091258,rich_boost,fixed_sequence,0.25,,False,0,0,,1082,0,0,0.0,,,,sonnet46
2026091258,rich_boost,bonferroni,0.25,,False,0,0,,1082,0,0,0.0,,,,sonnet46
2026091259,raw_u,fixed_sequence,0.1,,False,0,0,,1082,0,0,0.0,,,,sonnet46
2026091259,raw_u,bonferroni,0.1,,False,0,0,,1082,0,0,0.0,,,,sonnet46
2026091259,raw_u,fixed_sequence,0.14285714285714285,,False,0,0,,1082,0,0,0.0,,,,sonnet46
2026091259,raw_u,bonferroni,0.14285714285714285,,False,0,0,,1082,0,0,0.0,,,,sonnet46
2026091259,raw_u,fixed_sequence,0.2,,False,0,0,,1082,0,0,0.0,,,,sonnet46
2026091259,raw_u,bonferroni,0.2,,False,0,0,,1082,0,0,0.0,,,,sonnet46
2026091259,raw_u,fixed_sequence,0.25,,False,0,0,,1082,0,0,0.0,,,,sonnet46
2026091259,raw_u,bonferroni,0.25,,False,0,0,,1082,0,0,0.0,,,,sonnet46
2026091259,u_boost,fixed_sequence,0.1,,False,0,0,,1082,0,0,0.0,,,,sonnet46
2026091259,u_boost,bonferroni,0.1,,False,0,0,,1082,0,0,0.0,,,,sonnet46
2026091259,u_boost,fixed_sequence,0.14285714285714285,,False,0,0,,1082,0,0,0.0,,,,sonnet46
2026091259,u_boost,bonferroni,0.14285714285714285,,False,0,0,,1082,0,0,0.0,,,,sonnet46
2026091259,u_boost,fixed_sequence,0.2,,False,0,0,,1082,0,0,0.0,,,,sonnet46
2026091259,u_boost,bonferroni,0.2,,False,0,0,,1082,0,0,0.0,,,,sonnet46
2026091259,u_boost,fixed_sequence,0.25,,False,0,0,,1082,0,0,0.0,,,,sonnet46
2026091259,u_boost,bonferroni,0.25,,False,0,0,,1082,0,0,0.0,,,,sonnet46
2026091259,rich_logistic,fixed_sequence,0.1,,False,0,0,,1082,0,0,0.0,,,,sonnet46
2026091259,rich_logistic,bonferroni,0.1,,False,0,0,,1082,0,0,0.0,,,,sonnet46
2026091259,rich_logistic,fixed_sequence,0.14285714285714285,,False,0,0,,1082,0,0,0.0,,,,sonnet46
2026091259,rich_logistic,bonferroni,0.14285714285714285,,False,0,0,,1082,0,0,0.0,,,,sonnet46
2026091259,rich_logistic,fixed_sequence,0.2,,False,0,0,,1082,0,0,0.0,,,,sonnet46
2026091259,rich_logistic,bonferroni,0.2,,False,0,0,,1082,0,0,0.0,,,,sonnet46
2026091259,rich_logistic,fixed_sequence,0.25,,False,0,0,,1082,0,0,0.0,,,,sonnet46
2026091259,rich_logistic,bonferroni,0.25,,False,0,0,,1082,0,0,0.0,,,,sonnet46
2026091259,rich_boost,fixed_sequence,0.1,,False,0,0,,1082,0,0,0.0,,,,sonnet46
2026091259,rich_boost,bonferroni,0.1,,False,0,0,,1082,0,0,0.0,,,,sonnet46
2026091259,rich_boost,fixed_sequence,0.14285714285714285,,False,0,0,,1082,0,0,0.0,,,,sonnet46
2026091259,rich_boost,bonferroni,0.14285714285714285,,False,0,0,,1082,0,0,0.0,,,,sonnet46
2026091259,rich_boost,fixed_sequence,0.2,,False,0,0,,1082,0,0,0.0,,,,sonnet46
2026091259,rich_boost,bonferroni,0.2,,False,0,0,,1082,0,0,0.0,,,,sonnet46
2026091259,rich_boost,fixed_sequence,0.25,,False,0,0,,1082,0,0,0.0,,,,sonnet46
2026091259,rich_boost,bonferroni,0.25,,False,0,0,,1082,0,0,0.0,,,,sonnet46
2026091260,raw_u,fixed_sequence,0.1,,False,0,0,,1082,0,0,0.0,,,,sonnet46
2026091260,raw_u,bonferroni,0.1,,False,0,0,,1082,0,0,0.0,,,,sonnet46
2026091260,raw_u,fixed_sequence,0.14285714285714285,,False,0,0,,1082,0,0,0.0,,,,sonnet46
2026091260,raw_u,bonferroni,0.14285714285714285,,False,0,0,,1082,0,0,0.0,,,,sonnet46
2026091260,raw_u,fixed_sequence,0.2,,False,0,0,,1082,0,0,0.0,,,,sonnet46
2026091260,raw_u,bonferroni,0.2,,False,0,0,,1082,0,0,0.0,,,,sonnet46
2026091260,raw_u,fixed_sequence,0.25,,False,0,0,,1082,0,0,0.0,,,,sonnet46
2026091260,raw_u,bonferroni,0.25,,False,0,0,,1082,0,0,0.0,,,,sonnet46
2026091260,u_boost,fixed_sequence,0.1,,False,0,0,,1082,0,0,0.0,,,,sonnet46
2026091260,u_boost,bonferroni,0.1,,False,0,0,,1082,0,0,0.0,,,,sonnet46
2026091260,u_boost,fixed_sequence,0.14285714285714285,,False,0,0,,1082,0,0,0.0,,,,sonnet46
2026091260,u_boost,bonferroni,0.14285714285714285,,False,0,0,,1082,0,0,0.0,,,,sonnet46
2026091260,u_boost,fixed_sequence,0.2,,False,0,0,,1082,0,0,0.0,,,,sonnet46
2026091260,u_boost,bonferroni,0.2,,False,0,0,,1082,0,0,0.0,,,,sonnet46
2026091260,u_boost,fixed_sequence,0.25,,False,0,0,,1082,0,0,0.0,,,,sonnet46
2026091260,u_boost,bonferroni,0.25,,False,0,0,,1082,0,0,0.0,,,,sonnet46
2026091260,rich_logistic,fixed_sequence,0.1,,False,0,0,,1082,0,0,0.0,,,,sonnet46
2026091260,rich_logistic,bonferroni,0.1,,False,0,0,,1082,0,0,0.0,,,,sonnet46
2026091260,rich_logistic,fixed_sequence,0.14285714285714285,,False,0,0,,1082,0,0,0.0,,,,sonnet46
2026091260,rich_logistic,bonferroni,0.14285714285714285,,False,0,0,,1082,0,0,0.0,,,,sonnet46
2026091260,rich_logistic,fixed_sequence,0.2,,False,0,0,,1082,0,0,0.0,,,,sonnet46
2026091260,rich_logistic,bonferroni,0.2,,False,0,0,,1082,0,0,0.0,,,,sonnet46
2026091260,rich_logistic,fixed_sequence,0.25,,False,0,0,,1082,0,0,0.0,,,,sonnet46
2026091260,rich_logistic,bonferroni,0.25,,False,0,0,,1082,0,0,0.0,,,,sonnet46
2026091260,rich_boost,fixed_sequence,0.1,,False,0,0,,1082,0,0,0.0,,,,sonnet46
2026091260,rich_boost,bonferroni,0.1,,False,0,0,,1082,0,0,0.0,,,,sonnet46
2026091260,rich_boost,fixed_sequence,0.14285714285714285,,False,0,0,,1082,0,0,0.0,,,,sonnet46
2026091260,rich_boost,bonferroni,0.14285714285714285,,False,0,0,,1082,0,0,0.0,,,,sonnet46
2026091260,rich_boost,fixed_sequence,0.2,,False,0,0,,1082,0,0,0.0,,,,sonnet46
2026091260,rich_boost,bonferroni,0.2,,False,0,0,,1082,0,0,0.0,,,,sonnet46
2026091260,rich_boost,fixed_sequence,0.25,,False,0,0,,1082,0,0,0.0,,,,sonnet46
2026091260,rich_boost,bonferroni,0.25,,False,0,0,,1082,0,0,0.0,,,,sonnet46
2026091261,raw_u,fixed_sequence,0.1,,False,0,0,,1082,0,0,0.0,,,,sonnet46
2026091261,raw_u,bonferroni,0.1,,False,0,0,,1082,0,0,0.0,,,,sonnet46
2026091261,raw_u,fixed_sequence,0.14285714285714285,,False,0,0,,1082,0,0,0.0,,,,sonnet46
2026091261,raw_u,bonferroni,0.14285714285714285,,False,0,0,,1082,0,0,0.0,,,,sonnet46
2026091261,raw_u,fixed_sequence,0.2,,False,0,0,,1082,0,0,0.0,,,,sonnet46
2026091261,raw_u,bonferroni,0.2,,False,0,0,,1082,0,0,0.0,,,,sonnet46
2026091261,raw_u,fixed_sequence,0.25,,False,0,0,,1082,0,0,0.0,,,,sonnet46
2026091261,raw_u,bonferroni,0.25,,False,0,0,,1082,0,0,0.0,,,,sonnet46
2026091261,u_boost,fixed_sequence,0.1,,False,0,0,,1082,0,0,0.0,,,,sonnet46
2026091261,u_boost,bonferroni,0.1,,False,0,0,,1082,0,0,0.0,,,,sonnet46
2026091261,u_boost,fixed_sequence,0.14285714285714285,,False,0,0,,1082,0,0,0.0,,,,sonnet46
2026091261,u_boost,bonferroni,0.14285714285714285,,False,0,0,,1082,0,0,0.0,,,,sonnet46
2026091261,u_boost,fixed_sequence,0.2,,False,0,0,,1082,0,0,0.0,,,,sonnet46
2026091261,u_boost,bonferroni,0.2,,False,0,0,,1082,0,0,0.0,,,,sonnet46
2026091261,u_boost,fixed_sequence,0.25,,False,0,0,,1082,0,0,0.0,,,,sonnet46
2026091261,u_boost,bonferroni,0.25,,False,0,0,,1082,0,0,0.0,,,,sonnet46
2026091261,rich_logistic,fixed_sequence,0.1,,False,0,0,,1082,0,0,0.0,,,,sonnet46
2026091261,rich_logistic,bonferroni,0.1,,False,0,0,,1082,0,0,0.0,,,,sonnet46
2026091261,rich_logistic,fixed_sequence,0.14285714285714285,,False,0,0,,1082,0,0,0.0,,,,sonnet46
2026091261,rich_logistic,bonferroni,0.14285714285714285,,False,0,0,,1082,0,0,0.0,,,,sonnet46
2026091261,rich_logistic,fixed_sequence,0.2,,False,0,0,,1082,0,0,0.0,,,,sonnet46
2026091261,rich_logistic,bonferroni,0.2,,False,0,0,,1082,0,0,0.0,,,,sonnet46
2026091261,rich_logistic,fixed_sequence,0.25,,False,0,0,,1082,0,0,0.0,,,,sonnet46
2026091261,rich_logistic,bonferroni,0.25,,False,0,0,,1082,0,0,0.0,,,,sonnet46
2026091261,rich_boost,fixed_sequence,0.1,,False,0,0,,1082,0,0,0.0,,,,sonnet46
2026091261,rich_boost,bonferroni,0.1,,False,0,0,,1082,0,0,0.0,,,,sonnet46
2026091261,rich_boost,fixed_sequence,0.14285714285714285,,False,0,0,,1082,0,0,0.0,,,,sonnet46
2026091261,rich_boost,bonferroni,0.14285714285714285,,False,0,0,,1082,0,0,0.0,,,,sonnet46
2026091261,rich_boost,fixed_sequence,0.2,,False,0,0,,1082,0,0,0.0,,,,sonnet46
2026091261,rich_boost,bonferroni,0.2,,False,0,0,,1082,0,0,0.0,,,,sonnet46
2026091261,rich_boost,fixed_sequence,0.25,,False,0,0,,1082,0,0,0.0,,,,sonnet46
2026091261,rich_boost,bonferroni,0.25,,False,0,0,,1082,0,0,0.0,,,,sonnet46
2026091262,raw_u,fixed_sequence,0.1,,False,0,0,,1082,0,0,0.0,,,,sonnet46
2026091262,raw_u,bonferroni,0.1,,False,0,0,,1082,0,0,0.0,,,,sonnet46
2026091262,raw_u,fixed_sequence,0.14285714285714285,,False,0,0,,1082,0,0,0.0,,,,sonnet46
2026091262,raw_u,bonferroni,0.14285714285714285,,False,0,0,,1082,0,0,0.0,,,,sonnet46
2026091262,raw_u,fixed_sequence,0.2,,False,0,0,,1082,0,0,0.0,,,,sonnet46
2026091262,raw_u,bonferroni,0.2,,False,0,0,,1082,0,0,0.0,,,,sonnet46
2026091262,raw_u,fixed_sequence,0.25,,False,0,0,,1082,0,0,0.0,,,,sonnet46
2026091262,raw_u,bonferroni,0.25,,False,0,0,,1082,0,0,0.0,,,,sonnet46
2026091262,u_boost,fixed_sequence,0.1,,False,0,0,,1082,0,0,0.0,,,,sonnet46
2026091262,u_boost,bonferroni,0.1,,False,0,0,,1082,0,0,0.0,,,,sonnet46
2026091262,u_boost,fixed_sequence,0.14285714285714285,,False,0,0,,1082,0,0,0.0,,,,sonnet46
2026091262,u_boost,bonferroni,0.14285714285714285,,False,0,0,,1082,0,0,0.0,,,,sonnet46
2026091262,u_boost,fixed_sequence,0.2,,False,0,0,,1082,0,0,0.0,,,,sonnet46
2026091262,u_boost,bonferroni,0.2,,False,0,0,,1082,0,0,0.0,,,,sonnet46
2026091262,u_boost,fixed_sequence,0.25,,False,0,0,,1082,0,0,0.0,,,,sonnet46
2026091262,u_boost,bonferroni,0.25,,False,0,0,,1082,0,0,0.0,,,,sonnet46
2026091262,rich_logistic,fixed_sequence,0.1,,False,0,0,,1082,0,0,0.0,,,,sonnet46
2026091262,rich_logistic,bonferroni,0.1,,False,0,0,,1082,0,0,0.0,,,,sonnet46
2026091262,rich_logistic,fixed_sequence,0.14285714285714285,,False,0,0,,1082,0,0,0.0,,,,sonnet46
2026091262,rich_logistic,bonferroni,0.14285714285714285,,False,0,0,,1082,0,0,0.0,,,,sonnet46
2026091262,rich_logistic,fixed_sequence,0.2,,False,0,0,,1082,0,0,0.0,,,,sonnet46
2026091262,rich_logistic,bonferroni,0.2,,False,0,0,,1082,0,0,0.0,,,,sonnet46
2026091262,rich_logistic,fixed_sequence,0.25,,False,0,0,,1082,0,0,0.0,,,,sonnet46
2026091262,rich_logistic,bonferroni,0.25,,False,0,0,,1082,0,0,0.0,,,,sonnet46
2026091262,rich_boost,fixed_sequence,0.1,,False,0,0,,1082,0,0,0.0,,,,sonnet46
2026091262,rich_boost,bonferroni,0.1,,False,0,0,,1082,0,0,0.0,,,,sonnet46
2026091262,rich_boost,fixed_sequence,0.14285714285714285,,False,0,0,,1082,0,0,0.0,,,,sonnet46
2026091262,rich_boost,bonferroni,0.14285714285714285,,False,0,0,,1082,0,0,0.0,,,,sonnet46
2026091262,rich_boost,fixed_sequence,0.2,,False,0,0,,1082,0,0,0.0,,,,sonnet46
2026091262,rich_boost,bonferroni,0.2,,False,0,0,,1082,0,0,0.0,,,,sonnet46
2026091262,rich_boost,fixed_sequence,0.25,,False,0,0,,1082,0,0,0.0,,,,sonnet46
2026091262,rich_boost,bonferroni,0.25,,False,0,0,,1082,0,0,0.0,,,,sonnet46
2026091263,raw_u,fixed_sequence,0.1,,False,0,0,,1082,0,0,0.0,,,,sonnet46
2026091263,raw_u,bonferroni,0.1,,False,0,0,,1082,0,0,0.0,,,,sonnet46
2026091263,raw_u,fixed_sequence,0.14285714285714285,,False,0,0,,1082,0,0,0.0,,,,sonnet46
2026091263,raw_u,bonferroni,0.14285714285714285,,False,0,0,,1082,0,0,0.0,,,,sonnet46
2026091263,raw_u,fixed_sequence,0.2,,False,0,0,,1082,0,0,0.0,,,,sonnet46
2026091263,raw_u,bonferroni,0.2,,False,0,0,,1082,0,0,0.0,,,,sonnet46
2026091263,raw_u,fixed_sequence,0.25,,False,0,0,,1082,0,0,0.0,,,,sonnet46
2026091263,raw_u,bonferroni,0.25,,False,0,0,,1082,0,0,0.0,,,,sonnet46
2026091263,u_boost,fixed_sequence,0.1,,False,0,0,,1082,0,0,0.0,,,,sonnet46
2026091263,u_boost,bonferroni,0.1,,False,0,0,,1082,0,0,0.0,,,,sonnet46
2026091263,u_boost,fixed_sequence,0.14285714285714285,,False,0,0,,1082,0,0,0.0,,,,sonnet46
2026091263,u_boost,bonferroni,0.14285714285714285,,False,0,0,,1082,0,0,0.0,,,,sonnet46
2026091263,u_boost,fixed_sequence,0.2,,False,0,0,,1082,0,0,0.0,,,,sonnet46
2026091263,u_boost,bonferroni,0.2,,False,0,0,,1082,0,0,0.0,,,,sonnet46
2026091263,u_boost,fixed_sequence,0.25,,False,0,0,,1082,0,0,0.0,,,,sonnet46
2026091263,u_boost,bonferroni,0.25,,False,0,0,,1082,0,0,0.0,,,,sonnet46
2026091263,rich_logistic,fixed_sequence,0.1,,False,0,0,,1082,0,0,0.0,,,,sonnet46
2026091263,rich_logistic,bonferroni,0.1,,False,0,0,,1082,0,0,0.0,,,,sonnet46
2026091263,rich_logistic,fixed_sequence,0.14285714285714285,,False,0,0,,1082,0,0,0.0,,,,sonnet46
2026091263,rich_logistic,bonferroni,0.14285714285714285,,False,0,0,,1082,0,0,0.0,,,,sonnet46
2026091263,rich_logistic,fixed_sequence,0.2,,False,0,0,,1082,0,0,0.0,,,,sonnet46
2026091263,rich_logistic,bonferroni,0.2,,False,0,0,,1082,0,0,0.0,,,,sonnet46
2026091263,rich_logistic,fixed_sequence,0.25,,False,0,0,,1082,0,0,0.0,,,,sonnet46
2026091263,rich_logistic,bonferroni,0.25,,False,0,0,,1082,0,0,0.0,,,,sonnet46
2026091263,rich_boost,fixed_sequence,0.1,,False,0,0,,1082,0,0,0.0,,,,sonnet46
2026091263,rich_boost,bonferroni,0.1,,False,0,0,,1082,0,0,0.0,,,,sonnet46
2026091263,rich_boost,fixed_sequence,0.14285714285714285,,False,0,0,,1082,0,0,0.0,,,,sonnet46
2026091263,rich_boost,bonferroni,0.14285714285714285,,False,0,0,,1082,0,0,0.0,,,,sonnet46
2026091263,rich_boost,fixed_sequence,0.2,,False,0,0,,1082,0,0,0.0,,,,sonnet46
2026091263,rich_boost,bonferroni,0.2,,False,0,0,,1082,0,0,0.0,,,,sonnet46
2026091263,rich_boost,fixed_sequence,0.25,,False,0,0,,1082,0,0,0.0,,,,sonnet46
2026091263,rich_boost,bonferroni,0.25,,False,0,0,,1082,0,0,0.0,,,,sonnet46
2026091264,raw_u,fixed_sequence,0.1,,False,0,0,,1082,0,0,0.0,,,,sonnet46
2026091264,raw_u,bonferroni,0.1,,False,0,0,,1082,0,0,0.0,,,,sonnet46
2026091264,raw_u,fixed_sequence,0.14285714285714285,,False,0,0,,1082,0,0,0.0,,,,sonnet46
2026091264,raw_u,bonferroni,0.14285714285714285,,False,0,0,,1082,0,0,0.0,,,,sonnet46
2026091264,raw_u,fixed_sequence,0.2,,False,0,0,,1082,0,0,0.0,,,,sonnet46
2026091264,raw_u,bonferroni,0.2,,False,0,0,,1082,0,0,0.0,,,,sonnet46
2026091264,raw_u,fixed_sequence,0.25,,False,0,0,,1082,0,0,0.0,,,,sonnet46
2026091264,raw_u,bonferroni,0.25,,False,0,0,,1082,0,0,0.0,,,,sonnet46
2026091264,u_boost,fixed_sequence,0.1,,False,0,0,,1082,0,0,0.0,,,,sonnet46
2026091264,u_boost,bonferroni,0.1,,False,0,0,,1082,0,0,0.0,,,,sonnet46
2026091264,u_boost,fixed_sequence,0.14285714285714285,,False,0,0,,1082,0,0,0.0,,,,sonnet46
2026091264,u_boost,bonferroni,0.14285714285714285,,False,0,0,,1082,0,0,0.0,,,,sonnet46
2026091264,u_boost,fixed_sequence,0.2,,False,0,0,,1082,0,0,0.0,,,,sonnet46
2026091264,u_boost,bonferroni,0.2,,False,0,0,,1082,0,0,0.0,,,,sonnet46
2026091264,u_boost,fixed_sequence,0.25,,False,0,0,,1082,0,0,0.0,,,,sonnet46
2026091264,u_boost,bonferroni,0.25,,False,0,0,,1082,0,0,0.0,,,,sonnet46
2026091264,rich_logistic,fixed_sequence,0.1,,False,0,0,,1082,0,0,0.0,,,,sonnet46
2026091264,rich_logistic,bonferroni,0.1,,False,0,0,,1082,0,0,0.0,,,,sonnet46
2026091264,rich_logistic,fixed_sequence,0.14285714285714285,,False,0,0,,1082,0,0,0.0,,,,sonnet46
2026091264,rich_logistic,bonferroni,0.14285714285714285,,False,0,0,,1082,0,0,0.0,,,,sonnet46
2026091264,rich_logistic,fixed_sequence,0.2,,False,0,0,,1082,0,0,0.0,,,,sonnet46
2026091264,rich_logistic,bonferroni,0.2,,False,0,0,,1082,0,0,0.0,,,,sonnet46
2026091264,rich_logistic,fixed_sequence,0.25,,False,0,0,,1082,0,0,0.0,,,,sonnet46
2026091264,rich_logistic,bonferroni,0.25,,False,0,0,,1082,0,0,0.0,,,,sonnet46
2026091264,rich_boost,fixed_sequence,0.1,,False,0,0,,1082,0,0,0.0,,,,sonnet46
2026091264,rich_boost,bonferroni,0.1,,False,0,0,,1082,0,0,0.0,,,,sonnet46
2026091264,rich_boost,fixed_sequence,0.14285714285714285,,False,0,0,,1082,0,0,0.0,,,,sonnet46
2026091264,rich_boost,bonferroni,0.14285714285714285,,False,0,0,,1082,0,0,0.0,,,,sonnet46
2026091264,rich_boost,fixed_sequence,0.2,,False,0,0,,1082,0,0,0.0,,,,sonnet46
2026091264,rich_boost,bonferroni,0.2,,False,0,0,,1082,0,0,0.0,,,,sonnet46
2026091264,rich_boost,fixed_sequence,0.25,,False,0,0,,1082,0,0,0.0,,,,sonnet46
2026091264,rich_boost,bonferroni,0.25,,False,0,0,,1082,0,0,0.0,,,,sonnet46
2026091265,raw_u,fixed_sequence,0.1,,False,0,0,,1082,0,0,0.0,,,,sonnet46
2026091265,raw_u,bonferroni,0.1,,False,0,0,,1082,0,0,0.0,,,,sonnet46
2026091265,raw_u,fixed_sequence,0.14285714285714285,,False,0,0,,1082,0,0,0.0,,,,sonnet46
2026091265,raw_u,bonferroni,0.14285714285714285,,False,0,0,,1082,0,0,0.0,,,,sonnet46
2026091265,raw_u,fixed_sequence,0.2,,False,0,0,,1082,0,0,0.0,,,,sonnet46
2026091265,raw_u,bonferroni,0.2,,False,0,0,,1082,0,0,0.0,,,,sonnet46
2026091265,raw_u,fixed_sequence,0.25,,False,0,0,,1082,0,0,0.0,,,,sonnet46
2026091265,raw_u,bonferroni,0.25,,False,0,0,,1082,0,0,0.0,,,,sonnet46
2026091265,u_boost,fixed_sequence,0.1,,False,0,0,,1082,0,0,0.0,,,,sonnet46
2026091265,u_boost,bonferroni,0.1,,False,0,0,,1082,0,0,0.0,,,,sonnet46
2026091265,u_boost,fixed_sequence,0.14285714285714285,,False,0,0,,1082,0,0,0.0,,,,sonnet46
2026091265,u_boost,bonferroni,0.14285714285714285,,False,0,0,,1082,0,0,0.0,,,,sonnet46
2026091265,u_boost,fixed_sequence,0.2,,False,0,0,,1082,0,0,0.0,,,,sonnet46
2026091265,u_boost,bonferroni,0.2,,False,0,0,,1082,0,0,0.0,,,,sonnet46
2026091265,u_boost,fixed_sequence,0.25,,False,0,0,,1082,0,0,0.0,,,,sonnet46
2026091265,u_boost,bonferroni,0.25,,False,0,0,,1082,0,0,0.0,,,,sonnet46
2026091265,rich_logistic,fixed_sequence,0.1,,False,0,0,,1082,0,0,0.0,,,,sonnet46
2026091265,rich_logistic,bonferroni,0.1,,False,0,0,,1082,0,0,0.0,,,,sonnet46
2026091265,rich_logistic,fixed_sequence,0.14285714285714285,,False,0,0,,1082,0,0,0.0,,,,sonnet46
2026091265,rich_logistic,bonferroni,0.14285714285714285,,False,0,0,,1082,0,0,0.0,,,,sonnet46
2026091265,rich_logistic,fixed_sequence,0.2,,False,0,0,,1082,0,0,0.0,,,,sonnet46
2026091265,rich_logistic,bonferroni,0.2,,False,0,0,,1082,0,0,0.0,,,,sonnet46
2026091265,rich_logistic,fixed_sequence,0.25,,False,0,0,,1082,0,0,0.0,,,,sonnet46
2026091265,rich_logistic,bonferroni,0.25,,False,0,0,,1082,0,0,0.0,,,,sonnet46
2026091265,rich_boost,fixed_sequence,0.1,,False,0,0,,1082,0,0,0.0,,,,sonnet46
2026091265,rich_boost,bonferroni,0.1,,False,0,0,,1082,0,0,0.0,,,,sonnet46
2026091265,rich_boost,fixed_sequence,0.14285714285714285,,False,0,0,,1082,0,0,0.0,,,,sonnet46
2026091265,rich_boost,bonferroni,0.14285714285714285,,False,0,0,,1082,0,0,0.0,,,,sonnet46
2026091265,rich_boost,fixed_sequence,0.2,,False,0,0,,1082,0,0,0.0,,,,sonnet46
2026091265,rich_boost,bonferroni,0.2,,False,0,0,,1082,0,0,0.0,,,,sonnet46
2026091265,rich_boost,fixed_sequence,0.25,,False,0,0,,1082,0,0,0.0,,,,sonnet46
2026091265,rich_boost,bonferroni,0.25,,False,0,0,,1082,0,0,0.0,,,,sonnet46
2026091266,raw_u,fixed_sequence,0.1,,False,0,0,,1082,0,0,0.0,,,,sonnet46
2026091266,raw_u,bonferroni,0.1,,False,0,0,,1082,0,0,0.0,,,,sonnet46
2026091266,raw_u,fixed_sequence,0.14285714285714285,,False,0,0,,1082,0,0,0.0,,,,sonnet46
2026091266,raw_u,bonferroni,0.14285714285714285,,False,0,0,,1082,0,0,0.0,,,,sonnet46
2026091266,raw_u,fixed_sequence,0.2,,False,0,0,,1082,0,0,0.0,,,,sonnet46
2026091266,raw_u,bonferroni,0.2,,False,0,0,,1082,0,0,0.0,,,,sonnet46
2026091266,raw_u,fixed_sequence,0.25,,False,0,0,,1082,0,0,0.0,,,,sonnet46
2026091266,raw_u,bonferroni,0.25,,False,0,0,,1082,0,0,0.0,,,,sonnet46
2026091266,u_boost,fixed_sequence,0.1,,False,0,0,,1082,0,0,0.0,,,,sonnet46
2026091266,u_boost,bonferroni,0.1,,False,0,0,,1082,0,0,0.0,,,,sonnet46
2026091266,u_boost,fixed_sequence,0.14285714285714285,,False,0,0,,1082,0,0,0.0,,,,sonnet46
2026091266,u_boost,bonferroni,0.14285714285714285,,False,0,0,,1082,0,0,0.0,,,,sonnet46
2026091266,u_boost,fixed_sequence,0.2,,False,0,0,,1082,0,0,0.0,,,,sonnet46
2026091266,u_boost,bonferroni,0.2,,False,0,0,,1082,0,0,0.0,,,,sonnet46
2026091266,u_boost,fixed_sequence,0.25,,False,0,0,,1082,0,0,0.0,,,,sonnet46
2026091266,u_boost,bonferroni,0.25,,False,0,0,,1082,0,0,0.0,,,,sonnet46
2026091266,rich_logistic,fixed_sequence,0.1,,False,0,0,,1082,0,0,0.0,,,,sonnet46
2026091266,rich_logistic,bonferroni,0.1,,False,0,0,,1082,0,0,0.0,,,,sonnet46
2026091266,rich_logistic,fixed_sequence,0.14285714285714285,,False,0,0,,1082,0,0,0.0,,,,sonnet46
2026091266,rich_logistic,bonferroni,0.14285714285714285,,False,0,0,,1082,0,0,0.0,,,,sonnet46
2026091266,rich_logistic,fixed_sequence,0.2,,False,0,0,,1082,0,0,0.0,,,,sonnet46
2026091266,rich_logistic,bonferroni,0.2,,False,0,0,,1082,0,0,0.0,,,,sonnet46
2026091266,rich_logistic,fixed_sequence,0.25,,False,0,0,,1082,0,0,0.0,,,,sonnet46
2026091266,rich_logistic,bonferroni,0.25,,False,0,0,,1082,0,0,0.0,,,,sonnet46
2026091266,rich_boost,fixed_sequence,0.1,,False,0,0,,1082,0,0,0.0,,,,sonnet46
2026091266,rich_boost,bonferroni,0.1,,False,0,0,,1082,0,0,0.0,,,,sonnet46
2026091266,rich_boost,fixed_sequence,0.14285714285714285,,False,0,0,,1082,0,0,0.0,,,,sonnet46
2026091266,rich_boost,bonferroni,0.14285714285714285,,False,0,0,,1082,0,0,0.0,,,,sonnet46
2026091266,rich_boost,fixed_sequence,0.2,,False,0,0,,1082,0,0,0.0,,,,sonnet46
2026091266,rich_boost,bonferroni,0.2,,False,0,0,,1082,0,0,0.0,,,,sonnet46
2026091266,rich_boost,fixed_sequence,0.25,,False,0,0,,1082,0,0,0.0,,,,sonnet46
2026091266,rich_boost,bonferroni,0.25,,False,0,0,,1082,0,0,0.0,,,,sonnet46
2026091267,raw_u,fixed_sequence,0.1,,False,0,0,,1082,0,0,0.0,,,,sonnet46
2026091267,raw_u,bonferroni,0.1,,False,0,0,,1082,0,0,0.0,,,,sonnet46
2026091267,raw_u,fixed_sequence,0.14285714285714285,,False,0,0,,1082,0,0,0.0,,,,sonnet46
2026091267,raw_u,bonferroni,0.14285714285714285,,False,0,0,,1082,0,0,0.0,,,,sonnet46
2026091267,raw_u,fixed_sequence,0.2,,False,0,0,,1082,0,0,0.0,,,,sonnet46
2026091267,raw_u,bonferroni,0.2,,False,0,0,,1082,0,0,0.0,,,,sonnet46
2026091267,raw_u,fixed_sequence,0.25,0.8571428571428571,True,42,3,0.2139582054977552,1082,33,10,0.030499075785582256,0.30303030303030304,0.15591660239698577,0.48711069753839337,sonnet46
2026091267,raw_u,bonferroni,0.25,,False,0,0,,1082,0,0,0.0,,,,sonnet46
2026091267,u_boost,fixed_sequence,0.1,,False,0,0,,1082,0,0,0.0,,,,sonnet46
2026091267,u_boost,bonferroni,0.1,,False,0,0,,1082,0,0,0.0,,,,sonnet46
2026091267,u_boost,fixed_sequence,0.14285714285714285,,False,0,0,,1082,0,0,0.0,,,,sonnet46
2026091267,u_boost,bonferroni,0.14285714285714285,,False,0,0,,1082,0,0,0.0,,,,sonnet46
2026091267,u_boost,fixed_sequence,0.2,,False,0,0,,1082,0,0,0.0,,,,sonnet46
2026091267,u_boost,bonferroni,0.2,,False,0,0,,1082,0,0,0.0,,,,sonnet46
2026091267,u_boost,fixed_sequence,0.25,0.78,True,42,3,0.2139582054977552,1082,33,10,0.030499075785582256,0.30303030303030304,0.15591660239698577,0.48711069753839337,sonnet46
2026091267,u_boost,bonferroni,0.25,,False,0,0,,1082,0,0,0.0,,,,sonnet46
2026091267,rich_logistic,fixed_sequence,0.1,,False,0,0,,1082,0,0,0.0,,,,sonnet46
2026091267,rich_logistic,bonferroni,0.1,,False,0,0,,1082,0,0,0.0,,,,sonnet46
2026091267,rich_logistic,fixed_sequence,0.14285714285714285,,False,0,0,,1082,0,0,0.0,,,,sonnet46
2026091267,rich_logistic,bonferroni,0.14285714285714285,,False,0,0,,1082,0,0,0.0,,,,sonnet46
2026091267,rich_logistic,fixed_sequence,0.2,,False,0,0,,1082,0,0,0.0,,,,sonnet46
2026091267,rich_logistic,bonferroni,0.2,,False,0,0,,1082,0,0,0.0,,,,sonnet46
2026091267,rich_logistic,fixed_sequence,0.25,0.77,True,57,5,0.20907284179715255,1082,46,13,0.04251386321626617,0.2826086956521739,0.15986670192490265,0.434604077784251,sonnet46
2026091267,rich_logistic,bonferroni,0.25,,False,0,0,,1082,0,0,0.0,,,,sonnet46
2026091267,rich_boost,fixed_sequence,0.1,,False,0,0,,1082,0,0,0.0,,,,sonnet46
2026091267,rich_boost,bonferroni,0.1,,False,0,0,,1082,0,0,0.0,,,,sonnet46
2026091267,rich_boost,fixed_sequence,0.14285714285714285,,False,0,0,,1082,0,0,0.0,,,,sonnet46
2026091267,rich_boost,bonferroni,0.14285714285714285,,False,0,0,,1082,0,0,0.0,,,,sonnet46
2026091267,rich_boost,fixed_sequence,0.2,,False,0,0,,1082,0,0,0.0,,,,sonnet46
2026091267,rich_boost,bonferroni,0.2,,False,0,0,,1082,0,0,0.0,,,,sonnet46
2026091267,rich_boost,fixed_sequence,0.25,,False,0,0,,1082,0,0,0.0,,,,sonnet46
2026091267,rich_boost,bonferroni,0.25,,False,0,0,,1082,0,0,0.0,,,,sonnet46
2026091268,raw_u,fixed_sequence,0.1,,False,0,0,,1082,0,0,0.0,,,,sonnet46
2026091268,raw_u,bonferroni,0.1,,False,0,0,,1082,0,0,0.0,,,,sonnet46
2026091268,raw_u,fixed_sequence,0.14285714285714285,,False,0,0,,1082,0,0,0.0,,,,sonnet46
2026091268,raw_u,bonferroni,0.14285714285714285,,False,0,0,,1082,0,0,0.0,,,,sonnet46
2026091268,raw_u,fixed_sequence,0.2,,False,0,0,,1082,0,0,0.0,,,,sonnet46
2026091268,raw_u,bonferroni,0.2,,False,0,0,,1082,0,0,0.0,,,,sonnet46
2026091268,raw_u,fixed_sequence,0.25,,False,0,0,,1082,0,0,0.0,,,,sonnet46
2026091268,raw_u,bonferroni,0.25,,False,0,0,,1082,0,0,0.0,,,,sonnet46
2026091268,u_boost,fixed_sequence,0.1,,False,0,0,,1082,0,0,0.0,,,,sonnet46
2026091268,u_boost,bonferroni,0.1,,False,0,0,,1082,0,0,0.0,,,,sonnet46
2026091268,u_boost,fixed_sequence,0.14285714285714285,,False,0,0,,1082,0,0,0.0,,,,sonnet46
2026091268,u_boost,bonferroni,0.14285714285714285,,False,0,0,,1082,0,0,0.0,,,,sonnet46
2026091268,u_boost,fixed_sequence,0.2,,False,0,0,,1082,0,0,0.0,,,,sonnet46
2026091268,u_boost,bonferroni,0.2,,False,0,0,,1082,0,0,0.0,,,,sonnet46
2026091268,u_boost,fixed_sequence,0.25,,False,0,0,,1082,0,0,0.0,,,,sonnet46
2026091268,u_boost,bonferroni,0.25,,False,0,0,,1082,0,0,0.0,,,,sonnet46
2026091268,rich_logistic,fixed_sequence,0.1,,False,0,0,,1082,0,0,0.0,,,,sonnet46
2026091268,rich_logistic,bonferroni,0.1,,False,0,0,,1082,0,0,0.0,,,,sonnet46
2026091268,rich_logistic,fixed_sequence,0.14285714285714285,,False,0,0,,1082,0,0,0.0,,,,sonnet46
2026091268,rich_logistic,bonferroni,0.14285714285714285,,False,0,0,,1082,0,0,0.0,,,,sonnet46
2026091268,rich_logistic,fixed_sequence,0.2,,False,0,0,,1082,0,0,0.0,,,,sonnet46
2026091268,rich_logistic,bonferroni,0.2,,False,0,0,,1082,0,0,0.0,,,,sonnet46
2026091268,rich_logistic,fixed_sequence,0.25,,False,0,0,,1082,0,0,0.0,,,,sonnet46
2026091268,rich_logistic,bonferroni,0.25,,False,0,0,,1082,0,0,0.0,,,,sonnet46
2026091268,rich_boost,fixed_sequence,0.1,,False,0,0,,1082,0,0,0.0,,,,sonnet46
2026091268,rich_boost,bonferroni,0.1,,False,0,0,,1082,0,0,0.0,,,,sonnet46
2026091268,rich_boost,fixed_sequence,0.14285714285714285,,False,0,0,,1082,0,0,0.0,,,,sonnet46
2026091268,rich_boost,bonferroni,0.14285714285714285,,False,0,0,,1082,0,0,0.0,,,,sonnet46
2026091268,rich_boost,fixed_sequence,0.2,,False,0,0,,1082,0,0,0.0,,,,sonnet46
2026091268,rich_boost,bonferroni,0.2,,False,0,0,,1082,0,0,0.0,,,,sonnet46
2026091268,rich_boost,fixed_sequence,0.25,,False,0,0,,1082,0,0,0.0,,,,sonnet46
2026091268,rich_boost,bonferroni,0.25,,False,0,0,,1082,0,0,0.0,,,,sonnet46
2026091269,raw_u,fixed_sequence,0.1,,False,0,0,,1082,0,0,0.0,,,,sonnet46
2026091269,raw_u,bonferroni,0.1,,False,0,0,,1082,0,0,0.0,,,,sonnet46
2026091269,raw_u,fixed_sequence,0.14285714285714285,,False,0,0,,1082,0,0,0.0,,,,sonnet46
2026091269,raw_u,bonferroni,0.14285714285714285,,False,0,0,,1082,0,0,0.0,,,,sonnet46
2026091269,raw_u,fixed_sequence,0.2,,False,0,0,,1082,0,0,0.0,,,,sonnet46
2026091269,raw_u,bonferroni,0.2,,False,0,0,,1082,0,0,0.0,,,,sonnet46
2026091269,raw_u,fixed_sequence,0.25,,False,0,0,,1082,0,0,0.0,,,,sonnet46
2026091269,raw_u,bonferroni,0.25,,False,0,0,,1082,0,0,0.0,,,,sonnet46
2026091269,u_boost,fixed_sequence,0.1,,False,0,0,,1082,0,0,0.0,,,,sonnet46
2026091269,u_boost,bonferroni,0.1,,False,0,0,,1082,0,0,0.0,,,,sonnet46
2026091269,u_boost,fixed_sequence,0.14285714285714285,,False,0,0,,1082,0,0,0.0,,,,sonnet46
2026091269,u_boost,bonferroni,0.14285714285714285,,False,0,0,,1082,0,0,0.0,,,,sonnet46
2026091269,u_boost,fixed_sequence,0.2,,False,0,0,,1082,0,0,0.0,,,,sonnet46
2026091269,u_boost,bonferroni,0.2,,False,0,0,,1082,0,0,0.0,,,,sonnet46
2026091269,u_boost,fixed_sequence,0.25,,False,0,0,,1082,0,0,0.0,,,,sonnet46
2026091269,u_boost,bonferroni,0.25,,False,0,0,,1082,0,0,0.0,,,,sonnet46
2026091269,rich_logistic,fixed_sequence,0.1,,False,0,0,,1082,0,0,0.0,,,,sonnet46
2026091269,rich_logistic,bonferroni,0.1,,False,0,0,,1082,0,0,0.0,,,,sonnet46
2026091269,rich_logistic,fixed_sequence,0.14285714285714285,,False,0,0,,1082,0,0,0.0,,,,sonnet46
2026091269,rich_logistic,bonferroni,0.14285714285714285,,False,0,0,,1082,0,0,0.0,,,,sonnet46
2026091269,rich_logistic,fixed_sequence,0.2,,False,0,0,,1082,0,0,0.0,,,,sonnet46
2026091269,rich_logistic,bonferroni,0.2,,False,0,0,,1082,0,0,0.0,,,,sonnet46
2026091269,rich_logistic,fixed_sequence,0.25,,False,0,0,,1082,0,0,0.0,,,,sonnet46
2026091269,rich_logistic,bonferroni,0.25,,False,0,0,,1082,0,0,0.0,,,,sonnet46
2026091269,rich_boost,fixed_sequence,0.1,,False,0,0,,1082,0,0,0.0,,,,sonnet46
2026091269,rich_boost,bonferroni,0.1,,False,0,0,,1082,0,0,0.0,,,,sonnet46
2026091269,rich_boost,fixed_sequence,0.14285714285714285,,False,0,0,,1082,0,0,0.0,,,,sonnet46
2026091269,rich_boost,bonferroni,0.14285714285714285,,False,0,0,,1082,0,0,0.0,,,,sonnet46
2026091269,rich_boost,fixed_sequence,0.2,,False,0,0,,1082,0,0,0.0,,,,sonnet46
2026091269,rich_boost,bonferroni,0.2,,False,0,0,,1082,0,0,0.0,,,,sonnet46
2026091269,rich_boost,fixed_sequence,0.25,,False,0,0,,1082,0,0,0.0,,,,sonnet46
2026091269,rich_boost,bonferroni,0.25,,False,0,0,,1082,0,0,0.0,,,,sonnet46
2026091270,raw_u,fixed_sequence,0.1,,False,0,0,,1082,0,0,0.0,,,,sonnet46
2026091270,raw_u,bonferroni,0.1,,False,0,0,,1082,0,0,0.0,,,,sonnet46
2026091270,raw_u,fixed_sequence,0.14285714285714285,,False,0,0,,1082,0,0,0.0,,,,sonnet46
2026091270,raw_u,bonferroni,0.14285714285714285,,False,0,0,,1082,0,0,0.0,,,,sonnet46
2026091270,raw_u,fixed_sequence,0.2,,False,0,0,,1082,0,0,0.0,,,,sonnet46
2026091270,raw_u,bonferroni,0.2,,False,0,0,,1082,0,0,0.0,,,,sonnet46
2026091270,raw_u,fixed_sequence,0.25,,False,0,0,,1082,0,0,0.0,,,,sonnet46
2026091270,raw_u,bonferroni,0.25,,False,0,0,,1082,0,0,0.0,,,,sonnet46
2026091270,u_boost,fixed_sequence,0.1,,False,0,0,,1082,0,0,0.0,,,,sonnet46
2026091270,u_boost,bonferroni,0.1,,False,0,0,,1082,0,0,0.0,,,,sonnet46
2026091270,u_boost,fixed_sequence,0.14285714285714285,,False,0,0,,1082,0,0,0.0,,,,sonnet46
2026091270,u_boost,bonferroni,0.14285714285714285,,False,0,0,,1082,0,0,0.0,,,,sonnet46
2026091270,u_boost,fixed_sequence,0.2,,False,0,0,,1082,0,0,0.0,,,,sonnet46
2026091270,u_boost,bonferroni,0.2,,False,0,0,,1082,0,0,0.0,,,,sonnet46
2026091270,u_boost,fixed_sequence,0.25,,False,0,0,,1082,0,0,0.0,,,,sonnet46
2026091270,u_boost,bonferroni,0.25,,False,0,0,,1082,0,0,0.0,,,,sonnet46
2026091270,rich_logistic,fixed_sequence,0.1,,False,0,0,,1082,0,0,0.0,,,,sonnet46
2026091270,rich_logistic,bonferroni,0.1,,False,0,0,,1082,0,0,0.0,,,,sonnet46
2026091270,rich_logistic,fixed_sequence,0.14285714285714285,,False,0,0,,1082,0,0,0.0,,,,sonnet46
2026091270,rich_logistic,bonferroni,0.14285714285714285,,False,0,0,,1082,0,0,0.0,,,,sonnet46
2026091270,rich_logistic,fixed_sequence,0.2,,False,0,0,,1082,0,0,0.0,,,,sonnet46
2026091270,rich_logistic,bonferroni,0.2,,False,0,0,,1082,0,0,0.0,,,,sonnet46
2026091270,rich_logistic,fixed_sequence,0.25,,False,0,0,,1082,0,0,0.0,,,,sonnet46
2026091270,rich_logistic,bonferroni,0.25,,False,0,0,,1082,0,0,0.0,,,,sonnet46
2026091270,rich_boost,fixed_sequence,0.1,,False,0,0,,1082,0,0,0.0,,,,sonnet46
2026091270,rich_boost,bonferroni,0.1,,False,0,0,,1082,0,0,0.0,,,,sonnet46
2026091270,rich_boost,fixed_sequence,0.14285714285714285,,False,0,0,,1082,0,0,0.0,,,,sonnet46
2026091270,rich_boost,bonferroni,0.14285714285714285,,False,0,0,,1082,0,0,0.0,,,,sonnet46
2026091270,rich_boost,fixed_sequence,0.2,,False,0,0,,1082,0,0,0.0,,,,sonnet46
2026091270,rich_boost,bonferroni,0.2,,False,0,0,,1082,0,0,0.0,,,,sonnet46
2026091270,rich_boost,fixed_sequence,0.25,,False,0,0,,1082,0,0,0.0,,,,sonnet46
2026091270,rich_boost,bonferroni,0.25,,False,0,0,,1082,0,0,0.0,,,,sonnet46
2026091271,raw_u,fixed_sequence,0.1,,False,0,0,,1082,0,0,0.0,,,,sonnet46
2026091271,raw_u,bonferroni,0.1,,False,0,0,,1082,0,0,0.0,,,,sonnet46
2026091271,raw_u,fixed_sequence,0.14285714285714285,,False,0,0,,1082,0,0,0.0,,,,sonnet46
2026091271,raw_u,bonferroni,0.14285714285714285,,False,0,0,,1082,0,0,0.0,,,,sonnet46
2026091271,raw_u,fixed_sequence,0.2,,False,0,0,,1082,0,0,0.0,,,,sonnet46
2026091271,raw_u,bonferroni,0.2,,False,0,0,,1082,0,0,0.0,,,,sonnet46
2026091271,raw_u,fixed_sequence,0.25,,False,0,0,,1082,0,0,0.0,,,,sonnet46
2026091271,raw_u,bonferroni,0.25,,False,0,0,,1082,0,0,0.0,,,,sonnet46
2026091271,u_boost,fixed_sequence,0.1,,False,0,0,,1082,0,0,0.0,,,,sonnet46
2026091271,u_boost,bonferroni,0.1,,False,0,0,,1082,0,0,0.0,,,,sonnet46
2026091271,u_boost,fixed_sequence,0.14285714285714285,,False,0,0,,1082,0,0,0.0,,,,sonnet46
2026091271,u_boost,bonferroni,0.14285714285714285,,False,0,0,,1082,0,0,0.0,,,,sonnet46
2026091271,u_boost,fixed_sequence,0.2,,False,0,0,,1082,0,0,0.0,,,,sonnet46
2026091271,u_boost,bonferroni,0.2,,False,0,0,,1082,0,0,0.0,,,,sonnet46
2026091271,u_boost,fixed_sequence,0.25,,False,0,0,,1082,0,0,0.0,,,,sonnet46
2026091271,u_boost,bonferroni,0.25,,False,0,0,,1082,0,0,0.0,,,,sonnet46
2026091271,rich_logistic,fixed_sequence,0.1,,False,0,0,,1082,0,0,0.0,,,,sonnet46
2026091271,rich_logistic,bonferroni,0.1,,False,0,0,,1082,0,0,0.0,,,,sonnet46
2026091271,rich_logistic,fixed_sequence,0.14285714285714285,,False,0,0,,1082,0,0,0.0,,,,sonnet46
2026091271,rich_logistic,bonferroni,0.14285714285714285,,False,0,0,,1082,0,0,0.0,,,,sonnet46
2026091271,rich_logistic,fixed_sequence,0.2,,False,0,0,,1082,0,0,0.0,,,,sonnet46
2026091271,rich_logistic,bonferroni,0.2,,False,0,0,,1082,0,0,0.0,,,,sonnet46
2026091271,rich_logistic,fixed_sequence,0.25,,False,0,0,,1082,0,0,0.0,,,,sonnet46
2026091271,rich_logistic,bonferroni,0.25,,False,0,0,,1082,0,0,0.0,,,,sonnet46
2026091271,rich_boost,fixed_sequence,0.1,,False,0,0,,1082,0,0,0.0,,,,sonnet46
2026091271,rich_boost,bonferroni,0.1,,False,0,0,,1082,0,0,0.0,,,,sonnet46
2026091271,rich_boost,fixed_sequence,0.14285714285714285,,False,0,0,,1082,0,0,0.0,,,,sonnet46
2026091271,rich_boost,bonferroni,0.14285714285714285,,False,0,0,,1082,0,0,0.0,,,,sonnet46
2026091271,rich_boost,fixed_sequence,0.2,,False,0,0,,1082,0,0,0.0,,,,sonnet46
2026091271,rich_boost,bonferroni,0.2,,False,0,0,,1082,0,0,0.0,,,,sonnet46
2026091271,rich_boost,fixed_sequence,0.25,,False,0,0,,1082,0,0,0.0,,,,sonnet46
2026091271,rich_boost,bonferroni,0.25,,False,0,0,,1082,0,0,0.0,,,,sonnet46
2026091272,raw_u,fixed_sequence,0.1,,False,0,0,,1082,0,0,0.0,,,,sonnet46
2026091272,raw_u,bonferroni,0.1,,False,0,0,,1082,0,0,0.0,,,,sonnet46
2026091272,raw_u,fixed_sequence,0.14285714285714285,,False,0,0,,1082,0,0,0.0,,,,sonnet46
2026091272,raw_u,bonferroni,0.14285714285714285,,False,0,0,,1082,0,0,0.0,,,,sonnet46
2026091272,raw_u,fixed_sequence,0.2,,False,0,0,,1082,0,0,0.0,,,,sonnet46
2026091272,raw_u,bonferroni,0.2,,False,0,0,,1082,0,0,0.0,,,,sonnet46
2026091272,raw_u,fixed_sequence,0.25,,False,0,0,,1082,0,0,0.0,,,,sonnet46
2026091272,raw_u,bonferroni,0.25,,False,0,0,,1082,0,0,0.0,,,,sonnet46
2026091272,u_boost,fixed_sequence,0.1,,False,0,0,,1082,0,0,0.0,,,,sonnet46
2026091272,u_boost,bonferroni,0.1,,False,0,0,,1082,0,0,0.0,,,,sonnet46
2026091272,u_boost,fixed_sequence,0.14285714285714285,,False,0,0,,1082,0,0,0.0,,,,sonnet46
2026091272,u_boost,bonferroni,0.14285714285714285,,False,0,0,,1082,0,0,0.0,,,,sonnet46
2026091272,u_boost,fixed_sequence,0.2,,False,0,0,,1082,0,0,0.0,,,,sonnet46
2026091272,u_boost,bonferroni,0.2,,False,0,0,,1082,0,0,0.0,,,,sonnet46
2026091272,u_boost,fixed_sequence,0.25,,False,0,0,,1082,0,0,0.0,,,,sonnet46
2026091272,u_boost,bonferroni,0.25,,False,0,0,,1082,0,0,0.0,,,,sonnet46
2026091272,rich_logistic,fixed_sequence,0.1,,False,0,0,,1082,0,0,0.0,,,,sonnet46
2026091272,rich_logistic,bonferroni,0.1,,False,0,0,,1082,0,0,0.0,,,,sonnet46
2026091272,rich_logistic,fixed_sequence,0.14285714285714285,,False,0,0,,1082,0,0,0.0,,,,sonnet46
2026091272,rich_logistic,bonferroni,0.14285714285714285,,False,0,0,,1082,0,0,0.0,,,,sonnet46
2026091272,rich_logistic,fixed_sequence,0.2,,False,0,0,,1082,0,0,0.0,,,,sonnet46
2026091272,rich_logistic,bonferroni,0.2,,False,0,0,,1082,0,0,0.0,,,,sonnet46
2026091272,rich_logistic,fixed_sequence,0.25,,False,0,0,,1082,0,0,0.0,,,,sonnet46
2026091272,rich_logistic,bonferroni,0.25,,False,0,0,,1082,0,0,0.0,,,,sonnet46
2026091272,rich_boost,fixed_sequence,0.1,,False,0,0,,1082,0,0,0.0,,,,sonnet46
2026091272,rich_boost,bonferroni,0.1,,False,0,0,,1082,0,0,0.0,,,,sonnet46
2026091272,rich_boost,fixed_sequence,0.14285714285714285,,False,0,0,,1082,0,0,0.0,,,,sonnet46
2026091272,rich_boost,bonferroni,0.14285714285714285,,False,0,0,,1082,0,0,0.0,,,,sonnet46
2026091272,rich_boost,fixed_sequence,0.2,,False,0,0,,1082,0,0,0.0,,,,sonnet46
2026091272,rich_boost,bonferroni,0.2,,False,0,0,,1082,0,0,0.0,,,,sonnet46
2026091272,rich_boost,fixed_sequence,0.25,,False,0,0,,1082,0,0,0.0,,,,sonnet46
2026091272,rich_boost,bonferroni,0.25,,False,0,0,,1082,0,0,0.0,,,,sonnet46
2026091273,raw_u,fixed_sequence,0.1,,False,0,0,,1082,0,0,0.0,,,,sonnet46
2026091273,raw_u,bonferroni,0.1,,False,0,0,,1082,0,0,0.0,,,,sonnet46
2026091273,raw_u,fixed_sequence,0.14285714285714285,,False,0,0,,1082,0,0,0.0,,,,sonnet46
2026091273,raw_u,bonferroni,0.14285714285714285,,False,0,0,,1082,0,0,0.0,,,,sonnet46
2026091273,raw_u,fixed_sequence,0.2,,False,0,0,,1082,0,0,0.0,,,,sonnet46
2026091273,raw_u,bonferroni,0.2,,False,0,0,,1082,0,0,0.0,,,,sonnet46
2026091273,raw_u,fixed_sequence,0.25,,False,0,0,,1082,0,0,0.0,,,,sonnet46
2026091273,raw_u,bonferroni,0.25,,False,0,0,,1082,0,0,0.0,,,,sonnet46
2026091273,u_boost,fixed_sequence,0.1,,False,0,0,,1082,0,0,0.0,,,,sonnet46
2026091273,u_boost,bonferroni,0.1,,False,0,0,,1082,0,0,0.0,,,,sonnet46
2026091273,u_boost,fixed_sequence,0.14285714285714285,,False,0,0,,1082,0,0,0.0,,,,sonnet46
2026091273,u_boost,bonferroni,0.14285714285714285,,False,0,0,,1082,0,0,0.0,,,,sonnet46
2026091273,u_boost,fixed_sequence,0.2,,False,0,0,,1082,0,0,0.0,,,,sonnet46
2026091273,u_boost,bonferroni,0.2,,False,0,0,,1082,0,0,0.0,,,,sonnet46
2026091273,u_boost,fixed_sequence,0.25,,False,0,0,,1082,0,0,0.0,,,,sonnet46
2026091273,u_boost,bonferroni,0.25,,False,0,0,,1082,0,0,0.0,,,,sonnet46
2026091273,rich_logistic,fixed_sequence,0.1,,False,0,0,,1082,0,0,0.0,,,,sonnet46
2026091273,rich_logistic,bonferroni,0.1,,False,0,0,,1082,0,0,0.0,,,,sonnet46
2026091273,rich_logistic,fixed_sequence,0.14285714285714285,,False,0,0,,1082,0,0,0.0,,,,sonnet46
2026091273,rich_logistic,bonferroni,0.14285714285714285,,False,0,0,,1082,0,0,0.0,,,,sonnet46
2026091273,rich_logistic,fixed_sequence,0.2,,False,0,0,,1082,0,0,0.0,,,,sonnet46
2026091273,rich_logistic,bonferroni,0.2,,False,0,0,,1082,0,0,0.0,,,,sonnet46
2026091273,rich_logistic,fixed_sequence,0.25,,False,0,0,,1082,0,0,0.0,,,,sonnet46
2026091273,rich_logistic,bonferroni,0.25,,False,0,0,,1082,0,0,0.0,,,,sonnet46
2026091273,rich_boost,fixed_sequence,0.1,,False,0,0,,1082,0,0,0.0,,,,sonnet46
2026091273,rich_boost,bonferroni,0.1,,False,0,0,,1082,0,0,0.0,,,,sonnet46
2026091273,rich_boost,fixed_sequence,0.14285714285714285,,False,0,0,,1082,0,0,0.0,,,,sonnet46
2026091273,rich_boost,bonferroni,0.14285714285714285,,False,0,0,,1082,0,0,0.0,,,,sonnet46
2026091273,rich_boost,fixed_sequence,0.2,,False,0,0,,1082,0,0,0.0,,,,sonnet46
2026091273,rich_boost,bonferroni,0.2,,False,0,0,,1082,0,0,0.0,,,,sonnet46
2026091273,rich_boost,fixed_sequence,0.25,,False,0,0,,1082,0,0,0.0,,,,sonnet46
2026091273,rich_boost,bonferroni,0.25,,False,0,0,,1082,0,0,0.0,,,,sonnet46
2026091274,raw_u,fixed_sequence,0.1,,False,0,0,,1082,0,0,0.0,,,,sonnet46
2026091274,raw_u,bonferroni,0.1,,False,0,0,,1082,0,0,0.0,,,,sonnet46
2026091274,raw_u,fixed_sequence,0.14285714285714285,,False,0,0,,1082,0,0,0.0,,,,sonnet46
2026091274,raw_u,bonferroni,0.14285714285714285,,False,0,0,,1082,0,0,0.0,,,,sonnet46
2026091274,raw_u,fixed_sequence,0.2,,False,0,0,,1082,0,0,0.0,,,,sonnet46
2026091274,raw_u,bonferroni,0.2,,False,0,0,,1082,0,0,0.0,,,,sonnet46
2026091274,raw_u,fixed_sequence,0.25,,False,0,0,,1082,0,0,0.0,,,,sonnet46
2026091274,raw_u,bonferroni,0.25,,False,0,0,,1082,0,0,0.0,,,,sonnet46
2026091274,u_boost,fixed_sequence,0.1,,False,0,0,,1082,0,0,0.0,,,,sonnet46
2026091274,u_boost,bonferroni,0.1,,False,0,0,,1082,0,0,0.0,,,,sonnet46
2026091274,u_boost,fixed_sequence,0.14285714285714285,,False,0,0,,1082,0,0,0.0,,,,sonnet46
2026091274,u_boost,bonferroni,0.14285714285714285,,False,0,0,,1082,0,0,0.0,,,,sonnet46
2026091274,u_boost,fixed_sequence,0.2,,False,0,0,,1082,0,0,0.0,,,,sonnet46
2026091274,u_boost,bonferroni,0.2,,False,0,0,,1082,0,0,0.0,,,,sonnet46
2026091274,u_boost,fixed_sequence,0.25,,False,0,0,,1082,0,0,0.0,,,,sonnet46
2026091274,u_boost,bonferroni,0.25,,False,0,0,,1082,0,0,0.0,,,,sonnet46
2026091274,rich_logistic,fixed_sequence,0.1,,False,0,0,,1082,0,0,0.0,,,,sonnet46
2026091274,rich_logistic,bonferroni,0.1,,False,0,0,,1082,0,0,0.0,,,,sonnet46
2026091274,rich_logistic,fixed_sequence,0.14285714285714285,,False,0,0,,1082,0,0,0.0,,,,sonnet46
2026091274,rich_logistic,bonferroni,0.14285714285714285,,False,0,0,,1082,0,0,0.0,,,,sonnet46
2026091274,rich_logistic,fixed_sequence,0.2,,False,0,0,,1082,0,0,0.0,,,,sonnet46
2026091274,rich_logistic,bonferroni,0.2,,False,0,0,,1082,0,0,0.0,,,,sonnet46
2026091274,rich_logistic,fixed_sequence,0.25,,False,0,0,,1082,0,0,0.0,,,,sonnet46
2026091274,rich_logistic,bonferroni,0.25,,False,0,0,,1082,0,0,0.0,,,,sonnet46
2026091274,rich_boost,fixed_sequence,0.1,,False,0,0,,1082,0,0,0.0,,,,sonnet46
2026091274,rich_boost,bonferroni,0.1,,False,0,0,,1082,0,0,0.0,,,,sonnet46
2026091274,rich_boost,fixed_sequence,0.14285714285714285,,False,0,0,,1082,0,0,0.0,,,,sonnet46
2026091274,rich_boost,bonferroni,0.14285714285714285,,False,0,0,,1082,0,0,0.0,,,,sonnet46
2026091274,rich_boost,fixed_sequence,0.2,,False,0,0,,1082,0,0,0.0,,,,sonnet46
2026091274,rich_boost,bonferroni,0.2,,False,0,0,,1082,0,0,0.0,,,,sonnet46
2026091274,rich_boost,fixed_sequence,0.25,,False,0,0,,1082,0,0,0.0,,,,sonnet46
2026091274,rich_boost,bonferroni,0.25,,False,0,0,,1082,0,0,0.0,,,,sonnet46
2026091275,raw_u,fixed_sequence,0.1,,False,0,0,,1082,0,0,0.0,,,,sonnet46
2026091275,raw_u,bonferroni,0.1,,False,0,0,,1082,0,0,0.0,,,,sonnet46
2026091275,raw_u,fixed_sequence,0.14285714285714285,,False,0,0,,1082,0,0,0.0,,,,sonnet46
2026091275,raw_u,bonferroni,0.14285714285714285,,False,0,0,,1082,0,0,0.0,,,,sonnet46
2026091275,raw_u,fixed_sequence,0.2,,False,0,0,,1082,0,0,0.0,,,,sonnet46
2026091275,raw_u,bonferroni,0.2,,False,0,0,,1082,0,0,0.0,,,,sonnet46
2026091275,raw_u,fixed_sequence,0.25,,False,0,0,,1082,0,0,0.0,,,,sonnet46
2026091275,raw_u,bonferroni,0.25,,False,0,0,,1082,0,0,0.0,,,,sonnet46
2026091275,u_boost,fixed_sequence,0.1,,False,0,0,,1082,0,0,0.0,,,,sonnet46
2026091275,u_boost,bonferroni,0.1,,False,0,0,,1082,0,0,0.0,,,,sonnet46
2026091275,u_boost,fixed_sequence,0.14285714285714285,,False,0,0,,1082,0,0,0.0,,,,sonnet46
2026091275,u_boost,bonferroni,0.14285714285714285,,False,0,0,,1082,0,0,0.0,,,,sonnet46
2026091275,u_boost,fixed_sequence,0.2,,False,0,0,,1082,0,0,0.0,,,,sonnet46
2026091275,u_boost,bonferroni,0.2,,False,0,0,,1082,0,0,0.0,,,,sonnet46
2026091275,u_boost,fixed_sequence,0.25,,False,0,0,,1082,0,0,0.0,,,,sonnet46
2026091275,u_boost,bonferroni,0.25,,False,0,0,,1082,0,0,0.0,,,,sonnet46
2026091275,rich_logistic,fixed_sequence,0.1,,False,0,0,,1082,0,0,0.0,,,,sonnet46
2026091275,rich_logistic,bonferroni,0.1,,False,0,0,,1082,0,0,0.0,,,,sonnet46
2026091275,rich_logistic,fixed_sequence,0.14285714285714285,,False,0,0,,1082,0,0,0.0,,,,sonnet46
2026091275,rich_logistic,bonferroni,0.14285714285714285,,False,0,0,,1082,0,0,0.0,,,,sonnet46
2026091275,rich_logistic,fixed_sequence,0.2,,False,0,0,,1082,0,0,0.0,,,,sonnet46
2026091275,rich_logistic,bonferroni,0.2,,False,0,0,,1082,0,0,0.0,,,,sonnet46
2026091275,rich_logistic,fixed_sequence,0.25,,False,0,0,,1082,0,0,0.0,,,,sonnet46
2026091275,rich_logistic,bonferroni,0.25,,False,0,0,,1082,0,0,0.0,,,,sonnet46
2026091275,rich_boost,fixed_sequence,0.1,,False,0,0,,1082,0,0,0.0,,,,sonnet46
2026091275,rich_boost,bonferroni,0.1,,False,0,0,,1082,0,0,0.0,,,,sonnet46
2026091275,rich_boost,fixed_sequence,0.14285714285714285,,False,0,0,,1082,0,0,0.0,,,,sonnet46
2026091275,rich_boost,bonferroni,0.14285714285714285,,False,0,0,,1082,0,0,0.0,,,,sonnet46
2026091275,rich_boost,fixed_sequence,0.2,,False,0,0,,1082,0,0,0.0,,,,sonnet46
2026091275,rich_boost,bonferroni,0.2,,False,0,0,,1082,0,0,0.0,,,,sonnet46
2026091275,rich_boost,fixed_sequence,0.25,,False,0,0,,1082,0,0,0.0,,,,sonnet46
2026091275,rich_boost,bonferroni,0.25,,False,0,0,,1082,0,0,0.0,,,,sonnet46
2026091276,raw_u,fixed_sequence,0.1,,False,0,0,,1082,0,0,0.0,,,,sonnet46
2026091276,raw_u,bonferroni,0.1,,False,0,0,,1082,0,0,0.0,,,,sonnet46
2026091276,raw_u,fixed_sequence,0.14285714285714285,,False,0,0,,1082,0,0,0.0,,,,sonnet46
2026091276,raw_u,bonferroni,0.14285714285714285,,False,0,0,,1082,0,0,0.0,,,,sonnet46
2026091276,raw_u,fixed_sequence,0.2,,False,0,0,,1082,0,0,0.0,,,,sonnet46
2026091276,raw_u,bonferroni,0.2,,False,0,0,,1082,0,0,0.0,,,,sonnet46
2026091276,raw_u,fixed_sequence,0.25,,False,0,0,,1082,0,0,0.0,,,,sonnet46
2026091276,raw_u,bonferroni,0.25,,False,0,0,,1082,0,0,0.0,,,,sonnet46
2026091276,u_boost,fixed_sequence,0.1,,False,0,0,,1082,0,0,0.0,,,,sonnet46
2026091276,u_boost,bonferroni,0.1,,False,0,0,,1082,0,0,0.0,,,,sonnet46
2026091276,u_boost,fixed_sequence,0.14285714285714285,,False,0,0,,1082,0,0,0.0,,,,sonnet46
2026091276,u_boost,bonferroni,0.14285714285714285,,False,0,0,,1082,0,0,0.0,,,,sonnet46
2026091276,u_boost,fixed_sequence,0.2,,False,0,0,,1082,0,0,0.0,,,,sonnet46
2026091276,u_boost,bonferroni,0.2,,False,0,0,,1082,0,0,0.0,,,,sonnet46
2026091276,u_boost,fixed_sequence,0.25,,False,0,0,,1082,0,0,0.0,,,,sonnet46
2026091276,u_boost,bonferroni,0.25,,False,0,0,,1082,0,0,0.0,,,,sonnet46
2026091276,rich_logistic,fixed_sequence,0.1,,False,0,0,,1082,0,0,0.0,,,,sonnet46
2026091276,rich_logistic,bonferroni,0.1,,False,0,0,,1082,0,0,0.0,,,,sonnet46
2026091276,rich_logistic,fixed_sequence,0.14285714285714285,,False,0,0,,1082,0,0,0.0,,,,sonnet46
2026091276,rich_logistic,bonferroni,0.14285714285714285,,False,0,0,,1082,0,0,0.0,,,,sonnet46
2026091276,rich_logistic,fixed_sequence,0.2,,False,0,0,,1082,0,0,0.0,,,,sonnet46
2026091276,rich_logistic,bonferroni,0.2,,False,0,0,,1082,0,0,0.0,,,,sonnet46
2026091276,rich_logistic,fixed_sequence,0.25,,False,0,0,,1082,0,0,0.0,,,,sonnet46
2026091276,rich_logistic,bonferroni,0.25,,False,0,0,,1082,0,0,0.0,,,,sonnet46
2026091276,rich_boost,fixed_sequence,0.1,,False,0,0,,1082,0,0,0.0,,,,sonnet46
2026091276,rich_boost,bonferroni,0.1,,False,0,0,,1082,0,0,0.0,,,,sonnet46
2026091276,rich_boost,fixed_sequence,0.14285714285714285,,False,0,0,,1082,0,0,0.0,,,,sonnet46
2026091276,rich_boost,bonferroni,0.14285714285714285,,False,0,0,,1082,0,0,0.0,,,,sonnet46
2026091276,rich_boost,fixed_sequence,0.2,,False,0,0,,1082,0,0,0.0,,,,sonnet46
2026091276,rich_boost,bonferroni,0.2,,False,0,0,,1082,0,0,0.0,,,,sonnet46
2026091276,rich_boost,fixed_sequence,0.25,,False,0,0,,1082,0,0,0.0,,,,sonnet46
2026091276,rich_boost,bonferroni,0.25,,False,0,0,,1082,0,0,0.0,,,,sonnet46
2026091277,raw_u,fixed_sequence,0.1,,False,0,0,,1082,0,0,0.0,,,,sonnet46
2026091277,raw_u,bonferroni,0.1,,False,0,0,,1082,0,0,0.0,,,,sonnet46
2026091277,raw_u,fixed_sequence,0.14285714285714285,,False,0,0,,1082,0,0,0.0,,,,sonnet46
2026091277,raw_u,bonferroni,0.14285714285714285,,False,0,0,,1082,0,0,0.0,,,,sonnet46
2026091277,raw_u,fixed_sequence,0.2,,False,0,0,,1082,0,0,0.0,,,,sonnet46
2026091277,raw_u,bonferroni,0.2,,False,0,0,,1082,0,0,0.0,,,,sonnet46
2026091277,raw_u,fixed_sequence,0.25,,False,0,0,,1082,0,0,0.0,,,,sonnet46
2026091277,raw_u,bonferroni,0.25,,False,0,0,,1082,0,0,0.0,,,,sonnet46
2026091277,u_boost,fixed_sequence,0.1,,False,0,0,,1082,0,0,0.0,,,,sonnet46
2026091277,u_boost,bonferroni,0.1,,False,0,0,,1082,0,0,0.0,,,,sonnet46
2026091277,u_boost,fixed_sequence,0.14285714285714285,,False,0,0,,1082,0,0,0.0,,,,sonnet46
2026091277,u_boost,bonferroni,0.14285714285714285,,False,0,0,,1082,0,0,0.0,,,,sonnet46
2026091277,u_boost,fixed_sequence,0.2,,False,0,0,,1082,0,0,0.0,,,,sonnet46
2026091277,u_boost,bonferroni,0.2,,False,0,0,,1082,0,0,0.0,,,,sonnet46
2026091277,u_boost,fixed_sequence,0.25,,False,0,0,,1082,0,0,0.0,,,,sonnet46
2026091277,u_boost,bonferroni,0.25,,False,0,0,,1082,0,0,0.0,,,,sonnet46
2026091277,rich_logistic,fixed_sequence,0.1,,False,0,0,,1082,0,0,0.0,,,,sonnet46
2026091277,rich_logistic,bonferroni,0.1,,False,0,0,,1082,0,0,0.0,,,,sonnet46
2026091277,rich_logistic,fixed_sequence,0.14285714285714285,,False,0,0,,1082,0,0,0.0,,,,sonnet46
2026091277,rich_logistic,bonferroni,0.14285714285714285,,False,0,0,,1082,0,0,0.0,,,,sonnet46
2026091277,rich_logistic,fixed_sequence,0.2,,False,0,0,,1082,0,0,0.0,,,,sonnet46
2026091277,rich_logistic,bonferroni,0.2,,False,0,0,,1082,0,0,0.0,,,,sonnet46
2026091277,rich_logistic,fixed_sequence,0.25,,False,0,0,,1082,0,0,0.0,,,,sonnet46
2026091277,rich_logistic,bonferroni,0.25,,False,0,0,,1082,0,0,0.0,,,,sonnet46
2026091277,rich_boost,fixed_sequence,0.1,,False,0,0,,1082,0,0,0.0,,,,sonnet46
2026091277,rich_boost,bonferroni,0.1,,False,0,0,,1082,0,0,0.0,,,,sonnet46
2026091277,rich_boost,fixed_sequence,0.14285714285714285,,False,0,0,,1082,0,0,0.0,,,,sonnet46
2026091277,rich_boost,bonferroni,0.14285714285714285,,False,0,0,,1082,0,0,0.0,,,,sonnet46
2026091277,rich_boost,fixed_sequence,0.2,,False,0,0,,1082,0,0,0.0,,,,sonnet46
2026091277,rich_boost,bonferroni,0.2,,False,0,0,,1082,0,0,0.0,,,,sonnet46
2026091277,rich_boost,fixed_sequence,0.25,,False,0,0,,1082,0,0,0.0,,,,sonnet46
2026091277,rich_boost,bonferroni,0.25,,False,0,0,,1082,0,0,0.0,,,,sonnet46
2026091278,raw_u,fixed_sequence,0.1,,False,0,0,,1082,0,0,0.0,,,,sonnet46
2026091278,raw_u,bonferroni,0.1,,False,0,0,,1082,0,0,0.0,,,,sonnet46
2026091278,raw_u,fixed_sequence,0.14285714285714285,,False,0,0,,1082,0,0,0.0,,,,sonnet46
2026091278,raw_u,bonferroni,0.14285714285714285,,False,0,0,,1082,0,0,0.0,,,,sonnet46
2026091278,raw_u,fixed_sequence,0.2,,False,0,0,,1082,0,0,0.0,,,,sonnet46
2026091278,raw_u,bonferroni,0.2,,False,0,0,,1082,0,0,0.0,,,,sonnet46
2026091278,raw_u,fixed_sequence,0.25,,False,0,0,,1082,0,0,0.0,,,,sonnet46
2026091278,raw_u,bonferroni,0.25,,False,0,0,,1082,0,0,0.0,,,,sonnet46
2026091278,u_boost,fixed_sequence,0.1,,False,0,0,,1082,0,0,0.0,,,,sonnet46
2026091278,u_boost,bonferroni,0.1,,False,0,0,,1082,0,0,0.0,,,,sonnet46
2026091278,u_boost,fixed_sequence,0.14285714285714285,,False,0,0,,1082,0,0,0.0,,,,sonnet46
2026091278,u_boost,bonferroni,0.14285714285714285,,False,0,0,,1082,0,0,0.0,,,,sonnet46
2026091278,u_boost,fixed_sequence,0.2,,False,0,0,,1082,0,0,0.0,,,,sonnet46
2026091278,u_boost,bonferroni,0.2,,False,0,0,,1082,0,0,0.0,,,,sonnet46
2026091278,u_boost,fixed_sequence,0.25,,False,0,0,,1082,0,0,0.0,,,,sonnet46
2026091278,u_boost,bonferroni,0.25,,False,0,0,,1082,0,0,0.0,,,,sonnet46
2026091278,rich_logistic,fixed_sequence,0.1,,False,0,0,,1082,0,0,0.0,,,,sonnet46
2026091278,rich_logistic,bonferroni,0.1,,False,0,0,,1082,0,0,0.0,,,,sonnet46
2026091278,rich_logistic,fixed_sequence,0.14285714285714285,,False,0,0,,1082,0,0,0.0,,,,sonnet46
2026091278,rich_logistic,bonferroni,0.14285714285714285,,False,0,0,,1082,0,0,0.0,,,,sonnet46
2026091278,rich_logistic,fixed_sequence,0.2,,False,0,0,,1082,0,0,0.0,,,,sonnet46
2026091278,rich_logistic,bonferroni,0.2,,False,0,0,,1082,0,0,0.0,,,,sonnet46
2026091278,rich_logistic,fixed_sequence,0.25,,False,0,0,,1082,0,0,0.0,,,,sonnet46
2026091278,rich_logistic,bonferroni,0.25,,False,0,0,,1082,0,0,0.0,,,,sonnet46
2026091278,rich_boost,fixed_sequence,0.1,,False,0,0,,1082,0,0,0.0,,,,sonnet46
2026091278,rich_boost,bonferroni,0.1,,False,0,0,,1082,0,0,0.0,,,,sonnet46
2026091278,rich_boost,fixed_sequence,0.14285714285714285,,False,0,0,,1082,0,0,0.0,,,,sonnet46
2026091278,rich_boost,bonferroni,0.14285714285714285,,False,0,0,,1082,0,0,0.0,,,,sonnet46
2026091278,rich_boost,fixed_sequence,0.2,,False,0,0,,1082,0,0,0.0,,,,sonnet46
2026091278,rich_boost,bonferroni,0.2,,False,0,0,,1082,0,0,0.0,,,,sonnet46
2026091278,rich_boost,fixed_sequence,0.25,,False,0,0,,1082,0,0,0.0,,,,sonnet46
2026091278,rich_boost,bonferroni,0.25,,False,0,0,,1082,0,0,0.0,,,,sonnet46
2026091279,raw_u,fixed_sequence,0.1,,False,0,0,,1082,0,0,0.0,,,,sonnet46
2026091279,raw_u,bonferroni,0.1,,False,0,0,,1082,0,0,0.0,,,,sonnet46
2026091279,raw_u,fixed_sequence,0.14285714285714285,,False,0,0,,1082,0,0,0.0,,,,sonnet46
2026091279,raw_u,bonferroni,0.14285714285714285,,False,0,0,,1082,0,0,0.0,,,,sonnet46
2026091279,raw_u,fixed_sequence,0.2,,False,0,0,,1082,0,0,0.0,,,,sonnet46
2026091279,raw_u,bonferroni,0.2,,False,0,0,,1082,0,0,0.0,,,,sonnet46
2026091279,raw_u,fixed_sequence,0.25,,False,0,0,,1082,0,0,0.0,,,,sonnet46
2026091279,raw_u,bonferroni,0.25,,False,0,0,,1082,0,0,0.0,,,,sonnet46
2026091279,u_boost,fixed_sequence,0.1,,False,0,0,,1082,0,0,0.0,,,,sonnet46
2026091279,u_boost,bonferroni,0.1,,False,0,0,,1082,0,0,0.0,,,,sonnet46
2026091279,u_boost,fixed_sequence,0.14285714285714285,,False,0,0,,1082,0,0,0.0,,,,sonnet46
2026091279,u_boost,bonferroni,0.14285714285714285,,False,0,0,,1082,0,0,0.0,,,,sonnet46
2026091279,u_boost,fixed_sequence,0.2,,False,0,0,,1082,0,0,0.0,,,,sonnet46
2026091279,u_boost,bonferroni,0.2,,False,0,0,,1082,0,0,0.0,,,,sonnet46
2026091279,u_boost,fixed_sequence,0.25,,False,0,0,,1082,0,0,0.0,,,,sonnet46
2026091279,u_boost,bonferroni,0.25,,False,0,0,,1082,0,0,0.0,,,,sonnet46
2026091279,rich_logistic,fixed_sequence,0.1,,False,0,0,,1082,0,0,0.0,,,,sonnet46
2026091279,rich_logistic,bonferroni,0.1,,False,0,0,,1082,0,0,0.0,,,,sonnet46
2026091279,rich_logistic,fixed_sequence,0.14285714285714285,,False,0,0,,1082,0,0,0.0,,,,sonnet46
2026091279,rich_logistic,bonferroni,0.14285714285714285,,False,0,0,,1082,0,0,0.0,,,,sonnet46
2026091279,rich_logistic,fixed_sequence,0.2,,False,0,0,,1082,0,0,0.0,,,,sonnet46
2026091279,rich_logistic,bonferroni,0.2,,False,0,0,,1082,0,0,0.0,,,,sonnet46
2026091279,rich_logistic,fixed_sequence,0.25,,False,0,0,,1082,0,0,0.0,,,,sonnet46
2026091279,rich_logistic,bonferroni,0.25,,False,0,0,,1082,0,0,0.0,,,,sonnet46
2026091279,rich_boost,fixed_sequence,0.1,,False,0,0,,1082,0,0,0.0,,,,sonnet46
2026091279,rich_boost,bonferroni,0.1,,False,0,0,,1082,0,0,0.0,,,,sonnet46
2026091279,rich_boost,fixed_sequence,0.14285714285714285,,False,0,0,,1082,0,0,0.0,,,,sonnet46
2026091279,rich_boost,bonferroni,0.14285714285714285,,False,0,0,,1082,0,0,0.0,,,,sonnet46
2026091279,rich_boost,fixed_sequence,0.2,,False,0,0,,1082,0,0,0.0,,,,sonnet46
2026091279,rich_boost,bonferroni,0.2,,False,0,0,,1082,0,0,0.0,,,,sonnet46
2026091279,rich_boost,fixed_sequence,0.25,,False,0,0,,1082,0,0,0.0,,,,sonnet46
2026091279,rich_boost,bonferroni,0.25,,False,0,0,,1082,0,0,0.0,,,,sonnet46
2026091280,raw_u,fixed_sequence,0.1,,False,0,0,,1082,0,0,0.0,,,,sonnet46
2026091280,raw_u,bonferroni,0.1,,False,0,0,,1082,0,0,0.0,,,,sonnet46
2026091280,raw_u,fixed_sequence,0.14285714285714285,,False,0,0,,1082,0,0,0.0,,,,sonnet46
2026091280,raw_u,bonferroni,0.14285714285714285,,False,0,0,,1082,0,0,0.0,,,,sonnet46
2026091280,raw_u,fixed_sequence,0.2,,False,0,0,,1082,0,0,0.0,,,,sonnet46
2026091280,raw_u,bonferroni,0.2,,False,0,0,,1082,0,0,0.0,,,,sonnet46
2026091280,raw_u,fixed_sequence,0.25,,False,0,0,,1082,0,0,0.0,,,,sonnet46
2026091280,raw_u,bonferroni,0.25,,False,0,0,,1082,0,0,0.0,,,,sonnet46
2026091280,u_boost,fixed_sequence,0.1,,False,0,0,,1082,0,0,0.0,,,,sonnet46
2026091280,u_boost,bonferroni,0.1,,False,0,0,,1082,0,0,0.0,,,,sonnet46
2026091280,u_boost,fixed_sequence,0.14285714285714285,,False,0,0,,1082,0,0,0.0,,,,sonnet46
2026091280,u_boost,bonferroni,0.14285714285714285,,False,0,0,,1082,0,0,0.0,,,,sonnet46
2026091280,u_boost,fixed_sequence,0.2,,False,0,0,,1082,0,0,0.0,,,,sonnet46
2026091280,u_boost,bonferroni,0.2,,False,0,0,,1082,0,0,0.0,,,,sonnet46
2026091280,u_boost,fixed_sequence,0.25,,False,0,0,,1082,0,0,0.0,,,,sonnet46
2026091280,u_boost,bonferroni,0.25,,False,0,0,,1082,0,0,0.0,,,,sonnet46
2026091280,rich_logistic,fixed_sequence,0.1,,False,0,0,,1082,0,0,0.0,,,,sonnet46
2026091280,rich_logistic,bonferroni,0.1,,False,0,0,,1082,0,0,0.0,,,,sonnet46
2026091280,rich_logistic,fixed_sequence,0.14285714285714285,,False,0,0,,1082,0,0,0.0,,,,sonnet46
2026091280,rich_logistic,bonferroni,0.14285714285714285,,False,0,0,,1082,0,0,0.0,,,,sonnet46
2026091280,rich_logistic,fixed_sequence,0.2,,False,0,0,,1082,0,0,0.0,,,,sonnet46
2026091280,rich_logistic,bonferroni,0.2,,False,0,0,,1082,0,0,0.0,,,,sonnet46
2026091280,rich_logistic,fixed_sequence,0.25,,False,0,0,,1082,0,0,0.0,,,,sonnet46
2026091280,rich_logistic,bonferroni,0.25,,False,0,0,,1082,0,0,0.0,,,,sonnet46
2026091280,rich_boost,fixed_sequence,0.1,,False,0,0,,1082,0,0,0.0,,,,sonnet46
2026091280,rich_boost,bonferroni,0.1,,False,0,0,,1082,0,0,0.0,,,,sonnet46
2026091280,rich_boost,fixed_sequence,0.14285714285714285,,False,0,0,,1082,0,0,0.0,,,,sonnet46
2026091280,rich_boost,bonferroni,0.14285714285714285,,False,0,0,,1082,0,0,0.0,,,,sonnet46
2026091280,rich_boost,fixed_sequence,0.2,,False,0,0,,1082,0,0,0.0,,,,sonnet46
2026091280,rich_boost,bonferroni,0.2,,False,0,0,,1082,0,0,0.0,,,,sonnet46
2026091280,rich_boost,fixed_sequence,0.25,,False,0,0,,1082,0,0,0.0,,,,sonnet46
2026091280,rich_boost,bonferroni,0.25,,False,0,0,,1082,0,0,0.0,,,,sonnet46
2026091281,raw_u,fixed_sequence,0.1,,False,0,0,,1082,0,0,0.0,,,,sonnet46
2026091281,raw_u,bonferroni,0.1,,False,0,0,,1082,0,0,0.0,,,,sonnet46
2026091281,raw_u,fixed_sequence,0.14285714285714285,,False,0,0,,1082,0,0,0.0,,,,sonnet46
2026091281,raw_u,bonferroni,0.14285714285714285,,False,0,0,,1082,0,0,0.0,,,,sonnet46
2026091281,raw_u,fixed_sequence,0.2,,False,0,0,,1082,0,0,0.0,,,,sonnet46
2026091281,raw_u,bonferroni,0.2,,False,0,0,,1082,0,0,0.0,,,,sonnet46
2026091281,raw_u,fixed_sequence,0.25,,False,0,0,,1082,0,0,0.0,,,,sonnet46
2026091281,raw_u,bonferroni,0.25,,False,0,0,,1082,0,0,0.0,,,,sonnet46
2026091281,u_boost,fixed_sequence,0.1,,False,0,0,,1082,0,0,0.0,,,,sonnet46
2026091281,u_boost,bonferroni,0.1,,False,0,0,,1082,0,0,0.0,,,,sonnet46
2026091281,u_boost,fixed_sequence,0.14285714285714285,,False,0,0,,1082,0,0,0.0,,,,sonnet46
2026091281,u_boost,bonferroni,0.14285714285714285,,False,0,0,,1082,0,0,0.0,,,,sonnet46
2026091281,u_boost,fixed_sequence,0.2,,False,0,0,,1082,0,0,0.0,,,,sonnet46
2026091281,u_boost,bonferroni,0.2,,False,0,0,,1082,0,0,0.0,,,,sonnet46
2026091281,u_boost,fixed_sequence,0.25,,False,0,0,,1082,0,0,0.0,,,,sonnet46
2026091281,u_boost,bonferroni,0.25,,False,0,0,,1082,0,0,0.0,,,,sonnet46
2026091281,rich_logistic,fixed_sequence,0.1,,False,0,0,,1082,0,0,0.0,,,,sonnet46
2026091281,rich_logistic,bonferroni,0.1,,False,0,0,,1082,0,0,0.0,,,,sonnet46
2026091281,rich_logistic,fixed_sequence,0.14285714285714285,,False,0,0,,1082,0,0,0.0,,,,sonnet46
2026091281,rich_logistic,bonferroni,0.14285714285714285,,False,0,0,,1082,0,0,0.0,,,,sonnet46
2026091281,rich_logistic,fixed_sequence,0.2,,False,0,0,,1082,0,0,0.0,,,,sonnet46
2026091281,rich_logistic,bonferroni,0.2,,False,0,0,,1082,0,0,0.0,,,,sonnet46
2026091281,rich_logistic,fixed_sequence,0.25,,False,0,0,,1082,0,0,0.0,,,,sonnet46
2026091281,rich_logistic,bonferroni,0.25,,False,0,0,,1082,0,0,0.0,,,,sonnet46
2026091281,rich_boost,fixed_sequence,0.1,,False,0,0,,1082,0,0,0.0,,,,sonnet46
2026091281,rich_boost,bonferroni,0.1,,False,0,0,,1082,0,0,0.0,,,,sonnet46
2026091281,rich_boost,fixed_sequence,0.14285714285714285,,False,0,0,,1082,0,0,0.0,,,,sonnet46
2026091281,rich_boost,bonferroni,0.14285714285714285,,False,0,0,,1082,0,0,0.0,,,,sonnet46
2026091281,rich_boost,fixed_sequence,0.2,,False,0,0,,1082,0,0,0.0,,,,sonnet46
2026091281,rich_boost,bonferroni,0.2,,False,0,0,,1082,0,0,0.0,,,,sonnet46
2026091281,rich_boost,fixed_sequence,0.25,,False,0,0,,1082,0,0,0.0,,,,sonnet46
2026091281,rich_boost,bonferroni,0.25,,False,0,0,,1082,0,0,0.0,,,,sonnet46
2026091282,raw_u,fixed_sequence,0.1,,False,0,0,,1082,0,0,0.0,,,,sonnet46
2026091282,raw_u,bonferroni,0.1,,False,0,0,,1082,0,0,0.0,,,,sonnet46
2026091282,raw_u,fixed_sequence,0.14285714285714285,,False,0,0,,1082,0,0,0.0,,,,sonnet46
2026091282,raw_u,bonferroni,0.14285714285714285,,False,0,0,,1082,0,0,0.0,,,,sonnet46
2026091282,raw_u,fixed_sequence,0.2,,False,0,0,,1082,0,0,0.0,,,,sonnet46
2026091282,raw_u,bonferroni,0.2,,False,0,0,,1082,0,0,0.0,,,,sonnet46
2026091282,raw_u,fixed_sequence,0.25,,False,0,0,,1082,0,0,0.0,,,,sonnet46
2026091282,raw_u,bonferroni,0.25,,False,0,0,,1082,0,0,0.0,,,,sonnet46
2026091282,u_boost,fixed_sequence,0.1,,False,0,0,,1082,0,0,0.0,,,,sonnet46
2026091282,u_boost,bonferroni,0.1,,False,0,0,,1082,0,0,0.0,,,,sonnet46
2026091282,u_boost,fixed_sequence,0.14285714285714285,,False,0,0,,1082,0,0,0.0,,,,sonnet46
2026091282,u_boost,bonferroni,0.14285714285714285,,False,0,0,,1082,0,0,0.0,,,,sonnet46
2026091282,u_boost,fixed_sequence,0.2,,False,0,0,,1082,0,0,0.0,,,,sonnet46
2026091282,u_boost,bonferroni,0.2,,False,0,0,,1082,0,0,0.0,,,,sonnet46
2026091282,u_boost,fixed_sequence,0.25,,False,0,0,,1082,0,0,0.0,,,,sonnet46
2026091282,u_boost,bonferroni,0.25,,False,0,0,,1082,0,0,0.0,,,,sonnet46
2026091282,rich_logistic,fixed_sequence,0.1,,False,0,0,,1082,0,0,0.0,,,,sonnet46
2026091282,rich_logistic,bonferroni,0.1,,False,0,0,,1082,0,0,0.0,,,,sonnet46
2026091282,rich_logistic,fixed_sequence,0.14285714285714285,,False,0,0,,1082,0,0,0.0,,,,sonnet46
2026091282,rich_logistic,bonferroni,0.14285714285714285,,False,0,0,,1082,0,0,0.0,,,,sonnet46
2026091282,rich_logistic,fixed_sequence,0.2,,False,0,0,,1082,0,0,0.0,,,,sonnet46
2026091282,rich_logistic,bonferroni,0.2,,False,0,0,,1082,0,0,0.0,,,,sonnet46
2026091282,rich_logistic,fixed_sequence,0.25,,False,0,0,,1082,0,0,0.0,,,,sonnet46
2026091282,rich_logistic,bonferroni,0.25,,False,0,0,,1082,0,0,0.0,,,,sonnet46
2026091282,rich_boost,fixed_sequence,0.1,,False,0,0,,1082,0,0,0.0,,,,sonnet46
2026091282,rich_boost,bonferroni,0.1,,False,0,0,,1082,0,0,0.0,,,,sonnet46
2026091282,rich_boost,fixed_sequence,0.14285714285714285,,False,0,0,,1082,0,0,0.0,,,,sonnet46
2026091282,rich_boost,bonferroni,0.14285714285714285,,False,0,0,,1082,0,0,0.0,,,,sonnet46
2026091282,rich_boost,fixed_sequence,0.2,,False,0,0,,1082,0,0,0.0,,,,sonnet46
2026091282,rich_boost,bonferroni,0.2,,False,0,0,,1082,0,0,0.0,,,,sonnet46
2026091282,rich_boost,fixed_sequence,0.25,,False,0,0,,1082,0,0,0.0,,,,sonnet46
2026091282,rich_boost,bonferroni,0.25,,False,0,0,,1082,0,0,0.0,,,,sonnet46
2026091283,raw_u,fixed_sequence,0.1,,False,0,0,,1082,0,0,0.0,,,,sonnet46
2026091283,raw_u,bonferroni,0.1,,False,0,0,,1082,0,0,0.0,,,,sonnet46
2026091283,raw_u,fixed_sequence,0.14285714285714285,,False,0,0,,1082,0,0,0.0,,,,sonnet46
2026091283,raw_u,bonferroni,0.14285714285714285,,False,0,0,,1082,0,0,0.0,,,,sonnet46
2026091283,raw_u,fixed_sequence,0.2,,False,0,0,,1082,0,0,0.0,,,,sonnet46
2026091283,raw_u,bonferroni,0.2,,False,0,0,,1082,0,0,0.0,,,,sonnet46
2026091283,raw_u,fixed_sequence,0.25,,False,0,0,,1082,0,0,0.0,,,,sonnet46
2026091283,raw_u,bonferroni,0.25,,False,0,0,,1082,0,0,0.0,,,,sonnet46
2026091283,u_boost,fixed_sequence,0.1,,False,0,0,,1082,0,0,0.0,,,,sonnet46
2026091283,u_boost,bonferroni,0.1,,False,0,0,,1082,0,0,0.0,,,,sonnet46
2026091283,u_boost,fixed_sequence,0.14285714285714285,,False,0,0,,1082,0,0,0.0,,,,sonnet46
2026091283,u_boost,bonferroni,0.14285714285714285,,False,0,0,,1082,0,0,0.0,,,,sonnet46
2026091283,u_boost,fixed_sequence,0.2,,False,0,0,,1082,0,0,0.0,,,,sonnet46
2026091283,u_boost,bonferroni,0.2,,False,0,0,,1082,0,0,0.0,,,,sonnet46
2026091283,u_boost,fixed_sequence,0.25,,False,0,0,,1082,0,0,0.0,,,,sonnet46
2026091283,u_boost,bonferroni,0.25,,False,0,0,,1082,0,0,0.0,,,,sonnet46
2026091283,rich_logistic,fixed_sequence,0.1,,False,0,0,,1082,0,0,0.0,,,,sonnet46
2026091283,rich_logistic,bonferroni,0.1,,False,0,0,,1082,0,0,0.0,,,,sonnet46
2026091283,rich_logistic,fixed_sequence,0.14285714285714285,,False,0,0,,1082,0,0,0.0,,,,sonnet46
2026091283,rich_logistic,bonferroni,0.14285714285714285,,False,0,0,,1082,0,0,0.0,,,,sonnet46
2026091283,rich_logistic,fixed_sequence,0.2,,False,0,0,,1082,0,0,0.0,,,,sonnet46
2026091283,rich_logistic,bonferroni,0.2,,False,0,0,,1082,0,0,0.0,,,,sonnet46
2026091283,rich_logistic,fixed_sequence,0.25,,False,0,0,,1082,0,0,0.0,,,,sonnet46
2026091283,rich_logistic,bonferroni,0.25,,False,0,0,,1082,0,0,0.0,,,,sonnet46
2026091283,rich_boost,fixed_sequence,0.1,,False,0,0,,1082,0,0,0.0,,,,sonnet46
2026091283,rich_boost,bonferroni,0.1,,False,0,0,,1082,0,0,0.0,,,,sonnet46
2026091283,rich_boost,fixed_sequence,0.14285714285714285,,False,0,0,,1082,0,0,0.0,,,,sonnet46
2026091283,rich_boost,bonferroni,0.14285714285714285,,False,0,0,,1082,0,0,0.0,,,,sonnet46
2026091283,rich_boost,fixed_sequence,0.2,,False,0,0,,1082,0,0,0.0,,,,sonnet46
2026091283,rich_boost,bonferroni,0.2,,False,0,0,,1082,0,0,0.0,,,,sonnet46
2026091283,rich_boost,fixed_sequence,0.25,,False,0,0,,1082,0,0,0.0,,,,sonnet46
2026091283,rich_boost,bonferroni,0.25,,False,0,0,,1082,0,0,0.0,,,,sonnet46
2026091284,raw_u,fixed_sequence,0.1,,False,0,0,,1082,0,0,0.0,,,,sonnet46
2026091284,raw_u,bonferroni,0.1,,False,0,0,,1082,0,0,0.0,,,,sonnet46
2026091284,raw_u,fixed_sequence,0.14285714285714285,,False,0,0,,1082,0,0,0.0,,,,sonnet46
2026091284,raw_u,bonferroni,0.14285714285714285,,False,0,0,,1082,0,0,0.0,,,,sonnet46
2026091284,raw_u,fixed_sequence,0.2,,False,0,0,,1082,0,0,0.0,,,,sonnet46
2026091284,raw_u,bonferroni,0.2,,False,0,0,,1082,0,0,0.0,,,,sonnet46
2026091284,raw_u,fixed_sequence,0.25,,False,0,0,,1082,0,0,0.0,,,,sonnet46
2026091284,raw_u,bonferroni,0.25,,False,0,0,,1082,0,0,0.0,,,,sonnet46
2026091284,u_boost,fixed_sequence,0.1,,False,0,0,,1082,0,0,0.0,,,,sonnet46
2026091284,u_boost,bonferroni,0.1,,False,0,0,,1082,0,0,0.0,,,,sonnet46
2026091284,u_boost,fixed_sequence,0.14285714285714285,,False,0,0,,1082,0,0,0.0,,,,sonnet46
2026091284,u_boost,bonferroni,0.14285714285714285,,False,0,0,,1082,0,0,0.0,,,,sonnet46
2026091284,u_boost,fixed_sequence,0.2,,False,0,0,,1082,0,0,0.0,,,,sonnet46
2026091284,u_boost,bonferroni,0.2,,False,0,0,,1082,0,0,0.0,,,,sonnet46
2026091284,u_boost,fixed_sequence,0.25,,False,0,0,,1082,0,0,0.0,,,,sonnet46
2026091284,u_boost,bonferroni,0.25,,False,0,0,,1082,0,0,0.0,,,,sonnet46
2026091284,rich_logistic,fixed_sequence,0.1,,False,0,0,,1082,0,0,0.0,,,,sonnet46
2026091284,rich_logistic,bonferroni,0.1,,False,0,0,,1082,0,0,0.0,,,,sonnet46
2026091284,rich_logistic,fixed_sequence,0.14285714285714285,,False,0,0,,1082,0,0,0.0,,,,sonnet46
2026091284,rich_logistic,bonferroni,0.14285714285714285,,False,0,0,,1082,0,0,0.0,,,,sonnet46
2026091284,rich_logistic,fixed_sequence,0.2,,False,0,0,,1082,0,0,0.0,,,,sonnet46
2026091284,rich_logistic,bonferroni,0.2,,False,0,0,,1082,0,0,0.0,,,,sonnet46
2026091284,rich_logistic,fixed_sequence,0.25,,False,0,0,,1082,0,0,0.0,,,,sonnet46
2026091284,rich_logistic,bonferroni,0.25,,False,0,0,,1082,0,0,0.0,,,,sonnet46
2026091284,rich_boost,fixed_sequence,0.1,,False,0,0,,1082,0,0,0.0,,,,sonnet46
2026091284,rich_boost,bonferroni,0.1,,False,0,0,,1082,0,0,0.0,,,,sonnet46
2026091284,rich_boost,fixed_sequence,0.14285714285714285,,False,0,0,,1082,0,0,0.0,,,,sonnet46
2026091284,rich_boost,bonferroni,0.14285714285714285,,False,0,0,,1082,0,0,0.0,,,,sonnet46
2026091284,rich_boost,fixed_sequence,0.2,,False,0,0,,1082,0,0,0.0,,,,sonnet46
2026091284,rich_boost,bonferroni,0.2,,False,0,0,,1082,0,0,0.0,,,,sonnet46
2026091284,rich_boost,fixed_sequence,0.25,,False,0,0,,1082,0,0,0.0,,,,sonnet46
2026091284,rich_boost,bonferroni,0.25,,False,0,0,,1082,0,0,0.0,,,,sonnet46
2026091285,raw_u,fixed_sequence,0.1,,False,0,0,,1082,0,0,0.0,,,,sonnet46
2026091285,raw_u,bonferroni,0.1,,False,0,0,,1082,0,0,0.0,,,,sonnet46
2026091285,raw_u,fixed_sequence,0.14285714285714285,,False,0,0,,1082,0,0,0.0,,,,sonnet46
2026091285,raw_u,bonferroni,0.14285714285714285,,False,0,0,,1082,0,0,0.0,,,,sonnet46
2026091285,raw_u,fixed_sequence,0.2,,False,0,0,,1082,0,0,0.0,,,,sonnet46
2026091285,raw_u,bonferroni,0.2,,False,0,0,,1082,0,0,0.0,,,,sonnet46
2026091285,raw_u,fixed_sequence,0.25,,False,0,0,,1082,0,0,0.0,,,,sonnet46
2026091285,raw_u,bonferroni,0.25,,False,0,0,,1082,0,0,0.0,,,,sonnet46
2026091285,u_boost,fixed_sequence,0.1,,False,0,0,,1082,0,0,0.0,,,,sonnet46
2026091285,u_boost,bonferroni,0.1,,False,0,0,,1082,0,0,0.0,,,,sonnet46
2026091285,u_boost,fixed_sequence,0.14285714285714285,,False,0,0,,1082,0,0,0.0,,,,sonnet46
2026091285,u_boost,bonferroni,0.14285714285714285,,False,0,0,,1082,0,0,0.0,,,,sonnet46
2026091285,u_boost,fixed_sequence,0.2,,False,0,0,,1082,0,0,0.0,,,,sonnet46
2026091285,u_boost,bonferroni,0.2,,False,0,0,,1082,0,0,0.0,,,,sonnet46
2026091285,u_boost,fixed_sequence,0.25,,False,0,0,,1082,0,0,0.0,,,,sonnet46
2026091285,u_boost,bonferroni,0.25,,False,0,0,,1082,0,0,0.0,,,,sonnet46
2026091285,rich_logistic,fixed_sequence,0.1,,False,0,0,,1082,0,0,0.0,,,,sonnet46
2026091285,rich_logistic,bonferroni,0.1,,False,0,0,,1082,0,0,0.0,,,,sonnet46
2026091285,rich_logistic,fixed_sequence,0.14285714285714285,,False,0,0,,1082,0,0,0.0,,,,sonnet46
2026091285,rich_logistic,bonferroni,0.14285714285714285,,False,0,0,,1082,0,0,0.0,,,,sonnet46
2026091285,rich_logistic,fixed_sequence,0.2,,False,0,0,,1082,0,0,0.0,,,,sonnet46
2026091285,rich_logistic,bonferroni,0.2,,False,0,0,,1082,0,0,0.0,,,,sonnet46
2026091285,rich_logistic,fixed_sequence,0.25,,False,0,0,,1082,0,0,0.0,,,,sonnet46
2026091285,rich_logistic,bonferroni,0.25,,False,0,0,,1082,0,0,0.0,,,,sonnet46
2026091285,rich_boost,fixed_sequence,0.1,,False,0,0,,1082,0,0,0.0,,,,sonnet46
2026091285,rich_boost,bonferroni,0.1,,False,0,0,,1082,0,0,0.0,,,,sonnet46
2026091285,rich_boost,fixed_sequence,0.14285714285714285,,False,0,0,,1082,0,0,0.0,,,,sonnet46
2026091285,rich_boost,bonferroni,0.14285714285714285,,False,0,0,,1082,0,0,0.0,,,,sonnet46
2026091285,rich_boost,fixed_sequence,0.2,,False,0,0,,1082,0,0,0.0,,,,sonnet46
2026091285,rich_boost,bonferroni,0.2,,False,0,0,,1082,0,0,0.0,,,,sonnet46
2026091285,rich_boost,fixed_sequence,0.25,,False,0,0,,1082,0,0,0.0,,,,sonnet46
2026091285,rich_boost,bonferroni,0.25,,False,0,0,,1082,0,0,0.0,,,,sonnet46
2026091286,raw_u,fixed_sequence,0.1,,False,0,0,,1082,0,0,0.0,,,,sonnet46
2026091286,raw_u,bonferroni,0.1,,False,0,0,,1082,0,0,0.0,,,,sonnet46
2026091286,raw_u,fixed_sequence,0.14285714285714285,,False,0,0,,1082,0,0,0.0,,,,sonnet46
2026091286,raw_u,bonferroni,0.14285714285714285,,False,0,0,,1082,0,0,0.0,,,,sonnet46
2026091286,raw_u,fixed_sequence,0.2,,False,0,0,,1082,0,0,0.0,,,,sonnet46
2026091286,raw_u,bonferroni,0.2,,False,0,0,,1082,0,0,0.0,,,,sonnet46
2026091286,raw_u,fixed_sequence,0.25,,False,0,0,,1082,0,0,0.0,,,,sonnet46
2026091286,raw_u,bonferroni,0.25,,False,0,0,,1082,0,0,0.0,,,,sonnet46
2026091286,u_boost,fixed_sequence,0.1,,False,0,0,,1082,0,0,0.0,,,,sonnet46
2026091286,u_boost,bonferroni,0.1,,False,0,0,,1082,0,0,0.0,,,,sonnet46
2026091286,u_boost,fixed_sequence,0.14285714285714285,,False,0,0,,1082,0,0,0.0,,,,sonnet46
2026091286,u_boost,bonferroni,0.14285714285714285,,False,0,0,,1082,0,0,0.0,,,,sonnet46
2026091286,u_boost,fixed_sequence,0.2,,False,0,0,,1082,0,0,0.0,,,,sonnet46
2026091286,u_boost,bonferroni,0.2,,False,0,0,,1082,0,0,0.0,,,,sonnet46
2026091286,u_boost,fixed_sequence,0.25,,False,0,0,,1082,0,0,0.0,,,,sonnet46
2026091286,u_boost,bonferroni,0.25,,False,0,0,,1082,0,0,0.0,,,,sonnet46
2026091286,rich_logistic,fixed_sequence,0.1,,False,0,0,,1082,0,0,0.0,,,,sonnet46
2026091286,rich_logistic,bonferroni,0.1,,False,0,0,,1082,0,0,0.0,,,,sonnet46
2026091286,rich_logistic,fixed_sequence,0.14285714285714285,,False,0,0,,1082,0,0,0.0,,,,sonnet46
2026091286,rich_logistic,bonferroni,0.14285714285714285,,False,0,0,,1082,0,0,0.0,,,,sonnet46
2026091286,rich_logistic,fixed_sequence,0.2,,False,0,0,,1082,0,0,0.0,,,,sonnet46
2026091286,rich_logistic,bonferroni,0.2,,False,0,0,,1082,0,0,0.0,,,,sonnet46
2026091286,rich_logistic,fixed_sequence,0.25,,False,0,0,,1082,0,0,0.0,,,,sonnet46
2026091286,rich_logistic,bonferroni,0.25,,False,0,0,,1082,0,0,0.0,,,,sonnet46
2026091286,rich_boost,fixed_sequence,0.1,,False,0,0,,1082,0,0,0.0,,,,sonnet46
2026091286,rich_boost,bonferroni,0.1,,False,0,0,,1082,0,0,0.0,,,,sonnet46
2026091286,rich_boost,fixed_sequence,0.14285714285714285,,False,0,0,,1082,0,0,0.0,,,,sonnet46
2026091286,rich_boost,bonferroni,0.14285714285714285,,False,0,0,,1082,0,0,0.0,,,,sonnet46
2026091286,rich_boost,fixed_sequence,0.2,,False,0,0,,1082,0,0,0.0,,,,sonnet46
2026091286,rich_boost,bonferroni,0.2,,False,0,0,,1082,0,0,0.0,,,,sonnet46
2026091286,rich_boost,fixed_sequence,0.25,,False,0,0,,1082,0,0,0.0,,,,sonnet46
2026091286,rich_boost,bonferroni,0.25,,False,0,0,,1082,0,0,0.0,,,,sonnet46
2026091287,raw_u,fixed_sequence,0.1,,False,0,0,,1082,0,0,0.0,,,,sonnet46
2026091287,raw_u,bonferroni,0.1,,False,0,0,,1082,0,0,0.0,,,,sonnet46
2026091287,raw_u,fixed_sequence,0.14285714285714285,,False,0,0,,1082,0,0,0.0,,,,sonnet46
2026091287,raw_u,bonferroni,0.14285714285714285,,False,0,0,,1082,0,0,0.0,,,,sonnet46
2026091287,raw_u,fixed_sequence,0.2,,False,0,0,,1082,0,0,0.0,,,,sonnet46
2026091287,raw_u,bonferroni,0.2,,False,0,0,,1082,0,0,0.0,,,,sonnet46
2026091287,raw_u,fixed_sequence,0.25,,False,0,0,,1082,0,0,0.0,,,,sonnet46
2026091287,raw_u,bonferroni,0.25,,False,0,0,,1082,0,0,0.0,,,,sonnet46
2026091287,u_boost,fixed_sequence,0.1,,False,0,0,,1082,0,0,0.0,,,,sonnet46
2026091287,u_boost,bonferroni,0.1,,False,0,0,,1082,0,0,0.0,,,,sonnet46
2026091287,u_boost,fixed_sequence,0.14285714285714285,,False,0,0,,1082,0,0,0.0,,,,sonnet46
2026091287,u_boost,bonferroni,0.14285714285714285,,False,0,0,,1082,0,0,0.0,,,,sonnet46
2026091287,u_boost,fixed_sequence,0.2,,False,0,0,,1082,0,0,0.0,,,,sonnet46
2026091287,u_boost,bonferroni,0.2,,False,0,0,,1082,0,0,0.0,,,,sonnet46
2026091287,u_boost,fixed_sequence,0.25,,False,0,0,,1082,0,0,0.0,,,,sonnet46
2026091287,u_boost,bonferroni,0.25,,False,0,0,,1082,0,0,0.0,,,,sonnet46
2026091287,rich_logistic,fixed_sequence,0.1,,False,0,0,,1082,0,0,0.0,,,,sonnet46
2026091287,rich_logistic,bonferroni,0.1,,False,0,0,,1082,0,0,0.0,,,,sonnet46
2026091287,rich_logistic,fixed_sequence,0.14285714285714285,,False,0,0,,1082,0,0,0.0,,,,sonnet46
2026091287,rich_logistic,bonferroni,0.14285714285714285,,False,0,0,,1082,0,0,0.0,,,,sonnet46
2026091287,rich_logistic,fixed_sequence,0.2,,False,0,0,,1082,0,0,0.0,,,,sonnet46
2026091287,rich_logistic,bonferroni,0.2,,False,0,0,,1082,0,0,0.0,,,,sonnet46
2026091287,rich_logistic,fixed_sequence,0.25,,False,0,0,,1082,0,0,0.0,,,,sonnet46
2026091287,rich_logistic,bonferroni,0.25,,False,0,0,,1082,0,0,0.0,,,,sonnet46
2026091287,rich_boost,fixed_sequence,0.1,,False,0,0,,1082,0,0,0.0,,,,sonnet46
2026091287,rich_boost,bonferroni,0.1,,False,0,0,,1082,0,0,0.0,,,,sonnet46
2026091287,rich_boost,fixed_sequence,0.14285714285714285,,False,0,0,,1082,0,0,0.0,,,,sonnet46
2026091287,rich_boost,bonferroni,0.14285714285714285,,False,0,0,,1082,0,0,0.0,,,,sonnet46
2026091287,rich_boost,fixed_sequence,0.2,,False,0,0,,1082,0,0,0.0,,,,sonnet46
2026091287,rich_boost,bonferroni,0.2,,False,0,0,,1082,0,0,0.0,,,,sonnet46
2026091287,rich_boost,fixed_sequence,0.25,,False,0,0,,1082,0,0,0.0,,,,sonnet46
2026091287,rich_boost,bonferroni,0.25,,False,0,0,,1082,0,0,0.0,,,,sonnet46
2026091288,raw_u,fixed_sequence,0.1,,False,0,0,,1082,0,0,0.0,,,,sonnet46
2026091288,raw_u,bonferroni,0.1,,False,0,0,,1082,0,0,0.0,,,,sonnet46
2026091288,raw_u,fixed_sequence,0.14285714285714285,,False,0,0,,1082,0,0,0.0,,,,sonnet46
2026091288,raw_u,bonferroni,0.14285714285714285,,False,0,0,,1082,0,0,0.0,,,,sonnet46
2026091288,raw_u,fixed_sequence,0.2,,False,0,0,,1082,0,0,0.0,,,,sonnet46
2026091288,raw_u,bonferroni,0.2,,False,0,0,,1082,0,0,0.0,,,,sonnet46
2026091288,raw_u,fixed_sequence,0.25,,False,0,0,,1082,0,0,0.0,,,,sonnet46
2026091288,raw_u,bonferroni,0.25,,False,0,0,,1082,0,0,0.0,,,,sonnet46
2026091288,u_boost,fixed_sequence,0.1,,False,0,0,,1082,0,0,0.0,,,,sonnet46
2026091288,u_boost,bonferroni,0.1,,False,0,0,,1082,0,0,0.0,,,,sonnet46
2026091288,u_boost,fixed_sequence,0.14285714285714285,,False,0,0,,1082,0,0,0.0,,,,sonnet46
2026091288,u_boost,bonferroni,0.14285714285714285,,False,0,0,,1082,0,0,0.0,,,,sonnet46
2026091288,u_boost,fixed_sequence,0.2,,False,0,0,,1082,0,0,0.0,,,,sonnet46
2026091288,u_boost,bonferroni,0.2,,False,0,0,,1082,0,0,0.0,,,,sonnet46
2026091288,u_boost,fixed_sequence,0.25,,False,0,0,,1082,0,0,0.0,,,,sonnet46
2026091288,u_boost,bonferroni,0.25,,False,0,0,,1082,0,0,0.0,,,,sonnet46
2026091288,rich_logistic,fixed_sequence,0.1,,False,0,0,,1082,0,0,0.0,,,,sonnet46
2026091288,rich_logistic,bonferroni,0.1,,False,0,0,,1082,0,0,0.0,,,,sonnet46
2026091288,rich_logistic,fixed_sequence,0.14285714285714285,,False,0,0,,1082,0,0,0.0,,,,sonnet46
2026091288,rich_logistic,bonferroni,0.14285714285714285,,False,0,0,,1082,0,0,0.0,,,,sonnet46
2026091288,rich_logistic,fixed_sequence,0.2,,False,0,0,,1082,0,0,0.0,,,,sonnet46
2026091288,rich_logistic,bonferroni,0.2,,False,0,0,,1082,0,0,0.0,,,,sonnet46
2026091288,rich_logistic,fixed_sequence,0.25,,False,0,0,,1082,0,0,0.0,,,,sonnet46
2026091288,rich_logistic,bonferroni,0.25,,False,0,0,,1082,0,0,0.0,,,,sonnet46
2026091288,rich_boost,fixed_sequence,0.1,,False,0,0,,1082,0,0,0.0,,,,sonnet46
2026091288,rich_boost,bonferroni,0.1,,False,0,0,,1082,0,0,0.0,,,,sonnet46
2026091288,rich_boost,fixed_sequence,0.14285714285714285,,False,0,0,,1082,0,0,0.0,,,,sonnet46
2026091288,rich_boost,bonferroni,0.14285714285714285,,False,0,0,,1082,0,0,0.0,,,,sonnet46
2026091288,rich_boost,fixed_sequence,0.2,,False,0,0,,1082,0,0,0.0,,,,sonnet46
2026091288,rich_boost,bonferroni,0.2,,False,0,0,,1082,0,0,0.0,,,,sonnet46
2026091288,rich_boost,fixed_sequence,0.25,,False,0,0,,1082,0,0,0.0,,,,sonnet46
2026091288,rich_boost,bonferroni,0.25,,False,0,0,,1082,0,0,0.0,,,,sonnet46
2026091289,raw_u,fixed_sequence,0.1,,False,0,0,,1082,0,0,0.0,,,,sonnet46
2026091289,raw_u,bonferroni,0.1,,False,0,0,,1082,0,0,0.0,,,,sonnet46
2026091289,raw_u,fixed_sequence,0.14285714285714285,,False,0,0,,1082,0,0,0.0,,,,sonnet46
2026091289,raw_u,bonferroni,0.14285714285714285,,False,0,0,,1082,0,0,0.0,,,,sonnet46
2026091289,raw_u,fixed_sequence,0.2,,False,0,0,,1082,0,0,0.0,,,,sonnet46
2026091289,raw_u,bonferroni,0.2,,False,0,0,,1082,0,0,0.0,,,,sonnet46
2026091289,raw_u,fixed_sequence,0.25,,False,0,0,,1082,0,0,0.0,,,,sonnet46
2026091289,raw_u,bonferroni,0.25,,False,0,0,,1082,0,0,0.0,,,,sonnet46
2026091289,u_boost,fixed_sequence,0.1,,False,0,0,,1082,0,0,0.0,,,,sonnet46
2026091289,u_boost,bonferroni,0.1,,False,0,0,,1082,0,0,0.0,,,,sonnet46
2026091289,u_boost,fixed_sequence,0.14285714285714285,,False,0,0,,1082,0,0,0.0,,,,sonnet46
2026091289,u_boost,bonferroni,0.14285714285714285,,False,0,0,,1082,0,0,0.0,,,,sonnet46
2026091289,u_boost,fixed_sequence,0.2,,False,0,0,,1082,0,0,0.0,,,,sonnet46
2026091289,u_boost,bonferroni,0.2,,False,0,0,,1082,0,0,0.0,,,,sonnet46
2026091289,u_boost,fixed_sequence,0.25,,False,0,0,,1082,0,0,0.0,,,,sonnet46
2026091289,u_boost,bonferroni,0.25,,False,0,0,,1082,0,0,0.0,,,,sonnet46
2026091289,rich_logistic,fixed_sequence,0.1,,False,0,0,,1082,0,0,0.0,,,,sonnet46
2026091289,rich_logistic,bonferroni,0.1,,False,0,0,,1082,0,0,0.0,,,,sonnet46
2026091289,rich_logistic,fixed_sequence,0.14285714285714285,,False,0,0,,1082,0,0,0.0,,,,sonnet46
2026091289,rich_logistic,bonferroni,0.14285714285714285,,False,0,0,,1082,0,0,0.0,,,,sonnet46
2026091289,rich_logistic,fixed_sequence,0.2,,False,0,0,,1082,0,0,0.0,,,,sonnet46
2026091289,rich_logistic,bonferroni,0.2,,False,0,0,,1082,0,0,0.0,,,,sonnet46
2026091289,rich_logistic,fixed_sequence,0.25,,False,0,0,,1082,0,0,0.0,,,,sonnet46
2026091289,rich_logistic,bonferroni,0.25,,False,0,0,,1082,0,0,0.0,,,,sonnet46
2026091289,rich_boost,fixed_sequence,0.1,,False,0,0,,1082,0,0,0.0,,,,sonnet46
2026091289,rich_boost,bonferroni,0.1,,False,0,0,,1082,0,0,0.0,,,,sonnet46
2026091289,rich_boost,fixed_sequence,0.14285714285714285,,False,0,0,,1082,0,0,0.0,,,,sonnet46
2026091289,rich_boost,bonferroni,0.14285714285714285,,False,0,0,,1082,0,0,0.0,,,,sonnet46
2026091289,rich_boost,fixed_sequence,0.2,,False,0,0,,1082,0,0,0.0,,,,sonnet46
2026091289,rich_boost,bonferroni,0.2,,False,0,0,,1082,0,0,0.0,,,,sonnet46
2026091289,rich_boost,fixed_sequence,0.25,,False,0,0,,1082,0,0,0.0,,,,sonnet46
2026091289,rich_boost,bonferroni,0.25,,False,0,0,,1082,0,0,0.0,,,,sonnet46
2026091290,raw_u,fixed_sequence,0.1,,False,0,0,,1082,0,0,0.0,,,,sonnet46
2026091290,raw_u,bonferroni,0.1,,False,0,0,,1082,0,0,0.0,,,,sonnet46
2026091290,raw_u,fixed_sequence,0.14285714285714285,,False,0,0,,1082,0,0,0.0,,,,sonnet46
2026091290,raw_u,bonferroni,0.14285714285714285,,False,0,0,,1082,0,0,0.0,,,,sonnet46
2026091290,raw_u,fixed_sequence,0.2,,False,0,0,,1082,0,0,0.0,,,,sonnet46
2026091290,raw_u,bonferroni,0.2,,False,0,0,,1082,0,0,0.0,,,,sonnet46
2026091290,raw_u,fixed_sequence,0.25,,False,0,0,,1082,0,0,0.0,,,,sonnet46
2026091290,raw_u,bonferroni,0.25,,False,0,0,,1082,0,0,0.0,,,,sonnet46
2026091290,u_boost,fixed_sequence,0.1,,False,0,0,,1082,0,0,0.0,,,,sonnet46
2026091290,u_boost,bonferroni,0.1,,False,0,0,,1082,0,0,0.0,,,,sonnet46
2026091290,u_boost,fixed_sequence,0.14285714285714285,,False,0,0,,1082,0,0,0.0,,,,sonnet46
2026091290,u_boost,bonferroni,0.14285714285714285,,False,0,0,,1082,0,0,0.0,,,,sonnet46
2026091290,u_boost,fixed_sequence,0.2,,False,0,0,,1082,0,0,0.0,,,,sonnet46
2026091290,u_boost,bonferroni,0.2,,False,0,0,,1082,0,0,0.0,,,,sonnet46
2026091290,u_boost,fixed_sequence,0.25,,False,0,0,,1082,0,0,0.0,,,,sonnet46
2026091290,u_boost,bonferroni,0.25,,False,0,0,,1082,0,0,0.0,,,,sonnet46
2026091290,rich_logistic,fixed_sequence,0.1,,False,0,0,,1082,0,0,0.0,,,,sonnet46
2026091290,rich_logistic,bonferroni,0.1,,False,0,0,,1082,0,0,0.0,,,,sonnet46
2026091290,rich_logistic,fixed_sequence,0.14285714285714285,,False,0,0,,1082,0,0,0.0,,,,sonnet46
2026091290,rich_logistic,bonferroni,0.14285714285714285,,False,0,0,,1082,0,0,0.0,,,,sonnet46
2026091290,rich_logistic,fixed_sequence,0.2,,False,0,0,,1082,0,0,0.0,,,,sonnet46
2026091290,rich_logistic,bonferroni,0.2,,False,0,0,,1082,0,0,0.0,,,,sonnet46
2026091290,rich_logistic,fixed_sequence,0.25,,False,0,0,,1082,0,0,0.0,,,,sonnet46
2026091290,rich_logistic,bonferroni,0.25,,False,0,0,,1082,0,0,0.0,,,,sonnet46
2026091290,rich_boost,fixed_sequence,0.1,,False,0,0,,1082,0,0,0.0,,,,sonnet46
2026091290,rich_boost,bonferroni,0.1,,False,0,0,,1082,0,0,0.0,,,,sonnet46
2026091290,rich_boost,fixed_sequence,0.14285714285714285,,False,0,0,,1082,0,0,0.0,,,,sonnet46
2026091290,rich_boost,bonferroni,0.14285714285714285,,False,0,0,,1082,0,0,0.0,,,,sonnet46
2026091290,rich_boost,fixed_sequence,0.2,,False,0,0,,1082,0,0,0.0,,,,sonnet46
2026091290,rich_boost,bonferroni,0.2,,False,0,0,,1082,0,0,0.0,,,,sonnet46
2026091290,rich_boost,fixed_sequence,0.25,,False,0,0,,1082,0,0,0.0,,,,sonnet46
2026091290,rich_boost,bonferroni,0.25,,False,0,0,,1082,0,0,0.0,,,,sonnet46
2026091291,raw_u,fixed_sequence,0.1,,False,0,0,,1082,0,0,0.0,,,,sonnet46
2026091291,raw_u,bonferroni,0.1,,False,0,0,,1082,0,0,0.0,,,,sonnet46
2026091291,raw_u,fixed_sequence,0.14285714285714285,,False,0,0,,1082,0,0,0.0,,,,sonnet46
2026091291,raw_u,bonferroni,0.14285714285714285,,False,0,0,,1082,0,0,0.0,,,,sonnet46
2026091291,raw_u,fixed_sequence,0.2,,False,0,0,,1082,0,0,0.0,,,,sonnet46
2026091291,raw_u,bonferroni,0.2,,False,0,0,,1082,0,0,0.0,,,,sonnet46
2026091291,raw_u,fixed_sequence,0.25,,False,0,0,,1082,0,0,0.0,,,,sonnet46
2026091291,raw_u,bonferroni,0.25,,False,0,0,,1082,0,0,0.0,,,,sonnet46
2026091291,u_boost,fixed_sequence,0.1,,False,0,0,,1082,0,0,0.0,,,,sonnet46
2026091291,u_boost,bonferroni,0.1,,False,0,0,,1082,0,0,0.0,,,,sonnet46
2026091291,u_boost,fixed_sequence,0.14285714285714285,,False,0,0,,1082,0,0,0.0,,,,sonnet46
2026091291,u_boost,bonferroni,0.14285714285714285,,False,0,0,,1082,0,0,0.0,,,,sonnet46
2026091291,u_boost,fixed_sequence,0.2,,False,0,0,,1082,0,0,0.0,,,,sonnet46
2026091291,u_boost,bonferroni,0.2,,False,0,0,,1082,0,0,0.0,,,,sonnet46
2026091291,u_boost,fixed_sequence,0.25,,False,0,0,,1082,0,0,0.0,,,,sonnet46
2026091291,u_boost,bonferroni,0.25,,False,0,0,,1082,0,0,0.0,,,,sonnet46
2026091291,rich_logistic,fixed_sequence,0.1,,False,0,0,,1082,0,0,0.0,,,,sonnet46
2026091291,rich_logistic,bonferroni,0.1,,False,0,0,,1082,0,0,0.0,,,,sonnet46
2026091291,rich_logistic,fixed_sequence,0.14285714285714285,,False,0,0,,1082,0,0,0.0,,,,sonnet46
2026091291,rich_logistic,bonferroni,0.14285714285714285,,False,0,0,,1082,0,0,0.0,,,,sonnet46
2026091291,rich_logistic,fixed_sequence,0.2,,False,0,0,,1082,0,0,0.0,,,,sonnet46
2026091291,rich_logistic,bonferroni,0.2,,False,0,0,,1082,0,0,0.0,,,,sonnet46
2026091291,rich_logistic,fixed_sequence,0.25,,False,0,0,,1082,0,0,0.0,,,,sonnet46
2026091291,rich_logistic,bonferroni,0.25,,False,0,0,,1082,0,0,0.0,,,,sonnet46
2026091291,rich_boost,fixed_sequence,0.1,,False,0,0,,1082,0,0,0.0,,,,sonnet46
2026091291,rich_boost,bonferroni,0.1,,False,0,0,,1082,0,0,0.0,,,,sonnet46
2026091291,rich_boost,fixed_sequence,0.14285714285714285,,False,0,0,,1082,0,0,0.0,,,,sonnet46
2026091291,rich_boost,bonferroni,0.14285714285714285,,False,0,0,,1082,0,0,0.0,,,,sonnet46
2026091291,rich_boost,fixed_sequence,0.2,,False,0,0,,1082,0,0,0.0,,,,sonnet46
2026091291,rich_boost,bonferroni,0.2,,False,0,0,,1082,0,0,0.0,,,,sonnet46
2026091291,rich_boost,fixed_sequence,0.25,,False,0,0,,1082,0,0,0.0,,,,sonnet46
2026091291,rich_boost,bonferroni,0.25,,False,0,0,,1082,0,0,0.0,,,,sonnet46
2026091292,raw_u,fixed_sequence,0.1,,False,0,0,,1082,0,0,0.0,,,,sonnet46
2026091292,raw_u,bonferroni,0.1,,False,0,0,,1082,0,0,0.0,,,,sonnet46
2026091292,raw_u,fixed_sequence,0.14285714285714285,,False,0,0,,1082,0,0,0.0,,,,sonnet46
2026091292,raw_u,bonferroni,0.14285714285714285,,False,0,0,,1082,0,0,0.0,,,,sonnet46
2026091292,raw_u,fixed_sequence,0.2,,False,0,0,,1082,0,0,0.0,,,,sonnet46
2026091292,raw_u,bonferroni,0.2,,False,0,0,,1082,0,0,0.0,,,,sonnet46
2026091292,raw_u,fixed_sequence,0.25,,False,0,0,,1082,0,0,0.0,,,,sonnet46
2026091292,raw_u,bonferroni,0.25,,False,0,0,,1082,0,0,0.0,,,,sonnet46
2026091292,u_boost,fixed_sequence,0.1,,False,0,0,,1082,0,0,0.0,,,,sonnet46
2026091292,u_boost,bonferroni,0.1,,False,0,0,,1082,0,0,0.0,,,,sonnet46
2026091292,u_boost,fixed_sequence,0.14285714285714285,,False,0,0,,1082,0,0,0.0,,,,sonnet46
2026091292,u_boost,bonferroni,0.14285714285714285,,False,0,0,,1082,0,0,0.0,,,,sonnet46
2026091292,u_boost,fixed_sequence,0.2,,False,0,0,,1082,0,0,0.0,,,,sonnet46
2026091292,u_boost,bonferroni,0.2,,False,0,0,,1082,0,0,0.0,,,,sonnet46
2026091292,u_boost,fixed_sequence,0.25,,False,0,0,,1082,0,0,0.0,,,,sonnet46
2026091292,u_boost,bonferroni,0.25,,False,0,0,,1082,0,0,0.0,,,,sonnet46
2026091292,rich_logistic,fixed_sequence,0.1,,False,0,0,,1082,0,0,0.0,,,,sonnet46
2026091292,rich_logistic,bonferroni,0.1,,False,0,0,,1082,0,0,0.0,,,,sonnet46
2026091292,rich_logistic,fixed_sequence,0.14285714285714285,,False,0,0,,1082,0,0,0.0,,,,sonnet46
2026091292,rich_logistic,bonferroni,0.14285714285714285,,False,0,0,,1082,0,0,0.0,,,,sonnet46
2026091292,rich_logistic,fixed_sequence,0.2,,False,0,0,,1082,0,0,0.0,,,,sonnet46
2026091292,rich_logistic,bonferroni,0.2,,False,0,0,,1082,0,0,0.0,,,,sonnet46
2026091292,rich_logistic,fixed_sequence,0.25,,False,0,0,,1082,0,0,0.0,,,,sonnet46
2026091292,rich_logistic,bonferroni,0.25,,False,0,0,,1082,0,0,0.0,,,,sonnet46
2026091292,rich_boost,fixed_sequence,0.1,,False,0,0,,1082,0,0,0.0,,,,sonnet46
2026091292,rich_boost,bonferroni,0.1,,False,0,0,,1082,0,0,0.0,,,,sonnet46
2026091292,rich_boost,fixed_sequence,0.14285714285714285,,False,0,0,,1082,0,0,0.0,,,,sonnet46
2026091292,rich_boost,bonferroni,0.14285714285714285,,False,0,0,,1082,0,0,0.0,,,,sonnet46
2026091292,rich_boost,fixed_sequence,0.2,,False,0,0,,1082,0,0,0.0,,,,sonnet46
2026091292,rich_boost,bonferroni,0.2,,False,0,0,,1082,0,0,0.0,,,,sonnet46
2026091292,rich_boost,fixed_sequence,0.25,,False,0,0,,1082,0,0,0.0,,,,sonnet46
2026091292,rich_boost,bonferroni,0.25,,False,0,0,,1082,0,0,0.0,,,,sonnet46
2026091293,raw_u,fixed_sequence,0.1,,False,0,0,,1082,0,0,0.0,,,,sonnet46
2026091293,raw_u,bonferroni,0.1,,False,0,0,,1082,0,0,0.0,,,,sonnet46
2026091293,raw_u,fixed_sequence,0.14285714285714285,,False,0,0,,1082,0,0,0.0,,,,sonnet46
2026091293,raw_u,bonferroni,0.14285714285714285,,False,0,0,,1082,0,0,0.0,,,,sonnet46
2026091293,raw_u,fixed_sequence,0.2,,False,0,0,,1082,0,0,0.0,,,,sonnet46
2026091293,raw_u,bonferroni,0.2,,False,0,0,,1082,0,0,0.0,,,,sonnet46
2026091293,raw_u,fixed_sequence,0.25,,False,0,0,,1082,0,0,0.0,,,,sonnet46
2026091293,raw_u,bonferroni,0.25,,False,0,0,,1082,0,0,0.0,,,,sonnet46
2026091293,u_boost,fixed_sequence,0.1,,False,0,0,,1082,0,0,0.0,,,,sonnet46
2026091293,u_boost,bonferroni,0.1,,False,0,0,,1082,0,0,0.0,,,,sonnet46
2026091293,u_boost,fixed_sequence,0.14285714285714285,,False,0,0,,1082,0,0,0.0,,,,sonnet46
2026091293,u_boost,bonferroni,0.14285714285714285,,False,0,0,,1082,0,0,0.0,,,,sonnet46
2026091293,u_boost,fixed_sequence,0.2,,False,0,0,,1082,0,0,0.0,,,,sonnet46
2026091293,u_boost,bonferroni,0.2,,False,0,0,,1082,0,0,0.0,,,,sonnet46
2026091293,u_boost,fixed_sequence,0.25,,False,0,0,,1082,0,0,0.0,,,,sonnet46
2026091293,u_boost,bonferroni,0.25,,False,0,0,,1082,0,0,0.0,,,,sonnet46
2026091293,rich_logistic,fixed_sequence,0.1,,False,0,0,,1082,0,0,0.0,,,,sonnet46
2026091293,rich_logistic,bonferroni,0.1,,False,0,0,,1082,0,0,0.0,,,,sonnet46
2026091293,rich_logistic,fixed_sequence,0.14285714285714285,,False,0,0,,1082,0,0,0.0,,,,sonnet46
2026091293,rich_logistic,bonferroni,0.14285714285714285,,False,0,0,,1082,0,0,0.0,,,,sonnet46
2026091293,rich_logistic,fixed_sequence,0.2,,False,0,0,,1082,0,0,0.0,,,,sonnet46
2026091293,rich_logistic,bonferroni,0.2,,False,0,0,,1082,0,0,0.0,,,,sonnet46
2026091293,rich_logistic,fixed_sequence,0.25,,False,0,0,,1082,0,0,0.0,,,,sonnet46
2026091293,rich_logistic,bonferroni,0.25,,False,0,0,,1082,0,0,0.0,,,,sonnet46
2026091293,rich_boost,fixed_sequence,0.1,,False,0,0,,1082,0,0,0.0,,,,sonnet46
2026091293,rich_boost,bonferroni,0.1,,False,0,0,,1082,0,0,0.0,,,,sonnet46
2026091293,rich_boost,fixed_sequence,0.14285714285714285,,False,0,0,,1082,0,0,0.0,,,,sonnet46
2026091293,rich_boost,bonferroni,0.14285714285714285,,False,0,0,,1082,0,0,0.0,,,,sonnet46
2026091293,rich_boost,fixed_sequence,0.2,,False,0,0,,1082,0,0,0.0,,,,sonnet46
2026091293,rich_boost,bonferroni,0.2,,False,0,0,,1082,0,0,0.0,,,,sonnet46
2026091293,rich_boost,fixed_sequence,0.25,,False,0,0,,1082,0,0,0.0,,,,sonnet46
2026091293,rich_boost,bonferroni,0.25,,False,0,0,,1082,0,0,0.0,,,,sonnet46
2026091294,raw_u,fixed_sequence,0.1,,False,0,0,,1082,0,0,0.0,,,,sonnet46
2026091294,raw_u,bonferroni,0.1,,False,0,0,,1082,0,0,0.0,,,,sonnet46
2026091294,raw_u,fixed_sequence,0.14285714285714285,,False,0,0,,1082,0,0,0.0,,,,sonnet46
2026091294,raw_u,bonferroni,0.14285714285714285,,False,0,0,,1082,0,0,0.0,,,,sonnet46
2026091294,raw_u,fixed_sequence,0.2,,False,0,0,,1082,0,0,0.0,,,,sonnet46
2026091294,raw_u,bonferroni,0.2,,False,0,0,,1082,0,0,0.0,,,,sonnet46
2026091294,raw_u,fixed_sequence,0.25,,False,0,0,,1082,0,0,0.0,,,,sonnet46
2026091294,raw_u,bonferroni,0.25,,False,0,0,,1082,0,0,0.0,,,,sonnet46
2026091294,u_boost,fixed_sequence,0.1,,False,0,0,,1082,0,0,0.0,,,,sonnet46
2026091294,u_boost,bonferroni,0.1,,False,0,0,,1082,0,0,0.0,,,,sonnet46
2026091294,u_boost,fixed_sequence,0.14285714285714285,,False,0,0,,1082,0,0,0.0,,,,sonnet46
2026091294,u_boost,bonferroni,0.14285714285714285,,False,0,0,,1082,0,0,0.0,,,,sonnet46
2026091294,u_boost,fixed_sequence,0.2,,False,0,0,,1082,0,0,0.0,,,,sonnet46
2026091294,u_boost,bonferroni,0.2,,False,0,0,,1082,0,0,0.0,,,,sonnet46
2026091294,u_boost,fixed_sequence,0.25,,False,0,0,,1082,0,0,0.0,,,,sonnet46
2026091294,u_boost,bonferroni,0.25,,False,0,0,,1082,0,0,0.0,,,,sonnet46
2026091294,rich_logistic,fixed_sequence,0.1,,False,0,0,,1082,0,0,0.0,,,,sonnet46
2026091294,rich_logistic,bonferroni,0.1,,False,0,0,,1082,0,0,0.0,,,,sonnet46
2026091294,rich_logistic,fixed_sequence,0.14285714285714285,,False,0,0,,1082,0,0,0.0,,,,sonnet46
2026091294,rich_logistic,bonferroni,0.14285714285714285,,False,0,0,,1082,0,0,0.0,,,,sonnet46
2026091294,rich_logistic,fixed_sequence,0.2,,False,0,0,,1082,0,0,0.0,,,,sonnet46
2026091294,rich_logistic,bonferroni,0.2,,False,0,0,,1082,0,0,0.0,,,,sonnet46
2026091294,rich_logistic,fixed_sequence,0.25,,False,0,0,,1082,0,0,0.0,,,,sonnet46
2026091294,rich_logistic,bonferroni,0.25,,False,0,0,,1082,0,0,0.0,,,,sonnet46
2026091294,rich_boost,fixed_sequence,0.1,,False,0,0,,1082,0,0,0.0,,,,sonnet46
2026091294,rich_boost,bonferroni,0.1,,False,0,0,,1082,0,0,0.0,,,,sonnet46
2026091294,rich_boost,fixed_sequence,0.14285714285714285,,False,0,0,,1082,0,0,0.0,,,,sonnet46
2026091294,rich_boost,bonferroni,0.14285714285714285,,False,0,0,,1082,0,0,0.0,,,,sonnet46
2026091294,rich_boost,fixed_sequence,0.2,,False,0,0,,1082,0,0,0.0,,,,sonnet46
2026091294,rich_boost,bonferroni,0.2,,False,0,0,,1082,0,0,0.0,,,,sonnet46
2026091294,rich_boost,fixed_sequence,0.25,,False,0,0,,1082,0,0,0.0,,,,sonnet46
2026091294,rich_boost,bonferroni,0.25,,False,0,0,,1082,0,0,0.0,,,,sonnet46
2026091295,raw_u,fixed_sequence,0.1,,False,0,0,,1082,0,0,0.0,,,,sonnet46
2026091295,raw_u,bonferroni,0.1,,False,0,0,,1082,0,0,0.0,,,,sonnet46
2026091295,raw_u,fixed_sequence,0.14285714285714285,,False,0,0,,1082,0,0,0.0,,,,sonnet46
2026091295,raw_u,bonferroni,0.14285714285714285,,False,0,0,,1082,0,0,0.0,,,,sonnet46
2026091295,raw_u,fixed_sequence,0.2,,False,0,0,,1082,0,0,0.0,,,,sonnet46
2026091295,raw_u,bonferroni,0.2,,False,0,0,,1082,0,0,0.0,,,,sonnet46
2026091295,raw_u,fixed_sequence,0.25,,False,0,0,,1082,0,0,0.0,,,,sonnet46
2026091295,raw_u,bonferroni,0.25,,False,0,0,,1082,0,0,0.0,,,,sonnet46
2026091295,u_boost,fixed_sequence,0.1,,False,0,0,,1082,0,0,0.0,,,,sonnet46
2026091295,u_boost,bonferroni,0.1,,False,0,0,,1082,0,0,0.0,,,,sonnet46
2026091295,u_boost,fixed_sequence,0.14285714285714285,,False,0,0,,1082,0,0,0.0,,,,sonnet46
2026091295,u_boost,bonferroni,0.14285714285714285,,False,0,0,,1082,0,0,0.0,,,,sonnet46
2026091295,u_boost,fixed_sequence,0.2,,False,0,0,,1082,0,0,0.0,,,,sonnet46
2026091295,u_boost,bonferroni,0.2,,False,0,0,,1082,0,0,0.0,,,,sonnet46
2026091295,u_boost,fixed_sequence,0.25,,False,0,0,,1082,0,0,0.0,,,,sonnet46
2026091295,u_boost,bonferroni,0.25,,False,0,0,,1082,0,0,0.0,,,,sonnet46
2026091295,rich_logistic,fixed_sequence,0.1,,False,0,0,,1082,0,0,0.0,,,,sonnet46
2026091295,rich_logistic,bonferroni,0.1,,False,0,0,,1082,0,0,0.0,,,,sonnet46
2026091295,rich_logistic,fixed_sequence,0.14285714285714285,,False,0,0,,1082,0,0,0.0,,,,sonnet46
2026091295,rich_logistic,bonferroni,0.14285714285714285,,False,0,0,,1082,0,0,0.0,,,,sonnet46
2026091295,rich_logistic,fixed_sequence,0.2,,False,0,0,,1082,0,0,0.0,,,,sonnet46
2026091295,rich_logistic,bonferroni,0.2,,False,0,0,,1082,0,0,0.0,,,,sonnet46
2026091295,rich_logistic,fixed_sequence,0.25,,False,0,0,,1082,0,0,0.0,,,,sonnet46
2026091295,rich_logistic,bonferroni,0.25,,False,0,0,,1082,0,0,0.0,,,,sonnet46
2026091295,rich_boost,fixed_sequence,0.1,,False,0,0,,1082,0,0,0.0,,,,sonnet46
2026091295,rich_boost,bonferroni,0.1,,False,0,0,,1082,0,0,0.0,,,,sonnet46
2026091295,rich_boost,fixed_sequence,0.14285714285714285,,False,0,0,,1082,0,0,0.0,,,,sonnet46
2026091295,rich_boost,bonferroni,0.14285714285714285,,False,0,0,,1082,0,0,0.0,,,,sonnet46
2026091295,rich_boost,fixed_sequence,0.2,,False,0,0,,1082,0,0,0.0,,,,sonnet46
2026091295,rich_boost,bonferroni,0.2,,False,0,0,,1082,0,0,0.0,,,,sonnet46
2026091295,rich_boost,fixed_sequence,0.25,,False,0,0,,1082,0,0,0.0,,,,sonnet46
2026091295,rich_boost,bonferroni,0.25,,False,0,0,,1082,0,0,0.0,,,,sonnet46
2026091296,raw_u,fixed_sequence,0.1,,False,0,0,,1082,0,0,0.0,,,,sonnet46
2026091296,raw_u,bonferroni,0.1,,False,0,0,,1082,0,0,0.0,,,,sonnet46
2026091296,raw_u,fixed_sequence,0.14285714285714285,,False,0,0,,1082,0,0,0.0,,,,sonnet46
2026091296,raw_u,bonferroni,0.14285714285714285,,False,0,0,,1082,0,0,0.0,,,,sonnet46
2026091296,raw_u,fixed_sequence,0.2,,False,0,0,,1082,0,0,0.0,,,,sonnet46
2026091296,raw_u,bonferroni,0.2,,False,0,0,,1082,0,0,0.0,,,,sonnet46
2026091296,raw_u,fixed_sequence,0.25,0.8571428571428571,True,50,5,0.23603480333876653,1082,50,11,0.04621072088724584,0.22,0.11526582603784857,0.3596118885657894,sonnet46
2026091296,raw_u,bonferroni,0.25,,False,0,0,,1082,0,0,0.0,,,,sonnet46
2026091296,u_boost,fixed_sequence,0.1,,False,0,0,,1082,0,0,0.0,,,,sonnet46
2026091296,u_boost,bonferroni,0.1,,False,0,0,,1082,0,0,0.0,,,,sonnet46
2026091296,u_boost,fixed_sequence,0.14285714285714285,,False,0,0,,1082,0,0,0.0,,,,sonnet46
2026091296,u_boost,bonferroni,0.14285714285714285,,False,0,0,,1082,0,0,0.0,,,,sonnet46
2026091296,u_boost,fixed_sequence,0.2,,False,0,0,,1082,0,0,0.0,,,,sonnet46
2026091296,u_boost,bonferroni,0.2,,False,0,0,,1082,0,0,0.0,,,,sonnet46
2026091296,u_boost,fixed_sequence,0.25,0.74,True,58,6,0.22806651586384255,1082,64,13,0.059149722735674676,0.203125,0.11282885947084005,0.32226430670804,sonnet46
2026091296,u_boost,bonferroni,0.25,,False,0,0,,1082,0,0,0.0,,,,sonnet46
2026091296,rich_logistic,fixed_sequence,0.1,,False,0,0,,1082,0,0,0.0,,,,sonnet46
2026091296,rich_logistic,bonferroni,0.1,,False,0,0,,1082,0,0,0.0,,,,sonnet46
2026091296,rich_logistic,fixed_sequence,0.14285714285714285,,False,0,0,,1082,0,0,0.0,,,,sonnet46
2026091296,rich_logistic,bonferroni,0.14285714285714285,,False,0,0,,1082,0,0,0.0,,,,sonnet46
2026091296,rich_logistic,fixed_sequence,0.2,,False,0,0,,1082,0,0,0.0,,,,sonnet46
2026091296,rich_logistic,bonferroni,0.2,,False,0,0,,1082,0,0,0.0,,,,sonnet46
2026091296,rich_logistic,fixed_sequence,0.25,,False,0,0,,1082,0,0,0.0,,,,sonnet46
2026091296,rich_logistic,bonferroni,0.25,,False,0,0,,1082,0,0,0.0,,,,sonnet46
2026091296,rich_boost,fixed_sequence,0.1,,False,0,0,,1082,0,0,0.0,,,,sonnet46
2026091296,rich_boost,bonferroni,0.1,,False,0,0,,1082,0,0,0.0,,,,sonnet46
2026091296,rich_boost,fixed_sequence,0.14285714285714285,,False,0,0,,1082,0,0,0.0,,,,sonnet46
2026091296,rich_boost,bonferroni,0.14285714285714285,,False,0,0,,1082,0,0,0.0,,,,sonnet46
2026091296,rich_boost,fixed_sequence,0.2,,False,0,0,,1082,0,0,0.0,,,,sonnet46
2026091296,rich_boost,bonferroni,0.2,,False,0,0,,1082,0,0,0.0,,,,sonnet46
2026091296,rich_boost,fixed_sequence,0.25,,False,0,0,,1082,0,0,0.0,,,,sonnet46
2026091296,rich_boost,bonferroni,0.25,,False,0,0,,1082,0,0,0.0,,,,sonnet46
2026091297,raw_u,fixed_sequence,0.1,,False,0,0,,1082,0,0,0.0,,,,sonnet46
2026091297,raw_u,bonferroni,0.1,,False,0,0,,1082,0,0,0.0,,,,sonnet46
2026091297,raw_u,fixed_sequence,0.14285714285714285,,False,0,0,,1082,0,0,0.0,,,,sonnet46
2026091297,raw_u,bonferroni,0.14285714285714285,,False,0,0,,1082,0,0,0.0,,,,sonnet46
2026091297,raw_u,fixed_sequence,0.2,,False,0,0,,1082,0,0,0.0,,,,sonnet46
2026091297,raw_u,bonferroni,0.2,,False,0,0,,1082,0,0,0.0,,,,sonnet46
2026091297,raw_u,fixed_sequence,0.25,,False,0,0,,1082,0,0,0.0,,,,sonnet46
2026091297,raw_u,bonferroni,0.25,,False,0,0,,1082,0,0,0.0,,,,sonnet46
2026091297,u_boost,fixed_sequence,0.1,,False,0,0,,1082,0,0,0.0,,,,sonnet46
2026091297,u_boost,bonferroni,0.1,,False,0,0,,1082,0,0,0.0,,,,sonnet46
2026091297,u_boost,fixed_sequence,0.14285714285714285,,False,0,0,,1082,0,0,0.0,,,,sonnet46
2026091297,u_boost,bonferroni,0.14285714285714285,,False,0,0,,1082,0,0,0.0,,,,sonnet46
2026091297,u_boost,fixed_sequence,0.2,,False,0,0,,1082,0,0,0.0,,,,sonnet46
2026091297,u_boost,bonferroni,0.2,,False,0,0,,1082,0,0,0.0,,,,sonnet46
2026091297,u_boost,fixed_sequence,0.25,,False,0,0,,1082,0,0,0.0,,,,sonnet46
2026091297,u_boost,bonferroni,0.25,,False,0,0,,1082,0,0,0.0,,,,sonnet46
2026091297,rich_logistic,fixed_sequence,0.1,,False,0,0,,1082,0,0,0.0,,,,sonnet46
2026091297,rich_logistic,bonferroni,0.1,,False,0,0,,1082,0,0,0.0,,,,sonnet46
2026091297,rich_logistic,fixed_sequence,0.14285714285714285,,False,0,0,,1082,0,0,0.0,,,,sonnet46
2026091297,rich_logistic,bonferroni,0.14285714285714285,,False,0,0,,1082,0,0,0.0,,,,sonnet46
2026091297,rich_logistic,fixed_sequence,0.2,,False,0,0,,1082,0,0,0.0,,,,sonnet46
2026091297,rich_logistic,bonferroni,0.2,,False,0,0,,1082,0,0,0.0,,,,sonnet46
2026091297,rich_logistic,fixed_sequence,0.25,,False,0,0,,1082,0,0,0.0,,,,sonnet46
2026091297,rich_logistic,bonferroni,0.25,,False,0,0,,1082,0,0,0.0,,,,sonnet46
2026091297,rich_boost,fixed_sequence,0.1,,False,0,0,,1082,0,0,0.0,,,,sonnet46
2026091297,rich_boost,bonferroni,0.1,,False,0,0,,1082,0,0,0.0,,,,sonnet46
2026091297,rich_boost,fixed_sequence,0.14285714285714285,,False,0,0,,1082,0,0,0.0,,,,sonnet46
2026091297,rich_boost,bonferroni,0.14285714285714285,,False,0,0,,1082,0,0,0.0,,,,sonnet46
2026091297,rich_boost,fixed_sequence,0.2,,False,0,0,,1082,0,0,0.0,,,,sonnet46
2026091297,rich_boost,bonferroni,0.2,,False,0,0,,1082,0,0,0.0,,,,sonnet46
2026091297,rich_boost,fixed_sequence,0.25,,False,0,0,,1082,0,0,0.0,,,,sonnet46
2026091297,rich_boost,bonferroni,0.25,,False,0,0,,1082,0,0,0.0,,,,sonnet46
2026091298,raw_u,fixed_sequence,0.1,,False,0,0,,1082,0,0,0.0,,,,sonnet46
2026091298,raw_u,bonferroni,0.1,,False,0,0,,1082,0,0,0.0,,,,sonnet46
2026091298,raw_u,fixed_sequence,0.14285714285714285,,False,0,0,,1082,0,0,0.0,,,,sonnet46
2026091298,raw_u,bonferroni,0.14285714285714285,,False,0,0,,1082,0,0,0.0,,,,sonnet46
2026091298,raw_u,fixed_sequence,0.2,,False,0,0,,1082,0,0,0.0,,,,sonnet46
2026091298,raw_u,bonferroni,0.2,,False,0,0,,1082,0,0,0.0,,,,sonnet46
2026091298,raw_u,fixed_sequence,0.25,,False,0,0,,1082,0,0,0.0,,,,sonnet46
2026091298,raw_u,bonferroni,0.25,,False,0,0,,1082,0,0,0.0,,,,sonnet46
2026091298,u_boost,fixed_sequence,0.1,,False,0,0,,1082,0,0,0.0,,,,sonnet46
2026091298,u_boost,bonferroni,0.1,,False,0,0,,1082,0,0,0.0,,,,sonnet46
2026091298,u_boost,fixed_sequence,0.14285714285714285,,False,0,0,,1082,0,0,0.0,,,,sonnet46
2026091298,u_boost,bonferroni,0.14285714285714285,,False,0,0,,1082,0,0,0.0,,,,sonnet46
2026091298,u_boost,fixed_sequence,0.2,,False,0,0,,1082,0,0,0.0,,,,sonnet46
2026091298,u_boost,bonferroni,0.2,,False,0,0,,1082,0,0,0.0,,,,sonnet46
2026091298,u_boost,fixed_sequence,0.25,,False,0,0,,1082,0,0,0.0,,,,sonnet46
2026091298,u_boost,bonferroni,0.25,,False,0,0,,1082,0,0,0.0,,,,sonnet46
2026091298,rich_logistic,fixed_sequence,0.1,,False,0,0,,1082,0,0,0.0,,,,sonnet46
2026091298,rich_logistic,bonferroni,0.1,,False,0,0,,1082,0,0,0.0,,,,sonnet46
2026091298,rich_logistic,fixed_sequence,0.14285714285714285,,False,0,0,,1082,0,0,0.0,,,,sonnet46
2026091298,rich_logistic,bonferroni,0.14285714285714285,,False,0,0,,1082,0,0,0.0,,,,sonnet46
2026091298,rich_logistic,fixed_sequence,0.2,,False,0,0,,1082,0,0,0.0,,,,sonnet46
2026091298,rich_logistic,bonferroni,0.2,,False,0,0,,1082,0,0,0.0,,,,sonnet46
2026091298,rich_logistic,fixed_sequence,0.25,,False,0,0,,1082,0,0,0.0,,,,sonnet46
2026091298,rich_logistic,bonferroni,0.25,,False,0,0,,1082,0,0,0.0,,,,sonnet46
2026091298,rich_boost,fixed_sequence,0.1,,False,0,0,,1082,0,0,0.0,,,,sonnet46
2026091298,rich_boost,bonferroni,0.1,,False,0,0,,1082,0,0,0.0,,,,sonnet46
2026091298,rich_boost,fixed_sequence,0.14285714285714285,,False,0,0,,1082,0,0,0.0,,,,sonnet46
2026091298,rich_boost,bonferroni,0.14285714285714285,,False,0,0,,1082,0,0,0.0,,,,sonnet46
2026091298,rich_boost,fixed_sequence,0.2,,False,0,0,,1082,0,0,0.0,,,,sonnet46
2026091298,rich_boost,bonferroni,0.2,,False,0,0,,1082,0,0,0.0,,,,sonnet46
2026091298,rich_boost,fixed_sequence,0.25,,False,0,0,,1082,0,0,0.0,,,,sonnet46
2026091298,rich_boost,bonferroni,0.25,,False,0,0,,1082,0,0,0.0,,,,sonnet46
2026091299,raw_u,fixed_sequence,0.1,,False,0,0,,1082,0,0,0.0,,,,sonnet46
2026091299,raw_u,bonferroni,0.1,,False,0,0,,1082,0,0,0.0,,,,sonnet46
2026091299,raw_u,fixed_sequence,0.14285714285714285,,False,0,0,,1082,0,0,0.0,,,,sonnet46
2026091299,raw_u,bonferroni,0.14285714285714285,,False,0,0,,1082,0,0,0.0,,,,sonnet46
2026091299,raw_u,fixed_sequence,0.2,,False,0,0,,1082,0,0,0.0,,,,sonnet46
2026091299,raw_u,bonferroni,0.2,,False,0,0,,1082,0,0,0.0,,,,sonnet46
2026091299,raw_u,fixed_sequence,0.25,,False,0,0,,1082,0,0,0.0,,,,sonnet46
2026091299,raw_u,bonferroni,0.25,,False,0,0,,1082,0,0,0.0,,,,sonnet46
2026091299,u_boost,fixed_sequence,0.1,,False,0,0,,1082,0,0,0.0,,,,sonnet46
2026091299,u_boost,bonferroni,0.1,,False,0,0,,1082,0,0,0.0,,,,sonnet46
2026091299,u_boost,fixed_sequence,0.14285714285714285,,False,0,0,,1082,0,0,0.0,,,,sonnet46
2026091299,u_boost,bonferroni,0.14285714285714285,,False,0,0,,1082,0,0,0.0,,,,sonnet46
2026091299,u_boost,fixed_sequence,0.2,,False,0,0,,1082,0,0,0.0,,,,sonnet46
2026091299,u_boost,bonferroni,0.2,,False,0,0,,1082,0,0,0.0,,,,sonnet46
2026091299,u_boost,fixed_sequence,0.25,,False,0,0,,1082,0,0,0.0,,,,sonnet46
2026091299,u_boost,bonferroni,0.25,,False,0,0,,1082,0,0,0.0,,,,sonnet46
2026091299,rich_logistic,fixed_sequence,0.1,,False,0,0,,1082,0,0,0.0,,,,sonnet46
2026091299,rich_logistic,bonferroni,0.1,,False,0,0,,1082,0,0,0.0,,,,sonnet46
2026091299,rich_logistic,fixed_sequence,0.14285714285714285,,False,0,0,,1082,0,0,0.0,,,,sonnet46
2026091299,rich_logistic,bonferroni,0.14285714285714285,,False,0,0,,1082,0,0,0.0,,,,sonnet46
2026091299,rich_logistic,fixed_sequence,0.2,,False,0,0,,1082,0,0,0.0,,,,sonnet46
2026091299,rich_logistic,bonferroni,0.2,,False,0,0,,1082,0,0,0.0,,,,sonnet46
2026091299,rich_logistic,fixed_sequence,0.25,,False,0,0,,1082,0,0,0.0,,,,sonnet46
2026091299,rich_logistic,bonferroni,0.25,,False,0,0,,1082,0,0,0.0,,,,sonnet46
2026091299,rich_boost,fixed_sequence,0.1,,False,0,0,,1082,0,0,0.0,,,,sonnet46
2026091299,rich_boost,bonferroni,0.1,,False,0,0,,1082,0,0,0.0,,,,sonnet46
2026091299,rich_boost,fixed_sequence,0.14285714285714285,,False,0,0,,1082,0,0,0.0,,,,sonnet46
2026091299,rich_boost,bonferroni,0.14285714285714285,,False,0,0,,1082,0,0,0.0,,,,sonnet46
2026091299,rich_boost,fixed_sequence,0.2,,False,0,0,,1082,0,0,0.0,,,,sonnet46
2026091299,rich_boost,bonferroni,0.2,,False,0,0,,1082,0,0,0.0,,,,sonnet46
2026091299,rich_boost,fixed_sequence,0.25,,False,0,0,,1082,0,0,0.0,,,,sonnet46
2026091299,rich_boost,bonferroni,0.25,,False,0,0,,1082,0,0,0.0,,,,sonnet46
2026091300,raw_u,fixed_sequence,0.1,,False,0,0,,1082,0,0,0.0,,,,sonnet46
2026091300,raw_u,bonferroni,0.1,,False,0,0,,1082,0,0,0.0,,,,sonnet46
2026091300,raw_u,fixed_sequence,0.14285714285714285,,False,0,0,,1082,0,0,0.0,,,,sonnet46
2026091300,raw_u,bonferroni,0.14285714285714285,,False,0,0,,1082,0,0,0.0,,,,sonnet46
2026091300,raw_u,fixed_sequence,0.2,,False,0,0,,1082,0,0,0.0,,,,sonnet46
2026091300,raw_u,bonferroni,0.2,,False,0,0,,1082,0,0,0.0,,,,sonnet46
2026091300,raw_u,fixed_sequence,0.25,,False,0,0,,1082,0,0,0.0,,,,sonnet46
2026091300,raw_u,bonferroni,0.25,,False,0,0,,1082,0,0,0.0,,,,sonnet46
2026091300,u_boost,fixed_sequence,0.1,,False,0,0,,1082,0,0,0.0,,,,sonnet46
2026091300,u_boost,bonferroni,0.1,,False,0,0,,1082,0,0,0.0,,,,sonnet46
2026091300,u_boost,fixed_sequence,0.14285714285714285,,False,0,0,,1082,0,0,0.0,,,,sonnet46
2026091300,u_boost,bonferroni,0.14285714285714285,,False,0,0,,1082,0,0,0.0,,,,sonnet46
2026091300,u_boost,fixed_sequence,0.2,,False,0,0,,1082,0,0,0.0,,,,sonnet46
2026091300,u_boost,bonferroni,0.2,,False,0,0,,1082,0,0,0.0,,,,sonnet46
2026091300,u_boost,fixed_sequence,0.25,,False,0,0,,1082,0,0,0.0,,,,sonnet46
2026091300,u_boost,bonferroni,0.25,,False,0,0,,1082,0,0,0.0,,,,sonnet46
2026091300,rich_logistic,fixed_sequence,0.1,,False,0,0,,1082,0,0,0.0,,,,sonnet46
2026091300,rich_logistic,bonferroni,0.1,,False,0,0,,1082,0,0,0.0,,,,sonnet46
2026091300,rich_logistic,fixed_sequence,0.14285714285714285,,False,0,0,,1082,0,0,0.0,,,,sonnet46
2026091300,rich_logistic,bonferroni,0.14285714285714285,,False,0,0,,1082,0,0,0.0,,,,sonnet46
2026091300,rich_logistic,fixed_sequence,0.2,,False,0,0,,1082,0,0,0.0,,,,sonnet46
2026091300,rich_logistic,bonferroni,0.2,,False,0,0,,1082,0,0,0.0,,,,sonnet46
2026091300,rich_logistic,fixed_sequence,0.25,,False,0,0,,1082,0,0,0.0,,,,sonnet46
2026091300,rich_logistic,bonferroni,0.25,,False,0,0,,1082,0,0,0.0,,,,sonnet46
2026091300,rich_boost,fixed_sequence,0.1,,False,0,0,,1082,0,0,0.0,,,,sonnet46
2026091300,rich_boost,bonferroni,0.1,,False,0,0,,1082,0,0,0.0,,,,sonnet46
2026091300,rich_boost,fixed_sequence,0.14285714285714285,,False,0,0,,1082,0,0,0.0,,,,sonnet46
2026091300,rich_boost,bonferroni,0.14285714285714285,,False,0,0,,1082,0,0,0.0,,,,sonnet46
2026091300,rich_boost,fixed_sequence,0.2,,False,0,0,,1082,0,0,0.0,,,,sonnet46
2026091300,rich_boost,bonferroni,0.2,,False,0,0,,1082,0,0,0.0,,,,sonnet46
2026091300,rich_boost,fixed_sequence,0.25,,False,0,0,,1082,0,0,0.0,,,,sonnet46
2026091300,rich_boost,bonferroni,0.25,,False,0,0,,1082,0,0,0.0,,,,sonnet46
2026091301,raw_u,fixed_sequence,0.1,,False,0,0,,1082,0,0,0.0,,,,sonnet46
2026091301,raw_u,bonferroni,0.1,,False,0,0,,1082,0,0,0.0,,,,sonnet46
2026091301,raw_u,fixed_sequence,0.14285714285714285,,False,0,0,,1082,0,0,0.0,,,,sonnet46
2026091301,raw_u,bonferroni,0.14285714285714285,,False,0,0,,1082,0,0,0.0,,,,sonnet46
2026091301,raw_u,fixed_sequence,0.2,,False,0,0,,1082,0,0,0.0,,,,sonnet46
2026091301,raw_u,bonferroni,0.2,,False,0,0,,1082,0,0,0.0,,,,sonnet46
2026091301,raw_u,fixed_sequence,0.25,,False,0,0,,1082,0,0,0.0,,,,sonnet46
2026091301,raw_u,bonferroni,0.25,0.8571428571428571,True,47,2,0.23099744506774153,1082,46,4,0.04251386321626617,0.08695652173913043,0.024203070802934584,0.2079173248839477,sonnet46
2026091301,u_boost,fixed_sequence,0.1,,False,0,0,,1082,0,0,0.0,,,,sonnet46
2026091301,u_boost,bonferroni,0.1,,False,0,0,,1082,0,0,0.0,,,,sonnet46
2026091301,u_boost,fixed_sequence,0.14285714285714285,,False,0,0,,1082,0,0,0.0,,,,sonnet46
2026091301,u_boost,bonferroni,0.14285714285714285,,False,0,0,,1082,0,0,0.0,,,,sonnet46
2026091301,u_boost,fixed_sequence,0.2,,False,0,0,,1082,0,0,0.0,,,,sonnet46
2026091301,u_boost,bonferroni,0.2,,False,0,0,,1082,0,0,0.0,,,,sonnet46
2026091301,u_boost,fixed_sequence,0.25,0.64,True,116,18,0.24574620660076302,1082,118,22,0.10905730129390019,0.1864406779661017,0.12068574809247304,0.2685539061467301,sonnet46
2026091301,u_boost,bonferroni,0.25,0.75,True,40,1,0.2241303114635705,1082,37,5,0.034195933456561925,0.13513513513513514,0.04537199234199395,0.2877477973105722,sonnet46
2026091301,rich_logistic,fixed_sequence,0.1,,False,0,0,,1082,0,0,0.0,,,,sonnet46
2026091301,rich_logistic,bonferroni,0.1,,False,0,0,,1082,0,0,0.0,,,,sonnet46
2026091301,rich_logistic,fixed_sequence,0.14285714285714285,,False,0,0,,1082,0,0,0.0,,,,sonnet46
2026091301,rich_logistic,bonferroni,0.14285714285714285,,False,0,0,,1082,0,0,0.0,,,,sonnet46
2026091301,rich_logistic,fixed_sequence,0.2,,False,0,0,,1082,0,0,0.0,,,,sonnet46
2026091301,rich_logistic,bonferroni,0.2,,False,0,0,,1082,0,0,0.0,,,,sonnet46
2026091301,rich_logistic,fixed_sequence,0.25,,False,0,0,,1082,0,0,0.0,,,,sonnet46
2026091301,rich_logistic,bonferroni,0.25,,False,0,0,,1082,0,0,0.0,,,,sonnet46
2026091301,rich_boost,fixed_sequence,0.1,,False,0,0,,1082,0,0,0.0,,,,sonnet46
2026091301,rich_boost,bonferroni,0.1,,False,0,0,,1082,0,0,0.0,,,,sonnet46
2026091301,rich_boost,fixed_sequence,0.14285714285714285,,False,0,0,,1082,0,0,0.0,,,,sonnet46
2026091301,rich_boost,bonferroni,0.14285714285714285,,False,0,0,,1082,0,0,0.0,,,,sonnet46
2026091301,rich_boost,fixed_sequence,0.2,,False,0,0,,1082,0,0,0.0,,,,sonnet46
2026091301,rich_boost,bonferroni,0.2,,False,0,0,,1082,0,0,0.0,,,,sonnet46
2026091301,rich_boost,fixed_sequence,0.25,,False,0,0,,1082,0,0,0.0,,,,sonnet46
2026091301,rich_boost,bonferroni,0.25,,False,0,0,,1082,0,0,0.0,,,,sonnet46
2026091201,raw_u,fixed_sequence,0.1,,False,0,0,,1082,0,0,0.0,,,,deepseekv32maas
2026091201,raw_u,bonferroni,0.1,,False,0,0,,1082,0,0,0.0,,,,deepseekv32maas
2026091201,raw_u,fixed_sequence,0.14285714285714285,,False,0,0,,1082,0,0,0.0,,,,deepseekv32maas
2026091201,raw_u,bonferroni,0.14285714285714285,,False,0,0,,1082,0,0,0.0,,,,deepseekv32maas
2026091201,raw_u,fixed_sequence,0.2,,False,0,0,,1082,0,0,0.0,,,,deepseekv32maas
2026091201,raw_u,bonferroni,0.2,,False,0,0,,1082,0,0,0.0,,,,deepseekv32maas
2026091201,raw_u,fixed_sequence,0.25,,False,0,0,,1082,0,0,0.0,,,,deepseekv32maas
2026091201,raw_u,bonferroni,0.25,,False,0,0,,1082,0,0,0.0,,,,deepseekv32maas
2026091201,u_boost,fixed_sequence,0.1,,False,0,0,,1082,0,0,0.0,,,,deepseekv32maas
2026091201,u_boost,bonferroni,0.1,,False,0,0,,1082,0,0,0.0,,,,deepseekv32maas
2026091201,u_boost,fixed_sequence,0.14285714285714285,,False,0,0,,1082,0,0,0.0,,,,deepseekv32maas
2026091201,u_boost,bonferroni,0.14285714285714285,,False,0,0,,1082,0,0,0.0,,,,deepseekv32maas
2026091201,u_boost,fixed_sequence,0.2,,False,0,0,,1082,0,0,0.0,,,,deepseekv32maas
2026091201,u_boost,bonferroni,0.2,,False,0,0,,1082,0,0,0.0,,,,deepseekv32maas
2026091201,u_boost,fixed_sequence,0.25,,False,0,0,,1082,0,0,0.0,,,,deepseekv32maas
2026091201,u_boost,bonferroni,0.25,,False,0,0,,1082,0,0,0.0,,,,deepseekv32maas
2026091201,rich_logistic,fixed_sequence,0.1,,False,0,0,,1082,0,0,0.0,,,,deepseekv32maas
2026091201,rich_logistic,bonferroni,0.1,,False,0,0,,1082,0,0,0.0,,,,deepseekv32maas
2026091201,rich_logistic,fixed_sequence,0.14285714285714285,,False,0,0,,1082,0,0,0.0,,,,deepseekv32maas
2026091201,rich_logistic,bonferroni,0.14285714285714285,,False,0,0,,1082,0,0,0.0,,,,deepseekv32maas
2026091201,rich_logistic,fixed_sequence,0.2,,False,0,0,,1082,0,0,0.0,,,,deepseekv32maas
2026091201,rich_logistic,bonferroni,0.2,,False,0,0,,1082,0,0,0.0,,,,deepseekv32maas
2026091201,rich_logistic,fixed_sequence,0.25,,False,0,0,,1082,0,0,0.0,,,,deepseekv32maas
2026091201,rich_logistic,bonferroni,0.25,,False,0,0,,1082,0,0,0.0,,,,deepseekv32maas
2026091201,rich_boost,fixed_sequence,0.1,,False,0,0,,1082,0,0,0.0,,,,deepseekv32maas
2026091201,rich_boost,bonferroni,0.1,,False,0,0,,1082,0,0,0.0,,,,deepseekv32maas
2026091201,rich_boost,fixed_sequence,0.14285714285714285,,False,0,0,,1082,0,0,0.0,,,,deepseekv32maas
2026091201,rich_boost,bonferroni,0.14285714285714285,,False,0,0,,1082,0,0,0.0,,,,deepseekv32maas
2026091201,rich_boost,fixed_sequence,0.2,,False,0,0,,1082,0,0,0.0,,,,deepseekv32maas
2026091201,rich_boost,bonferroni,0.2,,False,0,0,,1082,0,0,0.0,,,,deepseekv32maas
2026091201,rich_boost,fixed_sequence,0.25,,False,0,0,,1082,0,0,0.0,,,,deepseekv32maas
2026091201,rich_boost,bonferroni,0.25,,False,0,0,,1082,0,0,0.0,,,,deepseekv32maas
2026091202,raw_u,fixed_sequence,0.1,,False,0,0,,1082,0,0,0.0,,,,deepseekv32maas
2026091202,raw_u,bonferroni,0.1,,False,0,0,,1082,0,0,0.0,,,,deepseekv32maas
2026091202,raw_u,fixed_sequence,0.14285714285714285,,False,0,0,,1082,0,0,0.0,,,,deepseekv32maas
2026091202,raw_u,bonferroni,0.14285714285714285,,False,0,0,,1082,0,0,0.0,,,,deepseekv32maas
2026091202,raw_u,fixed_sequence,0.2,,False,0,0,,1082,0,0,0.0,,,,deepseekv32maas
2026091202,raw_u,bonferroni,0.2,,False,0,0,,1082,0,0,0.0,,,,deepseekv32maas
2026091202,raw_u,fixed_sequence,0.25,,False,0,0,,1082,0,0,0.0,,,,deepseekv32maas
2026091202,raw_u,bonferroni,0.25,,False,0,0,,1082,0,0,0.0,,,,deepseekv32maas
2026091202,u_boost,fixed_sequence,0.1,,False,0,0,,1082,0,0,0.0,,,,deepseekv32maas
2026091202,u_boost,bonferroni,0.1,,False,0,0,,1082,0,0,0.0,,,,deepseekv32maas
2026091202,u_boost,fixed_sequence,0.14285714285714285,,False,0,0,,1082,0,0,0.0,,,,deepseekv32maas
2026091202,u_boost,bonferroni,0.14285714285714285,,False,0,0,,1082,0,0,0.0,,,,deepseekv32maas
2026091202,u_boost,fixed_sequence,0.2,,False,0,0,,1082,0,0,0.0,,,,deepseekv32maas
2026091202,u_boost,bonferroni,0.2,,False,0,0,,1082,0,0,0.0,,,,deepseekv32maas
2026091202,u_boost,fixed_sequence,0.25,,False,0,0,,1082,0,0,0.0,,,,deepseekv32maas
2026091202,u_boost,bonferroni,0.25,,False,0,0,,1082,0,0,0.0,,,,deepseekv32maas
2026091202,rich_logistic,fixed_sequence,0.1,,False,0,0,,1082,0,0,0.0,,,,deepseekv32maas
2026091202,rich_logistic,bonferroni,0.1,,False,0,0,,1082,0,0,0.0,,,,deepseekv32maas
2026091202,rich_logistic,fixed_sequence,0.14285714285714285,,False,0,0,,1082,0,0,0.0,,,,deepseekv32maas
2026091202,rich_logistic,bonferroni,0.14285714285714285,,False,0,0,,1082,0,0,0.0,,,,deepseekv32maas
2026091202,rich_logistic,fixed_sequence,0.2,,False,0,0,,1082,0,0,0.0,,,,deepseekv32maas
2026091202,rich_logistic,bonferroni,0.2,,False,0,0,,1082,0,0,0.0,,,,deepseekv32maas
2026091202,rich_logistic,fixed_sequence,0.25,,False,0,0,,1082,0,0,0.0,,,,deepseekv32maas
2026091202,rich_logistic,bonferroni,0.25,,False,0,0,,1082,0,0,0.0,,,,deepseekv32maas
2026091202,rich_boost,fixed_sequence,0.1,,False,0,0,,1082,0,0,0.0,,,,deepseekv32maas
2026091202,rich_boost,bonferroni,0.1,,False,0,0,,1082,0,0,0.0,,,,deepseekv32maas
2026091202,rich_boost,fixed_sequence,0.14285714285714285,,False,0,0,,1082,0,0,0.0,,,,deepseekv32maas
2026091202,rich_boost,bonferroni,0.14285714285714285,,False,0,0,,1082,0,0,0.0,,,,deepseekv32maas
2026091202,rich_boost,fixed_sequence,0.2,,False,0,0,,1082,0,0,0.0,,,,deepseekv32maas
2026091202,rich_boost,bonferroni,0.2,,False,0,0,,1082,0,0,0.0,,,,deepseekv32maas
2026091202,rich_boost,fixed_sequence,0.25,,False,0,0,,1082,0,0,0.0,,,,deepseekv32maas
2026091202,rich_boost,bonferroni,0.25,,False,0,0,,1082,0,0,0.0,,,,deepseekv32maas
2026091203,raw_u,fixed_sequence,0.1,,False,0,0,,1082,0,0,0.0,,,,deepseekv32maas
2026091203,raw_u,bonferroni,0.1,,False,0,0,,1082,0,0,0.0,,,,deepseekv32maas
2026091203,raw_u,fixed_sequence,0.14285714285714285,,False,0,0,,1082,0,0,0.0,,,,deepseekv32maas
2026091203,raw_u,bonferroni,0.14285714285714285,,False,0,0,,1082,0,0,0.0,,,,deepseekv32maas
2026091203,raw_u,fixed_sequence,0.2,,False,0,0,,1082,0,0,0.0,,,,deepseekv32maas
2026091203,raw_u,bonferroni,0.2,,False,0,0,,1082,0,0,0.0,,,,deepseekv32maas
2026091203,raw_u,fixed_sequence,0.25,,False,0,0,,1082,0,0,0.0,,,,deepseekv32maas
2026091203,raw_u,bonferroni,0.25,,False,0,0,,1082,0,0,0.0,,,,deepseekv32maas
2026091203,u_boost,fixed_sequence,0.1,,False,0,0,,1082,0,0,0.0,,,,deepseekv32maas
2026091203,u_boost,bonferroni,0.1,,False,0,0,,1082,0,0,0.0,,,,deepseekv32maas
2026091203,u_boost,fixed_sequence,0.14285714285714285,,False,0,0,,1082,0,0,0.0,,,,deepseekv32maas
2026091203,u_boost,bonferroni,0.14285714285714285,,False,0,0,,1082,0,0,0.0,,,,deepseekv32maas
2026091203,u_boost,fixed_sequence,0.2,,False,0,0,,1082,0,0,0.0,,,,deepseekv32maas
2026091203,u_boost,bonferroni,0.2,,False,0,0,,1082,0,0,0.0,,,,deepseekv32maas
2026091203,u_boost,fixed_sequence,0.25,,False,0,0,,1082,0,0,0.0,,,,deepseekv32maas
2026091203,u_boost,bonferroni,0.25,,False,0,0,,1082,0,0,0.0,,,,deepseekv32maas
2026091203,rich_logistic,fixed_sequence,0.1,,False,0,0,,1082,0,0,0.0,,,,deepseekv32maas
2026091203,rich_logistic,bonferroni,0.1,,False,0,0,,1082,0,0,0.0,,,,deepseekv32maas
2026091203,rich_logistic,fixed_sequence,0.14285714285714285,,False,0,0,,1082,0,0,0.0,,,,deepseekv32maas
2026091203,rich_logistic,bonferroni,0.14285714285714285,,False,0,0,,1082,0,0,0.0,,,,deepseekv32maas
2026091203,rich_logistic,fixed_sequence,0.2,,False,0,0,,1082,0,0,0.0,,,,deepseekv32maas
2026091203,rich_logistic,bonferroni,0.2,,False,0,0,,1082,0,0,0.0,,,,deepseekv32maas
2026091203,rich_logistic,fixed_sequence,0.25,,False,0,0,,1082,0,0,0.0,,,,deepseekv32maas
2026091203,rich_logistic,bonferroni,0.25,,False,0,0,,1082,0,0,0.0,,,,deepseekv32maas
2026091203,rich_boost,fixed_sequence,0.1,,False,0,0,,1082,0,0,0.0,,,,deepseekv32maas
2026091203,rich_boost,bonferroni,0.1,,False,0,0,,1082,0,0,0.0,,,,deepseekv32maas
2026091203,rich_boost,fixed_sequence,0.14285714285714285,,False,0,0,,1082,0,0,0.0,,,,deepseekv32maas
2026091203,rich_boost,bonferroni,0.14285714285714285,,False,0,0,,1082,0,0,0.0,,,,deepseekv32maas
2026091203,rich_boost,fixed_sequence,0.2,,False,0,0,,1082,0,0,0.0,,,,deepseekv32maas
2026091203,rich_boost,bonferroni,0.2,,False,0,0,,1082,0,0,0.0,,,,deepseekv32maas
2026091203,rich_boost,fixed_sequence,0.25,,False,0,0,,1082,0,0,0.0,,,,deepseekv32maas
2026091203,rich_boost,bonferroni,0.25,,False,0,0,,1082,0,0,0.0,,,,deepseekv32maas
2026091204,raw_u,fixed_sequence,0.1,,False,0,0,,1082,0,0,0.0,,,,deepseekv32maas
2026091204,raw_u,bonferroni,0.1,,False,0,0,,1082,0,0,0.0,,,,deepseekv32maas
2026091204,raw_u,fixed_sequence,0.14285714285714285,,False,0,0,,1082,0,0,0.0,,,,deepseekv32maas
2026091204,raw_u,bonferroni,0.14285714285714285,,False,0,0,,1082,0,0,0.0,,,,deepseekv32maas
2026091204,raw_u,fixed_sequence,0.2,,False,0,0,,1082,0,0,0.0,,,,deepseekv32maas
2026091204,raw_u,bonferroni,0.2,,False,0,0,,1082,0,0,0.0,,,,deepseekv32maas
2026091204,raw_u,fixed_sequence,0.25,,False,0,0,,1082,0,0,0.0,,,,deepseekv32maas
2026091204,raw_u,bonferroni,0.25,,False,0,0,,1082,0,0,0.0,,,,deepseekv32maas
2026091204,u_boost,fixed_sequence,0.1,,False,0,0,,1082,0,0,0.0,,,,deepseekv32maas
2026091204,u_boost,bonferroni,0.1,,False,0,0,,1082,0,0,0.0,,,,deepseekv32maas
2026091204,u_boost,fixed_sequence,0.14285714285714285,,False,0,0,,1082,0,0,0.0,,,,deepseekv32maas
2026091204,u_boost,bonferroni,0.14285714285714285,,False,0,0,,1082,0,0,0.0,,,,deepseekv32maas
2026091204,u_boost,fixed_sequence,0.2,,False,0,0,,1082,0,0,0.0,,,,deepseekv32maas
2026091204,u_boost,bonferroni,0.2,,False,0,0,,1082,0,0,0.0,,,,deepseekv32maas
2026091204,u_boost,fixed_sequence,0.25,,False,0,0,,1082,0,0,0.0,,,,deepseekv32maas
2026091204,u_boost,bonferroni,0.25,,False,0,0,,1082,0,0,0.0,,,,deepseekv32maas
2026091204,rich_logistic,fixed_sequence,0.1,,False,0,0,,1082,0,0,0.0,,,,deepseekv32maas
2026091204,rich_logistic,bonferroni,0.1,,False,0,0,,1082,0,0,0.0,,,,deepseekv32maas
2026091204,rich_logistic,fixed_sequence,0.14285714285714285,,False,0,0,,1082,0,0,0.0,,,,deepseekv32maas
2026091204,rich_logistic,bonferroni,0.14285714285714285,,False,0,0,,1082,0,0,0.0,,,,deepseekv32maas
2026091204,rich_logistic,fixed_sequence,0.2,,False,0,0,,1082,0,0,0.0,,,,deepseekv32maas
2026091204,rich_logistic,bonferroni,0.2,,False,0,0,,1082,0,0,0.0,,,,deepseekv32maas
2026091204,rich_logistic,fixed_sequence,0.25,,False,0,0,,1082,0,0,0.0,,,,deepseekv32maas
2026091204,rich_logistic,bonferroni,0.25,,False,0,0,,1082,0,0,0.0,,,,deepseekv32maas
2026091204,rich_boost,fixed_sequence,0.1,,False,0,0,,1082,0,0,0.0,,,,deepseekv32maas
2026091204,rich_boost,bonferroni,0.1,,False,0,0,,1082,0,0,0.0,,,,deepseekv32maas
2026091204,rich_boost,fixed_sequence,0.14285714285714285,,False,0,0,,1082,0,0,0.0,,,,deepseekv32maas
2026091204,rich_boost,bonferroni,0.14285714285714285,,False,0,0,,1082,0,0,0.0,,,,deepseekv32maas
2026091204,rich_boost,fixed_sequence,0.2,,False,0,0,,1082,0,0,0.0,,,,deepseekv32maas
2026091204,rich_boost,bonferroni,0.2,,False,0,0,,1082,0,0,0.0,,,,deepseekv32maas
2026091204,rich_boost,fixed_sequence,0.25,,False,0,0,,1082,0,0,0.0,,,,deepseekv32maas
2026091204,rich_boost,bonferroni,0.25,,False,0,0,,1082,0,0,0.0,,,,deepseekv32maas
2026091205,raw_u,fixed_sequence,0.1,,False,0,0,,1082,0,0,0.0,,,,deepseekv32maas
2026091205,raw_u,bonferroni,0.1,,False,0,0,,1082,0,0,0.0,,,,deepseekv32maas
2026091205,raw_u,fixed_sequence,0.14285714285714285,,False,0,0,,1082,0,0,0.0,,,,deepseekv32maas
2026091205,raw_u,bonferroni,0.14285714285714285,,False,0,0,,1082,0,0,0.0,,,,deepseekv32maas
2026091205,raw_u,fixed_sequence,0.2,,False,0,0,,1082,0,0,0.0,,,,deepseekv32maas
2026091205,raw_u,bonferroni,0.2,,False,0,0,,1082,0,0,0.0,,,,deepseekv32maas
2026091205,raw_u,fixed_sequence,0.25,,False,0,0,,1082,0,0,0.0,,,,deepseekv32maas
2026091205,raw_u,bonferroni,0.25,,False,0,0,,1082,0,0,0.0,,,,deepseekv32maas
2026091205,u_boost,fixed_sequence,0.1,,False,0,0,,1082,0,0,0.0,,,,deepseekv32maas
2026091205,u_boost,bonferroni,0.1,,False,0,0,,1082,0,0,0.0,,,,deepseekv32maas
2026091205,u_boost,fixed_sequence,0.14285714285714285,,False,0,0,,1082,0,0,0.0,,,,deepseekv32maas
2026091205,u_boost,bonferroni,0.14285714285714285,,False,0,0,,1082,0,0,0.0,,,,deepseekv32maas
2026091205,u_boost,fixed_sequence,0.2,,False,0,0,,1082,0,0,0.0,,,,deepseekv32maas
2026091205,u_boost,bonferroni,0.2,,False,0,0,,1082,0,0,0.0,,,,deepseekv32maas
2026091205,u_boost,fixed_sequence,0.25,,False,0,0,,1082,0,0,0.0,,,,deepseekv32maas
2026091205,u_boost,bonferroni,0.25,,False,0,0,,1082,0,0,0.0,,,,deepseekv32maas
2026091205,rich_logistic,fixed_sequence,0.1,,False,0,0,,1082,0,0,0.0,,,,deepseekv32maas
2026091205,rich_logistic,bonferroni,0.1,,False,0,0,,1082,0,0,0.0,,,,deepseekv32maas
2026091205,rich_logistic,fixed_sequence,0.14285714285714285,,False,0,0,,1082,0,0,0.0,,,,deepseekv32maas
2026091205,rich_logistic,bonferroni,0.14285714285714285,,False,0,0,,1082,0,0,0.0,,,,deepseekv32maas
2026091205,rich_logistic,fixed_sequence,0.2,,False,0,0,,1082,0,0,0.0,,,,deepseekv32maas
2026091205,rich_logistic,bonferroni,0.2,,False,0,0,,1082,0,0,0.0,,,,deepseekv32maas
2026091205,rich_logistic,fixed_sequence,0.25,,False,0,0,,1082,0,0,0.0,,,,deepseekv32maas
2026091205,rich_logistic,bonferroni,0.25,,False,0,0,,1082,0,0,0.0,,,,deepseekv32maas
2026091205,rich_boost,fixed_sequence,0.1,,False,0,0,,1082,0,0,0.0,,,,deepseekv32maas
2026091205,rich_boost,bonferroni,0.1,,False,0,0,,1082,0,0,0.0,,,,deepseekv32maas
2026091205,rich_boost,fixed_sequence,0.14285714285714285,,False,0,0,,1082,0,0,0.0,,,,deepseekv32maas
2026091205,rich_boost,bonferroni,0.14285714285714285,,False,0,0,,1082,0,0,0.0,,,,deepseekv32maas
2026091205,rich_boost,fixed_sequence,0.2,,False,0,0,,1082,0,0,0.0,,,,deepseekv32maas
2026091205,rich_boost,bonferroni,0.2,,False,0,0,,1082,0,0,0.0,,,,deepseekv32maas
2026091205,rich_boost,fixed_sequence,0.25,,False,0,0,,1082,0,0,0.0,,,,deepseekv32maas
2026091205,rich_boost,bonferroni,0.25,,False,0,0,,1082,0,0,0.0,,,,deepseekv32maas
2026091206,raw_u,fixed_sequence,0.1,,False,0,0,,1082,0,0,0.0,,,,deepseekv32maas
2026091206,raw_u,bonferroni,0.1,,False,0,0,,1082,0,0,0.0,,,,deepseekv32maas
2026091206,raw_u,fixed_sequence,0.14285714285714285,,False,0,0,,1082,0,0,0.0,,,,deepseekv32maas
2026091206,raw_u,bonferroni,0.14285714285714285,,False,0,0,,1082,0,0,0.0,,,,deepseekv32maas
2026091206,raw_u,fixed_sequence,0.2,,False,0,0,,1082,0,0,0.0,,,,deepseekv32maas
2026091206,raw_u,bonferroni,0.2,,False,0,0,,1082,0,0,0.0,,,,deepseekv32maas
2026091206,raw_u,fixed_sequence,0.25,,False,0,0,,1082,0,0,0.0,,,,deepseekv32maas
2026091206,raw_u,bonferroni,0.25,,False,0,0,,1082,0,0,0.0,,,,deepseekv32maas
2026091206,u_boost,fixed_sequence,0.1,,False,0,0,,1082,0,0,0.0,,,,deepseekv32maas
2026091206,u_boost,bonferroni,0.1,,False,0,0,,1082,0,0,0.0,,,,deepseekv32maas
2026091206,u_boost,fixed_sequence,0.14285714285714285,,False,0,0,,1082,0,0,0.0,,,,deepseekv32maas
2026091206,u_boost,bonferroni,0.14285714285714285,,False,0,0,,1082,0,0,0.0,,,,deepseekv32maas
2026091206,u_boost,fixed_sequence,0.2,,False,0,0,,1082,0,0,0.0,,,,deepseekv32maas
2026091206,u_boost,bonferroni,0.2,,False,0,0,,1082,0,0,0.0,,,,deepseekv32maas
2026091206,u_boost,fixed_sequence,0.25,,False,0,0,,1082,0,0,0.0,,,,deepseekv32maas
2026091206,u_boost,bonferroni,0.25,,False,0,0,,1082,0,0,0.0,,,,deepseekv32maas
2026091206,rich_logistic,fixed_sequence,0.1,,False,0,0,,1082,0,0,0.0,,,,deepseekv32maas
2026091206,rich_logistic,bonferroni,0.1,,False,0,0,,1082,0,0,0.0,,,,deepseekv32maas
2026091206,rich_logistic,fixed_sequence,0.14285714285714285,,False,0,0,,1082,0,0,0.0,,,,deepseekv32maas
2026091206,rich_logistic,bonferroni,0.14285714285714285,,False,0,0,,1082,0,0,0.0,,,,deepseekv32maas
2026091206,rich_logistic,fixed_sequence,0.2,,False,0,0,,1082,0,0,0.0,,,,deepseekv32maas
2026091206,rich_logistic,bonferroni,0.2,,False,0,0,,1082,0,0,0.0,,,,deepseekv32maas
2026091206,rich_logistic,fixed_sequence,0.25,,False,0,0,,1082,0,0,0.0,,,,deepseekv32maas
2026091206,rich_logistic,bonferroni,0.25,,False,0,0,,1082,0,0,0.0,,,,deepseekv32maas
2026091206,rich_boost,fixed_sequence,0.1,,False,0,0,,1082,0,0,0.0,,,,deepseekv32maas
2026091206,rich_boost,bonferroni,0.1,,False,0,0,,1082,0,0,0.0,,,,deepseekv32maas
2026091206,rich_boost,fixed_sequence,0.14285714285714285,,False,0,0,,1082,0,0,0.0,,,,deepseekv32maas
2026091206,rich_boost,bonferroni,0.14285714285714285,,False,0,0,,1082,0,0,0.0,,,,deepseekv32maas
2026091206,rich_boost,fixed_sequence,0.2,,False,0,0,,1082,0,0,0.0,,,,deepseekv32maas
2026091206,rich_boost,bonferroni,0.2,,False,0,0,,1082,0,0,0.0,,,,deepseekv32maas
2026091206,rich_boost,fixed_sequence,0.25,,False,0,0,,1082,0,0,0.0,,,,deepseekv32maas
2026091206,rich_boost,bonferroni,0.25,,False,0,0,,1082,0,0,0.0,,,,deepseekv32maas
2026091207,raw_u,fixed_sequence,0.1,,False,0,0,,1082,0,0,0.0,,,,deepseekv32maas
2026091207,raw_u,bonferroni,0.1,,False,0,0,,1082,0,0,0.0,,,,deepseekv32maas
2026091207,raw_u,fixed_sequence,0.14285714285714285,,False,0,0,,1082,0,0,0.0,,,,deepseekv32maas
2026091207,raw_u,bonferroni,0.14285714285714285,,False,0,0,,1082,0,0,0.0,,,,deepseekv32maas
2026091207,raw_u,fixed_sequence,0.2,,False,0,0,,1082,0,0,0.0,,,,deepseekv32maas
2026091207,raw_u,bonferroni,0.2,,False,0,0,,1082,0,0,0.0,,,,deepseekv32maas
2026091207,raw_u,fixed_sequence,0.25,,False,0,0,,1082,0,0,0.0,,,,deepseekv32maas
2026091207,raw_u,bonferroni,0.25,,False,0,0,,1082,0,0,0.0,,,,deepseekv32maas
2026091207,u_boost,fixed_sequence,0.1,,False,0,0,,1082,0,0,0.0,,,,deepseekv32maas
2026091207,u_boost,bonferroni,0.1,,False,0,0,,1082,0,0,0.0,,,,deepseekv32maas
2026091207,u_boost,fixed_sequence,0.14285714285714285,,False,0,0,,1082,0,0,0.0,,,,deepseekv32maas
2026091207,u_boost,bonferroni,0.14285714285714285,,False,0,0,,1082,0,0,0.0,,,,deepseekv32maas
2026091207,u_boost,fixed_sequence,0.2,,False,0,0,,1082,0,0,0.0,,,,deepseekv32maas
2026091207,u_boost,bonferroni,0.2,,False,0,0,,1082,0,0,0.0,,,,deepseekv32maas
2026091207,u_boost,fixed_sequence,0.25,,False,0,0,,1082,0,0,0.0,,,,deepseekv32maas
2026091207,u_boost,bonferroni,0.25,,False,0,0,,1082,0,0,0.0,,,,deepseekv32maas
2026091207,rich_logistic,fixed_sequence,0.1,,False,0,0,,1082,0,0,0.0,,,,deepseekv32maas
2026091207,rich_logistic,bonferroni,0.1,,False,0,0,,1082,0,0,0.0,,,,deepseekv32maas
2026091207,rich_logistic,fixed_sequence,0.14285714285714285,,False,0,0,,1082,0,0,0.0,,,,deepseekv32maas
2026091207,rich_logistic,bonferroni,0.14285714285714285,,False,0,0,,1082,0,0,0.0,,,,deepseekv32maas
2026091207,rich_logistic,fixed_sequence,0.2,,False,0,0,,1082,0,0,0.0,,,,deepseekv32maas
2026091207,rich_logistic,bonferroni,0.2,,False,0,0,,1082,0,0,0.0,,,,deepseekv32maas
2026091207,rich_logistic,fixed_sequence,0.25,,False,0,0,,1082,0,0,0.0,,,,deepseekv32maas
2026091207,rich_logistic,bonferroni,0.25,,False,0,0,,1082,0,0,0.0,,,,deepseekv32maas
2026091207,rich_boost,fixed_sequence,0.1,,False,0,0,,1082,0,0,0.0,,,,deepseekv32maas
2026091207,rich_boost,bonferroni,0.1,,False,0,0,,1082,0,0,0.0,,,,deepseekv32maas
2026091207,rich_boost,fixed_sequence,0.14285714285714285,,False,0,0,,1082,0,0,0.0,,,,deepseekv32maas
2026091207,rich_boost,bonferroni,0.14285714285714285,,False,0,0,,1082,0,0,0.0,,,,deepseekv32maas
2026091207,rich_boost,fixed_sequence,0.2,,False,0,0,,1082,0,0,0.0,,,,deepseekv32maas
2026091207,rich_boost,bonferroni,0.2,,False,0,0,,1082,0,0,0.0,,,,deepseekv32maas
2026091207,rich_boost,fixed_sequence,0.25,,False,0,0,,1082,0,0,0.0,,,,deepseekv32maas
2026091207,rich_boost,bonferroni,0.25,,False,0,0,,1082,0,0,0.0,,,,deepseekv32maas
2026091208,raw_u,fixed_sequence,0.1,,False,0,0,,1082,0,0,0.0,,,,deepseekv32maas
2026091208,raw_u,bonferroni,0.1,,False,0,0,,1082,0,0,0.0,,,,deepseekv32maas
2026091208,raw_u,fixed_sequence,0.14285714285714285,,False,0,0,,1082,0,0,0.0,,,,deepseekv32maas
2026091208,raw_u,bonferroni,0.14285714285714285,,False,0,0,,1082,0,0,0.0,,,,deepseekv32maas
2026091208,raw_u,fixed_sequence,0.2,,False,0,0,,1082,0,0,0.0,,,,deepseekv32maas
2026091208,raw_u,bonferroni,0.2,,False,0,0,,1082,0,0,0.0,,,,deepseekv32maas
2026091208,raw_u,fixed_sequence,0.25,,False,0,0,,1082,0,0,0.0,,,,deepseekv32maas
2026091208,raw_u,bonferroni,0.25,,False,0,0,,1082,0,0,0.0,,,,deepseekv32maas
2026091208,u_boost,fixed_sequence,0.1,,False,0,0,,1082,0,0,0.0,,,,deepseekv32maas
2026091208,u_boost,bonferroni,0.1,,False,0,0,,1082,0,0,0.0,,,,deepseekv32maas
2026091208,u_boost,fixed_sequence,0.14285714285714285,,False,0,0,,1082,0,0,0.0,,,,deepseekv32maas
2026091208,u_boost,bonferroni,0.14285714285714285,,False,0,0,,1082,0,0,0.0,,,,deepseekv32maas
2026091208,u_boost,fixed_sequence,0.2,,False,0,0,,1082,0,0,0.0,,,,deepseekv32maas
2026091208,u_boost,bonferroni,0.2,,False,0,0,,1082,0,0,0.0,,,,deepseekv32maas
2026091208,u_boost,fixed_sequence,0.25,,False,0,0,,1082,0,0,0.0,,,,deepseekv32maas
2026091208,u_boost,bonferroni,0.25,,False,0,0,,1082,0,0,0.0,,,,deepseekv32maas
2026091208,rich_logistic,fixed_sequence,0.1,,False,0,0,,1082,0,0,0.0,,,,deepseekv32maas
2026091208,rich_logistic,bonferroni,0.1,,False,0,0,,1082,0,0,0.0,,,,deepseekv32maas
2026091208,rich_logistic,fixed_sequence,0.14285714285714285,,False,0,0,,1082,0,0,0.0,,,,deepseekv32maas
2026091208,rich_logistic,bonferroni,0.14285714285714285,,False,0,0,,1082,0,0,0.0,,,,deepseekv32maas
2026091208,rich_logistic,fixed_sequence,0.2,,False,0,0,,1082,0,0,0.0,,,,deepseekv32maas
2026091208,rich_logistic,bonferroni,0.2,,False,0,0,,1082,0,0,0.0,,,,deepseekv32maas
2026091208,rich_logistic,fixed_sequence,0.25,,False,0,0,,1082,0,0,0.0,,,,deepseekv32maas
2026091208,rich_logistic,bonferroni,0.25,,False,0,0,,1082,0,0,0.0,,,,deepseekv32maas
2026091208,rich_boost,fixed_sequence,0.1,,False,0,0,,1082,0,0,0.0,,,,deepseekv32maas
2026091208,rich_boost,bonferroni,0.1,,False,0,0,,1082,0,0,0.0,,,,deepseekv32maas
2026091208,rich_boost,fixed_sequence,0.14285714285714285,,False,0,0,,1082,0,0,0.0,,,,deepseekv32maas
2026091208,rich_boost,bonferroni,0.14285714285714285,,False,0,0,,1082,0,0,0.0,,,,deepseekv32maas
2026091208,rich_boost,fixed_sequence,0.2,,False,0,0,,1082,0,0,0.0,,,,deepseekv32maas
2026091208,rich_boost,bonferroni,0.2,,False,0,0,,1082,0,0,0.0,,,,deepseekv32maas
2026091208,rich_boost,fixed_sequence,0.25,,False,0,0,,1082,0,0,0.0,,,,deepseekv32maas
2026091208,rich_boost,bonferroni,0.25,,False,0,0,,1082,0,0,0.0,,,,deepseekv32maas
2026091209,raw_u,fixed_sequence,0.1,,False,0,0,,1082,0,0,0.0,,,,deepseekv32maas
2026091209,raw_u,bonferroni,0.1,,False,0,0,,1082,0,0,0.0,,,,deepseekv32maas
2026091209,raw_u,fixed_sequence,0.14285714285714285,,False,0,0,,1082,0,0,0.0,,,,deepseekv32maas
2026091209,raw_u,bonferroni,0.14285714285714285,,False,0,0,,1082,0,0,0.0,,,,deepseekv32maas
2026091209,raw_u,fixed_sequence,0.2,,False,0,0,,1082,0,0,0.0,,,,deepseekv32maas
2026091209,raw_u,bonferroni,0.2,,False,0,0,,1082,0,0,0.0,,,,deepseekv32maas
2026091209,raw_u,fixed_sequence,0.25,,False,0,0,,1082,0,0,0.0,,,,deepseekv32maas
2026091209,raw_u,bonferroni,0.25,,False,0,0,,1082,0,0,0.0,,,,deepseekv32maas
2026091209,u_boost,fixed_sequence,0.1,,False,0,0,,1082,0,0,0.0,,,,deepseekv32maas
2026091209,u_boost,bonferroni,0.1,,False,0,0,,1082,0,0,0.0,,,,deepseekv32maas
2026091209,u_boost,fixed_sequence,0.14285714285714285,,False,0,0,,1082,0,0,0.0,,,,deepseekv32maas
2026091209,u_boost,bonferroni,0.14285714285714285,,False,0,0,,1082,0,0,0.0,,,,deepseekv32maas
2026091209,u_boost,fixed_sequence,0.2,,False,0,0,,1082,0,0,0.0,,,,deepseekv32maas
2026091209,u_boost,bonferroni,0.2,,False,0,0,,1082,0,0,0.0,,,,deepseekv32maas
2026091209,u_boost,fixed_sequence,0.25,,False,0,0,,1082,0,0,0.0,,,,deepseekv32maas
2026091209,u_boost,bonferroni,0.25,,False,0,0,,1082,0,0,0.0,,,,deepseekv32maas
2026091209,rich_logistic,fixed_sequence,0.1,,False,0,0,,1082,0,0,0.0,,,,deepseekv32maas
2026091209,rich_logistic,bonferroni,0.1,,False,0,0,,1082,0,0,0.0,,,,deepseekv32maas
2026091209,rich_logistic,fixed_sequence,0.14285714285714285,,False,0,0,,1082,0,0,0.0,,,,deepseekv32maas
2026091209,rich_logistic,bonferroni,0.14285714285714285,,False,0,0,,1082,0,0,0.0,,,,deepseekv32maas
2026091209,rich_logistic,fixed_sequence,0.2,,False,0,0,,1082,0,0,0.0,,,,deepseekv32maas
2026091209,rich_logistic,bonferroni,0.2,,False,0,0,,1082,0,0,0.0,,,,deepseekv32maas
2026091209,rich_logistic,fixed_sequence,0.25,,False,0,0,,1082,0,0,0.0,,,,deepseekv32maas
2026091209,rich_logistic,bonferroni,0.25,,False,0,0,,1082,0,0,0.0,,,,deepseekv32maas
2026091209,rich_boost,fixed_sequence,0.1,,False,0,0,,1082,0,0,0.0,,,,deepseekv32maas
2026091209,rich_boost,bonferroni,0.1,,False,0,0,,1082,0,0,0.0,,,,deepseekv32maas
2026091209,rich_boost,fixed_sequence,0.14285714285714285,,False,0,0,,1082,0,0,0.0,,,,deepseekv32maas
2026091209,rich_boost,bonferroni,0.14285714285714285,,False,0,0,,1082,0,0,0.0,,,,deepseekv32maas
2026091209,rich_boost,fixed_sequence,0.2,,False,0,0,,1082,0,0,0.0,,,,deepseekv32maas
2026091209,rich_boost,bonferroni,0.2,,False,0,0,,1082,0,0,0.0,,,,deepseekv32maas
2026091209,rich_boost,fixed_sequence,0.25,,False,0,0,,1082,0,0,0.0,,,,deepseekv32maas
2026091209,rich_boost,bonferroni,0.25,,False,0,0,,1082,0,0,0.0,,,,deepseekv32maas
2026091210,raw_u,fixed_sequence,0.1,,False,0,0,,1082,0,0,0.0,,,,deepseekv32maas
2026091210,raw_u,bonferroni,0.1,,False,0,0,,1082,0,0,0.0,,,,deepseekv32maas
2026091210,raw_u,fixed_sequence,0.14285714285714285,,False,0,0,,1082,0,0,0.0,,,,deepseekv32maas
2026091210,raw_u,bonferroni,0.14285714285714285,,False,0,0,,1082,0,0,0.0,,,,deepseekv32maas
2026091210,raw_u,fixed_sequence,0.2,,False,0,0,,1082,0,0,0.0,,,,deepseekv32maas
2026091210,raw_u,bonferroni,0.2,,False,0,0,,1082,0,0,0.0,,,,deepseekv32maas
2026091210,raw_u,fixed_sequence,0.25,,False,0,0,,1082,0,0,0.0,,,,deepseekv32maas
2026091210,raw_u,bonferroni,0.25,,False,0,0,,1082,0,0,0.0,,,,deepseekv32maas
2026091210,u_boost,fixed_sequence,0.1,,False,0,0,,1082,0,0,0.0,,,,deepseekv32maas
2026091210,u_boost,bonferroni,0.1,,False,0,0,,1082,0,0,0.0,,,,deepseekv32maas
2026091210,u_boost,fixed_sequence,0.14285714285714285,,False,0,0,,1082,0,0,0.0,,,,deepseekv32maas
2026091210,u_boost,bonferroni,0.14285714285714285,,False,0,0,,1082,0,0,0.0,,,,deepseekv32maas
2026091210,u_boost,fixed_sequence,0.2,,False,0,0,,1082,0,0,0.0,,,,deepseekv32maas
2026091210,u_boost,bonferroni,0.2,,False,0,0,,1082,0,0,0.0,,,,deepseekv32maas
2026091210,u_boost,fixed_sequence,0.25,,False,0,0,,1082,0,0,0.0,,,,deepseekv32maas
2026091210,u_boost,bonferroni,0.25,,False,0,0,,1082,0,0,0.0,,,,deepseekv32maas
2026091210,rich_logistic,fixed_sequence,0.1,,False,0,0,,1082,0,0,0.0,,,,deepseekv32maas
2026091210,rich_logistic,bonferroni,0.1,,False,0,0,,1082,0,0,0.0,,,,deepseekv32maas
2026091210,rich_logistic,fixed_sequence,0.14285714285714285,,False,0,0,,1082,0,0,0.0,,,,deepseekv32maas
2026091210,rich_logistic,bonferroni,0.14285714285714285,,False,0,0,,1082,0,0,0.0,,,,deepseekv32maas
2026091210,rich_logistic,fixed_sequence,0.2,,False,0,0,,1082,0,0,0.0,,,,deepseekv32maas
2026091210,rich_logistic,bonferroni,0.2,,False,0,0,,1082,0,0,0.0,,,,deepseekv32maas
2026091210,rich_logistic,fixed_sequence,0.25,,False,0,0,,1082,0,0,0.0,,,,deepseekv32maas
2026091210,rich_logistic,bonferroni,0.25,,False,0,0,,1082,0,0,0.0,,,,deepseekv32maas
2026091210,rich_boost,fixed_sequence,0.1,,False,0,0,,1082,0,0,0.0,,,,deepseekv32maas
2026091210,rich_boost,bonferroni,0.1,,False,0,0,,1082,0,0,0.0,,,,deepseekv32maas
2026091210,rich_boost,fixed_sequence,0.14285714285714285,,False,0,0,,1082,0,0,0.0,,,,deepseekv32maas
2026091210,rich_boost,bonferroni,0.14285714285714285,,False,0,0,,1082,0,0,0.0,,,,deepseekv32maas
2026091210,rich_boost,fixed_sequence,0.2,,False,0,0,,1082,0,0,0.0,,,,deepseekv32maas
2026091210,rich_boost,bonferroni,0.2,,False,0,0,,1082,0,0,0.0,,,,deepseekv32maas
2026091210,rich_boost,fixed_sequence,0.25,,False,0,0,,1082,0,0,0.0,,,,deepseekv32maas
2026091210,rich_boost,bonferroni,0.25,,False,0,0,,1082,0,0,0.0,,,,deepseekv32maas
2026091211,raw_u,fixed_sequence,0.1,,False,0,0,,1082,0,0,0.0,,,,deepseekv32maas
2026091211,raw_u,bonferroni,0.1,,False,0,0,,1082,0,0,0.0,,,,deepseekv32maas
2026091211,raw_u,fixed_sequence,0.14285714285714285,,False,0,0,,1082,0,0,0.0,,,,deepseekv32maas
2026091211,raw_u,bonferroni,0.14285714285714285,,False,0,0,,1082,0,0,0.0,,,,deepseekv32maas
2026091211,raw_u,fixed_sequence,0.2,,False,0,0,,1082,0,0,0.0,,,,deepseekv32maas
2026091211,raw_u,bonferroni,0.2,,False,0,0,,1082,0,0,0.0,,,,deepseekv32maas
2026091211,raw_u,fixed_sequence,0.25,,False,0,0,,1082,0,0,0.0,,,,deepseekv32maas
2026091211,raw_u,bonferroni,0.25,,False,0,0,,1082,0,0,0.0,,,,deepseekv32maas
2026091211,u_boost,fixed_sequence,0.1,,False,0,0,,1082,0,0,0.0,,,,deepseekv32maas
2026091211,u_boost,bonferroni,0.1,,False,0,0,,1082,0,0,0.0,,,,deepseekv32maas
2026091211,u_boost,fixed_sequence,0.14285714285714285,,False,0,0,,1082,0,0,0.0,,,,deepseekv32maas
2026091211,u_boost,bonferroni,0.14285714285714285,,False,0,0,,1082,0,0,0.0,,,,deepseekv32maas
2026091211,u_boost,fixed_sequence,0.2,,False,0,0,,1082,0,0,0.0,,,,deepseekv32maas
2026091211,u_boost,bonferroni,0.2,,False,0,0,,1082,0,0,0.0,,,,deepseekv32maas
2026091211,u_boost,fixed_sequence,0.25,,False,0,0,,1082,0,0,0.0,,,,deepseekv32maas
2026091211,u_boost,bonferroni,0.25,,False,0,0,,1082,0,0,0.0,,,,deepseekv32maas
2026091211,rich_logistic,fixed_sequence,0.1,,False,0,0,,1082,0,0,0.0,,,,deepseekv32maas
2026091211,rich_logistic,bonferroni,0.1,,False,0,0,,1082,0,0,0.0,,,,deepseekv32maas
2026091211,rich_logistic,fixed_sequence,0.14285714285714285,,False,0,0,,1082,0,0,0.0,,,,deepseekv32maas
2026091211,rich_logistic,bonferroni,0.14285714285714285,,False,0,0,,1082,0,0,0.0,,,,deepseekv32maas
2026091211,rich_logistic,fixed_sequence,0.2,,False,0,0,,1082,0,0,0.0,,,,deepseekv32maas
2026091211,rich_logistic,bonferroni,0.2,,False,0,0,,1082,0,0,0.0,,,,deepseekv32maas
2026091211,rich_logistic,fixed_sequence,0.25,,False,0,0,,1082,0,0,0.0,,,,deepseekv32maas
2026091211,rich_logistic,bonferroni,0.25,,False,0,0,,1082,0,0,0.0,,,,deepseekv32maas
2026091211,rich_boost,fixed_sequence,0.1,,False,0,0,,1082,0,0,0.0,,,,deepseekv32maas
2026091211,rich_boost,bonferroni,0.1,,False,0,0,,1082,0,0,0.0,,,,deepseekv32maas
2026091211,rich_boost,fixed_sequence,0.14285714285714285,,False,0,0,,1082,0,0,0.0,,,,deepseekv32maas
2026091211,rich_boost,bonferroni,0.14285714285714285,,False,0,0,,1082,0,0,0.0,,,,deepseekv32maas
2026091211,rich_boost,fixed_sequence,0.2,,False,0,0,,1082,0,0,0.0,,,,deepseekv32maas
2026091211,rich_boost,bonferroni,0.2,,False,0,0,,1082,0,0,0.0,,,,deepseekv32maas
2026091211,rich_boost,fixed_sequence,0.25,,False,0,0,,1082,0,0,0.0,,,,deepseekv32maas
2026091211,rich_boost,bonferroni,0.25,,False,0,0,,1082,0,0,0.0,,,,deepseekv32maas
2026091212,raw_u,fixed_sequence,0.1,,False,0,0,,1082,0,0,0.0,,,,deepseekv32maas
2026091212,raw_u,bonferroni,0.1,,False,0,0,,1082,0,0,0.0,,,,deepseekv32maas
2026091212,raw_u,fixed_sequence,0.14285714285714285,,False,0,0,,1082,0,0,0.0,,,,deepseekv32maas
2026091212,raw_u,bonferroni,0.14285714285714285,,False,0,0,,1082,0,0,0.0,,,,deepseekv32maas
2026091212,raw_u,fixed_sequence,0.2,,False,0,0,,1082,0,0,0.0,,,,deepseekv32maas
2026091212,raw_u,bonferroni,0.2,,False,0,0,,1082,0,0,0.0,,,,deepseekv32maas
2026091212,raw_u,fixed_sequence,0.25,,False,0,0,,1082,0,0,0.0,,,,deepseekv32maas
2026091212,raw_u,bonferroni,0.25,,False,0,0,,1082,0,0,0.0,,,,deepseekv32maas
2026091212,u_boost,fixed_sequence,0.1,,False,0,0,,1082,0,0,0.0,,,,deepseekv32maas
2026091212,u_boost,bonferroni,0.1,,False,0,0,,1082,0,0,0.0,,,,deepseekv32maas
2026091212,u_boost,fixed_sequence,0.14285714285714285,,False,0,0,,1082,0,0,0.0,,,,deepseekv32maas
2026091212,u_boost,bonferroni,0.14285714285714285,,False,0,0,,1082,0,0,0.0,,,,deepseekv32maas
2026091212,u_boost,fixed_sequence,0.2,,False,0,0,,1082,0,0,0.0,,,,deepseekv32maas
2026091212,u_boost,bonferroni,0.2,,False,0,0,,1082,0,0,0.0,,,,deepseekv32maas
2026091212,u_boost,fixed_sequence,0.25,,False,0,0,,1082,0,0,0.0,,,,deepseekv32maas
2026091212,u_boost,bonferroni,0.25,,False,0,0,,1082,0,0,0.0,,,,deepseekv32maas
2026091212,rich_logistic,fixed_sequence,0.1,,False,0,0,,1082,0,0,0.0,,,,deepseekv32maas
2026091212,rich_logistic,bonferroni,0.1,,False,0,0,,1082,0,0,0.0,,,,deepseekv32maas
2026091212,rich_logistic,fixed_sequence,0.14285714285714285,,False,0,0,,1082,0,0,0.0,,,,deepseekv32maas
2026091212,rich_logistic,bonferroni,0.14285714285714285,,False,0,0,,1082,0,0,0.0,,,,deepseekv32maas
2026091212,rich_logistic,fixed_sequence,0.2,,False,0,0,,1082,0,0,0.0,,,,deepseekv32maas
2026091212,rich_logistic,bonferroni,0.2,,False,0,0,,1082,0,0,0.0,,,,deepseekv32maas
2026091212,rich_logistic,fixed_sequence,0.25,,False,0,0,,1082,0,0,0.0,,,,deepseekv32maas
2026091212,rich_logistic,bonferroni,0.25,,False,0,0,,1082,0,0,0.0,,,,deepseekv32maas
2026091212,rich_boost,fixed_sequence,0.1,,False,0,0,,1082,0,0,0.0,,,,deepseekv32maas
2026091212,rich_boost,bonferroni,0.1,,False,0,0,,1082,0,0,0.0,,,,deepseekv32maas
2026091212,rich_boost,fixed_sequence,0.14285714285714285,,False,0,0,,1082,0,0,0.0,,,,deepseekv32maas
2026091212,rich_boost,bonferroni,0.14285714285714285,,False,0,0,,1082,0,0,0.0,,,,deepseekv32maas
2026091212,rich_boost,fixed_sequence,0.2,,False,0,0,,1082,0,0,0.0,,,,deepseekv32maas
2026091212,rich_boost,bonferroni,0.2,,False,0,0,,1082,0,0,0.0,,,,deepseekv32maas
2026091212,rich_boost,fixed_sequence,0.25,,False,0,0,,1082,0,0,0.0,,,,deepseekv32maas
2026091212,rich_boost,bonferroni,0.25,,False,0,0,,1082,0,0,0.0,,,,deepseekv32maas
2026091213,raw_u,fixed_sequence,0.1,,False,0,0,,1082,0,0,0.0,,,,deepseekv32maas
2026091213,raw_u,bonferroni,0.1,,False,0,0,,1082,0,0,0.0,,,,deepseekv32maas
2026091213,raw_u,fixed_sequence,0.14285714285714285,,False,0,0,,1082,0,0,0.0,,,,deepseekv32maas
2026091213,raw_u,bonferroni,0.14285714285714285,,False,0,0,,1082,0,0,0.0,,,,deepseekv32maas
2026091213,raw_u,fixed_sequence,0.2,,False,0,0,,1082,0,0,0.0,,,,deepseekv32maas
2026091213,raw_u,bonferroni,0.2,,False,0,0,,1082,0,0,0.0,,,,deepseekv32maas
2026091213,raw_u,fixed_sequence,0.25,,False,0,0,,1082,0,0,0.0,,,,deepseekv32maas
2026091213,raw_u,bonferroni,0.25,,False,0,0,,1082,0,0,0.0,,,,deepseekv32maas
2026091213,u_boost,fixed_sequence,0.1,,False,0,0,,1082,0,0,0.0,,,,deepseekv32maas
2026091213,u_boost,bonferroni,0.1,,False,0,0,,1082,0,0,0.0,,,,deepseekv32maas
2026091213,u_boost,fixed_sequence,0.14285714285714285,,False,0,0,,1082,0,0,0.0,,,,deepseekv32maas
2026091213,u_boost,bonferroni,0.14285714285714285,,False,0,0,,1082,0,0,0.0,,,,deepseekv32maas
2026091213,u_boost,fixed_sequence,0.2,,False,0,0,,1082,0,0,0.0,,,,deepseekv32maas
2026091213,u_boost,bonferroni,0.2,,False,0,0,,1082,0,0,0.0,,,,deepseekv32maas
2026091213,u_boost,fixed_sequence,0.25,,False,0,0,,1082,0,0,0.0,,,,deepseekv32maas
2026091213,u_boost,bonferroni,0.25,,False,0,0,,1082,0,0,0.0,,,,deepseekv32maas
2026091213,rich_logistic,fixed_sequence,0.1,,False,0,0,,1082,0,0,0.0,,,,deepseekv32maas
2026091213,rich_logistic,bonferroni,0.1,,False,0,0,,1082,0,0,0.0,,,,deepseekv32maas
2026091213,rich_logistic,fixed_sequence,0.14285714285714285,,False,0,0,,1082,0,0,0.0,,,,deepseekv32maas
2026091213,rich_logistic,bonferroni,0.14285714285714285,,False,0,0,,1082,0,0,0.0,,,,deepseekv32maas
2026091213,rich_logistic,fixed_sequence,0.2,,False,0,0,,1082,0,0,0.0,,,,deepseekv32maas
2026091213,rich_logistic,bonferroni,0.2,,False,0,0,,1082,0,0,0.0,,,,deepseekv32maas
2026091213,rich_logistic,fixed_sequence,0.25,,False,0,0,,1082,0,0,0.0,,,,deepseekv32maas
2026091213,rich_logistic,bonferroni,0.25,,False,0,0,,1082,0,0,0.0,,,,deepseekv32maas
2026091213,rich_boost,fixed_sequence,0.1,,False,0,0,,1082,0,0,0.0,,,,deepseekv32maas
2026091213,rich_boost,bonferroni,0.1,,False,0,0,,1082,0,0,0.0,,,,deepseekv32maas
2026091213,rich_boost,fixed_sequence,0.14285714285714285,,False,0,0,,1082,0,0,0.0,,,,deepseekv32maas
2026091213,rich_boost,bonferroni,0.14285714285714285,,False,0,0,,1082,0,0,0.0,,,,deepseekv32maas
2026091213,rich_boost,fixed_sequence,0.2,,False,0,0,,1082,0,0,0.0,,,,deepseekv32maas
2026091213,rich_boost,bonferroni,0.2,,False,0,0,,1082,0,0,0.0,,,,deepseekv32maas
2026091213,rich_boost,fixed_sequence,0.25,,False,0,0,,1082,0,0,0.0,,,,deepseekv32maas
2026091213,rich_boost,bonferroni,0.25,,False,0,0,,1082,0,0,0.0,,,,deepseekv32maas
2026091214,raw_u,fixed_sequence,0.1,,False,0,0,,1082,0,0,0.0,,,,deepseekv32maas
2026091214,raw_u,bonferroni,0.1,,False,0,0,,1082,0,0,0.0,,,,deepseekv32maas
2026091214,raw_u,fixed_sequence,0.14285714285714285,,False,0,0,,1082,0,0,0.0,,,,deepseekv32maas
2026091214,raw_u,bonferroni,0.14285714285714285,,False,0,0,,1082,0,0,0.0,,,,deepseekv32maas
2026091214,raw_u,fixed_sequence,0.2,,False,0,0,,1082,0,0,0.0,,,,deepseekv32maas
2026091214,raw_u,bonferroni,0.2,,False,0,0,,1082,0,0,0.0,,,,deepseekv32maas
2026091214,raw_u,fixed_sequence,0.25,,False,0,0,,1082,0,0,0.0,,,,deepseekv32maas
2026091214,raw_u,bonferroni,0.25,,False,0,0,,1082,0,0,0.0,,,,deepseekv32maas
2026091214,u_boost,fixed_sequence,0.1,,False,0,0,,1082,0,0,0.0,,,,deepseekv32maas
2026091214,u_boost,bonferroni,0.1,,False,0,0,,1082,0,0,0.0,,,,deepseekv32maas
2026091214,u_boost,fixed_sequence,0.14285714285714285,,False,0,0,,1082,0,0,0.0,,,,deepseekv32maas
2026091214,u_boost,bonferroni,0.14285714285714285,,False,0,0,,1082,0,0,0.0,,,,deepseekv32maas
2026091214,u_boost,fixed_sequence,0.2,,False,0,0,,1082,0,0,0.0,,,,deepseekv32maas
2026091214,u_boost,bonferroni,0.2,,False,0,0,,1082,0,0,0.0,,,,deepseekv32maas
2026091214,u_boost,fixed_sequence,0.25,,False,0,0,,1082,0,0,0.0,,,,deepseekv32maas
2026091214,u_boost,bonferroni,0.25,,False,0,0,,1082,0,0,0.0,,,,deepseekv32maas
2026091214,rich_logistic,fixed_sequence,0.1,,False,0,0,,1082,0,0,0.0,,,,deepseekv32maas
2026091214,rich_logistic,bonferroni,0.1,,False,0,0,,1082,0,0,0.0,,,,deepseekv32maas
2026091214,rich_logistic,fixed_sequence,0.14285714285714285,,False,0,0,,1082,0,0,0.0,,,,deepseekv32maas
2026091214,rich_logistic,bonferroni,0.14285714285714285,,False,0,0,,1082,0,0,0.0,,,,deepseekv32maas
2026091214,rich_logistic,fixed_sequence,0.2,,False,0,0,,1082,0,0,0.0,,,,deepseekv32maas
2026091214,rich_logistic,bonferroni,0.2,,False,0,0,,1082,0,0,0.0,,,,deepseekv32maas
2026091214,rich_logistic,fixed_sequence,0.25,,False,0,0,,1082,0,0,0.0,,,,deepseekv32maas
2026091214,rich_logistic,bonferroni,0.25,,False,0,0,,1082,0,0,0.0,,,,deepseekv32maas
2026091214,rich_boost,fixed_sequence,0.1,,False,0,0,,1082,0,0,0.0,,,,deepseekv32maas
2026091214,rich_boost,bonferroni,0.1,,False,0,0,,1082,0,0,0.0,,,,deepseekv32maas
2026091214,rich_boost,fixed_sequence,0.14285714285714285,,False,0,0,,1082,0,0,0.0,,,,deepseekv32maas
2026091214,rich_boost,bonferroni,0.14285714285714285,,False,0,0,,1082,0,0,0.0,,,,deepseekv32maas
2026091214,rich_boost,fixed_sequence,0.2,,False,0,0,,1082,0,0,0.0,,,,deepseekv32maas
2026091214,rich_boost,bonferroni,0.2,,False,0,0,,1082,0,0,0.0,,,,deepseekv32maas
2026091214,rich_boost,fixed_sequence,0.25,,False,0,0,,1082,0,0,0.0,,,,deepseekv32maas
2026091214,rich_boost,bonferroni,0.25,,False,0,0,,1082,0,0,0.0,,,,deepseekv32maas
2026091215,raw_u,fixed_sequence,0.1,,False,0,0,,1082,0,0,0.0,,,,deepseekv32maas
2026091215,raw_u,bonferroni,0.1,,False,0,0,,1082,0,0,0.0,,,,deepseekv32maas
2026091215,raw_u,fixed_sequence,0.14285714285714285,,False,0,0,,1082,0,0,0.0,,,,deepseekv32maas
2026091215,raw_u,bonferroni,0.14285714285714285,,False,0,0,,1082,0,0,0.0,,,,deepseekv32maas
2026091215,raw_u,fixed_sequence,0.2,,False,0,0,,1082,0,0,0.0,,,,deepseekv32maas
2026091215,raw_u,bonferroni,0.2,,False,0,0,,1082,0,0,0.0,,,,deepseekv32maas
2026091215,raw_u,fixed_sequence,0.25,,False,0,0,,1082,0,0,0.0,,,,deepseekv32maas
2026091215,raw_u,bonferroni,0.25,,False,0,0,,1082,0,0,0.0,,,,deepseekv32maas
2026091215,u_boost,fixed_sequence,0.1,,False,0,0,,1082,0,0,0.0,,,,deepseekv32maas
2026091215,u_boost,bonferroni,0.1,,False,0,0,,1082,0,0,0.0,,,,deepseekv32maas
2026091215,u_boost,fixed_sequence,0.14285714285714285,,False,0,0,,1082,0,0,0.0,,,,deepseekv32maas
2026091215,u_boost,bonferroni,0.14285714285714285,,False,0,0,,1082,0,0,0.0,,,,deepseekv32maas
2026091215,u_boost,fixed_sequence,0.2,,False,0,0,,1082,0,0,0.0,,,,deepseekv32maas
2026091215,u_boost,bonferroni,0.2,,False,0,0,,1082,0,0,0.0,,,,deepseekv32maas
2026091215,u_boost,fixed_sequence,0.25,,False,0,0,,1082,0,0,0.0,,,,deepseekv32maas
2026091215,u_boost,bonferroni,0.25,,False,0,0,,1082,0,0,0.0,,,,deepseekv32maas
2026091215,rich_logistic,fixed_sequence,0.1,,False,0,0,,1082,0,0,0.0,,,,deepseekv32maas
2026091215,rich_logistic,bonferroni,0.1,,False,0,0,,1082,0,0,0.0,,,,deepseekv32maas
2026091215,rich_logistic,fixed_sequence,0.14285714285714285,,False,0,0,,1082,0,0,0.0,,,,deepseekv32maas
2026091215,rich_logistic,bonferroni,0.14285714285714285,,False,0,0,,1082,0,0,0.0,,,,deepseekv32maas
2026091215,rich_logistic,fixed_sequence,0.2,,False,0,0,,1082,0,0,0.0,,,,deepseekv32maas
2026091215,rich_logistic,bonferroni,0.2,,False,0,0,,1082,0,0,0.0,,,,deepseekv32maas
2026091215,rich_logistic,fixed_sequence,0.25,,False,0,0,,1082,0,0,0.0,,,,deepseekv32maas
2026091215,rich_logistic,bonferroni,0.25,,False,0,0,,1082,0,0,0.0,,,,deepseekv32maas
2026091215,rich_boost,fixed_sequence,0.1,,False,0,0,,1082,0,0,0.0,,,,deepseekv32maas
2026091215,rich_boost,bonferroni,0.1,,False,0,0,,1082,0,0,0.0,,,,deepseekv32maas
2026091215,rich_boost,fixed_sequence,0.14285714285714285,,False,0,0,,1082,0,0,0.0,,,,deepseekv32maas
2026091215,rich_boost,bonferroni,0.14285714285714285,,False,0,0,,1082,0,0,0.0,,,,deepseekv32maas
2026091215,rich_boost,fixed_sequence,0.2,,False,0,0,,1082,0,0,0.0,,,,deepseekv32maas
2026091215,rich_boost,bonferroni,0.2,,False,0,0,,1082,0,0,0.0,,,,deepseekv32maas
2026091215,rich_boost,fixed_sequence,0.25,,False,0,0,,1082,0,0,0.0,,,,deepseekv32maas
2026091215,rich_boost,bonferroni,0.25,,False,0,0,,1082,0,0,0.0,,,,deepseekv32maas
2026091216,raw_u,fixed_sequence,0.1,,False,0,0,,1082,0,0,0.0,,,,deepseekv32maas
2026091216,raw_u,bonferroni,0.1,,False,0,0,,1082,0,0,0.0,,,,deepseekv32maas
2026091216,raw_u,fixed_sequence,0.14285714285714285,,False,0,0,,1082,0,0,0.0,,,,deepseekv32maas
2026091216,raw_u,bonferroni,0.14285714285714285,,False,0,0,,1082,0,0,0.0,,,,deepseekv32maas
2026091216,raw_u,fixed_sequence,0.2,,False,0,0,,1082,0,0,0.0,,,,deepseekv32maas
2026091216,raw_u,bonferroni,0.2,,False,0,0,,1082,0,0,0.0,,,,deepseekv32maas
2026091216,raw_u,fixed_sequence,0.25,,False,0,0,,1082,0,0,0.0,,,,deepseekv32maas
2026091216,raw_u,bonferroni,0.25,,False,0,0,,1082,0,0,0.0,,,,deepseekv32maas
2026091216,u_boost,fixed_sequence,0.1,,False,0,0,,1082,0,0,0.0,,,,deepseekv32maas
2026091216,u_boost,bonferroni,0.1,,False,0,0,,1082,0,0,0.0,,,,deepseekv32maas
2026091216,u_boost,fixed_sequence,0.14285714285714285,,False,0,0,,1082,0,0,0.0,,,,deepseekv32maas
2026091216,u_boost,bonferroni,0.14285714285714285,,False,0,0,,1082,0,0,0.0,,,,deepseekv32maas
2026091216,u_boost,fixed_sequence,0.2,,False,0,0,,1082,0,0,0.0,,,,deepseekv32maas
2026091216,u_boost,bonferroni,0.2,,False,0,0,,1082,0,0,0.0,,,,deepseekv32maas
2026091216,u_boost,fixed_sequence,0.25,,False,0,0,,1082,0,0,0.0,,,,deepseekv32maas
2026091216,u_boost,bonferroni,0.25,,False,0,0,,1082,0,0,0.0,,,,deepseekv32maas
2026091216,rich_logistic,fixed_sequence,0.1,,False,0,0,,1082,0,0,0.0,,,,deepseekv32maas
2026091216,rich_logistic,bonferroni,0.1,,False,0,0,,1082,0,0,0.0,,,,deepseekv32maas
2026091216,rich_logistic,fixed_sequence,0.14285714285714285,,False,0,0,,1082,0,0,0.0,,,,deepseekv32maas
2026091216,rich_logistic,bonferroni,0.14285714285714285,,False,0,0,,1082,0,0,0.0,,,,deepseekv32maas
2026091216,rich_logistic,fixed_sequence,0.2,,False,0,0,,1082,0,0,0.0,,,,deepseekv32maas
2026091216,rich_logistic,bonferroni,0.2,,False,0,0,,1082,0,0,0.0,,,,deepseekv32maas
2026091216,rich_logistic,fixed_sequence,0.25,,False,0,0,,1082,0,0,0.0,,,,deepseekv32maas
2026091216,rich_logistic,bonferroni,0.25,,False,0,0,,1082,0,0,0.0,,,,deepseekv32maas
2026091216,rich_boost,fixed_sequence,0.1,,False,0,0,,1082,0,0,0.0,,,,deepseekv32maas
2026091216,rich_boost,bonferroni,0.1,,False,0,0,,1082,0,0,0.0,,,,deepseekv32maas
2026091216,rich_boost,fixed_sequence,0.14285714285714285,,False,0,0,,1082,0,0,0.0,,,,deepseekv32maas
2026091216,rich_boost,bonferroni,0.14285714285714285,,False,0,0,,1082,0,0,0.0,,,,deepseekv32maas
2026091216,rich_boost,fixed_sequence,0.2,,False,0,0,,1082,0,0,0.0,,,,deepseekv32maas
2026091216,rich_boost,bonferroni,0.2,,False,0,0,,1082,0,0,0.0,,,,deepseekv32maas
2026091216,rich_boost,fixed_sequence,0.25,,False,0,0,,1082,0,0,0.0,,,,deepseekv32maas
2026091216,rich_boost,bonferroni,0.25,,False,0,0,,1082,0,0,0.0,,,,deepseekv32maas
2026091217,raw_u,fixed_sequence,0.1,,False,0,0,,1082,0,0,0.0,,,,deepseekv32maas
2026091217,raw_u,bonferroni,0.1,,False,0,0,,1082,0,0,0.0,,,,deepseekv32maas
2026091217,raw_u,fixed_sequence,0.14285714285714285,,False,0,0,,1082,0,0,0.0,,,,deepseekv32maas
2026091217,raw_u,bonferroni,0.14285714285714285,,False,0,0,,1082,0,0,0.0,,,,deepseekv32maas
2026091217,raw_u,fixed_sequence,0.2,,False,0,0,,1082,0,0,0.0,,,,deepseekv32maas
2026091217,raw_u,bonferroni,0.2,,False,0,0,,1082,0,0,0.0,,,,deepseekv32maas
2026091217,raw_u,fixed_sequence,0.25,,False,0,0,,1082,0,0,0.0,,,,deepseekv32maas
2026091217,raw_u,bonferroni,0.25,,False,0,0,,1082,0,0,0.0,,,,deepseekv32maas
2026091217,u_boost,fixed_sequence,0.1,,False,0,0,,1082,0,0,0.0,,,,deepseekv32maas
2026091217,u_boost,bonferroni,0.1,,False,0,0,,1082,0,0,0.0,,,,deepseekv32maas
2026091217,u_boost,fixed_sequence,0.14285714285714285,,False,0,0,,1082,0,0,0.0,,,,deepseekv32maas
2026091217,u_boost,bonferroni,0.14285714285714285,,False,0,0,,1082,0,0,0.0,,,,deepseekv32maas
2026091217,u_boost,fixed_sequence,0.2,,False,0,0,,1082,0,0,0.0,,,,deepseekv32maas
2026091217,u_boost,bonferroni,0.2,,False,0,0,,1082,0,0,0.0,,,,deepseekv32maas
2026091217,u_boost,fixed_sequence,0.25,,False,0,0,,1082,0,0,0.0,,,,deepseekv32maas
2026091217,u_boost,bonferroni,0.25,,False,0,0,,1082,0,0,0.0,,,,deepseekv32maas
2026091217,rich_logistic,fixed_sequence,0.1,,False,0,0,,1082,0,0,0.0,,,,deepseekv32maas
2026091217,rich_logistic,bonferroni,0.1,,False,0,0,,1082,0,0,0.0,,,,deepseekv32maas
2026091217,rich_logistic,fixed_sequence,0.14285714285714285,,False,0,0,,1082,0,0,0.0,,,,deepseekv32maas
2026091217,rich_logistic,bonferroni,0.14285714285714285,,False,0,0,,1082,0,0,0.0,,,,deepseekv32maas
2026091217,rich_logistic,fixed_sequence,0.2,,False,0,0,,1082,0,0,0.0,,,,deepseekv32maas
2026091217,rich_logistic,bonferroni,0.2,,False,0,0,,1082,0,0,0.0,,,,deepseekv32maas
2026091217,rich_logistic,fixed_sequence,0.25,,False,0,0,,1082,0,0,0.0,,,,deepseekv32maas
2026091217,rich_logistic,bonferroni,0.25,,False,0,0,,1082,0,0,0.0,,,,deepseekv32maas
2026091217,rich_boost,fixed_sequence,0.1,,False,0,0,,1082,0,0,0.0,,,,deepseekv32maas
2026091217,rich_boost,bonferroni,0.1,,False,0,0,,1082,0,0,0.0,,,,deepseekv32maas
2026091217,rich_boost,fixed_sequence,0.14285714285714285,,False,0,0,,1082,0,0,0.0,,,,deepseekv32maas
2026091217,rich_boost,bonferroni,0.14285714285714285,,False,0,0,,1082,0,0,0.0,,,,deepseekv32maas
2026091217,rich_boost,fixed_sequence,0.2,,False,0,0,,1082,0,0,0.0,,,,deepseekv32maas
2026091217,rich_boost,bonferroni,0.2,,False,0,0,,1082,0,0,0.0,,,,deepseekv32maas
2026091217,rich_boost,fixed_sequence,0.25,,False,0,0,,1082,0,0,0.0,,,,deepseekv32maas
2026091217,rich_boost,bonferroni,0.25,,False,0,0,,1082,0,0,0.0,,,,deepseekv32maas
2026091218,raw_u,fixed_sequence,0.1,,False,0,0,,1082,0,0,0.0,,,,deepseekv32maas
2026091218,raw_u,bonferroni,0.1,,False,0,0,,1082,0,0,0.0,,,,deepseekv32maas
2026091218,raw_u,fixed_sequence,0.14285714285714285,,False,0,0,,1082,0,0,0.0,,,,deepseekv32maas
2026091218,raw_u,bonferroni,0.14285714285714285,,False,0,0,,1082,0,0,0.0,,,,deepseekv32maas
2026091218,raw_u,fixed_sequence,0.2,,False,0,0,,1082,0,0,0.0,,,,deepseekv32maas
2026091218,raw_u,bonferroni,0.2,,False,0,0,,1082,0,0,0.0,,,,deepseekv32maas
2026091218,raw_u,fixed_sequence,0.25,,False,0,0,,1082,0,0,0.0,,,,deepseekv32maas
2026091218,raw_u,bonferroni,0.25,,False,0,0,,1082,0,0,0.0,,,,deepseekv32maas
2026091218,u_boost,fixed_sequence,0.1,,False,0,0,,1082,0,0,0.0,,,,deepseekv32maas
2026091218,u_boost,bonferroni,0.1,,False,0,0,,1082,0,0,0.0,,,,deepseekv32maas
2026091218,u_boost,fixed_sequence,0.14285714285714285,,False,0,0,,1082,0,0,0.0,,,,deepseekv32maas
2026091218,u_boost,bonferroni,0.14285714285714285,,False,0,0,,1082,0,0,0.0,,,,deepseekv32maas
2026091218,u_boost,fixed_sequence,0.2,,False,0,0,,1082,0,0,0.0,,,,deepseekv32maas
2026091218,u_boost,bonferroni,0.2,,False,0,0,,1082,0,0,0.0,,,,deepseekv32maas
2026091218,u_boost,fixed_sequence,0.25,,False,0,0,,1082,0,0,0.0,,,,deepseekv32maas
2026091218,u_boost,bonferroni,0.25,,False,0,0,,1082,0,0,0.0,,,,deepseekv32maas
2026091218,rich_logistic,fixed_sequence,0.1,,False,0,0,,1082,0,0,0.0,,,,deepseekv32maas
2026091218,rich_logistic,bonferroni,0.1,,False,0,0,,1082,0,0,0.0,,,,deepseekv32maas
2026091218,rich_logistic,fixed_sequence,0.14285714285714285,,False,0,0,,1082,0,0,0.0,,,,deepseekv32maas
2026091218,rich_logistic,bonferroni,0.14285714285714285,,False,0,0,,1082,0,0,0.0,,,,deepseekv32maas
2026091218,rich_logistic,fixed_sequence,0.2,,False,0,0,,1082,0,0,0.0,,,,deepseekv32maas
2026091218,rich_logistic,bonferroni,0.2,,False,0,0,,1082,0,0,0.0,,,,deepseekv32maas
2026091218,rich_logistic,fixed_sequence,0.25,,False,0,0,,1082,0,0,0.0,,,,deepseekv32maas
2026091218,rich_logistic,bonferroni,0.25,,False,0,0,,1082,0,0,0.0,,,,deepseekv32maas
2026091218,rich_boost,fixed_sequence,0.1,,False,0,0,,1082,0,0,0.0,,,,deepseekv32maas
2026091218,rich_boost,bonferroni,0.1,,False,0,0,,1082,0,0,0.0,,,,deepseekv32maas
2026091218,rich_boost,fixed_sequence,0.14285714285714285,,False,0,0,,1082,0,0,0.0,,,,deepseekv32maas
2026091218,rich_boost,bonferroni,0.14285714285714285,,False,0,0,,1082,0,0,0.0,,,,deepseekv32maas
2026091218,rich_boost,fixed_sequence,0.2,,False,0,0,,1082,0,0,0.0,,,,deepseekv32maas
2026091218,rich_boost,bonferroni,0.2,,False,0,0,,1082,0,0,0.0,,,,deepseekv32maas
2026091218,rich_boost,fixed_sequence,0.25,,False,0,0,,1082,0,0,0.0,,,,deepseekv32maas
2026091218,rich_boost,bonferroni,0.25,,False,0,0,,1082,0,0,0.0,,,,deepseekv32maas
2026091219,raw_u,fixed_sequence,0.1,,False,0,0,,1082,0,0,0.0,,,,deepseekv32maas
2026091219,raw_u,bonferroni,0.1,,False,0,0,,1082,0,0,0.0,,,,deepseekv32maas
2026091219,raw_u,fixed_sequence,0.14285714285714285,,False,0,0,,1082,0,0,0.0,,,,deepseekv32maas
2026091219,raw_u,bonferroni,0.14285714285714285,,False,0,0,,1082,0,0,0.0,,,,deepseekv32maas
2026091219,raw_u,fixed_sequence,0.2,,False,0,0,,1082,0,0,0.0,,,,deepseekv32maas
2026091219,raw_u,bonferroni,0.2,,False,0,0,,1082,0,0,0.0,,,,deepseekv32maas
2026091219,raw_u,fixed_sequence,0.25,,False,0,0,,1082,0,0,0.0,,,,deepseekv32maas
2026091219,raw_u,bonferroni,0.25,,False,0,0,,1082,0,0,0.0,,,,deepseekv32maas
2026091219,u_boost,fixed_sequence,0.1,,False,0,0,,1082,0,0,0.0,,,,deepseekv32maas
2026091219,u_boost,bonferroni,0.1,,False,0,0,,1082,0,0,0.0,,,,deepseekv32maas
2026091219,u_boost,fixed_sequence,0.14285714285714285,,False,0,0,,1082,0,0,0.0,,,,deepseekv32maas
2026091219,u_boost,bonferroni,0.14285714285714285,,False,0,0,,1082,0,0,0.0,,,,deepseekv32maas
2026091219,u_boost,fixed_sequence,0.2,,False,0,0,,1082,0,0,0.0,,,,deepseekv32maas
2026091219,u_boost,bonferroni,0.2,,False,0,0,,1082,0,0,0.0,,,,deepseekv32maas
2026091219,u_boost,fixed_sequence,0.25,,False,0,0,,1082,0,0,0.0,,,,deepseekv32maas
2026091219,u_boost,bonferroni,0.25,,False,0,0,,1082,0,0,0.0,,,,deepseekv32maas
2026091219,rich_logistic,fixed_sequence,0.1,,False,0,0,,1082,0,0,0.0,,,,deepseekv32maas
2026091219,rich_logistic,bonferroni,0.1,,False,0,0,,1082,0,0,0.0,,,,deepseekv32maas
2026091219,rich_logistic,fixed_sequence,0.14285714285714285,,False,0,0,,1082,0,0,0.0,,,,deepseekv32maas
2026091219,rich_logistic,bonferroni,0.14285714285714285,,False,0,0,,1082,0,0,0.0,,,,deepseekv32maas
2026091219,rich_logistic,fixed_sequence,0.2,,False,0,0,,1082,0,0,0.0,,,,deepseekv32maas
2026091219,rich_logistic,bonferroni,0.2,,False,0,0,,1082,0,0,0.0,,,,deepseekv32maas
2026091219,rich_logistic,fixed_sequence,0.25,,False,0,0,,1082,0,0,0.0,,,,deepseekv32maas
2026091219,rich_logistic,bonferroni,0.25,,False,0,0,,1082,0,0,0.0,,,,deepseekv32maas
2026091219,rich_boost,fixed_sequence,0.1,,False,0,0,,1082,0,0,0.0,,,,deepseekv32maas
2026091219,rich_boost,bonferroni,0.1,,False,0,0,,1082,0,0,0.0,,,,deepseekv32maas
2026091219,rich_boost,fixed_sequence,0.14285714285714285,,False,0,0,,1082,0,0,0.0,,,,deepseekv32maas
2026091219,rich_boost,bonferroni,0.14285714285714285,,False,0,0,,1082,0,0,0.0,,,,deepseekv32maas
2026091219,rich_boost,fixed_sequence,0.2,,False,0,0,,1082,0,0,0.0,,,,deepseekv32maas
2026091219,rich_boost,bonferroni,0.2,,False,0,0,,1082,0,0,0.0,,,,deepseekv32maas
2026091219,rich_boost,fixed_sequence,0.25,,False,0,0,,1082,0,0,0.0,,,,deepseekv32maas
2026091219,rich_boost,bonferroni,0.25,,False,0,0,,1082,0,0,0.0,,,,deepseekv32maas
2026091220,raw_u,fixed_sequence,0.1,,False,0,0,,1082,0,0,0.0,,,,deepseekv32maas
2026091220,raw_u,bonferroni,0.1,,False,0,0,,1082,0,0,0.0,,,,deepseekv32maas
2026091220,raw_u,fixed_sequence,0.14285714285714285,,False,0,0,,1082,0,0,0.0,,,,deepseekv32maas
2026091220,raw_u,bonferroni,0.14285714285714285,,False,0,0,,1082,0,0,0.0,,,,deepseekv32maas
2026091220,raw_u,fixed_sequence,0.2,,False,0,0,,1082,0,0,0.0,,,,deepseekv32maas
2026091220,raw_u,bonferroni,0.2,,False,0,0,,1082,0,0,0.0,,,,deepseekv32maas
2026091220,raw_u,fixed_sequence,0.25,,False,0,0,,1082,0,0,0.0,,,,deepseekv32maas
2026091220,raw_u,bonferroni,0.25,,False,0,0,,1082,0,0,0.0,,,,deepseekv32maas
2026091220,u_boost,fixed_sequence,0.1,,False,0,0,,1082,0,0,0.0,,,,deepseekv32maas
2026091220,u_boost,bonferroni,0.1,,False,0,0,,1082,0,0,0.0,,,,deepseekv32maas
2026091220,u_boost,fixed_sequence,0.14285714285714285,,False,0,0,,1082,0,0,0.0,,,,deepseekv32maas
2026091220,u_boost,bonferroni,0.14285714285714285,,False,0,0,,1082,0,0,0.0,,,,deepseekv32maas
2026091220,u_boost,fixed_sequence,0.2,,False,0,0,,1082,0,0,0.0,,,,deepseekv32maas
2026091220,u_boost,bonferroni,0.2,,False,0,0,,1082,0,0,0.0,,,,deepseekv32maas
2026091220,u_boost,fixed_sequence,0.25,,False,0,0,,1082,0,0,0.0,,,,deepseekv32maas
2026091220,u_boost,bonferroni,0.25,,False,0,0,,1082,0,0,0.0,,,,deepseekv32maas
2026091220,rich_logistic,fixed_sequence,0.1,,False,0,0,,1082,0,0,0.0,,,,deepseekv32maas
2026091220,rich_logistic,bonferroni,0.1,,False,0,0,,1082,0,0,0.0,,,,deepseekv32maas
2026091220,rich_logistic,fixed_sequence,0.14285714285714285,,False,0,0,,1082,0,0,0.0,,,,deepseekv32maas
2026091220,rich_logistic,bonferroni,0.14285714285714285,,False,0,0,,1082,0,0,0.0,,,,deepseekv32maas
2026091220,rich_logistic,fixed_sequence,0.2,,False,0,0,,1082,0,0,0.0,,,,deepseekv32maas
2026091220,rich_logistic,bonferroni,0.2,,False,0,0,,1082,0,0,0.0,,,,deepseekv32maas
2026091220,rich_logistic,fixed_sequence,0.25,,False,0,0,,1082,0,0,0.0,,,,deepseekv32maas
2026091220,rich_logistic,bonferroni,0.25,,False,0,0,,1082,0,0,0.0,,,,deepseekv32maas
2026091220,rich_boost,fixed_sequence,0.1,,False,0,0,,1082,0,0,0.0,,,,deepseekv32maas
2026091220,rich_boost,bonferroni,0.1,,False,0,0,,1082,0,0,0.0,,,,deepseekv32maas
2026091220,rich_boost,fixed_sequence,0.14285714285714285,,False,0,0,,1082,0,0,0.0,,,,deepseekv32maas
2026091220,rich_boost,bonferroni,0.14285714285714285,,False,0,0,,1082,0,0,0.0,,,,deepseekv32maas
2026091220,rich_boost,fixed_sequence,0.2,,False,0,0,,1082,0,0,0.0,,,,deepseekv32maas
2026091220,rich_boost,bonferroni,0.2,,False,0,0,,1082,0,0,0.0,,,,deepseekv32maas
2026091220,rich_boost,fixed_sequence,0.25,,False,0,0,,1082,0,0,0.0,,,,deepseekv32maas
2026091220,rich_boost,bonferroni,0.25,,False,0,0,,1082,0,0,0.0,,,,deepseekv32maas
2026091221,raw_u,fixed_sequence,0.1,,False,0,0,,1082,0,0,0.0,,,,deepseekv32maas
2026091221,raw_u,bonferroni,0.1,,False,0,0,,1082,0,0,0.0,,,,deepseekv32maas
2026091221,raw_u,fixed_sequence,0.14285714285714285,,False,0,0,,1082,0,0,0.0,,,,deepseekv32maas
2026091221,raw_u,bonferroni,0.14285714285714285,,False,0,0,,1082,0,0,0.0,,,,deepseekv32maas
2026091221,raw_u,fixed_sequence,0.2,,False,0,0,,1082,0,0,0.0,,,,deepseekv32maas
2026091221,raw_u,bonferroni,0.2,,False,0,0,,1082,0,0,0.0,,,,deepseekv32maas
2026091221,raw_u,fixed_sequence,0.25,,False,0,0,,1082,0,0,0.0,,,,deepseekv32maas
2026091221,raw_u,bonferroni,0.25,,False,0,0,,1082,0,0,0.0,,,,deepseekv32maas
2026091221,u_boost,fixed_sequence,0.1,,False,0,0,,1082,0,0,0.0,,,,deepseekv32maas
2026091221,u_boost,bonferroni,0.1,,False,0,0,,1082,0,0,0.0,,,,deepseekv32maas
2026091221,u_boost,fixed_sequence,0.14285714285714285,,False,0,0,,1082,0,0,0.0,,,,deepseekv32maas
2026091221,u_boost,bonferroni,0.14285714285714285,,False,0,0,,1082,0,0,0.0,,,,deepseekv32maas
2026091221,u_boost,fixed_sequence,0.2,,False,0,0,,1082,0,0,0.0,,,,deepseekv32maas
2026091221,u_boost,bonferroni,0.2,,False,0,0,,1082,0,0,0.0,,,,deepseekv32maas
2026091221,u_boost,fixed_sequence,0.25,,False,0,0,,1082,0,0,0.0,,,,deepseekv32maas
2026091221,u_boost,bonferroni,0.25,,False,0,0,,1082,0,0,0.0,,,,deepseekv32maas
2026091221,rich_logistic,fixed_sequence,0.1,,False,0,0,,1082,0,0,0.0,,,,deepseekv32maas
2026091221,rich_logistic,bonferroni,0.1,,False,0,0,,1082,0,0,0.0,,,,deepseekv32maas
2026091221,rich_logistic,fixed_sequence,0.14285714285714285,,False,0,0,,1082,0,0,0.0,,,,deepseekv32maas
2026091221,rich_logistic,bonferroni,0.14285714285714285,,False,0,0,,1082,0,0,0.0,,,,deepseekv32maas
2026091221,rich_logistic,fixed_sequence,0.2,,False,0,0,,1082,0,0,0.0,,,,deepseekv32maas
2026091221,rich_logistic,bonferroni,0.2,,False,0,0,,1082,0,0,0.0,,,,deepseekv32maas
2026091221,rich_logistic,fixed_sequence,0.25,,False,0,0,,1082,0,0,0.0,,,,deepseekv32maas
2026091221,rich_logistic,bonferroni,0.25,,False,0,0,,1082,0,0,0.0,,,,deepseekv32maas
2026091221,rich_boost,fixed_sequence,0.1,,False,0,0,,1082,0,0,0.0,,,,deepseekv32maas
2026091221,rich_boost,bonferroni,0.1,,False,0,0,,1082,0,0,0.0,,,,deepseekv32maas
2026091221,rich_boost,fixed_sequence,0.14285714285714285,,False,0,0,,1082,0,0,0.0,,,,deepseekv32maas
2026091221,rich_boost,bonferroni,0.14285714285714285,,False,0,0,,1082,0,0,0.0,,,,deepseekv32maas
2026091221,rich_boost,fixed_sequence,0.2,,False,0,0,,1082,0,0,0.0,,,,deepseekv32maas
2026091221,rich_boost,bonferroni,0.2,,False,0,0,,1082,0,0,0.0,,,,deepseekv32maas
2026091221,rich_boost,fixed_sequence,0.25,,False,0,0,,1082,0,0,0.0,,,,deepseekv32maas
2026091221,rich_boost,bonferroni,0.25,,False,0,0,,1082,0,0,0.0,,,,deepseekv32maas
2026091222,raw_u,fixed_sequence,0.1,,False,0,0,,1082,0,0,0.0,,,,deepseekv32maas
2026091222,raw_u,bonferroni,0.1,,False,0,0,,1082,0,0,0.0,,,,deepseekv32maas
2026091222,raw_u,fixed_sequence,0.14285714285714285,,False,0,0,,1082,0,0,0.0,,,,deepseekv32maas
2026091222,raw_u,bonferroni,0.14285714285714285,,False,0,0,,1082,0,0,0.0,,,,deepseekv32maas
2026091222,raw_u,fixed_sequence,0.2,,False,0,0,,1082,0,0,0.0,,,,deepseekv32maas
2026091222,raw_u,bonferroni,0.2,,False,0,0,,1082,0,0,0.0,,,,deepseekv32maas
2026091222,raw_u,fixed_sequence,0.25,,False,0,0,,1082,0,0,0.0,,,,deepseekv32maas
2026091222,raw_u,bonferroni,0.25,,False,0,0,,1082,0,0,0.0,,,,deepseekv32maas
2026091222,u_boost,fixed_sequence,0.1,,False,0,0,,1082,0,0,0.0,,,,deepseekv32maas
2026091222,u_boost,bonferroni,0.1,,False,0,0,,1082,0,0,0.0,,,,deepseekv32maas
2026091222,u_boost,fixed_sequence,0.14285714285714285,,False,0,0,,1082,0,0,0.0,,,,deepseekv32maas
2026091222,u_boost,bonferroni,0.14285714285714285,,False,0,0,,1082,0,0,0.0,,,,deepseekv32maas
2026091222,u_boost,fixed_sequence,0.2,,False,0,0,,1082,0,0,0.0,,,,deepseekv32maas
2026091222,u_boost,bonferroni,0.2,,False,0,0,,1082,0,0,0.0,,,,deepseekv32maas
2026091222,u_boost,fixed_sequence,0.25,,False,0,0,,1082,0,0,0.0,,,,deepseekv32maas
2026091222,u_boost,bonferroni,0.25,,False,0,0,,1082,0,0,0.0,,,,deepseekv32maas
2026091222,rich_logistic,fixed_sequence,0.1,,False,0,0,,1082,0,0,0.0,,,,deepseekv32maas
2026091222,rich_logistic,bonferroni,0.1,,False,0,0,,1082,0,0,0.0,,,,deepseekv32maas
2026091222,rich_logistic,fixed_sequence,0.14285714285714285,,False,0,0,,1082,0,0,0.0,,,,deepseekv32maas
2026091222,rich_logistic,bonferroni,0.14285714285714285,,False,0,0,,1082,0,0,0.0,,,,deepseekv32maas
2026091222,rich_logistic,fixed_sequence,0.2,,False,0,0,,1082,0,0,0.0,,,,deepseekv32maas
2026091222,rich_logistic,bonferroni,0.2,,False,0,0,,1082,0,0,0.0,,,,deepseekv32maas
2026091222,rich_logistic,fixed_sequence,0.25,,False,0,0,,1082,0,0,0.0,,,,deepseekv32maas
2026091222,rich_logistic,bonferroni,0.25,,False,0,0,,1082,0,0,0.0,,,,deepseekv32maas
2026091222,rich_boost,fixed_sequence,0.1,,False,0,0,,1082,0,0,0.0,,,,deepseekv32maas
2026091222,rich_boost,bonferroni,0.1,,False,0,0,,1082,0,0,0.0,,,,deepseekv32maas
2026091222,rich_boost,fixed_sequence,0.14285714285714285,,False,0,0,,1082,0,0,0.0,,,,deepseekv32maas
2026091222,rich_boost,bonferroni,0.14285714285714285,,False,0,0,,1082,0,0,0.0,,,,deepseekv32maas
2026091222,rich_boost,fixed_sequence,0.2,,False,0,0,,1082,0,0,0.0,,,,deepseekv32maas
2026091222,rich_boost,bonferroni,0.2,,False,0,0,,1082,0,0,0.0,,,,deepseekv32maas
2026091222,rich_boost,fixed_sequence,0.25,,False,0,0,,1082,0,0,0.0,,,,deepseekv32maas
2026091222,rich_boost,bonferroni,0.25,,False,0,0,,1082,0,0,0.0,,,,deepseekv32maas
2026091223,raw_u,fixed_sequence,0.1,,False,0,0,,1082,0,0,0.0,,,,deepseekv32maas
2026091223,raw_u,bonferroni,0.1,,False,0,0,,1082,0,0,0.0,,,,deepseekv32maas
2026091223,raw_u,fixed_sequence,0.14285714285714285,,False,0,0,,1082,0,0,0.0,,,,deepseekv32maas
2026091223,raw_u,bonferroni,0.14285714285714285,,False,0,0,,1082,0,0,0.0,,,,deepseekv32maas
2026091223,raw_u,fixed_sequence,0.2,,False,0,0,,1082,0,0,0.0,,,,deepseekv32maas
2026091223,raw_u,bonferroni,0.2,,False,0,0,,1082,0,0,0.0,,,,deepseekv32maas
2026091223,raw_u,fixed_sequence,0.25,,False,0,0,,1082,0,0,0.0,,,,deepseekv32maas
2026091223,raw_u,bonferroni,0.25,,False,0,0,,1082,0,0,0.0,,,,deepseekv32maas
2026091223,u_boost,fixed_sequence,0.1,,False,0,0,,1082,0,0,0.0,,,,deepseekv32maas
2026091223,u_boost,bonferroni,0.1,,False,0,0,,1082,0,0,0.0,,,,deepseekv32maas
2026091223,u_boost,fixed_sequence,0.14285714285714285,,False,0,0,,1082,0,0,0.0,,,,deepseekv32maas
2026091223,u_boost,bonferroni,0.14285714285714285,,False,0,0,,1082,0,0,0.0,,,,deepseekv32maas
2026091223,u_boost,fixed_sequence,0.2,,False,0,0,,1082,0,0,0.0,,,,deepseekv32maas
2026091223,u_boost,bonferroni,0.2,,False,0,0,,1082,0,0,0.0,,,,deepseekv32maas
2026091223,u_boost,fixed_sequence,0.25,,False,0,0,,1082,0,0,0.0,,,,deepseekv32maas
2026091223,u_boost,bonferroni,0.25,,False,0,0,,1082,0,0,0.0,,,,deepseekv32maas
2026091223,rich_logistic,fixed_sequence,0.1,,False,0,0,,1082,0,0,0.0,,,,deepseekv32maas
2026091223,rich_logistic,bonferroni,0.1,,False,0,0,,1082,0,0,0.0,,,,deepseekv32maas
2026091223,rich_logistic,fixed_sequence,0.14285714285714285,,False,0,0,,1082,0,0,0.0,,,,deepseekv32maas
2026091223,rich_logistic,bonferroni,0.14285714285714285,,False,0,0,,1082,0,0,0.0,,,,deepseekv32maas
2026091223,rich_logistic,fixed_sequence,0.2,,False,0,0,,1082,0,0,0.0,,,,deepseekv32maas
2026091223,rich_logistic,bonferroni,0.2,,False,0,0,,1082,0,0,0.0,,,,deepseekv32maas
2026091223,rich_logistic,fixed_sequence,0.25,,False,0,0,,1082,0,0,0.0,,,,deepseekv32maas
2026091223,rich_logistic,bonferroni,0.25,,False,0,0,,1082,0,0,0.0,,,,deepseekv32maas
2026091223,rich_boost,fixed_sequence,0.1,,False,0,0,,1082,0,0,0.0,,,,deepseekv32maas
2026091223,rich_boost,bonferroni,0.1,,False,0,0,,1082,0,0,0.0,,,,deepseekv32maas
2026091223,rich_boost,fixed_sequence,0.14285714285714285,,False,0,0,,1082,0,0,0.0,,,,deepseekv32maas
2026091223,rich_boost,bonferroni,0.14285714285714285,,False,0,0,,1082,0,0,0.0,,,,deepseekv32maas
2026091223,rich_boost,fixed_sequence,0.2,,False,0,0,,1082,0,0,0.0,,,,deepseekv32maas
2026091223,rich_boost,bonferroni,0.2,,False,0,0,,1082,0,0,0.0,,,,deepseekv32maas
2026091223,rich_boost,fixed_sequence,0.25,,False,0,0,,1082,0,0,0.0,,,,deepseekv32maas
2026091223,rich_boost,bonferroni,0.25,,False,0,0,,1082,0,0,0.0,,,,deepseekv32maas
2026091224,raw_u,fixed_sequence,0.1,,False,0,0,,1082,0,0,0.0,,,,deepseekv32maas
2026091224,raw_u,bonferroni,0.1,,False,0,0,,1082,0,0,0.0,,,,deepseekv32maas
2026091224,raw_u,fixed_sequence,0.14285714285714285,,False,0,0,,1082,0,0,0.0,,,,deepseekv32maas
2026091224,raw_u,bonferroni,0.14285714285714285,,False,0,0,,1082,0,0,0.0,,,,deepseekv32maas
2026091224,raw_u,fixed_sequence,0.2,,False,0,0,,1082,0,0,0.0,,,,deepseekv32maas
2026091224,raw_u,bonferroni,0.2,,False,0,0,,1082,0,0,0.0,,,,deepseekv32maas
2026091224,raw_u,fixed_sequence,0.25,,False,0,0,,1082,0,0,0.0,,,,deepseekv32maas
2026091224,raw_u,bonferroni,0.25,,False,0,0,,1082,0,0,0.0,,,,deepseekv32maas
2026091224,u_boost,fixed_sequence,0.1,,False,0,0,,1082,0,0,0.0,,,,deepseekv32maas
2026091224,u_boost,bonferroni,0.1,,False,0,0,,1082,0,0,0.0,,,,deepseekv32maas
2026091224,u_boost,fixed_sequence,0.14285714285714285,,False,0,0,,1082,0,0,0.0,,,,deepseekv32maas
2026091224,u_boost,bonferroni,0.14285714285714285,,False,0,0,,1082,0,0,0.0,,,,deepseekv32maas
2026091224,u_boost,fixed_sequence,0.2,,False,0,0,,1082,0,0,0.0,,,,deepseekv32maas
2026091224,u_boost,bonferroni,0.2,,False,0,0,,1082,0,0,0.0,,,,deepseekv32maas
2026091224,u_boost,fixed_sequence,0.25,,False,0,0,,1082,0,0,0.0,,,,deepseekv32maas
2026091224,u_boost,bonferroni,0.25,,False,0,0,,1082,0,0,0.0,,,,deepseekv32maas
2026091224,rich_logistic,fixed_sequence,0.1,,False,0,0,,1082,0,0,0.0,,,,deepseekv32maas
2026091224,rich_logistic,bonferroni,0.1,,False,0,0,,1082,0,0,0.0,,,,deepseekv32maas
2026091224,rich_logistic,fixed_sequence,0.14285714285714285,,False,0,0,,1082,0,0,0.0,,,,deepseekv32maas
2026091224,rich_logistic,bonferroni,0.14285714285714285,,False,0,0,,1082,0,0,0.0,,,,deepseekv32maas
2026091224,rich_logistic,fixed_sequence,0.2,,False,0,0,,1082,0,0,0.0,,,,deepseekv32maas
2026091224,rich_logistic,bonferroni,0.2,,False,0,0,,1082,0,0,0.0,,,,deepseekv32maas
2026091224,rich_logistic,fixed_sequence,0.25,,False,0,0,,1082,0,0,0.0,,,,deepseekv32maas
2026091224,rich_logistic,bonferroni,0.25,,False,0,0,,1082,0,0,0.0,,,,deepseekv32maas
2026091224,rich_boost,fixed_sequence,0.1,,False,0,0,,1082,0,0,0.0,,,,deepseekv32maas
2026091224,rich_boost,bonferroni,0.1,,False,0,0,,1082,0,0,0.0,,,,deepseekv32maas
2026091224,rich_boost,fixed_sequence,0.14285714285714285,,False,0,0,,1082,0,0,0.0,,,,deepseekv32maas
2026091224,rich_boost,bonferroni,0.14285714285714285,,False,0,0,,1082,0,0,0.0,,,,deepseekv32maas
2026091224,rich_boost,fixed_sequence,0.2,,False,0,0,,1082,0,0,0.0,,,,deepseekv32maas
2026091224,rich_boost,bonferroni,0.2,,False,0,0,,1082,0,0,0.0,,,,deepseekv32maas
2026091224,rich_boost,fixed_sequence,0.25,,False,0,0,,1082,0,0,0.0,,,,deepseekv32maas
2026091224,rich_boost,bonferroni,0.25,,False,0,0,,1082,0,0,0.0,,,,deepseekv32maas
2026091225,raw_u,fixed_sequence,0.1,,False,0,0,,1082,0,0,0.0,,,,deepseekv32maas
2026091225,raw_u,bonferroni,0.1,,False,0,0,,1082,0,0,0.0,,,,deepseekv32maas
2026091225,raw_u,fixed_sequence,0.14285714285714285,,False,0,0,,1082,0,0,0.0,,,,deepseekv32maas
2026091225,raw_u,bonferroni,0.14285714285714285,,False,0,0,,1082,0,0,0.0,,,,deepseekv32maas
2026091225,raw_u,fixed_sequence,0.2,,False,0,0,,1082,0,0,0.0,,,,deepseekv32maas
2026091225,raw_u,bonferroni,0.2,,False,0,0,,1082,0,0,0.0,,,,deepseekv32maas
2026091225,raw_u,fixed_sequence,0.25,,False,0,0,,1082,0,0,0.0,,,,deepseekv32maas
2026091225,raw_u,bonferroni,0.25,,False,0,0,,1082,0,0,0.0,,,,deepseekv32maas
2026091225,u_boost,fixed_sequence,0.1,,False,0,0,,1082,0,0,0.0,,,,deepseekv32maas
2026091225,u_boost,bonferroni,0.1,,False,0,0,,1082,0,0,0.0,,,,deepseekv32maas
2026091225,u_boost,fixed_sequence,0.14285714285714285,,False,0,0,,1082,0,0,0.0,,,,deepseekv32maas
2026091225,u_boost,bonferroni,0.14285714285714285,,False,0,0,,1082,0,0,0.0,,,,deepseekv32maas
2026091225,u_boost,fixed_sequence,0.2,,False,0,0,,1082,0,0,0.0,,,,deepseekv32maas
2026091225,u_boost,bonferroni,0.2,,False,0,0,,1082,0,0,0.0,,,,deepseekv32maas
2026091225,u_boost,fixed_sequence,0.25,,False,0,0,,1082,0,0,0.0,,,,deepseekv32maas
2026091225,u_boost,bonferroni,0.25,,False,0,0,,1082,0,0,0.0,,,,deepseekv32maas
2026091225,rich_logistic,fixed_sequence,0.1,,False,0,0,,1082,0,0,0.0,,,,deepseekv32maas
2026091225,rich_logistic,bonferroni,0.1,,False,0,0,,1082,0,0,0.0,,,,deepseekv32maas
2026091225,rich_logistic,fixed_sequence,0.14285714285714285,,False,0,0,,1082,0,0,0.0,,,,deepseekv32maas
2026091225,rich_logistic,bonferroni,0.14285714285714285,,False,0,0,,1082,0,0,0.0,,,,deepseekv32maas
2026091225,rich_logistic,fixed_sequence,0.2,,False,0,0,,1082,0,0,0.0,,,,deepseekv32maas
2026091225,rich_logistic,bonferroni,0.2,,False,0,0,,1082,0,0,0.0,,,,deepseekv32maas
2026091225,rich_logistic,fixed_sequence,0.25,,False,0,0,,1082,0,0,0.0,,,,deepseekv32maas
2026091225,rich_logistic,bonferroni,0.25,,False,0,0,,1082,0,0,0.0,,,,deepseekv32maas
2026091225,rich_boost,fixed_sequence,0.1,,False,0,0,,1082,0,0,0.0,,,,deepseekv32maas
2026091225,rich_boost,bonferroni,0.1,,False,0,0,,1082,0,0,0.0,,,,deepseekv32maas
2026091225,rich_boost,fixed_sequence,0.14285714285714285,,False,0,0,,1082,0,0,0.0,,,,deepseekv32maas
2026091225,rich_boost,bonferroni,0.14285714285714285,,False,0,0,,1082,0,0,0.0,,,,deepseekv32maas
2026091225,rich_boost,fixed_sequence,0.2,,False,0,0,,1082,0,0,0.0,,,,deepseekv32maas
2026091225,rich_boost,bonferroni,0.2,,False,0,0,,1082,0,0,0.0,,,,deepseekv32maas
2026091225,rich_boost,fixed_sequence,0.25,,False,0,0,,1082,0,0,0.0,,,,deepseekv32maas
2026091225,rich_boost,bonferroni,0.25,,False,0,0,,1082,0,0,0.0,,,,deepseekv32maas
2026091226,raw_u,fixed_sequence,0.1,,False,0,0,,1082,0,0,0.0,,,,deepseekv32maas
2026091226,raw_u,bonferroni,0.1,,False,0,0,,1082,0,0,0.0,,,,deepseekv32maas
2026091226,raw_u,fixed_sequence,0.14285714285714285,,False,0,0,,1082,0,0,0.0,,,,deepseekv32maas
2026091226,raw_u,bonferroni,0.14285714285714285,,False,0,0,,1082,0,0,0.0,,,,deepseekv32maas
2026091226,raw_u,fixed_sequence,0.2,,False,0,0,,1082,0,0,0.0,,,,deepseekv32maas
2026091226,raw_u,bonferroni,0.2,,False,0,0,,1082,0,0,0.0,,,,deepseekv32maas
2026091226,raw_u,fixed_sequence,0.25,,False,0,0,,1082,0,0,0.0,,,,deepseekv32maas
2026091226,raw_u,bonferroni,0.25,,False,0,0,,1082,0,0,0.0,,,,deepseekv32maas
2026091226,u_boost,fixed_sequence,0.1,,False,0,0,,1082,0,0,0.0,,,,deepseekv32maas
2026091226,u_boost,bonferroni,0.1,,False,0,0,,1082,0,0,0.0,,,,deepseekv32maas
2026091226,u_boost,fixed_sequence,0.14285714285714285,,False,0,0,,1082,0,0,0.0,,,,deepseekv32maas
2026091226,u_boost,bonferroni,0.14285714285714285,,False,0,0,,1082,0,0,0.0,,,,deepseekv32maas
2026091226,u_boost,fixed_sequence,0.2,,False,0,0,,1082,0,0,0.0,,,,deepseekv32maas
2026091226,u_boost,bonferroni,0.2,,False,0,0,,1082,0,0,0.0,,,,deepseekv32maas
2026091226,u_boost,fixed_sequence,0.25,,False,0,0,,1082,0,0,0.0,,,,deepseekv32maas
2026091226,u_boost,bonferroni,0.25,,False,0,0,,1082,0,0,0.0,,,,deepseekv32maas
2026091226,rich_logistic,fixed_sequence,0.1,,False,0,0,,1082,0,0,0.0,,,,deepseekv32maas
2026091226,rich_logistic,bonferroni,0.1,,False,0,0,,1082,0,0,0.0,,,,deepseekv32maas
2026091226,rich_logistic,fixed_sequence,0.14285714285714285,,False,0,0,,1082,0,0,0.0,,,,deepseekv32maas
2026091226,rich_logistic,bonferroni,0.14285714285714285,,False,0,0,,1082,0,0,0.0,,,,deepseekv32maas
2026091226,rich_logistic,fixed_sequence,0.2,,False,0,0,,1082,0,0,0.0,,,,deepseekv32maas
2026091226,rich_logistic,bonferroni,0.2,,False,0,0,,1082,0,0,0.0,,,,deepseekv32maas
2026091226,rich_logistic,fixed_sequence,0.25,,False,0,0,,1082,0,0,0.0,,,,deepseekv32maas
2026091226,rich_logistic,bonferroni,0.25,,False,0,0,,1082,0,0,0.0,,,,deepseekv32maas
2026091226,rich_boost,fixed_sequence,0.1,,False,0,0,,1082,0,0,0.0,,,,deepseekv32maas
2026091226,rich_boost,bonferroni,0.1,,False,0,0,,1082,0,0,0.0,,,,deepseekv32maas
2026091226,rich_boost,fixed_sequence,0.14285714285714285,,False,0,0,,1082,0,0,0.0,,,,deepseekv32maas
2026091226,rich_boost,bonferroni,0.14285714285714285,,False,0,0,,1082,0,0,0.0,,,,deepseekv32maas
2026091226,rich_boost,fixed_sequence,0.2,,False,0,0,,1082,0,0,0.0,,,,deepseekv32maas
2026091226,rich_boost,bonferroni,0.2,,False,0,0,,1082,0,0,0.0,,,,deepseekv32maas
2026091226,rich_boost,fixed_sequence,0.25,,False,0,0,,1082,0,0,0.0,,,,deepseekv32maas
2026091226,rich_boost,bonferroni,0.25,,False,0,0,,1082,0,0,0.0,,,,deepseekv32maas
2026091227,raw_u,fixed_sequence,0.1,,False,0,0,,1082,0,0,0.0,,,,deepseekv32maas
2026091227,raw_u,bonferroni,0.1,,False,0,0,,1082,0,0,0.0,,,,deepseekv32maas
2026091227,raw_u,fixed_sequence,0.14285714285714285,,False,0,0,,1082,0,0,0.0,,,,deepseekv32maas
2026091227,raw_u,bonferroni,0.14285714285714285,,False,0,0,,1082,0,0,0.0,,,,deepseekv32maas
2026091227,raw_u,fixed_sequence,0.2,,False,0,0,,1082,0,0,0.0,,,,deepseekv32maas
2026091227,raw_u,bonferroni,0.2,,False,0,0,,1082,0,0,0.0,,,,deepseekv32maas
2026091227,raw_u,fixed_sequence,0.25,,False,0,0,,1082,0,0,0.0,,,,deepseekv32maas
2026091227,raw_u,bonferroni,0.25,,False,0,0,,1082,0,0,0.0,,,,deepseekv32maas
2026091227,u_boost,fixed_sequence,0.1,,False,0,0,,1082,0,0,0.0,,,,deepseekv32maas
2026091227,u_boost,bonferroni,0.1,,False,0,0,,1082,0,0,0.0,,,,deepseekv32maas
2026091227,u_boost,fixed_sequence,0.14285714285714285,,False,0,0,,1082,0,0,0.0,,,,deepseekv32maas
2026091227,u_boost,bonferroni,0.14285714285714285,,False,0,0,,1082,0,0,0.0,,,,deepseekv32maas
2026091227,u_boost,fixed_sequence,0.2,,False,0,0,,1082,0,0,0.0,,,,deepseekv32maas
2026091227,u_boost,bonferroni,0.2,,False,0,0,,1082,0,0,0.0,,,,deepseekv32maas
2026091227,u_boost,fixed_sequence,0.25,,False,0,0,,1082,0,0,0.0,,,,deepseekv32maas
2026091227,u_boost,bonferroni,0.25,,False,0,0,,1082,0,0,0.0,,,,deepseekv32maas
2026091227,rich_logistic,fixed_sequence,0.1,,False,0,0,,1082,0,0,0.0,,,,deepseekv32maas
2026091227,rich_logistic,bonferroni,0.1,,False,0,0,,1082,0,0,0.0,,,,deepseekv32maas
2026091227,rich_logistic,fixed_sequence,0.14285714285714285,,False,0,0,,1082,0,0,0.0,,,,deepseekv32maas
2026091227,rich_logistic,bonferroni,0.14285714285714285,,False,0,0,,1082,0,0,0.0,,,,deepseekv32maas
2026091227,rich_logistic,fixed_sequence,0.2,,False,0,0,,1082,0,0,0.0,,,,deepseekv32maas
2026091227,rich_logistic,bonferroni,0.2,,False,0,0,,1082,0,0,0.0,,,,deepseekv32maas
2026091227,rich_logistic,fixed_sequence,0.25,,False,0,0,,1082,0,0,0.0,,,,deepseekv32maas
2026091227,rich_logistic,bonferroni,0.25,,False,0,0,,1082,0,0,0.0,,,,deepseekv32maas
2026091227,rich_boost,fixed_sequence,0.1,,False,0,0,,1082,0,0,0.0,,,,deepseekv32maas
2026091227,rich_boost,bonferroni,0.1,,False,0,0,,1082,0,0,0.0,,,,deepseekv32maas
2026091227,rich_boost,fixed_sequence,0.14285714285714285,,False,0,0,,1082,0,0,0.0,,,,deepseekv32maas
2026091227,rich_boost,bonferroni,0.14285714285714285,,False,0,0,,1082,0,0,0.0,,,,deepseekv32maas
2026091227,rich_boost,fixed_sequence,0.2,,False,0,0,,1082,0,0,0.0,,,,deepseekv32maas
2026091227,rich_boost,bonferroni,0.2,,False,0,0,,1082,0,0,0.0,,,,deepseekv32maas
2026091227,rich_boost,fixed_sequence,0.25,,False,0,0,,1082,0,0,0.0,,,,deepseekv32maas
2026091227,rich_boost,bonferroni,0.25,,False,0,0,,1082,0,0,0.0,,,,deepseekv32maas
2026091228,raw_u,fixed_sequence,0.1,,False,0,0,,1082,0,0,0.0,,,,deepseekv32maas
2026091228,raw_u,bonferroni,0.1,,False,0,0,,1082,0,0,0.0,,,,deepseekv32maas
2026091228,raw_u,fixed_sequence,0.14285714285714285,,False,0,0,,1082,0,0,0.0,,,,deepseekv32maas
2026091228,raw_u,bonferroni,0.14285714285714285,,False,0,0,,1082,0,0,0.0,,,,deepseekv32maas
2026091228,raw_u,fixed_sequence,0.2,,False,0,0,,1082,0,0,0.0,,,,deepseekv32maas
2026091228,raw_u,bonferroni,0.2,,False,0,0,,1082,0,0,0.0,,,,deepseekv32maas
2026091228,raw_u,fixed_sequence,0.25,,False,0,0,,1082,0,0,0.0,,,,deepseekv32maas
2026091228,raw_u,bonferroni,0.25,,False,0,0,,1082,0,0,0.0,,,,deepseekv32maas
2026091228,u_boost,fixed_sequence,0.1,,False,0,0,,1082,0,0,0.0,,,,deepseekv32maas
2026091228,u_boost,bonferroni,0.1,,False,0,0,,1082,0,0,0.0,,,,deepseekv32maas
2026091228,u_boost,fixed_sequence,0.14285714285714285,,False,0,0,,1082,0,0,0.0,,,,deepseekv32maas
2026091228,u_boost,bonferroni,0.14285714285714285,,False,0,0,,1082,0,0,0.0,,,,deepseekv32maas
2026091228,u_boost,fixed_sequence,0.2,,False,0,0,,1082,0,0,0.0,,,,deepseekv32maas
2026091228,u_boost,bonferroni,0.2,,False,0,0,,1082,0,0,0.0,,,,deepseekv32maas
2026091228,u_boost,fixed_sequence,0.25,,False,0,0,,1082,0,0,0.0,,,,deepseekv32maas
2026091228,u_boost,bonferroni,0.25,,False,0,0,,1082,0,0,0.0,,,,deepseekv32maas
2026091228,rich_logistic,fixed_sequence,0.1,,False,0,0,,1082,0,0,0.0,,,,deepseekv32maas
2026091228,rich_logistic,bonferroni,0.1,,False,0,0,,1082,0,0,0.0,,,,deepseekv32maas
2026091228,rich_logistic,fixed_sequence,0.14285714285714285,,False,0,0,,1082,0,0,0.0,,,,deepseekv32maas
2026091228,rich_logistic,bonferroni,0.14285714285714285,,False,0,0,,1082,0,0,0.0,,,,deepseekv32maas
2026091228,rich_logistic,fixed_sequence,0.2,,False,0,0,,1082,0,0,0.0,,,,deepseekv32maas
2026091228,rich_logistic,bonferroni,0.2,,False,0,0,,1082,0,0,0.0,,,,deepseekv32maas
2026091228,rich_logistic,fixed_sequence,0.25,,False,0,0,,1082,0,0,0.0,,,,deepseekv32maas
2026091228,rich_logistic,bonferroni,0.25,,False,0,0,,1082,0,0,0.0,,,,deepseekv32maas
2026091228,rich_boost,fixed_sequence,0.1,,False,0,0,,1082,0,0,0.0,,,,deepseekv32maas
2026091228,rich_boost,bonferroni,0.1,,False,0,0,,1082,0,0,0.0,,,,deepseekv32maas
2026091228,rich_boost,fixed_sequence,0.14285714285714285,,False,0,0,,1082,0,0,0.0,,,,deepseekv32maas
2026091228,rich_boost,bonferroni,0.14285714285714285,,False,0,0,,1082,0,0,0.0,,,,deepseekv32maas
2026091228,rich_boost,fixed_sequence,0.2,,False,0,0,,1082,0,0,0.0,,,,deepseekv32maas
2026091228,rich_boost,bonferroni,0.2,,False,0,0,,1082,0,0,0.0,,,,deepseekv32maas
2026091228,rich_boost,fixed_sequence,0.25,,False,0,0,,1082,0,0,0.0,,,,deepseekv32maas
2026091228,rich_boost,bonferroni,0.25,,False,0,0,,1082,0,0,0.0,,,,deepseekv32maas
2026091229,raw_u,fixed_sequence,0.1,,False,0,0,,1082,0,0,0.0,,,,deepseekv32maas
2026091229,raw_u,bonferroni,0.1,,False,0,0,,1082,0,0,0.0,,,,deepseekv32maas
2026091229,raw_u,fixed_sequence,0.14285714285714285,,False,0,0,,1082,0,0,0.0,,,,deepseekv32maas
2026091229,raw_u,bonferroni,0.14285714285714285,,False,0,0,,1082,0,0,0.0,,,,deepseekv32maas
2026091229,raw_u,fixed_sequence,0.2,,False,0,0,,1082,0,0,0.0,,,,deepseekv32maas
2026091229,raw_u,bonferroni,0.2,,False,0,0,,1082,0,0,0.0,,,,deepseekv32maas
2026091229,raw_u,fixed_sequence,0.25,,False,0,0,,1082,0,0,0.0,,,,deepseekv32maas
2026091229,raw_u,bonferroni,0.25,,False,0,0,,1082,0,0,0.0,,,,deepseekv32maas
2026091229,u_boost,fixed_sequence,0.1,,False,0,0,,1082,0,0,0.0,,,,deepseekv32maas
2026091229,u_boost,bonferroni,0.1,,False,0,0,,1082,0,0,0.0,,,,deepseekv32maas
2026091229,u_boost,fixed_sequence,0.14285714285714285,,False,0,0,,1082,0,0,0.0,,,,deepseekv32maas
2026091229,u_boost,bonferroni,0.14285714285714285,,False,0,0,,1082,0,0,0.0,,,,deepseekv32maas
2026091229,u_boost,fixed_sequence,0.2,,False,0,0,,1082,0,0,0.0,,,,deepseekv32maas
2026091229,u_boost,bonferroni,0.2,,False,0,0,,1082,0,0,0.0,,,,deepseekv32maas
2026091229,u_boost,fixed_sequence,0.25,,False,0,0,,1082,0,0,0.0,,,,deepseekv32maas
2026091229,u_boost,bonferroni,0.25,,False,0,0,,1082,0,0,0.0,,,,deepseekv32maas
2026091229,rich_logistic,fixed_sequence,0.1,,False,0,0,,1082,0,0,0.0,,,,deepseekv32maas
2026091229,rich_logistic,bonferroni,0.1,,False,0,0,,1082,0,0,0.0,,,,deepseekv32maas
2026091229,rich_logistic,fixed_sequence,0.14285714285714285,,False,0,0,,1082,0,0,0.0,,,,deepseekv32maas
2026091229,rich_logistic,bonferroni,0.14285714285714285,,False,0,0,,1082,0,0,0.0,,,,deepseekv32maas
2026091229,rich_logistic,fixed_sequence,0.2,,False,0,0,,1082,0,0,0.0,,,,deepseekv32maas
2026091229,rich_logistic,bonferroni,0.2,,False,0,0,,1082,0,0,0.0,,,,deepseekv32maas
2026091229,rich_logistic,fixed_sequence,0.25,,False,0,0,,1082,0,0,0.0,,,,deepseekv32maas
2026091229,rich_logistic,bonferroni,0.25,,False,0,0,,1082,0,0,0.0,,,,deepseekv32maas
2026091229,rich_boost,fixed_sequence,0.1,,False,0,0,,1082,0,0,0.0,,,,deepseekv32maas
2026091229,rich_boost,bonferroni,0.1,,False,0,0,,1082,0,0,0.0,,,,deepseekv32maas
2026091229,rich_boost,fixed_sequence,0.14285714285714285,,False,0,0,,1082,0,0,0.0,,,,deepseekv32maas
2026091229,rich_boost,bonferroni,0.14285714285714285,,False,0,0,,1082,0,0,0.0,,,,deepseekv32maas
2026091229,rich_boost,fixed_sequence,0.2,,False,0,0,,1082,0,0,0.0,,,,deepseekv32maas
2026091229,rich_boost,bonferroni,0.2,,False,0,0,,1082,0,0,0.0,,,,deepseekv32maas
2026091229,rich_boost,fixed_sequence,0.25,,False,0,0,,1082,0,0,0.0,,,,deepseekv32maas
2026091229,rich_boost,bonferroni,0.25,,False,0,0,,1082,0,0,0.0,,,,deepseekv32maas
2026091230,raw_u,fixed_sequence,0.1,,False,0,0,,1082,0,0,0.0,,,,deepseekv32maas
2026091230,raw_u,bonferroni,0.1,,False,0,0,,1082,0,0,0.0,,,,deepseekv32maas
2026091230,raw_u,fixed_sequence,0.14285714285714285,,False,0,0,,1082,0,0,0.0,,,,deepseekv32maas
2026091230,raw_u,bonferroni,0.14285714285714285,,False,0,0,,1082,0,0,0.0,,,,deepseekv32maas
2026091230,raw_u,fixed_sequence,0.2,,False,0,0,,1082,0,0,0.0,,,,deepseekv32maas
2026091230,raw_u,bonferroni,0.2,,False,0,0,,1082,0,0,0.0,,,,deepseekv32maas
2026091230,raw_u,fixed_sequence,0.25,,False,0,0,,1082,0,0,0.0,,,,deepseekv32maas
2026091230,raw_u,bonferroni,0.25,,False,0,0,,1082,0,0,0.0,,,,deepseekv32maas
2026091230,u_boost,fixed_sequence,0.1,,False,0,0,,1082,0,0,0.0,,,,deepseekv32maas
2026091230,u_boost,bonferroni,0.1,,False,0,0,,1082,0,0,0.0,,,,deepseekv32maas
2026091230,u_boost,fixed_sequence,0.14285714285714285,,False,0,0,,1082,0,0,0.0,,,,deepseekv32maas
2026091230,u_boost,bonferroni,0.14285714285714285,,False,0,0,,1082,0,0,0.0,,,,deepseekv32maas
2026091230,u_boost,fixed_sequence,0.2,,False,0,0,,1082,0,0,0.0,,,,deepseekv32maas
2026091230,u_boost,bonferroni,0.2,,False,0,0,,1082,0,0,0.0,,,,deepseekv32maas
2026091230,u_boost,fixed_sequence,0.25,,False,0,0,,1082,0,0,0.0,,,,deepseekv32maas
2026091230,u_boost,bonferroni,0.25,,False,0,0,,1082,0,0,0.0,,,,deepseekv32maas
2026091230,rich_logistic,fixed_sequence,0.1,,False,0,0,,1082,0,0,0.0,,,,deepseekv32maas
2026091230,rich_logistic,bonferroni,0.1,,False,0,0,,1082,0,0,0.0,,,,deepseekv32maas
2026091230,rich_logistic,fixed_sequence,0.14285714285714285,,False,0,0,,1082,0,0,0.0,,,,deepseekv32maas
2026091230,rich_logistic,bonferroni,0.14285714285714285,,False,0,0,,1082,0,0,0.0,,,,deepseekv32maas
2026091230,rich_logistic,fixed_sequence,0.2,,False,0,0,,1082,0,0,0.0,,,,deepseekv32maas
2026091230,rich_logistic,bonferroni,0.2,,False,0,0,,1082,0,0,0.0,,,,deepseekv32maas
2026091230,rich_logistic,fixed_sequence,0.25,,False,0,0,,1082,0,0,0.0,,,,deepseekv32maas
2026091230,rich_logistic,bonferroni,0.25,,False,0,0,,1082,0,0,0.0,,,,deepseekv32maas
2026091230,rich_boost,fixed_sequence,0.1,,False,0,0,,1082,0,0,0.0,,,,deepseekv32maas
2026091230,rich_boost,bonferroni,0.1,,False,0,0,,1082,0,0,0.0,,,,deepseekv32maas
2026091230,rich_boost,fixed_sequence,0.14285714285714285,,False,0,0,,1082,0,0,0.0,,,,deepseekv32maas
2026091230,rich_boost,bonferroni,0.14285714285714285,,False,0,0,,1082,0,0,0.0,,,,deepseekv32maas
2026091230,rich_boost,fixed_sequence,0.2,,False,0,0,,1082,0,0,0.0,,,,deepseekv32maas
2026091230,rich_boost,bonferroni,0.2,,False,0,0,,1082,0,0,0.0,,,,deepseekv32maas
2026091230,rich_boost,fixed_sequence,0.25,,False,0,0,,1082,0,0,0.0,,,,deepseekv32maas
2026091230,rich_boost,bonferroni,0.25,,False,0,0,,1082,0,0,0.0,,,,deepseekv32maas
2026091231,raw_u,fixed_sequence,0.1,,False,0,0,,1082,0,0,0.0,,,,deepseekv32maas
2026091231,raw_u,bonferroni,0.1,,False,0,0,,1082,0,0,0.0,,,,deepseekv32maas
2026091231,raw_u,fixed_sequence,0.14285714285714285,,False,0,0,,1082,0,0,0.0,,,,deepseekv32maas
2026091231,raw_u,bonferroni,0.14285714285714285,,False,0,0,,1082,0,0,0.0,,,,deepseekv32maas
2026091231,raw_u,fixed_sequence,0.2,,False,0,0,,1082,0,0,0.0,,,,deepseekv32maas
2026091231,raw_u,bonferroni,0.2,,False,0,0,,1082,0,0,0.0,,,,deepseekv32maas
2026091231,raw_u,fixed_sequence,0.25,,False,0,0,,1082,0,0,0.0,,,,deepseekv32maas
2026091231,raw_u,bonferroni,0.25,,False,0,0,,1082,0,0,0.0,,,,deepseekv32maas
2026091231,u_boost,fixed_sequence,0.1,,False,0,0,,1082,0,0,0.0,,,,deepseekv32maas
2026091231,u_boost,bonferroni,0.1,,False,0,0,,1082,0,0,0.0,,,,deepseekv32maas
2026091231,u_boost,fixed_sequence,0.14285714285714285,,False,0,0,,1082,0,0,0.0,,,,deepseekv32maas
2026091231,u_boost,bonferroni,0.14285714285714285,,False,0,0,,1082,0,0,0.0,,,,deepseekv32maas
2026091231,u_boost,fixed_sequence,0.2,,False,0,0,,1082,0,0,0.0,,,,deepseekv32maas
2026091231,u_boost,bonferroni,0.2,,False,0,0,,1082,0,0,0.0,,,,deepseekv32maas
2026091231,u_boost,fixed_sequence,0.25,,False,0,0,,1082,0,0,0.0,,,,deepseekv32maas
2026091231,u_boost,bonferroni,0.25,,False,0,0,,1082,0,0,0.0,,,,deepseekv32maas
2026091231,rich_logistic,fixed_sequence,0.1,,False,0,0,,1082,0,0,0.0,,,,deepseekv32maas
2026091231,rich_logistic,bonferroni,0.1,,False,0,0,,1082,0,0,0.0,,,,deepseekv32maas
2026091231,rich_logistic,fixed_sequence,0.14285714285714285,,False,0,0,,1082,0,0,0.0,,,,deepseekv32maas
2026091231,rich_logistic,bonferroni,0.14285714285714285,,False,0,0,,1082,0,0,0.0,,,,deepseekv32maas
2026091231,rich_logistic,fixed_sequence,0.2,,False,0,0,,1082,0,0,0.0,,,,deepseekv32maas
2026091231,rich_logistic,bonferroni,0.2,,False,0,0,,1082,0,0,0.0,,,,deepseekv32maas
2026091231,rich_logistic,fixed_sequence,0.25,,False,0,0,,1082,0,0,0.0,,,,deepseekv32maas
2026091231,rich_logistic,bonferroni,0.25,,False,0,0,,1082,0,0,0.0,,,,deepseekv32maas
2026091231,rich_boost,fixed_sequence,0.1,,False,0,0,,1082,0,0,0.0,,,,deepseekv32maas
2026091231,rich_boost,bonferroni,0.1,,False,0,0,,1082,0,0,0.0,,,,deepseekv32maas
2026091231,rich_boost,fixed_sequence,0.14285714285714285,,False,0,0,,1082,0,0,0.0,,,,deepseekv32maas
2026091231,rich_boost,bonferroni,0.14285714285714285,,False,0,0,,1082,0,0,0.0,,,,deepseekv32maas
2026091231,rich_boost,fixed_sequence,0.2,,False,0,0,,1082,0,0,0.0,,,,deepseekv32maas
2026091231,rich_boost,bonferroni,0.2,,False,0,0,,1082,0,0,0.0,,,,deepseekv32maas
2026091231,rich_boost,fixed_sequence,0.25,,False,0,0,,1082,0,0,0.0,,,,deepseekv32maas
2026091231,rich_boost,bonferroni,0.25,,False,0,0,,1082,0,0,0.0,,,,deepseekv32maas
2026091232,raw_u,fixed_sequence,0.1,,False,0,0,,1082,0,0,0.0,,,,deepseekv32maas
2026091232,raw_u,bonferroni,0.1,,False,0,0,,1082,0,0,0.0,,,,deepseekv32maas
2026091232,raw_u,fixed_sequence,0.14285714285714285,,False,0,0,,1082,0,0,0.0,,,,deepseekv32maas
2026091232,raw_u,bonferroni,0.14285714285714285,,False,0,0,,1082,0,0,0.0,,,,deepseekv32maas
2026091232,raw_u,fixed_sequence,0.2,,False,0,0,,1082,0,0,0.0,,,,deepseekv32maas
2026091232,raw_u,bonferroni,0.2,,False,0,0,,1082,0,0,0.0,,,,deepseekv32maas
2026091232,raw_u,fixed_sequence,0.25,,False,0,0,,1082,0,0,0.0,,,,deepseekv32maas
2026091232,raw_u,bonferroni,0.25,,False,0,0,,1082,0,0,0.0,,,,deepseekv32maas
2026091232,u_boost,fixed_sequence,0.1,,False,0,0,,1082,0,0,0.0,,,,deepseekv32maas
2026091232,u_boost,bonferroni,0.1,,False,0,0,,1082,0,0,0.0,,,,deepseekv32maas
2026091232,u_boost,fixed_sequence,0.14285714285714285,,False,0,0,,1082,0,0,0.0,,,,deepseekv32maas
2026091232,u_boost,bonferroni,0.14285714285714285,,False,0,0,,1082,0,0,0.0,,,,deepseekv32maas
2026091232,u_boost,fixed_sequence,0.2,,False,0,0,,1082,0,0,0.0,,,,deepseekv32maas
2026091232,u_boost,bonferroni,0.2,,False,0,0,,1082,0,0,0.0,,,,deepseekv32maas
2026091232,u_boost,fixed_sequence,0.25,,False,0,0,,1082,0,0,0.0,,,,deepseekv32maas
2026091232,u_boost,bonferroni,0.25,,False,0,0,,1082,0,0,0.0,,,,deepseekv32maas
2026091232,rich_logistic,fixed_sequence,0.1,,False,0,0,,1082,0,0,0.0,,,,deepseekv32maas
2026091232,rich_logistic,bonferroni,0.1,,False,0,0,,1082,0,0,0.0,,,,deepseekv32maas
2026091232,rich_logistic,fixed_sequence,0.14285714285714285,,False,0,0,,1082,0,0,0.0,,,,deepseekv32maas
2026091232,rich_logistic,bonferroni,0.14285714285714285,,False,0,0,,1082,0,0,0.0,,,,deepseekv32maas
2026091232,rich_logistic,fixed_sequence,0.2,,False,0,0,,1082,0,0,0.0,,,,deepseekv32maas
2026091232,rich_logistic,bonferroni,0.2,,False,0,0,,1082,0,0,0.0,,,,deepseekv32maas
2026091232,rich_logistic,fixed_sequence,0.25,,False,0,0,,1082,0,0,0.0,,,,deepseekv32maas
2026091232,rich_logistic,bonferroni,0.25,,False,0,0,,1082,0,0,0.0,,,,deepseekv32maas
2026091232,rich_boost,fixed_sequence,0.1,,False,0,0,,1082,0,0,0.0,,,,deepseekv32maas
2026091232,rich_boost,bonferroni,0.1,,False,0,0,,1082,0,0,0.0,,,,deepseekv32maas
2026091232,rich_boost,fixed_sequence,0.14285714285714285,,False,0,0,,1082,0,0,0.0,,,,deepseekv32maas
2026091232,rich_boost,bonferroni,0.14285714285714285,,False,0,0,,1082,0,0,0.0,,,,deepseekv32maas
2026091232,rich_boost,fixed_sequence,0.2,,False,0,0,,1082,0,0,0.0,,,,deepseekv32maas
2026091232,rich_boost,bonferroni,0.2,,False,0,0,,1082,0,0,0.0,,,,deepseekv32maas
2026091232,rich_boost,fixed_sequence,0.25,,False,0,0,,1082,0,0,0.0,,,,deepseekv32maas
2026091232,rich_boost,bonferroni,0.25,,False,0,0,,1082,0,0,0.0,,,,deepseekv32maas
2026091233,raw_u,fixed_sequence,0.1,,False,0,0,,1082,0,0,0.0,,,,deepseekv32maas
2026091233,raw_u,bonferroni,0.1,,False,0,0,,1082,0,0,0.0,,,,deepseekv32maas
2026091233,raw_u,fixed_sequence,0.14285714285714285,,False,0,0,,1082,0,0,0.0,,,,deepseekv32maas
2026091233,raw_u,bonferroni,0.14285714285714285,,False,0,0,,1082,0,0,0.0,,,,deepseekv32maas
2026091233,raw_u,fixed_sequence,0.2,,False,0,0,,1082,0,0,0.0,,,,deepseekv32maas
2026091233,raw_u,bonferroni,0.2,,False,0,0,,1082,0,0,0.0,,,,deepseekv32maas
2026091233,raw_u,fixed_sequence,0.25,,False,0,0,,1082,0,0,0.0,,,,deepseekv32maas
2026091233,raw_u,bonferroni,0.25,,False,0,0,,1082,0,0,0.0,,,,deepseekv32maas
2026091233,u_boost,fixed_sequence,0.1,,False,0,0,,1082,0,0,0.0,,,,deepseekv32maas
2026091233,u_boost,bonferroni,0.1,,False,0,0,,1082,0,0,0.0,,,,deepseekv32maas
2026091233,u_boost,fixed_sequence,0.14285714285714285,,False,0,0,,1082,0,0,0.0,,,,deepseekv32maas
2026091233,u_boost,bonferroni,0.14285714285714285,,False,0,0,,1082,0,0,0.0,,,,deepseekv32maas
2026091233,u_boost,fixed_sequence,0.2,,False,0,0,,1082,0,0,0.0,,,,deepseekv32maas
2026091233,u_boost,bonferroni,0.2,,False,0,0,,1082,0,0,0.0,,,,deepseekv32maas
2026091233,u_boost,fixed_sequence,0.25,,False,0,0,,1082,0,0,0.0,,,,deepseekv32maas
2026091233,u_boost,bonferroni,0.25,,False,0,0,,1082,0,0,0.0,,,,deepseekv32maas
2026091233,rich_logistic,fixed_sequence,0.1,,False,0,0,,1082,0,0,0.0,,,,deepseekv32maas
2026091233,rich_logistic,bonferroni,0.1,,False,0,0,,1082,0,0,0.0,,,,deepseekv32maas
2026091233,rich_logistic,fixed_sequence,0.14285714285714285,,False,0,0,,1082,0,0,0.0,,,,deepseekv32maas
2026091233,rich_logistic,bonferroni,0.14285714285714285,,False,0,0,,1082,0,0,0.0,,,,deepseekv32maas
2026091233,rich_logistic,fixed_sequence,0.2,,False,0,0,,1082,0,0,0.0,,,,deepseekv32maas
2026091233,rich_logistic,bonferroni,0.2,,False,0,0,,1082,0,0,0.0,,,,deepseekv32maas
2026091233,rich_logistic,fixed_sequence,0.25,,False,0,0,,1082,0,0,0.0,,,,deepseekv32maas
2026091233,rich_logistic,bonferroni,0.25,,False,0,0,,1082,0,0,0.0,,,,deepseekv32maas
2026091233,rich_boost,fixed_sequence,0.1,,False,0,0,,1082,0,0,0.0,,,,deepseekv32maas
2026091233,rich_boost,bonferroni,0.1,,False,0,0,,1082,0,0,0.0,,,,deepseekv32maas
2026091233,rich_boost,fixed_sequence,0.14285714285714285,,False,0,0,,1082,0,0,0.0,,,,deepseekv32maas
2026091233,rich_boost,bonferroni,0.14285714285714285,,False,0,0,,1082,0,0,0.0,,,,deepseekv32maas
2026091233,rich_boost,fixed_sequence,0.2,,False,0,0,,1082,0,0,0.0,,,,deepseekv32maas
2026091233,rich_boost,bonferroni,0.2,,False,0,0,,1082,0,0,0.0,,,,deepseekv32maas
2026091233,rich_boost,fixed_sequence,0.25,,False,0,0,,1082,0,0,0.0,,,,deepseekv32maas
2026091233,rich_boost,bonferroni,0.25,,False,0,0,,1082,0,0,0.0,,,,deepseekv32maas
2026091234,raw_u,fixed_sequence,0.1,,False,0,0,,1082,0,0,0.0,,,,deepseekv32maas
2026091234,raw_u,bonferroni,0.1,,False,0,0,,1082,0,0,0.0,,,,deepseekv32maas
2026091234,raw_u,fixed_sequence,0.14285714285714285,,False,0,0,,1082,0,0,0.0,,,,deepseekv32maas
2026091234,raw_u,bonferroni,0.14285714285714285,,False,0,0,,1082,0,0,0.0,,,,deepseekv32maas
2026091234,raw_u,fixed_sequence,0.2,,False,0,0,,1082,0,0,0.0,,,,deepseekv32maas
2026091234,raw_u,bonferroni,0.2,,False,0,0,,1082,0,0,0.0,,,,deepseekv32maas
2026091234,raw_u,fixed_sequence,0.25,,False,0,0,,1082,0,0,0.0,,,,deepseekv32maas
2026091234,raw_u,bonferroni,0.25,,False,0,0,,1082,0,0,0.0,,,,deepseekv32maas
2026091234,u_boost,fixed_sequence,0.1,,False,0,0,,1082,0,0,0.0,,,,deepseekv32maas
2026091234,u_boost,bonferroni,0.1,,False,0,0,,1082,0,0,0.0,,,,deepseekv32maas
2026091234,u_boost,fixed_sequence,0.14285714285714285,,False,0,0,,1082,0,0,0.0,,,,deepseekv32maas
2026091234,u_boost,bonferroni,0.14285714285714285,,False,0,0,,1082,0,0,0.0,,,,deepseekv32maas
2026091234,u_boost,fixed_sequence,0.2,,False,0,0,,1082,0,0,0.0,,,,deepseekv32maas
2026091234,u_boost,bonferroni,0.2,,False,0,0,,1082,0,0,0.0,,,,deepseekv32maas
2026091234,u_boost,fixed_sequence,0.25,,False,0,0,,1082,0,0,0.0,,,,deepseekv32maas
2026091234,u_boost,bonferroni,0.25,,False,0,0,,1082,0,0,0.0,,,,deepseekv32maas
2026091234,rich_logistic,fixed_sequence,0.1,,False,0,0,,1082,0,0,0.0,,,,deepseekv32maas
2026091234,rich_logistic,bonferroni,0.1,,False,0,0,,1082,0,0,0.0,,,,deepseekv32maas
2026091234,rich_logistic,fixed_sequence,0.14285714285714285,,False,0,0,,1082,0,0,0.0,,,,deepseekv32maas
2026091234,rich_logistic,bonferroni,0.14285714285714285,,False,0,0,,1082,0,0,0.0,,,,deepseekv32maas
2026091234,rich_logistic,fixed_sequence,0.2,,False,0,0,,1082,0,0,0.0,,,,deepseekv32maas
2026091234,rich_logistic,bonferroni,0.2,,False,0,0,,1082,0,0,0.0,,,,deepseekv32maas
2026091234,rich_logistic,fixed_sequence,0.25,,False,0,0,,1082,0,0,0.0,,,,deepseekv32maas
2026091234,rich_logistic,bonferroni,0.25,,False,0,0,,1082,0,0,0.0,,,,deepseekv32maas
2026091234,rich_boost,fixed_sequence,0.1,,False,0,0,,1082,0,0,0.0,,,,deepseekv32maas
2026091234,rich_boost,bonferroni,0.1,,False,0,0,,1082,0,0,0.0,,,,deepseekv32maas
2026091234,rich_boost,fixed_sequence,0.14285714285714285,,False,0,0,,1082,0,0,0.0,,,,deepseekv32maas
2026091234,rich_boost,bonferroni,0.14285714285714285,,False,0,0,,1082,0,0,0.0,,,,deepseekv32maas
2026091234,rich_boost,fixed_sequence,0.2,,False,0,0,,1082,0,0,0.0,,,,deepseekv32maas
2026091234,rich_boost,bonferroni,0.2,,False,0,0,,1082,0,0,0.0,,,,deepseekv32maas
2026091234,rich_boost,fixed_sequence,0.25,,False,0,0,,1082,0,0,0.0,,,,deepseekv32maas
2026091234,rich_boost,bonferroni,0.25,,False,0,0,,1082,0,0,0.0,,,,deepseekv32maas
2026091235,raw_u,fixed_sequence,0.1,,False,0,0,,1082,0,0,0.0,,,,deepseekv32maas
2026091235,raw_u,bonferroni,0.1,,False,0,0,,1082,0,0,0.0,,,,deepseekv32maas
2026091235,raw_u,fixed_sequence,0.14285714285714285,,False,0,0,,1082,0,0,0.0,,,,deepseekv32maas
2026091235,raw_u,bonferroni,0.14285714285714285,,False,0,0,,1082,0,0,0.0,,,,deepseekv32maas
2026091235,raw_u,fixed_sequence,0.2,,False,0,0,,1082,0,0,0.0,,,,deepseekv32maas
2026091235,raw_u,bonferroni,0.2,,False,0,0,,1082,0,0,0.0,,,,deepseekv32maas
2026091235,raw_u,fixed_sequence,0.25,,False,0,0,,1082,0,0,0.0,,,,deepseekv32maas
2026091235,raw_u,bonferroni,0.25,,False,0,0,,1082,0,0,0.0,,,,deepseekv32maas
2026091235,u_boost,fixed_sequence,0.1,,False,0,0,,1082,0,0,0.0,,,,deepseekv32maas
2026091235,u_boost,bonferroni,0.1,,False,0,0,,1082,0,0,0.0,,,,deepseekv32maas
2026091235,u_boost,fixed_sequence,0.14285714285714285,,False,0,0,,1082,0,0,0.0,,,,deepseekv32maas
2026091235,u_boost,bonferroni,0.14285714285714285,,False,0,0,,1082,0,0,0.0,,,,deepseekv32maas
2026091235,u_boost,fixed_sequence,0.2,,False,0,0,,1082,0,0,0.0,,,,deepseekv32maas
2026091235,u_boost,bonferroni,0.2,,False,0,0,,1082,0,0,0.0,,,,deepseekv32maas
2026091235,u_boost,fixed_sequence,0.25,,False,0,0,,1082,0,0,0.0,,,,deepseekv32maas
2026091235,u_boost,bonferroni,0.25,,False,0,0,,1082,0,0,0.0,,,,deepseekv32maas
2026091235,rich_logistic,fixed_sequence,0.1,,False,0,0,,1082,0,0,0.0,,,,deepseekv32maas
2026091235,rich_logistic,bonferroni,0.1,,False,0,0,,1082,0,0,0.0,,,,deepseekv32maas
2026091235,rich_logistic,fixed_sequence,0.14285714285714285,,False,0,0,,1082,0,0,0.0,,,,deepseekv32maas
2026091235,rich_logistic,bonferroni,0.14285714285714285,,False,0,0,,1082,0,0,0.0,,,,deepseekv32maas
2026091235,rich_logistic,fixed_sequence,0.2,,False,0,0,,1082,0,0,0.0,,,,deepseekv32maas
2026091235,rich_logistic,bonferroni,0.2,,False,0,0,,1082,0,0,0.0,,,,deepseekv32maas
2026091235,rich_logistic,fixed_sequence,0.25,,False,0,0,,1082,0,0,0.0,,,,deepseekv32maas
2026091235,rich_logistic,bonferroni,0.25,,False,0,0,,1082,0,0,0.0,,,,deepseekv32maas
2026091235,rich_boost,fixed_sequence,0.1,,False,0,0,,1082,0,0,0.0,,,,deepseekv32maas
2026091235,rich_boost,bonferroni,0.1,,False,0,0,,1082,0,0,0.0,,,,deepseekv32maas
2026091235,rich_boost,fixed_sequence,0.14285714285714285,,False,0,0,,1082,0,0,0.0,,,,deepseekv32maas
2026091235,rich_boost,bonferroni,0.14285714285714285,,False,0,0,,1082,0,0,0.0,,,,deepseekv32maas
2026091235,rich_boost,fixed_sequence,0.2,,False,0,0,,1082,0,0,0.0,,,,deepseekv32maas
2026091235,rich_boost,bonferroni,0.2,,False,0,0,,1082,0,0,0.0,,,,deepseekv32maas
2026091235,rich_boost,fixed_sequence,0.25,,False,0,0,,1082,0,0,0.0,,,,deepseekv32maas
2026091235,rich_boost,bonferroni,0.25,,False,0,0,,1082,0,0,0.0,,,,deepseekv32maas
2026091236,raw_u,fixed_sequence,0.1,,False,0,0,,1082,0,0,0.0,,,,deepseekv32maas
2026091236,raw_u,bonferroni,0.1,,False,0,0,,1082,0,0,0.0,,,,deepseekv32maas
2026091236,raw_u,fixed_sequence,0.14285714285714285,,False,0,0,,1082,0,0,0.0,,,,deepseekv32maas
2026091236,raw_u,bonferroni,0.14285714285714285,,False,0,0,,1082,0,0,0.0,,,,deepseekv32maas
2026091236,raw_u,fixed_sequence,0.2,,False,0,0,,1082,0,0,0.0,,,,deepseekv32maas
2026091236,raw_u,bonferroni,0.2,,False,0,0,,1082,0,0,0.0,,,,deepseekv32maas
2026091236,raw_u,fixed_sequence,0.25,,False,0,0,,1082,0,0,0.0,,,,deepseekv32maas
2026091236,raw_u,bonferroni,0.25,,False,0,0,,1082,0,0,0.0,,,,deepseekv32maas
2026091236,u_boost,fixed_sequence,0.1,,False,0,0,,1082,0,0,0.0,,,,deepseekv32maas
2026091236,u_boost,bonferroni,0.1,,False,0,0,,1082,0,0,0.0,,,,deepseekv32maas
2026091236,u_boost,fixed_sequence,0.14285714285714285,,False,0,0,,1082,0,0,0.0,,,,deepseekv32maas
2026091236,u_boost,bonferroni,0.14285714285714285,,False,0,0,,1082,0,0,0.0,,,,deepseekv32maas
2026091236,u_boost,fixed_sequence,0.2,,False,0,0,,1082,0,0,0.0,,,,deepseekv32maas
2026091236,u_boost,bonferroni,0.2,,False,0,0,,1082,0,0,0.0,,,,deepseekv32maas
2026091236,u_boost,fixed_sequence,0.25,,False,0,0,,1082,0,0,0.0,,,,deepseekv32maas
2026091236,u_boost,bonferroni,0.25,,False,0,0,,1082,0,0,0.0,,,,deepseekv32maas
2026091236,rich_logistic,fixed_sequence,0.1,,False,0,0,,1082,0,0,0.0,,,,deepseekv32maas
2026091236,rich_logistic,bonferroni,0.1,,False,0,0,,1082,0,0,0.0,,,,deepseekv32maas
2026091236,rich_logistic,fixed_sequence,0.14285714285714285,,False,0,0,,1082,0,0,0.0,,,,deepseekv32maas
2026091236,rich_logistic,bonferroni,0.14285714285714285,,False,0,0,,1082,0,0,0.0,,,,deepseekv32maas
2026091236,rich_logistic,fixed_sequence,0.2,,False,0,0,,1082,0,0,0.0,,,,deepseekv32maas
2026091236,rich_logistic,bonferroni,0.2,,False,0,0,,1082,0,0,0.0,,,,deepseekv32maas
2026091236,rich_logistic,fixed_sequence,0.25,,False,0,0,,1082,0,0,0.0,,,,deepseekv32maas
2026091236,rich_logistic,bonferroni,0.25,,False,0,0,,1082,0,0,0.0,,,,deepseekv32maas
2026091236,rich_boost,fixed_sequence,0.1,,False,0,0,,1082,0,0,0.0,,,,deepseekv32maas
2026091236,rich_boost,bonferroni,0.1,,False,0,0,,1082,0,0,0.0,,,,deepseekv32maas
2026091236,rich_boost,fixed_sequence,0.14285714285714285,,False,0,0,,1082,0,0,0.0,,,,deepseekv32maas
2026091236,rich_boost,bonferroni,0.14285714285714285,,False,0,0,,1082,0,0,0.0,,,,deepseekv32maas
2026091236,rich_boost,fixed_sequence,0.2,,False,0,0,,1082,0,0,0.0,,,,deepseekv32maas
2026091236,rich_boost,bonferroni,0.2,,False,0,0,,1082,0,0,0.0,,,,deepseekv32maas
2026091236,rich_boost,fixed_sequence,0.25,,False,0,0,,1082,0,0,0.0,,,,deepseekv32maas
2026091236,rich_boost,bonferroni,0.25,,False,0,0,,1082,0,0,0.0,,,,deepseekv32maas
2026091237,raw_u,fixed_sequence,0.1,,False,0,0,,1082,0,0,0.0,,,,deepseekv32maas
2026091237,raw_u,bonferroni,0.1,,False,0,0,,1082,0,0,0.0,,,,deepseekv32maas
2026091237,raw_u,fixed_sequence,0.14285714285714285,,False,0,0,,1082,0,0,0.0,,,,deepseekv32maas
2026091237,raw_u,bonferroni,0.14285714285714285,,False,0,0,,1082,0,0,0.0,,,,deepseekv32maas
2026091237,raw_u,fixed_sequence,0.2,,False,0,0,,1082,0,0,0.0,,,,deepseekv32maas
2026091237,raw_u,bonferroni,0.2,,False,0,0,,1082,0,0,0.0,,,,deepseekv32maas
2026091237,raw_u,fixed_sequence,0.25,,False,0,0,,1082,0,0,0.0,,,,deepseekv32maas
2026091237,raw_u,bonferroni,0.25,,False,0,0,,1082,0,0,0.0,,,,deepseekv32maas
2026091237,u_boost,fixed_sequence,0.1,,False,0,0,,1082,0,0,0.0,,,,deepseekv32maas
2026091237,u_boost,bonferroni,0.1,,False,0,0,,1082,0,0,0.0,,,,deepseekv32maas
2026091237,u_boost,fixed_sequence,0.14285714285714285,,False,0,0,,1082,0,0,0.0,,,,deepseekv32maas
2026091237,u_boost,bonferroni,0.14285714285714285,,False,0,0,,1082,0,0,0.0,,,,deepseekv32maas
2026091237,u_boost,fixed_sequence,0.2,,False,0,0,,1082,0,0,0.0,,,,deepseekv32maas
2026091237,u_boost,bonferroni,0.2,,False,0,0,,1082,0,0,0.0,,,,deepseekv32maas
2026091237,u_boost,fixed_sequence,0.25,,False,0,0,,1082,0,0,0.0,,,,deepseekv32maas
2026091237,u_boost,bonferroni,0.25,,False,0,0,,1082,0,0,0.0,,,,deepseekv32maas
2026091237,rich_logistic,fixed_sequence,0.1,,False,0,0,,1082,0,0,0.0,,,,deepseekv32maas
2026091237,rich_logistic,bonferroni,0.1,,False,0,0,,1082,0,0,0.0,,,,deepseekv32maas
2026091237,rich_logistic,fixed_sequence,0.14285714285714285,,False,0,0,,1082,0,0,0.0,,,,deepseekv32maas
2026091237,rich_logistic,bonferroni,0.14285714285714285,,False,0,0,,1082,0,0,0.0,,,,deepseekv32maas
2026091237,rich_logistic,fixed_sequence,0.2,,False,0,0,,1082,0,0,0.0,,,,deepseekv32maas
2026091237,rich_logistic,bonferroni,0.2,,False,0,0,,1082,0,0,0.0,,,,deepseekv32maas
2026091237,rich_logistic,fixed_sequence,0.25,,False,0,0,,1082,0,0,0.0,,,,deepseekv32maas
2026091237,rich_logistic,bonferroni,0.25,,False,0,0,,1082,0,0,0.0,,,,deepseekv32maas
2026091237,rich_boost,fixed_sequence,0.1,,False,0,0,,1082,0,0,0.0,,,,deepseekv32maas
2026091237,rich_boost,bonferroni,0.1,,False,0,0,,1082,0,0,0.0,,,,deepseekv32maas
2026091237,rich_boost,fixed_sequence,0.14285714285714285,,False,0,0,,1082,0,0,0.0,,,,deepseekv32maas
2026091237,rich_boost,bonferroni,0.14285714285714285,,False,0,0,,1082,0,0,0.0,,,,deepseekv32maas
2026091237,rich_boost,fixed_sequence,0.2,,False,0,0,,1082,0,0,0.0,,,,deepseekv32maas
2026091237,rich_boost,bonferroni,0.2,,False,0,0,,1082,0,0,0.0,,,,deepseekv32maas
2026091237,rich_boost,fixed_sequence,0.25,,False,0,0,,1082,0,0,0.0,,,,deepseekv32maas
2026091237,rich_boost,bonferroni,0.25,,False,0,0,,1082,0,0,0.0,,,,deepseekv32maas
2026091238,raw_u,fixed_sequence,0.1,,False,0,0,,1082,0,0,0.0,,,,deepseekv32maas
2026091238,raw_u,bonferroni,0.1,,False,0,0,,1082,0,0,0.0,,,,deepseekv32maas
2026091238,raw_u,fixed_sequence,0.14285714285714285,,False,0,0,,1082,0,0,0.0,,,,deepseekv32maas
2026091238,raw_u,bonferroni,0.14285714285714285,,False,0,0,,1082,0,0,0.0,,,,deepseekv32maas
2026091238,raw_u,fixed_sequence,0.2,,False,0,0,,1082,0,0,0.0,,,,deepseekv32maas
2026091238,raw_u,bonferroni,0.2,,False,0,0,,1082,0,0,0.0,,,,deepseekv32maas
2026091238,raw_u,fixed_sequence,0.25,,False,0,0,,1082,0,0,0.0,,,,deepseekv32maas
2026091238,raw_u,bonferroni,0.25,,False,0,0,,1082,0,0,0.0,,,,deepseekv32maas
2026091238,u_boost,fixed_sequence,0.1,,False,0,0,,1082,0,0,0.0,,,,deepseekv32maas
2026091238,u_boost,bonferroni,0.1,,False,0,0,,1082,0,0,0.0,,,,deepseekv32maas
2026091238,u_boost,fixed_sequence,0.14285714285714285,,False,0,0,,1082,0,0,0.0,,,,deepseekv32maas
2026091238,u_boost,bonferroni,0.14285714285714285,,False,0,0,,1082,0,0,0.0,,,,deepseekv32maas
2026091238,u_boost,fixed_sequence,0.2,,False,0,0,,1082,0,0,0.0,,,,deepseekv32maas
2026091238,u_boost,bonferroni,0.2,,False,0,0,,1082,0,0,0.0,,,,deepseekv32maas
2026091238,u_boost,fixed_sequence,0.25,,False,0,0,,1082,0,0,0.0,,,,deepseekv32maas
2026091238,u_boost,bonferroni,0.25,,False,0,0,,1082,0,0,0.0,,,,deepseekv32maas
2026091238,rich_logistic,fixed_sequence,0.1,,False,0,0,,1082,0,0,0.0,,,,deepseekv32maas
2026091238,rich_logistic,bonferroni,0.1,,False,0,0,,1082,0,0,0.0,,,,deepseekv32maas
2026091238,rich_logistic,fixed_sequence,0.14285714285714285,,False,0,0,,1082,0,0,0.0,,,,deepseekv32maas
2026091238,rich_logistic,bonferroni,0.14285714285714285,,False,0,0,,1082,0,0,0.0,,,,deepseekv32maas
2026091238,rich_logistic,fixed_sequence,0.2,,False,0,0,,1082,0,0,0.0,,,,deepseekv32maas
2026091238,rich_logistic,bonferroni,0.2,,False,0,0,,1082,0,0,0.0,,,,deepseekv32maas
2026091238,rich_logistic,fixed_sequence,0.25,,False,0,0,,1082,0,0,0.0,,,,deepseekv32maas
2026091238,rich_logistic,bonferroni,0.25,,False,0,0,,1082,0,0,0.0,,,,deepseekv32maas
2026091238,rich_boost,fixed_sequence,0.1,,False,0,0,,1082,0,0,0.0,,,,deepseekv32maas
2026091238,rich_boost,bonferroni,0.1,,False,0,0,,1082,0,0,0.0,,,,deepseekv32maas
2026091238,rich_boost,fixed_sequence,0.14285714285714285,,False,0,0,,1082,0,0,0.0,,,,deepseekv32maas
2026091238,rich_boost,bonferroni,0.14285714285714285,,False,0,0,,1082,0,0,0.0,,,,deepseekv32maas
2026091238,rich_boost,fixed_sequence,0.2,,False,0,0,,1082,0,0,0.0,,,,deepseekv32maas
2026091238,rich_boost,bonferroni,0.2,,False,0,0,,1082,0,0,0.0,,,,deepseekv32maas
2026091238,rich_boost,fixed_sequence,0.25,,False,0,0,,1082,0,0,0.0,,,,deepseekv32maas
2026091238,rich_boost,bonferroni,0.25,,False,0,0,,1082,0,0,0.0,,,,deepseekv32maas
2026091239,raw_u,fixed_sequence,0.1,,False,0,0,,1082,0,0,0.0,,,,deepseekv32maas
2026091239,raw_u,bonferroni,0.1,,False,0,0,,1082,0,0,0.0,,,,deepseekv32maas
2026091239,raw_u,fixed_sequence,0.14285714285714285,,False,0,0,,1082,0,0,0.0,,,,deepseekv32maas
2026091239,raw_u,bonferroni,0.14285714285714285,,False,0,0,,1082,0,0,0.0,,,,deepseekv32maas
2026091239,raw_u,fixed_sequence,0.2,,False,0,0,,1082,0,0,0.0,,,,deepseekv32maas
2026091239,raw_u,bonferroni,0.2,,False,0,0,,1082,0,0,0.0,,,,deepseekv32maas
2026091239,raw_u,fixed_sequence,0.25,,False,0,0,,1082,0,0,0.0,,,,deepseekv32maas
2026091239,raw_u,bonferroni,0.25,,False,0,0,,1082,0,0,0.0,,,,deepseekv32maas
2026091239,u_boost,fixed_sequence,0.1,,False,0,0,,1082,0,0,0.0,,,,deepseekv32maas
2026091239,u_boost,bonferroni,0.1,,False,0,0,,1082,0,0,0.0,,,,deepseekv32maas
2026091239,u_boost,fixed_sequence,0.14285714285714285,,False,0,0,,1082,0,0,0.0,,,,deepseekv32maas
2026091239,u_boost,bonferroni,0.14285714285714285,,False,0,0,,1082,0,0,0.0,,,,deepseekv32maas
2026091239,u_boost,fixed_sequence,0.2,,False,0,0,,1082,0,0,0.0,,,,deepseekv32maas
2026091239,u_boost,bonferroni,0.2,,False,0,0,,1082,0,0,0.0,,,,deepseekv32maas
2026091239,u_boost,fixed_sequence,0.25,,False,0,0,,1082,0,0,0.0,,,,deepseekv32maas
2026091239,u_boost,bonferroni,0.25,,False,0,0,,1082,0,0,0.0,,,,deepseekv32maas
2026091239,rich_logistic,fixed_sequence,0.1,,False,0,0,,1082,0,0,0.0,,,,deepseekv32maas
2026091239,rich_logistic,bonferroni,0.1,,False,0,0,,1082,0,0,0.0,,,,deepseekv32maas
2026091239,rich_logistic,fixed_sequence,0.14285714285714285,,False,0,0,,1082,0,0,0.0,,,,deepseekv32maas
2026091239,rich_logistic,bonferroni,0.14285714285714285,,False,0,0,,1082,0,0,0.0,,,,deepseekv32maas
2026091239,rich_logistic,fixed_sequence,0.2,,False,0,0,,1082,0,0,0.0,,,,deepseekv32maas
2026091239,rich_logistic,bonferroni,0.2,,False,0,0,,1082,0,0,0.0,,,,deepseekv32maas
2026091239,rich_logistic,fixed_sequence,0.25,,False,0,0,,1082,0,0,0.0,,,,deepseekv32maas
2026091239,rich_logistic,bonferroni,0.25,,False,0,0,,1082,0,0,0.0,,,,deepseekv32maas
2026091239,rich_boost,fixed_sequence,0.1,,False,0,0,,1082,0,0,0.0,,,,deepseekv32maas
2026091239,rich_boost,bonferroni,0.1,,False,0,0,,1082,0,0,0.0,,,,deepseekv32maas
2026091239,rich_boost,fixed_sequence,0.14285714285714285,,False,0,0,,1082,0,0,0.0,,,,deepseekv32maas
2026091239,rich_boost,bonferroni,0.14285714285714285,,False,0,0,,1082,0,0,0.0,,,,deepseekv32maas
2026091239,rich_boost,fixed_sequence,0.2,,False,0,0,,1082,0,0,0.0,,,,deepseekv32maas
2026091239,rich_boost,bonferroni,0.2,,False,0,0,,1082,0,0,0.0,,,,deepseekv32maas
2026091239,rich_boost,fixed_sequence,0.25,,False,0,0,,1082,0,0,0.0,,,,deepseekv32maas
2026091239,rich_boost,bonferroni,0.25,,False,0,0,,1082,0,0,0.0,,,,deepseekv32maas
2026091240,raw_u,fixed_sequence,0.1,,False,0,0,,1082,0,0,0.0,,,,deepseekv32maas
2026091240,raw_u,bonferroni,0.1,,False,0,0,,1082,0,0,0.0,,,,deepseekv32maas
2026091240,raw_u,fixed_sequence,0.14285714285714285,,False,0,0,,1082,0,0,0.0,,,,deepseekv32maas
2026091240,raw_u,bonferroni,0.14285714285714285,,False,0,0,,1082,0,0,0.0,,,,deepseekv32maas
2026091240,raw_u,fixed_sequence,0.2,,False,0,0,,1082,0,0,0.0,,,,deepseekv32maas
2026091240,raw_u,bonferroni,0.2,,False,0,0,,1082,0,0,0.0,,,,deepseekv32maas
2026091240,raw_u,fixed_sequence,0.25,,False,0,0,,1082,0,0,0.0,,,,deepseekv32maas
2026091240,raw_u,bonferroni,0.25,,False,0,0,,1082,0,0,0.0,,,,deepseekv32maas
2026091240,u_boost,fixed_sequence,0.1,,False,0,0,,1082,0,0,0.0,,,,deepseekv32maas
2026091240,u_boost,bonferroni,0.1,,False,0,0,,1082,0,0,0.0,,,,deepseekv32maas
2026091240,u_boost,fixed_sequence,0.14285714285714285,,False,0,0,,1082,0,0,0.0,,,,deepseekv32maas
2026091240,u_boost,bonferroni,0.14285714285714285,,False,0,0,,1082,0,0,0.0,,,,deepseekv32maas
2026091240,u_boost,fixed_sequence,0.2,,False,0,0,,1082,0,0,0.0,,,,deepseekv32maas
2026091240,u_boost,bonferroni,0.2,,False,0,0,,1082,0,0,0.0,,,,deepseekv32maas
2026091240,u_boost,fixed_sequence,0.25,,False,0,0,,1082,0,0,0.0,,,,deepseekv32maas
2026091240,u_boost,bonferroni,0.25,,False,0,0,,1082,0,0,0.0,,,,deepseekv32maas
2026091240,rich_logistic,fixed_sequence,0.1,,False,0,0,,1082,0,0,0.0,,,,deepseekv32maas
2026091240,rich_logistic,bonferroni,0.1,,False,0,0,,1082,0,0,0.0,,,,deepseekv32maas
2026091240,rich_logistic,fixed_sequence,0.14285714285714285,,False,0,0,,1082,0,0,0.0,,,,deepseekv32maas
2026091240,rich_logistic,bonferroni,0.14285714285714285,,False,0,0,,1082,0,0,0.0,,,,deepseekv32maas
2026091240,rich_logistic,fixed_sequence,0.2,,False,0,0,,1082,0,0,0.0,,,,deepseekv32maas
2026091240,rich_logistic,bonferroni,0.2,,False,0,0,,1082,0,0,0.0,,,,deepseekv32maas
2026091240,rich_logistic,fixed_sequence,0.25,,False,0,0,,1082,0,0,0.0,,,,deepseekv32maas
2026091240,rich_logistic,bonferroni,0.25,,False,0,0,,1082,0,0,0.0,,,,deepseekv32maas
2026091240,rich_boost,fixed_sequence,0.1,,False,0,0,,1082,0,0,0.0,,,,deepseekv32maas
2026091240,rich_boost,bonferroni,0.1,,False,0,0,,1082,0,0,0.0,,,,deepseekv32maas
2026091240,rich_boost,fixed_sequence,0.14285714285714285,,False,0,0,,1082,0,0,0.0,,,,deepseekv32maas
2026091240,rich_boost,bonferroni,0.14285714285714285,,False,0,0,,1082,0,0,0.0,,,,deepseekv32maas
2026091240,rich_boost,fixed_sequence,0.2,,False,0,0,,1082,0,0,0.0,,,,deepseekv32maas
2026091240,rich_boost,bonferroni,0.2,,False,0,0,,1082,0,0,0.0,,,,deepseekv32maas
2026091240,rich_boost,fixed_sequence,0.25,,False,0,0,,1082,0,0,0.0,,,,deepseekv32maas
2026091240,rich_boost,bonferroni,0.25,,False,0,0,,1082,0,0,0.0,,,,deepseekv32maas
2026091241,raw_u,fixed_sequence,0.1,,False,0,0,,1082,0,0,0.0,,,,deepseekv32maas
2026091241,raw_u,bonferroni,0.1,,False,0,0,,1082,0,0,0.0,,,,deepseekv32maas
2026091241,raw_u,fixed_sequence,0.14285714285714285,,False,0,0,,1082,0,0,0.0,,,,deepseekv32maas
2026091241,raw_u,bonferroni,0.14285714285714285,,False,0,0,,1082,0,0,0.0,,,,deepseekv32maas
2026091241,raw_u,fixed_sequence,0.2,,False,0,0,,1082,0,0,0.0,,,,deepseekv32maas
2026091241,raw_u,bonferroni,0.2,,False,0,0,,1082,0,0,0.0,,,,deepseekv32maas
2026091241,raw_u,fixed_sequence,0.25,,False,0,0,,1082,0,0,0.0,,,,deepseekv32maas
2026091241,raw_u,bonferroni,0.25,,False,0,0,,1082,0,0,0.0,,,,deepseekv32maas
2026091241,u_boost,fixed_sequence,0.1,,False,0,0,,1082,0,0,0.0,,,,deepseekv32maas
2026091241,u_boost,bonferroni,0.1,,False,0,0,,1082,0,0,0.0,,,,deepseekv32maas
2026091241,u_boost,fixed_sequence,0.14285714285714285,,False,0,0,,1082,0,0,0.0,,,,deepseekv32maas
2026091241,u_boost,bonferroni,0.14285714285714285,,False,0,0,,1082,0,0,0.0,,,,deepseekv32maas
2026091241,u_boost,fixed_sequence,0.2,,False,0,0,,1082,0,0,0.0,,,,deepseekv32maas
2026091241,u_boost,bonferroni,0.2,,False,0,0,,1082,0,0,0.0,,,,deepseekv32maas
2026091241,u_boost,fixed_sequence,0.25,,False,0,0,,1082,0,0,0.0,,,,deepseekv32maas
2026091241,u_boost,bonferroni,0.25,,False,0,0,,1082,0,0,0.0,,,,deepseekv32maas
2026091241,rich_logistic,fixed_sequence,0.1,,False,0,0,,1082,0,0,0.0,,,,deepseekv32maas
2026091241,rich_logistic,bonferroni,0.1,,False,0,0,,1082,0,0,0.0,,,,deepseekv32maas
2026091241,rich_logistic,fixed_sequence,0.14285714285714285,,False,0,0,,1082,0,0,0.0,,,,deepseekv32maas
2026091241,rich_logistic,bonferroni,0.14285714285714285,,False,0,0,,1082,0,0,0.0,,,,deepseekv32maas
2026091241,rich_logistic,fixed_sequence,0.2,,False,0,0,,1082,0,0,0.0,,,,deepseekv32maas
2026091241,rich_logistic,bonferroni,0.2,,False,0,0,,1082,0,0,0.0,,,,deepseekv32maas
2026091241,rich_logistic,fixed_sequence,0.25,,False,0,0,,1082,0,0,0.0,,,,deepseekv32maas
2026091241,rich_logistic,bonferroni,0.25,,False,0,0,,1082,0,0,0.0,,,,deepseekv32maas
2026091241,rich_boost,fixed_sequence,0.1,,False,0,0,,1082,0,0,0.0,,,,deepseekv32maas
2026091241,rich_boost,bonferroni,0.1,,False,0,0,,1082,0,0,0.0,,,,deepseekv32maas
2026091241,rich_boost,fixed_sequence,0.14285714285714285,,False,0,0,,1082,0,0,0.0,,,,deepseekv32maas
2026091241,rich_boost,bonferroni,0.14285714285714285,,False,0,0,,1082,0,0,0.0,,,,deepseekv32maas
2026091241,rich_boost,fixed_sequence,0.2,,False,0,0,,1082,0,0,0.0,,,,deepseekv32maas
2026091241,rich_boost,bonferroni,0.2,,False,0,0,,1082,0,0,0.0,,,,deepseekv32maas
2026091241,rich_boost,fixed_sequence,0.25,,False,0,0,,1082,0,0,0.0,,,,deepseekv32maas
2026091241,rich_boost,bonferroni,0.25,,False,0,0,,1082,0,0,0.0,,,,deepseekv32maas
2026091242,raw_u,fixed_sequence,0.1,,False,0,0,,1082,0,0,0.0,,,,deepseekv32maas
2026091242,raw_u,bonferroni,0.1,,False,0,0,,1082,0,0,0.0,,,,deepseekv32maas
2026091242,raw_u,fixed_sequence,0.14285714285714285,,False,0,0,,1082,0,0,0.0,,,,deepseekv32maas
2026091242,raw_u,bonferroni,0.14285714285714285,,False,0,0,,1082,0,0,0.0,,,,deepseekv32maas
2026091242,raw_u,fixed_sequence,0.2,,False,0,0,,1082,0,0,0.0,,,,deepseekv32maas
2026091242,raw_u,bonferroni,0.2,,False,0,0,,1082,0,0,0.0,,,,deepseekv32maas
2026091242,raw_u,fixed_sequence,0.25,,False,0,0,,1082,0,0,0.0,,,,deepseekv32maas
2026091242,raw_u,bonferroni,0.25,,False,0,0,,1082,0,0,0.0,,,,deepseekv32maas
2026091242,u_boost,fixed_sequence,0.1,,False,0,0,,1082,0,0,0.0,,,,deepseekv32maas
2026091242,u_boost,bonferroni,0.1,,False,0,0,,1082,0,0,0.0,,,,deepseekv32maas
2026091242,u_boost,fixed_sequence,0.14285714285714285,,False,0,0,,1082,0,0,0.0,,,,deepseekv32maas
2026091242,u_boost,bonferroni,0.14285714285714285,,False,0,0,,1082,0,0,0.0,,,,deepseekv32maas
2026091242,u_boost,fixed_sequence,0.2,,False,0,0,,1082,0,0,0.0,,,,deepseekv32maas
2026091242,u_boost,bonferroni,0.2,,False,0,0,,1082,0,0,0.0,,,,deepseekv32maas
2026091242,u_boost,fixed_sequence,0.25,,False,0,0,,1082,0,0,0.0,,,,deepseekv32maas
2026091242,u_boost,bonferroni,0.25,,False,0,0,,1082,0,0,0.0,,,,deepseekv32maas
2026091242,rich_logistic,fixed_sequence,0.1,,False,0,0,,1082,0,0,0.0,,,,deepseekv32maas
2026091242,rich_logistic,bonferroni,0.1,,False,0,0,,1082,0,0,0.0,,,,deepseekv32maas
2026091242,rich_logistic,fixed_sequence,0.14285714285714285,,False,0,0,,1082,0,0,0.0,,,,deepseekv32maas
2026091242,rich_logistic,bonferroni,0.14285714285714285,,False,0,0,,1082,0,0,0.0,,,,deepseekv32maas
2026091242,rich_logistic,fixed_sequence,0.2,,False,0,0,,1082,0,0,0.0,,,,deepseekv32maas
2026091242,rich_logistic,bonferroni,0.2,,False,0,0,,1082,0,0,0.0,,,,deepseekv32maas
2026091242,rich_logistic,fixed_sequence,0.25,,False,0,0,,1082,0,0,0.0,,,,deepseekv32maas
2026091242,rich_logistic,bonferroni,0.25,,False,0,0,,1082,0,0,0.0,,,,deepseekv32maas
2026091242,rich_boost,fixed_sequence,0.1,,False,0,0,,1082,0,0,0.0,,,,deepseekv32maas
2026091242,rich_boost,bonferroni,0.1,,False,0,0,,1082,0,0,0.0,,,,deepseekv32maas
2026091242,rich_boost,fixed_sequence,0.14285714285714285,,False,0,0,,1082,0,0,0.0,,,,deepseekv32maas
2026091242,rich_boost,bonferroni,0.14285714285714285,,False,0,0,,1082,0,0,0.0,,,,deepseekv32maas
2026091242,rich_boost,fixed_sequence,0.2,,False,0,0,,1082,0,0,0.0,,,,deepseekv32maas
2026091242,rich_boost,bonferroni,0.2,,False,0,0,,1082,0,0,0.0,,,,deepseekv32maas
2026091242,rich_boost,fixed_sequence,0.25,,False,0,0,,1082,0,0,0.0,,,,deepseekv32maas
2026091242,rich_boost,bonferroni,0.25,,False,0,0,,1082,0,0,0.0,,,,deepseekv32maas
2026091243,raw_u,fixed_sequence,0.1,,False,0,0,,1082,0,0,0.0,,,,deepseekv32maas
2026091243,raw_u,bonferroni,0.1,,False,0,0,,1082,0,0,0.0,,,,deepseekv32maas
2026091243,raw_u,fixed_sequence,0.14285714285714285,,False,0,0,,1082,0,0,0.0,,,,deepseekv32maas
2026091243,raw_u,bonferroni,0.14285714285714285,,False,0,0,,1082,0,0,0.0,,,,deepseekv32maas
2026091243,raw_u,fixed_sequence,0.2,,False,0,0,,1082,0,0,0.0,,,,deepseekv32maas
2026091243,raw_u,bonferroni,0.2,,False,0,0,,1082,0,0,0.0,,,,deepseekv32maas
2026091243,raw_u,fixed_sequence,0.25,,False,0,0,,1082,0,0,0.0,,,,deepseekv32maas
2026091243,raw_u,bonferroni,0.25,,False,0,0,,1082,0,0,0.0,,,,deepseekv32maas
2026091243,u_boost,fixed_sequence,0.1,,False,0,0,,1082,0,0,0.0,,,,deepseekv32maas
2026091243,u_boost,bonferroni,0.1,,False,0,0,,1082,0,0,0.0,,,,deepseekv32maas
2026091243,u_boost,fixed_sequence,0.14285714285714285,,False,0,0,,1082,0,0,0.0,,,,deepseekv32maas
2026091243,u_boost,bonferroni,0.14285714285714285,,False,0,0,,1082,0,0,0.0,,,,deepseekv32maas
2026091243,u_boost,fixed_sequence,0.2,,False,0,0,,1082,0,0,0.0,,,,deepseekv32maas
2026091243,u_boost,bonferroni,0.2,,False,0,0,,1082,0,0,0.0,,,,deepseekv32maas
2026091243,u_boost,fixed_sequence,0.25,,False,0,0,,1082,0,0,0.0,,,,deepseekv32maas
2026091243,u_boost,bonferroni,0.25,,False,0,0,,1082,0,0,0.0,,,,deepseekv32maas
2026091243,rich_logistic,fixed_sequence,0.1,,False,0,0,,1082,0,0,0.0,,,,deepseekv32maas
2026091243,rich_logistic,bonferroni,0.1,,False,0,0,,1082,0,0,0.0,,,,deepseekv32maas
2026091243,rich_logistic,fixed_sequence,0.14285714285714285,,False,0,0,,1082,0,0,0.0,,,,deepseekv32maas
2026091243,rich_logistic,bonferroni,0.14285714285714285,,False,0,0,,1082,0,0,0.0,,,,deepseekv32maas
2026091243,rich_logistic,fixed_sequence,0.2,,False,0,0,,1082,0,0,0.0,,,,deepseekv32maas
2026091243,rich_logistic,bonferroni,0.2,,False,0,0,,1082,0,0,0.0,,,,deepseekv32maas
2026091243,rich_logistic,fixed_sequence,0.25,,False,0,0,,1082,0,0,0.0,,,,deepseekv32maas
2026091243,rich_logistic,bonferroni,0.25,,False,0,0,,1082,0,0,0.0,,,,deepseekv32maas
2026091243,rich_boost,fixed_sequence,0.1,,False,0,0,,1082,0,0,0.0,,,,deepseekv32maas
2026091243,rich_boost,bonferroni,0.1,,False,0,0,,1082,0,0,0.0,,,,deepseekv32maas
2026091243,rich_boost,fixed_sequence,0.14285714285714285,,False,0,0,,1082,0,0,0.0,,,,deepseekv32maas
2026091243,rich_boost,bonferroni,0.14285714285714285,,False,0,0,,1082,0,0,0.0,,,,deepseekv32maas
2026091243,rich_boost,fixed_sequence,0.2,,False,0,0,,1082,0,0,0.0,,,,deepseekv32maas
2026091243,rich_boost,bonferroni,0.2,,False,0,0,,1082,0,0,0.0,,,,deepseekv32maas
2026091243,rich_boost,fixed_sequence,0.25,,False,0,0,,1082,0,0,0.0,,,,deepseekv32maas
2026091243,rich_boost,bonferroni,0.25,,False,0,0,,1082,0,0,0.0,,,,deepseekv32maas
2026091244,raw_u,fixed_sequence,0.1,,False,0,0,,1082,0,0,0.0,,,,deepseekv32maas
2026091244,raw_u,bonferroni,0.1,,False,0,0,,1082,0,0,0.0,,,,deepseekv32maas
2026091244,raw_u,fixed_sequence,0.14285714285714285,,False,0,0,,1082,0,0,0.0,,,,deepseekv32maas
2026091244,raw_u,bonferroni,0.14285714285714285,,False,0,0,,1082,0,0,0.0,,,,deepseekv32maas
2026091244,raw_u,fixed_sequence,0.2,,False,0,0,,1082,0,0,0.0,,,,deepseekv32maas
2026091244,raw_u,bonferroni,0.2,,False,0,0,,1082,0,0,0.0,,,,deepseekv32maas
2026091244,raw_u,fixed_sequence,0.25,,False,0,0,,1082,0,0,0.0,,,,deepseekv32maas
2026091244,raw_u,bonferroni,0.25,,False,0,0,,1082,0,0,0.0,,,,deepseekv32maas
2026091244,u_boost,fixed_sequence,0.1,,False,0,0,,1082,0,0,0.0,,,,deepseekv32maas
2026091244,u_boost,bonferroni,0.1,,False,0,0,,1082,0,0,0.0,,,,deepseekv32maas
2026091244,u_boost,fixed_sequence,0.14285714285714285,,False,0,0,,1082,0,0,0.0,,,,deepseekv32maas
2026091244,u_boost,bonferroni,0.14285714285714285,,False,0,0,,1082,0,0,0.0,,,,deepseekv32maas
2026091244,u_boost,fixed_sequence,0.2,,False,0,0,,1082,0,0,0.0,,,,deepseekv32maas
2026091244,u_boost,bonferroni,0.2,,False,0,0,,1082,0,0,0.0,,,,deepseekv32maas
2026091244,u_boost,fixed_sequence,0.25,,False,0,0,,1082,0,0,0.0,,,,deepseekv32maas
2026091244,u_boost,bonferroni,0.25,,False,0,0,,1082,0,0,0.0,,,,deepseekv32maas
2026091244,rich_logistic,fixed_sequence,0.1,,False,0,0,,1082,0,0,0.0,,,,deepseekv32maas
2026091244,rich_logistic,bonferroni,0.1,,False,0,0,,1082,0,0,0.0,,,,deepseekv32maas
2026091244,rich_logistic,fixed_sequence,0.14285714285714285,,False,0,0,,1082,0,0,0.0,,,,deepseekv32maas
2026091244,rich_logistic,bonferroni,0.14285714285714285,,False,0,0,,1082,0,0,0.0,,,,deepseekv32maas
2026091244,rich_logistic,fixed_sequence,0.2,,False,0,0,,1082,0,0,0.0,,,,deepseekv32maas
2026091244,rich_logistic,bonferroni,0.2,,False,0,0,,1082,0,0,0.0,,,,deepseekv32maas
2026091244,rich_logistic,fixed_sequence,0.25,,False,0,0,,1082,0,0,0.0,,,,deepseekv32maas
2026091244,rich_logistic,bonferroni,0.25,,False,0,0,,1082,0,0,0.0,,,,deepseekv32maas
2026091244,rich_boost,fixed_sequence,0.1,,False,0,0,,1082,0,0,0.0,,,,deepseekv32maas
2026091244,rich_boost,bonferroni,0.1,,False,0,0,,1082,0,0,0.0,,,,deepseekv32maas
2026091244,rich_boost,fixed_sequence,0.14285714285714285,,False,0,0,,1082,0,0,0.0,,,,deepseekv32maas
2026091244,rich_boost,bonferroni,0.14285714285714285,,False,0,0,,1082,0,0,0.0,,,,deepseekv32maas
2026091244,rich_boost,fixed_sequence,0.2,,False,0,0,,1082,0,0,0.0,,,,deepseekv32maas
2026091244,rich_boost,bonferroni,0.2,,False,0,0,,1082,0,0,0.0,,,,deepseekv32maas
2026091244,rich_boost,fixed_sequence,0.25,,False,0,0,,1082,0,0,0.0,,,,deepseekv32maas
2026091244,rich_boost,bonferroni,0.25,,False,0,0,,1082,0,0,0.0,,,,deepseekv32maas
2026091245,raw_u,fixed_sequence,0.1,,False,0,0,,1082,0,0,0.0,,,,deepseekv32maas
2026091245,raw_u,bonferroni,0.1,,False,0,0,,1082,0,0,0.0,,,,deepseekv32maas
2026091245,raw_u,fixed_sequence,0.14285714285714285,,False,0,0,,1082,0,0,0.0,,,,deepseekv32maas
2026091245,raw_u,bonferroni,0.14285714285714285,,False,0,0,,1082,0,0,0.0,,,,deepseekv32maas
2026091245,raw_u,fixed_sequence,0.2,,False,0,0,,1082,0,0,0.0,,,,deepseekv32maas
2026091245,raw_u,bonferroni,0.2,,False,0,0,,1082,0,0,0.0,,,,deepseekv32maas
2026091245,raw_u,fixed_sequence,0.25,,False,0,0,,1082,0,0,0.0,,,,deepseekv32maas
2026091245,raw_u,bonferroni,0.25,,False,0,0,,1082,0,0,0.0,,,,deepseekv32maas
2026091245,u_boost,fixed_sequence,0.1,,False,0,0,,1082,0,0,0.0,,,,deepseekv32maas
2026091245,u_boost,bonferroni,0.1,,False,0,0,,1082,0,0,0.0,,,,deepseekv32maas
2026091245,u_boost,fixed_sequence,0.14285714285714285,,False,0,0,,1082,0,0,0.0,,,,deepseekv32maas
2026091245,u_boost,bonferroni,0.14285714285714285,,False,0,0,,1082,0,0,0.0,,,,deepseekv32maas
2026091245,u_boost,fixed_sequence,0.2,,False,0,0,,1082,0,0,0.0,,,,deepseekv32maas
2026091245,u_boost,bonferroni,0.2,,False,0,0,,1082,0,0,0.0,,,,deepseekv32maas
2026091245,u_boost,fixed_sequence,0.25,,False,0,0,,1082,0,0,0.0,,,,deepseekv32maas
2026091245,u_boost,bonferroni,0.25,,False,0,0,,1082,0,0,0.0,,,,deepseekv32maas
2026091245,rich_logistic,fixed_sequence,0.1,,False,0,0,,1082,0,0,0.0,,,,deepseekv32maas
2026091245,rich_logistic,bonferroni,0.1,,False,0,0,,1082,0,0,0.0,,,,deepseekv32maas
2026091245,rich_logistic,fixed_sequence,0.14285714285714285,,False,0,0,,1082,0,0,0.0,,,,deepseekv32maas
2026091245,rich_logistic,bonferroni,0.14285714285714285,,False,0,0,,1082,0,0,0.0,,,,deepseekv32maas
2026091245,rich_logistic,fixed_sequence,0.2,,False,0,0,,1082,0,0,0.0,,,,deepseekv32maas
2026091245,rich_logistic,bonferroni,0.2,,False,0,0,,1082,0,0,0.0,,,,deepseekv32maas
2026091245,rich_logistic,fixed_sequence,0.25,,False,0,0,,1082,0,0,0.0,,,,deepseekv32maas
2026091245,rich_logistic,bonferroni,0.25,,False,0,0,,1082,0,0,0.0,,,,deepseekv32maas
2026091245,rich_boost,fixed_sequence,0.1,,False,0,0,,1082,0,0,0.0,,,,deepseekv32maas
2026091245,rich_boost,bonferroni,0.1,,False,0,0,,1082,0,0,0.0,,,,deepseekv32maas
2026091245,rich_boost,fixed_sequence,0.14285714285714285,,False,0,0,,1082,0,0,0.0,,,,deepseekv32maas
2026091245,rich_boost,bonferroni,0.14285714285714285,,False,0,0,,1082,0,0,0.0,,,,deepseekv32maas
2026091245,rich_boost,fixed_sequence,0.2,,False,0,0,,1082,0,0,0.0,,,,deepseekv32maas
2026091245,rich_boost,bonferroni,0.2,,False,0,0,,1082,0,0,0.0,,,,deepseekv32maas
2026091245,rich_boost,fixed_sequence,0.25,,False,0,0,,1082,0,0,0.0,,,,deepseekv32maas
2026091245,rich_boost,bonferroni,0.25,,False,0,0,,1082,0,0,0.0,,,,deepseekv32maas
2026091246,raw_u,fixed_sequence,0.1,,False,0,0,,1082,0,0,0.0,,,,deepseekv32maas
2026091246,raw_u,bonferroni,0.1,,False,0,0,,1082,0,0,0.0,,,,deepseekv32maas
2026091246,raw_u,fixed_sequence,0.14285714285714285,,False,0,0,,1082,0,0,0.0,,,,deepseekv32maas
2026091246,raw_u,bonferroni,0.14285714285714285,,False,0,0,,1082,0,0,0.0,,,,deepseekv32maas
2026091246,raw_u,fixed_sequence,0.2,,False,0,0,,1082,0,0,0.0,,,,deepseekv32maas
2026091246,raw_u,bonferroni,0.2,,False,0,0,,1082,0,0,0.0,,,,deepseekv32maas
2026091246,raw_u,fixed_sequence,0.25,,False,0,0,,1082,0,0,0.0,,,,deepseekv32maas
2026091246,raw_u,bonferroni,0.25,,False,0,0,,1082,0,0,0.0,,,,deepseekv32maas
2026091246,u_boost,fixed_sequence,0.1,,False,0,0,,1082,0,0,0.0,,,,deepseekv32maas
2026091246,u_boost,bonferroni,0.1,,False,0,0,,1082,0,0,0.0,,,,deepseekv32maas
2026091246,u_boost,fixed_sequence,0.14285714285714285,,False,0,0,,1082,0,0,0.0,,,,deepseekv32maas
2026091246,u_boost,bonferroni,0.14285714285714285,,False,0,0,,1082,0,0,0.0,,,,deepseekv32maas
2026091246,u_boost,fixed_sequence,0.2,,False,0,0,,1082,0,0,0.0,,,,deepseekv32maas
2026091246,u_boost,bonferroni,0.2,,False,0,0,,1082,0,0,0.0,,,,deepseekv32maas
2026091246,u_boost,fixed_sequence,0.25,,False,0,0,,1082,0,0,0.0,,,,deepseekv32maas
2026091246,u_boost,bonferroni,0.25,,False,0,0,,1082,0,0,0.0,,,,deepseekv32maas
2026091246,rich_logistic,fixed_sequence,0.1,,False,0,0,,1082,0,0,0.0,,,,deepseekv32maas
2026091246,rich_logistic,bonferroni,0.1,,False,0,0,,1082,0,0,0.0,,,,deepseekv32maas
2026091246,rich_logistic,fixed_sequence,0.14285714285714285,,False,0,0,,1082,0,0,0.0,,,,deepseekv32maas
2026091246,rich_logistic,bonferroni,0.14285714285714285,,False,0,0,,1082,0,0,0.0,,,,deepseekv32maas
2026091246,rich_logistic,fixed_sequence,0.2,,False,0,0,,1082,0,0,0.0,,,,deepseekv32maas
2026091246,rich_logistic,bonferroni,0.2,,False,0,0,,1082,0,0,0.0,,,,deepseekv32maas
2026091246,rich_logistic,fixed_sequence,0.25,,False,0,0,,1082,0,0,0.0,,,,deepseekv32maas
2026091246,rich_logistic,bonferroni,0.25,,False,0,0,,1082,0,0,0.0,,,,deepseekv32maas
2026091246,rich_boost,fixed_sequence,0.1,,False,0,0,,1082,0,0,0.0,,,,deepseekv32maas
2026091246,rich_boost,bonferroni,0.1,,False,0,0,,1082,0,0,0.0,,,,deepseekv32maas
2026091246,rich_boost,fixed_sequence,0.14285714285714285,,False,0,0,,1082,0,0,0.0,,,,deepseekv32maas
2026091246,rich_boost,bonferroni,0.14285714285714285,,False,0,0,,1082,0,0,0.0,,,,deepseekv32maas
2026091246,rich_boost,fixed_sequence,0.2,,False,0,0,,1082,0,0,0.0,,,,deepseekv32maas
2026091246,rich_boost,bonferroni,0.2,,False,0,0,,1082,0,0,0.0,,,,deepseekv32maas
2026091246,rich_boost,fixed_sequence,0.25,,False,0,0,,1082,0,0,0.0,,,,deepseekv32maas
2026091246,rich_boost,bonferroni,0.25,,False,0,0,,1082,0,0,0.0,,,,deepseekv32maas
2026091247,raw_u,fixed_sequence,0.1,,False,0,0,,1082,0,0,0.0,,,,deepseekv32maas
2026091247,raw_u,bonferroni,0.1,,False,0,0,,1082,0,0,0.0,,,,deepseekv32maas
2026091247,raw_u,fixed_sequence,0.14285714285714285,,False,0,0,,1082,0,0,0.0,,,,deepseekv32maas
2026091247,raw_u,bonferroni,0.14285714285714285,,False,0,0,,1082,0,0,0.0,,,,deepseekv32maas
2026091247,raw_u,fixed_sequence,0.2,,False,0,0,,1082,0,0,0.0,,,,deepseekv32maas
2026091247,raw_u,bonferroni,0.2,,False,0,0,,1082,0,0,0.0,,,,deepseekv32maas
2026091247,raw_u,fixed_sequence,0.25,,False,0,0,,1082,0,0,0.0,,,,deepseekv32maas
2026091247,raw_u,bonferroni,0.25,,False,0,0,,1082,0,0,0.0,,,,deepseekv32maas
2026091247,u_boost,fixed_sequence,0.1,,False,0,0,,1082,0,0,0.0,,,,deepseekv32maas
2026091247,u_boost,bonferroni,0.1,,False,0,0,,1082,0,0,0.0,,,,deepseekv32maas
2026091247,u_boost,fixed_sequence,0.14285714285714285,,False,0,0,,1082,0,0,0.0,,,,deepseekv32maas
2026091247,u_boost,bonferroni,0.14285714285714285,,False,0,0,,1082,0,0,0.0,,,,deepseekv32maas
2026091247,u_boost,fixed_sequence,0.2,,False,0,0,,1082,0,0,0.0,,,,deepseekv32maas
2026091247,u_boost,bonferroni,0.2,,False,0,0,,1082,0,0,0.0,,,,deepseekv32maas
2026091247,u_boost,fixed_sequence,0.25,,False,0,0,,1082,0,0,0.0,,,,deepseekv32maas
2026091247,u_boost,bonferroni,0.25,,False,0,0,,1082,0,0,0.0,,,,deepseekv32maas
2026091247,rich_logistic,fixed_sequence,0.1,,False,0,0,,1082,0,0,0.0,,,,deepseekv32maas
2026091247,rich_logistic,bonferroni,0.1,,False,0,0,,1082,0,0,0.0,,,,deepseekv32maas
2026091247,rich_logistic,fixed_sequence,0.14285714285714285,,False,0,0,,1082,0,0,0.0,,,,deepseekv32maas
2026091247,rich_logistic,bonferroni,0.14285714285714285,,False,0,0,,1082,0,0,0.0,,,,deepseekv32maas
2026091247,rich_logistic,fixed_sequence,0.2,,False,0,0,,1082,0,0,0.0,,,,deepseekv32maas
2026091247,rich_logistic,bonferroni,0.2,,False,0,0,,1082,0,0,0.0,,,,deepseekv32maas
2026091247,rich_logistic,fixed_sequence,0.25,,False,0,0,,1082,0,0,0.0,,,,deepseekv32maas
2026091247,rich_logistic,bonferroni,0.25,,False,0,0,,1082,0,0,0.0,,,,deepseekv32maas
2026091247,rich_boost,fixed_sequence,0.1,,False,0,0,,1082,0,0,0.0,,,,deepseekv32maas
2026091247,rich_boost,bonferroni,0.1,,False,0,0,,1082,0,0,0.0,,,,deepseekv32maas
2026091247,rich_boost,fixed_sequence,0.14285714285714285,,False,0,0,,1082,0,0,0.0,,,,deepseekv32maas
2026091247,rich_boost,bonferroni,0.14285714285714285,,False,0,0,,1082,0,0,0.0,,,,deepseekv32maas
2026091247,rich_boost,fixed_sequence,0.2,,False,0,0,,1082,0,0,0.0,,,,deepseekv32maas
2026091247,rich_boost,bonferroni,0.2,,False,0,0,,1082,0,0,0.0,,,,deepseekv32maas
2026091247,rich_boost,fixed_sequence,0.25,,False,0,0,,1082,0,0,0.0,,,,deepseekv32maas
2026091247,rich_boost,bonferroni,0.25,,False,0,0,,1082,0,0,0.0,,,,deepseekv32maas
2026091248,raw_u,fixed_sequence,0.1,,False,0,0,,1082,0,0,0.0,,,,deepseekv32maas
2026091248,raw_u,bonferroni,0.1,,False,0,0,,1082,0,0,0.0,,,,deepseekv32maas
2026091248,raw_u,fixed_sequence,0.14285714285714285,,False,0,0,,1082,0,0,0.0,,,,deepseekv32maas
2026091248,raw_u,bonferroni,0.14285714285714285,,False,0,0,,1082,0,0,0.0,,,,deepseekv32maas
2026091248,raw_u,fixed_sequence,0.2,,False,0,0,,1082,0,0,0.0,,,,deepseekv32maas
2026091248,raw_u,bonferroni,0.2,,False,0,0,,1082,0,0,0.0,,,,deepseekv32maas
2026091248,raw_u,fixed_sequence,0.25,,False,0,0,,1082,0,0,0.0,,,,deepseekv32maas
2026091248,raw_u,bonferroni,0.25,,False,0,0,,1082,0,0,0.0,,,,deepseekv32maas
2026091248,u_boost,fixed_sequence,0.1,,False,0,0,,1082,0,0,0.0,,,,deepseekv32maas
2026091248,u_boost,bonferroni,0.1,,False,0,0,,1082,0,0,0.0,,,,deepseekv32maas
2026091248,u_boost,fixed_sequence,0.14285714285714285,,False,0,0,,1082,0,0,0.0,,,,deepseekv32maas
2026091248,u_boost,bonferroni,0.14285714285714285,,False,0,0,,1082,0,0,0.0,,,,deepseekv32maas
2026091248,u_boost,fixed_sequence,0.2,,False,0,0,,1082,0,0,0.0,,,,deepseekv32maas
2026091248,u_boost,bonferroni,0.2,,False,0,0,,1082,0,0,0.0,,,,deepseekv32maas
2026091248,u_boost,fixed_sequence,0.25,,False,0,0,,1082,0,0,0.0,,,,deepseekv32maas
2026091248,u_boost,bonferroni,0.25,,False,0,0,,1082,0,0,0.0,,,,deepseekv32maas
2026091248,rich_logistic,fixed_sequence,0.1,,False,0,0,,1082,0,0,0.0,,,,deepseekv32maas
2026091248,rich_logistic,bonferroni,0.1,,False,0,0,,1082,0,0,0.0,,,,deepseekv32maas
2026091248,rich_logistic,fixed_sequence,0.14285714285714285,,False,0,0,,1082,0,0,0.0,,,,deepseekv32maas
2026091248,rich_logistic,bonferroni,0.14285714285714285,,False,0,0,,1082,0,0,0.0,,,,deepseekv32maas
2026091248,rich_logistic,fixed_sequence,0.2,,False,0,0,,1082,0,0,0.0,,,,deepseekv32maas
2026091248,rich_logistic,bonferroni,0.2,,False,0,0,,1082,0,0,0.0,,,,deepseekv32maas
2026091248,rich_logistic,fixed_sequence,0.25,,False,0,0,,1082,0,0,0.0,,,,deepseekv32maas
2026091248,rich_logistic,bonferroni,0.25,,False,0,0,,1082,0,0,0.0,,,,deepseekv32maas
2026091248,rich_boost,fixed_sequence,0.1,,False,0,0,,1082,0,0,0.0,,,,deepseekv32maas
2026091248,rich_boost,bonferroni,0.1,,False,0,0,,1082,0,0,0.0,,,,deepseekv32maas
2026091248,rich_boost,fixed_sequence,0.14285714285714285,,False,0,0,,1082,0,0,0.0,,,,deepseekv32maas
2026091248,rich_boost,bonferroni,0.14285714285714285,,False,0,0,,1082,0,0,0.0,,,,deepseekv32maas
2026091248,rich_boost,fixed_sequence,0.2,,False,0,0,,1082,0,0,0.0,,,,deepseekv32maas
2026091248,rich_boost,bonferroni,0.2,,False,0,0,,1082,0,0,0.0,,,,deepseekv32maas
2026091248,rich_boost,fixed_sequence,0.25,,False,0,0,,1082,0,0,0.0,,,,deepseekv32maas
2026091248,rich_boost,bonferroni,0.25,,False,0,0,,1082,0,0,0.0,,,,deepseekv32maas
2026091249,raw_u,fixed_sequence,0.1,,False,0,0,,1082,0,0,0.0,,,,deepseekv32maas
2026091249,raw_u,bonferroni,0.1,,False,0,0,,1082,0,0,0.0,,,,deepseekv32maas
2026091249,raw_u,fixed_sequence,0.14285714285714285,,False,0,0,,1082,0,0,0.0,,,,deepseekv32maas
2026091249,raw_u,bonferroni,0.14285714285714285,,False,0,0,,1082,0,0,0.0,,,,deepseekv32maas
2026091249,raw_u,fixed_sequence,0.2,,False,0,0,,1082,0,0,0.0,,,,deepseekv32maas
2026091249,raw_u,bonferroni,0.2,,False,0,0,,1082,0,0,0.0,,,,deepseekv32maas
2026091249,raw_u,fixed_sequence,0.25,,False,0,0,,1082,0,0,0.0,,,,deepseekv32maas
2026091249,raw_u,bonferroni,0.25,,False,0,0,,1082,0,0,0.0,,,,deepseekv32maas
2026091249,u_boost,fixed_sequence,0.1,,False,0,0,,1082,0,0,0.0,,,,deepseekv32maas
2026091249,u_boost,bonferroni,0.1,,False,0,0,,1082,0,0,0.0,,,,deepseekv32maas
2026091249,u_boost,fixed_sequence,0.14285714285714285,,False,0,0,,1082,0,0,0.0,,,,deepseekv32maas
2026091249,u_boost,bonferroni,0.14285714285714285,,False,0,0,,1082,0,0,0.0,,,,deepseekv32maas
2026091249,u_boost,fixed_sequence,0.2,,False,0,0,,1082,0,0,0.0,,,,deepseekv32maas
2026091249,u_boost,bonferroni,0.2,,False,0,0,,1082,0,0,0.0,,,,deepseekv32maas
2026091249,u_boost,fixed_sequence,0.25,,False,0,0,,1082,0,0,0.0,,,,deepseekv32maas
2026091249,u_boost,bonferroni,0.25,,False,0,0,,1082,0,0,0.0,,,,deepseekv32maas
2026091249,rich_logistic,fixed_sequence,0.1,,False,0,0,,1082,0,0,0.0,,,,deepseekv32maas
2026091249,rich_logistic,bonferroni,0.1,,False,0,0,,1082,0,0,0.0,,,,deepseekv32maas
2026091249,rich_logistic,fixed_sequence,0.14285714285714285,,False,0,0,,1082,0,0,0.0,,,,deepseekv32maas
2026091249,rich_logistic,bonferroni,0.14285714285714285,,False,0,0,,1082,0,0,0.0,,,,deepseekv32maas
2026091249,rich_logistic,fixed_sequence,0.2,,False,0,0,,1082,0,0,0.0,,,,deepseekv32maas
2026091249,rich_logistic,bonferroni,0.2,,False,0,0,,1082,0,0,0.0,,,,deepseekv32maas
2026091249,rich_logistic,fixed_sequence,0.25,,False,0,0,,1082,0,0,0.0,,,,deepseekv32maas
2026091249,rich_logistic,bonferroni,0.25,,False,0,0,,1082,0,0,0.0,,,,deepseekv32maas
2026091249,rich_boost,fixed_sequence,0.1,,False,0,0,,1082,0,0,0.0,,,,deepseekv32maas
2026091249,rich_boost,bonferroni,0.1,,False,0,0,,1082,0,0,0.0,,,,deepseekv32maas
2026091249,rich_boost,fixed_sequence,0.14285714285714285,,False,0,0,,1082,0,0,0.0,,,,deepseekv32maas
2026091249,rich_boost,bonferroni,0.14285714285714285,,False,0,0,,1082,0,0,0.0,,,,deepseekv32maas
2026091249,rich_boost,fixed_sequence,0.2,,False,0,0,,1082,0,0,0.0,,,,deepseekv32maas
2026091249,rich_boost,bonferroni,0.2,,False,0,0,,1082,0,0,0.0,,,,deepseekv32maas
2026091249,rich_boost,fixed_sequence,0.25,,False,0,0,,1082,0,0,0.0,,,,deepseekv32maas
2026091249,rich_boost,bonferroni,0.25,,False,0,0,,1082,0,0,0.0,,,,deepseekv32maas
2026091250,raw_u,fixed_sequence,0.1,,False,0,0,,1082,0,0,0.0,,,,deepseekv32maas
2026091250,raw_u,bonferroni,0.1,,False,0,0,,1082,0,0,0.0,,,,deepseekv32maas
2026091250,raw_u,fixed_sequence,0.14285714285714285,,False,0,0,,1082,0,0,0.0,,,,deepseekv32maas
2026091250,raw_u,bonferroni,0.14285714285714285,,False,0,0,,1082,0,0,0.0,,,,deepseekv32maas
2026091250,raw_u,fixed_sequence,0.2,,False,0,0,,1082,0,0,0.0,,,,deepseekv32maas
2026091250,raw_u,bonferroni,0.2,,False,0,0,,1082,0,0,0.0,,,,deepseekv32maas
2026091250,raw_u,fixed_sequence,0.25,,False,0,0,,1082,0,0,0.0,,,,deepseekv32maas
2026091250,raw_u,bonferroni,0.25,,False,0,0,,1082,0,0,0.0,,,,deepseekv32maas
2026091250,u_boost,fixed_sequence,0.1,,False,0,0,,1082,0,0,0.0,,,,deepseekv32maas
2026091250,u_boost,bonferroni,0.1,,False,0,0,,1082,0,0,0.0,,,,deepseekv32maas
2026091250,u_boost,fixed_sequence,0.14285714285714285,,False,0,0,,1082,0,0,0.0,,,,deepseekv32maas
2026091250,u_boost,bonferroni,0.14285714285714285,,False,0,0,,1082,0,0,0.0,,,,deepseekv32maas
2026091250,u_boost,fixed_sequence,0.2,,False,0,0,,1082,0,0,0.0,,,,deepseekv32maas
2026091250,u_boost,bonferroni,0.2,,False,0,0,,1082,0,0,0.0,,,,deepseekv32maas
2026091250,u_boost,fixed_sequence,0.25,,False,0,0,,1082,0,0,0.0,,,,deepseekv32maas
2026091250,u_boost,bonferroni,0.25,,False,0,0,,1082,0,0,0.0,,,,deepseekv32maas
2026091250,rich_logistic,fixed_sequence,0.1,,False,0,0,,1082,0,0,0.0,,,,deepseekv32maas
2026091250,rich_logistic,bonferroni,0.1,,False,0,0,,1082,0,0,0.0,,,,deepseekv32maas
2026091250,rich_logistic,fixed_sequence,0.14285714285714285,,False,0,0,,1082,0,0,0.0,,,,deepseekv32maas
2026091250,rich_logistic,bonferroni,0.14285714285714285,,False,0,0,,1082,0,0,0.0,,,,deepseekv32maas
2026091250,rich_logistic,fixed_sequence,0.2,,False,0,0,,1082,0,0,0.0,,,,deepseekv32maas
2026091250,rich_logistic,bonferroni,0.2,,False,0,0,,1082,0,0,0.0,,,,deepseekv32maas
2026091250,rich_logistic,fixed_sequence,0.25,,False,0,0,,1082,0,0,0.0,,,,deepseekv32maas
2026091250,rich_logistic,bonferroni,0.25,,False,0,0,,1082,0,0,0.0,,,,deepseekv32maas
2026091250,rich_boost,fixed_sequence,0.1,,False,0,0,,1082,0,0,0.0,,,,deepseekv32maas
2026091250,rich_boost,bonferroni,0.1,,False,0,0,,1082,0,0,0.0,,,,deepseekv32maas
2026091250,rich_boost,fixed_sequence,0.14285714285714285,,False,0,0,,1082,0,0,0.0,,,,deepseekv32maas
2026091250,rich_boost,bonferroni,0.14285714285714285,,False,0,0,,1082,0,0,0.0,,,,deepseekv32maas
2026091250,rich_boost,fixed_sequence,0.2,,False,0,0,,1082,0,0,0.0,,,,deepseekv32maas
2026091250,rich_boost,bonferroni,0.2,,False,0,0,,1082,0,0,0.0,,,,deepseekv32maas
2026091250,rich_boost,fixed_sequence,0.25,,False,0,0,,1082,0,0,0.0,,,,deepseekv32maas
2026091250,rich_boost,bonferroni,0.25,,False,0,0,,1082,0,0,0.0,,,,deepseekv32maas
2026091251,raw_u,fixed_sequence,0.1,,False,0,0,,1082,0,0,0.0,,,,deepseekv32maas
2026091251,raw_u,bonferroni,0.1,,False,0,0,,1082,0,0,0.0,,,,deepseekv32maas
2026091251,raw_u,fixed_sequence,0.14285714285714285,,False,0,0,,1082,0,0,0.0,,,,deepseekv32maas
2026091251,raw_u,bonferroni,0.14285714285714285,,False,0,0,,1082,0,0,0.0,,,,deepseekv32maas
2026091251,raw_u,fixed_sequence,0.2,,False,0,0,,1082,0,0,0.0,,,,deepseekv32maas
2026091251,raw_u,bonferroni,0.2,,False,0,0,,1082,0,0,0.0,,,,deepseekv32maas
2026091251,raw_u,fixed_sequence,0.25,,False,0,0,,1082,0,0,0.0,,,,deepseekv32maas
2026091251,raw_u,bonferroni,0.25,,False,0,0,,1082,0,0,0.0,,,,deepseekv32maas
2026091251,u_boost,fixed_sequence,0.1,,False,0,0,,1082,0,0,0.0,,,,deepseekv32maas
2026091251,u_boost,bonferroni,0.1,,False,0,0,,1082,0,0,0.0,,,,deepseekv32maas
2026091251,u_boost,fixed_sequence,0.14285714285714285,,False,0,0,,1082,0,0,0.0,,,,deepseekv32maas
2026091251,u_boost,bonferroni,0.14285714285714285,,False,0,0,,1082,0,0,0.0,,,,deepseekv32maas
2026091251,u_boost,fixed_sequence,0.2,,False,0,0,,1082,0,0,0.0,,,,deepseekv32maas
2026091251,u_boost,bonferroni,0.2,,False,0,0,,1082,0,0,0.0,,,,deepseekv32maas
2026091251,u_boost,fixed_sequence,0.25,,False,0,0,,1082,0,0,0.0,,,,deepseekv32maas
2026091251,u_boost,bonferroni,0.25,,False,0,0,,1082,0,0,0.0,,,,deepseekv32maas
2026091251,rich_logistic,fixed_sequence,0.1,,False,0,0,,1082,0,0,0.0,,,,deepseekv32maas
2026091251,rich_logistic,bonferroni,0.1,,False,0,0,,1082,0,0,0.0,,,,deepseekv32maas
2026091251,rich_logistic,fixed_sequence,0.14285714285714285,,False,0,0,,1082,0,0,0.0,,,,deepseekv32maas
2026091251,rich_logistic,bonferroni,0.14285714285714285,,False,0,0,,1082,0,0,0.0,,,,deepseekv32maas
2026091251,rich_logistic,fixed_sequence,0.2,,False,0,0,,1082,0,0,0.0,,,,deepseekv32maas
2026091251,rich_logistic,bonferroni,0.2,,False,0,0,,1082,0,0,0.0,,,,deepseekv32maas
2026091251,rich_logistic,fixed_sequence,0.25,,False,0,0,,1082,0,0,0.0,,,,deepseekv32maas
2026091251,rich_logistic,bonferroni,0.25,,False,0,0,,1082,0,0,0.0,,,,deepseekv32maas
2026091251,rich_boost,fixed_sequence,0.1,,False,0,0,,1082,0,0,0.0,,,,deepseekv32maas
2026091251,rich_boost,bonferroni,0.1,,False,0,0,,1082,0,0,0.0,,,,deepseekv32maas
2026091251,rich_boost,fixed_sequence,0.14285714285714285,,False,0,0,,1082,0,0,0.0,,,,deepseekv32maas
2026091251,rich_boost,bonferroni,0.14285714285714285,,False,0,0,,1082,0,0,0.0,,,,deepseekv32maas
2026091251,rich_boost,fixed_sequence,0.2,,False,0,0,,1082,0,0,0.0,,,,deepseekv32maas
2026091251,rich_boost,bonferroni,0.2,,False,0,0,,1082,0,0,0.0,,,,deepseekv32maas
2026091251,rich_boost,fixed_sequence,0.25,,False,0,0,,1082,0,0,0.0,,,,deepseekv32maas
2026091251,rich_boost,bonferroni,0.25,,False,0,0,,1082,0,0,0.0,,,,deepseekv32maas
2026091252,raw_u,fixed_sequence,0.1,,False,0,0,,1082,0,0,0.0,,,,deepseekv32maas
2026091252,raw_u,bonferroni,0.1,,False,0,0,,1082,0,0,0.0,,,,deepseekv32maas
2026091252,raw_u,fixed_sequence,0.14285714285714285,,False,0,0,,1082,0,0,0.0,,,,deepseekv32maas
2026091252,raw_u,bonferroni,0.14285714285714285,,False,0,0,,1082,0,0,0.0,,,,deepseekv32maas
2026091252,raw_u,fixed_sequence,0.2,,False,0,0,,1082,0,0,0.0,,,,deepseekv32maas
2026091252,raw_u,bonferroni,0.2,,False,0,0,,1082,0,0,0.0,,,,deepseekv32maas
2026091252,raw_u,fixed_sequence,0.25,,False,0,0,,1082,0,0,0.0,,,,deepseekv32maas
2026091252,raw_u,bonferroni,0.25,,False,0,0,,1082,0,0,0.0,,,,deepseekv32maas
2026091252,u_boost,fixed_sequence,0.1,,False,0,0,,1082,0,0,0.0,,,,deepseekv32maas
2026091252,u_boost,bonferroni,0.1,,False,0,0,,1082,0,0,0.0,,,,deepseekv32maas
2026091252,u_boost,fixed_sequence,0.14285714285714285,,False,0,0,,1082,0,0,0.0,,,,deepseekv32maas
2026091252,u_boost,bonferroni,0.14285714285714285,,False,0,0,,1082,0,0,0.0,,,,deepseekv32maas
2026091252,u_boost,fixed_sequence,0.2,,False,0,0,,1082,0,0,0.0,,,,deepseekv32maas
2026091252,u_boost,bonferroni,0.2,,False,0,0,,1082,0,0,0.0,,,,deepseekv32maas
2026091252,u_boost,fixed_sequence,0.25,,False,0,0,,1082,0,0,0.0,,,,deepseekv32maas
2026091252,u_boost,bonferroni,0.25,,False,0,0,,1082,0,0,0.0,,,,deepseekv32maas
2026091252,rich_logistic,fixed_sequence,0.1,,False,0,0,,1082,0,0,0.0,,,,deepseekv32maas
2026091252,rich_logistic,bonferroni,0.1,,False,0,0,,1082,0,0,0.0,,,,deepseekv32maas
2026091252,rich_logistic,fixed_sequence,0.14285714285714285,,False,0,0,,1082,0,0,0.0,,,,deepseekv32maas
2026091252,rich_logistic,bonferroni,0.14285714285714285,,False,0,0,,1082,0,0,0.0,,,,deepseekv32maas
2026091252,rich_logistic,fixed_sequence,0.2,,False,0,0,,1082,0,0,0.0,,,,deepseekv32maas
2026091252,rich_logistic,bonferroni,0.2,,False,0,0,,1082,0,0,0.0,,,,deepseekv32maas
2026091252,rich_logistic,fixed_sequence,0.25,,False,0,0,,1082,0,0,0.0,,,,deepseekv32maas
2026091252,rich_logistic,bonferroni,0.25,,False,0,0,,1082,0,0,0.0,,,,deepseekv32maas
2026091252,rich_boost,fixed_sequence,0.1,,False,0,0,,1082,0,0,0.0,,,,deepseekv32maas
2026091252,rich_boost,bonferroni,0.1,,False,0,0,,1082,0,0,0.0,,,,deepseekv32maas
2026091252,rich_boost,fixed_sequence,0.14285714285714285,,False,0,0,,1082,0,0,0.0,,,,deepseekv32maas
2026091252,rich_boost,bonferroni,0.14285714285714285,,False,0,0,,1082,0,0,0.0,,,,deepseekv32maas
2026091252,rich_boost,fixed_sequence,0.2,,False,0,0,,1082,0,0,0.0,,,,deepseekv32maas
2026091252,rich_boost,bonferroni,0.2,,False,0,0,,1082,0,0,0.0,,,,deepseekv32maas
2026091252,rich_boost,fixed_sequence,0.25,,False,0,0,,1082,0,0,0.0,,,,deepseekv32maas
2026091252,rich_boost,bonferroni,0.25,,False,0,0,,1082,0,0,0.0,,,,deepseekv32maas
2026091253,raw_u,fixed_sequence,0.1,,False,0,0,,1082,0,0,0.0,,,,deepseekv32maas
2026091253,raw_u,bonferroni,0.1,,False,0,0,,1082,0,0,0.0,,,,deepseekv32maas
2026091253,raw_u,fixed_sequence,0.14285714285714285,,False,0,0,,1082,0,0,0.0,,,,deepseekv32maas
2026091253,raw_u,bonferroni,0.14285714285714285,,False,0,0,,1082,0,0,0.0,,,,deepseekv32maas
2026091253,raw_u,fixed_sequence,0.2,,False,0,0,,1082,0,0,0.0,,,,deepseekv32maas
2026091253,raw_u,bonferroni,0.2,,False,0,0,,1082,0,0,0.0,,,,deepseekv32maas
2026091253,raw_u,fixed_sequence,0.25,,False,0,0,,1082,0,0,0.0,,,,deepseekv32maas
2026091253,raw_u,bonferroni,0.25,,False,0,0,,1082,0,0,0.0,,,,deepseekv32maas
2026091253,u_boost,fixed_sequence,0.1,,False,0,0,,1082,0,0,0.0,,,,deepseekv32maas
2026091253,u_boost,bonferroni,0.1,,False,0,0,,1082,0,0,0.0,,,,deepseekv32maas
2026091253,u_boost,fixed_sequence,0.14285714285714285,,False,0,0,,1082,0,0,0.0,,,,deepseekv32maas
2026091253,u_boost,bonferroni,0.14285714285714285,,False,0,0,,1082,0,0,0.0,,,,deepseekv32maas
2026091253,u_boost,fixed_sequence,0.2,,False,0,0,,1082,0,0,0.0,,,,deepseekv32maas
2026091253,u_boost,bonferroni,0.2,,False,0,0,,1082,0,0,0.0,,,,deepseekv32maas
2026091253,u_boost,fixed_sequence,0.25,,False,0,0,,1082,0,0,0.0,,,,deepseekv32maas
2026091253,u_boost,bonferroni,0.25,,False,0,0,,1082,0,0,0.0,,,,deepseekv32maas
2026091253,rich_logistic,fixed_sequence,0.1,,False,0,0,,1082,0,0,0.0,,,,deepseekv32maas
2026091253,rich_logistic,bonferroni,0.1,,False,0,0,,1082,0,0,0.0,,,,deepseekv32maas
2026091253,rich_logistic,fixed_sequence,0.14285714285714285,,False,0,0,,1082,0,0,0.0,,,,deepseekv32maas
2026091253,rich_logistic,bonferroni,0.14285714285714285,,False,0,0,,1082,0,0,0.0,,,,deepseekv32maas
2026091253,rich_logistic,fixed_sequence,0.2,,False,0,0,,1082,0,0,0.0,,,,deepseekv32maas
2026091253,rich_logistic,bonferroni,0.2,,False,0,0,,1082,0,0,0.0,,,,deepseekv32maas
2026091253,rich_logistic,fixed_sequence,0.25,,False,0,0,,1082,0,0,0.0,,,,deepseekv32maas
2026091253,rich_logistic,bonferroni,0.25,,False,0,0,,1082,0,0,0.0,,,,deepseekv32maas
2026091253,rich_boost,fixed_sequence,0.1,,False,0,0,,1082,0,0,0.0,,,,deepseekv32maas
2026091253,rich_boost,bonferroni,0.1,,False,0,0,,1082,0,0,0.0,,,,deepseekv32maas
2026091253,rich_boost,fixed_sequence,0.14285714285714285,,False,0,0,,1082,0,0,0.0,,,,deepseekv32maas
2026091253,rich_boost,bonferroni,0.14285714285714285,,False,0,0,,1082,0,0,0.0,,,,deepseekv32maas
2026091253,rich_boost,fixed_sequence,0.2,,False,0,0,,1082,0,0,0.0,,,,deepseekv32maas
2026091253,rich_boost,bonferroni,0.2,,False,0,0,,1082,0,0,0.0,,,,deepseekv32maas
2026091253,rich_boost,fixed_sequence,0.25,,False,0,0,,1082,0,0,0.0,,,,deepseekv32maas
2026091253,rich_boost,bonferroni,0.25,,False,0,0,,1082,0,0,0.0,,,,deepseekv32maas
2026091254,raw_u,fixed_sequence,0.1,,False,0,0,,1082,0,0,0.0,,,,deepseekv32maas
2026091254,raw_u,bonferroni,0.1,,False,0,0,,1082,0,0,0.0,,,,deepseekv32maas
2026091254,raw_u,fixed_sequence,0.14285714285714285,,False,0,0,,1082,0,0,0.0,,,,deepseekv32maas
2026091254,raw_u,bonferroni,0.14285714285714285,,False,0,0,,1082,0,0,0.0,,,,deepseekv32maas
2026091254,raw_u,fixed_sequence,0.2,,False,0,0,,1082,0,0,0.0,,,,deepseekv32maas
2026091254,raw_u,bonferroni,0.2,,False,0,0,,1082,0,0,0.0,,,,deepseekv32maas
2026091254,raw_u,fixed_sequence,0.25,,False,0,0,,1082,0,0,0.0,,,,deepseekv32maas
2026091254,raw_u,bonferroni,0.25,,False,0,0,,1082,0,0,0.0,,,,deepseekv32maas
2026091254,u_boost,fixed_sequence,0.1,,False,0,0,,1082,0,0,0.0,,,,deepseekv32maas
2026091254,u_boost,bonferroni,0.1,,False,0,0,,1082,0,0,0.0,,,,deepseekv32maas
2026091254,u_boost,fixed_sequence,0.14285714285714285,,False,0,0,,1082,0,0,0.0,,,,deepseekv32maas
2026091254,u_boost,bonferroni,0.14285714285714285,,False,0,0,,1082,0,0,0.0,,,,deepseekv32maas
2026091254,u_boost,fixed_sequence,0.2,,False,0,0,,1082,0,0,0.0,,,,deepseekv32maas
2026091254,u_boost,bonferroni,0.2,,False,0,0,,1082,0,0,0.0,,,,deepseekv32maas
2026091254,u_boost,fixed_sequence,0.25,,False,0,0,,1082,0,0,0.0,,,,deepseekv32maas
2026091254,u_boost,bonferroni,0.25,,False,0,0,,1082,0,0,0.0,,,,deepseekv32maas
2026091254,rich_logistic,fixed_sequence,0.1,,False,0,0,,1082,0,0,0.0,,,,deepseekv32maas
2026091254,rich_logistic,bonferroni,0.1,,False,0,0,,1082,0,0,0.0,,,,deepseekv32maas
2026091254,rich_logistic,fixed_sequence,0.14285714285714285,,False,0,0,,1082,0,0,0.0,,,,deepseekv32maas
2026091254,rich_logistic,bonferroni,0.14285714285714285,,False,0,0,,1082,0,0,0.0,,,,deepseekv32maas
2026091254,rich_logistic,fixed_sequence,0.2,,False,0,0,,1082,0,0,0.0,,,,deepseekv32maas
2026091254,rich_logistic,bonferroni,0.2,,False,0,0,,1082,0,0,0.0,,,,deepseekv32maas
2026091254,rich_logistic,fixed_sequence,0.25,,False,0,0,,1082,0,0,0.0,,,,deepseekv32maas
2026091254,rich_logistic,bonferroni,0.25,,False,0,0,,1082,0,0,0.0,,,,deepseekv32maas
2026091254,rich_boost,fixed_sequence,0.1,,False,0,0,,1082,0,0,0.0,,,,deepseekv32maas
2026091254,rich_boost,bonferroni,0.1,,False,0,0,,1082,0,0,0.0,,,,deepseekv32maas
2026091254,rich_boost,fixed_sequence,0.14285714285714285,,False,0,0,,1082,0,0,0.0,,,,deepseekv32maas
2026091254,rich_boost,bonferroni,0.14285714285714285,,False,0,0,,1082,0,0,0.0,,,,deepseekv32maas
2026091254,rich_boost,fixed_sequence,0.2,,False,0,0,,1082,0,0,0.0,,,,deepseekv32maas
2026091254,rich_boost,bonferroni,0.2,,False,0,0,,1082,0,0,0.0,,,,deepseekv32maas
2026091254,rich_boost,fixed_sequence,0.25,,False,0,0,,1082,0,0,0.0,,,,deepseekv32maas
2026091254,rich_boost,bonferroni,0.25,,False,0,0,,1082,0,0,0.0,,,,deepseekv32maas
2026091255,raw_u,fixed_sequence,0.1,,False,0,0,,1082,0,0,0.0,,,,deepseekv32maas
2026091255,raw_u,bonferroni,0.1,,False,0,0,,1082,0,0,0.0,,,,deepseekv32maas
2026091255,raw_u,fixed_sequence,0.14285714285714285,,False,0,0,,1082,0,0,0.0,,,,deepseekv32maas
2026091255,raw_u,bonferroni,0.14285714285714285,,False,0,0,,1082,0,0,0.0,,,,deepseekv32maas
2026091255,raw_u,fixed_sequence,0.2,,False,0,0,,1082,0,0,0.0,,,,deepseekv32maas
2026091255,raw_u,bonferroni,0.2,,False,0,0,,1082,0,0,0.0,,,,deepseekv32maas
2026091255,raw_u,fixed_sequence,0.25,,False,0,0,,1082,0,0,0.0,,,,deepseekv32maas
2026091255,raw_u,bonferroni,0.25,,False,0,0,,1082,0,0,0.0,,,,deepseekv32maas
2026091255,u_boost,fixed_sequence,0.1,,False,0,0,,1082,0,0,0.0,,,,deepseekv32maas
2026091255,u_boost,bonferroni,0.1,,False,0,0,,1082,0,0,0.0,,,,deepseekv32maas
2026091255,u_boost,fixed_sequence,0.14285714285714285,,False,0,0,,1082,0,0,0.0,,,,deepseekv32maas
2026091255,u_boost,bonferroni,0.14285714285714285,,False,0,0,,1082,0,0,0.0,,,,deepseekv32maas
2026091255,u_boost,fixed_sequence,0.2,,False,0,0,,1082,0,0,0.0,,,,deepseekv32maas
2026091255,u_boost,bonferroni,0.2,,False,0,0,,1082,0,0,0.0,,,,deepseekv32maas
2026091255,u_boost,fixed_sequence,0.25,,False,0,0,,1082,0,0,0.0,,,,deepseekv32maas
2026091255,u_boost,bonferroni,0.25,,False,0,0,,1082,0,0,0.0,,,,deepseekv32maas
2026091255,rich_logistic,fixed_sequence,0.1,,False,0,0,,1082,0,0,0.0,,,,deepseekv32maas
2026091255,rich_logistic,bonferroni,0.1,,False,0,0,,1082,0,0,0.0,,,,deepseekv32maas
2026091255,rich_logistic,fixed_sequence,0.14285714285714285,,False,0,0,,1082,0,0,0.0,,,,deepseekv32maas
2026091255,rich_logistic,bonferroni,0.14285714285714285,,False,0,0,,1082,0,0,0.0,,,,deepseekv32maas
2026091255,rich_logistic,fixed_sequence,0.2,,False,0,0,,1082,0,0,0.0,,,,deepseekv32maas
2026091255,rich_logistic,bonferroni,0.2,,False,0,0,,1082,0,0,0.0,,,,deepseekv32maas
2026091255,rich_logistic,fixed_sequence,0.25,,False,0,0,,1082,0,0,0.0,,,,deepseekv32maas
2026091255,rich_logistic,bonferroni,0.25,,False,0,0,,1082,0,0,0.0,,,,deepseekv32maas
2026091255,rich_boost,fixed_sequence,0.1,,False,0,0,,1082,0,0,0.0,,,,deepseekv32maas
2026091255,rich_boost,bonferroni,0.1,,False,0,0,,1082,0,0,0.0,,,,deepseekv32maas
2026091255,rich_boost,fixed_sequence,0.14285714285714285,,False,0,0,,1082,0,0,0.0,,,,deepseekv32maas
2026091255,rich_boost,bonferroni,0.14285714285714285,,False,0,0,,1082,0,0,0.0,,,,deepseekv32maas
2026091255,rich_boost,fixed_sequence,0.2,,False,0,0,,1082,0,0,0.0,,,,deepseekv32maas
2026091255,rich_boost,bonferroni,0.2,,False,0,0,,1082,0,0,0.0,,,,deepseekv32maas
2026091255,rich_boost,fixed_sequence,0.25,,False,0,0,,1082,0,0,0.0,,,,deepseekv32maas
2026091255,rich_boost,bonferroni,0.25,,False,0,0,,1082,0,0,0.0,,,,deepseekv32maas
2026091256,raw_u,fixed_sequence,0.1,,False,0,0,,1082,0,0,0.0,,,,deepseekv32maas
2026091256,raw_u,bonferroni,0.1,,False,0,0,,1082,0,0,0.0,,,,deepseekv32maas
2026091256,raw_u,fixed_sequence,0.14285714285714285,,False,0,0,,1082,0,0,0.0,,,,deepseekv32maas
2026091256,raw_u,bonferroni,0.14285714285714285,,False,0,0,,1082,0,0,0.0,,,,deepseekv32maas
2026091256,raw_u,fixed_sequence,0.2,,False,0,0,,1082,0,0,0.0,,,,deepseekv32maas
2026091256,raw_u,bonferroni,0.2,,False,0,0,,1082,0,0,0.0,,,,deepseekv32maas
2026091256,raw_u,fixed_sequence,0.25,,False,0,0,,1082,0,0,0.0,,,,deepseekv32maas
2026091256,raw_u,bonferroni,0.25,,False,0,0,,1082,0,0,0.0,,,,deepseekv32maas
2026091256,u_boost,fixed_sequence,0.1,,False,0,0,,1082,0,0,0.0,,,,deepseekv32maas
2026091256,u_boost,bonferroni,0.1,,False,0,0,,1082,0,0,0.0,,,,deepseekv32maas
2026091256,u_boost,fixed_sequence,0.14285714285714285,,False,0,0,,1082,0,0,0.0,,,,deepseekv32maas
2026091256,u_boost,bonferroni,0.14285714285714285,,False,0,0,,1082,0,0,0.0,,,,deepseekv32maas
2026091256,u_boost,fixed_sequence,0.2,,False,0,0,,1082,0,0,0.0,,,,deepseekv32maas
2026091256,u_boost,bonferroni,0.2,,False,0,0,,1082,0,0,0.0,,,,deepseekv32maas
2026091256,u_boost,fixed_sequence,0.25,,False,0,0,,1082,0,0,0.0,,,,deepseekv32maas
2026091256,u_boost,bonferroni,0.25,,False,0,0,,1082,0,0,0.0,,,,deepseekv32maas
2026091256,rich_logistic,fixed_sequence,0.1,,False,0,0,,1082,0,0,0.0,,,,deepseekv32maas
2026091256,rich_logistic,bonferroni,0.1,,False,0,0,,1082,0,0,0.0,,,,deepseekv32maas
2026091256,rich_logistic,fixed_sequence,0.14285714285714285,,False,0,0,,1082,0,0,0.0,,,,deepseekv32maas
2026091256,rich_logistic,bonferroni,0.14285714285714285,,False,0,0,,1082,0,0,0.0,,,,deepseekv32maas
2026091256,rich_logistic,fixed_sequence,0.2,,False,0,0,,1082,0,0,0.0,,,,deepseekv32maas
2026091256,rich_logistic,bonferroni,0.2,,False,0,0,,1082,0,0,0.0,,,,deepseekv32maas
2026091256,rich_logistic,fixed_sequence,0.25,,False,0,0,,1082,0,0,0.0,,,,deepseekv32maas
2026091256,rich_logistic,bonferroni,0.25,,False,0,0,,1082,0,0,0.0,,,,deepseekv32maas
2026091256,rich_boost,fixed_sequence,0.1,,False,0,0,,1082,0,0,0.0,,,,deepseekv32maas
2026091256,rich_boost,bonferroni,0.1,,False,0,0,,1082,0,0,0.0,,,,deepseekv32maas
2026091256,rich_boost,fixed_sequence,0.14285714285714285,,False,0,0,,1082,0,0,0.0,,,,deepseekv32maas
2026091256,rich_boost,bonferroni,0.14285714285714285,,False,0,0,,1082,0,0,0.0,,,,deepseekv32maas
2026091256,rich_boost,fixed_sequence,0.2,,False,0,0,,1082,0,0,0.0,,,,deepseekv32maas
2026091256,rich_boost,bonferroni,0.2,,False,0,0,,1082,0,0,0.0,,,,deepseekv32maas
2026091256,rich_boost,fixed_sequence,0.25,,False,0,0,,1082,0,0,0.0,,,,deepseekv32maas
2026091256,rich_boost,bonferroni,0.25,,False,0,0,,1082,0,0,0.0,,,,deepseekv32maas
2026091257,raw_u,fixed_sequence,0.1,,False,0,0,,1082,0,0,0.0,,,,deepseekv32maas
2026091257,raw_u,bonferroni,0.1,,False,0,0,,1082,0,0,0.0,,,,deepseekv32maas
2026091257,raw_u,fixed_sequence,0.14285714285714285,,False,0,0,,1082,0,0,0.0,,,,deepseekv32maas
2026091257,raw_u,bonferroni,0.14285714285714285,,False,0,0,,1082,0,0,0.0,,,,deepseekv32maas
2026091257,raw_u,fixed_sequence,0.2,,False,0,0,,1082,0,0,0.0,,,,deepseekv32maas
2026091257,raw_u,bonferroni,0.2,,False,0,0,,1082,0,0,0.0,,,,deepseekv32maas
2026091257,raw_u,fixed_sequence,0.25,,False,0,0,,1082,0,0,0.0,,,,deepseekv32maas
2026091257,raw_u,bonferroni,0.25,,False,0,0,,1082,0,0,0.0,,,,deepseekv32maas
2026091257,u_boost,fixed_sequence,0.1,,False,0,0,,1082,0,0,0.0,,,,deepseekv32maas
2026091257,u_boost,bonferroni,0.1,,False,0,0,,1082,0,0,0.0,,,,deepseekv32maas
2026091257,u_boost,fixed_sequence,0.14285714285714285,,False,0,0,,1082,0,0,0.0,,,,deepseekv32maas
2026091257,u_boost,bonferroni,0.14285714285714285,,False,0,0,,1082,0,0,0.0,,,,deepseekv32maas
2026091257,u_boost,fixed_sequence,0.2,,False,0,0,,1082,0,0,0.0,,,,deepseekv32maas
2026091257,u_boost,bonferroni,0.2,,False,0,0,,1082,0,0,0.0,,,,deepseekv32maas
2026091257,u_boost,fixed_sequence,0.25,,False,0,0,,1082,0,0,0.0,,,,deepseekv32maas
2026091257,u_boost,bonferroni,0.25,,False,0,0,,1082,0,0,0.0,,,,deepseekv32maas
2026091257,rich_logistic,fixed_sequence,0.1,,False,0,0,,1082,0,0,0.0,,,,deepseekv32maas
2026091257,rich_logistic,bonferroni,0.1,,False,0,0,,1082,0,0,0.0,,,,deepseekv32maas
2026091257,rich_logistic,fixed_sequence,0.14285714285714285,,False,0,0,,1082,0,0,0.0,,,,deepseekv32maas
2026091257,rich_logistic,bonferroni,0.14285714285714285,,False,0,0,,1082,0,0,0.0,,,,deepseekv32maas
2026091257,rich_logistic,fixed_sequence,0.2,,False,0,0,,1082,0,0,0.0,,,,deepseekv32maas
2026091257,rich_logistic,bonferroni,0.2,,False,0,0,,1082,0,0,0.0,,,,deepseekv32maas
2026091257,rich_logistic,fixed_sequence,0.25,,False,0,0,,1082,0,0,0.0,,,,deepseekv32maas
2026091257,rich_logistic,bonferroni,0.25,,False,0,0,,1082,0,0,0.0,,,,deepseekv32maas
2026091257,rich_boost,fixed_sequence,0.1,,False,0,0,,1082,0,0,0.0,,,,deepseekv32maas
2026091257,rich_boost,bonferroni,0.1,,False,0,0,,1082,0,0,0.0,,,,deepseekv32maas
2026091257,rich_boost,fixed_sequence,0.14285714285714285,,False,0,0,,1082,0,0,0.0,,,,deepseekv32maas
2026091257,rich_boost,bonferroni,0.14285714285714285,,False,0,0,,1082,0,0,0.0,,,,deepseekv32maas
2026091257,rich_boost,fixed_sequence,0.2,,False,0,0,,1082,0,0,0.0,,,,deepseekv32maas
2026091257,rich_boost,bonferroni,0.2,,False,0,0,,1082,0,0,0.0,,,,deepseekv32maas
2026091257,rich_boost,fixed_sequence,0.25,,False,0,0,,1082,0,0,0.0,,,,deepseekv32maas
2026091257,rich_boost,bonferroni,0.25,,False,0,0,,1082,0,0,0.0,,,,deepseekv32maas
2026091258,raw_u,fixed_sequence,0.1,,False,0,0,,1082,0,0,0.0,,,,deepseekv32maas
2026091258,raw_u,bonferroni,0.1,,False,0,0,,1082,0,0,0.0,,,,deepseekv32maas
2026091258,raw_u,fixed_sequence,0.14285714285714285,,False,0,0,,1082,0,0,0.0,,,,deepseekv32maas
2026091258,raw_u,bonferroni,0.14285714285714285,,False,0,0,,1082,0,0,0.0,,,,deepseekv32maas
2026091258,raw_u,fixed_sequence,0.2,,False,0,0,,1082,0,0,0.0,,,,deepseekv32maas
2026091258,raw_u,bonferroni,0.2,,False,0,0,,1082,0,0,0.0,,,,deepseekv32maas
2026091258,raw_u,fixed_sequence,0.25,,False,0,0,,1082,0,0,0.0,,,,deepseekv32maas
2026091258,raw_u,bonferroni,0.25,,False,0,0,,1082,0,0,0.0,,,,deepseekv32maas
2026091258,u_boost,fixed_sequence,0.1,,False,0,0,,1082,0,0,0.0,,,,deepseekv32maas
2026091258,u_boost,bonferroni,0.1,,False,0,0,,1082,0,0,0.0,,,,deepseekv32maas
2026091258,u_boost,fixed_sequence,0.14285714285714285,,False,0,0,,1082,0,0,0.0,,,,deepseekv32maas
2026091258,u_boost,bonferroni,0.14285714285714285,,False,0,0,,1082,0,0,0.0,,,,deepseekv32maas
2026091258,u_boost,fixed_sequence,0.2,,False,0,0,,1082,0,0,0.0,,,,deepseekv32maas
2026091258,u_boost,bonferroni,0.2,,False,0,0,,1082,0,0,0.0,,,,deepseekv32maas
2026091258,u_boost,fixed_sequence,0.25,,False,0,0,,1082,0,0,0.0,,,,deepseekv32maas
2026091258,u_boost,bonferroni,0.25,,False,0,0,,1082,0,0,0.0,,,,deepseekv32maas
2026091258,rich_logistic,fixed_sequence,0.1,,False,0,0,,1082,0,0,0.0,,,,deepseekv32maas
2026091258,rich_logistic,bonferroni,0.1,,False,0,0,,1082,0,0,0.0,,,,deepseekv32maas
2026091258,rich_logistic,fixed_sequence,0.14285714285714285,,False,0,0,,1082,0,0,0.0,,,,deepseekv32maas
2026091258,rich_logistic,bonferroni,0.14285714285714285,,False,0,0,,1082,0,0,0.0,,,,deepseekv32maas
2026091258,rich_logistic,fixed_sequence,0.2,,False,0,0,,1082,0,0,0.0,,,,deepseekv32maas
2026091258,rich_logistic,bonferroni,0.2,,False,0,0,,1082,0,0,0.0,,,,deepseekv32maas
2026091258,rich_logistic,fixed_sequence,0.25,,False,0,0,,1082,0,0,0.0,,,,deepseekv32maas
2026091258,rich_logistic,bonferroni,0.25,,False,0,0,,1082,0,0,0.0,,,,deepseekv32maas
2026091258,rich_boost,fixed_sequence,0.1,,False,0,0,,1082,0,0,0.0,,,,deepseekv32maas
2026091258,rich_boost,bonferroni,0.1,,False,0,0,,1082,0,0,0.0,,,,deepseekv32maas
2026091258,rich_boost,fixed_sequence,0.14285714285714285,,False,0,0,,1082,0,0,0.0,,,,deepseekv32maas
2026091258,rich_boost,bonferroni,0.14285714285714285,,False,0,0,,1082,0,0,0.0,,,,deepseekv32maas
2026091258,rich_boost,fixed_sequence,0.2,,False,0,0,,1082,0,0,0.0,,,,deepseekv32maas
2026091258,rich_boost,bonferroni,0.2,,False,0,0,,1082,0,0,0.0,,,,deepseekv32maas
2026091258,rich_boost,fixed_sequence,0.25,,False,0,0,,1082,0,0,0.0,,,,deepseekv32maas
2026091258,rich_boost,bonferroni,0.25,,False,0,0,,1082,0,0,0.0,,,,deepseekv32maas
2026091259,raw_u,fixed_sequence,0.1,,False,0,0,,1082,0,0,0.0,,,,deepseekv32maas
2026091259,raw_u,bonferroni,0.1,,False,0,0,,1082,0,0,0.0,,,,deepseekv32maas
2026091259,raw_u,fixed_sequence,0.14285714285714285,,False,0,0,,1082,0,0,0.0,,,,deepseekv32maas
2026091259,raw_u,bonferroni,0.14285714285714285,,False,0,0,,1082,0,0,0.0,,,,deepseekv32maas
2026091259,raw_u,fixed_sequence,0.2,,False,0,0,,1082,0,0,0.0,,,,deepseekv32maas
2026091259,raw_u,bonferroni,0.2,,False,0,0,,1082,0,0,0.0,,,,deepseekv32maas
2026091259,raw_u,fixed_sequence,0.25,,False,0,0,,1082,0,0,0.0,,,,deepseekv32maas
2026091259,raw_u,bonferroni,0.25,,False,0,0,,1082,0,0,0.0,,,,deepseekv32maas
2026091259,u_boost,fixed_sequence,0.1,,False,0,0,,1082,0,0,0.0,,,,deepseekv32maas
2026091259,u_boost,bonferroni,0.1,,False,0,0,,1082,0,0,0.0,,,,deepseekv32maas
2026091259,u_boost,fixed_sequence,0.14285714285714285,,False,0,0,,1082,0,0,0.0,,,,deepseekv32maas
2026091259,u_boost,bonferroni,0.14285714285714285,,False,0,0,,1082,0,0,0.0,,,,deepseekv32maas
2026091259,u_boost,fixed_sequence,0.2,,False,0,0,,1082,0,0,0.0,,,,deepseekv32maas
2026091259,u_boost,bonferroni,0.2,,False,0,0,,1082,0,0,0.0,,,,deepseekv32maas
2026091259,u_boost,fixed_sequence,0.25,,False,0,0,,1082,0,0,0.0,,,,deepseekv32maas
2026091259,u_boost,bonferroni,0.25,,False,0,0,,1082,0,0,0.0,,,,deepseekv32maas
2026091259,rich_logistic,fixed_sequence,0.1,,False,0,0,,1082,0,0,0.0,,,,deepseekv32maas
2026091259,rich_logistic,bonferroni,0.1,,False,0,0,,1082,0,0,0.0,,,,deepseekv32maas
2026091259,rich_logistic,fixed_sequence,0.14285714285714285,,False,0,0,,1082,0,0,0.0,,,,deepseekv32maas
2026091259,rich_logistic,bonferroni,0.14285714285714285,,False,0,0,,1082,0,0,0.0,,,,deepseekv32maas
2026091259,rich_logistic,fixed_sequence,0.2,,False,0,0,,1082,0,0,0.0,,,,deepseekv32maas
2026091259,rich_logistic,bonferroni,0.2,,False,0,0,,1082,0,0,0.0,,,,deepseekv32maas
2026091259,rich_logistic,fixed_sequence,0.25,,False,0,0,,1082,0,0,0.0,,,,deepseekv32maas
2026091259,rich_logistic,bonferroni,0.25,,False,0,0,,1082,0,0,0.0,,,,deepseekv32maas
2026091259,rich_boost,fixed_sequence,0.1,,False,0,0,,1082,0,0,0.0,,,,deepseekv32maas
2026091259,rich_boost,bonferroni,0.1,,False,0,0,,1082,0,0,0.0,,,,deepseekv32maas
2026091259,rich_boost,fixed_sequence,0.14285714285714285,,False,0,0,,1082,0,0,0.0,,,,deepseekv32maas
2026091259,rich_boost,bonferroni,0.14285714285714285,,False,0,0,,1082,0,0,0.0,,,,deepseekv32maas
2026091259,rich_boost,fixed_sequence,0.2,,False,0,0,,1082,0,0,0.0,,,,deepseekv32maas
2026091259,rich_boost,bonferroni,0.2,,False,0,0,,1082,0,0,0.0,,,,deepseekv32maas
2026091259,rich_boost,fixed_sequence,0.25,,False,0,0,,1082,0,0,0.0,,,,deepseekv32maas
2026091259,rich_boost,bonferroni,0.25,,False,0,0,,1082,0,0,0.0,,,,deepseekv32maas
2026091260,raw_u,fixed_sequence,0.1,,False,0,0,,1082,0,0,0.0,,,,deepseekv32maas
2026091260,raw_u,bonferroni,0.1,,False,0,0,,1082,0,0,0.0,,,,deepseekv32maas
2026091260,raw_u,fixed_sequence,0.14285714285714285,,False,0,0,,1082,0,0,0.0,,,,deepseekv32maas
2026091260,raw_u,bonferroni,0.14285714285714285,,False,0,0,,1082,0,0,0.0,,,,deepseekv32maas
2026091260,raw_u,fixed_sequence,0.2,,False,0,0,,1082,0,0,0.0,,,,deepseekv32maas
2026091260,raw_u,bonferroni,0.2,,False,0,0,,1082,0,0,0.0,,,,deepseekv32maas
2026091260,raw_u,fixed_sequence,0.25,,False,0,0,,1082,0,0,0.0,,,,deepseekv32maas
2026091260,raw_u,bonferroni,0.25,,False,0,0,,1082,0,0,0.0,,,,deepseekv32maas
2026091260,u_boost,fixed_sequence,0.1,,False,0,0,,1082,0,0,0.0,,,,deepseekv32maas
2026091260,u_boost,bonferroni,0.1,,False,0,0,,1082,0,0,0.0,,,,deepseekv32maas
2026091260,u_boost,fixed_sequence,0.14285714285714285,,False,0,0,,1082,0,0,0.0,,,,deepseekv32maas
2026091260,u_boost,bonferroni,0.14285714285714285,,False,0,0,,1082,0,0,0.0,,,,deepseekv32maas
2026091260,u_boost,fixed_sequence,0.2,,False,0,0,,1082,0,0,0.0,,,,deepseekv32maas
2026091260,u_boost,bonferroni,0.2,,False,0,0,,1082,0,0,0.0,,,,deepseekv32maas
2026091260,u_boost,fixed_sequence,0.25,,False,0,0,,1082,0,0,0.0,,,,deepseekv32maas
2026091260,u_boost,bonferroni,0.25,,False,0,0,,1082,0,0,0.0,,,,deepseekv32maas
2026091260,rich_logistic,fixed_sequence,0.1,,False,0,0,,1082,0,0,0.0,,,,deepseekv32maas
2026091260,rich_logistic,bonferroni,0.1,,False,0,0,,1082,0,0,0.0,,,,deepseekv32maas
2026091260,rich_logistic,fixed_sequence,0.14285714285714285,,False,0,0,,1082,0,0,0.0,,,,deepseekv32maas
2026091260,rich_logistic,bonferroni,0.14285714285714285,,False,0,0,,1082,0,0,0.0,,,,deepseekv32maas
2026091260,rich_logistic,fixed_sequence,0.2,,False,0,0,,1082,0,0,0.0,,,,deepseekv32maas
2026091260,rich_logistic,bonferroni,0.2,,False,0,0,,1082,0,0,0.0,,,,deepseekv32maas
2026091260,rich_logistic,fixed_sequence,0.25,,False,0,0,,1082,0,0,0.0,,,,deepseekv32maas
2026091260,rich_logistic,bonferroni,0.25,,False,0,0,,1082,0,0,0.0,,,,deepseekv32maas
2026091260,rich_boost,fixed_sequence,0.1,,False,0,0,,1082,0,0,0.0,,,,deepseekv32maas
2026091260,rich_boost,bonferroni,0.1,,False,0,0,,1082,0,0,0.0,,,,deepseekv32maas
2026091260,rich_boost,fixed_sequence,0.14285714285714285,,False,0,0,,1082,0,0,0.0,,,,deepseekv32maas
2026091260,rich_boost,bonferroni,0.14285714285714285,,False,0,0,,1082,0,0,0.0,,,,deepseekv32maas
2026091260,rich_boost,fixed_sequence,0.2,,False,0,0,,1082,0,0,0.0,,,,deepseekv32maas
2026091260,rich_boost,bonferroni,0.2,,False,0,0,,1082,0,0,0.0,,,,deepseekv32maas
2026091260,rich_boost,fixed_sequence,0.25,,False,0,0,,1082,0,0,0.0,,,,deepseekv32maas
2026091260,rich_boost,bonferroni,0.25,,False,0,0,,1082,0,0,0.0,,,,deepseekv32maas
2026091261,raw_u,fixed_sequence,0.1,,False,0,0,,1082,0,0,0.0,,,,deepseekv32maas
2026091261,raw_u,bonferroni,0.1,,False,0,0,,1082,0,0,0.0,,,,deepseekv32maas
2026091261,raw_u,fixed_sequence,0.14285714285714285,,False,0,0,,1082,0,0,0.0,,,,deepseekv32maas
2026091261,raw_u,bonferroni,0.14285714285714285,,False,0,0,,1082,0,0,0.0,,,,deepseekv32maas
2026091261,raw_u,fixed_sequence,0.2,,False,0,0,,1082,0,0,0.0,,,,deepseekv32maas
2026091261,raw_u,bonferroni,0.2,,False,0,0,,1082,0,0,0.0,,,,deepseekv32maas
2026091261,raw_u,fixed_sequence,0.25,,False,0,0,,1082,0,0,0.0,,,,deepseekv32maas
2026091261,raw_u,bonferroni,0.25,,False,0,0,,1082,0,0,0.0,,,,deepseekv32maas
2026091261,u_boost,fixed_sequence,0.1,,False,0,0,,1082,0,0,0.0,,,,deepseekv32maas
2026091261,u_boost,bonferroni,0.1,,False,0,0,,1082,0,0,0.0,,,,deepseekv32maas
2026091261,u_boost,fixed_sequence,0.14285714285714285,,False,0,0,,1082,0,0,0.0,,,,deepseekv32maas
2026091261,u_boost,bonferroni,0.14285714285714285,,False,0,0,,1082,0,0,0.0,,,,deepseekv32maas
2026091261,u_boost,fixed_sequence,0.2,,False,0,0,,1082,0,0,0.0,,,,deepseekv32maas
2026091261,u_boost,bonferroni,0.2,,False,0,0,,1082,0,0,0.0,,,,deepseekv32maas
2026091261,u_boost,fixed_sequence,0.25,,False,0,0,,1082,0,0,0.0,,,,deepseekv32maas
2026091261,u_boost,bonferroni,0.25,,False,0,0,,1082,0,0,0.0,,,,deepseekv32maas
2026091261,rich_logistic,fixed_sequence,0.1,,False,0,0,,1082,0,0,0.0,,,,deepseekv32maas
2026091261,rich_logistic,bonferroni,0.1,,False,0,0,,1082,0,0,0.0,,,,deepseekv32maas
2026091261,rich_logistic,fixed_sequence,0.14285714285714285,,False,0,0,,1082,0,0,0.0,,,,deepseekv32maas
2026091261,rich_logistic,bonferroni,0.14285714285714285,,False,0,0,,1082,0,0,0.0,,,,deepseekv32maas
2026091261,rich_logistic,fixed_sequence,0.2,,False,0,0,,1082,0,0,0.0,,,,deepseekv32maas
2026091261,rich_logistic,bonferroni,0.2,,False,0,0,,1082,0,0,0.0,,,,deepseekv32maas
2026091261,rich_logistic,fixed_sequence,0.25,,False,0,0,,1082,0,0,0.0,,,,deepseekv32maas
2026091261,rich_logistic,bonferroni,0.25,,False,0,0,,1082,0,0,0.0,,,,deepseekv32maas
2026091261,rich_boost,fixed_sequence,0.1,,False,0,0,,1082,0,0,0.0,,,,deepseekv32maas
2026091261,rich_boost,bonferroni,0.1,,False,0,0,,1082,0,0,0.0,,,,deepseekv32maas
2026091261,rich_boost,fixed_sequence,0.14285714285714285,,False,0,0,,1082,0,0,0.0,,,,deepseekv32maas
2026091261,rich_boost,bonferroni,0.14285714285714285,,False,0,0,,1082,0,0,0.0,,,,deepseekv32maas
2026091261,rich_boost,fixed_sequence,0.2,,False,0,0,,1082,0,0,0.0,,,,deepseekv32maas
2026091261,rich_boost,bonferroni,0.2,,False,0,0,,1082,0,0,0.0,,,,deepseekv32maas
2026091261,rich_boost,fixed_sequence,0.25,,False,0,0,,1082,0,0,0.0,,,,deepseekv32maas
2026091261,rich_boost,bonferroni,0.25,,False,0,0,,1082,0,0,0.0,,,,deepseekv32maas
2026091262,raw_u,fixed_sequence,0.1,,False,0,0,,1082,0,0,0.0,,,,deepseekv32maas
2026091262,raw_u,bonferroni,0.1,,False,0,0,,1082,0,0,0.0,,,,deepseekv32maas
2026091262,raw_u,fixed_sequence,0.14285714285714285,,False,0,0,,1082,0,0,0.0,,,,deepseekv32maas
2026091262,raw_u,bonferroni,0.14285714285714285,,False,0,0,,1082,0,0,0.0,,,,deepseekv32maas
2026091262,raw_u,fixed_sequence,0.2,,False,0,0,,1082,0,0,0.0,,,,deepseekv32maas
2026091262,raw_u,bonferroni,0.2,,False,0,0,,1082,0,0,0.0,,,,deepseekv32maas
2026091262,raw_u,fixed_sequence,0.25,,False,0,0,,1082,0,0,0.0,,,,deepseekv32maas
2026091262,raw_u,bonferroni,0.25,,False,0,0,,1082,0,0,0.0,,,,deepseekv32maas
2026091262,u_boost,fixed_sequence,0.1,,False,0,0,,1082,0,0,0.0,,,,deepseekv32maas
2026091262,u_boost,bonferroni,0.1,,False,0,0,,1082,0,0,0.0,,,,deepseekv32maas
2026091262,u_boost,fixed_sequence,0.14285714285714285,,False,0,0,,1082,0,0,0.0,,,,deepseekv32maas
2026091262,u_boost,bonferroni,0.14285714285714285,,False,0,0,,1082,0,0,0.0,,,,deepseekv32maas
2026091262,u_boost,fixed_sequence,0.2,,False,0,0,,1082,0,0,0.0,,,,deepseekv32maas
2026091262,u_boost,bonferroni,0.2,,False,0,0,,1082,0,0,0.0,,,,deepseekv32maas
2026091262,u_boost,fixed_sequence,0.25,,False,0,0,,1082,0,0,0.0,,,,deepseekv32maas
2026091262,u_boost,bonferroni,0.25,,False,0,0,,1082,0,0,0.0,,,,deepseekv32maas
2026091262,rich_logistic,fixed_sequence,0.1,,False,0,0,,1082,0,0,0.0,,,,deepseekv32maas
2026091262,rich_logistic,bonferroni,0.1,,False,0,0,,1082,0,0,0.0,,,,deepseekv32maas
2026091262,rich_logistic,fixed_sequence,0.14285714285714285,,False,0,0,,1082,0,0,0.0,,,,deepseekv32maas
2026091262,rich_logistic,bonferroni,0.14285714285714285,,False,0,0,,1082,0,0,0.0,,,,deepseekv32maas
2026091262,rich_logistic,fixed_sequence,0.2,,False,0,0,,1082,0,0,0.0,,,,deepseekv32maas
2026091262,rich_logistic,bonferroni,0.2,,False,0,0,,1082,0,0,0.0,,,,deepseekv32maas
2026091262,rich_logistic,fixed_sequence,0.25,,False,0,0,,1082,0,0,0.0,,,,deepseekv32maas
2026091262,rich_logistic,bonferroni,0.25,,False,0,0,,1082,0,0,0.0,,,,deepseekv32maas
2026091262,rich_boost,fixed_sequence,0.1,,False,0,0,,1082,0,0,0.0,,,,deepseekv32maas
2026091262,rich_boost,bonferroni,0.1,,False,0,0,,1082,0,0,0.0,,,,deepseekv32maas
2026091262,rich_boost,fixed_sequence,0.14285714285714285,,False,0,0,,1082,0,0,0.0,,,,deepseekv32maas
2026091262,rich_boost,bonferroni,0.14285714285714285,,False,0,0,,1082,0,0,0.0,,,,deepseekv32maas
2026091262,rich_boost,fixed_sequence,0.2,,False,0,0,,1082,0,0,0.0,,,,deepseekv32maas
2026091262,rich_boost,bonferroni,0.2,,False,0,0,,1082,0,0,0.0,,,,deepseekv32maas
2026091262,rich_boost,fixed_sequence,0.25,,False,0,0,,1082,0,0,0.0,,,,deepseekv32maas
2026091262,rich_boost,bonferroni,0.25,,False,0,0,,1082,0,0,0.0,,,,deepseekv32maas
2026091263,raw_u,fixed_sequence,0.1,,False,0,0,,1082,0,0,0.0,,,,deepseekv32maas
2026091263,raw_u,bonferroni,0.1,,False,0,0,,1082,0,0,0.0,,,,deepseekv32maas
2026091263,raw_u,fixed_sequence,0.14285714285714285,,False,0,0,,1082,0,0,0.0,,,,deepseekv32maas
2026091263,raw_u,bonferroni,0.14285714285714285,,False,0,0,,1082,0,0,0.0,,,,deepseekv32maas
2026091263,raw_u,fixed_sequence,0.2,,False,0,0,,1082,0,0,0.0,,,,deepseekv32maas
2026091263,raw_u,bonferroni,0.2,,False,0,0,,1082,0,0,0.0,,,,deepseekv32maas
2026091263,raw_u,fixed_sequence,0.25,,False,0,0,,1082,0,0,0.0,,,,deepseekv32maas
2026091263,raw_u,bonferroni,0.25,,False,0,0,,1082,0,0,0.0,,,,deepseekv32maas
2026091263,u_boost,fixed_sequence,0.1,,False,0,0,,1082,0,0,0.0,,,,deepseekv32maas
2026091263,u_boost,bonferroni,0.1,,False,0,0,,1082,0,0,0.0,,,,deepseekv32maas
2026091263,u_boost,fixed_sequence,0.14285714285714285,,False,0,0,,1082,0,0,0.0,,,,deepseekv32maas
2026091263,u_boost,bonferroni,0.14285714285714285,,False,0,0,,1082,0,0,0.0,,,,deepseekv32maas
2026091263,u_boost,fixed_sequence,0.2,,False,0,0,,1082,0,0,0.0,,,,deepseekv32maas
2026091263,u_boost,bonferroni,0.2,,False,0,0,,1082,0,0,0.0,,,,deepseekv32maas
2026091263,u_boost,fixed_sequence,0.25,,False,0,0,,1082,0,0,0.0,,,,deepseekv32maas
2026091263,u_boost,bonferroni,0.25,,False,0,0,,1082,0,0,0.0,,,,deepseekv32maas
2026091263,rich_logistic,fixed_sequence,0.1,,False,0,0,,1082,0,0,0.0,,,,deepseekv32maas
2026091263,rich_logistic,bonferroni,0.1,,False,0,0,,1082,0,0,0.0,,,,deepseekv32maas
2026091263,rich_logistic,fixed_sequence,0.14285714285714285,,False,0,0,,1082,0,0,0.0,,,,deepseekv32maas
2026091263,rich_logistic,bonferroni,0.14285714285714285,,False,0,0,,1082,0,0,0.0,,,,deepseekv32maas
2026091263,rich_logistic,fixed_sequence,0.2,,False,0,0,,1082,0,0,0.0,,,,deepseekv32maas
2026091263,rich_logistic,bonferroni,0.2,,False,0,0,,1082,0,0,0.0,,,,deepseekv32maas
2026091263,rich_logistic,fixed_sequence,0.25,,False,0,0,,1082,0,0,0.0,,,,deepseekv32maas
2026091263,rich_logistic,bonferroni,0.25,,False,0,0,,1082,0,0,0.0,,,,deepseekv32maas
2026091263,rich_boost,fixed_sequence,0.1,,False,0,0,,1082,0,0,0.0,,,,deepseekv32maas
2026091263,rich_boost,bonferroni,0.1,,False,0,0,,1082,0,0,0.0,,,,deepseekv32maas
2026091263,rich_boost,fixed_sequence,0.14285714285714285,,False,0,0,,1082,0,0,0.0,,,,deepseekv32maas
2026091263,rich_boost,bonferroni,0.14285714285714285,,False,0,0,,1082,0,0,0.0,,,,deepseekv32maas
2026091263,rich_boost,fixed_sequence,0.2,,False,0,0,,1082,0,0,0.0,,,,deepseekv32maas
2026091263,rich_boost,bonferroni,0.2,,False,0,0,,1082,0,0,0.0,,,,deepseekv32maas
2026091263,rich_boost,fixed_sequence,0.25,,False,0,0,,1082,0,0,0.0,,,,deepseekv32maas
2026091263,rich_boost,bonferroni,0.25,,False,0,0,,1082,0,0,0.0,,,,deepseekv32maas
2026091264,raw_u,fixed_sequence,0.1,,False,0,0,,1082,0,0,0.0,,,,deepseekv32maas
2026091264,raw_u,bonferroni,0.1,,False,0,0,,1082,0,0,0.0,,,,deepseekv32maas
2026091264,raw_u,fixed_sequence,0.14285714285714285,,False,0,0,,1082,0,0,0.0,,,,deepseekv32maas
2026091264,raw_u,bonferroni,0.14285714285714285,,False,0,0,,1082,0,0,0.0,,,,deepseekv32maas
2026091264,raw_u,fixed_sequence,0.2,,False,0,0,,1082,0,0,0.0,,,,deepseekv32maas
2026091264,raw_u,bonferroni,0.2,,False,0,0,,1082,0,0,0.0,,,,deepseekv32maas
2026091264,raw_u,fixed_sequence,0.25,,False,0,0,,1082,0,0,0.0,,,,deepseekv32maas
2026091264,raw_u,bonferroni,0.25,,False,0,0,,1082,0,0,0.0,,,,deepseekv32maas
2026091264,u_boost,fixed_sequence,0.1,,False,0,0,,1082,0,0,0.0,,,,deepseekv32maas
2026091264,u_boost,bonferroni,0.1,,False,0,0,,1082,0,0,0.0,,,,deepseekv32maas
2026091264,u_boost,fixed_sequence,0.14285714285714285,,False,0,0,,1082,0,0,0.0,,,,deepseekv32maas
2026091264,u_boost,bonferroni,0.14285714285714285,,False,0,0,,1082,0,0,0.0,,,,deepseekv32maas
2026091264,u_boost,fixed_sequence,0.2,,False,0,0,,1082,0,0,0.0,,,,deepseekv32maas
2026091264,u_boost,bonferroni,0.2,,False,0,0,,1082,0,0,0.0,,,,deepseekv32maas
2026091264,u_boost,fixed_sequence,0.25,,False,0,0,,1082,0,0,0.0,,,,deepseekv32maas
2026091264,u_boost,bonferroni,0.25,,False,0,0,,1082,0,0,0.0,,,,deepseekv32maas
2026091264,rich_logistic,fixed_sequence,0.1,,False,0,0,,1082,0,0,0.0,,,,deepseekv32maas
2026091264,rich_logistic,bonferroni,0.1,,False,0,0,,1082,0,0,0.0,,,,deepseekv32maas
2026091264,rich_logistic,fixed_sequence,0.14285714285714285,,False,0,0,,1082,0,0,0.0,,,,deepseekv32maas
2026091264,rich_logistic,bonferroni,0.14285714285714285,,False,0,0,,1082,0,0,0.0,,,,deepseekv32maas
2026091264,rich_logistic,fixed_sequence,0.2,,False,0,0,,1082,0,0,0.0,,,,deepseekv32maas
2026091264,rich_logistic,bonferroni,0.2,,False,0,0,,1082,0,0,0.0,,,,deepseekv32maas
2026091264,rich_logistic,fixed_sequence,0.25,,False,0,0,,1082,0,0,0.0,,,,deepseekv32maas
2026091264,rich_logistic,bonferroni,0.25,,False,0,0,,1082,0,0,0.0,,,,deepseekv32maas
2026091264,rich_boost,fixed_sequence,0.1,,False,0,0,,1082,0,0,0.0,,,,deepseekv32maas
2026091264,rich_boost,bonferroni,0.1,,False,0,0,,1082,0,0,0.0,,,,deepseekv32maas
2026091264,rich_boost,fixed_sequence,0.14285714285714285,,False,0,0,,1082,0,0,0.0,,,,deepseekv32maas
2026091264,rich_boost,bonferroni,0.14285714285714285,,False,0,0,,1082,0,0,0.0,,,,deepseekv32maas
2026091264,rich_boost,fixed_sequence,0.2,,False,0,0,,1082,0,0,0.0,,,,deepseekv32maas
2026091264,rich_boost,bonferroni,0.2,,False,0,0,,1082,0,0,0.0,,,,deepseekv32maas
2026091264,rich_boost,fixed_sequence,0.25,,False,0,0,,1082,0,0,0.0,,,,deepseekv32maas
2026091264,rich_boost,bonferroni,0.25,,False,0,0,,1082,0,0,0.0,,,,deepseekv32maas
2026091265,raw_u,fixed_sequence,0.1,,False,0,0,,1082,0,0,0.0,,,,deepseekv32maas
2026091265,raw_u,bonferroni,0.1,,False,0,0,,1082,0,0,0.0,,,,deepseekv32maas
2026091265,raw_u,fixed_sequence,0.14285714285714285,,False,0,0,,1082,0,0,0.0,,,,deepseekv32maas
2026091265,raw_u,bonferroni,0.14285714285714285,,False,0,0,,1082,0,0,0.0,,,,deepseekv32maas
2026091265,raw_u,fixed_sequence,0.2,,False,0,0,,1082,0,0,0.0,,,,deepseekv32maas
2026091265,raw_u,bonferroni,0.2,,False,0,0,,1082,0,0,0.0,,,,deepseekv32maas
2026091265,raw_u,fixed_sequence,0.25,,False,0,0,,1082,0,0,0.0,,,,deepseekv32maas
2026091265,raw_u,bonferroni,0.25,,False,0,0,,1082,0,0,0.0,,,,deepseekv32maas
2026091265,u_boost,fixed_sequence,0.1,,False,0,0,,1082,0,0,0.0,,,,deepseekv32maas
2026091265,u_boost,bonferroni,0.1,,False,0,0,,1082,0,0,0.0,,,,deepseekv32maas
2026091265,u_boost,fixed_sequence,0.14285714285714285,,False,0,0,,1082,0,0,0.0,,,,deepseekv32maas
2026091265,u_boost,bonferroni,0.14285714285714285,,False,0,0,,1082,0,0,0.0,,,,deepseekv32maas
2026091265,u_boost,fixed_sequence,0.2,,False,0,0,,1082,0,0,0.0,,,,deepseekv32maas
2026091265,u_boost,bonferroni,0.2,,False,0,0,,1082,0,0,0.0,,,,deepseekv32maas
2026091265,u_boost,fixed_sequence,0.25,,False,0,0,,1082,0,0,0.0,,,,deepseekv32maas
2026091265,u_boost,bonferroni,0.25,,False,0,0,,1082,0,0,0.0,,,,deepseekv32maas
2026091265,rich_logistic,fixed_sequence,0.1,,False,0,0,,1082,0,0,0.0,,,,deepseekv32maas
2026091265,rich_logistic,bonferroni,0.1,,False,0,0,,1082,0,0,0.0,,,,deepseekv32maas
2026091265,rich_logistic,fixed_sequence,0.14285714285714285,,False,0,0,,1082,0,0,0.0,,,,deepseekv32maas
2026091265,rich_logistic,bonferroni,0.14285714285714285,,False,0,0,,1082,0,0,0.0,,,,deepseekv32maas
2026091265,rich_logistic,fixed_sequence,0.2,,False,0,0,,1082,0,0,0.0,,,,deepseekv32maas
2026091265,rich_logistic,bonferroni,0.2,,False,0,0,,1082,0,0,0.0,,,,deepseekv32maas
2026091265,rich_logistic,fixed_sequence,0.25,,False,0,0,,1082,0,0,0.0,,,,deepseekv32maas
2026091265,rich_logistic,bonferroni,0.25,,False,0,0,,1082,0,0,0.0,,,,deepseekv32maas
2026091265,rich_boost,fixed_sequence,0.1,,False,0,0,,1082,0,0,0.0,,,,deepseekv32maas
2026091265,rich_boost,bonferroni,0.1,,False,0,0,,1082,0,0,0.0,,,,deepseekv32maas
2026091265,rich_boost,fixed_sequence,0.14285714285714285,,False,0,0,,1082,0,0,0.0,,,,deepseekv32maas
2026091265,rich_boost,bonferroni,0.14285714285714285,,False,0,0,,1082,0,0,0.0,,,,deepseekv32maas
2026091265,rich_boost,fixed_sequence,0.2,,False,0,0,,1082,0,0,0.0,,,,deepseekv32maas
2026091265,rich_boost,bonferroni,0.2,,False,0,0,,1082,0,0,0.0,,,,deepseekv32maas
2026091265,rich_boost,fixed_sequence,0.25,,False,0,0,,1082,0,0,0.0,,,,deepseekv32maas
2026091265,rich_boost,bonferroni,0.25,,False,0,0,,1082,0,0,0.0,,,,deepseekv32maas
2026091266,raw_u,fixed_sequence,0.1,,False,0,0,,1082,0,0,0.0,,,,deepseekv32maas
2026091266,raw_u,bonferroni,0.1,,False,0,0,,1082,0,0,0.0,,,,deepseekv32maas
2026091266,raw_u,fixed_sequence,0.14285714285714285,,False,0,0,,1082,0,0,0.0,,,,deepseekv32maas
2026091266,raw_u,bonferroni,0.14285714285714285,,False,0,0,,1082,0,0,0.0,,,,deepseekv32maas
2026091266,raw_u,fixed_sequence,0.2,,False,0,0,,1082,0,0,0.0,,,,deepseekv32maas
2026091266,raw_u,bonferroni,0.2,,False,0,0,,1082,0,0,0.0,,,,deepseekv32maas
2026091266,raw_u,fixed_sequence,0.25,,False,0,0,,1082,0,0,0.0,,,,deepseekv32maas
2026091266,raw_u,bonferroni,0.25,,False,0,0,,1082,0,0,0.0,,,,deepseekv32maas
2026091266,u_boost,fixed_sequence,0.1,,False,0,0,,1082,0,0,0.0,,,,deepseekv32maas
2026091266,u_boost,bonferroni,0.1,,False,0,0,,1082,0,0,0.0,,,,deepseekv32maas
2026091266,u_boost,fixed_sequence,0.14285714285714285,,False,0,0,,1082,0,0,0.0,,,,deepseekv32maas
2026091266,u_boost,bonferroni,0.14285714285714285,,False,0,0,,1082,0,0,0.0,,,,deepseekv32maas
2026091266,u_boost,fixed_sequence,0.2,,False,0,0,,1082,0,0,0.0,,,,deepseekv32maas
2026091266,u_boost,bonferroni,0.2,,False,0,0,,1082,0,0,0.0,,,,deepseekv32maas
2026091266,u_boost,fixed_sequence,0.25,,False,0,0,,1082,0,0,0.0,,,,deepseekv32maas
2026091266,u_boost,bonferroni,0.25,,False,0,0,,1082,0,0,0.0,,,,deepseekv32maas
2026091266,rich_logistic,fixed_sequence,0.1,,False,0,0,,1082,0,0,0.0,,,,deepseekv32maas
2026091266,rich_logistic,bonferroni,0.1,,False,0,0,,1082,0,0,0.0,,,,deepseekv32maas
2026091266,rich_logistic,fixed_sequence,0.14285714285714285,,False,0,0,,1082,0,0,0.0,,,,deepseekv32maas
2026091266,rich_logistic,bonferroni,0.14285714285714285,,False,0,0,,1082,0,0,0.0,,,,deepseekv32maas
2026091266,rich_logistic,fixed_sequence,0.2,,False,0,0,,1082,0,0,0.0,,,,deepseekv32maas
2026091266,rich_logistic,bonferroni,0.2,,False,0,0,,1082,0,0,0.0,,,,deepseekv32maas
2026091266,rich_logistic,fixed_sequence,0.25,,False,0,0,,1082,0,0,0.0,,,,deepseekv32maas
2026091266,rich_logistic,bonferroni,0.25,,False,0,0,,1082,0,0,0.0,,,,deepseekv32maas
2026091266,rich_boost,fixed_sequence,0.1,,False,0,0,,1082,0,0,0.0,,,,deepseekv32maas
2026091266,rich_boost,bonferroni,0.1,,False,0,0,,1082,0,0,0.0,,,,deepseekv32maas
2026091266,rich_boost,fixed_sequence,0.14285714285714285,,False,0,0,,1082,0,0,0.0,,,,deepseekv32maas
2026091266,rich_boost,bonferroni,0.14285714285714285,,False,0,0,,1082,0,0,0.0,,,,deepseekv32maas
2026091266,rich_boost,fixed_sequence,0.2,,False,0,0,,1082,0,0,0.0,,,,deepseekv32maas
2026091266,rich_boost,bonferroni,0.2,,False,0,0,,1082,0,0,0.0,,,,deepseekv32maas
2026091266,rich_boost,fixed_sequence,0.25,,False,0,0,,1082,0,0,0.0,,,,deepseekv32maas
2026091266,rich_boost,bonferroni,0.25,,False,0,0,,1082,0,0,0.0,,,,deepseekv32maas
2026091267,raw_u,fixed_sequence,0.1,,False,0,0,,1082,0,0,0.0,,,,deepseekv32maas
2026091267,raw_u,bonferroni,0.1,,False,0,0,,1082,0,0,0.0,,,,deepseekv32maas
2026091267,raw_u,fixed_sequence,0.14285714285714285,,False,0,0,,1082,0,0,0.0,,,,deepseekv32maas
2026091267,raw_u,bonferroni,0.14285714285714285,,False,0,0,,1082,0,0,0.0,,,,deepseekv32maas
2026091267,raw_u,fixed_sequence,0.2,,False,0,0,,1082,0,0,0.0,,,,deepseekv32maas
2026091267,raw_u,bonferroni,0.2,,False,0,0,,1082,0,0,0.0,,,,deepseekv32maas
2026091267,raw_u,fixed_sequence,0.25,,False,0,0,,1082,0,0,0.0,,,,deepseekv32maas
2026091267,raw_u,bonferroni,0.25,,False,0,0,,1082,0,0,0.0,,,,deepseekv32maas
2026091267,u_boost,fixed_sequence,0.1,,False,0,0,,1082,0,0,0.0,,,,deepseekv32maas
2026091267,u_boost,bonferroni,0.1,,False,0,0,,1082,0,0,0.0,,,,deepseekv32maas
2026091267,u_boost,fixed_sequence,0.14285714285714285,,False,0,0,,1082,0,0,0.0,,,,deepseekv32maas
2026091267,u_boost,bonferroni,0.14285714285714285,,False,0,0,,1082,0,0,0.0,,,,deepseekv32maas
2026091267,u_boost,fixed_sequence,0.2,,False,0,0,,1082,0,0,0.0,,,,deepseekv32maas
2026091267,u_boost,bonferroni,0.2,,False,0,0,,1082,0,0,0.0,,,,deepseekv32maas
2026091267,u_boost,fixed_sequence,0.25,,False,0,0,,1082,0,0,0.0,,,,deepseekv32maas
2026091267,u_boost,bonferroni,0.25,,False,0,0,,1082,0,0,0.0,,,,deepseekv32maas
2026091267,rich_logistic,fixed_sequence,0.1,,False,0,0,,1082,0,0,0.0,,,,deepseekv32maas
2026091267,rich_logistic,bonferroni,0.1,,False,0,0,,1082,0,0,0.0,,,,deepseekv32maas
2026091267,rich_logistic,fixed_sequence,0.14285714285714285,,False,0,0,,1082,0,0,0.0,,,,deepseekv32maas
2026091267,rich_logistic,bonferroni,0.14285714285714285,,False,0,0,,1082,0,0,0.0,,,,deepseekv32maas
2026091267,rich_logistic,fixed_sequence,0.2,,False,0,0,,1082,0,0,0.0,,,,deepseekv32maas
2026091267,rich_logistic,bonferroni,0.2,,False,0,0,,1082,0,0,0.0,,,,deepseekv32maas
2026091267,rich_logistic,fixed_sequence,0.25,,False,0,0,,1082,0,0,0.0,,,,deepseekv32maas
2026091267,rich_logistic,bonferroni,0.25,,False,0,0,,1082,0,0,0.0,,,,deepseekv32maas
2026091267,rich_boost,fixed_sequence,0.1,,False,0,0,,1082,0,0,0.0,,,,deepseekv32maas
2026091267,rich_boost,bonferroni,0.1,,False,0,0,,1082,0,0,0.0,,,,deepseekv32maas
2026091267,rich_boost,fixed_sequence,0.14285714285714285,,False,0,0,,1082,0,0,0.0,,,,deepseekv32maas
2026091267,rich_boost,bonferroni,0.14285714285714285,,False,0,0,,1082,0,0,0.0,,,,deepseekv32maas
2026091267,rich_boost,fixed_sequence,0.2,,False,0,0,,1082,0,0,0.0,,,,deepseekv32maas
2026091267,rich_boost,bonferroni,0.2,,False,0,0,,1082,0,0,0.0,,,,deepseekv32maas
2026091267,rich_boost,fixed_sequence,0.25,,False,0,0,,1082,0,0,0.0,,,,deepseekv32maas
2026091267,rich_boost,bonferroni,0.25,,False,0,0,,1082,0,0,0.0,,,,deepseekv32maas
2026091268,raw_u,fixed_sequence,0.1,,False,0,0,,1082,0,0,0.0,,,,deepseekv32maas
2026091268,raw_u,bonferroni,0.1,,False,0,0,,1082,0,0,0.0,,,,deepseekv32maas
2026091268,raw_u,fixed_sequence,0.14285714285714285,,False,0,0,,1082,0,0,0.0,,,,deepseekv32maas
2026091268,raw_u,bonferroni,0.14285714285714285,,False,0,0,,1082,0,0,0.0,,,,deepseekv32maas
2026091268,raw_u,fixed_sequence,0.2,,False,0,0,,1082,0,0,0.0,,,,deepseekv32maas
2026091268,raw_u,bonferroni,0.2,,False,0,0,,1082,0,0,0.0,,,,deepseekv32maas
2026091268,raw_u,fixed_sequence,0.25,,False,0,0,,1082,0,0,0.0,,,,deepseekv32maas
2026091268,raw_u,bonferroni,0.25,,False,0,0,,1082,0,0,0.0,,,,deepseekv32maas
2026091268,u_boost,fixed_sequence,0.1,,False,0,0,,1082,0,0,0.0,,,,deepseekv32maas
2026091268,u_boost,bonferroni,0.1,,False,0,0,,1082,0,0,0.0,,,,deepseekv32maas
2026091268,u_boost,fixed_sequence,0.14285714285714285,,False,0,0,,1082,0,0,0.0,,,,deepseekv32maas
2026091268,u_boost,bonferroni,0.14285714285714285,,False,0,0,,1082,0,0,0.0,,,,deepseekv32maas
2026091268,u_boost,fixed_sequence,0.2,,False,0,0,,1082,0,0,0.0,,,,deepseekv32maas
2026091268,u_boost,bonferroni,0.2,,False,0,0,,1082,0,0,0.0,,,,deepseekv32maas
2026091268,u_boost,fixed_sequence,0.25,,False,0,0,,1082,0,0,0.0,,,,deepseekv32maas
2026091268,u_boost,bonferroni,0.25,,False,0,0,,1082,0,0,0.0,,,,deepseekv32maas
2026091268,rich_logistic,fixed_sequence,0.1,,False,0,0,,1082,0,0,0.0,,,,deepseekv32maas
2026091268,rich_logistic,bonferroni,0.1,,False,0,0,,1082,0,0,0.0,,,,deepseekv32maas
2026091268,rich_logistic,fixed_sequence,0.14285714285714285,,False,0,0,,1082,0,0,0.0,,,,deepseekv32maas
2026091268,rich_logistic,bonferroni,0.14285714285714285,,False,0,0,,1082,0,0,0.0,,,,deepseekv32maas
2026091268,rich_logistic,fixed_sequence,0.2,,False,0,0,,1082,0,0,0.0,,,,deepseekv32maas
2026091268,rich_logistic,bonferroni,0.2,,False,0,0,,1082,0,0,0.0,,,,deepseekv32maas
2026091268,rich_logistic,fixed_sequence,0.25,,False,0,0,,1082,0,0,0.0,,,,deepseekv32maas
2026091268,rich_logistic,bonferroni,0.25,,False,0,0,,1082,0,0,0.0,,,,deepseekv32maas
2026091268,rich_boost,fixed_sequence,0.1,,False,0,0,,1082,0,0,0.0,,,,deepseekv32maas
2026091268,rich_boost,bonferroni,0.1,,False,0,0,,1082,0,0,0.0,,,,deepseekv32maas
2026091268,rich_boost,fixed_sequence,0.14285714285714285,,False,0,0,,1082,0,0,0.0,,,,deepseekv32maas
2026091268,rich_boost,bonferroni,0.14285714285714285,,False,0,0,,1082,0,0,0.0,,,,deepseekv32maas
2026091268,rich_boost,fixed_sequence,0.2,,False,0,0,,1082,0,0,0.0,,,,deepseekv32maas
2026091268,rich_boost,bonferroni,0.2,,False,0,0,,1082,0,0,0.0,,,,deepseekv32maas
2026091268,rich_boost,fixed_sequence,0.25,,False,0,0,,1082,0,0,0.0,,,,deepseekv32maas
2026091268,rich_boost,bonferroni,0.25,,False,0,0,,1082,0,0,0.0,,,,deepseekv32maas
2026091269,raw_u,fixed_sequence,0.1,,False,0,0,,1082,0,0,0.0,,,,deepseekv32maas
2026091269,raw_u,bonferroni,0.1,,False,0,0,,1082,0,0,0.0,,,,deepseekv32maas
2026091269,raw_u,fixed_sequence,0.14285714285714285,,False,0,0,,1082,0,0,0.0,,,,deepseekv32maas
2026091269,raw_u,bonferroni,0.14285714285714285,,False,0,0,,1082,0,0,0.0,,,,deepseekv32maas
2026091269,raw_u,fixed_sequence,0.2,,False,0,0,,1082,0,0,0.0,,,,deepseekv32maas
2026091269,raw_u,bonferroni,0.2,,False,0,0,,1082,0,0,0.0,,,,deepseekv32maas
2026091269,raw_u,fixed_sequence,0.25,,False,0,0,,1082,0,0,0.0,,,,deepseekv32maas
2026091269,raw_u,bonferroni,0.25,,False,0,0,,1082,0,0,0.0,,,,deepseekv32maas
2026091269,u_boost,fixed_sequence,0.1,,False,0,0,,1082,0,0,0.0,,,,deepseekv32maas
2026091269,u_boost,bonferroni,0.1,,False,0,0,,1082,0,0,0.0,,,,deepseekv32maas
2026091269,u_boost,fixed_sequence,0.14285714285714285,,False,0,0,,1082,0,0,0.0,,,,deepseekv32maas
2026091269,u_boost,bonferroni,0.14285714285714285,,False,0,0,,1082,0,0,0.0,,,,deepseekv32maas
2026091269,u_boost,fixed_sequence,0.2,,False,0,0,,1082,0,0,0.0,,,,deepseekv32maas
2026091269,u_boost,bonferroni,0.2,,False,0,0,,1082,0,0,0.0,,,,deepseekv32maas
2026091269,u_boost,fixed_sequence,0.25,,False,0,0,,1082,0,0,0.0,,,,deepseekv32maas
2026091269,u_boost,bonferroni,0.25,,False,0,0,,1082,0,0,0.0,,,,deepseekv32maas
2026091269,rich_logistic,fixed_sequence,0.1,,False,0,0,,1082,0,0,0.0,,,,deepseekv32maas
2026091269,rich_logistic,bonferroni,0.1,,False,0,0,,1082,0,0,0.0,,,,deepseekv32maas
2026091269,rich_logistic,fixed_sequence,0.14285714285714285,,False,0,0,,1082,0,0,0.0,,,,deepseekv32maas
2026091269,rich_logistic,bonferroni,0.14285714285714285,,False,0,0,,1082,0,0,0.0,,,,deepseekv32maas
2026091269,rich_logistic,fixed_sequence,0.2,,False,0,0,,1082,0,0,0.0,,,,deepseekv32maas
2026091269,rich_logistic,bonferroni,0.2,,False,0,0,,1082,0,0,0.0,,,,deepseekv32maas
2026091269,rich_logistic,fixed_sequence,0.25,,False,0,0,,1082,0,0,0.0,,,,deepseekv32maas
2026091269,rich_logistic,bonferroni,0.25,,False,0,0,,1082,0,0,0.0,,,,deepseekv32maas
2026091269,rich_boost,fixed_sequence,0.1,,False,0,0,,1082,0,0,0.0,,,,deepseekv32maas
2026091269,rich_boost,bonferroni,0.1,,False,0,0,,1082,0,0,0.0,,,,deepseekv32maas
2026091269,rich_boost,fixed_sequence,0.14285714285714285,,False,0,0,,1082,0,0,0.0,,,,deepseekv32maas
2026091269,rich_boost,bonferroni,0.14285714285714285,,False,0,0,,1082,0,0,0.0,,,,deepseekv32maas
2026091269,rich_boost,fixed_sequence,0.2,,False,0,0,,1082,0,0,0.0,,,,deepseekv32maas
2026091269,rich_boost,bonferroni,0.2,,False,0,0,,1082,0,0,0.0,,,,deepseekv32maas
2026091269,rich_boost,fixed_sequence,0.25,,False,0,0,,1082,0,0,0.0,,,,deepseekv32maas
2026091269,rich_boost,bonferroni,0.25,,False,0,0,,1082,0,0,0.0,,,,deepseekv32maas
2026091270,raw_u,fixed_sequence,0.1,,False,0,0,,1082,0,0,0.0,,,,deepseekv32maas
2026091270,raw_u,bonferroni,0.1,,False,0,0,,1082,0,0,0.0,,,,deepseekv32maas
2026091270,raw_u,fixed_sequence,0.14285714285714285,,False,0,0,,1082,0,0,0.0,,,,deepseekv32maas
2026091270,raw_u,bonferroni,0.14285714285714285,,False,0,0,,1082,0,0,0.0,,,,deepseekv32maas
2026091270,raw_u,fixed_sequence,0.2,,False,0,0,,1082,0,0,0.0,,,,deepseekv32maas
2026091270,raw_u,bonferroni,0.2,,False,0,0,,1082,0,0,0.0,,,,deepseekv32maas
2026091270,raw_u,fixed_sequence,0.25,,False,0,0,,1082,0,0,0.0,,,,deepseekv32maas
2026091270,raw_u,bonferroni,0.25,,False,0,0,,1082,0,0,0.0,,,,deepseekv32maas
2026091270,u_boost,fixed_sequence,0.1,,False,0,0,,1082,0,0,0.0,,,,deepseekv32maas
2026091270,u_boost,bonferroni,0.1,,False,0,0,,1082,0,0,0.0,,,,deepseekv32maas
2026091270,u_boost,fixed_sequence,0.14285714285714285,,False,0,0,,1082,0,0,0.0,,,,deepseekv32maas
2026091270,u_boost,bonferroni,0.14285714285714285,,False,0,0,,1082,0,0,0.0,,,,deepseekv32maas
2026091270,u_boost,fixed_sequence,0.2,,False,0,0,,1082,0,0,0.0,,,,deepseekv32maas
2026091270,u_boost,bonferroni,0.2,,False,0,0,,1082,0,0,0.0,,,,deepseekv32maas
2026091270,u_boost,fixed_sequence,0.25,,False,0,0,,1082,0,0,0.0,,,,deepseekv32maas
2026091270,u_boost,bonferroni,0.25,,False,0,0,,1082,0,0,0.0,,,,deepseekv32maas
2026091270,rich_logistic,fixed_sequence,0.1,,False,0,0,,1082,0,0,0.0,,,,deepseekv32maas
2026091270,rich_logistic,bonferroni,0.1,,False,0,0,,1082,0,0,0.0,,,,deepseekv32maas
2026091270,rich_logistic,fixed_sequence,0.14285714285714285,,False,0,0,,1082,0,0,0.0,,,,deepseekv32maas
2026091270,rich_logistic,bonferroni,0.14285714285714285,,False,0,0,,1082,0,0,0.0,,,,deepseekv32maas
2026091270,rich_logistic,fixed_sequence,0.2,,False,0,0,,1082,0,0,0.0,,,,deepseekv32maas
2026091270,rich_logistic,bonferroni,0.2,,False,0,0,,1082,0,0,0.0,,,,deepseekv32maas
2026091270,rich_logistic,fixed_sequence,0.25,,False,0,0,,1082,0,0,0.0,,,,deepseekv32maas
2026091270,rich_logistic,bonferroni,0.25,,False,0,0,,1082,0,0,0.0,,,,deepseekv32maas
2026091270,rich_boost,fixed_sequence,0.1,,False,0,0,,1082,0,0,0.0,,,,deepseekv32maas
2026091270,rich_boost,bonferroni,0.1,,False,0,0,,1082,0,0,0.0,,,,deepseekv32maas
2026091270,rich_boost,fixed_sequence,0.14285714285714285,,False,0,0,,1082,0,0,0.0,,,,deepseekv32maas
2026091270,rich_boost,bonferroni,0.14285714285714285,,False,0,0,,1082,0,0,0.0,,,,deepseekv32maas
2026091270,rich_boost,fixed_sequence,0.2,,False,0,0,,1082,0,0,0.0,,,,deepseekv32maas
2026091270,rich_boost,bonferroni,0.2,,False,0,0,,1082,0,0,0.0,,,,deepseekv32maas
2026091270,rich_boost,fixed_sequence,0.25,,False,0,0,,1082,0,0,0.0,,,,deepseekv32maas
2026091270,rich_boost,bonferroni,0.25,,False,0,0,,1082,0,0,0.0,,,,deepseekv32maas
2026091271,raw_u,fixed_sequence,0.1,,False,0,0,,1082,0,0,0.0,,,,deepseekv32maas
2026091271,raw_u,bonferroni,0.1,,False,0,0,,1082,0,0,0.0,,,,deepseekv32maas
2026091271,raw_u,fixed_sequence,0.14285714285714285,,False,0,0,,1082,0,0,0.0,,,,deepseekv32maas
2026091271,raw_u,bonferroni,0.14285714285714285,,False,0,0,,1082,0,0,0.0,,,,deepseekv32maas
2026091271,raw_u,fixed_sequence,0.2,,False,0,0,,1082,0,0,0.0,,,,deepseekv32maas
2026091271,raw_u,bonferroni,0.2,,False,0,0,,1082,0,0,0.0,,,,deepseekv32maas
2026091271,raw_u,fixed_sequence,0.25,,False,0,0,,1082,0,0,0.0,,,,deepseekv32maas
2026091271,raw_u,bonferroni,0.25,,False,0,0,,1082,0,0,0.0,,,,deepseekv32maas
2026091271,u_boost,fixed_sequence,0.1,,False,0,0,,1082,0,0,0.0,,,,deepseekv32maas
2026091271,u_boost,bonferroni,0.1,,False,0,0,,1082,0,0,0.0,,,,deepseekv32maas
2026091271,u_boost,fixed_sequence,0.14285714285714285,,False,0,0,,1082,0,0,0.0,,,,deepseekv32maas
2026091271,u_boost,bonferroni,0.14285714285714285,,False,0,0,,1082,0,0,0.0,,,,deepseekv32maas
2026091271,u_boost,fixed_sequence,0.2,,False,0,0,,1082,0,0,0.0,,,,deepseekv32maas
2026091271,u_boost,bonferroni,0.2,,False,0,0,,1082,0,0,0.0,,,,deepseekv32maas
2026091271,u_boost,fixed_sequence,0.25,,False,0,0,,1082,0,0,0.0,,,,deepseekv32maas
2026091271,u_boost,bonferroni,0.25,,False,0,0,,1082,0,0,0.0,,,,deepseekv32maas
2026091271,rich_logistic,fixed_sequence,0.1,,False,0,0,,1082,0,0,0.0,,,,deepseekv32maas
2026091271,rich_logistic,bonferroni,0.1,,False,0,0,,1082,0,0,0.0,,,,deepseekv32maas
2026091271,rich_logistic,fixed_sequence,0.14285714285714285,,False,0,0,,1082,0,0,0.0,,,,deepseekv32maas
2026091271,rich_logistic,bonferroni,0.14285714285714285,,False,0,0,,1082,0,0,0.0,,,,deepseekv32maas
2026091271,rich_logistic,fixed_sequence,0.2,,False,0,0,,1082,0,0,0.0,,,,deepseekv32maas
2026091271,rich_logistic,bonferroni,0.2,,False,0,0,,1082,0,0,0.0,,,,deepseekv32maas
2026091271,rich_logistic,fixed_sequence,0.25,,False,0,0,,1082,0,0,0.0,,,,deepseekv32maas
2026091271,rich_logistic,bonferroni,0.25,,False,0,0,,1082,0,0,0.0,,,,deepseekv32maas
2026091271,rich_boost,fixed_sequence,0.1,,False,0,0,,1082,0,0,0.0,,,,deepseekv32maas
2026091271,rich_boost,bonferroni,0.1,,False,0,0,,1082,0,0,0.0,,,,deepseekv32maas
2026091271,rich_boost,fixed_sequence,0.14285714285714285,,False,0,0,,1082,0,0,0.0,,,,deepseekv32maas
2026091271,rich_boost,bonferroni,0.14285714285714285,,False,0,0,,1082,0,0,0.0,,,,deepseekv32maas
2026091271,rich_boost,fixed_sequence,0.2,,False,0,0,,1082,0,0,0.0,,,,deepseekv32maas
2026091271,rich_boost,bonferroni,0.2,,False,0,0,,1082,0,0,0.0,,,,deepseekv32maas
2026091271,rich_boost,fixed_sequence,0.25,,False,0,0,,1082,0,0,0.0,,,,deepseekv32maas
2026091271,rich_boost,bonferroni,0.25,,False,0,0,,1082,0,0,0.0,,,,deepseekv32maas
2026091272,raw_u,fixed_sequence,0.1,,False,0,0,,1082,0,0,0.0,,,,deepseekv32maas
2026091272,raw_u,bonferroni,0.1,,False,0,0,,1082,0,0,0.0,,,,deepseekv32maas
2026091272,raw_u,fixed_sequence,0.14285714285714285,,False,0,0,,1082,0,0,0.0,,,,deepseekv32maas
2026091272,raw_u,bonferroni,0.14285714285714285,,False,0,0,,1082,0,0,0.0,,,,deepseekv32maas
2026091272,raw_u,fixed_sequence,0.2,,False,0,0,,1082,0,0,0.0,,,,deepseekv32maas
2026091272,raw_u,bonferroni,0.2,,False,0,0,,1082,0,0,0.0,,,,deepseekv32maas
2026091272,raw_u,fixed_sequence,0.25,,False,0,0,,1082,0,0,0.0,,,,deepseekv32maas
2026091272,raw_u,bonferroni,0.25,,False,0,0,,1082,0,0,0.0,,,,deepseekv32maas
2026091272,u_boost,fixed_sequence,0.1,,False,0,0,,1082,0,0,0.0,,,,deepseekv32maas
2026091272,u_boost,bonferroni,0.1,,False,0,0,,1082,0,0,0.0,,,,deepseekv32maas
2026091272,u_boost,fixed_sequence,0.14285714285714285,,False,0,0,,1082,0,0,0.0,,,,deepseekv32maas
2026091272,u_boost,bonferroni,0.14285714285714285,,False,0,0,,1082,0,0,0.0,,,,deepseekv32maas
2026091272,u_boost,fixed_sequence,0.2,,False,0,0,,1082,0,0,0.0,,,,deepseekv32maas
2026091272,u_boost,bonferroni,0.2,,False,0,0,,1082,0,0,0.0,,,,deepseekv32maas
2026091272,u_boost,fixed_sequence,0.25,,False,0,0,,1082,0,0,0.0,,,,deepseekv32maas
2026091272,u_boost,bonferroni,0.25,,False,0,0,,1082,0,0,0.0,,,,deepseekv32maas
2026091272,rich_logistic,fixed_sequence,0.1,,False,0,0,,1082,0,0,0.0,,,,deepseekv32maas
2026091272,rich_logistic,bonferroni,0.1,,False,0,0,,1082,0,0,0.0,,,,deepseekv32maas
2026091272,rich_logistic,fixed_sequence,0.14285714285714285,,False,0,0,,1082,0,0,0.0,,,,deepseekv32maas
2026091272,rich_logistic,bonferroni,0.14285714285714285,,False,0,0,,1082,0,0,0.0,,,,deepseekv32maas
2026091272,rich_logistic,fixed_sequence,0.2,,False,0,0,,1082,0,0,0.0,,,,deepseekv32maas
2026091272,rich_logistic,bonferroni,0.2,,False,0,0,,1082,0,0,0.0,,,,deepseekv32maas
2026091272,rich_logistic,fixed_sequence,0.25,,False,0,0,,1082,0,0,0.0,,,,deepseekv32maas
2026091272,rich_logistic,bonferroni,0.25,,False,0,0,,1082,0,0,0.0,,,,deepseekv32maas
2026091272,rich_boost,fixed_sequence,0.1,,False,0,0,,1082,0,0,0.0,,,,deepseekv32maas
2026091272,rich_boost,bonferroni,0.1,,False,0,0,,1082,0,0,0.0,,,,deepseekv32maas
2026091272,rich_boost,fixed_sequence,0.14285714285714285,,False,0,0,,1082,0,0,0.0,,,,deepseekv32maas
2026091272,rich_boost,bonferroni,0.14285714285714285,,False,0,0,,1082,0,0,0.0,,,,deepseekv32maas
2026091272,rich_boost,fixed_sequence,0.2,,False,0,0,,1082,0,0,0.0,,,,deepseekv32maas
2026091272,rich_boost,bonferroni,0.2,,False,0,0,,1082,0,0,0.0,,,,deepseekv32maas
2026091272,rich_boost,fixed_sequence,0.25,,False,0,0,,1082,0,0,0.0,,,,deepseekv32maas
2026091272,rich_boost,bonferroni,0.25,,False,0,0,,1082,0,0,0.0,,,,deepseekv32maas
2026091273,raw_u,fixed_sequence,0.1,,False,0,0,,1082,0,0,0.0,,,,deepseekv32maas
2026091273,raw_u,bonferroni,0.1,,False,0,0,,1082,0,0,0.0,,,,deepseekv32maas
2026091273,raw_u,fixed_sequence,0.14285714285714285,,False,0,0,,1082,0,0,0.0,,,,deepseekv32maas
2026091273,raw_u,bonferroni,0.14285714285714285,,False,0,0,,1082,0,0,0.0,,,,deepseekv32maas
2026091273,raw_u,fixed_sequence,0.2,,False,0,0,,1082,0,0,0.0,,,,deepseekv32maas
2026091273,raw_u,bonferroni,0.2,,False,0,0,,1082,0,0,0.0,,,,deepseekv32maas
2026091273,raw_u,fixed_sequence,0.25,,False,0,0,,1082,0,0,0.0,,,,deepseekv32maas
2026091273,raw_u,bonferroni,0.25,,False,0,0,,1082,0,0,0.0,,,,deepseekv32maas
2026091273,u_boost,fixed_sequence,0.1,,False,0,0,,1082,0,0,0.0,,,,deepseekv32maas
2026091273,u_boost,bonferroni,0.1,,False,0,0,,1082,0,0,0.0,,,,deepseekv32maas
2026091273,u_boost,fixed_sequence,0.14285714285714285,,False,0,0,,1082,0,0,0.0,,,,deepseekv32maas
2026091273,u_boost,bonferroni,0.14285714285714285,,False,0,0,,1082,0,0,0.0,,,,deepseekv32maas
2026091273,u_boost,fixed_sequence,0.2,,False,0,0,,1082,0,0,0.0,,,,deepseekv32maas
2026091273,u_boost,bonferroni,0.2,,False,0,0,,1082,0,0,0.0,,,,deepseekv32maas
2026091273,u_boost,fixed_sequence,0.25,,False,0,0,,1082,0,0,0.0,,,,deepseekv32maas
2026091273,u_boost,bonferroni,0.25,,False,0,0,,1082,0,0,0.0,,,,deepseekv32maas
2026091273,rich_logistic,fixed_sequence,0.1,,False,0,0,,1082,0,0,0.0,,,,deepseekv32maas
2026091273,rich_logistic,bonferroni,0.1,,False,0,0,,1082,0,0,0.0,,,,deepseekv32maas
2026091273,rich_logistic,fixed_sequence,0.14285714285714285,,False,0,0,,1082,0,0,0.0,,,,deepseekv32maas
2026091273,rich_logistic,bonferroni,0.14285714285714285,,False,0,0,,1082,0,0,0.0,,,,deepseekv32maas
2026091273,rich_logistic,fixed_sequence,0.2,,False,0,0,,1082,0,0,0.0,,,,deepseekv32maas
2026091273,rich_logistic,bonferroni,0.2,,False,0,0,,1082,0,0,0.0,,,,deepseekv32maas
2026091273,rich_logistic,fixed_sequence,0.25,,False,0,0,,1082,0,0,0.0,,,,deepseekv32maas
2026091273,rich_logistic,bonferroni,0.25,,False,0,0,,1082,0,0,0.0,,,,deepseekv32maas
2026091273,rich_boost,fixed_sequence,0.1,,False,0,0,,1082,0,0,0.0,,,,deepseekv32maas
2026091273,rich_boost,bonferroni,0.1,,False,0,0,,1082,0,0,0.0,,,,deepseekv32maas
2026091273,rich_boost,fixed_sequence,0.14285714285714285,,False,0,0,,1082,0,0,0.0,,,,deepseekv32maas
2026091273,rich_boost,bonferroni,0.14285714285714285,,False,0,0,,1082,0,0,0.0,,,,deepseekv32maas
2026091273,rich_boost,fixed_sequence,0.2,,False,0,0,,1082,0,0,0.0,,,,deepseekv32maas
2026091273,rich_boost,bonferroni,0.2,,False,0,0,,1082,0,0,0.0,,,,deepseekv32maas
2026091273,rich_boost,fixed_sequence,0.25,,False,0,0,,1082,0,0,0.0,,,,deepseekv32maas
2026091273,rich_boost,bonferroni,0.25,,False,0,0,,1082,0,0,0.0,,,,deepseekv32maas
2026091274,raw_u,fixed_sequence,0.1,,False,0,0,,1082,0,0,0.0,,,,deepseekv32maas
2026091274,raw_u,bonferroni,0.1,,False,0,0,,1082,0,0,0.0,,,,deepseekv32maas
2026091274,raw_u,fixed_sequence,0.14285714285714285,,False,0,0,,1082,0,0,0.0,,,,deepseekv32maas
2026091274,raw_u,bonferroni,0.14285714285714285,,False,0,0,,1082,0,0,0.0,,,,deepseekv32maas
2026091274,raw_u,fixed_sequence,0.2,,False,0,0,,1082,0,0,0.0,,,,deepseekv32maas
2026091274,raw_u,bonferroni,0.2,,False,0,0,,1082,0,0,0.0,,,,deepseekv32maas
2026091274,raw_u,fixed_sequence,0.25,,False,0,0,,1082,0,0,0.0,,,,deepseekv32maas
2026091274,raw_u,bonferroni,0.25,,False,0,0,,1082,0,0,0.0,,,,deepseekv32maas
2026091274,u_boost,fixed_sequence,0.1,,False,0,0,,1082,0,0,0.0,,,,deepseekv32maas
2026091274,u_boost,bonferroni,0.1,,False,0,0,,1082,0,0,0.0,,,,deepseekv32maas
2026091274,u_boost,fixed_sequence,0.14285714285714285,,False,0,0,,1082,0,0,0.0,,,,deepseekv32maas
2026091274,u_boost,bonferroni,0.14285714285714285,,False,0,0,,1082,0,0,0.0,,,,deepseekv32maas
2026091274,u_boost,fixed_sequence,0.2,,False,0,0,,1082,0,0,0.0,,,,deepseekv32maas
2026091274,u_boost,bonferroni,0.2,,False,0,0,,1082,0,0,0.0,,,,deepseekv32maas
2026091274,u_boost,fixed_sequence,0.25,,False,0,0,,1082,0,0,0.0,,,,deepseekv32maas
2026091274,u_boost,bonferroni,0.25,,False,0,0,,1082,0,0,0.0,,,,deepseekv32maas
2026091274,rich_logistic,fixed_sequence,0.1,,False,0,0,,1082,0,0,0.0,,,,deepseekv32maas
2026091274,rich_logistic,bonferroni,0.1,,False,0,0,,1082,0,0,0.0,,,,deepseekv32maas
2026091274,rich_logistic,fixed_sequence,0.14285714285714285,,False,0,0,,1082,0,0,0.0,,,,deepseekv32maas
2026091274,rich_logistic,bonferroni,0.14285714285714285,,False,0,0,,1082,0,0,0.0,,,,deepseekv32maas
2026091274,rich_logistic,fixed_sequence,0.2,,False,0,0,,1082,0,0,0.0,,,,deepseekv32maas
2026091274,rich_logistic,bonferroni,0.2,,False,0,0,,1082,0,0,0.0,,,,deepseekv32maas
2026091274,rich_logistic,fixed_sequence,0.25,,False,0,0,,1082,0,0,0.0,,,,deepseekv32maas
2026091274,rich_logistic,bonferroni,0.25,,False,0,0,,1082,0,0,0.0,,,,deepseekv32maas
2026091274,rich_boost,fixed_sequence,0.1,,False,0,0,,1082,0,0,0.0,,,,deepseekv32maas
2026091274,rich_boost,bonferroni,0.1,,False,0,0,,1082,0,0,0.0,,,,deepseekv32maas
2026091274,rich_boost,fixed_sequence,0.14285714285714285,,False,0,0,,1082,0,0,0.0,,,,deepseekv32maas
2026091274,rich_boost,bonferroni,0.14285714285714285,,False,0,0,,1082,0,0,0.0,,,,deepseekv32maas
2026091274,rich_boost,fixed_sequence,0.2,,False,0,0,,1082,0,0,0.0,,,,deepseekv32maas
2026091274,rich_boost,bonferroni,0.2,,False,0,0,,1082,0,0,0.0,,,,deepseekv32maas
2026091274,rich_boost,fixed_sequence,0.25,,False,0,0,,1082,0,0,0.0,,,,deepseekv32maas
2026091274,rich_boost,bonferroni,0.25,,False,0,0,,1082,0,0,0.0,,,,deepseekv32maas
2026091275,raw_u,fixed_sequence,0.1,,False,0,0,,1082,0,0,0.0,,,,deepseekv32maas
2026091275,raw_u,bonferroni,0.1,,False,0,0,,1082,0,0,0.0,,,,deepseekv32maas
2026091275,raw_u,fixed_sequence,0.14285714285714285,,False,0,0,,1082,0,0,0.0,,,,deepseekv32maas
2026091275,raw_u,bonferroni,0.14285714285714285,,False,0,0,,1082,0,0,0.0,,,,deepseekv32maas
2026091275,raw_u,fixed_sequence,0.2,,False,0,0,,1082,0,0,0.0,,,,deepseekv32maas
2026091275,raw_u,bonferroni,0.2,,False,0,0,,1082,0,0,0.0,,,,deepseekv32maas
2026091275,raw_u,fixed_sequence,0.25,,False,0,0,,1082,0,0,0.0,,,,deepseekv32maas
2026091275,raw_u,bonferroni,0.25,,False,0,0,,1082,0,0,0.0,,,,deepseekv32maas
2026091275,u_boost,fixed_sequence,0.1,,False,0,0,,1082,0,0,0.0,,,,deepseekv32maas
2026091275,u_boost,bonferroni,0.1,,False,0,0,,1082,0,0,0.0,,,,deepseekv32maas
2026091275,u_boost,fixed_sequence,0.14285714285714285,,False,0,0,,1082,0,0,0.0,,,,deepseekv32maas
2026091275,u_boost,bonferroni,0.14285714285714285,,False,0,0,,1082,0,0,0.0,,,,deepseekv32maas
2026091275,u_boost,fixed_sequence,0.2,,False,0,0,,1082,0,0,0.0,,,,deepseekv32maas
2026091275,u_boost,bonferroni,0.2,,False,0,0,,1082,0,0,0.0,,,,deepseekv32maas
2026091275,u_boost,fixed_sequence,0.25,,False,0,0,,1082,0,0,0.0,,,,deepseekv32maas
2026091275,u_boost,bonferroni,0.25,,False,0,0,,1082,0,0,0.0,,,,deepseekv32maas
2026091275,rich_logistic,fixed_sequence,0.1,,False,0,0,,1082,0,0,0.0,,,,deepseekv32maas
2026091275,rich_logistic,bonferroni,0.1,,False,0,0,,1082,0,0,0.0,,,,deepseekv32maas
2026091275,rich_logistic,fixed_sequence,0.14285714285714285,,False,0,0,,1082,0,0,0.0,,,,deepseekv32maas
2026091275,rich_logistic,bonferroni,0.14285714285714285,,False,0,0,,1082,0,0,0.0,,,,deepseekv32maas
2026091275,rich_logistic,fixed_sequence,0.2,,False,0,0,,1082,0,0,0.0,,,,deepseekv32maas
2026091275,rich_logistic,bonferroni,0.2,,False,0,0,,1082,0,0,0.0,,,,deepseekv32maas
2026091275,rich_logistic,fixed_sequence,0.25,,False,0,0,,1082,0,0,0.0,,,,deepseekv32maas
2026091275,rich_logistic,bonferroni,0.25,,False,0,0,,1082,0,0,0.0,,,,deepseekv32maas
2026091275,rich_boost,fixed_sequence,0.1,,False,0,0,,1082,0,0,0.0,,,,deepseekv32maas
2026091275,rich_boost,bonferroni,0.1,,False,0,0,,1082,0,0,0.0,,,,deepseekv32maas
2026091275,rich_boost,fixed_sequence,0.14285714285714285,,False,0,0,,1082,0,0,0.0,,,,deepseekv32maas
2026091275,rich_boost,bonferroni,0.14285714285714285,,False,0,0,,1082,0,0,0.0,,,,deepseekv32maas
2026091275,rich_boost,fixed_sequence,0.2,,False,0,0,,1082,0,0,0.0,,,,deepseekv32maas
2026091275,rich_boost,bonferroni,0.2,,False,0,0,,1082,0,0,0.0,,,,deepseekv32maas
2026091275,rich_boost,fixed_sequence,0.25,,False,0,0,,1082,0,0,0.0,,,,deepseekv32maas
2026091275,rich_boost,bonferroni,0.25,,False,0,0,,1082,0,0,0.0,,,,deepseekv32maas
2026091276,raw_u,fixed_sequence,0.1,,False,0,0,,1082,0,0,0.0,,,,deepseekv32maas
2026091276,raw_u,bonferroni,0.1,,False,0,0,,1082,0,0,0.0,,,,deepseekv32maas
2026091276,raw_u,fixed_sequence,0.14285714285714285,,False,0,0,,1082,0,0,0.0,,,,deepseekv32maas
2026091276,raw_u,bonferroni,0.14285714285714285,,False,0,0,,1082,0,0,0.0,,,,deepseekv32maas
2026091276,raw_u,fixed_sequence,0.2,,False,0,0,,1082,0,0,0.0,,,,deepseekv32maas
2026091276,raw_u,bonferroni,0.2,,False,0,0,,1082,0,0,0.0,,,,deepseekv32maas
2026091276,raw_u,fixed_sequence,0.25,,False,0,0,,1082,0,0,0.0,,,,deepseekv32maas
2026091276,raw_u,bonferroni,0.25,,False,0,0,,1082,0,0,0.0,,,,deepseekv32maas
2026091276,u_boost,fixed_sequence,0.1,,False,0,0,,1082,0,0,0.0,,,,deepseekv32maas
2026091276,u_boost,bonferroni,0.1,,False,0,0,,1082,0,0,0.0,,,,deepseekv32maas
2026091276,u_boost,fixed_sequence,0.14285714285714285,,False,0,0,,1082,0,0,0.0,,,,deepseekv32maas
2026091276,u_boost,bonferroni,0.14285714285714285,,False,0,0,,1082,0,0,0.0,,,,deepseekv32maas
2026091276,u_boost,fixed_sequence,0.2,,False,0,0,,1082,0,0,0.0,,,,deepseekv32maas
2026091276,u_boost,bonferroni,0.2,,False,0,0,,1082,0,0,0.0,,,,deepseekv32maas
2026091276,u_boost,fixed_sequence,0.25,,False,0,0,,1082,0,0,0.0,,,,deepseekv32maas
2026091276,u_boost,bonferroni,0.25,,False,0,0,,1082,0,0,0.0,,,,deepseekv32maas
2026091276,rich_logistic,fixed_sequence,0.1,,False,0,0,,1082,0,0,0.0,,,,deepseekv32maas
2026091276,rich_logistic,bonferroni,0.1,,False,0,0,,1082,0,0,0.0,,,,deepseekv32maas
2026091276,rich_logistic,fixed_sequence,0.14285714285714285,,False,0,0,,1082,0,0,0.0,,,,deepseekv32maas
2026091276,rich_logistic,bonferroni,0.14285714285714285,,False,0,0,,1082,0,0,0.0,,,,deepseekv32maas
2026091276,rich_logistic,fixed_sequence,0.2,,False,0,0,,1082,0,0,0.0,,,,deepseekv32maas
2026091276,rich_logistic,bonferroni,0.2,,False,0,0,,1082,0,0,0.0,,,,deepseekv32maas
2026091276,rich_logistic,fixed_sequence,0.25,,False,0,0,,1082,0,0,0.0,,,,deepseekv32maas
2026091276,rich_logistic,bonferroni,0.25,,False,0,0,,1082,0,0,0.0,,,,deepseekv32maas
2026091276,rich_boost,fixed_sequence,0.1,,False,0,0,,1082,0,0,0.0,,,,deepseekv32maas
2026091276,rich_boost,bonferroni,0.1,,False,0,0,,1082,0,0,0.0,,,,deepseekv32maas
2026091276,rich_boost,fixed_sequence,0.14285714285714285,,False,0,0,,1082,0,0,0.0,,,,deepseekv32maas
2026091276,rich_boost,bonferroni,0.14285714285714285,,False,0,0,,1082,0,0,0.0,,,,deepseekv32maas
2026091276,rich_boost,fixed_sequence,0.2,,False,0,0,,1082,0,0,0.0,,,,deepseekv32maas
2026091276,rich_boost,bonferroni,0.2,,False,0,0,,1082,0,0,0.0,,,,deepseekv32maas
2026091276,rich_boost,fixed_sequence,0.25,,False,0,0,,1082,0,0,0.0,,,,deepseekv32maas
2026091276,rich_boost,bonferroni,0.25,,False,0,0,,1082,0,0,0.0,,,,deepseekv32maas
2026091277,raw_u,fixed_sequence,0.1,,False,0,0,,1082,0,0,0.0,,,,deepseekv32maas
2026091277,raw_u,bonferroni,0.1,,False,0,0,,1082,0,0,0.0,,,,deepseekv32maas
2026091277,raw_u,fixed_sequence,0.14285714285714285,,False,0,0,,1082,0,0,0.0,,,,deepseekv32maas
2026091277,raw_u,bonferroni,0.14285714285714285,,False,0,0,,1082,0,0,0.0,,,,deepseekv32maas
2026091277,raw_u,fixed_sequence,0.2,,False,0,0,,1082,0,0,0.0,,,,deepseekv32maas
2026091277,raw_u,bonferroni,0.2,,False,0,0,,1082,0,0,0.0,,,,deepseekv32maas
2026091277,raw_u,fixed_sequence,0.25,,False,0,0,,1082,0,0,0.0,,,,deepseekv32maas
2026091277,raw_u,bonferroni,0.25,,False,0,0,,1082,0,0,0.0,,,,deepseekv32maas
2026091277,u_boost,fixed_sequence,0.1,,False,0,0,,1082,0,0,0.0,,,,deepseekv32maas
2026091277,u_boost,bonferroni,0.1,,False,0,0,,1082,0,0,0.0,,,,deepseekv32maas
2026091277,u_boost,fixed_sequence,0.14285714285714285,,False,0,0,,1082,0,0,0.0,,,,deepseekv32maas
2026091277,u_boost,bonferroni,0.14285714285714285,,False,0,0,,1082,0,0,0.0,,,,deepseekv32maas
2026091277,u_boost,fixed_sequence,0.2,,False,0,0,,1082,0,0,0.0,,,,deepseekv32maas
2026091277,u_boost,bonferroni,0.2,,False,0,0,,1082,0,0,0.0,,,,deepseekv32maas
2026091277,u_boost,fixed_sequence,0.25,,False,0,0,,1082,0,0,0.0,,,,deepseekv32maas
2026091277,u_boost,bonferroni,0.25,,False,0,0,,1082,0,0,0.0,,,,deepseekv32maas
2026091277,rich_logistic,fixed_sequence,0.1,,False,0,0,,1082,0,0,0.0,,,,deepseekv32maas
2026091277,rich_logistic,bonferroni,0.1,,False,0,0,,1082,0,0,0.0,,,,deepseekv32maas
2026091277,rich_logistic,fixed_sequence,0.14285714285714285,,False,0,0,,1082,0,0,0.0,,,,deepseekv32maas
2026091277,rich_logistic,bonferroni,0.14285714285714285,,False,0,0,,1082,0,0,0.0,,,,deepseekv32maas
2026091277,rich_logistic,fixed_sequence,0.2,,False,0,0,,1082,0,0,0.0,,,,deepseekv32maas
2026091277,rich_logistic,bonferroni,0.2,,False,0,0,,1082,0,0,0.0,,,,deepseekv32maas
2026091277,rich_logistic,fixed_sequence,0.25,,False,0,0,,1082,0,0,0.0,,,,deepseekv32maas
2026091277,rich_logistic,bonferroni,0.25,,False,0,0,,1082,0,0,0.0,,,,deepseekv32maas
2026091277,rich_boost,fixed_sequence,0.1,,False,0,0,,1082,0,0,0.0,,,,deepseekv32maas
2026091277,rich_boost,bonferroni,0.1,,False,0,0,,1082,0,0,0.0,,,,deepseekv32maas
2026091277,rich_boost,fixed_sequence,0.14285714285714285,,False,0,0,,1082,0,0,0.0,,,,deepseekv32maas
2026091277,rich_boost,bonferroni,0.14285714285714285,,False,0,0,,1082,0,0,0.0,,,,deepseekv32maas
2026091277,rich_boost,fixed_sequence,0.2,,False,0,0,,1082,0,0,0.0,,,,deepseekv32maas
2026091277,rich_boost,bonferroni,0.2,,False,0,0,,1082,0,0,0.0,,,,deepseekv32maas
2026091277,rich_boost,fixed_sequence,0.25,,False,0,0,,1082,0,0,0.0,,,,deepseekv32maas
2026091277,rich_boost,bonferroni,0.25,,False,0,0,,1082,0,0,0.0,,,,deepseekv32maas
2026091278,raw_u,fixed_sequence,0.1,,False,0,0,,1082,0,0,0.0,,,,deepseekv32maas
2026091278,raw_u,bonferroni,0.1,,False,0,0,,1082,0,0,0.0,,,,deepseekv32maas
2026091278,raw_u,fixed_sequence,0.14285714285714285,,False,0,0,,1082,0,0,0.0,,,,deepseekv32maas
2026091278,raw_u,bonferroni,0.14285714285714285,,False,0,0,,1082,0,0,0.0,,,,deepseekv32maas
2026091278,raw_u,fixed_sequence,0.2,,False,0,0,,1082,0,0,0.0,,,,deepseekv32maas
2026091278,raw_u,bonferroni,0.2,,False,0,0,,1082,0,0,0.0,,,,deepseekv32maas
2026091278,raw_u,fixed_sequence,0.25,,False,0,0,,1082,0,0,0.0,,,,deepseekv32maas
2026091278,raw_u,bonferroni,0.25,,False,0,0,,1082,0,0,0.0,,,,deepseekv32maas
2026091278,u_boost,fixed_sequence,0.1,,False,0,0,,1082,0,0,0.0,,,,deepseekv32maas
2026091278,u_boost,bonferroni,0.1,,False,0,0,,1082,0,0,0.0,,,,deepseekv32maas
2026091278,u_boost,fixed_sequence,0.14285714285714285,,False,0,0,,1082,0,0,0.0,,,,deepseekv32maas
2026091278,u_boost,bonferroni,0.14285714285714285,,False,0,0,,1082,0,0,0.0,,,,deepseekv32maas
2026091278,u_boost,fixed_sequence,0.2,,False,0,0,,1082,0,0,0.0,,,,deepseekv32maas
2026091278,u_boost,bonferroni,0.2,,False,0,0,,1082,0,0,0.0,,,,deepseekv32maas
2026091278,u_boost,fixed_sequence,0.25,,False,0,0,,1082,0,0,0.0,,,,deepseekv32maas
2026091278,u_boost,bonferroni,0.25,,False,0,0,,1082,0,0,0.0,,,,deepseekv32maas
2026091278,rich_logistic,fixed_sequence,0.1,,False,0,0,,1082,0,0,0.0,,,,deepseekv32maas
2026091278,rich_logistic,bonferroni,0.1,,False,0,0,,1082,0,0,0.0,,,,deepseekv32maas
2026091278,rich_logistic,fixed_sequence,0.14285714285714285,,False,0,0,,1082,0,0,0.0,,,,deepseekv32maas
2026091278,rich_logistic,bonferroni,0.14285714285714285,,False,0,0,,1082,0,0,0.0,,,,deepseekv32maas
2026091278,rich_logistic,fixed_sequence,0.2,,False,0,0,,1082,0,0,0.0,,,,deepseekv32maas
2026091278,rich_logistic,bonferroni,0.2,,False,0,0,,1082,0,0,0.0,,,,deepseekv32maas
2026091278,rich_logistic,fixed_sequence,0.25,,False,0,0,,1082,0,0,0.0,,,,deepseekv32maas
2026091278,rich_logistic,bonferroni,0.25,,False,0,0,,1082,0,0,0.0,,,,deepseekv32maas
2026091278,rich_boost,fixed_sequence,0.1,,False,0,0,,1082,0,0,0.0,,,,deepseekv32maas
2026091278,rich_boost,bonferroni,0.1,,False,0,0,,1082,0,0,0.0,,,,deepseekv32maas
2026091278,rich_boost,fixed_sequence,0.14285714285714285,,False,0,0,,1082,0,0,0.0,,,,deepseekv32maas
2026091278,rich_boost,bonferroni,0.14285714285714285,,False,0,0,,1082,0,0,0.0,,,,deepseekv32maas
2026091278,rich_boost,fixed_sequence,0.2,,False,0,0,,1082,0,0,0.0,,,,deepseekv32maas
2026091278,rich_boost,bonferroni,0.2,,False,0,0,,1082,0,0,0.0,,,,deepseekv32maas
2026091278,rich_boost,fixed_sequence,0.25,,False,0,0,,1082,0,0,0.0,,,,deepseekv32maas
2026091278,rich_boost,bonferroni,0.25,,False,0,0,,1082,0,0,0.0,,,,deepseekv32maas
2026091279,raw_u,fixed_sequence,0.1,,False,0,0,,1082,0,0,0.0,,,,deepseekv32maas
2026091279,raw_u,bonferroni,0.1,,False,0,0,,1082,0,0,0.0,,,,deepseekv32maas
2026091279,raw_u,fixed_sequence,0.14285714285714285,,False,0,0,,1082,0,0,0.0,,,,deepseekv32maas
2026091279,raw_u,bonferroni,0.14285714285714285,,False,0,0,,1082,0,0,0.0,,,,deepseekv32maas
2026091279,raw_u,fixed_sequence,0.2,,False,0,0,,1082,0,0,0.0,,,,deepseekv32maas
2026091279,raw_u,bonferroni,0.2,,False,0,0,,1082,0,0,0.0,,,,deepseekv32maas
2026091279,raw_u,fixed_sequence,0.25,,False,0,0,,1082,0,0,0.0,,,,deepseekv32maas
2026091279,raw_u,bonferroni,0.25,,False,0,0,,1082,0,0,0.0,,,,deepseekv32maas
2026091279,u_boost,fixed_sequence,0.1,,False,0,0,,1082,0,0,0.0,,,,deepseekv32maas
2026091279,u_boost,bonferroni,0.1,,False,0,0,,1082,0,0,0.0,,,,deepseekv32maas
2026091279,u_boost,fixed_sequence,0.14285714285714285,,False,0,0,,1082,0,0,0.0,,,,deepseekv32maas
2026091279,u_boost,bonferroni,0.14285714285714285,,False,0,0,,1082,0,0,0.0,,,,deepseekv32maas
2026091279,u_boost,fixed_sequence,0.2,,False,0,0,,1082,0,0,0.0,,,,deepseekv32maas
2026091279,u_boost,bonferroni,0.2,,False,0,0,,1082,0,0,0.0,,,,deepseekv32maas
2026091279,u_boost,fixed_sequence,0.25,,False,0,0,,1082,0,0,0.0,,,,deepseekv32maas
2026091279,u_boost,bonferroni,0.25,,False,0,0,,1082,0,0,0.0,,,,deepseekv32maas
2026091279,rich_logistic,fixed_sequence,0.1,,False,0,0,,1082,0,0,0.0,,,,deepseekv32maas
2026091279,rich_logistic,bonferroni,0.1,,False,0,0,,1082,0,0,0.0,,,,deepseekv32maas
2026091279,rich_logistic,fixed_sequence,0.14285714285714285,,False,0,0,,1082,0,0,0.0,,,,deepseekv32maas
2026091279,rich_logistic,bonferroni,0.14285714285714285,,False,0,0,,1082,0,0,0.0,,,,deepseekv32maas
2026091279,rich_logistic,fixed_sequence,0.2,,False,0,0,,1082,0,0,0.0,,,,deepseekv32maas
2026091279,rich_logistic,bonferroni,0.2,,False,0,0,,1082,0,0,0.0,,,,deepseekv32maas
2026091279,rich_logistic,fixed_sequence,0.25,,False,0,0,,1082,0,0,0.0,,,,deepseekv32maas
2026091279,rich_logistic,bonferroni,0.25,,False,0,0,,1082,0,0,0.0,,,,deepseekv32maas
2026091279,rich_boost,fixed_sequence,0.1,,False,0,0,,1082,0,0,0.0,,,,deepseekv32maas
2026091279,rich_boost,bonferroni,0.1,,False,0,0,,1082,0,0,0.0,,,,deepseekv32maas
2026091279,rich_boost,fixed_sequence,0.14285714285714285,,False,0,0,,1082,0,0,0.0,,,,deepseekv32maas
2026091279,rich_boost,bonferroni,0.14285714285714285,,False,0,0,,1082,0,0,0.0,,,,deepseekv32maas
2026091279,rich_boost,fixed_sequence,0.2,,False,0,0,,1082,0,0,0.0,,,,deepseekv32maas
2026091279,rich_boost,bonferroni,0.2,,False,0,0,,1082,0,0,0.0,,,,deepseekv32maas
2026091279,rich_boost,fixed_sequence,0.25,,False,0,0,,1082,0,0,0.0,,,,deepseekv32maas
2026091279,rich_boost,bonferroni,0.25,,False,0,0,,1082,0,0,0.0,,,,deepseekv32maas
2026091280,raw_u,fixed_sequence,0.1,,False,0,0,,1082,0,0,0.0,,,,deepseekv32maas
2026091280,raw_u,bonferroni,0.1,,False,0,0,,1082,0,0,0.0,,,,deepseekv32maas
2026091280,raw_u,fixed_sequence,0.14285714285714285,,False,0,0,,1082,0,0,0.0,,,,deepseekv32maas
2026091280,raw_u,bonferroni,0.14285714285714285,,False,0,0,,1082,0,0,0.0,,,,deepseekv32maas
2026091280,raw_u,fixed_sequence,0.2,,False,0,0,,1082,0,0,0.0,,,,deepseekv32maas
2026091280,raw_u,bonferroni,0.2,,False,0,0,,1082,0,0,0.0,,,,deepseekv32maas
2026091280,raw_u,fixed_sequence,0.25,,False,0,0,,1082,0,0,0.0,,,,deepseekv32maas
2026091280,raw_u,bonferroni,0.25,,False,0,0,,1082,0,0,0.0,,,,deepseekv32maas
2026091280,u_boost,fixed_sequence,0.1,,False,0,0,,1082,0,0,0.0,,,,deepseekv32maas
2026091280,u_boost,bonferroni,0.1,,False,0,0,,1082,0,0,0.0,,,,deepseekv32maas
2026091280,u_boost,fixed_sequence,0.14285714285714285,,False,0,0,,1082,0,0,0.0,,,,deepseekv32maas
2026091280,u_boost,bonferroni,0.14285714285714285,,False,0,0,,1082,0,0,0.0,,,,deepseekv32maas
2026091280,u_boost,fixed_sequence,0.2,,False,0,0,,1082,0,0,0.0,,,,deepseekv32maas
2026091280,u_boost,bonferroni,0.2,,False,0,0,,1082,0,0,0.0,,,,deepseekv32maas
2026091280,u_boost,fixed_sequence,0.25,,False,0,0,,1082,0,0,0.0,,,,deepseekv32maas
2026091280,u_boost,bonferroni,0.25,,False,0,0,,1082,0,0,0.0,,,,deepseekv32maas
2026091280,rich_logistic,fixed_sequence,0.1,,False,0,0,,1082,0,0,0.0,,,,deepseekv32maas
2026091280,rich_logistic,bonferroni,0.1,,False,0,0,,1082,0,0,0.0,,,,deepseekv32maas
2026091280,rich_logistic,fixed_sequence,0.14285714285714285,,False,0,0,,1082,0,0,0.0,,,,deepseekv32maas
2026091280,rich_logistic,bonferroni,0.14285714285714285,,False,0,0,,1082,0,0,0.0,,,,deepseekv32maas
2026091280,rich_logistic,fixed_sequence,0.2,,False,0,0,,1082,0,0,0.0,,,,deepseekv32maas
2026091280,rich_logistic,bonferroni,0.2,,False,0,0,,1082,0,0,0.0,,,,deepseekv32maas
2026091280,rich_logistic,fixed_sequence,0.25,,False,0,0,,1082,0,0,0.0,,,,deepseekv32maas
2026091280,rich_logistic,bonferroni,0.25,,False,0,0,,1082,0,0,0.0,,,,deepseekv32maas
2026091280,rich_boost,fixed_sequence,0.1,,False,0,0,,1082,0,0,0.0,,,,deepseekv32maas
2026091280,rich_boost,bonferroni,0.1,,False,0,0,,1082,0,0,0.0,,,,deepseekv32maas
2026091280,rich_boost,fixed_sequence,0.14285714285714285,,False,0,0,,1082,0,0,0.0,,,,deepseekv32maas
2026091280,rich_boost,bonferroni,0.14285714285714285,,False,0,0,,1082,0,0,0.0,,,,deepseekv32maas
2026091280,rich_boost,fixed_sequence,0.2,,False,0,0,,1082,0,0,0.0,,,,deepseekv32maas
2026091280,rich_boost,bonferroni,0.2,,False,0,0,,1082,0,0,0.0,,,,deepseekv32maas
2026091280,rich_boost,fixed_sequence,0.25,,False,0,0,,1082,0,0,0.0,,,,deepseekv32maas
2026091280,rich_boost,bonferroni,0.25,,False,0,0,,1082,0,0,0.0,,,,deepseekv32maas
2026091281,raw_u,fixed_sequence,0.1,,False,0,0,,1082,0,0,0.0,,,,deepseekv32maas
2026091281,raw_u,bonferroni,0.1,,False,0,0,,1082,0,0,0.0,,,,deepseekv32maas
2026091281,raw_u,fixed_sequence,0.14285714285714285,,False,0,0,,1082,0,0,0.0,,,,deepseekv32maas
2026091281,raw_u,bonferroni,0.14285714285714285,,False,0,0,,1082,0,0,0.0,,,,deepseekv32maas
2026091281,raw_u,fixed_sequence,0.2,,False,0,0,,1082,0,0,0.0,,,,deepseekv32maas
2026091281,raw_u,bonferroni,0.2,,False,0,0,,1082,0,0,0.0,,,,deepseekv32maas
2026091281,raw_u,fixed_sequence,0.25,,False,0,0,,1082,0,0,0.0,,,,deepseekv32maas
2026091281,raw_u,bonferroni,0.25,,False,0,0,,1082,0,0,0.0,,,,deepseekv32maas
2026091281,u_boost,fixed_sequence,0.1,,False,0,0,,1082,0,0,0.0,,,,deepseekv32maas
2026091281,u_boost,bonferroni,0.1,,False,0,0,,1082,0,0,0.0,,,,deepseekv32maas
2026091281,u_boost,fixed_sequence,0.14285714285714285,,False,0,0,,1082,0,0,0.0,,,,deepseekv32maas
2026091281,u_boost,bonferroni,0.14285714285714285,,False,0,0,,1082,0,0,0.0,,,,deepseekv32maas
2026091281,u_boost,fixed_sequence,0.2,,False,0,0,,1082,0,0,0.0,,,,deepseekv32maas
2026091281,u_boost,bonferroni,0.2,,False,0,0,,1082,0,0,0.0,,,,deepseekv32maas
2026091281,u_boost,fixed_sequence,0.25,,False,0,0,,1082,0,0,0.0,,,,deepseekv32maas
2026091281,u_boost,bonferroni,0.25,,False,0,0,,1082,0,0,0.0,,,,deepseekv32maas
2026091281,rich_logistic,fixed_sequence,0.1,,False,0,0,,1082,0,0,0.0,,,,deepseekv32maas
2026091281,rich_logistic,bonferroni,0.1,,False,0,0,,1082,0,0,0.0,,,,deepseekv32maas
2026091281,rich_logistic,fixed_sequence,0.14285714285714285,,False,0,0,,1082,0,0,0.0,,,,deepseekv32maas
2026091281,rich_logistic,bonferroni,0.14285714285714285,,False,0,0,,1082,0,0,0.0,,,,deepseekv32maas
2026091281,rich_logistic,fixed_sequence,0.2,,False,0,0,,1082,0,0,0.0,,,,deepseekv32maas
2026091281,rich_logistic,bonferroni,0.2,,False,0,0,,1082,0,0,0.0,,,,deepseekv32maas
2026091281,rich_logistic,fixed_sequence,0.25,,False,0,0,,1082,0,0,0.0,,,,deepseekv32maas
2026091281,rich_logistic,bonferroni,0.25,,False,0,0,,1082,0,0,0.0,,,,deepseekv32maas
2026091281,rich_boost,fixed_sequence,0.1,,False,0,0,,1082,0,0,0.0,,,,deepseekv32maas
2026091281,rich_boost,bonferroni,0.1,,False,0,0,,1082,0,0,0.0,,,,deepseekv32maas
2026091281,rich_boost,fixed_sequence,0.14285714285714285,,False,0,0,,1082,0,0,0.0,,,,deepseekv32maas
2026091281,rich_boost,bonferroni,0.14285714285714285,,False,0,0,,1082,0,0,0.0,,,,deepseekv32maas
2026091281,rich_boost,fixed_sequence,0.2,,False,0,0,,1082,0,0,0.0,,,,deepseekv32maas
2026091281,rich_boost,bonferroni,0.2,,False,0,0,,1082,0,0,0.0,,,,deepseekv32maas
2026091281,rich_boost,fixed_sequence,0.25,,False,0,0,,1082,0,0,0.0,,,,deepseekv32maas
2026091281,rich_boost,bonferroni,0.25,,False,0,0,,1082,0,0,0.0,,,,deepseekv32maas
2026091282,raw_u,fixed_sequence,0.1,,False,0,0,,1082,0,0,0.0,,,,deepseekv32maas
2026091282,raw_u,bonferroni,0.1,,False,0,0,,1082,0,0,0.0,,,,deepseekv32maas
2026091282,raw_u,fixed_sequence,0.14285714285714285,,False,0,0,,1082,0,0,0.0,,,,deepseekv32maas
2026091282,raw_u,bonferroni,0.14285714285714285,,False,0,0,,1082,0,0,0.0,,,,deepseekv32maas
2026091282,raw_u,fixed_sequence,0.2,,False,0,0,,1082,0,0,0.0,,,,deepseekv32maas
2026091282,raw_u,bonferroni,0.2,,False,0,0,,1082,0,0,0.0,,,,deepseekv32maas
2026091282,raw_u,fixed_sequence,0.25,,False,0,0,,1082,0,0,0.0,,,,deepseekv32maas
2026091282,raw_u,bonferroni,0.25,,False,0,0,,1082,0,0,0.0,,,,deepseekv32maas
2026091282,u_boost,fixed_sequence,0.1,,False,0,0,,1082,0,0,0.0,,,,deepseekv32maas
2026091282,u_boost,bonferroni,0.1,,False,0,0,,1082,0,0,0.0,,,,deepseekv32maas
2026091282,u_boost,fixed_sequence,0.14285714285714285,,False,0,0,,1082,0,0,0.0,,,,deepseekv32maas
2026091282,u_boost,bonferroni,0.14285714285714285,,False,0,0,,1082,0,0,0.0,,,,deepseekv32maas
2026091282,u_boost,fixed_sequence,0.2,,False,0,0,,1082,0,0,0.0,,,,deepseekv32maas
2026091282,u_boost,bonferroni,0.2,,False,0,0,,1082,0,0,0.0,,,,deepseekv32maas
2026091282,u_boost,fixed_sequence,0.25,,False,0,0,,1082,0,0,0.0,,,,deepseekv32maas
2026091282,u_boost,bonferroni,0.25,,False,0,0,,1082,0,0,0.0,,,,deepseekv32maas
2026091282,rich_logistic,fixed_sequence,0.1,,False,0,0,,1082,0,0,0.0,,,,deepseekv32maas
2026091282,rich_logistic,bonferroni,0.1,,False,0,0,,1082,0,0,0.0,,,,deepseekv32maas
2026091282,rich_logistic,fixed_sequence,0.14285714285714285,,False,0,0,,1082,0,0,0.0,,,,deepseekv32maas
2026091282,rich_logistic,bonferroni,0.14285714285714285,,False,0,0,,1082,0,0,0.0,,,,deepseekv32maas
2026091282,rich_logistic,fixed_sequence,0.2,,False,0,0,,1082,0,0,0.0,,,,deepseekv32maas
2026091282,rich_logistic,bonferroni,0.2,,False,0,0,,1082,0,0,0.0,,,,deepseekv32maas
2026091282,rich_logistic,fixed_sequence,0.25,,False,0,0,,1082,0,0,0.0,,,,deepseekv32maas
2026091282,rich_logistic,bonferroni,0.25,,False,0,0,,1082,0,0,0.0,,,,deepseekv32maas
2026091282,rich_boost,fixed_sequence,0.1,,False,0,0,,1082,0,0,0.0,,,,deepseekv32maas
2026091282,rich_boost,bonferroni,0.1,,False,0,0,,1082,0,0,0.0,,,,deepseekv32maas
2026091282,rich_boost,fixed_sequence,0.14285714285714285,,False,0,0,,1082,0,0,0.0,,,,deepseekv32maas
2026091282,rich_boost,bonferroni,0.14285714285714285,,False,0,0,,1082,0,0,0.0,,,,deepseekv32maas
2026091282,rich_boost,fixed_sequence,0.2,,False,0,0,,1082,0,0,0.0,,,,deepseekv32maas
2026091282,rich_boost,bonferroni,0.2,,False,0,0,,1082,0,0,0.0,,,,deepseekv32maas
2026091282,rich_boost,fixed_sequence,0.25,,False,0,0,,1082,0,0,0.0,,,,deepseekv32maas
2026091282,rich_boost,bonferroni,0.25,,False,0,0,,1082,0,0,0.0,,,,deepseekv32maas
2026091283,raw_u,fixed_sequence,0.1,,False,0,0,,1082,0,0,0.0,,,,deepseekv32maas
2026091283,raw_u,bonferroni,0.1,,False,0,0,,1082,0,0,0.0,,,,deepseekv32maas
2026091283,raw_u,fixed_sequence,0.14285714285714285,,False,0,0,,1082,0,0,0.0,,,,deepseekv32maas
2026091283,raw_u,bonferroni,0.14285714285714285,,False,0,0,,1082,0,0,0.0,,,,deepseekv32maas
2026091283,raw_u,fixed_sequence,0.2,,False,0,0,,1082,0,0,0.0,,,,deepseekv32maas
2026091283,raw_u,bonferroni,0.2,,False,0,0,,1082,0,0,0.0,,,,deepseekv32maas
2026091283,raw_u,fixed_sequence,0.25,,False,0,0,,1082,0,0,0.0,,,,deepseekv32maas
2026091283,raw_u,bonferroni,0.25,,False,0,0,,1082,0,0,0.0,,,,deepseekv32maas
2026091283,u_boost,fixed_sequence,0.1,,False,0,0,,1082,0,0,0.0,,,,deepseekv32maas
2026091283,u_boost,bonferroni,0.1,,False,0,0,,1082,0,0,0.0,,,,deepseekv32maas
2026091283,u_boost,fixed_sequence,0.14285714285714285,,False,0,0,,1082,0,0,0.0,,,,deepseekv32maas
2026091283,u_boost,bonferroni,0.14285714285714285,,False,0,0,,1082,0,0,0.0,,,,deepseekv32maas
2026091283,u_boost,fixed_sequence,0.2,,False,0,0,,1082,0,0,0.0,,,,deepseekv32maas
2026091283,u_boost,bonferroni,0.2,,False,0,0,,1082,0,0,0.0,,,,deepseekv32maas
2026091283,u_boost,fixed_sequence,0.25,,False,0,0,,1082,0,0,0.0,,,,deepseekv32maas
2026091283,u_boost,bonferroni,0.25,,False,0,0,,1082,0,0,0.0,,,,deepseekv32maas
2026091283,rich_logistic,fixed_sequence,0.1,,False,0,0,,1082,0,0,0.0,,,,deepseekv32maas
2026091283,rich_logistic,bonferroni,0.1,,False,0,0,,1082,0,0,0.0,,,,deepseekv32maas
2026091283,rich_logistic,fixed_sequence,0.14285714285714285,,False,0,0,,1082,0,0,0.0,,,,deepseekv32maas
2026091283,rich_logistic,bonferroni,0.14285714285714285,,False,0,0,,1082,0,0,0.0,,,,deepseekv32maas
2026091283,rich_logistic,fixed_sequence,0.2,,False,0,0,,1082,0,0,0.0,,,,deepseekv32maas
2026091283,rich_logistic,bonferroni,0.2,,False,0,0,,1082,0,0,0.0,,,,deepseekv32maas
2026091283,rich_logistic,fixed_sequence,0.25,,False,0,0,,1082,0,0,0.0,,,,deepseekv32maas
2026091283,rich_logistic,bonferroni,0.25,,False,0,0,,1082,0,0,0.0,,,,deepseekv32maas
2026091283,rich_boost,fixed_sequence,0.1,,False,0,0,,1082,0,0,0.0,,,,deepseekv32maas
2026091283,rich_boost,bonferroni,0.1,,False,0,0,,1082,0,0,0.0,,,,deepseekv32maas
2026091283,rich_boost,fixed_sequence,0.14285714285714285,,False,0,0,,1082,0,0,0.0,,,,deepseekv32maas
2026091283,rich_boost,bonferroni,0.14285714285714285,,False,0,0,,1082,0,0,0.0,,,,deepseekv32maas
2026091283,rich_boost,fixed_sequence,0.2,,False,0,0,,1082,0,0,0.0,,,,deepseekv32maas
2026091283,rich_boost,bonferroni,0.2,,False,0,0,,1082,0,0,0.0,,,,deepseekv32maas
2026091283,rich_boost,fixed_sequence,0.25,,False,0,0,,1082,0,0,0.0,,,,deepseekv32maas
2026091283,rich_boost,bonferroni,0.25,,False,0,0,,1082,0,0,0.0,,,,deepseekv32maas
2026091284,raw_u,fixed_sequence,0.1,,False,0,0,,1082,0,0,0.0,,,,deepseekv32maas
2026091284,raw_u,bonferroni,0.1,,False,0,0,,1082,0,0,0.0,,,,deepseekv32maas
2026091284,raw_u,fixed_sequence,0.14285714285714285,,False,0,0,,1082,0,0,0.0,,,,deepseekv32maas
2026091284,raw_u,bonferroni,0.14285714285714285,,False,0,0,,1082,0,0,0.0,,,,deepseekv32maas
2026091284,raw_u,fixed_sequence,0.2,,False,0,0,,1082,0,0,0.0,,,,deepseekv32maas
2026091284,raw_u,bonferroni,0.2,,False,0,0,,1082,0,0,0.0,,,,deepseekv32maas
2026091284,raw_u,fixed_sequence,0.25,,False,0,0,,1082,0,0,0.0,,,,deepseekv32maas
2026091284,raw_u,bonferroni,0.25,,False,0,0,,1082,0,0,0.0,,,,deepseekv32maas
2026091284,u_boost,fixed_sequence,0.1,,False,0,0,,1082,0,0,0.0,,,,deepseekv32maas
2026091284,u_boost,bonferroni,0.1,,False,0,0,,1082,0,0,0.0,,,,deepseekv32maas
2026091284,u_boost,fixed_sequence,0.14285714285714285,,False,0,0,,1082,0,0,0.0,,,,deepseekv32maas
2026091284,u_boost,bonferroni,0.14285714285714285,,False,0,0,,1082,0,0,0.0,,,,deepseekv32maas
2026091284,u_boost,fixed_sequence,0.2,,False,0,0,,1082,0,0,0.0,,,,deepseekv32maas
2026091284,u_boost,bonferroni,0.2,,False,0,0,,1082,0,0,0.0,,,,deepseekv32maas
2026091284,u_boost,fixed_sequence,0.25,,False,0,0,,1082,0,0,0.0,,,,deepseekv32maas
2026091284,u_boost,bonferroni,0.25,,False,0,0,,1082,0,0,0.0,,,,deepseekv32maas
2026091284,rich_logistic,fixed_sequence,0.1,,False,0,0,,1082,0,0,0.0,,,,deepseekv32maas
2026091284,rich_logistic,bonferroni,0.1,,False,0,0,,1082,0,0,0.0,,,,deepseekv32maas
2026091284,rich_logistic,fixed_sequence,0.14285714285714285,,False,0,0,,1082,0,0,0.0,,,,deepseekv32maas
2026091284,rich_logistic,bonferroni,0.14285714285714285,,False,0,0,,1082,0,0,0.0,,,,deepseekv32maas
2026091284,rich_logistic,fixed_sequence,0.2,,False,0,0,,1082,0,0,0.0,,,,deepseekv32maas
2026091284,rich_logistic,bonferroni,0.2,,False,0,0,,1082,0,0,0.0,,,,deepseekv32maas
2026091284,rich_logistic,fixed_sequence,0.25,,False,0,0,,1082,0,0,0.0,,,,deepseekv32maas
2026091284,rich_logistic,bonferroni,0.25,,False,0,0,,1082,0,0,0.0,,,,deepseekv32maas
2026091284,rich_boost,fixed_sequence,0.1,,False,0,0,,1082,0,0,0.0,,,,deepseekv32maas
2026091284,rich_boost,bonferroni,0.1,,False,0,0,,1082,0,0,0.0,,,,deepseekv32maas
2026091284,rich_boost,fixed_sequence,0.14285714285714285,,False,0,0,,1082,0,0,0.0,,,,deepseekv32maas
2026091284,rich_boost,bonferroni,0.14285714285714285,,False,0,0,,1082,0,0,0.0,,,,deepseekv32maas
2026091284,rich_boost,fixed_sequence,0.2,,False,0,0,,1082,0,0,0.0,,,,deepseekv32maas
2026091284,rich_boost,bonferroni,0.2,,False,0,0,,1082,0,0,0.0,,,,deepseekv32maas
2026091284,rich_boost,fixed_sequence,0.25,,False,0,0,,1082,0,0,0.0,,,,deepseekv32maas
2026091284,rich_boost,bonferroni,0.25,,False,0,0,,1082,0,0,0.0,,,,deepseekv32maas
2026091285,raw_u,fixed_sequence,0.1,,False,0,0,,1082,0,0,0.0,,,,deepseekv32maas
2026091285,raw_u,bonferroni,0.1,,False,0,0,,1082,0,0,0.0,,,,deepseekv32maas
2026091285,raw_u,fixed_sequence,0.14285714285714285,,False,0,0,,1082,0,0,0.0,,,,deepseekv32maas
2026091285,raw_u,bonferroni,0.14285714285714285,,False,0,0,,1082,0,0,0.0,,,,deepseekv32maas
2026091285,raw_u,fixed_sequence,0.2,,False,0,0,,1082,0,0,0.0,,,,deepseekv32maas
2026091285,raw_u,bonferroni,0.2,,False,0,0,,1082,0,0,0.0,,,,deepseekv32maas
2026091285,raw_u,fixed_sequence,0.25,,False,0,0,,1082,0,0,0.0,,,,deepseekv32maas
2026091285,raw_u,bonferroni,0.25,,False,0,0,,1082,0,0,0.0,,,,deepseekv32maas
2026091285,u_boost,fixed_sequence,0.1,,False,0,0,,1082,0,0,0.0,,,,deepseekv32maas
2026091285,u_boost,bonferroni,0.1,,False,0,0,,1082,0,0,0.0,,,,deepseekv32maas
2026091285,u_boost,fixed_sequence,0.14285714285714285,,False,0,0,,1082,0,0,0.0,,,,deepseekv32maas
2026091285,u_boost,bonferroni,0.14285714285714285,,False,0,0,,1082,0,0,0.0,,,,deepseekv32maas
2026091285,u_boost,fixed_sequence,0.2,,False,0,0,,1082,0,0,0.0,,,,deepseekv32maas
2026091285,u_boost,bonferroni,0.2,,False,0,0,,1082,0,0,0.0,,,,deepseekv32maas
2026091285,u_boost,fixed_sequence,0.25,,False,0,0,,1082,0,0,0.0,,,,deepseekv32maas
2026091285,u_boost,bonferroni,0.25,,False,0,0,,1082,0,0,0.0,,,,deepseekv32maas
2026091285,rich_logistic,fixed_sequence,0.1,,False,0,0,,1082,0,0,0.0,,,,deepseekv32maas
2026091285,rich_logistic,bonferroni,0.1,,False,0,0,,1082,0,0,0.0,,,,deepseekv32maas
2026091285,rich_logistic,fixed_sequence,0.14285714285714285,,False,0,0,,1082,0,0,0.0,,,,deepseekv32maas
2026091285,rich_logistic,bonferroni,0.14285714285714285,,False,0,0,,1082,0,0,0.0,,,,deepseekv32maas
2026091285,rich_logistic,fixed_sequence,0.2,,False,0,0,,1082,0,0,0.0,,,,deepseekv32maas
2026091285,rich_logistic,bonferroni,0.2,,False,0,0,,1082,0,0,0.0,,,,deepseekv32maas
2026091285,rich_logistic,fixed_sequence,0.25,,False,0,0,,1082,0,0,0.0,,,,deepseekv32maas
2026091285,rich_logistic,bonferroni,0.25,,False,0,0,,1082,0,0,0.0,,,,deepseekv32maas
2026091285,rich_boost,fixed_sequence,0.1,,False,0,0,,1082,0,0,0.0,,,,deepseekv32maas
2026091285,rich_boost,bonferroni,0.1,,False,0,0,,1082,0,0,0.0,,,,deepseekv32maas
2026091285,rich_boost,fixed_sequence,0.14285714285714285,,False,0,0,,1082,0,0,0.0,,,,deepseekv32maas
2026091285,rich_boost,bonferroni,0.14285714285714285,,False,0,0,,1082,0,0,0.0,,,,deepseekv32maas
2026091285,rich_boost,fixed_sequence,0.2,,False,0,0,,1082,0,0,0.0,,,,deepseekv32maas
2026091285,rich_boost,bonferroni,0.2,,False,0,0,,1082,0,0,0.0,,,,deepseekv32maas
2026091285,rich_boost,fixed_sequence,0.25,,False,0,0,,1082,0,0,0.0,,,,deepseekv32maas
2026091285,rich_boost,bonferroni,0.25,,False,0,0,,1082,0,0,0.0,,,,deepseekv32maas
2026091286,raw_u,fixed_sequence,0.1,,False,0,0,,1082,0,0,0.0,,,,deepseekv32maas
2026091286,raw_u,bonferroni,0.1,,False,0,0,,1082,0,0,0.0,,,,deepseekv32maas
2026091286,raw_u,fixed_sequence,0.14285714285714285,,False,0,0,,1082,0,0,0.0,,,,deepseekv32maas
2026091286,raw_u,bonferroni,0.14285714285714285,,False,0,0,,1082,0,0,0.0,,,,deepseekv32maas
2026091286,raw_u,fixed_sequence,0.2,,False,0,0,,1082,0,0,0.0,,,,deepseekv32maas
2026091286,raw_u,bonferroni,0.2,,False,0,0,,1082,0,0,0.0,,,,deepseekv32maas
2026091286,raw_u,fixed_sequence,0.25,,False,0,0,,1082,0,0,0.0,,,,deepseekv32maas
2026091286,raw_u,bonferroni,0.25,,False,0,0,,1082,0,0,0.0,,,,deepseekv32maas
2026091286,u_boost,fixed_sequence,0.1,,False,0,0,,1082,0,0,0.0,,,,deepseekv32maas
2026091286,u_boost,bonferroni,0.1,,False,0,0,,1082,0,0,0.0,,,,deepseekv32maas
2026091286,u_boost,fixed_sequence,0.14285714285714285,,False,0,0,,1082,0,0,0.0,,,,deepseekv32maas
2026091286,u_boost,bonferroni,0.14285714285714285,,False,0,0,,1082,0,0,0.0,,,,deepseekv32maas
2026091286,u_boost,fixed_sequence,0.2,,False,0,0,,1082,0,0,0.0,,,,deepseekv32maas
2026091286,u_boost,bonferroni,0.2,,False,0,0,,1082,0,0,0.0,,,,deepseekv32maas
2026091286,u_boost,fixed_sequence,0.25,,False,0,0,,1082,0,0,0.0,,,,deepseekv32maas
2026091286,u_boost,bonferroni,0.25,,False,0,0,,1082,0,0,0.0,,,,deepseekv32maas
2026091286,rich_logistic,fixed_sequence,0.1,,False,0,0,,1082,0,0,0.0,,,,deepseekv32maas
2026091286,rich_logistic,bonferroni,0.1,,False,0,0,,1082,0,0,0.0,,,,deepseekv32maas
2026091286,rich_logistic,fixed_sequence,0.14285714285714285,,False,0,0,,1082,0,0,0.0,,,,deepseekv32maas
2026091286,rich_logistic,bonferroni,0.14285714285714285,,False,0,0,,1082,0,0,0.0,,,,deepseekv32maas
2026091286,rich_logistic,fixed_sequence,0.2,,False,0,0,,1082,0,0,0.0,,,,deepseekv32maas
2026091286,rich_logistic,bonferroni,0.2,,False,0,0,,1082,0,0,0.0,,,,deepseekv32maas
2026091286,rich_logistic,fixed_sequence,0.25,,False,0,0,,1082,0,0,0.0,,,,deepseekv32maas
2026091286,rich_logistic,bonferroni,0.25,,False,0,0,,1082,0,0,0.0,,,,deepseekv32maas
2026091286,rich_boost,fixed_sequence,0.1,,False,0,0,,1082,0,0,0.0,,,,deepseekv32maas
2026091286,rich_boost,bonferroni,0.1,,False,0,0,,1082,0,0,0.0,,,,deepseekv32maas
2026091286,rich_boost,fixed_sequence,0.14285714285714285,,False,0,0,,1082,0,0,0.0,,,,deepseekv32maas
2026091286,rich_boost,bonferroni,0.14285714285714285,,False,0,0,,1082,0,0,0.0,,,,deepseekv32maas
2026091286,rich_boost,fixed_sequence,0.2,,False,0,0,,1082,0,0,0.0,,,,deepseekv32maas
2026091286,rich_boost,bonferroni,0.2,,False,0,0,,1082,0,0,0.0,,,,deepseekv32maas
2026091286,rich_boost,fixed_sequence,0.25,,False,0,0,,1082,0,0,0.0,,,,deepseekv32maas
2026091286,rich_boost,bonferroni,0.25,,False,0,0,,1082,0,0,0.0,,,,deepseekv32maas
2026091287,raw_u,fixed_sequence,0.1,,False,0,0,,1082,0,0,0.0,,,,deepseekv32maas
2026091287,raw_u,bonferroni,0.1,,False,0,0,,1082,0,0,0.0,,,,deepseekv32maas
2026091287,raw_u,fixed_sequence,0.14285714285714285,,False,0,0,,1082,0,0,0.0,,,,deepseekv32maas
2026091287,raw_u,bonferroni,0.14285714285714285,,False,0,0,,1082,0,0,0.0,,,,deepseekv32maas
2026091287,raw_u,fixed_sequence,0.2,,False,0,0,,1082,0,0,0.0,,,,deepseekv32maas
2026091287,raw_u,bonferroni,0.2,,False,0,0,,1082,0,0,0.0,,,,deepseekv32maas
2026091287,raw_u,fixed_sequence,0.25,,False,0,0,,1082,0,0,0.0,,,,deepseekv32maas
2026091287,raw_u,bonferroni,0.25,,False,0,0,,1082,0,0,0.0,,,,deepseekv32maas
2026091287,u_boost,fixed_sequence,0.1,,False,0,0,,1082,0,0,0.0,,,,deepseekv32maas
2026091287,u_boost,bonferroni,0.1,,False,0,0,,1082,0,0,0.0,,,,deepseekv32maas
2026091287,u_boost,fixed_sequence,0.14285714285714285,,False,0,0,,1082,0,0,0.0,,,,deepseekv32maas
2026091287,u_boost,bonferroni,0.14285714285714285,,False,0,0,,1082,0,0,0.0,,,,deepseekv32maas
2026091287,u_boost,fixed_sequence,0.2,,False,0,0,,1082,0,0,0.0,,,,deepseekv32maas
2026091287,u_boost,bonferroni,0.2,,False,0,0,,1082,0,0,0.0,,,,deepseekv32maas
2026091287,u_boost,fixed_sequence,0.25,,False,0,0,,1082,0,0,0.0,,,,deepseekv32maas
2026091287,u_boost,bonferroni,0.25,,False,0,0,,1082,0,0,0.0,,,,deepseekv32maas
2026091287,rich_logistic,fixed_sequence,0.1,,False,0,0,,1082,0,0,0.0,,,,deepseekv32maas
2026091287,rich_logistic,bonferroni,0.1,,False,0,0,,1082,0,0,0.0,,,,deepseekv32maas
2026091287,rich_logistic,fixed_sequence,0.14285714285714285,,False,0,0,,1082,0,0,0.0,,,,deepseekv32maas
2026091287,rich_logistic,bonferroni,0.14285714285714285,,False,0,0,,1082,0,0,0.0,,,,deepseekv32maas
2026091287,rich_logistic,fixed_sequence,0.2,,False,0,0,,1082,0,0,0.0,,,,deepseekv32maas
2026091287,rich_logistic,bonferroni,0.2,,False,0,0,,1082,0,0,0.0,,,,deepseekv32maas
2026091287,rich_logistic,fixed_sequence,0.25,,False,0,0,,1082,0,0,0.0,,,,deepseekv32maas
2026091287,rich_logistic,bonferroni,0.25,,False,0,0,,1082,0,0,0.0,,,,deepseekv32maas
2026091287,rich_boost,fixed_sequence,0.1,,False,0,0,,1082,0,0,0.0,,,,deepseekv32maas
2026091287,rich_boost,bonferroni,0.1,,False,0,0,,1082,0,0,0.0,,,,deepseekv32maas
2026091287,rich_boost,fixed_sequence,0.14285714285714285,,False,0,0,,1082,0,0,0.0,,,,deepseekv32maas
2026091287,rich_boost,bonferroni,0.14285714285714285,,False,0,0,,1082,0,0,0.0,,,,deepseekv32maas
2026091287,rich_boost,fixed_sequence,0.2,,False,0,0,,1082,0,0,0.0,,,,deepseekv32maas
2026091287,rich_boost,bonferroni,0.2,,False,0,0,,1082,0,0,0.0,,,,deepseekv32maas
2026091287,rich_boost,fixed_sequence,0.25,,False,0,0,,1082,0,0,0.0,,,,deepseekv32maas
2026091287,rich_boost,bonferroni,0.25,,False,0,0,,1082,0,0,0.0,,,,deepseekv32maas
2026091288,raw_u,fixed_sequence,0.1,,False,0,0,,1082,0,0,0.0,,,,deepseekv32maas
2026091288,raw_u,bonferroni,0.1,,False,0,0,,1082,0,0,0.0,,,,deepseekv32maas
2026091288,raw_u,fixed_sequence,0.14285714285714285,,False,0,0,,1082,0,0,0.0,,,,deepseekv32maas
2026091288,raw_u,bonferroni,0.14285714285714285,,False,0,0,,1082,0,0,0.0,,,,deepseekv32maas
2026091288,raw_u,fixed_sequence,0.2,,False,0,0,,1082,0,0,0.0,,,,deepseekv32maas
2026091288,raw_u,bonferroni,0.2,,False,0,0,,1082,0,0,0.0,,,,deepseekv32maas
2026091288,raw_u,fixed_sequence,0.25,,False,0,0,,1082,0,0,0.0,,,,deepseekv32maas
2026091288,raw_u,bonferroni,0.25,,False,0,0,,1082,0,0,0.0,,,,deepseekv32maas
2026091288,u_boost,fixed_sequence,0.1,,False,0,0,,1082,0,0,0.0,,,,deepseekv32maas
2026091288,u_boost,bonferroni,0.1,,False,0,0,,1082,0,0,0.0,,,,deepseekv32maas
2026091288,u_boost,fixed_sequence,0.14285714285714285,,False,0,0,,1082,0,0,0.0,,,,deepseekv32maas
2026091288,u_boost,bonferroni,0.14285714285714285,,False,0,0,,1082,0,0,0.0,,,,deepseekv32maas
2026091288,u_boost,fixed_sequence,0.2,,False,0,0,,1082,0,0,0.0,,,,deepseekv32maas
2026091288,u_boost,bonferroni,0.2,,False,0,0,,1082,0,0,0.0,,,,deepseekv32maas
2026091288,u_boost,fixed_sequence,0.25,,False,0,0,,1082,0,0,0.0,,,,deepseekv32maas
2026091288,u_boost,bonferroni,0.25,,False,0,0,,1082,0,0,0.0,,,,deepseekv32maas
2026091288,rich_logistic,fixed_sequence,0.1,,False,0,0,,1082,0,0,0.0,,,,deepseekv32maas
2026091288,rich_logistic,bonferroni,0.1,,False,0,0,,1082,0,0,0.0,,,,deepseekv32maas
2026091288,rich_logistic,fixed_sequence,0.14285714285714285,,False,0,0,,1082,0,0,0.0,,,,deepseekv32maas
2026091288,rich_logistic,bonferroni,0.14285714285714285,,False,0,0,,1082,0,0,0.0,,,,deepseekv32maas
2026091288,rich_logistic,fixed_sequence,0.2,,False,0,0,,1082,0,0,0.0,,,,deepseekv32maas
2026091288,rich_logistic,bonferroni,0.2,,False,0,0,,1082,0,0,0.0,,,,deepseekv32maas
2026091288,rich_logistic,fixed_sequence,0.25,,False,0,0,,1082,0,0,0.0,,,,deepseekv32maas
2026091288,rich_logistic,bonferroni,0.25,,False,0,0,,1082,0,0,0.0,,,,deepseekv32maas
2026091288,rich_boost,fixed_sequence,0.1,,False,0,0,,1082,0,0,0.0,,,,deepseekv32maas
2026091288,rich_boost,bonferroni,0.1,,False,0,0,,1082,0,0,0.0,,,,deepseekv32maas
2026091288,rich_boost,fixed_sequence,0.14285714285714285,,False,0,0,,1082,0,0,0.0,,,,deepseekv32maas
2026091288,rich_boost,bonferroni,0.14285714285714285,,False,0,0,,1082,0,0,0.0,,,,deepseekv32maas
2026091288,rich_boost,fixed_sequence,0.2,,False,0,0,,1082,0,0,0.0,,,,deepseekv32maas
2026091288,rich_boost,bonferroni,0.2,,False,0,0,,1082,0,0,0.0,,,,deepseekv32maas
2026091288,rich_boost,fixed_sequence,0.25,,False,0,0,,1082,0,0,0.0,,,,deepseekv32maas
2026091288,rich_boost,bonferroni,0.25,,False,0,0,,1082,0,0,0.0,,,,deepseekv32maas
2026091289,raw_u,fixed_sequence,0.1,,False,0,0,,1082,0,0,0.0,,,,deepseekv32maas
2026091289,raw_u,bonferroni,0.1,,False,0,0,,1082,0,0,0.0,,,,deepseekv32maas
2026091289,raw_u,fixed_sequence,0.14285714285714285,,False,0,0,,1082,0,0,0.0,,,,deepseekv32maas
2026091289,raw_u,bonferroni,0.14285714285714285,,False,0,0,,1082,0,0,0.0,,,,deepseekv32maas
2026091289,raw_u,fixed_sequence,0.2,,False,0,0,,1082,0,0,0.0,,,,deepseekv32maas
2026091289,raw_u,bonferroni,0.2,,False,0,0,,1082,0,0,0.0,,,,deepseekv32maas
2026091289,raw_u,fixed_sequence,0.25,,False,0,0,,1082,0,0,0.0,,,,deepseekv32maas
2026091289,raw_u,bonferroni,0.25,,False,0,0,,1082,0,0,0.0,,,,deepseekv32maas
2026091289,u_boost,fixed_sequence,0.1,,False,0,0,,1082,0,0,0.0,,,,deepseekv32maas
2026091289,u_boost,bonferroni,0.1,,False,0,0,,1082,0,0,0.0,,,,deepseekv32maas
2026091289,u_boost,fixed_sequence,0.14285714285714285,,False,0,0,,1082,0,0,0.0,,,,deepseekv32maas
2026091289,u_boost,bonferroni,0.14285714285714285,,False,0,0,,1082,0,0,0.0,,,,deepseekv32maas
2026091289,u_boost,fixed_sequence,0.2,,False,0,0,,1082,0,0,0.0,,,,deepseekv32maas
2026091289,u_boost,bonferroni,0.2,,False,0,0,,1082,0,0,0.0,,,,deepseekv32maas
2026091289,u_boost,fixed_sequence,0.25,,False,0,0,,1082,0,0,0.0,,,,deepseekv32maas
2026091289,u_boost,bonferroni,0.25,,False,0,0,,1082,0,0,0.0,,,,deepseekv32maas
2026091289,rich_logistic,fixed_sequence,0.1,,False,0,0,,1082,0,0,0.0,,,,deepseekv32maas
2026091289,rich_logistic,bonferroni,0.1,,False,0,0,,1082,0,0,0.0,,,,deepseekv32maas
2026091289,rich_logistic,fixed_sequence,0.14285714285714285,,False,0,0,,1082,0,0,0.0,,,,deepseekv32maas
2026091289,rich_logistic,bonferroni,0.14285714285714285,,False,0,0,,1082,0,0,0.0,,,,deepseekv32maas
2026091289,rich_logistic,fixed_sequence,0.2,,False,0,0,,1082,0,0,0.0,,,,deepseekv32maas
2026091289,rich_logistic,bonferroni,0.2,,False,0,0,,1082,0,0,0.0,,,,deepseekv32maas
2026091289,rich_logistic,fixed_sequence,0.25,,False,0,0,,1082,0,0,0.0,,,,deepseekv32maas
2026091289,rich_logistic,bonferroni,0.25,,False,0,0,,1082,0,0,0.0,,,,deepseekv32maas
2026091289,rich_boost,fixed_sequence,0.1,,False,0,0,,1082,0,0,0.0,,,,deepseekv32maas
2026091289,rich_boost,bonferroni,0.1,,False,0,0,,1082,0,0,0.0,,,,deepseekv32maas
2026091289,rich_boost,fixed_sequence,0.14285714285714285,,False,0,0,,1082,0,0,0.0,,,,deepseekv32maas
2026091289,rich_boost,bonferroni,0.14285714285714285,,False,0,0,,1082,0,0,0.0,,,,deepseekv32maas
2026091289,rich_boost,fixed_sequence,0.2,,False,0,0,,1082,0,0,0.0,,,,deepseekv32maas
2026091289,rich_boost,bonferroni,0.2,,False,0,0,,1082,0,0,0.0,,,,deepseekv32maas
2026091289,rich_boost,fixed_sequence,0.25,,False,0,0,,1082,0,0,0.0,,,,deepseekv32maas
2026091289,rich_boost,bonferroni,0.25,,False,0,0,,1082,0,0,0.0,,,,deepseekv32maas
2026091290,raw_u,fixed_sequence,0.1,,False,0,0,,1082,0,0,0.0,,,,deepseekv32maas
2026091290,raw_u,bonferroni,0.1,,False,0,0,,1082,0,0,0.0,,,,deepseekv32maas
2026091290,raw_u,fixed_sequence,0.14285714285714285,,False,0,0,,1082,0,0,0.0,,,,deepseekv32maas
2026091290,raw_u,bonferroni,0.14285714285714285,,False,0,0,,1082,0,0,0.0,,,,deepseekv32maas
2026091290,raw_u,fixed_sequence,0.2,,False,0,0,,1082,0,0,0.0,,,,deepseekv32maas
2026091290,raw_u,bonferroni,0.2,,False,0,0,,1082,0,0,0.0,,,,deepseekv32maas
2026091290,raw_u,fixed_sequence,0.25,,False,0,0,,1082,0,0,0.0,,,,deepseekv32maas
2026091290,raw_u,bonferroni,0.25,,False,0,0,,1082,0,0,0.0,,,,deepseekv32maas
2026091290,u_boost,fixed_sequence,0.1,,False,0,0,,1082,0,0,0.0,,,,deepseekv32maas
2026091290,u_boost,bonferroni,0.1,,False,0,0,,1082,0,0,0.0,,,,deepseekv32maas
2026091290,u_boost,fixed_sequence,0.14285714285714285,,False,0,0,,1082,0,0,0.0,,,,deepseekv32maas
2026091290,u_boost,bonferroni,0.14285714285714285,,False,0,0,,1082,0,0,0.0,,,,deepseekv32maas
2026091290,u_boost,fixed_sequence,0.2,,False,0,0,,1082,0,0,0.0,,,,deepseekv32maas
2026091290,u_boost,bonferroni,0.2,,False,0,0,,1082,0,0,0.0,,,,deepseekv32maas
2026091290,u_boost,fixed_sequence,0.25,,False,0,0,,1082,0,0,0.0,,,,deepseekv32maas
2026091290,u_boost,bonferroni,0.25,,False,0,0,,1082,0,0,0.0,,,,deepseekv32maas
2026091290,rich_logistic,fixed_sequence,0.1,,False,0,0,,1082,0,0,0.0,,,,deepseekv32maas
2026091290,rich_logistic,bonferroni,0.1,,False,0,0,,1082,0,0,0.0,,,,deepseekv32maas
2026091290,rich_logistic,fixed_sequence,0.14285714285714285,,False,0,0,,1082,0,0,0.0,,,,deepseekv32maas
2026091290,rich_logistic,bonferroni,0.14285714285714285,,False,0,0,,1082,0,0,0.0,,,,deepseekv32maas
2026091290,rich_logistic,fixed_sequence,0.2,,False,0,0,,1082,0,0,0.0,,,,deepseekv32maas
2026091290,rich_logistic,bonferroni,0.2,,False,0,0,,1082,0,0,0.0,,,,deepseekv32maas
2026091290,rich_logistic,fixed_sequence,0.25,,False,0,0,,1082,0,0,0.0,,,,deepseekv32maas
2026091290,rich_logistic,bonferroni,0.25,,False,0,0,,1082,0,0,0.0,,,,deepseekv32maas
2026091290,rich_boost,fixed_sequence,0.1,,False,0,0,,1082,0,0,0.0,,,,deepseekv32maas
2026091290,rich_boost,bonferroni,0.1,,False,0,0,,1082,0,0,0.0,,,,deepseekv32maas
2026091290,rich_boost,fixed_sequence,0.14285714285714285,,False,0,0,,1082,0,0,0.0,,,,deepseekv32maas
2026091290,rich_boost,bonferroni,0.14285714285714285,,False,0,0,,1082,0,0,0.0,,,,deepseekv32maas
2026091290,rich_boost,fixed_sequence,0.2,,False,0,0,,1082,0,0,0.0,,,,deepseekv32maas
2026091290,rich_boost,bonferroni,0.2,,False,0,0,,1082,0,0,0.0,,,,deepseekv32maas
2026091290,rich_boost,fixed_sequence,0.25,,False,0,0,,1082,0,0,0.0,,,,deepseekv32maas
2026091290,rich_boost,bonferroni,0.25,,False,0,0,,1082,0,0,0.0,,,,deepseekv32maas
2026091291,raw_u,fixed_sequence,0.1,,False,0,0,,1082,0,0,0.0,,,,deepseekv32maas
2026091291,raw_u,bonferroni,0.1,,False,0,0,,1082,0,0,0.0,,,,deepseekv32maas
2026091291,raw_u,fixed_sequence,0.14285714285714285,,False,0,0,,1082,0,0,0.0,,,,deepseekv32maas
2026091291,raw_u,bonferroni,0.14285714285714285,,False,0,0,,1082,0,0,0.0,,,,deepseekv32maas
2026091291,raw_u,fixed_sequence,0.2,,False,0,0,,1082,0,0,0.0,,,,deepseekv32maas
2026091291,raw_u,bonferroni,0.2,,False,0,0,,1082,0,0,0.0,,,,deepseekv32maas
2026091291,raw_u,fixed_sequence,0.25,,False,0,0,,1082,0,0,0.0,,,,deepseekv32maas
2026091291,raw_u,bonferroni,0.25,,False,0,0,,1082,0,0,0.0,,,,deepseekv32maas
2026091291,u_boost,fixed_sequence,0.1,,False,0,0,,1082,0,0,0.0,,,,deepseekv32maas
2026091291,u_boost,bonferroni,0.1,,False,0,0,,1082,0,0,0.0,,,,deepseekv32maas
2026091291,u_boost,fixed_sequence,0.14285714285714285,,False,0,0,,1082,0,0,0.0,,,,deepseekv32maas
2026091291,u_boost,bonferroni,0.14285714285714285,,False,0,0,,1082,0,0,0.0,,,,deepseekv32maas
2026091291,u_boost,fixed_sequence,0.2,,False,0,0,,1082,0,0,0.0,,,,deepseekv32maas
2026091291,u_boost,bonferroni,0.2,,False,0,0,,1082,0,0,0.0,,,,deepseekv32maas
2026091291,u_boost,fixed_sequence,0.25,,False,0,0,,1082,0,0,0.0,,,,deepseekv32maas
2026091291,u_boost,bonferroni,0.25,,False,0,0,,1082,0,0,0.0,,,,deepseekv32maas
2026091291,rich_logistic,fixed_sequence,0.1,,False,0,0,,1082,0,0,0.0,,,,deepseekv32maas
2026091291,rich_logistic,bonferroni,0.1,,False,0,0,,1082,0,0,0.0,,,,deepseekv32maas
2026091291,rich_logistic,fixed_sequence,0.14285714285714285,,False,0,0,,1082,0,0,0.0,,,,deepseekv32maas
2026091291,rich_logistic,bonferroni,0.14285714285714285,,False,0,0,,1082,0,0,0.0,,,,deepseekv32maas
2026091291,rich_logistic,fixed_sequence,0.2,,False,0,0,,1082,0,0,0.0,,,,deepseekv32maas
2026091291,rich_logistic,bonferroni,0.2,,False,0,0,,1082,0,0,0.0,,,,deepseekv32maas
2026091291,rich_logistic,fixed_sequence,0.25,,False,0,0,,1082,0,0,0.0,,,,deepseekv32maas
2026091291,rich_logistic,bonferroni,0.25,,False,0,0,,1082,0,0,0.0,,,,deepseekv32maas
2026091291,rich_boost,fixed_sequence,0.1,,False,0,0,,1082,0,0,0.0,,,,deepseekv32maas
2026091291,rich_boost,bonferroni,0.1,,False,0,0,,1082,0,0,0.0,,,,deepseekv32maas
2026091291,rich_boost,fixed_sequence,0.14285714285714285,,False,0,0,,1082,0,0,0.0,,,,deepseekv32maas
2026091291,rich_boost,bonferroni,0.14285714285714285,,False,0,0,,1082,0,0,0.0,,,,deepseekv32maas
2026091291,rich_boost,fixed_sequence,0.2,,False,0,0,,1082,0,0,0.0,,,,deepseekv32maas
2026091291,rich_boost,bonferroni,0.2,,False,0,0,,1082,0,0,0.0,,,,deepseekv32maas
2026091291,rich_boost,fixed_sequence,0.25,,False,0,0,,1082,0,0,0.0,,,,deepseekv32maas
2026091291,rich_boost,bonferroni,0.25,,False,0,0,,1082,0,0,0.0,,,,deepseekv32maas
2026091292,raw_u,fixed_sequence,0.1,,False,0,0,,1082,0,0,0.0,,,,deepseekv32maas
2026091292,raw_u,bonferroni,0.1,,False,0,0,,1082,0,0,0.0,,,,deepseekv32maas
2026091292,raw_u,fixed_sequence,0.14285714285714285,,False,0,0,,1082,0,0,0.0,,,,deepseekv32maas
2026091292,raw_u,bonferroni,0.14285714285714285,,False,0,0,,1082,0,0,0.0,,,,deepseekv32maas
2026091292,raw_u,fixed_sequence,0.2,,False,0,0,,1082,0,0,0.0,,,,deepseekv32maas
2026091292,raw_u,bonferroni,0.2,,False,0,0,,1082,0,0,0.0,,,,deepseekv32maas
2026091292,raw_u,fixed_sequence,0.25,,False,0,0,,1082,0,0,0.0,,,,deepseekv32maas
2026091292,raw_u,bonferroni,0.25,,False,0,0,,1082,0,0,0.0,,,,deepseekv32maas
2026091292,u_boost,fixed_sequence,0.1,,False,0,0,,1082,0,0,0.0,,,,deepseekv32maas
2026091292,u_boost,bonferroni,0.1,,False,0,0,,1082,0,0,0.0,,,,deepseekv32maas
2026091292,u_boost,fixed_sequence,0.14285714285714285,,False,0,0,,1082,0,0,0.0,,,,deepseekv32maas
2026091292,u_boost,bonferroni,0.14285714285714285,,False,0,0,,1082,0,0,0.0,,,,deepseekv32maas
2026091292,u_boost,fixed_sequence,0.2,,False,0,0,,1082,0,0,0.0,,,,deepseekv32maas
2026091292,u_boost,bonferroni,0.2,,False,0,0,,1082,0,0,0.0,,,,deepseekv32maas
2026091292,u_boost,fixed_sequence,0.25,,False,0,0,,1082,0,0,0.0,,,,deepseekv32maas
2026091292,u_boost,bonferroni,0.25,,False,0,0,,1082,0,0,0.0,,,,deepseekv32maas
2026091292,rich_logistic,fixed_sequence,0.1,,False,0,0,,1082,0,0,0.0,,,,deepseekv32maas
2026091292,rich_logistic,bonferroni,0.1,,False,0,0,,1082,0,0,0.0,,,,deepseekv32maas
2026091292,rich_logistic,fixed_sequence,0.14285714285714285,,False,0,0,,1082,0,0,0.0,,,,deepseekv32maas
2026091292,rich_logistic,bonferroni,0.14285714285714285,,False,0,0,,1082,0,0,0.0,,,,deepseekv32maas
2026091292,rich_logistic,fixed_sequence,0.2,,False,0,0,,1082,0,0,0.0,,,,deepseekv32maas
2026091292,rich_logistic,bonferroni,0.2,,False,0,0,,1082,0,0,0.0,,,,deepseekv32maas
2026091292,rich_logistic,fixed_sequence,0.25,,False,0,0,,1082,0,0,0.0,,,,deepseekv32maas
2026091292,rich_logistic,bonferroni,0.25,,False,0,0,,1082,0,0,0.0,,,,deepseekv32maas
2026091292,rich_boost,fixed_sequence,0.1,,False,0,0,,1082,0,0,0.0,,,,deepseekv32maas
2026091292,rich_boost,bonferroni,0.1,,False,0,0,,1082,0,0,0.0,,,,deepseekv32maas
2026091292,rich_boost,fixed_sequence,0.14285714285714285,,False,0,0,,1082,0,0,0.0,,,,deepseekv32maas
2026091292,rich_boost,bonferroni,0.14285714285714285,,False,0,0,,1082,0,0,0.0,,,,deepseekv32maas
2026091292,rich_boost,fixed_sequence,0.2,,False,0,0,,1082,0,0,0.0,,,,deepseekv32maas
2026091292,rich_boost,bonferroni,0.2,,False,0,0,,1082,0,0,0.0,,,,deepseekv32maas
2026091292,rich_boost,fixed_sequence,0.25,,False,0,0,,1082,0,0,0.0,,,,deepseekv32maas
2026091292,rich_boost,bonferroni,0.25,,False,0,0,,1082,0,0,0.0,,,,deepseekv32maas
2026091293,raw_u,fixed_sequence,0.1,,False,0,0,,1082,0,0,0.0,,,,deepseekv32maas
2026091293,raw_u,bonferroni,0.1,,False,0,0,,1082,0,0,0.0,,,,deepseekv32maas
2026091293,raw_u,fixed_sequence,0.14285714285714285,,False,0,0,,1082,0,0,0.0,,,,deepseekv32maas
2026091293,raw_u,bonferroni,0.14285714285714285,,False,0,0,,1082,0,0,0.0,,,,deepseekv32maas
2026091293,raw_u,fixed_sequence,0.2,,False,0,0,,1082,0,0,0.0,,,,deepseekv32maas
2026091293,raw_u,bonferroni,0.2,,False,0,0,,1082,0,0,0.0,,,,deepseekv32maas
2026091293,raw_u,fixed_sequence,0.25,,False,0,0,,1082,0,0,0.0,,,,deepseekv32maas
2026091293,raw_u,bonferroni,0.25,,False,0,0,,1082,0,0,0.0,,,,deepseekv32maas
2026091293,u_boost,fixed_sequence,0.1,,False,0,0,,1082,0,0,0.0,,,,deepseekv32maas
2026091293,u_boost,bonferroni,0.1,,False,0,0,,1082,0,0,0.0,,,,deepseekv32maas
2026091293,u_boost,fixed_sequence,0.14285714285714285,,False,0,0,,1082,0,0,0.0,,,,deepseekv32maas
2026091293,u_boost,bonferroni,0.14285714285714285,,False,0,0,,1082,0,0,0.0,,,,deepseekv32maas
2026091293,u_boost,fixed_sequence,0.2,,False,0,0,,1082,0,0,0.0,,,,deepseekv32maas
2026091293,u_boost,bonferroni,0.2,,False,0,0,,1082,0,0,0.0,,,,deepseekv32maas
2026091293,u_boost,fixed_sequence,0.25,,False,0,0,,1082,0,0,0.0,,,,deepseekv32maas
2026091293,u_boost,bonferroni,0.25,,False,0,0,,1082,0,0,0.0,,,,deepseekv32maas
2026091293,rich_logistic,fixed_sequence,0.1,,False,0,0,,1082,0,0,0.0,,,,deepseekv32maas
2026091293,rich_logistic,bonferroni,0.1,,False,0,0,,1082,0,0,0.0,,,,deepseekv32maas
2026091293,rich_logistic,fixed_sequence,0.14285714285714285,,False,0,0,,1082,0,0,0.0,,,,deepseekv32maas
2026091293,rich_logistic,bonferroni,0.14285714285714285,,False,0,0,,1082,0,0,0.0,,,,deepseekv32maas
2026091293,rich_logistic,fixed_sequence,0.2,,False,0,0,,1082,0,0,0.0,,,,deepseekv32maas
2026091293,rich_logistic,bonferroni,0.2,,False,0,0,,1082,0,0,0.0,,,,deepseekv32maas
2026091293,rich_logistic,fixed_sequence,0.25,,False,0,0,,1082,0,0,0.0,,,,deepseekv32maas
2026091293,rich_logistic,bonferroni,0.25,,False,0,0,,1082,0,0,0.0,,,,deepseekv32maas
2026091293,rich_boost,fixed_sequence,0.1,,False,0,0,,1082,0,0,0.0,,,,deepseekv32maas
2026091293,rich_boost,bonferroni,0.1,,False,0,0,,1082,0,0,0.0,,,,deepseekv32maas
2026091293,rich_boost,fixed_sequence,0.14285714285714285,,False,0,0,,1082,0,0,0.0,,,,deepseekv32maas
2026091293,rich_boost,bonferroni,0.14285714285714285,,False,0,0,,1082,0,0,0.0,,,,deepseekv32maas
2026091293,rich_boost,fixed_sequence,0.2,,False,0,0,,1082,0,0,0.0,,,,deepseekv32maas
2026091293,rich_boost,bonferroni,0.2,,False,0,0,,1082,0,0,0.0,,,,deepseekv32maas
2026091293,rich_boost,fixed_sequence,0.25,,False,0,0,,1082,0,0,0.0,,,,deepseekv32maas
2026091293,rich_boost,bonferroni,0.25,,False,0,0,,1082,0,0,0.0,,,,deepseekv32maas
2026091294,raw_u,fixed_sequence,0.1,,False,0,0,,1082,0,0,0.0,,,,deepseekv32maas
2026091294,raw_u,bonferroni,0.1,,False,0,0,,1082,0,0,0.0,,,,deepseekv32maas
2026091294,raw_u,fixed_sequence,0.14285714285714285,,False,0,0,,1082,0,0,0.0,,,,deepseekv32maas
2026091294,raw_u,bonferroni,0.14285714285714285,,False,0,0,,1082,0,0,0.0,,,,deepseekv32maas
2026091294,raw_u,fixed_sequence,0.2,,False,0,0,,1082,0,0,0.0,,,,deepseekv32maas
2026091294,raw_u,bonferroni,0.2,,False,0,0,,1082,0,0,0.0,,,,deepseekv32maas
2026091294,raw_u,fixed_sequence,0.25,,False,0,0,,1082,0,0,0.0,,,,deepseekv32maas
2026091294,raw_u,bonferroni,0.25,,False,0,0,,1082,0,0,0.0,,,,deepseekv32maas
2026091294,u_boost,fixed_sequence,0.1,,False,0,0,,1082,0,0,0.0,,,,deepseekv32maas
2026091294,u_boost,bonferroni,0.1,,False,0,0,,1082,0,0,0.0,,,,deepseekv32maas
2026091294,u_boost,fixed_sequence,0.14285714285714285,,False,0,0,,1082,0,0,0.0,,,,deepseekv32maas
2026091294,u_boost,bonferroni,0.14285714285714285,,False,0,0,,1082,0,0,0.0,,,,deepseekv32maas
2026091294,u_boost,fixed_sequence,0.2,,False,0,0,,1082,0,0,0.0,,,,deepseekv32maas
2026091294,u_boost,bonferroni,0.2,,False,0,0,,1082,0,0,0.0,,,,deepseekv32maas
2026091294,u_boost,fixed_sequence,0.25,,False,0,0,,1082,0,0,0.0,,,,deepseekv32maas
2026091294,u_boost,bonferroni,0.25,,False,0,0,,1082,0,0,0.0,,,,deepseekv32maas
2026091294,rich_logistic,fixed_sequence,0.1,,False,0,0,,1082,0,0,0.0,,,,deepseekv32maas
2026091294,rich_logistic,bonferroni,0.1,,False,0,0,,1082,0,0,0.0,,,,deepseekv32maas
2026091294,rich_logistic,fixed_sequence,0.14285714285714285,,False,0,0,,1082,0,0,0.0,,,,deepseekv32maas
2026091294,rich_logistic,bonferroni,0.14285714285714285,,False,0,0,,1082,0,0,0.0,,,,deepseekv32maas
2026091294,rich_logistic,fixed_sequence,0.2,,False,0,0,,1082,0,0,0.0,,,,deepseekv32maas
2026091294,rich_logistic,bonferroni,0.2,,False,0,0,,1082,0,0,0.0,,,,deepseekv32maas
2026091294,rich_logistic,fixed_sequence,0.25,,False,0,0,,1082,0,0,0.0,,,,deepseekv32maas
2026091294,rich_logistic,bonferroni,0.25,,False,0,0,,1082,0,0,0.0,,,,deepseekv32maas
2026091294,rich_boost,fixed_sequence,0.1,,False,0,0,,1082,0,0,0.0,,,,deepseekv32maas
2026091294,rich_boost,bonferroni,0.1,,False,0,0,,1082,0,0,0.0,,,,deepseekv32maas
2026091294,rich_boost,fixed_sequence,0.14285714285714285,,False,0,0,,1082,0,0,0.0,,,,deepseekv32maas
2026091294,rich_boost,bonferroni,0.14285714285714285,,False,0,0,,1082,0,0,0.0,,,,deepseekv32maas
2026091294,rich_boost,fixed_sequence,0.2,,False,0,0,,1082,0,0,0.0,,,,deepseekv32maas
2026091294,rich_boost,bonferroni,0.2,,False,0,0,,1082,0,0,0.0,,,,deepseekv32maas
2026091294,rich_boost,fixed_sequence,0.25,,False,0,0,,1082,0,0,0.0,,,,deepseekv32maas
2026091294,rich_boost,bonferroni,0.25,,False,0,0,,1082,0,0,0.0,,,,deepseekv32maas
2026091295,raw_u,fixed_sequence,0.1,,False,0,0,,1082,0,0,0.0,,,,deepseekv32maas
2026091295,raw_u,bonferroni,0.1,,False,0,0,,1082,0,0,0.0,,,,deepseekv32maas
2026091295,raw_u,fixed_sequence,0.14285714285714285,,False,0,0,,1082,0,0,0.0,,,,deepseekv32maas
2026091295,raw_u,bonferroni,0.14285714285714285,,False,0,0,,1082,0,0,0.0,,,,deepseekv32maas
2026091295,raw_u,fixed_sequence,0.2,,False,0,0,,1082,0,0,0.0,,,,deepseekv32maas
2026091295,raw_u,bonferroni,0.2,,False,0,0,,1082,0,0,0.0,,,,deepseekv32maas
2026091295,raw_u,fixed_sequence,0.25,,False,0,0,,1082,0,0,0.0,,,,deepseekv32maas
2026091295,raw_u,bonferroni,0.25,,False,0,0,,1082,0,0,0.0,,,,deepseekv32maas
2026091295,u_boost,fixed_sequence,0.1,,False,0,0,,1082,0,0,0.0,,,,deepseekv32maas
2026091295,u_boost,bonferroni,0.1,,False,0,0,,1082,0,0,0.0,,,,deepseekv32maas
2026091295,u_boost,fixed_sequence,0.14285714285714285,,False,0,0,,1082,0,0,0.0,,,,deepseekv32maas
2026091295,u_boost,bonferroni,0.14285714285714285,,False,0,0,,1082,0,0,0.0,,,,deepseekv32maas
2026091295,u_boost,fixed_sequence,0.2,,False,0,0,,1082,0,0,0.0,,,,deepseekv32maas
2026091295,u_boost,bonferroni,0.2,,False,0,0,,1082,0,0,0.0,,,,deepseekv32maas
2026091295,u_boost,fixed_sequence,0.25,,False,0,0,,1082,0,0,0.0,,,,deepseekv32maas
2026091295,u_boost,bonferroni,0.25,,False,0,0,,1082,0,0,0.0,,,,deepseekv32maas
2026091295,rich_logistic,fixed_sequence,0.1,,False,0,0,,1082,0,0,0.0,,,,deepseekv32maas
2026091295,rich_logistic,bonferroni,0.1,,False,0,0,,1082,0,0,0.0,,,,deepseekv32maas
2026091295,rich_logistic,fixed_sequence,0.14285714285714285,,False,0,0,,1082,0,0,0.0,,,,deepseekv32maas
2026091295,rich_logistic,bonferroni,0.14285714285714285,,False,0,0,,1082,0,0,0.0,,,,deepseekv32maas
2026091295,rich_logistic,fixed_sequence,0.2,,False,0,0,,1082,0,0,0.0,,,,deepseekv32maas
2026091295,rich_logistic,bonferroni,0.2,,False,0,0,,1082,0,0,0.0,,,,deepseekv32maas
2026091295,rich_logistic,fixed_sequence,0.25,,False,0,0,,1082,0,0,0.0,,,,deepseekv32maas
2026091295,rich_logistic,bonferroni,0.25,,False,0,0,,1082,0,0,0.0,,,,deepseekv32maas
2026091295,rich_boost,fixed_sequence,0.1,,False,0,0,,1082,0,0,0.0,,,,deepseekv32maas
2026091295,rich_boost,bonferroni,0.1,,False,0,0,,1082,0,0,0.0,,,,deepseekv32maas
2026091295,rich_boost,fixed_sequence,0.14285714285714285,,False,0,0,,1082,0,0,0.0,,,,deepseekv32maas
2026091295,rich_boost,bonferroni,0.14285714285714285,,False,0,0,,1082,0,0,0.0,,,,deepseekv32maas
2026091295,rich_boost,fixed_sequence,0.2,,False,0,0,,1082,0,0,0.0,,,,deepseekv32maas
2026091295,rich_boost,bonferroni,0.2,,False,0,0,,1082,0,0,0.0,,,,deepseekv32maas
2026091295,rich_boost,fixed_sequence,0.25,,False,0,0,,1082,0,0,0.0,,,,deepseekv32maas
2026091295,rich_boost,bonferroni,0.25,,False,0,0,,1082,0,0,0.0,,,,deepseekv32maas
2026091296,raw_u,fixed_sequence,0.1,,False,0,0,,1082,0,0,0.0,,,,deepseekv32maas
2026091296,raw_u,bonferroni,0.1,,False,0,0,,1082,0,0,0.0,,,,deepseekv32maas
2026091296,raw_u,fixed_sequence,0.14285714285714285,,False,0,0,,1082,0,0,0.0,,,,deepseekv32maas
2026091296,raw_u,bonferroni,0.14285714285714285,,False,0,0,,1082,0,0,0.0,,,,deepseekv32maas
2026091296,raw_u,fixed_sequence,0.2,,False,0,0,,1082,0,0,0.0,,,,deepseekv32maas
2026091296,raw_u,bonferroni,0.2,,False,0,0,,1082,0,0,0.0,,,,deepseekv32maas
2026091296,raw_u,fixed_sequence,0.25,,False,0,0,,1082,0,0,0.0,,,,deepseekv32maas
2026091296,raw_u,bonferroni,0.25,,False,0,0,,1082,0,0,0.0,,,,deepseekv32maas
2026091296,u_boost,fixed_sequence,0.1,,False,0,0,,1082,0,0,0.0,,,,deepseekv32maas
2026091296,u_boost,bonferroni,0.1,,False,0,0,,1082,0,0,0.0,,,,deepseekv32maas
2026091296,u_boost,fixed_sequence,0.14285714285714285,,False,0,0,,1082,0,0,0.0,,,,deepseekv32maas
2026091296,u_boost,bonferroni,0.14285714285714285,,False,0,0,,1082,0,0,0.0,,,,deepseekv32maas
2026091296,u_boost,fixed_sequence,0.2,,False,0,0,,1082,0,0,0.0,,,,deepseekv32maas
2026091296,u_boost,bonferroni,0.2,,False,0,0,,1082,0,0,0.0,,,,deepseekv32maas
2026091296,u_boost,fixed_sequence,0.25,,False,0,0,,1082,0,0,0.0,,,,deepseekv32maas
2026091296,u_boost,bonferroni,0.25,,False,0,0,,1082,0,0,0.0,,,,deepseekv32maas
2026091296,rich_logistic,fixed_sequence,0.1,,False,0,0,,1082,0,0,0.0,,,,deepseekv32maas
2026091296,rich_logistic,bonferroni,0.1,,False,0,0,,1082,0,0,0.0,,,,deepseekv32maas
2026091296,rich_logistic,fixed_sequence,0.14285714285714285,,False,0,0,,1082,0,0,0.0,,,,deepseekv32maas
2026091296,rich_logistic,bonferroni,0.14285714285714285,,False,0,0,,1082,0,0,0.0,,,,deepseekv32maas
2026091296,rich_logistic,fixed_sequence,0.2,,False,0,0,,1082,0,0,0.0,,,,deepseekv32maas
2026091296,rich_logistic,bonferroni,0.2,,False,0,0,,1082,0,0,0.0,,,,deepseekv32maas
2026091296,rich_logistic,fixed_sequence,0.25,,False,0,0,,1082,0,0,0.0,,,,deepseekv32maas
2026091296,rich_logistic,bonferroni,0.25,,False,0,0,,1082,0,0,0.0,,,,deepseekv32maas
2026091296,rich_boost,fixed_sequence,0.1,,False,0,0,,1082,0,0,0.0,,,,deepseekv32maas
2026091296,rich_boost,bonferroni,0.1,,False,0,0,,1082,0,0,0.0,,,,deepseekv32maas
2026091296,rich_boost,fixed_sequence,0.14285714285714285,,False,0,0,,1082,0,0,0.0,,,,deepseekv32maas
2026091296,rich_boost,bonferroni,0.14285714285714285,,False,0,0,,1082,0,0,0.0,,,,deepseekv32maas
2026091296,rich_boost,fixed_sequence,0.2,,False,0,0,,1082,0,0,0.0,,,,deepseekv32maas
2026091296,rich_boost,bonferroni,0.2,,False,0,0,,1082,0,0,0.0,,,,deepseekv32maas
2026091296,rich_boost,fixed_sequence,0.25,,False,0,0,,1082,0,0,0.0,,,,deepseekv32maas
2026091296,rich_boost,bonferroni,0.25,,False,0,0,,1082,0,0,0.0,,,,deepseekv32maas
2026091297,raw_u,fixed_sequence,0.1,,False,0,0,,1082,0,0,0.0,,,,deepseekv32maas
2026091297,raw_u,bonferroni,0.1,,False,0,0,,1082,0,0,0.0,,,,deepseekv32maas
2026091297,raw_u,fixed_sequence,0.14285714285714285,,False,0,0,,1082,0,0,0.0,,,,deepseekv32maas
2026091297,raw_u,bonferroni,0.14285714285714285,,False,0,0,,1082,0,0,0.0,,,,deepseekv32maas
2026091297,raw_u,fixed_sequence,0.2,,False,0,0,,1082,0,0,0.0,,,,deepseekv32maas
2026091297,raw_u,bonferroni,0.2,,False,0,0,,1082,0,0,0.0,,,,deepseekv32maas
2026091297,raw_u,fixed_sequence,0.25,,False,0,0,,1082,0,0,0.0,,,,deepseekv32maas
2026091297,raw_u,bonferroni,0.25,,False,0,0,,1082,0,0,0.0,,,,deepseekv32maas
2026091297,u_boost,fixed_sequence,0.1,,False,0,0,,1082,0,0,0.0,,,,deepseekv32maas
2026091297,u_boost,bonferroni,0.1,,False,0,0,,1082,0,0,0.0,,,,deepseekv32maas
2026091297,u_boost,fixed_sequence,0.14285714285714285,,False,0,0,,1082,0,0,0.0,,,,deepseekv32maas
2026091297,u_boost,bonferroni,0.14285714285714285,,False,0,0,,1082,0,0,0.0,,,,deepseekv32maas
2026091297,u_boost,fixed_sequence,0.2,,False,0,0,,1082,0,0,0.0,,,,deepseekv32maas
2026091297,u_boost,bonferroni,0.2,,False,0,0,,1082,0,0,0.0,,,,deepseekv32maas
2026091297,u_boost,fixed_sequence,0.25,,False,0,0,,1082,0,0,0.0,,,,deepseekv32maas
2026091297,u_boost,bonferroni,0.25,,False,0,0,,1082,0,0,0.0,,,,deepseekv32maas
2026091297,rich_logistic,fixed_sequence,0.1,,False,0,0,,1082,0,0,0.0,,,,deepseekv32maas
2026091297,rich_logistic,bonferroni,0.1,,False,0,0,,1082,0,0,0.0,,,,deepseekv32maas
2026091297,rich_logistic,fixed_sequence,0.14285714285714285,,False,0,0,,1082,0,0,0.0,,,,deepseekv32maas
2026091297,rich_logistic,bonferroni,0.14285714285714285,,False,0,0,,1082,0,0,0.0,,,,deepseekv32maas
2026091297,rich_logistic,fixed_sequence,0.2,,False,0,0,,1082,0,0,0.0,,,,deepseekv32maas
2026091297,rich_logistic,bonferroni,0.2,,False,0,0,,1082,0,0,0.0,,,,deepseekv32maas
2026091297,rich_logistic,fixed_sequence,0.25,,False,0,0,,1082,0,0,0.0,,,,deepseekv32maas
2026091297,rich_logistic,bonferroni,0.25,,False,0,0,,1082,0,0,0.0,,,,deepseekv32maas
2026091297,rich_boost,fixed_sequence,0.1,,False,0,0,,1082,0,0,0.0,,,,deepseekv32maas
2026091297,rich_boost,bonferroni,0.1,,False,0,0,,1082,0,0,0.0,,,,deepseekv32maas
2026091297,rich_boost,fixed_sequence,0.14285714285714285,,False,0,0,,1082,0,0,0.0,,,,deepseekv32maas
2026091297,rich_boost,bonferroni,0.14285714285714285,,False,0,0,,1082,0,0,0.0,,,,deepseekv32maas
2026091297,rich_boost,fixed_sequence,0.2,,False,0,0,,1082,0,0,0.0,,,,deepseekv32maas
2026091297,rich_boost,bonferroni,0.2,,False,0,0,,1082,0,0,0.0,,,,deepseekv32maas
2026091297,rich_boost,fixed_sequence,0.25,,False,0,0,,1082,0,0,0.0,,,,deepseekv32maas
2026091297,rich_boost,bonferroni,0.25,,False,0,0,,1082,0,0,0.0,,,,deepseekv32maas
2026091298,raw_u,fixed_sequence,0.1,,False,0,0,,1082,0,0,0.0,,,,deepseekv32maas
2026091298,raw_u,bonferroni,0.1,,False,0,0,,1082,0,0,0.0,,,,deepseekv32maas
2026091298,raw_u,fixed_sequence,0.14285714285714285,,False,0,0,,1082,0,0,0.0,,,,deepseekv32maas
2026091298,raw_u,bonferroni,0.14285714285714285,,False,0,0,,1082,0,0,0.0,,,,deepseekv32maas
2026091298,raw_u,fixed_sequence,0.2,,False,0,0,,1082,0,0,0.0,,,,deepseekv32maas
2026091298,raw_u,bonferroni,0.2,,False,0,0,,1082,0,0,0.0,,,,deepseekv32maas
2026091298,raw_u,fixed_sequence,0.25,,False,0,0,,1082,0,0,0.0,,,,deepseekv32maas
2026091298,raw_u,bonferroni,0.25,,False,0,0,,1082,0,0,0.0,,,,deepseekv32maas
2026091298,u_boost,fixed_sequence,0.1,,False,0,0,,1082,0,0,0.0,,,,deepseekv32maas
2026091298,u_boost,bonferroni,0.1,,False,0,0,,1082,0,0,0.0,,,,deepseekv32maas
2026091298,u_boost,fixed_sequence,0.14285714285714285,,False,0,0,,1082,0,0,0.0,,,,deepseekv32maas
2026091298,u_boost,bonferroni,0.14285714285714285,,False,0,0,,1082,0,0,0.0,,,,deepseekv32maas
2026091298,u_boost,fixed_sequence,0.2,,False,0,0,,1082,0,0,0.0,,,,deepseekv32maas
2026091298,u_boost,bonferroni,0.2,,False,0,0,,1082,0,0,0.0,,,,deepseekv32maas
2026091298,u_boost,fixed_sequence,0.25,,False,0,0,,1082,0,0,0.0,,,,deepseekv32maas
2026091298,u_boost,bonferroni,0.25,,False,0,0,,1082,0,0,0.0,,,,deepseekv32maas
2026091298,rich_logistic,fixed_sequence,0.1,,False,0,0,,1082,0,0,0.0,,,,deepseekv32maas
2026091298,rich_logistic,bonferroni,0.1,,False,0,0,,1082,0,0,0.0,,,,deepseekv32maas
2026091298,rich_logistic,fixed_sequence,0.14285714285714285,,False,0,0,,1082,0,0,0.0,,,,deepseekv32maas
2026091298,rich_logistic,bonferroni,0.14285714285714285,,False,0,0,,1082,0,0,0.0,,,,deepseekv32maas
2026091298,rich_logistic,fixed_sequence,0.2,,False,0,0,,1082,0,0,0.0,,,,deepseekv32maas
2026091298,rich_logistic,bonferroni,0.2,,False,0,0,,1082,0,0,0.0,,,,deepseekv32maas
2026091298,rich_logistic,fixed_sequence,0.25,,False,0,0,,1082,0,0,0.0,,,,deepseekv32maas
2026091298,rich_logistic,bonferroni,0.25,,False,0,0,,1082,0,0,0.0,,,,deepseekv32maas
2026091298,rich_boost,fixed_sequence,0.1,,False,0,0,,1082,0,0,0.0,,,,deepseekv32maas
2026091298,rich_boost,bonferroni,0.1,,False,0,0,,1082,0,0,0.0,,,,deepseekv32maas
2026091298,rich_boost,fixed_sequence,0.14285714285714285,,False,0,0,,1082,0,0,0.0,,,,deepseekv32maas
2026091298,rich_boost,bonferroni,0.14285714285714285,,False,0,0,,1082,0,0,0.0,,,,deepseekv32maas
2026091298,rich_boost,fixed_sequence,0.2,,False,0,0,,1082,0,0,0.0,,,,deepseekv32maas
2026091298,rich_boost,bonferroni,0.2,,False,0,0,,1082,0,0,0.0,,,,deepseekv32maas
2026091298,rich_boost,fixed_sequence,0.25,,False,0,0,,1082,0,0,0.0,,,,deepseekv32maas
2026091298,rich_boost,bonferroni,0.25,,False,0,0,,1082,0,0,0.0,,,,deepseekv32maas
2026091299,raw_u,fixed_sequence,0.1,,False,0,0,,1082,0,0,0.0,,,,deepseekv32maas
2026091299,raw_u,bonferroni,0.1,,False,0,0,,1082,0,0,0.0,,,,deepseekv32maas
2026091299,raw_u,fixed_sequence,0.14285714285714285,,False,0,0,,1082,0,0,0.0,,,,deepseekv32maas
2026091299,raw_u,bonferroni,0.14285714285714285,,False,0,0,,1082,0,0,0.0,,,,deepseekv32maas
2026091299,raw_u,fixed_sequence,0.2,,False,0,0,,1082,0,0,0.0,,,,deepseekv32maas
2026091299,raw_u,bonferroni,0.2,,False,0,0,,1082,0,0,0.0,,,,deepseekv32maas
2026091299,raw_u,fixed_sequence,0.25,,False,0,0,,1082,0,0,0.0,,,,deepseekv32maas
2026091299,raw_u,bonferroni,0.25,,False,0,0,,1082,0,0,0.0,,,,deepseekv32maas
2026091299,u_boost,fixed_sequence,0.1,,False,0,0,,1082,0,0,0.0,,,,deepseekv32maas
2026091299,u_boost,bonferroni,0.1,,False,0,0,,1082,0,0,0.0,,,,deepseekv32maas
2026091299,u_boost,fixed_sequence,0.14285714285714285,,False,0,0,,1082,0,0,0.0,,,,deepseekv32maas
2026091299,u_boost,bonferroni,0.14285714285714285,,False,0,0,,1082,0,0,0.0,,,,deepseekv32maas
2026091299,u_boost,fixed_sequence,0.2,,False,0,0,,1082,0,0,0.0,,,,deepseekv32maas
2026091299,u_boost,bonferroni,0.2,,False,0,0,,1082,0,0,0.0,,,,deepseekv32maas
2026091299,u_boost,fixed_sequence,0.25,,False,0,0,,1082,0,0,0.0,,,,deepseekv32maas
2026091299,u_boost,bonferroni,0.25,,False,0,0,,1082,0,0,0.0,,,,deepseekv32maas
2026091299,rich_logistic,fixed_sequence,0.1,,False,0,0,,1082,0,0,0.0,,,,deepseekv32maas
2026091299,rich_logistic,bonferroni,0.1,,False,0,0,,1082,0,0,0.0,,,,deepseekv32maas
2026091299,rich_logistic,fixed_sequence,0.14285714285714285,,False,0,0,,1082,0,0,0.0,,,,deepseekv32maas
2026091299,rich_logistic,bonferroni,0.14285714285714285,,False,0,0,,1082,0,0,0.0,,,,deepseekv32maas
2026091299,rich_logistic,fixed_sequence,0.2,,False,0,0,,1082,0,0,0.0,,,,deepseekv32maas
2026091299,rich_logistic,bonferroni,0.2,,False,0,0,,1082,0,0,0.0,,,,deepseekv32maas
2026091299,rich_logistic,fixed_sequence,0.25,,False,0,0,,1082,0,0,0.0,,,,deepseekv32maas
2026091299,rich_logistic,bonferroni,0.25,,False,0,0,,1082,0,0,0.0,,,,deepseekv32maas
2026091299,rich_boost,fixed_sequence,0.1,,False,0,0,,1082,0,0,0.0,,,,deepseekv32maas
2026091299,rich_boost,bonferroni,0.1,,False,0,0,,1082,0,0,0.0,,,,deepseekv32maas
2026091299,rich_boost,fixed_sequence,0.14285714285714285,,False,0,0,,1082,0,0,0.0,,,,deepseekv32maas
2026091299,rich_boost,bonferroni,0.14285714285714285,,False,0,0,,1082,0,0,0.0,,,,deepseekv32maas
2026091299,rich_boost,fixed_sequence,0.2,,False,0,0,,1082,0,0,0.0,,,,deepseekv32maas
2026091299,rich_boost,bonferroni,0.2,,False,0,0,,1082,0,0,0.0,,,,deepseekv32maas
2026091299,rich_boost,fixed_sequence,0.25,,False,0,0,,1082,0,0,0.0,,,,deepseekv32maas
2026091299,rich_boost,bonferroni,0.25,,False,0,0,,1082,0,0,0.0,,,,deepseekv32maas
2026091300,raw_u,fixed_sequence,0.1,,False,0,0,,1082,0,0,0.0,,,,deepseekv32maas
2026091300,raw_u,bonferroni,0.1,,False,0,0,,1082,0,0,0.0,,,,deepseekv32maas
2026091300,raw_u,fixed_sequence,0.14285714285714285,,False,0,0,,1082,0,0,0.0,,,,deepseekv32maas
2026091300,raw_u,bonferroni,0.14285714285714285,,False,0,0,,1082,0,0,0.0,,,,deepseekv32maas
2026091300,raw_u,fixed_sequence,0.2,,False,0,0,,1082,0,0,0.0,,,,deepseekv32maas
2026091300,raw_u,bonferroni,0.2,,False,0,0,,1082,0,0,0.0,,,,deepseekv32maas
2026091300,raw_u,fixed_sequence,0.25,,False,0,0,,1082,0,0,0.0,,,,deepseekv32maas
2026091300,raw_u,bonferroni,0.25,,False,0,0,,1082,0,0,0.0,,,,deepseekv32maas
2026091300,u_boost,fixed_sequence,0.1,,False,0,0,,1082,0,0,0.0,,,,deepseekv32maas
2026091300,u_boost,bonferroni,0.1,,False,0,0,,1082,0,0,0.0,,,,deepseekv32maas
2026091300,u_boost,fixed_sequence,0.14285714285714285,,False,0,0,,1082,0,0,0.0,,,,deepseekv32maas
2026091300,u_boost,bonferroni,0.14285714285714285,,False,0,0,,1082,0,0,0.0,,,,deepseekv32maas
2026091300,u_boost,fixed_sequence,0.2,,False,0,0,,1082,0,0,0.0,,,,deepseekv32maas
2026091300,u_boost,bonferroni,0.2,,False,0,0,,1082,0,0,0.0,,,,deepseekv32maas
2026091300,u_boost,fixed_sequence,0.25,,False,0,0,,1082,0,0,0.0,,,,deepseekv32maas
2026091300,u_boost,bonferroni,0.25,,False,0,0,,1082,0,0,0.0,,,,deepseekv32maas
2026091300,rich_logistic,fixed_sequence,0.1,,False,0,0,,1082,0,0,0.0,,,,deepseekv32maas
2026091300,rich_logistic,bonferroni,0.1,,False,0,0,,1082,0,0,0.0,,,,deepseekv32maas
2026091300,rich_logistic,fixed_sequence,0.14285714285714285,,False,0,0,,1082,0,0,0.0,,,,deepseekv32maas
2026091300,rich_logistic,bonferroni,0.14285714285714285,,False,0,0,,1082,0,0,0.0,,,,deepseekv32maas
2026091300,rich_logistic,fixed_sequence,0.2,,False,0,0,,1082,0,0,0.0,,,,deepseekv32maas
2026091300,rich_logistic,bonferroni,0.2,,False,0,0,,1082,0,0,0.0,,,,deepseekv32maas
2026091300,rich_logistic,fixed_sequence,0.25,,False,0,0,,1082,0,0,0.0,,,,deepseekv32maas
2026091300,rich_logistic,bonferroni,0.25,,False,0,0,,1082,0,0,0.0,,,,deepseekv32maas
2026091300,rich_boost,fixed_sequence,0.1,,False,0,0,,1082,0,0,0.0,,,,deepseekv32maas
2026091300,rich_boost,bonferroni,0.1,,False,0,0,,1082,0,0,0.0,,,,deepseekv32maas
2026091300,rich_boost,fixed_sequence,0.14285714285714285,,False,0,0,,1082,0,0,0.0,,,,deepseekv32maas
2026091300,rich_boost,bonferroni,0.14285714285714285,,False,0,0,,1082,0,0,0.0,,,,deepseekv32maas
2026091300,rich_boost,fixed_sequence,0.2,,False,0,0,,1082,0,0,0.0,,,,deepseekv32maas
2026091300,rich_boost,bonferroni,0.2,,False,0,0,,1082,0,0,0.0,,,,deepseekv32maas
2026091300,rich_boost,fixed_sequence,0.25,,False,0,0,,1082,0,0,0.0,,,,deepseekv32maas
2026091300,rich_boost,bonferroni,0.25,,False,0,0,,1082,0,0,0.0,,,,deepseekv32maas
2026091301,raw_u,fixed_sequence,0.1,,False,0,0,,1082,0,0,0.0,,,,deepseekv32maas
2026091301,raw_u,bonferroni,0.1,,False,0,0,,1082,0,0,0.0,,,,deepseekv32maas
2026091301,raw_u,fixed_sequence,0.14285714285714285,,False,0,0,,1082,0,0,0.0,,,,deepseekv32maas
2026091301,raw_u,bonferroni,0.14285714285714285,,False,0,0,,1082,0,0,0.0,,,,deepseekv32maas
2026091301,raw_u,fixed_sequence,0.2,,False,0,0,,1082,0,0,0.0,,,,deepseekv32maas
2026091301,raw_u,bonferroni,0.2,,False,0,0,,1082,0,0,0.0,,,,deepseekv32maas
2026091301,raw_u,fixed_sequence,0.25,,False,0,0,,1082,0,0,0.0,,,,deepseekv32maas
2026091301,raw_u,bonferroni,0.25,,False,0,0,,1082,0,0,0.0,,,,deepseekv32maas
2026091301,u_boost,fixed_sequence,0.1,,False,0,0,,1082,0,0,0.0,,,,deepseekv32maas
2026091301,u_boost,bonferroni,0.1,,False,0,0,,1082,0,0,0.0,,,,deepseekv32maas
2026091301,u_boost,fixed_sequence,0.14285714285714285,,False,0,0,,1082,0,0,0.0,,,,deepseekv32maas
2026091301,u_boost,bonferroni,0.14285714285714285,,False,0,0,,1082,0,0,0.0,,,,deepseekv32maas
2026091301,u_boost,fixed_sequence,0.2,,False,0,0,,1082,0,0,0.0,,,,deepseekv32maas
2026091301,u_boost,bonferroni,0.2,,False,0,0,,1082,0,0,0.0,,,,deepseekv32maas
2026091301,u_boost,fixed_sequence,0.25,,False,0,0,,1082,0,0,0.0,,,,deepseekv32maas
2026091301,u_boost,bonferroni,0.25,,False,0,0,,1082,0,0,0.0,,,,deepseekv32maas
2026091301,rich_logistic,fixed_sequence,0.1,,False,0,0,,1082,0,0,0.0,,,,deepseekv32maas
2026091301,rich_logistic,bonferroni,0.1,,False,0,0,,1082,0,0,0.0,,,,deepseekv32maas
2026091301,rich_logistic,fixed_sequence,0.14285714285714285,,False,0,0,,1082,0,0,0.0,,,,deepseekv32maas
2026091301,rich_logistic,bonferroni,0.14285714285714285,,False,0,0,,1082,0,0,0.0,,,,deepseekv32maas
2026091301,rich_logistic,fixed_sequence,0.2,,False,0,0,,1082,0,0,0.0,,,,deepseekv32maas
2026091301,rich_logistic,bonferroni,0.2,,False,0,0,,1082,0,0,0.0,,,,deepseekv32maas
2026091301,rich_logistic,fixed_sequence,0.25,,False,0,0,,1082,0,0,0.0,,,,deepseekv32maas
2026091301,rich_logistic,bonferroni,0.25,,False,0,0,,1082,0,0,0.0,,,,deepseekv32maas
2026091301,rich_boost,fixed_sequence,0.1,,False,0,0,,1082,0,0,0.0,,,,deepseekv32maas
2026091301,rich_boost,bonferroni,0.1,,False,0,0,,1082,0,0,0.0,,,,deepseekv32maas
2026091301,rich_boost,fixed_sequence,0.14285714285714285,,False,0,0,,1082,0,0,0.0,,,,deepseekv32maas
2026091301,rich_boost,bonferroni,0.14285714285714285,,False,0,0,,1082,0,0,0.0,,,,deepseekv32maas
2026091301,rich_boost,fixed_sequence,0.2,,False,0,0,,1082,0,0,0.0,,,,deepseekv32maas
2026091301,rich_boost,bonferroni,0.2,,False,0,0,,1082,0,0,0.0,,,,deepseekv32maas
2026091301,rich_boost,fixed_sequence,0.25,,False,0,0,,1082,0,0,0.0,,,,deepseekv32maas
2026091301,rich_boost,bonferroni,0.25,,False,0,0,,1082,0,0,0.0,,,,deepseekv32maas
