threshold,n_cert_answered,k_cert_incorrect,risk_upper,method,seed,grid_size,n_certification,n_development,model_key,representation
0.0,2117,935,0.47763301263181485,fixed_full,20260912,102,2163,0,gemini35flash,raw
0.01,2117,935,0.47763301263181485,fixed_full,20260912,102,2163,0,gemini35flash,raw
0.02,2117,935,0.47763301263181485,fixed_full,20260912,102,2163,0,gemini35flash,raw
0.03,2117,935,0.47763301263181485,fixed_full,20260912,102,2163,0,gemini35flash,raw
0.04,2117,935,0.47763301263181485,fixed_full,20260912,102,2163,0,gemini35flash,raw
0.05,2117,935,0.47763301263181485,fixed_full,20260912,102,2163,0,gemini35flash,raw
0.06,2114,932,0.4768625916057216,fixed_full,20260912,102,2163,0,gemini35flash,raw
0.07,2114,932,0.4768625916057216,fixed_full,20260912,102,2163,0,gemini35flash,raw
0.08,2114,932,0.4768625916057216,fixed_full,20260912,102,2163,0,gemini35flash,raw
0.09,2114,932,0.4768625916057216,fixed_full,20260912,102,2163,0,gemini35flash,raw
0.1,2114,932,0.4768625916057216,fixed_full,20260912,102,2163,0,gemini35flash,raw
0.11,2112,930,0.4763476997976508,fixed_full,20260912,102,2163,0,gemini35flash,raw
0.12,2112,930,0.4763476997976508,fixed_full,20260912,102,2163,0,gemini35flash,raw
0.13,2112,930,0.4763476997976508,fixed_full,20260912,102,2163,0,gemini35flash,raw
0.14,2112,930,0.4763476997976508,fixed_full,20260912,102,2163,0,gemini35flash,raw
0.15,2112,930,0.4763476997976508,fixed_full,20260912,102,2163,0,gemini35flash,raw
0.16,2100,919,0.47371546674983295,fixed_full,20260912,102,2163,0,gemini35flash,raw
0.17,2100,919,0.47371546674983295,fixed_full,20260912,102,2163,0,gemini35flash,raw
0.18,2100,919,0.47371546674983295,fixed_full,20260912,102,2163,0,gemini35flash,raw
0.19,2100,919,0.47371546674983295,fixed_full,20260912,102,2163,0,gemini35flash,raw
0.2,2100,919,0.47371546674983295,fixed_full,20260912,102,2163,0,gemini35flash,raw
0.21,2087,906,0.47030597784173733,fixed_full,20260912,102,2163,0,gemini35flash,raw
0.22,2087,906,0.47030597784173733,fixed_full,20260912,102,2163,0,gemini35flash,raw
0.23,2087,906,0.47030597784173733,fixed_full,20260912,102,2163,0,gemini35flash,raw
0.24,2087,906,0.47030597784173733,fixed_full,20260912,102,2163,0,gemini35flash,raw
0.25,2087,906,0.47030597784173733,fixed_full,20260912,102,2163,0,gemini35flash,raw
0.26,2071,891,0.46653384025838557,fixed_full,20260912,102,2163,0,gemini35flash,raw
0.27,2071,891,0.46653384025838557,fixed_full,20260912,102,2163,0,gemini35flash,raw
0.28,2071,891,0.46653384025838557,fixed_full,20260912,102,2163,0,gemini35flash,raw
0.29,2071,891,0.46653384025838557,fixed_full,20260912,102,2163,0,gemini35flash,raw
0.3,2071,891,0.46653384025838557,fixed_full,20260912,102,2163,0,gemini35flash,raw
0.31,2011,838,0.45345645700470605,fixed_full,20260912,102,2163,0,gemini35flash,raw
0.32,2011,838,0.45345645700470605,fixed_full,20260912,102,2163,0,gemini35flash,raw
0.33,2011,838,0.45345645700470605,fixed_full,20260912,102,2163,0,gemini35flash,raw
0.34,2011,838,0.45345645700470605,fixed_full,20260912,102,2163,0,gemini35flash,raw
0.35,2011,838,0.45345645700470605,fixed_full,20260912,102,2163,0,gemini35flash,raw
0.36,1993,823,0.44982784671583603,fixed_full,20260912,102,2163,0,gemini35flash,raw
0.37,1993,823,0.44982784671583603,fixed_full,20260912,102,2163,0,gemini35flash,raw
0.38,1993,823,0.44982784671583603,fixed_full,20260912,102,2163,0,gemini35flash,raw
0.39,1993,823,0.44982784671583603,fixed_full,20260912,102,2163,0,gemini35flash,raw
0.4,1993,823,0.44982784671583603,fixed_full,20260912,102,2163,0,gemini35flash,raw
0.41,1341,416,0.35322185056633965,fixed_full,20260912,102,2163,0,gemini35flash,raw
0.42,1341,416,0.35322185056633965,fixed_full,20260912,102,2163,0,gemini35flash,raw
0.43,1341,416,0.35322185056633965,fixed_full,20260912,102,2163,0,gemini35flash,raw
0.44,1341,416,0.35322185056633965,fixed_full,20260912,102,2163,0,gemini35flash,raw
0.45,1341,416,0.35322185056633965,fixed_full,20260912,102,2163,0,gemini35flash,raw
0.46,1308,397,0.34686263943055845,fixed_full,20260912,102,2163,0,gemini35flash,raw
0.47,1308,397,0.34686263943055845,fixed_full,20260912,102,2163,0,gemini35flash,raw
0.48,1308,397,0.34686263943055845,fixed_full,20260912,102,2163,0,gemini35flash,raw
0.49,1308,397,0.34686263943055845,fixed_full,20260912,102,2163,0,gemini35flash,raw
0.5,1308,397,0.34686263943055845,fixed_full,20260912,102,2163,0,gemini35flash,raw
0.51,1303,396,0.34735863437989706,fixed_full,20260912,102,2163,0,gemini35flash,raw
0.52,1303,396,0.34735863437989706,fixed_full,20260912,102,2163,0,gemini35flash,raw
0.53,1303,396,0.34735863437989706,fixed_full,20260912,102,2163,0,gemini35flash,raw
0.54,1303,396,0.34735863437989706,fixed_full,20260912,102,2163,0,gemini35flash,raw
0.55,1303,396,0.34735863437989706,fixed_full,20260912,102,2163,0,gemini35flash,raw
0.56,1303,396,0.34735863437989706,fixed_full,20260912,102,2163,0,gemini35flash,raw
0.57,1303,396,0.34735863437989706,fixed_full,20260912,102,2163,0,gemini35flash,raw
0.58,1303,396,0.34735863437989706,fixed_full,20260912,102,2163,0,gemini35flash,raw
0.59,1303,396,0.34735863437989706,fixed_full,20260912,102,2163,0,gemini35flash,raw
0.6,1303,396,0.34735863437989706,fixed_full,20260912,102,2163,0,gemini35flash,raw
0.61,1162,343,0.34096048022157444,fixed_full,20260912,102,2163,0,gemini35flash,raw
0.62,1162,343,0.34096048022157444,fixed_full,20260912,102,2163,0,gemini35flash,raw
0.63,1162,343,0.34096048022157444,fixed_full,20260912,102,2163,0,gemini35flash,raw
0.64,1162,343,0.34096048022157444,fixed_full,20260912,102,2163,0,gemini35flash,raw
0.65,1162,343,0.34096048022157444,fixed_full,20260912,102,2163,0,gemini35flash,raw
0.66,1158,342,0.34120398666157387,fixed_full,20260912,102,2163,0,gemini35flash,raw
0.67,1158,342,0.34120398666157387,fixed_full,20260912,102,2163,0,gemini35flash,raw
0.68,1158,342,0.34120398666157387,fixed_full,20260912,102,2163,0,gemini35flash,raw
0.69,1158,342,0.34120398666157387,fixed_full,20260912,102,2163,0,gemini35flash,raw
0.7,1158,342,0.34120398666157387,fixed_full,20260912,102,2163,0,gemini35flash,raw
0.71,1111,324,0.3383505292599746,fixed_full,20260912,102,2163,0,gemini35flash,raw
0.72,1111,324,0.3383505292599746,fixed_full,20260912,102,2163,0,gemini35flash,raw
0.73,1111,324,0.3383505292599746,fixed_full,20260912,102,2163,0,gemini35flash,raw
0.74,1111,324,0.3383505292599746,fixed_full,20260912,102,2163,0,gemini35flash,raw
0.75,1111,324,0.3383505292599746,fixed_full,20260912,102,2163,0,gemini35flash,raw
0.76,1082,317,0.3403935797927574,fixed_full,20260912,102,2163,0,gemini35flash,raw
0.77,1082,317,0.3403935797927574,fixed_full,20260912,102,2163,0,gemini35flash,raw
0.78,1082,317,0.3403935797927574,fixed_full,20260912,102,2163,0,gemini35flash,raw
0.79,1082,317,0.3403935797927574,fixed_full,20260912,102,2163,0,gemini35flash,raw
0.8,1082,317,0.3403935797927574,fixed_full,20260912,102,2163,0,gemini35flash,raw
0.81,606,141,0.2932301230026499,fixed_full,20260912,102,2163,0,gemini35flash,raw
0.82,606,141,0.2932301230026499,fixed_full,20260912,102,2163,0,gemini35flash,raw
0.83,606,141,0.2932301230026499,fixed_full,20260912,102,2163,0,gemini35flash,raw
0.84,606,141,0.2932301230026499,fixed_full,20260912,102,2163,0,gemini35flash,raw
0.85,606,141,0.2932301230026499,fixed_full,20260912,102,2163,0,gemini35flash,raw
0.8571428571428571,386,78,0.27627561689270697,fixed_full,20260912,102,2163,0,gemini35flash,raw
0.86,386,78,0.27627561689270697,fixed_full,20260912,102,2163,0,gemini35flash,raw
0.87,386,78,0.27627561689270697,fixed_full,20260912,102,2163,0,gemini35flash,raw
0.88,386,78,0.27627561689270697,fixed_full,20260912,102,2163,0,gemini35flash,raw
0.89,386,78,0.27627561689270697,fixed_full,20260912,102,2163,0,gemini35flash,raw
0.9,386,78,0.27627561689270697,fixed_full,20260912,102,2163,0,gemini35flash,raw
0.91,327,57,0.2522398579814878,fixed_full,20260912,102,2163,0,gemini35flash,raw
0.92,327,57,0.2522398579814878,fixed_full,20260912,102,2163,0,gemini35flash,raw
0.93,327,57,0.2522398579814878,fixed_full,20260912,102,2163,0,gemini35flash,raw
0.94,327,57,0.2522398579814878,fixed_full,20260912,102,2163,0,gemini35flash,raw
0.95,327,57,0.2522398579814878,fixed_full,20260912,102,2163,0,gemini35flash,raw
0.96,10,0,0.5333008786354092,fixed_full,20260912,102,2163,0,gemini35flash,raw
0.97,10,0,0.5333008786354092,fixed_full,20260912,102,2163,0,gemini35flash,raw
0.98,10,0,0.5333008786354092,fixed_full,20260912,102,2163,0,gemini35flash,raw
0.99,0,0,1.0,fixed_full,20260912,102,2163,0,gemini35flash,raw
1.0,0,0,1.0,fixed_full,20260912,102,2163,0,gemini35flash,raw
0.0,1058,473,0.4870841339046395,isotonic_grid,20260912,10,1082,1081,gemini35flash,raw
0.15,1056,471,0.4860712243631709,isotonic_grid,20260912,10,1082,1081,gemini35flash,raw
0.25,1046,461,0.4809453434782271,isotonic_grid,20260912,10,1082,1081,gemini35flash,raw
0.3,1044,459,0.4799077238379331,isotonic_grid,20260912,10,1082,1081,gemini35flash,raw
0.4,1010,428,0.46459621424703523,isotonic_grid,20260912,10,1082,1081,gemini35flash,raw
0.5,679,217,0.3675824237181599,isotonic_grid,20260912,10,1082,1081,gemini35flash,raw
0.85,313,77,0.31393381363286854,isotonic_grid,20260912,10,1082,1081,gemini35flash,raw
0.9,202,43,0.2959318383196155,isotonic_grid,20260912,10,1082,1081,gemini35flash,raw
0.95,174,30,0.2577614509417704,isotonic_grid,20260912,10,1082,1081,gemini35flash,raw
0.98,5,0,0.6534275784224267,isotonic_grid,20260912,10,1082,1081,gemini35flash,raw
0.0,1058,473,0.498164248282185,fixed_half,20260912,102,1082,0,gemini35flash,raw
0.01,1058,473,0.498164248282185,fixed_half,20260912,102,1082,0,gemini35flash,raw
0.02,1058,473,0.498164248282185,fixed_half,20260912,102,1082,0,gemini35flash,raw
0.03,1058,473,0.498164248282185,fixed_half,20260912,102,1082,0,gemini35flash,raw
0.04,1058,473,0.498164248282185,fixed_half,20260912,102,1082,0,gemini35flash,raw
0.05,1058,473,0.498164248282185,fixed_half,20260912,102,1082,0,gemini35flash,raw
0.06,1057,472,0.4976637120121312,fixed_half,20260912,102,1082,0,gemini35flash,raw
0.07,1057,472,0.4976637120121312,fixed_half,20260912,102,1082,0,gemini35flash,raw
0.08,1057,472,0.4976637120121312,fixed_half,20260912,102,1082,0,gemini35flash,raw
0.09,1057,472,0.4976637120121312,fixed_half,20260912,102,1082,0,gemini35flash,raw
0.1,1057,472,0.4976637120121312,fixed_half,20260912,102,1082,0,gemini35flash,raw
0.11,1056,471,0.497162161973116,fixed_half,20260912,102,1082,0,gemini35flash,raw
0.12,1056,471,0.497162161973116,fixed_half,20260912,102,1082,0,gemini35flash,raw
0.13,1056,471,0.497162161973116,fixed_half,20260912,102,1082,0,gemini35flash,raw
0.14,1056,471,0.497162161973116,fixed_half,20260912,102,1082,0,gemini35flash,raw
0.15,1056,471,0.497162161973116,fixed_half,20260912,102,1082,0,gemini35flash,raw
0.16,1050,465,0.4941313953383964,fixed_half,20260912,102,1082,0,gemini35flash,raw
0.17,1050,465,0.4941313953383964,fixed_half,20260912,102,1082,0,gemini35flash,raw
0.18,1050,465,0.4941313953383964,fixed_half,20260912,102,1082,0,gemini35flash,raw
0.19,1050,465,0.4941313953383964,fixed_half,20260912,102,1082,0,gemini35flash,raw
0.2,1050,465,0.4941313953383964,fixed_half,20260912,102,1082,0,gemini35flash,raw
0.21,1046,461,0.4920902049370015,fixed_half,20260912,102,1082,0,gemini35flash,raw
0.22,1046,461,0.4920902049370015,fixed_half,20260912,102,1082,0,gemini35flash,raw
0.23,1046,461,0.4920902049370015,fixed_half,20260912,102,1082,0,gemini35flash,raw
0.24,1046,461,0.4920902049370015,fixed_half,20260912,102,1082,0,gemini35flash,raw
0.25,1046,461,0.4920902049370015,fixed_half,20260912,102,1082,0,gemini35flash,raw
0.26,1044,459,0.49106332791230467,fixed_half,20260912,102,1082,0,gemini35flash,raw
0.27,1044,459,0.49106332791230467,fixed_half,20260912,102,1082,0,gemini35flash,raw
0.28,1044,459,0.49106332791230467,fixed_half,20260912,102,1082,0,gemini35flash,raw
0.29,1044,459,0.49106332791230467,fixed_half,20260912,102,1082,0,gemini35flash,raw
0.3,1044,459,0.49106332791230467,fixed_half,20260912,102,1082,0,gemini35flash,raw
0.31,1016,432,0.47722340541534974,fixed_half,20260912,102,1082,0,gemini35flash,raw
0.32,1016,432,0.47722340541534974,fixed_half,20260912,102,1082,0,gemini35flash,raw
0.33,1016,432,0.47722340541534974,fixed_half,20260912,102,1082,0,gemini35flash,raw
0.34,1016,432,0.47722340541534974,fixed_half,20260912,102,1082,0,gemini35flash,raw
0.35,1016,432,0.47722340541534974,fixed_half,20260912,102,1082,0,gemini35flash,raw
0.36,1010,428,0.4759337498377876,fixed_half,20260912,102,1082,0,gemini35flash,raw
0.37,1010,428,0.4759337498377876,fixed_half,20260912,102,1082,0,gemini35flash,raw
0.38,1010,428,0.4759337498377876,fixed_half,20260912,102,1082,0,gemini35flash,raw
0.39,1010,428,0.4759337498377876,fixed_half,20260912,102,1082,0,gemini35flash,raw
0.4,1010,428,0.4759337498377876,fixed_half,20260912,102,1082,0,gemini35flash,raw
0.41,698,227,0.3860563872377988,fixed_half,20260912,102,1082,0,gemini35flash,raw
0.42,698,227,0.3860563872377988,fixed_half,20260912,102,1082,0,gemini35flash,raw
0.43,698,227,0.3860563872377988,fixed_half,20260912,102,1082,0,gemini35flash,raw
0.44,698,227,0.3860563872377988,fixed_half,20260912,102,1082,0,gemini35flash,raw
0.45,698,227,0.3860563872377988,fixed_half,20260912,102,1082,0,gemini35flash,raw
0.46,679,217,0.38110053849532854,fixed_half,20260912,102,1082,0,gemini35flash,raw
0.47,679,217,0.38110053849532854,fixed_half,20260912,102,1082,0,gemini35flash,raw
0.48,679,217,0.38110053849532854,fixed_half,20260912,102,1082,0,gemini35flash,raw
0.49,679,217,0.38110053849532854,fixed_half,20260912,102,1082,0,gemini35flash,raw
0.5,679,217,0.38110053849532854,fixed_half,20260912,102,1082,0,gemini35flash,raw
0.51,677,216,0.380641854044415,fixed_half,20260912,102,1082,0,gemini35flash,raw
0.52,677,216,0.380641854044415,fixed_half,20260912,102,1082,0,gemini35flash,raw
0.53,677,216,0.380641854044415,fixed_half,20260912,102,1082,0,gemini35flash,raw
0.54,677,216,0.380641854044415,fixed_half,20260912,102,1082,0,gemini35flash,raw
0.55,677,216,0.380641854044415,fixed_half,20260912,102,1082,0,gemini35flash,raw
0.56,677,216,0.380641854044415,fixed_half,20260912,102,1082,0,gemini35flash,raw
0.57,677,216,0.380641854044415,fixed_half,20260912,102,1082,0,gemini35flash,raw
0.58,677,216,0.380641854044415,fixed_half,20260912,102,1082,0,gemini35flash,raw
0.59,677,216,0.380641854044415,fixed_half,20260912,102,1082,0,gemini35flash,raw
0.6,677,216,0.380641854044415,fixed_half,20260912,102,1082,0,gemini35flash,raw
0.61,600,182,0.3682514584913359,fixed_half,20260912,102,1082,0,gemini35flash,raw
0.62,600,182,0.3682514584913359,fixed_half,20260912,102,1082,0,gemini35flash,raw
0.63,600,182,0.3682514584913359,fixed_half,20260912,102,1082,0,gemini35flash,raw
0.64,600,182,0.3682514584913359,fixed_half,20260912,102,1082,0,gemini35flash,raw
0.65,600,182,0.3682514584913359,fixed_half,20260912,102,1082,0,gemini35flash,raw
0.66,598,181,0.3676776745351886,fixed_half,20260912,102,1082,0,gemini35flash,raw
0.67,598,181,0.3676776745351886,fixed_half,20260912,102,1082,0,gemini35flash,raw
0.68,598,181,0.3676776745351886,fixed_half,20260912,102,1082,0,gemini35flash,raw
0.69,598,181,0.3676776745351886,fixed_half,20260912,102,1082,0,gemini35flash,raw
0.7,598,181,0.3676776745351886,fixed_half,20260912,102,1082,0,gemini35flash,raw
0.71,576,173,0.3665270925915027,fixed_half,20260912,102,1082,0,gemini35flash,raw
0.72,576,173,0.3665270925915027,fixed_half,20260912,102,1082,0,gemini35flash,raw
0.73,576,173,0.3665270925915027,fixed_half,20260912,102,1082,0,gemini35flash,raw
0.74,576,173,0.3665270925915027,fixed_half,20260912,102,1082,0,gemini35flash,raw
0.75,576,173,0.3665270925915027,fixed_half,20260912,102,1082,0,gemini35flash,raw
0.76,563,169,0.3671432811713325,fixed_half,20260912,102,1082,0,gemini35flash,raw
0.77,563,169,0.3671432811713325,fixed_half,20260912,102,1082,0,gemini35flash,raw
0.78,563,169,0.3671432811713325,fixed_half,20260912,102,1082,0,gemini35flash,raw
0.79,563,169,0.3671432811713325,fixed_half,20260912,102,1082,0,gemini35flash,raw
0.8,563,169,0.3671432811713325,fixed_half,20260912,102,1082,0,gemini35flash,raw
0.81,313,77,0.33341920816729276,fixed_half,20260912,102,1082,0,gemini35flash,raw
0.82,313,77,0.33341920816729276,fixed_half,20260912,102,1082,0,gemini35flash,raw
0.83,313,77,0.33341920816729276,fixed_half,20260912,102,1082,0,gemini35flash,raw
0.84,313,77,0.33341920816729276,fixed_half,20260912,102,1082,0,gemini35flash,raw
0.85,313,77,0.33341920816729276,fixed_half,20260912,102,1082,0,gemini35flash,raw
0.8571428571428571,202,43,0.3200815119054866,fixed_half,20260912,102,1082,0,gemini35flash,raw
0.86,202,43,0.3200815119054866,fixed_half,20260912,102,1082,0,gemini35flash,raw
0.87,202,43,0.3200815119054866,fixed_half,20260912,102,1082,0,gemini35flash,raw
0.88,202,43,0.3200815119054866,fixed_half,20260912,102,1082,0,gemini35flash,raw
0.89,202,43,0.3200815119054866,fixed_half,20260912,102,1082,0,gemini35flash,raw
0.9,202,43,0.3200815119054866,fixed_half,20260912,102,1082,0,gemini35flash,raw
0.91,174,30,0.28306628299925524,fixed_half,20260912,102,1082,0,gemini35flash,raw
0.92,174,30,0.28306628299925524,fixed_half,20260912,102,1082,0,gemini35flash,raw
0.93,174,30,0.28306628299925524,fixed_half,20260912,102,1082,0,gemini35flash,raw
0.94,174,30,0.28306628299925524,fixed_half,20260912,102,1082,0,gemini35flash,raw
0.95,174,30,0.28306628299925524,fixed_half,20260912,102,1082,0,gemini35flash,raw
0.96,5,0,0.782191930117519,fixed_half,20260912,102,1082,0,gemini35flash,raw
0.97,5,0,0.782191930117519,fixed_half,20260912,102,1082,0,gemini35flash,raw
0.98,5,0,0.782191930117519,fixed_half,20260912,102,1082,0,gemini35flash,raw
0.99,0,0,1.0,fixed_half,20260912,102,1082,0,gemini35flash,raw
1.0,0,0,1.0,fixed_half,20260912,102,1082,0,gemini35flash,raw
0.0,2117,935,0.47763301263181485,fixed_full,20260912,102,2163,0,gemini35flash,processed
0.01,2117,935,0.47763301263181485,fixed_full,20260912,102,2163,0,gemini35flash,processed
0.02,2117,935,0.47763301263181485,fixed_full,20260912,102,2163,0,gemini35flash,processed
0.03,2117,935,0.47763301263181485,fixed_full,20260912,102,2163,0,gemini35flash,processed
0.04,2117,935,0.47763301263181485,fixed_full,20260912,102,2163,0,gemini35flash,processed
0.05,2117,935,0.47763301263181485,fixed_full,20260912,102,2163,0,gemini35flash,processed
0.06,2114,932,0.4768625916057216,fixed_full,20260912,102,2163,0,gemini35flash,processed
0.07,2114,932,0.4768625916057216,fixed_full,20260912,102,2163,0,gemini35flash,processed
0.08,2114,932,0.4768625916057216,fixed_full,20260912,102,2163,0,gemini35flash,processed
0.09,2114,932,0.4768625916057216,fixed_full,20260912,102,2163,0,gemini35flash,processed
0.1,2114,932,0.4768625916057216,fixed_full,20260912,102,2163,0,gemini35flash,processed
0.11,2112,930,0.4763476997976508,fixed_full,20260912,102,2163,0,gemini35flash,processed
0.12,2112,930,0.4763476997976508,fixed_full,20260912,102,2163,0,gemini35flash,processed
0.13,2112,930,0.4763476997976508,fixed_full,20260912,102,2163,0,gemini35flash,processed
0.14,2112,930,0.4763476997976508,fixed_full,20260912,102,2163,0,gemini35flash,processed
0.15,2112,930,0.4763476997976508,fixed_full,20260912,102,2163,0,gemini35flash,processed
0.16,2100,919,0.47371546674983295,fixed_full,20260912,102,2163,0,gemini35flash,processed
0.17,2100,919,0.47371546674983295,fixed_full,20260912,102,2163,0,gemini35flash,processed
0.18,2100,919,0.47371546674983295,fixed_full,20260912,102,2163,0,gemini35flash,processed
0.19,2100,919,0.47371546674983295,fixed_full,20260912,102,2163,0,gemini35flash,processed
0.2,2100,919,0.47371546674983295,fixed_full,20260912,102,2163,0,gemini35flash,processed
0.21,2087,906,0.47030597784173733,fixed_full,20260912,102,2163,0,gemini35flash,processed
0.22,2087,906,0.47030597784173733,fixed_full,20260912,102,2163,0,gemini35flash,processed
0.23,2087,906,0.47030597784173733,fixed_full,20260912,102,2163,0,gemini35flash,processed
0.24,2087,906,0.47030597784173733,fixed_full,20260912,102,2163,0,gemini35flash,processed
0.25,2087,906,0.47030597784173733,fixed_full,20260912,102,2163,0,gemini35flash,processed
0.26,2071,891,0.46653384025838557,fixed_full,20260912,102,2163,0,gemini35flash,processed
0.27,2071,891,0.46653384025838557,fixed_full,20260912,102,2163,0,gemini35flash,processed
0.28,2071,891,0.46653384025838557,fixed_full,20260912,102,2163,0,gemini35flash,processed
0.29,2071,891,0.46653384025838557,fixed_full,20260912,102,2163,0,gemini35flash,processed
0.3,2071,891,0.46653384025838557,fixed_full,20260912,102,2163,0,gemini35flash,processed
0.31,2011,838,0.45345645700470605,fixed_full,20260912,102,2163,0,gemini35flash,processed
0.32,2011,838,0.45345645700470605,fixed_full,20260912,102,2163,0,gemini35flash,processed
0.33,2011,838,0.45345645700470605,fixed_full,20260912,102,2163,0,gemini35flash,processed
0.34,2011,838,0.45345645700470605,fixed_full,20260912,102,2163,0,gemini35flash,processed
0.35,2011,838,0.45345645700470605,fixed_full,20260912,102,2163,0,gemini35flash,processed
0.36,1993,823,0.44982784671583603,fixed_full,20260912,102,2163,0,gemini35flash,processed
0.37,1993,823,0.44982784671583603,fixed_full,20260912,102,2163,0,gemini35flash,processed
0.38,1993,823,0.44982784671583603,fixed_full,20260912,102,2163,0,gemini35flash,processed
0.39,1993,823,0.44982784671583603,fixed_full,20260912,102,2163,0,gemini35flash,processed
0.4,1993,823,0.44982784671583603,fixed_full,20260912,102,2163,0,gemini35flash,processed
0.41,1404,420,0.34079527225295775,fixed_full,20260912,102,2163,0,gemini35flash,processed
0.42,1404,420,0.34079527225295775,fixed_full,20260912,102,2163,0,gemini35flash,processed
0.43,1404,420,0.34079527225295775,fixed_full,20260912,102,2163,0,gemini35flash,processed
0.44,1404,420,0.34079527225295775,fixed_full,20260912,102,2163,0,gemini35flash,processed
0.45,1404,420,0.34079527225295775,fixed_full,20260912,102,2163,0,gemini35flash,processed
0.46,1375,401,0.33348087201008303,fixed_full,20260912,102,2163,0,gemini35flash,processed
0.47,1375,401,0.33348087201008303,fixed_full,20260912,102,2163,0,gemini35flash,processed
0.48,1375,401,0.33348087201008303,fixed_full,20260912,102,2163,0,gemini35flash,processed
0.49,1375,401,0.33348087201008303,fixed_full,20260912,102,2163,0,gemini35flash,processed
0.5,1375,401,0.33348087201008303,fixed_full,20260912,102,2163,0,gemini35flash,processed
0.51,1373,400,0.33319818232459786,fixed_full,20260912,102,2163,0,gemini35flash,processed
0.52,1373,400,0.33319818232459786,fixed_full,20260912,102,2163,0,gemini35flash,processed
0.53,1373,400,0.33319818232459786,fixed_full,20260912,102,2163,0,gemini35flash,processed
0.54,1373,400,0.33319818232459786,fixed_full,20260912,102,2163,0,gemini35flash,processed
0.55,1373,400,0.33319818232459786,fixed_full,20260912,102,2163,0,gemini35flash,processed
0.56,1365,400,0.335091861009701,fixed_full,20260912,102,2163,0,gemini35flash,processed
0.57,1365,400,0.335091861009701,fixed_full,20260912,102,2163,0,gemini35flash,processed
0.58,1365,400,0.335091861009701,fixed_full,20260912,102,2163,0,gemini35flash,processed
0.59,1365,400,0.335091861009701,fixed_full,20260912,102,2163,0,gemini35flash,processed
0.6,1365,400,0.335091861009701,fixed_full,20260912,102,2163,0,gemini35flash,processed
0.61,1231,345,0.3241334132636366,fixed_full,20260912,102,2163,0,gemini35flash,processed
0.62,1231,345,0.3241334132636366,fixed_full,20260912,102,2163,0,gemini35flash,processed
0.63,1231,345,0.3241334132636366,fixed_full,20260912,102,2163,0,gemini35flash,processed
0.64,1231,345,0.3241334132636366,fixed_full,20260912,102,2163,0,gemini35flash,processed
0.65,1231,345,0.3241334132636366,fixed_full,20260912,102,2163,0,gemini35flash,processed
0.66,1220,343,0.325260643689407,fixed_full,20260912,102,2163,0,gemini35flash,processed
0.67,1220,343,0.325260643689407,fixed_full,20260912,102,2163,0,gemini35flash,processed
0.68,1220,343,0.325260643689407,fixed_full,20260912,102,2163,0,gemini35flash,processed
0.69,1220,343,0.325260643689407,fixed_full,20260912,102,2163,0,gemini35flash,processed
0.7,1220,343,0.325260643689407,fixed_full,20260912,102,2163,0,gemini35flash,processed
0.71,1155,325,0.32677791648410237,fixed_full,20260912,102,2163,0,gemini35flash,processed
0.72,1155,325,0.32677791648410237,fixed_full,20260912,102,2163,0,gemini35flash,processed
0.73,1155,325,0.32677791648410237,fixed_full,20260912,102,2163,0,gemini35flash,processed
0.74,1155,325,0.32677791648410237,fixed_full,20260912,102,2163,0,gemini35flash,processed
0.75,1155,325,0.32677791648410237,fixed_full,20260912,102,2163,0,gemini35flash,processed
0.76,1125,318,0.3287350884022305,fixed_full,20260912,102,2163,0,gemini35flash,processed
0.77,1125,318,0.3287350884022305,fixed_full,20260912,102,2163,0,gemini35flash,processed
0.78,1125,318,0.3287350884022305,fixed_full,20260912,102,2163,0,gemini35flash,processed
0.79,1125,318,0.3287350884022305,fixed_full,20260912,102,2163,0,gemini35flash,processed
0.8,1124,318,0.3290179654836107,fixed_full,20260912,102,2163,0,gemini35flash,processed
0.81,670,143,0.2694563936311463,fixed_full,20260912,102,2163,0,gemini35flash,processed
0.82,670,143,0.2694563936311463,fixed_full,20260912,102,2163,0,gemini35flash,processed
0.83,670,143,0.2694563936311463,fixed_full,20260912,102,2163,0,gemini35flash,processed
0.84,670,143,0.2694563936311463,fixed_full,20260912,102,2163,0,gemini35flash,processed
0.85,670,143,0.2694563936311463,fixed_full,20260912,102,2163,0,gemini35flash,processed
0.8571428571428571,456,81,0.24290153707309606,fixed_full,20260912,102,2163,0,gemini35flash,processed
0.86,456,81,0.24290153707309606,fixed_full,20260912,102,2163,0,gemini35flash,processed
0.87,456,81,0.24290153707309606,fixed_full,20260912,102,2163,0,gemini35flash,processed
0.88,456,81,0.24290153707309606,fixed_full,20260912,102,2163,0,gemini35flash,processed
0.89,456,81,0.24290153707309606,fixed_full,20260912,102,2163,0,gemini35flash,processed
0.9,454,81,0.24392783777853194,fixed_full,20260912,102,2163,0,gemini35flash,processed
0.91,357,58,0.2351672605274995,fixed_full,20260912,102,2163,0,gemini35flash,processed
0.92,357,58,0.2351672605274995,fixed_full,20260912,102,2163,0,gemini35flash,processed
0.93,356,58,0.2357982770495031,fixed_full,20260912,102,2163,0,gemini35flash,processed
0.94,356,58,0.2357982770495031,fixed_full,20260912,102,2163,0,gemini35flash,processed
0.95,356,58,0.2357982770495031,fixed_full,20260912,102,2163,0,gemini35flash,processed
0.96,11,0,0.49982206383163263,fixed_full,20260912,102,2163,0,gemini35flash,processed
0.97,11,0,0.49982206383163263,fixed_full,20260912,102,2163,0,gemini35flash,processed
0.98,11,0,0.49982206383163263,fixed_full,20260912,102,2163,0,gemini35flash,processed
0.99,2,0,0.9778596278614976,fixed_full,20260912,102,2163,0,gemini35flash,processed
1.0,0,0,1.0,fixed_full,20260912,102,2163,0,gemini35flash,processed
0.0,1058,473,0.4870841339046395,isotonic_grid,20260912,10,1082,1081,gemini35flash,processed
0.15,1056,471,0.4860712243631709,isotonic_grid,20260912,10,1082,1081,gemini35flash,processed
0.25,1046,461,0.4809453434782271,isotonic_grid,20260912,10,1082,1081,gemini35flash,processed
0.3,1044,459,0.4799077238379331,isotonic_grid,20260912,10,1082,1081,gemini35flash,processed
0.4,1010,428,0.46459621424703523,isotonic_grid,20260912,10,1082,1081,gemini35flash,processed
0.5,705,219,0.3574251541846648,isotonic_grid,20260912,10,1082,1081,gemini35flash,processed
0.6000000000000001,630,184,0.3409896116914865,isotonic_grid,20260912,10,1082,1081,gemini35flash,processed
0.85,349,79,0.2890563819453785,isotonic_grid,20260912,10,1082,1081,gemini35flash,processed
0.8999999999999999,239,45,0.2615269357008767,isotonic_grid,20260912,10,1082,1081,gemini35flash,processed
0.9500000000000001,10,0,0.4112959813475253,isotonic_grid,20260912,10,1082,1081,gemini35flash,processed
0.0,1058,473,0.498164248282185,fixed_half,20260912,102,1082,0,gemini35flash,processed
0.01,1058,473,0.498164248282185,fixed_half,20260912,102,1082,0,gemini35flash,processed
0.02,1058,473,0.498164248282185,fixed_half,20260912,102,1082,0,gemini35flash,processed
0.03,1058,473,0.498164248282185,fixed_half,20260912,102,1082,0,gemini35flash,processed
0.04,1058,473,0.498164248282185,fixed_half,20260912,102,1082,0,gemini35flash,processed
0.05,1058,473,0.498164248282185,fixed_half,20260912,102,1082,0,gemini35flash,processed
0.06,1057,472,0.4976637120121312,fixed_half,20260912,102,1082,0,gemini35flash,processed
0.07,1057,472,0.4976637120121312,fixed_half,20260912,102,1082,0,gemini35flash,processed
0.08,1057,472,0.4976637120121312,fixed_half,20260912,102,1082,0,gemini35flash,processed
0.09,1057,472,0.4976637120121312,fixed_half,20260912,102,1082,0,gemini35flash,processed
0.1,1057,472,0.4976637120121312,fixed_half,20260912,102,1082,0,gemini35flash,processed
0.11,1056,471,0.497162161973116,fixed_half,20260912,102,1082,0,gemini35flash,processed
0.12,1056,471,0.497162161973116,fixed_half,20260912,102,1082,0,gemini35flash,processed
0.13,1056,471,0.497162161973116,fixed_half,20260912,102,1082,0,gemini35flash,processed
0.14,1056,471,0.497162161973116,fixed_half,20260912,102,1082,0,gemini35flash,processed
0.15,1056,471,0.497162161973116,fixed_half,20260912,102,1082,0,gemini35flash,processed
0.16,1050,465,0.4941313953383964,fixed_half,20260912,102,1082,0,gemini35flash,processed
0.17,1050,465,0.4941313953383964,fixed_half,20260912,102,1082,0,gemini35flash,processed
0.18,1050,465,0.4941313953383964,fixed_half,20260912,102,1082,0,gemini35flash,processed
0.19,1050,465,0.4941313953383964,fixed_half,20260912,102,1082,0,gemini35flash,processed
0.2,1050,465,0.4941313953383964,fixed_half,20260912,102,1082,0,gemini35flash,processed
0.21,1046,461,0.4920902049370015,fixed_half,20260912,102,1082,0,gemini35flash,processed
0.22,1046,461,0.4920902049370015,fixed_half,20260912,102,1082,0,gemini35flash,processed
0.23,1046,461,0.4920902049370015,fixed_half,20260912,102,1082,0,gemini35flash,processed
0.24,1046,461,0.4920902049370015,fixed_half,20260912,102,1082,0,gemini35flash,processed
0.25,1046,461,0.4920902049370015,fixed_half,20260912,102,1082,0,gemini35flash,processed
0.26,1044,459,0.49106332791230467,fixed_half,20260912,102,1082,0,gemini35flash,processed
0.27,1044,459,0.49106332791230467,fixed_half,20260912,102,1082,0,gemini35flash,processed
0.28,1044,459,0.49106332791230467,fixed_half,20260912,102,1082,0,gemini35flash,processed
0.29,1044,459,0.49106332791230467,fixed_half,20260912,102,1082,0,gemini35flash,processed
0.3,1044,459,0.49106332791230467,fixed_half,20260912,102,1082,0,gemini35flash,processed
0.31,1016,432,0.47722340541534974,fixed_half,20260912,102,1082,0,gemini35flash,processed
0.32,1016,432,0.47722340541534974,fixed_half,20260912,102,1082,0,gemini35flash,processed
0.33,1016,432,0.47722340541534974,fixed_half,20260912,102,1082,0,gemini35flash,processed
0.34,1016,432,0.47722340541534974,fixed_half,20260912,102,1082,0,gemini35flash,processed
0.35,1016,432,0.47722340541534974,fixed_half,20260912,102,1082,0,gemini35flash,processed
0.36,1010,428,0.4759337498377876,fixed_half,20260912,102,1082,0,gemini35flash,processed
0.37,1010,428,0.4759337498377876,fixed_half,20260912,102,1082,0,gemini35flash,processed
0.38,1010,428,0.4759337498377876,fixed_half,20260912,102,1082,0,gemini35flash,processed
0.39,1010,428,0.4759337498377876,fixed_half,20260912,102,1082,0,gemini35flash,processed
0.4,1010,428,0.4759337498377876,fixed_half,20260912,102,1082,0,gemini35flash,processed
0.41,722,229,0.376671504606209,fixed_half,20260912,102,1082,0,gemini35flash,processed
0.42,722,229,0.376671504606209,fixed_half,20260912,102,1082,0,gemini35flash,processed
0.43,722,229,0.376671504606209,fixed_half,20260912,102,1082,0,gemini35flash,processed
0.44,722,229,0.376671504606209,fixed_half,20260912,102,1082,0,gemini35flash,processed
0.45,722,229,0.376671504606209,fixed_half,20260912,102,1082,0,gemini35flash,processed
0.46,705,219,0.3706235932986774,fixed_half,20260912,102,1082,0,gemini35flash,processed
0.47,705,219,0.3706235932986774,fixed_half,20260912,102,1082,0,gemini35flash,processed
0.48,705,219,0.3706235932986774,fixed_half,20260912,102,1082,0,gemini35flash,processed
0.49,705,219,0.3706235932986774,fixed_half,20260912,102,1082,0,gemini35flash,processed
0.5,705,219,0.3706235932986774,fixed_half,20260912,102,1082,0,gemini35flash,processed
0.51,704,218,0.3696498154275758,fixed_half,20260912,102,1082,0,gemini35flash,processed
0.52,704,218,0.3696498154275758,fixed_half,20260912,102,1082,0,gemini35flash,processed
0.53,704,218,0.3696498154275758,fixed_half,20260912,102,1082,0,gemini35flash,processed
0.54,704,218,0.3696498154275758,fixed_half,20260912,102,1082,0,gemini35flash,processed
0.55,704,218,0.3696498154275758,fixed_half,20260912,102,1082,0,gemini35flash,processed
0.56,698,218,0.37268407789890684,fixed_half,20260912,102,1082,0,gemini35flash,processed
0.57,698,218,0.37268407789890684,fixed_half,20260912,102,1082,0,gemini35flash,processed
0.58,698,218,0.37268407789890684,fixed_half,20260912,102,1082,0,gemini35flash,processed
0.59,698,218,0.37268407789890684,fixed_half,20260912,102,1082,0,gemini35flash,processed
0.6,698,218,0.37268407789890684,fixed_half,20260912,102,1082,0,gemini35flash,processed
0.61,627,183,0.3547906540981212,fixed_half,20260912,102,1082,0,gemini35flash,processed
0.62,627,183,0.3547906540981212,fixed_half,20260912,102,1082,0,gemini35flash,processed
0.63,627,183,0.3547906540981212,fixed_half,20260912,102,1082,0,gemini35flash,processed
0.64,627,183,0.3547906540981212,fixed_half,20260912,102,1082,0,gemini35flash,processed
0.65,627,183,0.3547906540981212,fixed_half,20260912,102,1082,0,gemini35flash,processed
0.66,622,182,0.35582792017653275,fixed_half,20260912,102,1082,0,gemini35flash,processed
0.67,622,182,0.35582792017653275,fixed_half,20260912,102,1082,0,gemini35flash,processed
0.68,622,182,0.35582792017653275,fixed_half,20260912,102,1082,0,gemini35flash,processed
0.69,622,182,0.35582792017653275,fixed_half,20260912,102,1082,0,gemini35flash,processed
0.7,622,182,0.35582792017653275,fixed_half,20260912,102,1082,0,gemini35flash,processed
0.71,595,174,0.3571358457577908,fixed_half,20260912,102,1082,0,gemini35flash,processed
0.72,595,174,0.3571358457577908,fixed_half,20260912,102,1082,0,gemini35flash,processed
0.73,595,174,0.3571358457577908,fixed_half,20260912,102,1082,0,gemini35flash,processed
0.74,595,174,0.3571358457577908,fixed_half,20260912,102,1082,0,gemini35flash,processed
0.75,595,174,0.3571358457577908,fixed_half,20260912,102,1082,0,gemini35flash,processed
0.76,584,170,0.3563639419154879,fixed_half,20260912,102,1082,0,gemini35flash,processed
0.77,584,170,0.3563639419154879,fixed_half,20260912,102,1082,0,gemini35flash,processed
0.78,584,170,0.3563639419154879,fixed_half,20260912,102,1082,0,gemini35flash,processed
0.79,584,170,0.3563639419154879,fixed_half,20260912,102,1082,0,gemini35flash,processed
0.8,584,170,0.3563639419154879,fixed_half,20260912,102,1082,0,gemini35flash,processed
0.81,349,79,0.30713710929389726,fixed_half,20260912,102,1082,0,gemini35flash,processed
0.82,349,79,0.30713710929389726,fixed_half,20260912,102,1082,0,gemini35flash,processed
0.83,349,79,0.30713710929389726,fixed_half,20260912,102,1082,0,gemini35flash,processed
0.84,349,79,0.30713710929389726,fixed_half,20260912,102,1082,0,gemini35flash,processed
0.85,349,79,0.30713710929389726,fixed_half,20260912,102,1082,0,gemini35flash,processed
0.8571428571428571,239,45,0.2830105515562502,fixed_half,20260912,102,1082,0,gemini35flash,processed
0.86,239,45,0.2830105515562502,fixed_half,20260912,102,1082,0,gemini35flash,processed
0.87,239,45,0.2830105515562502,fixed_half,20260912,102,1082,0,gemini35flash,processed
0.88,239,45,0.2830105515562502,fixed_half,20260912,102,1082,0,gemini35flash,processed
0.89,239,45,0.2830105515562502,fixed_half,20260912,102,1082,0,gemini35flash,processed
0.9,238,45,0.28412729164261646,fixed_half,20260912,102,1082,0,gemini35flash,processed
0.91,189,30,0.26204525454427324,fixed_half,20260912,102,1082,0,gemini35flash,processed
0.92,189,30,0.26204525454427324,fixed_half,20260912,102,1082,0,gemini35flash,processed
0.93,188,30,0.26334952893743147,fixed_half,20260912,102,1082,0,gemini35flash,processed
0.94,188,30,0.26334952893743147,fixed_half,20260912,102,1082,0,gemini35flash,processed
0.95,188,30,0.26334952893743147,fixed_half,20260912,102,1082,0,gemini35flash,processed
0.96,6,0,0.7192013780626503,fixed_half,20260912,102,1082,0,gemini35flash,processed
0.97,6,0,0.7192013780626503,fixed_half,20260912,102,1082,0,gemini35flash,processed
0.98,6,0,0.7192013780626503,fixed_half,20260912,102,1082,0,gemini35flash,processed
0.99,2,0,0.9778596278614976,fixed_half,20260912,102,1082,0,gemini35flash,processed
1.0,0,0,1.0,fixed_half,20260912,102,1082,0,gemini35flash,processed
0.0,2157,1491,0.7235371200618417,fixed_full,20260912,102,2163,0,sonnet46,raw
0.01,2157,1491,0.7235371200618417,fixed_full,20260912,102,2163,0,sonnet46,raw
0.02,2157,1491,0.7235371200618417,fixed_full,20260912,102,2163,0,sonnet46,raw
0.03,2155,1489,0.7232747108825814,fixed_full,20260912,102,2163,0,sonnet46,raw
0.04,2138,1472,0.7210239099133253,fixed_full,20260912,102,2163,0,sonnet46,raw
0.05,2129,1463,0.719817387172121,fixed_full,20260912,102,2163,0,sonnet46,raw
0.06,2050,1385,0.7092328137011286,fixed_full,20260912,102,2163,0,sonnet46,raw
0.07,2049,1384,0.709087477323171,fixed_full,20260912,102,2163,0,sonnet46,raw
0.08,2049,1384,0.709087477323171,fixed_full,20260912,102,2163,0,sonnet46,raw
0.09,1982,1321,0.7009646708590591,fixed_full,20260912,102,2163,0,sonnet46,raw
0.1,1982,1321,0.7009646708590591,fixed_full,20260912,102,2163,0,sonnet46,raw
0.11,1880,1223,0.6863765711791985,fixed_full,20260912,102,2163,0,sonnet46,raw
0.12,1880,1223,0.6863765711791985,fixed_full,20260912,102,2163,0,sonnet46,raw
0.13,1849,1194,0.6820274623433089,fixed_full,20260912,102,2163,0,sonnet46,raw
0.14,1849,1194,0.6820274623433089,fixed_full,20260912,102,2163,0,sonnet46,raw
0.15,1849,1194,0.6820274623433089,fixed_full,20260912,102,2163,0,sonnet46,raw
0.16,1679,1036,0.6558336074410758,fixed_full,20260912,102,2163,0,sonnet46,raw
0.17,1679,1036,0.6558336074410758,fixed_full,20260912,102,2163,0,sonnet46,raw
0.18,1679,1036,0.6558336074410758,fixed_full,20260912,102,2163,0,sonnet46,raw
0.19,1672,1029,0.6543487402507615,fixed_full,20260912,102,2163,0,sonnet46,raw
0.2,1672,1029,0.6543487402507615,fixed_full,20260912,102,2163,0,sonnet46,raw
0.21,1499,874,0.6248571919735781,fixed_full,20260912,102,2163,0,sonnet46,raw
0.22,1499,874,0.6248571919735781,fixed_full,20260912,102,2163,0,sonnet46,raw
0.23,1497,872,0.6243386716295686,fixed_full,20260912,102,2163,0,sonnet46,raw
0.24,1497,872,0.6243386716295686,fixed_full,20260912,102,2163,0,sonnet46,raw
0.25,1497,872,0.6243386716295686,fixed_full,20260912,102,2163,0,sonnet46,raw
0.26,1290,695,0.5845579663536722,fixed_full,20260912,102,2163,0,sonnet46,raw
0.27,1290,695,0.5845579663536722,fixed_full,20260912,102,2163,0,sonnet46,raw
0.28,1290,695,0.5845579663536722,fixed_full,20260912,102,2163,0,sonnet46,raw
0.29,1290,695,0.5845579663536722,fixed_full,20260912,102,2163,0,sonnet46,raw
0.3,1290,695,0.5845579663536722,fixed_full,20260912,102,2163,0,sonnet46,raw
0.31,1185,610,0.5628266978563365,fixed_full,20260912,102,2163,0,sonnet46,raw
0.32,1185,610,0.5628266978563365,fixed_full,20260912,102,2163,0,sonnet46,raw
0.33,1185,610,0.5628266978563365,fixed_full,20260912,102,2163,0,sonnet46,raw
0.34,1185,610,0.5628266978563365,fixed_full,20260912,102,2163,0,sonnet46,raw
0.35,1185,610,0.5628266978563365,fixed_full,20260912,102,2163,0,sonnet46,raw
0.36,940,433,0.5149048193674486,fixed_full,20260912,102,2163,0,sonnet46,raw
0.37,940,433,0.5149048193674486,fixed_full,20260912,102,2163,0,sonnet46,raw
0.38,940,433,0.5149048193674486,fixed_full,20260912,102,2163,0,sonnet46,raw
0.39,940,433,0.5149048193674486,fixed_full,20260912,102,2163,0,sonnet46,raw
0.4,940,433,0.5149048193674486,fixed_full,20260912,102,2163,0,sonnet46,raw
0.41,875,388,0.49966045011341736,fixed_full,20260912,102,2163,0,sonnet46,raw
0.42,875,388,0.49966045011341736,fixed_full,20260912,102,2163,0,sonnet46,raw
0.43,875,388,0.49966045011341736,fixed_full,20260912,102,2163,0,sonnet46,raw
0.44,875,388,0.49966045011341736,fixed_full,20260912,102,2163,0,sonnet46,raw
0.45,875,388,0.49966045011341736,fixed_full,20260912,102,2163,0,sonnet46,raw
0.46,707,290,0.4725789384730267,fixed_full,20260912,102,2163,0,sonnet46,raw
0.47,707,290,0.4725789384730267,fixed_full,20260912,102,2163,0,sonnet46,raw
0.48,707,290,0.4725789384730267,fixed_full,20260912,102,2163,0,sonnet46,raw
0.49,707,290,0.4725789384730267,fixed_full,20260912,102,2163,0,sonnet46,raw
0.5,707,290,0.4725789384730267,fixed_full,20260912,102,2163,0,sonnet46,raw
0.51,681,274,0.46584775944435936,fixed_full,20260912,102,2163,0,sonnet46,raw
0.52,681,274,0.46584775944435936,fixed_full,20260912,102,2163,0,sonnet46,raw
0.53,680,273,0.4650043568554398,fixed_full,20260912,102,2163,0,sonnet46,raw
0.54,680,273,0.4650043568554398,fixed_full,20260912,102,2163,0,sonnet46,raw
0.55,680,273,0.4650043568554398,fixed_full,20260912,102,2163,0,sonnet46,raw
0.56,510,170,0.40523550500118316,fixed_full,20260912,102,2163,0,sonnet46,raw
0.57,510,170,0.40523550500118316,fixed_full,20260912,102,2163,0,sonnet46,raw
0.58,510,170,0.40523550500118316,fixed_full,20260912,102,2163,0,sonnet46,raw
0.59,510,170,0.40523550500118316,fixed_full,20260912,102,2163,0,sonnet46,raw
0.6,510,170,0.40523550500118316,fixed_full,20260912,102,2163,0,sonnet46,raw
0.61,446,139,0.3878526367989104,fixed_full,20260912,102,2163,0,sonnet46,raw
0.62,446,139,0.3878526367989104,fixed_full,20260912,102,2163,0,sonnet46,raw
0.63,446,139,0.3878526367989104,fixed_full,20260912,102,2163,0,sonnet46,raw
0.64,446,139,0.3878526367989104,fixed_full,20260912,102,2163,0,sonnet46,raw
0.65,446,139,0.3878526367989104,fixed_full,20260912,102,2163,0,sonnet46,raw
0.66,424,129,0.3821286327162412,fixed_full,20260912,102,2163,0,sonnet46,raw
0.67,424,129,0.3821286327162412,fixed_full,20260912,102,2163,0,sonnet46,raw
0.68,424,129,0.3821286327162412,fixed_full,20260912,102,2163,0,sonnet46,raw
0.69,424,129,0.3821286327162412,fixed_full,20260912,102,2163,0,sonnet46,raw
0.7,424,129,0.3821286327162412,fixed_full,20260912,102,2163,0,sonnet46,raw
0.71,398,119,0.37923818394330056,fixed_full,20260912,102,2163,0,sonnet46,raw
0.72,398,119,0.37923818394330056,fixed_full,20260912,102,2163,0,sonnet46,raw
0.73,353,105,0.38283586509720086,fixed_full,20260912,102,2163,0,sonnet46,raw
0.74,353,105,0.38283586509720086,fixed_full,20260912,102,2163,0,sonnet46,raw
0.75,353,105,0.38283586509720086,fixed_full,20260912,102,2163,0,sonnet46,raw
0.76,219,48,0.3224380248917199,fixed_full,20260912,102,2163,0,sonnet46,raw
0.77,219,48,0.3224380248917199,fixed_full,20260912,102,2163,0,sonnet46,raw
0.78,219,48,0.3224380248917199,fixed_full,20260912,102,2163,0,sonnet46,raw
0.79,218,48,0.3238144920774321,fixed_full,20260912,102,2163,0,sonnet46,raw
0.8,218,48,0.3238144920774321,fixed_full,20260912,102,2163,0,sonnet46,raw
0.81,198,41,0.3147629458630519,fixed_full,20260912,102,2163,0,sonnet46,raw
0.82,198,41,0.3147629458630519,fixed_full,20260912,102,2163,0,sonnet46,raw
0.83,174,37,0.32903989902771436,fixed_full,20260912,102,2163,0,sonnet46,raw
0.84,174,37,0.32903989902771436,fixed_full,20260912,102,2163,0,sonnet46,raw
0.85,174,37,0.32903989902771436,fixed_full,20260912,102,2163,0,sonnet46,raw
0.8571428571428571,84,12,0.30460227404443707,fixed_full,20260912,102,2163,0,sonnet46,raw
0.86,84,12,0.30460227404443707,fixed_full,20260912,102,2163,0,sonnet46,raw
0.87,84,12,0.30460227404443707,fixed_full,20260912,102,2163,0,sonnet46,raw
0.88,84,12,0.30460227404443707,fixed_full,20260912,102,2163,0,sonnet46,raw
0.89,46,3,0.2695214682111513,fixed_full,20260912,102,2163,0,sonnet46,raw
0.9,46,3,0.2695214682111513,fixed_full,20260912,102,2163,0,sonnet46,raw
0.91,24,1,0.3474198740455119,fixed_full,20260912,102,2163,0,sonnet46,raw
0.92,22,0,0.2927674101341431,fixed_full,20260912,102,2163,0,sonnet46,raw
0.93,7,0,0.6633367664565435,fixed_full,20260912,102,2163,0,sonnet46,raw
0.94,4,0,0.8512035882875453,fixed_full,20260912,102,2163,0,sonnet46,raw
0.95,4,0,0.8512035882875453,fixed_full,20260912,102,2163,0,sonnet46,raw
0.96,3,0,0.9211521339180854,fixed_full,20260912,102,2163,0,sonnet46,raw
0.97,3,0,0.9211521339180854,fixed_full,20260912,102,2163,0,sonnet46,raw
0.98,0,0,1.0,fixed_full,20260912,102,2163,0,sonnet46,raw
0.99,0,0,1.0,fixed_full,20260912,102,2163,0,sonnet46,raw
1.0,0,0,1.0,fixed_full,20260912,102,2163,0,sonnet46,raw
0.0,1077,764,0.7468156217804814,isotonic_grid,20260912,17,1082,1081,sonnet46,raw
0.05,1062,749,0.7431475360549491,isotonic_grid,20260912,17,1082,1081,sonnet46,raw
0.08,1017,704,0.7314748571019624,isotonic_grid,20260912,17,1082,1081,sonnet46,raw
0.15,923,613,0.7064279722915374,isotonic_grid,20260912,17,1082,1081,sonnet46,raw
0.2,839,533,0.6806485281942201,isotonic_grid,20260912,17,1082,1081,sonnet46,raw
0.35,595,321,0.596043709708183,isotonic_grid,20260912,17,1082,1081,sonnet46,raw
0.4,475,238,0.5649838616247334,isotonic_grid,20260912,17,1082,1081,sonnet46,raw
0.45,442,214,0.5506312011934503,isotonic_grid,20260912,17,1082,1081,sonnet46,raw
0.55,343,155,0.5276553079829821,isotonic_grid,20260912,17,1082,1081,sonnet46,raw
0.6,256,97,0.46625794105257484,isotonic_grid,20260912,17,1082,1081,sonnet46,raw
0.65,220,78,0.4484181904636188,isotonic_grid,20260912,17,1082,1081,sonnet46,raw
0.7,206,71,0.44149251444543425,isotonic_grid,20260912,17,1082,1081,sonnet46,raw
0.72,191,65,0.44090686242210503,isotonic_grid,20260912,17,1082,1081,sonnet46,raw
0.82,100,22,0.3525120596219559,isotonic_grid,20260912,17,1082,1081,sonnet46,raw
0.88,40,7,0.3906629566509219,isotonic_grid,20260912,17,1082,1081,sonnet46,raw
0.9,24,2,0.351139151814827,isotonic_grid,20260912,17,1082,1081,sonnet46,raw
0.92,11,0,0.4113386080980634,isotonic_grid,20260912,17,1082,1081,sonnet46,raw
0.0,1077,764,0.7538406548160042,fixed_half,20260912,102,1082,0,sonnet46,raw
0.01,1077,764,0.7538406548160042,fixed_half,20260912,102,1082,0,sonnet46,raw
0.02,1077,764,0.7538406548160042,fixed_half,20260912,102,1082,0,sonnet46,raw
0.03,1075,762,0.7533688692247996,fixed_half,20260912,102,1082,0,sonnet46,raw
0.04,1068,755,0.751703243516971,fixed_half,20260912,102,1082,0,sonnet46,raw
0.05,1062,749,0.7502575047105504,fixed_half,20260912,102,1082,0,sonnet46,raw
0.06,1018,705,0.7391164275777558,fixed_half,20260912,102,1082,0,sonnet46,raw
0.07,1017,704,0.7388516221356443,fixed_half,20260912,102,1082,0,sonnet46,raw
0.08,1017,704,0.7388516221356443,fixed_half,20260912,102,1082,0,sonnet46,raw
0.09,982,670,0.7301999523754195,fixed_half,20260912,102,1082,0,sonnet46,raw
0.1,982,670,0.7301999523754195,fixed_half,20260912,102,1082,0,sonnet46,raw
0.11,936,625,0.7174883591012584,fixed_half,20260912,102,1082,0,sonnet46,raw
0.12,936,625,0.7174883591012584,fixed_half,20260912,102,1082,0,sonnet46,raw
0.13,923,613,0.7143992085999663,fixed_half,20260912,102,1082,0,sonnet46,raw
0.14,923,613,0.7143992085999663,fixed_half,20260912,102,1082,0,sonnet46,raw
0.15,923,613,0.7143992085999663,fixed_half,20260912,102,1082,0,sonnet46,raw
0.16,840,534,0.6896097543888156,fixed_half,20260912,102,1082,0,sonnet46,raw
0.17,840,534,0.6896097543888156,fixed_half,20260912,102,1082,0,sonnet46,raw
0.18,840,534,0.6896097543888156,fixed_half,20260912,102,1082,0,sonnet46,raw
0.19,839,533,0.6892248358517938,fixed_half,20260912,102,1082,0,sonnet46,raw
0.2,839,533,0.6892248358517938,fixed_half,20260912,102,1082,0,sonnet46,raw
0.21,757,455,0.6591268981966103,fixed_half,20260912,102,1082,0,sonnet46,raw
0.22,757,455,0.6591268981966103,fixed_half,20260912,102,1082,0,sonnet46,raw
0.23,755,453,0.6581823967113689,fixed_half,20260912,102,1082,0,sonnet46,raw
0.24,755,453,0.6581823967113689,fixed_half,20260912,102,1082,0,sonnet46,raw
0.25,755,453,0.6581823967113689,fixed_half,20260912,102,1082,0,sonnet46,raw
0.26,646,360,0.6214832430239512,fixed_half,20260912,102,1082,0,sonnet46,raw
0.27,646,360,0.6214832430239512,fixed_half,20260912,102,1082,0,sonnet46,raw
0.28,646,360,0.6214832430239512,fixed_half,20260912,102,1082,0,sonnet46,raw
0.29,646,360,0.6214832430239512,fixed_half,20260912,102,1082,0,sonnet46,raw
0.3,646,360,0.6214832430239512,fixed_half,20260912,102,1082,0,sonnet46,raw
0.31,595,321,0.6068357786451066,fixed_half,20260912,102,1082,0,sonnet46,raw
0.32,595,321,0.6068357786451066,fixed_half,20260912,102,1082,0,sonnet46,raw
0.33,595,321,0.6068357786451066,fixed_half,20260912,102,1082,0,sonnet46,raw
0.34,595,321,0.6068357786451066,fixed_half,20260912,102,1082,0,sonnet46,raw
0.35,595,321,0.6068357786451066,fixed_half,20260912,102,1082,0,sonnet46,raw
0.36,475,238,0.5772193546027622,fixed_half,20260912,102,1082,0,sonnet46,raw
0.37,475,238,0.5772193546027622,fixed_half,20260912,102,1082,0,sonnet46,raw
0.38,475,238,0.5772193546027622,fixed_half,20260912,102,1082,0,sonnet46,raw
0.39,475,238,0.5772193546027622,fixed_half,20260912,102,1082,0,sonnet46,raw
0.4,475,238,0.5772193546027622,fixed_half,20260912,102,1082,0,sonnet46,raw
0.41,442,214,0.5633773303877168,fixed_half,20260912,102,1082,0,sonnet46,raw
0.42,442,214,0.5633773303877168,fixed_half,20260912,102,1082,0,sonnet46,raw
0.43,442,214,0.5633773303877168,fixed_half,20260912,102,1082,0,sonnet46,raw
0.44,442,214,0.5633773303877168,fixed_half,20260912,102,1082,0,sonnet46,raw
0.45,442,214,0.5633773303877168,fixed_half,20260912,102,1082,0,sonnet46,raw
0.46,355,163,0.5478720051855328,fixed_half,20260912,102,1082,0,sonnet46,raw
0.47,355,163,0.5478720051855328,fixed_half,20260912,102,1082,0,sonnet46,raw
0.48,355,163,0.5478720051855328,fixed_half,20260912,102,1082,0,sonnet46,raw
0.49,355,163,0.5478720051855328,fixed_half,20260912,102,1082,0,sonnet46,raw
0.5,355,163,0.5478720051855328,fixed_half,20260912,102,1082,0,sonnet46,raw
0.51,344,156,0.5436644805763484,fixed_half,20260912,102,1082,0,sonnet46,raw
0.52,344,156,0.5436644805763484,fixed_half,20260912,102,1082,0,sonnet46,raw
0.53,343,155,0.5422129540432463,fixed_half,20260912,102,1082,0,sonnet46,raw
0.54,343,155,0.5422129540432463,fixed_half,20260912,102,1082,0,sonnet46,raw
0.55,343,155,0.5422129540432463,fixed_half,20260912,102,1082,0,sonnet46,raw
0.56,256,97,0.483255757398052,fixed_half,20260912,102,1082,0,sonnet46,raw
0.57,256,97,0.483255757398052,fixed_half,20260912,102,1082,0,sonnet46,raw
0.58,256,97,0.483255757398052,fixed_half,20260912,102,1082,0,sonnet46,raw
0.59,256,97,0.483255757398052,fixed_half,20260912,102,1082,0,sonnet46,raw
0.6,256,97,0.483255757398052,fixed_half,20260912,102,1082,0,sonnet46,raw
0.61,220,78,0.46676555155333066,fixed_half,20260912,102,1082,0,sonnet46,raw
0.62,220,78,0.46676555155333066,fixed_half,20260912,102,1082,0,sonnet46,raw
0.63,220,78,0.46676555155333066,fixed_half,20260912,102,1082,0,sonnet46,raw
0.64,220,78,0.46676555155333066,fixed_half,20260912,102,1082,0,sonnet46,raw
0.65,220,78,0.46676555155333066,fixed_half,20260912,102,1082,0,sonnet46,raw
0.66,206,71,0.4604548233256843,fixed_half,20260912,102,1082,0,sonnet46,raw
0.67,206,71,0.4604548233256843,fixed_half,20260912,102,1082,0,sonnet46,raw
0.68,206,71,0.4604548233256843,fixed_half,20260912,102,1082,0,sonnet46,raw
0.69,206,71,0.4604548233256843,fixed_half,20260912,102,1082,0,sonnet46,raw
0.7,206,71,0.4604548233256843,fixed_half,20260912,102,1082,0,sonnet46,raw
0.71,191,65,0.4606086813053819,fixed_half,20260912,102,1082,0,sonnet46,raw
0.72,191,65,0.4606086813053819,fixed_half,20260912,102,1082,0,sonnet46,raw
0.73,173,57,0.45572638465853493,fixed_half,20260912,102,1082,0,sonnet46,raw
0.74,173,57,0.45572638465853493,fixed_half,20260912,102,1082,0,sonnet46,raw
0.75,173,57,0.45572638465853493,fixed_half,20260912,102,1082,0,sonnet46,raw
0.76,109,25,0.38255775266394026,fixed_half,20260912,102,1082,0,sonnet46,raw
0.77,109,25,0.38255775266394026,fixed_half,20260912,102,1082,0,sonnet46,raw
0.78,109,25,0.38255775266394026,fixed_half,20260912,102,1082,0,sonnet46,raw
0.79,109,25,0.38255775266394026,fixed_half,20260912,102,1082,0,sonnet46,raw
0.8,109,25,0.38255775266394026,fixed_half,20260912,102,1082,0,sonnet46,raw
0.81,100,22,0.3795197784833523,fixed_half,20260912,102,1082,0,sonnet46,raw
0.82,100,22,0.3795197784833523,fixed_half,20260912,102,1082,0,sonnet46,raw
0.83,91,19,0.3753920848873418,fixed_half,20260912,102,1082,0,sonnet46,raw
0.84,91,19,0.3753920848873418,fixed_half,20260912,102,1082,0,sonnet46,raw
0.85,91,19,0.3753920848873418,fixed_half,20260912,102,1082,0,sonnet46,raw
0.8571428571428571,40,7,0.4346873717677593,fixed_half,20260912,102,1082,0,sonnet46,raw
0.86,40,7,0.4346873717677593,fixed_half,20260912,102,1082,0,sonnet46,raw
0.87,40,7,0.4346873717677593,fixed_half,20260912,102,1082,0,sonnet46,raw
0.88,40,7,0.4346873717677593,fixed_half,20260912,102,1082,0,sonnet46,raw
0.89,24,2,0.40922588096398216,fixed_half,20260912,102,1082,0,sonnet46,raw
0.9,24,2,0.40922588096398216,fixed_half,20260912,102,1082,0,sonnet46,raw
0.91,13,1,0.5526524116309763,fixed_half,20260912,102,1082,0,sonnet46,raw
0.92,11,0,0.49982206383163263,fixed_half,20260912,102,1082,0,sonnet46,raw
0.93,4,0,0.8512035882875453,fixed_half,20260912,102,1082,0,sonnet46,raw
0.94,3,0,0.9211521339180854,fixed_half,20260912,102,1082,0,sonnet46,raw
0.95,3,0,0.9211521339180854,fixed_half,20260912,102,1082,0,sonnet46,raw
0.96,2,0,0.9778596278614976,fixed_half,20260912,102,1082,0,sonnet46,raw
0.97,2,0,0.9778596278614976,fixed_half,20260912,102,1082,0,sonnet46,raw
0.98,0,0,1.0,fixed_half,20260912,102,1082,0,sonnet46,raw
0.99,0,0,1.0,fixed_half,20260912,102,1082,0,sonnet46,raw
1.0,0,0,1.0,fixed_half,20260912,102,1082,0,sonnet46,raw
0.0,2157,1490,0.7230887200429024,fixed_full,20260912,102,2163,0,sonnet46,processed
0.01,2157,1490,0.7230887200429024,fixed_full,20260912,102,2163,0,sonnet46,processed
0.02,2157,1490,0.7230887200429024,fixed_full,20260912,102,2163,0,sonnet46,processed
0.03,2155,1488,0.7228258786375388,fixed_full,20260912,102,2163,0,sonnet46,processed
0.04,2138,1471,0.7205713695978744,fixed_full,20260912,102,2163,0,sonnet46,processed
0.05,2129,1462,0.7193628586781632,fixed_full,20260912,102,2163,0,sonnet46,processed
0.06,2049,1383,0.7086145132628056,fixed_full,20260912,102,2163,0,sonnet46,processed
0.07,2048,1382,0.7084687906267954,fixed_full,20260912,102,2163,0,sonnet46,processed
0.08,2048,1382,0.7084687906267954,fixed_full,20260912,102,2163,0,sonnet46,processed
0.09,1981,1319,0.7003202091275633,fixed_full,20260912,102,2163,0,sonnet46,processed
0.1,1981,1319,0.7003202091275633,fixed_full,20260912,102,2163,0,sonnet46,processed
0.11,1879,1221,0.685687865447373,fixed_full,20260912,102,2163,0,sonnet46,processed
0.12,1879,1221,0.685687865447373,fixed_full,20260912,102,2163,0,sonnet46,processed
0.13,1848,1192,0.6813243897618275,fixed_full,20260912,102,2163,0,sonnet46,processed
0.14,1848,1192,0.6813243897618275,fixed_full,20260912,102,2163,0,sonnet46,processed
0.15,1848,1192,0.6813243897618275,fixed_full,20260912,102,2163,0,sonnet46,processed
0.16,1679,1035,0.6552521901561451,fixed_full,20260912,102,2163,0,sonnet46,processed
0.17,1679,1035,0.6552521901561451,fixed_full,20260912,102,2163,0,sonnet46,processed
0.18,1679,1035,0.6552521901561451,fixed_full,20260912,102,2163,0,sonnet46,processed
0.19,1672,1028,0.6537647565975669,fixed_full,20260912,102,2163,0,sonnet46,processed
0.2,1672,1028,0.6537647565975669,fixed_full,20260912,102,2163,0,sonnet46,processed
0.21,1499,873,0.6242029731731598,fixed_full,20260912,102,2163,0,sonnet46,processed
0.22,1499,873,0.6242029731731598,fixed_full,20260912,102,2163,0,sonnet46,processed
0.23,1497,871,0.6236835237648206,fixed_full,20260912,102,2163,0,sonnet46,processed
0.24,1497,871,0.6236835237648206,fixed_full,20260912,102,2163,0,sonnet46,processed
0.25,1497,871,0.6236835237648206,fixed_full,20260912,102,2163,0,sonnet46,processed
0.26,1293,696,0.5840344258478836,fixed_full,20260912,102,2163,0,sonnet46,processed
0.27,1293,696,0.5840344258478836,fixed_full,20260912,102,2163,0,sonnet46,processed
0.28,1293,696,0.5840344258478836,fixed_full,20260912,102,2163,0,sonnet46,processed
0.29,1293,696,0.5840344258478836,fixed_full,20260912,102,2163,0,sonnet46,processed
0.3,1293,696,0.5840344258478836,fixed_full,20260912,102,2163,0,sonnet46,processed
0.31,1189,611,0.5618630889065115,fixed_full,20260912,102,2163,0,sonnet46,processed
0.32,1189,611,0.5618630889065115,fixed_full,20260912,102,2163,0,sonnet46,processed
0.33,1189,611,0.5618630889065115,fixed_full,20260912,102,2163,0,sonnet46,processed
0.34,1189,611,0.5618630889065115,fixed_full,20260912,102,2163,0,sonnet46,processed
0.35,1189,611,0.5618630889065115,fixed_full,20260912,102,2163,0,sonnet46,processed
0.36,947,434,0.5123516967338797,fixed_full,20260912,102,2163,0,sonnet46,processed
0.37,947,434,0.5123516967338797,fixed_full,20260912,102,2163,0,sonnet46,processed
0.38,947,434,0.5123516967338797,fixed_full,20260912,102,2163,0,sonnet46,processed
0.39,947,434,0.5123516967338797,fixed_full,20260912,102,2163,0,sonnet46,processed
0.4,945,434,0.5133800491137921,fixed_full,20260912,102,2163,0,sonnet46,processed
0.41,880,389,0.4981098485532131,fixed_full,20260912,102,2163,0,sonnet46,processed
0.42,880,389,0.4981098485532131,fixed_full,20260912,102,2163,0,sonnet46,processed
0.43,880,389,0.4981098485532131,fixed_full,20260912,102,2163,0,sonnet46,processed
0.44,880,389,0.4981098485532131,fixed_full,20260912,102,2163,0,sonnet46,processed
0.45,878,389,0.4991854833807354,fixed_full,20260912,102,2163,0,sonnet46,processed
0.46,719,291,0.4665241754629447,fixed_full,20260912,102,2163,0,sonnet46,processed
0.47,719,291,0.4665241754629447,fixed_full,20260912,102,2163,0,sonnet46,processed
0.48,719,291,0.4665241754629447,fixed_full,20260912,102,2163,0,sonnet46,processed
0.49,719,291,0.4665241754629447,fixed_full,20260912,102,2163,0,sonnet46,processed
0.5,719,291,0.4665241754629447,fixed_full,20260912,102,2163,0,sonnet46,processed
0.51,691,275,0.4609394620908289,fixed_full,20260912,102,2163,0,sonnet46,processed
0.52,691,275,0.4609394620908289,fixed_full,20260912,102,2163,0,sonnet46,processed
0.53,690,274,0.46010049922387397,fixed_full,20260912,102,2163,0,sonnet46,processed
0.54,689,274,0.4607321483847108,fixed_full,20260912,102,2163,0,sonnet46,processed
0.55,689,274,0.4607321483847108,fixed_full,20260912,102,2163,0,sonnet46,processed
0.56,528,171,0.3941314532780023,fixed_full,20260912,102,2163,0,sonnet46,processed
0.57,528,171,0.3941314532780023,fixed_full,20260912,102,2163,0,sonnet46,processed
0.58,528,171,0.3941314532780023,fixed_full,20260912,102,2163,0,sonnet46,processed
0.59,528,171,0.3941314532780023,fixed_full,20260912,102,2163,0,sonnet46,processed
0.6,528,171,0.3941314532780023,fixed_full,20260912,102,2163,0,sonnet46,processed
0.61,467,140,0.3736116276684263,fixed_full,20260912,102,2163,0,sonnet46,processed
0.62,467,140,0.3736116276684263,fixed_full,20260912,102,2163,0,sonnet46,processed
0.63,466,140,0.37436955073188966,fixed_full,20260912,102,2163,0,sonnet46,processed
0.64,466,140,0.37436955073188966,fixed_full,20260912,102,2163,0,sonnet46,processed
0.65,466,140,0.37436955073188966,fixed_full,20260912,102,2163,0,sonnet46,processed
0.66,438,130,0.3730007156061791,fixed_full,20260912,102,2163,0,sonnet46,processed
0.67,437,130,0.37380626496833813,fixed_full,20260912,102,2163,0,sonnet46,processed
0.68,437,130,0.37380626496833813,fixed_full,20260912,102,2163,0,sonnet46,processed
0.69,437,130,0.37380626496833813,fixed_full,20260912,102,2163,0,sonnet46,processed
0.7,437,130,0.37380626496833813,fixed_full,20260912,102,2163,0,sonnet46,processed
0.71,410,120,0.37134980251371064,fixed_full,20260912,102,2163,0,sonnet46,processed
0.72,410,120,0.37134980251371064,fixed_full,20260912,102,2163,0,sonnet46,processed
0.73,368,106,0.37105185788806694,fixed_full,20260912,102,2163,0,sonnet46,processed
0.74,368,106,0.37105185788806694,fixed_full,20260912,102,2163,0,sonnet46,processed
0.75,368,106,0.37105185788806694,fixed_full,20260912,102,2163,0,sonnet46,processed
0.76,236,48,0.30069743095554624,fixed_full,20260912,102,2163,0,sonnet46,processed
0.77,236,48,0.30069743095554624,fixed_full,20260912,102,2163,0,sonnet46,processed
0.78,235,48,0.3018953148148576,fixed_full,20260912,102,2163,0,sonnet46,processed
0.79,234,48,0.30310272189717524,fixed_full,20260912,102,2163,0,sonnet46,processed
0.8,234,48,0.30310272189717524,fixed_full,20260912,102,2163,0,sonnet46,processed
0.81,208,41,0.30065218981923086,fixed_full,20260912,102,2163,0,sonnet46,processed
0.82,208,41,0.30065218981923086,fixed_full,20260912,102,2163,0,sonnet46,processed
0.83,184,37,0.31246887352281805,fixed_full,20260912,102,2163,0,sonnet46,processed
0.84,183,37,0.3140510465332157,fixed_full,20260912,102,2163,0,sonnet46,processed
0.85,183,37,0.3140510465332157,fixed_full,20260912,102,2163,0,sonnet46,processed
0.8571428571428571,92,12,0.2805544876007919,fixed_full,20260912,102,2163,0,sonnet46,processed
0.86,92,12,0.2805544876007919,fixed_full,20260912,102,2163,0,sonnet46,processed
0.87,92,12,0.2805544876007919,fixed_full,20260912,102,2163,0,sonnet46,processed
0.88,92,12,0.2805544876007919,fixed_full,20260912,102,2163,0,sonnet46,processed
0.89,56,3,0.22611206440573275,fixed_full,20260912,102,2163,0,sonnet46,processed
0.9,53,3,0.23760151824118203,fixed_full,20260912,102,2163,0,sonnet46,processed
0.91,27,1,0.315059027287132,fixed_full,20260912,102,2163,0,sonnet46,processed
0.92,25,0,0.2627499794947027,fixed_full,20260912,102,2163,0,sonnet46,processed
0.93,10,0,0.5333008786354092,fixed_full,20260912,102,2163,0,sonnet46,processed
0.94,5,0,0.782191930117519,fixed_full,20260912,102,2163,0,sonnet46,processed
0.95,5,0,0.782191930117519,fixed_full,20260912,102,2163,0,sonnet46,processed
0.96,3,0,0.9211521339180854,fixed_full,20260912,102,2163,0,sonnet46,processed
0.97,3,0,0.9211521339180854,fixed_full,20260912,102,2163,0,sonnet46,processed
0.98,0,0,1.0,fixed_full,20260912,102,2163,0,sonnet46,processed
0.99,0,0,1.0,fixed_full,20260912,102,2163,0,sonnet46,processed
1.0,0,0,1.0,fixed_full,20260912,102,2163,0,sonnet46,processed
0.0,1077,763,0.7456674966355794,isotonic_grid,20260912,16,1082,1081,sonnet46,processed
0.05,1062,748,0.7419832031201485,isotonic_grid,20260912,16,1082,1081,sonnet46,processed
0.08,1016,702,0.7299863433761615,isotonic_grid,20260912,16,1082,1081,sonnet46,processed
0.15,922,611,0.7047604832295165,isotonic_grid,20260912,16,1082,1081,sonnet46,processed
0.2,839,532,0.6791789936190245,isotonic_grid,20260912,16,1082,1081,sonnet46,processed
0.35,599,322,0.593558857711896,isotonic_grid,20260912,16,1082,1081,sonnet46,processed
0.39999999999999997,481,239,0.560008035430819,isotonic_grid,20260912,16,1082,1081,sonnet46,processed
0.45,445,215,0.5489281881110377,isotonic_grid,20260912,16,1082,1081,sonnet46,processed
0.5,363,164,0.524879061427351,isotonic_grid,20260912,16,1082,1081,sonnet46,processed
0.6,266,98,0.4532076656746823,isotonic_grid,20260912,16,1082,1081,sonnet46,processed
0.65,230,79,0.43418236317162423,isotonic_grid,20260912,16,1082,1081,sonnet46,processed
0.7000000000000001,197,66,0.4330874414490556,isotonic_grid,20260912,16,1082,1081,sonnet46,processed
0.7799999999999999,116,25,0.3360353862543592,isotonic_grid,20260912,16,1082,1081,sonnet46,processed
0.88,44,7,0.35827272710177205,isotonic_grid,20260912,16,1082,1081,sonnet46,processed
0.8999999999999999,28,2,0.30613821374508077,isotonic_grid,20260912,16,1082,1081,sonnet46,processed
0.92,11,0,0.4080853446787933,isotonic_grid,20260912,16,1082,1081,sonnet46,processed
0.0,1077,763,0.7529614153842288,fixed_half,20260912,102,1082,0,sonnet46,processed
0.01,1077,763,0.7529614153842288,fixed_half,20260912,102,1082,0,sonnet46,processed
0.02,1077,763,0.7529614153842288,fixed_half,20260912,102,1082,0,sonnet46,processed
0.03,1075,761,0.7524879113857457,fixed_half,20260912,102,1082,0,sonnet46,processed
0.04,1068,754,0.7508162175981976,fixed_half,20260912,102,1082,0,sonnet46,processed
0.05,1062,748,0.7493652101490592,fixed_half,20260912,102,1082,0,sonnet46,processed
0.06,1017,703,0.7379177073657197,fixed_half,20260912,102,1082,0,sonnet46,processed
0.07,1016,702,0.7376513927441274,fixed_half,20260912,102,1082,0,sonnet46,processed
0.08,1016,702,0.7376513927441274,fixed_half,20260912,102,1082,0,sonnet46,processed
0.09,981,668,0.7289457909822263,fixed_half,20260912,102,1082,0,sonnet46,processed
0.1,981,668,0.7289457909822263,fixed_half,20260912,102,1082,0,sonnet46,processed
0.11,935,623,0.7161552316338118,fixed_half,20260912,102,1082,0,sonnet46,processed
0.12,935,623,0.7161552316338118,fixed_half,20260912,102,1082,0,sonnet46,processed
0.13,922,611,0.7130430513552882,fixed_half,20260912,102,1082,0,sonnet46,processed
0.14,922,611,0.7130430513552882,fixed_half,20260912,102,1082,0,sonnet46,processed
0.15,922,611,0.7130430513552882,fixed_half,20260912,102,1082,0,sonnet46,processed
0.16,840,533,0.6884678779901537,fixed_half,20260912,102,1082,0,sonnet46,processed
0.17,840,533,0.6884678779901537,fixed_half,20260912,102,1082,0,sonnet46,processed
0.18,840,533,0.6884678779901537,fixed_half,20260912,102,1082,0,sonnet46,processed
0.19,839,532,0.6880815023687347,fixed_half,20260912,102,1082,0,sonnet46,processed
0.2,839,532,0.6880815023687347,fixed_half,20260912,102,1082,0,sonnet46,processed
0.21,757,454,0.657851454329354,fixed_half,20260912,102,1082,0,sonnet46,processed
0.22,757,454,0.657851454329354,fixed_half,20260912,102,1082,0,sonnet46,processed
0.23,755,452,0.656903296880545,fixed_half,20260912,102,1082,0,sonnet46,processed
0.24,755,452,0.656903296880545,fixed_half,20260912,102,1082,0,sonnet46,processed
0.25,755,452,0.656903296880545,fixed_half,20260912,102,1082,0,sonnet46,processed
0.26,649,361,0.6203280828433825,fixed_half,20260912,102,1082,0,sonnet46,processed
0.27,649,361,0.6203280828433825,fixed_half,20260912,102,1082,0,sonnet46,processed
0.28,649,361,0.6203280828433825,fixed_half,20260912,102,1082,0,sonnet46,processed
0.29,649,361,0.6203280828433825,fixed_half,20260912,102,1082,0,sonnet46,processed
0.3,649,361,0.6203280828433825,fixed_half,20260912,102,1082,0,sonnet46,processed
0.31,599,322,0.6047232420914725,fixed_half,20260912,102,1082,0,sonnet46,processed
0.32,599,322,0.6047232420914725,fixed_half,20260912,102,1082,0,sonnet46,processed
0.33,599,322,0.6047232420914725,fixed_half,20260912,102,1082,0,sonnet46,processed
0.34,599,322,0.6047232420914725,fixed_half,20260912,102,1082,0,sonnet46,processed
0.35,599,322,0.6047232420914725,fixed_half,20260912,102,1082,0,sonnet46,processed
0.36,481,239,0.5726365306218202,fixed_half,20260912,102,1082,0,sonnet46,processed
0.37,481,239,0.5726365306218202,fixed_half,20260912,102,1082,0,sonnet46,processed
0.38,481,239,0.5726365306218202,fixed_half,20260912,102,1082,0,sonnet46,processed
0.39,481,239,0.5726365306218202,fixed_half,20260912,102,1082,0,sonnet46,processed
0.4,480,239,0.5737349683429045,fixed_half,20260912,102,1082,0,sonnet46,processed
0.41,447,215,0.5597902054777633,fixed_half,20260912,102,1082,0,sonnet46,processed
0.42,447,215,0.5597902054777633,fixed_half,20260912,102,1082,0,sonnet46,processed
0.43,447,215,0.5597902054777633,fixed_half,20260912,102,1082,0,sonnet46,processed
0.44,447,215,0.5597902054777633,fixed_half,20260912,102,1082,0,sonnet46,processed
0.45,445,215,0.5621043740827386,fixed_half,20260912,102,1082,0,sonnet46,processed
0.46,363,164,0.5395596195268257,fixed_half,20260912,102,1082,0,sonnet46,processed
0.47,363,164,0.5395596195268257,fixed_half,20260912,102,1082,0,sonnet46,processed
0.48,363,164,0.5395596195268257,fixed_half,20260912,102,1082,0,sonnet46,processed
0.49,363,164,0.5395596195268257,fixed_half,20260912,102,1082,0,sonnet46,processed
0.5,363,164,0.5395596195268257,fixed_half,20260912,102,1082,0,sonnet46,processed
0.51,351,157,0.5365853245357086,fixed_half,20260912,102,1082,0,sonnet46,processed
0.52,351,157,0.5365853245357086,fixed_half,20260912,102,1082,0,sonnet46,processed
0.53,350,156,0.535140279189502,fixed_half,20260912,102,1082,0,sonnet46,processed
0.54,350,156,0.535140279189502,fixed_half,20260912,102,1082,0,sonnet46,processed
0.55,350,156,0.535140279189502,fixed_half,20260912,102,1082,0,sonnet46,processed
0.56,266,98,0.4704919910885675,fixed_half,20260912,102,1082,0,sonnet46,processed
0.57,266,98,0.4704919910885675,fixed_half,20260912,102,1082,0,sonnet46,processed
0.58,266,98,0.4704919910885675,fixed_half,20260912,102,1082,0,sonnet46,processed
0.59,266,98,0.4704919910885675,fixed_half,20260912,102,1082,0,sonnet46,processed
0.6,266,98,0.4704919910885675,fixed_half,20260912,102,1082,0,sonnet46,processed
0.61,231,79,0.45097530532534075,fixed_half,20260912,102,1082,0,sonnet46,processed
0.62,231,79,0.45097530532534075,fixed_half,20260912,102,1082,0,sonnet46,processed
0.63,230,79,0.45276377262636835,fixed_half,20260912,102,1082,0,sonnet46,processed
0.64,230,79,0.45276377262636835,fixed_half,20260912,102,1082,0,sonnet46,processed
0.65,230,79,0.45276377262636835,fixed_half,20260912,102,1082,0,sonnet46,processed
0.66,212,72,0.45351020622611415,fixed_half,20260912,102,1082,0,sonnet46,processed
0.67,211,72,0.4554623255102189,fixed_half,20260912,102,1082,0,sonnet46,processed
0.68,211,72,0.4554623255102189,fixed_half,20260912,102,1082,0,sonnet46,processed
0.69,211,72,0.4554623255102189,fixed_half,20260912,102,1082,0,sonnet46,processed
0.7,211,72,0.4554623255102189,fixed_half,20260912,102,1082,0,sonnet46,processed
0.71,196,66,0.4552772880958757,fixed_half,20260912,102,1082,0,sonnet46,processed
0.72,196,66,0.4552772880958757,fixed_half,20260912,102,1082,0,sonnet46,processed
0.73,179,58,0.4477838547221019,fixed_half,20260912,102,1082,0,sonnet46,processed
0.74,179,58,0.4477838547221019,fixed_half,20260912,102,1082,0,sonnet46,processed
0.75,179,58,0.4477838547221019,fixed_half,20260912,102,1082,0,sonnet46,processed
0.76,116,25,0.3617787383019106,fixed_half,20260912,102,1082,0,sonnet46,processed
0.77,116,25,0.3617787383019106,fixed_half,20260912,102,1082,0,sonnet46,processed
0.78,116,25,0.3617787383019106,fixed_half,20260912,102,1082,0,sonnet46,processed
0.79,116,25,0.3617787383019106,fixed_half,20260912,102,1082,0,sonnet46,processed
0.8,116,25,0.3617787383019106,fixed_half,20260912,102,1082,0,sonnet46,processed
0.81,104,22,0.36646183516126796,fixed_half,20260912,102,1082,0,sonnet46,processed
0.82,104,22,0.36646183516126796,fixed_half,20260912,102,1082,0,sonnet46,processed
0.83,95,19,0.36129997376154727,fixed_half,20260912,102,1082,0,sonnet46,processed
0.84,94,19,0.3647242119118608,fixed_half,20260912,102,1082,0,sonnet46,processed
0.85,94,19,0.3647242119118608,fixed_half,20260912,102,1082,0,sonnet46,processed
0.8571428571428571,44,7,0.40154808977322937,fixed_half,20260912,102,1082,0,sonnet46,processed
0.86,44,7,0.40154808977322937,fixed_half,20260912,102,1082,0,sonnet46,processed
0.87,44,7,0.40154808977322937,fixed_half,20260912,102,1082,0,sonnet46,processed
0.88,44,7,0.40154808977322937,fixed_half,20260912,102,1082,0,sonnet46,processed
0.89,28,2,0.3611184493416787,fixed_half,20260912,102,1082,0,sonnet46,processed
0.9,27,2,0.3720755862726012,fixed_half,20260912,102,1082,0,sonnet46,processed
0.91,13,1,0.5526524116309763,fixed_half,20260912,102,1082,0,sonnet46,processed
0.92,11,0,0.49982206383163263,fixed_half,20260912,102,1082,0,sonnet46,processed
0.93,4,0,0.8512035882875453,fixed_half,20260912,102,1082,0,sonnet46,processed
0.94,3,0,0.9211521339180854,fixed_half,20260912,102,1082,0,sonnet46,processed
0.95,3,0,0.9211521339180854,fixed_half,20260912,102,1082,0,sonnet46,processed
0.96,2,0,0.9778596278614976,fixed_half,20260912,102,1082,0,sonnet46,processed
0.97,2,0,0.9778596278614976,fixed_half,20260912,102,1082,0,sonnet46,processed
0.98,0,0,1.0,fixed_half,20260912,102,1082,0,sonnet46,processed
0.99,0,0,1.0,fixed_half,20260912,102,1082,0,sonnet46,processed
1.0,0,0,1.0,fixed_half,20260912,102,1082,0,sonnet46,processed
0.0,2128,1748,0.8478469418944798,fixed_full,20260912,102,2163,0,deepseekv32maas,raw
0.01,2128,1748,0.8478469418944798,fixed_full,20260912,102,2163,0,deepseekv32maas,raw
0.02,2100,1720,0.8457860557673461,fixed_full,20260912,102,2163,0,deepseekv32maas,raw
0.03,1855,1480,0.8275818018076313,fixed_full,20260912,102,2163,0,deepseekv32maas,raw
0.04,1701,1332,0.8149820927077408,fixed_full,20260912,102,2163,0,deepseekv32maas,raw
0.05,1692,1323,0.8139784030407486,fixed_full,20260912,102,2163,0,deepseekv32maas,raw
0.06,1555,1190,0.7996588206277897,fixed_full,20260912,102,2163,0,deepseekv32maas,raw
0.07,1555,1190,0.7996588206277897,fixed_full,20260912,102,2163,0,deepseekv32maas,raw
0.08,1555,1190,0.7996588206277897,fixed_full,20260912,102,2163,0,deepseekv32maas,raw
0.09,1555,1190,0.7996588206277897,fixed_full,20260912,102,2163,0,deepseekv32maas,raw
0.1,1555,1190,0.7996588206277897,fixed_full,20260912,102,2163,0,deepseekv32maas,raw
0.11,1545,1182,0.7995544199808087,fixed_full,20260912,102,2163,0,deepseekv32maas,raw
0.12,1545,1182,0.7995544199808087,fixed_full,20260912,102,2163,0,deepseekv32maas,raw
0.13,1545,1182,0.7995544199808087,fixed_full,20260912,102,2163,0,deepseekv32maas,raw
0.14,1545,1182,0.7995544199808087,fixed_full,20260912,102,2163,0,deepseekv32maas,raw
0.15,1545,1182,0.7995544199808087,fixed_full,20260912,102,2163,0,deepseekv32maas,raw
0.16,1543,1180,0.7992889288472695,fixed_full,20260912,102,2163,0,deepseekv32maas,raw
0.17,1543,1180,0.7992889288472695,fixed_full,20260912,102,2163,0,deepseekv32maas,raw
0.18,1543,1180,0.7992889288472695,fixed_full,20260912,102,2163,0,deepseekv32maas,raw
0.19,1543,1180,0.7992889288472695,fixed_full,20260912,102,2163,0,deepseekv32maas,raw
0.2,1543,1180,0.7992889288472695,fixed_full,20260912,102,2163,0,deepseekv32maas,raw
0.21,1521,1159,0.7969415065441606,fixed_full,20260912,102,2163,0,deepseekv32maas,raw
0.22,1521,1159,0.7969415065441606,fixed_full,20260912,102,2163,0,deepseekv32maas,raw
0.23,1521,1159,0.7969415065441606,fixed_full,20260912,102,2163,0,deepseekv32maas,raw
0.24,1521,1159,0.7969415065441606,fixed_full,20260912,102,2163,0,deepseekv32maas,raw
0.25,1521,1159,0.7969415065441606,fixed_full,20260912,102,2163,0,deepseekv32maas,raw
0.26,1510,1150,0.796678514380099,fixed_full,20260912,102,2163,0,deepseekv32maas,raw
0.27,1510,1150,0.796678514380099,fixed_full,20260912,102,2163,0,deepseekv32maas,raw
0.28,1510,1150,0.796678514380099,fixed_full,20260912,102,2163,0,deepseekv32maas,raw
0.29,1510,1150,0.796678514380099,fixed_full,20260912,102,2163,0,deepseekv32maas,raw
0.3,1510,1150,0.796678514380099,fixed_full,20260912,102,2163,0,deepseekv32maas,raw
0.31,1233,911,0.7789156961305121,fixed_full,20260912,102,2163,0,deepseekv32maas,raw
0.32,1233,911,0.7789156961305121,fixed_full,20260912,102,2163,0,deepseekv32maas,raw
0.33,1233,911,0.7789156961305121,fixed_full,20260912,102,2163,0,deepseekv32maas,raw
0.34,1233,911,0.7789156961305121,fixed_full,20260912,102,2163,0,deepseekv32maas,raw
0.35,1233,911,0.7789156961305121,fixed_full,20260912,102,2163,0,deepseekv32maas,raw
0.36,1177,866,0.7769266456375011,fixed_full,20260912,102,2163,0,deepseekv32maas,raw
0.37,1177,866,0.7769266456375011,fixed_full,20260912,102,2163,0,deepseekv32maas,raw
0.38,1177,866,0.7769266456375011,fixed_full,20260912,102,2163,0,deepseekv32maas,raw
0.39,1177,866,0.7769266456375011,fixed_full,20260912,102,2163,0,deepseekv32maas,raw
0.4,1177,866,0.7769266456375011,fixed_full,20260912,102,2163,0,deepseekv32maas,raw
0.41,725,502,0.7473436340796038,fixed_full,20260912,102,2163,0,deepseekv32maas,raw
0.42,725,502,0.7473436340796038,fixed_full,20260912,102,2163,0,deepseekv32maas,raw
0.43,725,502,0.7473436340796038,fixed_full,20260912,102,2163,0,deepseekv32maas,raw
0.44,725,502,0.7473436340796038,fixed_full,20260912,102,2163,0,deepseekv32maas,raw
0.45,725,502,0.7473436340796038,fixed_full,20260912,102,2163,0,deepseekv32maas,raw
0.46,676,464,0.743587925433232,fixed_full,20260912,102,2163,0,deepseekv32maas,raw
0.47,676,464,0.743587925433232,fixed_full,20260912,102,2163,0,deepseekv32maas,raw
0.48,676,464,0.743587925433232,fixed_full,20260912,102,2163,0,deepseekv32maas,raw
0.49,676,464,0.743587925433232,fixed_full,20260912,102,2163,0,deepseekv32maas,raw
0.5,676,464,0.743587925433232,fixed_full,20260912,102,2163,0,deepseekv32maas,raw
0.51,621,424,0.7425937731930875,fixed_full,20260912,102,2163,0,deepseekv32maas,raw
0.52,621,424,0.7425937731930875,fixed_full,20260912,102,2163,0,deepseekv32maas,raw
0.53,621,424,0.7425937731930875,fixed_full,20260912,102,2163,0,deepseekv32maas,raw
0.54,621,424,0.7425937731930875,fixed_full,20260912,102,2163,0,deepseekv32maas,raw
0.55,621,424,0.7425937731930875,fixed_full,20260912,102,2163,0,deepseekv32maas,raw
0.56,620,423,0.7421613395747874,fixed_full,20260912,102,2163,0,deepseekv32maas,raw
0.57,620,423,0.7421613395747874,fixed_full,20260912,102,2163,0,deepseekv32maas,raw
0.58,620,423,0.7421613395747874,fixed_full,20260912,102,2163,0,deepseekv32maas,raw
0.59,620,423,0.7421613395747874,fixed_full,20260912,102,2163,0,deepseekv32maas,raw
0.6,620,423,0.7421613395747874,fixed_full,20260912,102,2163,0,deepseekv32maas,raw
0.61,553,376,0.7433863278503379,fixed_full,20260912,102,2163,0,deepseekv32maas,raw
0.62,553,376,0.7433863278503379,fixed_full,20260912,102,2163,0,deepseekv32maas,raw
0.63,553,376,0.7433863278503379,fixed_full,20260912,102,2163,0,deepseekv32maas,raw
0.64,553,376,0.7433863278503379,fixed_full,20260912,102,2163,0,deepseekv32maas,raw
0.65,553,376,0.7433863278503379,fixed_full,20260912,102,2163,0,deepseekv32maas,raw
0.66,535,360,0.7378502835342691,fixed_full,20260912,102,2163,0,deepseekv32maas,raw
0.67,535,360,0.7378502835342691,fixed_full,20260912,102,2163,0,deepseekv32maas,raw
0.68,535,360,0.7378502835342691,fixed_full,20260912,102,2163,0,deepseekv32maas,raw
0.69,535,360,0.7378502835342691,fixed_full,20260912,102,2163,0,deepseekv32maas,raw
0.7,535,360,0.7378502835342691,fixed_full,20260912,102,2163,0,deepseekv32maas,raw
0.71,507,337,0.7319026902109549,fixed_full,20260912,102,2163,0,deepseekv32maas,raw
0.72,507,337,0.7319026902109549,fixed_full,20260912,102,2163,0,deepseekv32maas,raw
0.73,507,337,0.7319026902109549,fixed_full,20260912,102,2163,0,deepseekv32maas,raw
0.74,507,337,0.7319026902109549,fixed_full,20260912,102,2163,0,deepseekv32maas,raw
0.75,507,337,0.7319026902109549,fixed_full,20260912,102,2163,0,deepseekv32maas,raw
0.76,496,329,0.7313221405139072,fixed_full,20260912,102,2163,0,deepseekv32maas,raw
0.77,496,329,0.7313221405139072,fixed_full,20260912,102,2163,0,deepseekv32maas,raw
0.78,496,329,0.7313221405139072,fixed_full,20260912,102,2163,0,deepseekv32maas,raw
0.79,496,329,0.7313221405139072,fixed_full,20260912,102,2163,0,deepseekv32maas,raw
0.8,496,329,0.7313221405139072,fixed_full,20260912,102,2163,0,deepseekv32maas,raw
0.81,463,306,0.7313832590784701,fixed_full,20260912,102,2163,0,deepseekv32maas,raw
0.82,463,306,0.7313832590784701,fixed_full,20260912,102,2163,0,deepseekv32maas,raw
0.83,463,306,0.7313832590784701,fixed_full,20260912,102,2163,0,deepseekv32maas,raw
0.84,463,306,0.7313832590784701,fixed_full,20260912,102,2163,0,deepseekv32maas,raw
0.85,463,306,0.7313832590784701,fixed_full,20260912,102,2163,0,deepseekv32maas,raw
0.8571428571428571,34,15,0.7235878593893186,fixed_full,20260912,102,2163,0,deepseekv32maas,raw
0.86,34,15,0.7235878593893186,fixed_full,20260912,102,2163,0,deepseekv32maas,raw
0.87,34,15,0.7235878593893186,fixed_full,20260912,102,2163,0,deepseekv32maas,raw
0.88,34,15,0.7235878593893186,fixed_full,20260912,102,2163,0,deepseekv32maas,raw
0.89,34,15,0.7235878593893186,fixed_full,20260912,102,2163,0,deepseekv32maas,raw
0.9,34,15,0.7235878593893186,fixed_full,20260912,102,2163,0,deepseekv32maas,raw
0.91,16,5,0.7352970790659035,fixed_full,20260912,102,2163,0,deepseekv32maas,raw
0.92,16,5,0.7352970790659035,fixed_full,20260912,102,2163,0,deepseekv32maas,raw
0.93,16,5,0.7352970790659035,fixed_full,20260912,102,2163,0,deepseekv32maas,raw
0.94,16,5,0.7352970790659035,fixed_full,20260912,102,2163,0,deepseekv32maas,raw
0.95,16,5,0.7352970790659035,fixed_full,20260912,102,2163,0,deepseekv32maas,raw
0.96,0,0,1.0,fixed_full,20260912,102,2163,0,deepseekv32maas,raw
0.97,0,0,1.0,fixed_full,20260912,102,2163,0,deepseekv32maas,raw
0.98,0,0,1.0,fixed_full,20260912,102,2163,0,deepseekv32maas,raw
0.99,0,0,1.0,fixed_full,20260912,102,2163,0,deepseekv32maas,raw
1.0,0,0,1.0,fixed_full,20260912,102,2163,0,deepseekv32maas,raw
0.0,1063,866,0.8443702793489858,isotonic_grid,20260912,10,1082,1081,deepseekv32maas,raw
0.02,1050,853,0.8424093473012548,isotonic_grid,20260912,10,1082,1081,deepseekv32maas,raw
0.05,844,655,0.8119667209049826,isotonic_grid,20260912,10,1082,1081,deepseekv32maas,raw
0.1,774,587,0.7969736856282486,isotonic_grid,20260912,10,1082,1081,deepseekv32maas,raw
0.3,754,571,0.796431945741132,isotonic_grid,20260912,10,1082,1081,deepseekv32maas,raw
0.35,617,454,0.7803672730909472,isotonic_grid,20260912,10,1082,1081,deepseekv32maas,raw
0.45,382,266,0.7554550792402053,isotonic_grid,20260912,10,1082,1081,deepseekv32maas,raw
0.85,251,165,0.7328769021692725,isotonic_grid,20260912,10,1082,1081,deepseekv32maas,raw
0.9,26,11,0.6857102246163822,isotonic_grid,20260912,10,1082,1081,deepseekv32maas,raw
0.95,11,3,0.6932827052098085,isotonic_grid,20260912,10,1082,1081,deepseekv32maas,raw
0.0,1063,866,0.8520772044681861,fixed_half,20260912,102,1082,0,deepseekv32maas,raw
0.01,1063,866,0.8520772044681861,fixed_half,20260912,102,1082,0,deepseekv32maas,raw
0.02,1050,853,0.850204837273574,fixed_half,20260912,102,1082,0,deepseekv32maas,raw
0.03,915,721,0.8305335413352644,fixed_half,20260912,102,1082,0,deepseekv32maas,raw
0.04,848,659,0.82217591902789,fixed_half,20260912,102,1082,0,deepseekv32maas,raw
0.05,844,655,0.8213096616725168,fixed_half,20260912,102,1082,0,deepseekv32maas,raw
0.06,774,587,0.8070297891893734,fixed_half,20260912,102,1082,0,deepseekv32maas,raw
0.07,774,587,0.8070297891893734,fixed_half,20260912,102,1082,0,deepseekv32maas,raw
0.08,774,587,0.8070297891893734,fixed_half,20260912,102,1082,0,deepseekv32maas,raw
0.09,774,587,0.8070297891893734,fixed_half,20260912,102,1082,0,deepseekv32maas,raw
0.1,774,587,0.8070297891893734,fixed_half,20260912,102,1082,0,deepseekv32maas,raw
0.11,771,585,0.807447851796735,fixed_half,20260912,102,1082,0,deepseekv32maas,raw
0.12,771,585,0.807447851796735,fixed_half,20260912,102,1082,0,deepseekv32maas,raw
0.13,771,585,0.807447851796735,fixed_half,20260912,102,1082,0,deepseekv32maas,raw
0.14,771,585,0.807447851796735,fixed_half,20260912,102,1082,0,deepseekv32maas,raw
0.15,771,585,0.807447851796735,fixed_half,20260912,102,1082,0,deepseekv32maas,raw
0.16,769,583,0.8069316874471296,fixed_half,20260912,102,1082,0,deepseekv32maas,raw
0.17,769,583,0.8069316874471296,fixed_half,20260912,102,1082,0,deepseekv32maas,raw
0.18,769,583,0.8069316874471296,fixed_half,20260912,102,1082,0,deepseekv32maas,raw
0.19,769,583,0.8069316874471296,fixed_half,20260912,102,1082,0,deepseekv32maas,raw
0.2,769,583,0.8069316874471296,fixed_half,20260912,102,1082,0,deepseekv32maas,raw
0.21,761,576,0.8060468037174282,fixed_half,20260912,102,1082,0,deepseekv32maas,raw
0.22,761,576,0.8060468037174282,fixed_half,20260912,102,1082,0,deepseekv32maas,raw
0.23,761,576,0.8060468037174282,fixed_half,20260912,102,1082,0,deepseekv32maas,raw
0.24,761,576,0.8060468037174282,fixed_half,20260912,102,1082,0,deepseekv32maas,raw
0.25,761,576,0.8060468037174282,fixed_half,20260912,102,1082,0,deepseekv32maas,raw
0.26,754,571,0.8066270381717682,fixed_half,20260912,102,1082,0,deepseekv32maas,raw
0.27,754,571,0.8066270381717682,fixed_half,20260912,102,1082,0,deepseekv32maas,raw
0.28,754,571,0.8066270381717682,fixed_half,20260912,102,1082,0,deepseekv32maas,raw
0.29,754,571,0.8066270381717682,fixed_half,20260912,102,1082,0,deepseekv32maas,raw
0.3,754,571,0.8066270381717682,fixed_half,20260912,102,1082,0,deepseekv32maas,raw
0.31,617,454,0.7919483623399888,fixed_half,20260912,102,1082,0,deepseekv32maas,raw
0.32,617,454,0.7919483623399888,fixed_half,20260912,102,1082,0,deepseekv32maas,raw
0.33,617,454,0.7919483623399888,fixed_half,20260912,102,1082,0,deepseekv32maas,raw
0.34,617,454,0.7919483623399888,fixed_half,20260912,102,1082,0,deepseekv32maas,raw
0.35,617,454,0.7919483623399888,fixed_half,20260912,102,1082,0,deepseekv32maas,raw
0.36,591,433,0.7902148777182852,fixed_half,20260912,102,1082,0,deepseekv32maas,raw
0.37,591,433,0.7902148777182852,fixed_half,20260912,102,1082,0,deepseekv32maas,raw
0.38,591,433,0.7902148777182852,fixed_half,20260912,102,1082,0,deepseekv32maas,raw
0.39,591,433,0.7902148777182852,fixed_half,20260912,102,1082,0,deepseekv32maas,raw
0.4,591,433,0.7902148777182852,fixed_half,20260912,102,1082,0,deepseekv32maas,raw
0.41,382,266,0.7706739153070572,fixed_half,20260912,102,1082,0,deepseekv32maas,raw
0.42,382,266,0.7706739153070572,fixed_half,20260912,102,1082,0,deepseekv32maas,raw
0.43,382,266,0.7706739153070572,fixed_half,20260912,102,1082,0,deepseekv32maas,raw
0.44,382,266,0.7706739153070572,fixed_half,20260912,102,1082,0,deepseekv32maas,raw
0.45,382,266,0.7706739153070572,fixed_half,20260912,102,1082,0,deepseekv32maas,raw
0.46,358,245,0.762119790266227,fixed_half,20260912,102,1082,0,deepseekv32maas,raw
0.47,358,245,0.762119790266227,fixed_half,20260912,102,1082,0,deepseekv32maas,raw
0.48,358,245,0.762119790266227,fixed_half,20260912,102,1082,0,deepseekv32maas,raw
0.49,358,245,0.762119790266227,fixed_half,20260912,102,1082,0,deepseekv32maas,raw
0.5,358,245,0.762119790266227,fixed_half,20260912,102,1082,0,deepseekv32maas,raw
0.51,329,222,0.7565959803324709,fixed_half,20260912,102,1082,0,deepseekv32maas,raw
0.52,329,222,0.7565959803324709,fixed_half,20260912,102,1082,0,deepseekv32maas,raw
0.53,329,222,0.7565959803324709,fixed_half,20260912,102,1082,0,deepseekv32maas,raw
0.54,329,222,0.7565959803324709,fixed_half,20260912,102,1082,0,deepseekv32maas,raw
0.55,329,222,0.7565959803324709,fixed_half,20260912,102,1082,0,deepseekv32maas,raw
0.56,328,221,0.7558120113045947,fixed_half,20260912,102,1082,0,deepseekv32maas,raw
0.57,328,221,0.7558120113045947,fixed_half,20260912,102,1082,0,deepseekv32maas,raw
0.58,328,221,0.7558120113045947,fixed_half,20260912,102,1082,0,deepseekv32maas,raw
0.59,328,221,0.7558120113045947,fixed_half,20260912,102,1082,0,deepseekv32maas,raw
0.6,328,221,0.7558120113045947,fixed_half,20260912,102,1082,0,deepseekv32maas,raw
0.61,293,196,0.7559423375847012,fixed_half,20260912,102,1082,0,deepseekv32maas,raw
0.62,293,196,0.7559423375847012,fixed_half,20260912,102,1082,0,deepseekv32maas,raw
0.63,293,196,0.7559423375847012,fixed_half,20260912,102,1082,0,deepseekv32maas,raw
0.64,293,196,0.7559423375847012,fixed_half,20260912,102,1082,0,deepseekv32maas,raw
0.65,293,196,0.7559423375847012,fixed_half,20260912,102,1082,0,deepseekv32maas,raw
0.66,287,190,0.7505263327979199,fixed_half,20260912,102,1082,0,deepseekv32maas,raw
0.67,287,190,0.7505263327979199,fixed_half,20260912,102,1082,0,deepseekv32maas,raw
0.68,287,190,0.7505263327979199,fixed_half,20260912,102,1082,0,deepseekv32maas,raw
0.69,287,190,0.7505263327979199,fixed_half,20260912,102,1082,0,deepseekv32maas,raw
0.7,287,190,0.7505263327979199,fixed_half,20260912,102,1082,0,deepseekv32maas,raw
0.71,276,181,0.7465369062064395,fixed_half,20260912,102,1082,0,deepseekv32maas,raw
0.72,276,181,0.7465369062064395,fixed_half,20260912,102,1082,0,deepseekv32maas,raw
0.73,276,181,0.7465369062064395,fixed_half,20260912,102,1082,0,deepseekv32maas,raw
0.74,276,181,0.7465369062064395,fixed_half,20260912,102,1082,0,deepseekv32maas,raw
0.75,276,181,0.7465369062064395,fixed_half,20260912,102,1082,0,deepseekv32maas,raw
0.76,271,177,0.744912163838605,fixed_half,20260912,102,1082,0,deepseekv32maas,raw
0.77,271,177,0.744912163838605,fixed_half,20260912,102,1082,0,deepseekv32maas,raw
0.78,271,177,0.744912163838605,fixed_half,20260912,102,1082,0,deepseekv32maas,raw
0.79,271,177,0.744912163838605,fixed_half,20260912,102,1082,0,deepseekv32maas,raw
0.8,271,177,0.744912163838605,fixed_half,20260912,102,1082,0,deepseekv32maas,raw
0.81,251,165,0.7521341168987308,fixed_half,20260912,102,1082,0,deepseekv32maas,raw
0.82,251,165,0.7521341168987308,fixed_half,20260912,102,1082,0,deepseekv32maas,raw
0.83,251,165,0.7521341168987308,fixed_half,20260912,102,1082,0,deepseekv32maas,raw
0.84,251,165,0.7521341168987308,fixed_half,20260912,102,1082,0,deepseekv32maas,raw
0.85,251,165,0.7521341168987308,fixed_half,20260912,102,1082,0,deepseekv32maas,raw
0.8571428571428571,26,11,0.7450365107093027,fixed_half,20260912,102,1082,0,deepseekv32maas,raw
0.86,26,11,0.7450365107093027,fixed_half,20260912,102,1082,0,deepseekv32maas,raw
0.87,26,11,0.7450365107093027,fixed_half,20260912,102,1082,0,deepseekv32maas,raw
0.88,26,11,0.7450365107093027,fixed_half,20260912,102,1082,0,deepseekv32maas,raw
0.89,26,11,0.7450365107093027,fixed_half,20260912,102,1082,0,deepseekv32maas,raw
0.9,26,11,0.7450365107093027,fixed_half,20260912,102,1082,0,deepseekv32maas,raw
0.91,11,3,0.7788799480093256,fixed_half,20260912,102,1082,0,deepseekv32maas,raw
0.92,11,3,0.7788799480093256,fixed_half,20260912,102,1082,0,deepseekv32maas,raw
0.93,11,3,0.7788799480093256,fixed_half,20260912,102,1082,0,deepseekv32maas,raw
0.94,11,3,0.7788799480093256,fixed_half,20260912,102,1082,0,deepseekv32maas,raw
0.95,11,3,0.7788799480093256,fixed_half,20260912,102,1082,0,deepseekv32maas,raw
0.96,0,0,1.0,fixed_half,20260912,102,1082,0,deepseekv32maas,raw
0.97,0,0,1.0,fixed_half,20260912,102,1082,0,deepseekv32maas,raw
0.98,0,0,1.0,fixed_half,20260912,102,1082,0,deepseekv32maas,raw
0.99,0,0,1.0,fixed_half,20260912,102,1082,0,deepseekv32maas,raw
1.0,0,0,1.0,fixed_half,20260912,102,1082,0,deepseekv32maas,raw
0.0,2128,1747,0.8474067751306266,fixed_full,20260912,102,2163,0,deepseekv32maas,processed
0.01,2128,1747,0.8474067751306266,fixed_full,20260912,102,2163,0,deepseekv32maas,processed
0.02,2100,1719,0.8453398719650305,fixed_full,20260912,102,2163,0,deepseekv32maas,processed
0.03,1856,1480,0.8271702595876659,fixed_full,20260912,102,2163,0,deepseekv32maas,processed
0.04,1703,1332,0.8140986400607015,fixed_full,20260912,102,2163,0,deepseekv32maas,processed
0.05,1693,1322,0.8129787014520398,fixed_full,20260912,102,2163,0,deepseekv32maas,processed
0.06,1556,1190,0.7991843191571154,fixed_full,20260912,102,2163,0,deepseekv32maas,processed
0.07,1556,1190,0.7991843191571154,fixed_full,20260912,102,2163,0,deepseekv32maas,processed
0.08,1556,1190,0.7991843191571154,fixed_full,20260912,102,2163,0,deepseekv32maas,processed
0.09,1556,1190,0.7991843191571154,fixed_full,20260912,102,2163,0,deepseekv32maas,processed
0.1,1556,1190,0.7991843191571154,fixed_full,20260912,102,2163,0,deepseekv32maas,processed
0.11,1547,1182,0.7986001414468658,fixed_full,20260912,102,2163,0,deepseekv32maas,processed
0.12,1547,1182,0.7986001414468658,fixed_full,20260912,102,2163,0,deepseekv32maas,processed
0.13,1547,1182,0.7986001414468658,fixed_full,20260912,102,2163,0,deepseekv32maas,processed
0.14,1547,1182,0.7986001414468658,fixed_full,20260912,102,2163,0,deepseekv32maas,processed
0.15,1547,1182,0.7986001414468658,fixed_full,20260912,102,2163,0,deepseekv32maas,processed
0.16,1543,1179,0.7986778161159961,fixed_full,20260912,102,2163,0,deepseekv32maas,processed
0.17,1543,1179,0.7986778161159961,fixed_full,20260912,102,2163,0,deepseekv32maas,processed
0.18,1543,1179,0.7986778161159961,fixed_full,20260912,102,2163,0,deepseekv32maas,processed
0.19,1543,1179,0.7986778161159961,fixed_full,20260912,102,2163,0,deepseekv32maas,processed
0.2,1543,1179,0.7986778161159961,fixed_full,20260912,102,2163,0,deepseekv32maas,processed
0.21,1521,1158,0.796321351773142,fixed_full,20260912,102,2163,0,deepseekv32maas,processed
0.22,1521,1158,0.796321351773142,fixed_full,20260912,102,2163,0,deepseekv32maas,processed
0.23,1521,1158,0.796321351773142,fixed_full,20260912,102,2163,0,deepseekv32maas,processed
0.24,1521,1158,0.796321351773142,fixed_full,20260912,102,2163,0,deepseekv32maas,processed
0.25,1521,1158,0.796321351773142,fixed_full,20260912,102,2163,0,deepseekv32maas,processed
0.26,1511,1149,0.7955676114093295,fixed_full,20260912,102,2163,0,deepseekv32maas,processed
0.27,1511,1149,0.7955676114093295,fixed_full,20260912,102,2163,0,deepseekv32maas,processed
0.28,1511,1149,0.7955676114093295,fixed_full,20260912,102,2163,0,deepseekv32maas,processed
0.29,1511,1149,0.7955676114093295,fixed_full,20260912,102,2163,0,deepseekv32maas,processed
0.3,1511,1149,0.7955676114093295,fixed_full,20260912,102,2163,0,deepseekv32maas,processed
0.31,1237,911,0.7765989421382787,fixed_full,20260912,102,2163,0,deepseekv32maas,processed
0.32,1237,911,0.7765989421382787,fixed_full,20260912,102,2163,0,deepseekv32maas,processed
0.33,1237,911,0.7765989421382787,fixed_full,20260912,102,2163,0,deepseekv32maas,processed
0.34,1237,911,0.7765989421382787,fixed_full,20260912,102,2163,0,deepseekv32maas,processed
0.35,1237,911,0.7765989421382787,fixed_full,20260912,102,2163,0,deepseekv32maas,processed
0.36,1181,866,0.7745095787302152,fixed_full,20260912,102,2163,0,deepseekv32maas,processed
0.37,1181,866,0.7745095787302152,fixed_full,20260912,102,2163,0,deepseekv32maas,processed
0.38,1181,866,0.7745095787302152,fixed_full,20260912,102,2163,0,deepseekv32maas,processed
0.39,1181,866,0.7745095787302152,fixed_full,20260912,102,2163,0,deepseekv32maas,processed
0.4,1181,866,0.7745095787302152,fixed_full,20260912,102,2163,0,deepseekv32maas,processed
0.41,735,503,0.7394004275551724,fixed_full,20260912,102,2163,0,deepseekv32maas,processed
0.42,735,503,0.7394004275551724,fixed_full,20260912,102,2163,0,deepseekv32maas,processed
0.43,735,503,0.7394004275551724,fixed_full,20260912,102,2163,0,deepseekv32maas,processed
0.44,735,503,0.7394004275551724,fixed_full,20260912,102,2163,0,deepseekv32maas,processed
0.45,735,503,0.7394004275551724,fixed_full,20260912,102,2163,0,deepseekv32maas,processed
0.46,687,466,0.7355489936418198,fixed_full,20260912,102,2163,0,deepseekv32maas,processed
0.47,687,466,0.7355489936418198,fixed_full,20260912,102,2163,0,deepseekv32maas,processed
0.48,687,466,0.7355489936418198,fixed_full,20260912,102,2163,0,deepseekv32maas,processed
0.49,687,466,0.7355489936418198,fixed_full,20260912,102,2163,0,deepseekv32maas,processed
0.5,687,466,0.7355489936418198,fixed_full,20260912,102,2163,0,deepseekv32maas,processed
0.51,632,426,0.7339079526580128,fixed_full,20260912,102,2163,0,deepseekv32maas,processed
0.52,632,426,0.7339079526580128,fixed_full,20260912,102,2163,0,deepseekv32maas,processed
0.53,632,426,0.7339079526580128,fixed_full,20260912,102,2163,0,deepseekv32maas,processed
0.54,632,426,0.7339079526580128,fixed_full,20260912,102,2163,0,deepseekv32maas,processed
0.55,632,426,0.7339079526580128,fixed_full,20260912,102,2163,0,deepseekv32maas,processed
0.56,629,425,0.7355722202015467,fixed_full,20260912,102,2163,0,deepseekv32maas,processed
0.57,629,425,0.7355722202015467,fixed_full,20260912,102,2163,0,deepseekv32maas,processed
0.58,629,425,0.7355722202015467,fixed_full,20260912,102,2163,0,deepseekv32maas,processed
0.59,629,425,0.7355722202015467,fixed_full,20260912,102,2163,0,deepseekv32maas,processed
0.6,629,425,0.7355722202015467,fixed_full,20260912,102,2163,0,deepseekv32maas,processed
0.61,562,378,0.7360446907682792,fixed_full,20260912,102,2163,0,deepseekv32maas,processed
0.62,562,378,0.7360446907682792,fixed_full,20260912,102,2163,0,deepseekv32maas,processed
0.63,562,378,0.7360446907682792,fixed_full,20260912,102,2163,0,deepseekv32maas,processed
0.64,562,378,0.7360446907682792,fixed_full,20260912,102,2163,0,deepseekv32maas,processed
0.65,562,378,0.7360446907682792,fixed_full,20260912,102,2163,0,deepseekv32maas,processed
0.66,543,361,0.7298340936103049,fixed_full,20260912,102,2163,0,deepseekv32maas,processed
0.67,543,361,0.7298340936103049,fixed_full,20260912,102,2163,0,deepseekv32maas,processed
0.68,543,361,0.7298340936103049,fixed_full,20260912,102,2163,0,deepseekv32maas,processed
0.69,543,361,0.7298340936103049,fixed_full,20260912,102,2163,0,deepseekv32maas,processed
0.7,543,361,0.7298340936103049,fixed_full,20260912,102,2163,0,deepseekv32maas,processed
0.71,513,337,0.7242441015581742,fixed_full,20260912,102,2163,0,deepseekv32maas,processed
0.72,513,337,0.7242441015581742,fixed_full,20260912,102,2163,0,deepseekv32maas,processed
0.73,513,337,0.7242441015581742,fixed_full,20260912,102,2163,0,deepseekv32maas,processed
0.74,513,337,0.7242441015581742,fixed_full,20260912,102,2163,0,deepseekv32maas,processed
0.75,513,337,0.7242441015581742,fixed_full,20260912,102,2163,0,deepseekv32maas,processed
0.76,502,329,0.7235093943216745,fixed_full,20260912,102,2163,0,deepseekv32maas,processed
0.77,502,329,0.7235093943216745,fixed_full,20260912,102,2163,0,deepseekv32maas,processed
0.78,502,329,0.7235093943216745,fixed_full,20260912,102,2163,0,deepseekv32maas,processed
0.79,502,329,0.7235093943216745,fixed_full,20260912,102,2163,0,deepseekv32maas,processed
0.8,501,329,0.7248006972045775,fixed_full,20260912,102,2163,0,deepseekv32maas,processed
0.81,468,306,0.7244264217252625,fixed_full,20260912,102,2163,0,deepseekv32maas,processed
0.82,468,306,0.7244264217252625,fixed_full,20260912,102,2163,0,deepseekv32maas,processed
0.83,468,306,0.7244264217252625,fixed_full,20260912,102,2163,0,deepseekv32maas,processed
0.84,468,306,0.7244264217252625,fixed_full,20260912,102,2163,0,deepseekv32maas,processed
0.85,468,306,0.7244264217252625,fixed_full,20260912,102,2163,0,deepseekv32maas,processed
0.8571428571428571,44,15,0.5986091215694572,fixed_full,20260912,102,2163,0,deepseekv32maas,processed
0.86,44,15,0.5986091215694572,fixed_full,20260912,102,2163,0,deepseekv32maas,processed
0.87,44,15,0.5986091215694572,fixed_full,20260912,102,2163,0,deepseekv32maas,processed
0.88,44,15,0.5986091215694572,fixed_full,20260912,102,2163,0,deepseekv32maas,processed
0.89,44,15,0.5986091215694572,fixed_full,20260912,102,2163,0,deepseekv32maas,processed
0.9,44,15,0.5986091215694572,fixed_full,20260912,102,2163,0,deepseekv32maas,processed
0.91,23,5,0.5772994531240889,fixed_full,20260912,102,2163,0,deepseekv32maas,processed
0.92,23,5,0.5772994531240889,fixed_full,20260912,102,2163,0,deepseekv32maas,processed
0.93,23,5,0.5772994531240889,fixed_full,20260912,102,2163,0,deepseekv32maas,processed
0.94,23,5,0.5772994531240889,fixed_full,20260912,102,2163,0,deepseekv32maas,processed
0.95,22,5,0.5960357323975809,fixed_full,20260912,102,2163,0,deepseekv32maas,processed
0.96,0,0,1.0,fixed_full,20260912,102,2163,0,deepseekv32maas,processed
0.97,0,0,1.0,fixed_full,20260912,102,2163,0,deepseekv32maas,processed
0.98,0,0,1.0,fixed_full,20260912,102,2163,0,deepseekv32maas,processed
0.99,0,0,1.0,fixed_full,20260912,102,2163,0,deepseekv32maas,processed
1.0,0,0,1.0,fixed_full,20260912,102,2163,0,deepseekv32maas,processed
0.0,1063,866,0.8435211768223059,isotonic_grid,20260912,8,1082,1081,deepseekv32maas,processed
0.02,1050,853,0.8415505450066884,isotonic_grid,20260912,8,1082,1081,deepseekv32maas,processed
0.05,844,655,0.8109381887347739,isotonic_grid,20260912,8,1082,1081,deepseekv32maas,processed
0.3,755,571,0.7943428748709982,isotonic_grid,20260912,8,1082,1081,deepseekv32maas,processed
0.35,618,454,0.7779399186150294,isotonic_grid,20260912,8,1082,1081,deepseekv32maas,processed
0.45,386,266,0.7467365172253251,isotonic_grid,20260912,8,1082,1081,deepseekv32maas,processed
0.85,255,165,0.7205706025990772,isotonic_grid,20260912,8,1082,1081,deepseekv32maas,processed
0.9,32,11,0.5786972702254041,isotonic_grid,20260912,8,1082,1081,deepseekv32maas,processed
0.0,1063,866,0.8520772044681861,fixed_half,20260912,102,1082,0,deepseekv32maas,processed
0.01,1063,866,0.8520772044681861,fixed_half,20260912,102,1082,0,deepseekv32maas,processed
0.02,1050,853,0.850204837273574,fixed_half,20260912,102,1082,0,deepseekv32maas,processed
0.03,916,722,0.8307233296765333,fixed_half,20260912,102,1082,0,deepseekv32maas,processed
0.04,849,660,0.8223911704640432,fixed_half,20260912,102,1082,0,deepseekv32maas,processed
0.05,844,655,0.8213096616725168,fixed_half,20260912,102,1082,0,deepseekv32maas,processed
0.06,775,588,0.8072863913534927,fixed_half,20260912,102,1082,0,deepseekv32maas,processed
0.07,775,588,0.8072863913534927,fixed_half,20260912,102,1082,0,deepseekv32maas,processed
0.08,775,588,0.8072863913534927,fixed_half,20260912,102,1082,0,deepseekv32maas,processed
0.09,775,588,0.8072863913534927,fixed_half,20260912,102,1082,0,deepseekv32maas,processed
0.1,775,588,0.8072863913534927,fixed_half,20260912,102,1082,0,deepseekv32maas,processed
0.11,773,586,0.8067725013889684,fixed_half,20260912,102,1082,0,deepseekv32maas,processed
0.12,773,586,0.8067725013889684,fixed_half,20260912,102,1082,0,deepseekv32maas,processed
0.13,773,586,0.8067725013889684,fixed_half,20260912,102,1082,0,deepseekv32maas,processed
0.14,773,586,0.8067725013889684,fixed_half,20260912,102,1082,0,deepseekv32maas,processed
0.15,773,586,0.8067725013889684,fixed_half,20260912,102,1082,0,deepseekv32maas,processed
0.16,769,583,0.8069316874471296,fixed_half,20260912,102,1082,0,deepseekv32maas,processed
0.17,769,583,0.8069316874471296,fixed_half,20260912,102,1082,0,deepseekv32maas,processed
0.18,769,583,0.8069316874471296,fixed_half,20260912,102,1082,0,deepseekv32maas,processed
0.19,769,583,0.8069316874471296,fixed_half,20260912,102,1082,0,deepseekv32maas,processed
0.2,769,583,0.8069316874471296,fixed_half,20260912,102,1082,0,deepseekv32maas,processed
0.21,761,576,0.8060468037174282,fixed_half,20260912,102,1082,0,deepseekv32maas,processed
0.22,761,576,0.8060468037174282,fixed_half,20260912,102,1082,0,deepseekv32maas,processed
0.23,761,576,0.8060468037174282,fixed_half,20260912,102,1082,0,deepseekv32maas,processed
0.24,761,576,0.8060468037174282,fixed_half,20260912,102,1082,0,deepseekv32maas,processed
0.25,761,576,0.8060468037174282,fixed_half,20260912,102,1082,0,deepseekv32maas,processed
0.26,755,571,0.8056745311329045,fixed_half,20260912,102,1082,0,deepseekv32maas,processed
0.27,755,571,0.8056745311329045,fixed_half,20260912,102,1082,0,deepseekv32maas,processed
0.28,755,571,0.8056745311329045,fixed_half,20260912,102,1082,0,deepseekv32maas,processed
0.29,755,571,0.8056745311329045,fixed_half,20260912,102,1082,0,deepseekv32maas,processed
0.3,755,571,0.8056745311329045,fixed_half,20260912,102,1082,0,deepseekv32maas,processed
0.31,618,454,0.7908126120861667,fixed_half,20260912,102,1082,0,deepseekv32maas,processed
0.32,618,454,0.7908126120861667,fixed_half,20260912,102,1082,0,deepseekv32maas,processed
0.33,618,454,0.7908126120861667,fixed_half,20260912,102,1082,0,deepseekv32maas,processed
0.34,618,454,0.7908126120861667,fixed_half,20260912,102,1082,0,deepseekv32maas,processed
0.35,618,454,0.7908126120861667,fixed_half,20260912,102,1082,0,deepseekv32maas,processed
0.36,592,433,0.7890340097153683,fixed_half,20260912,102,1082,0,deepseekv32maas,processed
0.37,592,433,0.7890340097153683,fixed_half,20260912,102,1082,0,deepseekv32maas,processed
0.38,592,433,0.7890340097153683,fixed_half,20260912,102,1082,0,deepseekv32maas,processed
0.39,592,433,0.7890340097153683,fixed_half,20260912,102,1082,0,deepseekv32maas,processed
0.4,592,433,0.7890340097153683,fixed_half,20260912,102,1082,0,deepseekv32maas,processed
0.41,386,266,0.7637333875003681,fixed_half,20260912,102,1082,0,deepseekv32maas,processed
0.42,386,266,0.7637333875003681,fixed_half,20260912,102,1082,0,deepseekv32maas,processed
0.43,386,266,0.7637333875003681,fixed_half,20260912,102,1082,0,deepseekv32maas,processed
0.44,386,266,0.7637333875003681,fixed_half,20260912,102,1082,0,deepseekv32maas,processed
0.45,386,266,0.7637333875003681,fixed_half,20260912,102,1082,0,deepseekv32maas,processed
0.46,362,245,0.7548082132564533,fixed_half,20260912,102,1082,0,deepseekv32maas,processed
0.47,362,245,0.7548082132564533,fixed_half,20260912,102,1082,0,deepseekv32maas,processed
0.48,362,245,0.7548082132564533,fixed_half,20260912,102,1082,0,deepseekv32maas,processed
0.49,362,245,0.7548082132564533,fixed_half,20260912,102,1082,0,deepseekv32maas,processed
0.5,362,245,0.7548082132564533,fixed_half,20260912,102,1082,0,deepseekv32maas,processed
0.51,333,222,0.7487318042093827,fixed_half,20260912,102,1082,0,deepseekv32maas,processed
0.52,333,222,0.7487318042093827,fixed_half,20260912,102,1082,0,deepseekv32maas,processed
0.53,333,222,0.7487318042093827,fixed_half,20260912,102,1082,0,deepseekv32maas,processed
0.54,333,222,0.7487318042093827,fixed_half,20260912,102,1082,0,deepseekv32maas,processed
0.55,333,222,0.7487318042093827,fixed_half,20260912,102,1082,0,deepseekv32maas,processed
0.56,332,221,0.7479316082533947,fixed_half,20260912,102,1082,0,deepseekv32maas,processed
0.57,332,221,0.7479316082533947,fixed_half,20260912,102,1082,0,deepseekv32maas,processed
0.58,332,221,0.7479316082533947,fixed_half,20260912,102,1082,0,deepseekv32maas,processed
0.59,332,221,0.7479316082533947,fixed_half,20260912,102,1082,0,deepseekv32maas,processed
0.6,332,221,0.7479316082533947,fixed_half,20260912,102,1082,0,deepseekv32maas,processed
0.61,297,196,0.7471971789124563,fixed_half,20260912,102,1082,0,deepseekv32maas,processed
0.62,297,196,0.7471971789124563,fixed_half,20260912,102,1082,0,deepseekv32maas,processed
0.63,297,196,0.7471971789124563,fixed_half,20260912,102,1082,0,deepseekv32maas,processed
0.64,297,196,0.7471971789124563,fixed_half,20260912,102,1082,0,deepseekv32maas,processed
0.65,297,196,0.7471971789124563,fixed_half,20260912,102,1082,0,deepseekv32maas,processed
0.66,291,190,0.7416589059207473,fixed_half,20260912,102,1082,0,deepseekv32maas,processed
0.67,291,190,0.7416589059207473,fixed_half,20260912,102,1082,0,deepseekv32maas,processed
0.68,291,190,0.7416589059207473,fixed_half,20260912,102,1082,0,deepseekv32maas,processed
0.69,291,190,0.7416589059207473,fixed_half,20260912,102,1082,0,deepseekv32maas,processed
0.7,291,190,0.7416589059207473,fixed_half,20260912,102,1082,0,deepseekv32maas,processed
0.71,280,181,0.7373803639745868,fixed_half,20260912,102,1082,0,deepseekv32maas,processed
0.72,280,181,0.7373803639745868,fixed_half,20260912,102,1082,0,deepseekv32maas,processed
0.73,280,181,0.7373803639745868,fixed_half,20260912,102,1082,0,deepseekv32maas,processed
0.74,280,181,0.7373803639745868,fixed_half,20260912,102,1082,0,deepseekv32maas,processed
0.75,280,181,0.7373803639745868,fixed_half,20260912,102,1082,0,deepseekv32maas,processed
0.76,275,177,0.7356151994303264,fixed_half,20260912,102,1082,0,deepseekv32maas,processed
0.77,275,177,0.7356151994303264,fixed_half,20260912,102,1082,0,deepseekv32maas,processed
0.78,275,177,0.7356151994303264,fixed_half,20260912,102,1082,0,deepseekv32maas,processed
0.79,275,177,0.7356151994303264,fixed_half,20260912,102,1082,0,deepseekv32maas,processed
0.8,274,177,0.7379197263817087,fixed_half,20260912,102,1082,0,deepseekv32maas,processed
0.81,255,165,0.7420919870955688,fixed_half,20260912,102,1082,0,deepseekv32maas,processed
0.82,255,165,0.7420919870955688,fixed_half,20260912,102,1082,0,deepseekv32maas,processed
0.83,255,165,0.7420919870955688,fixed_half,20260912,102,1082,0,deepseekv32maas,processed
0.84,255,165,0.7420919870955688,fixed_half,20260912,102,1082,0,deepseekv32maas,processed
0.85,255,165,0.7420919870955688,fixed_half,20260912,102,1082,0,deepseekv32maas,processed
0.8571428571428571,32,11,0.6456845024495759,fixed_half,20260912,102,1082,0,deepseekv32maas,processed
0.86,32,11,0.6456845024495759,fixed_half,20260912,102,1082,0,deepseekv32maas,processed
0.87,32,11,0.6456845024495759,fixed_half,20260912,102,1082,0,deepseekv32maas,processed
0.88,32,11,0.6456845024495759,fixed_half,20260912,102,1082,0,deepseekv32maas,processed
0.89,32,11,0.6456845024495759,fixed_half,20260912,102,1082,0,deepseekv32maas,processed
0.9,32,11,0.6456845024495759,fixed_half,20260912,102,1082,0,deepseekv32maas,processed
0.91,17,3,0.5972917975861489,fixed_half,20260912,102,1082,0,deepseekv32maas,processed
0.92,17,3,0.5972917975861489,fixed_half,20260912,102,1082,0,deepseekv32maas,processed
0.93,17,3,0.5972917975861489,fixed_half,20260912,102,1082,0,deepseekv32maas,processed
0.94,17,3,0.5972917975861489,fixed_half,20260912,102,1082,0,deepseekv32maas,processed
0.95,16,3,0.6223005885149504,fixed_half,20260912,102,1082,0,deepseekv32maas,processed
0.96,0,0,1.0,fixed_half,20260912,102,1082,0,deepseekv32maas,processed
0.97,0,0,1.0,fixed_half,20260912,102,1082,0,deepseekv32maas,processed
0.98,0,0,1.0,fixed_half,20260912,102,1082,0,deepseekv32maas,processed
0.99,0,0,1.0,fixed_half,20260912,102,1082,0,deepseekv32maas,processed
1.0,0,0,1.0,fixed_half,20260912,102,1082,0,deepseekv32maas,processed
